id_student,code_module,code_presentation,precision,recall,f1
6516,AAA,2014J,0.45,0.42857142857142855,0.4390243902439024
11391,AAA,2013J,0.2,0.3333333333333333,0.25
23698,CCC,2014J,0.0,0.0,0.0
23798,BBB,2013J,0.3,0.24,0.2666666666666666
24186,GGG,2014B,0.15,0.3,0.2
24213,DDD,2014B,0.35,0.14,0.2
24391,GGG,2013J,0.5,0.5263157894736842,0.5128205128205129
24734,AAA,2014J,0.35,0.35,0.35
25107,BBB,2013B,0.2,0.26666666666666666,0.2285714285714286
25150,EEE,2014B,0.3,0.6666666666666666,0.41379310344827586
26023,GGG,2013J,0.05,0.09090909090909091,0.06451612903225806
26192,AAA,2014J,0.2,0.4444444444444444,0.2758620689655173
26211,FFF,2014B,0.8,0.24615384615384617,0.37647058823529417
26315,BBB,2014J,0.35,0.30434782608695654,0.3255813953488372
27116,CCC,2014J,0.65,0.41935483870967744,0.5098039215686274
27189,FFF,2014B,0.15,0.17647058823529413,0.16216216216216214
27417,DDD,2013J,0.05,1.0,0.09523809523809523
27417,DDD,2014J,0.05,1.0,0.09523809523809523
27683,FFF,2014B,0.6,0.34285714285714286,0.43636363636363634
27759,BBB,2013J,0.1,0.4,0.16000000000000003
27780,EEE,2014B,0.1,0.4,0.16000000000000003
28046,DDD,2013J,0.15,0.13636363636363635,0.14285714285714282
28061,AAA,2014J,0.25,0.5555555555555556,0.3448275862068966
28400,AAA,2013J,0.5,0.5882352941176471,0.5405405405405405
28787,CCC,2014J,0.0,0.0,0.0
28897,FFF,2014B,0.2,0.08888888888888889,0.12307692307692307
29144,BBB,2013B,0.2,0.09302325581395349,0.12698412698412698
29335,FFF,2013J,0.35,0.1590909090909091,0.21875
29411,DDD,2013J,0.25,0.11363636363636363,0.15625
29420,CCC,2014J,0.05,0.058823529411764705,0.05405405405405405
29639,CCC,2014J,0.1,0.05405405405405406,0.07017543859649122
29639,EEE,2014B,0.35,0.7777777777777778,0.48275862068965514
29764,CCC,2014B,0.15,0.23076923076923078,0.18181818181818185
29769,FFF,2013J,0.0,0.0,0.0
29820,CCC,2014B,0.05,0.09090909090909091,0.06451612903225806
29820,EEE,2014B,0.25,0.5555555555555556,0.3448275862068966
29985,GGG,2014B,0.4,0.5,0.4444444444444445
30091,BBB,2013J,0.0,0.0,0.0
30096,CCC,2014J,0.05,0.08333333333333333,0.0625
30531,FFF,2014B,0.0,0.0,0.0
30850,CCC,2014J,0.0,0.0,0.0
31107,GGG,2014B,0.3,0.2857142857142857,0.2926829268292683
31161,CCC,2014J,0.05,0.047619047619047616,0.04878048780487805
31173,DDD,2013J,0.0,0.0,0.0
31296,FFF,2014J,0.2,0.17391304347826086,0.18604651162790697
31600,AAA,2014J,0.05,0.2,0.08000000000000002
31604,AAA,2013J,0.35,0.5833333333333334,0.4375
31663,BBB,2013B,0.0,0.0,0.0
31849,BBB,2013J,0.1,0.15384615384615385,0.12121212121212123
32239,GGG,2013J,0.05,0.05263157894736842,0.05128205128205128
32885,AAA,2013J,0.2,0.36363636363636365,0.25806451612903225
32930,BBB,2014J,0.5,0.47619047619047616,0.4878048780487805
33796,DDD,2014J,0.05,0.058823529411764705,0.05405405405405405
33915,FFF,2013B,0.15,0.10344827586206896,0.12244897959183673
33930,DDD,2013J,0.1,0.14285714285714285,0.11764705882352941
34087,DDD,2014J,0.15,0.25,0.18749999999999997
34229,BBB,2013B,0.05,0.1,0.06666666666666667
34353,BBB,2013B,0.05,0.3333333333333333,0.08695652173913045
34863,BBB,2013B,0.05,0.25,0.08333333333333334
35340,EEE,2014B,0.25,0.8333333333333334,0.3846153846153846
35355,EEE,2013J,0.45,0.8181818181818182,0.5806451612903226
35508,CCC,2014J,0.35,0.15217391304347827,0.21212121212121213
35508,EEE,2014B,0.4,0.8,0.5333333333333333
35544,FFF,2013B,0.05,0.023809523809523808,0.03225806451612903
35860,FFF,2013B,0.2,0.06666666666666667,0.1
36347,FFF,2014B,0.1,0.07692307692307693,0.08695652173913043
37298,FFF,2013B,0.25,0.1388888888888889,0.17857142857142858
37622,BBB,2013J,0.1,0.18181818181818182,0.12903225806451613
37652,CCC,2014J,0.05,0.0625,0.05555555555555556
38053,AAA,2013J,0.6,0.46153846153846156,0.5217391304347826
38234,BBB,2013J,0.1,1.0,0.18181818181818182
38711,BBB,2014J,0.0,0.0,0.0
39208,BBB,2014J,0.25,0.23809523809523808,0.24390243902439024
39655,BBB,2013B,0.0,0.0,0.0
39882,FFF,2014B,0.2,0.18181818181818182,0.1904761904761905
40184,DDD,2013J,0.05,0.045454545454545456,0.04761904761904762
40419,DDD,2013B,0.05,1.0,0.09523809523809523
40419,DDD,2013J,0.25,0.15151515151515152,0.18867924528301888
40563,DDD,2013J,0.05,0.125,0.07142857142857144
40604,CCC,2014B,0.1,0.25,0.14285714285714288
40878,FFF,2014J,0.25,0.15625,0.19230769230769232
41060,DDD,2013B,0.05,0.14285714285714285,0.07407407407407408
41414,GGG,2014B,0.2,0.2857142857142857,0.23529411764705882
41547,BBB,2014J,0.25,0.25,0.25
42552,FFF,2014J,0.35,0.2,0.2545454545454545
42616,FFF,2013J,0.4,0.22857142857142856,0.2909090909090909
42638,CCC,2014B,0.2,0.16666666666666666,0.1818181818181818
42638,EEE,2013J,0.25,0.35714285714285715,0.2941176470588235
42668,FFF,2013B,0.15,0.06382978723404255,0.08955223880597013
42746,CCC,2014J,0.1,0.08333333333333333,0.0909090909090909
42746,FFF,2014B,0.8,0.2222222222222222,0.3478260869565218
43273,FFF,2013B,0.65,0.325,0.43333333333333335
43284,DDD,2013B,0.1,0.13333333333333333,0.1142857142857143
43430,FFF,2013B,0.25,0.1111111111111111,0.15384615384615383
43564,EEE,2013J,0.5,0.7692307692307693,0.6060606060606061
45423,FFF,2014J,0.25,0.15151515151515152,0.18867924528301888
45462,AAA,2013J,0.1,0.15384615384615385,0.12121212121212123
45642,AAA,2013J,0.2,0.2,0.20000000000000004
45664,DDD,2013B,0.05,0.1111111111111111,0.06896551724137932
46148,FFF,2014B,0.2,0.17391304347826086,0.18604651162790697
46605,CCC,2014B,0.05,0.0625,0.05555555555555556
46753,DDD,2014B,0.0,0.0,0.0
46844,AAA,2014J,0.0,0.0,0.0
47061,EEE,2014J,0.35,0.5833333333333334,0.4375
47861,FFF,2014J,0.2,0.15384615384615385,0.17391304347826086
48040,BBB,2013J,0.35,0.1346153846153846,0.19444444444444445
48152,DDD,2013J,0.35,0.2413793103448276,0.2857142857142857
48503,BBB,2013J,0.15,0.3333333333333333,0.20689655172413793
48635,FFF,2014B,0.15,0.1,0.12
49119,CCC,2014B,0.5,0.3125,0.38461538461538464
49123,GGG,2014B,0.4,0.5,0.4444444444444445
50263,FFF,2013B,0.0,0.0,0.0
50476,DDD,2014B,0.0,0.0,0.0
50487,FFF,2013J,0.25,0.22727272727272727,0.23809523809523808
50993,BBB,2013B,0.05,0.5,0.09090909090909091
51030,DDD,2014B,0.15,0.07317073170731707,0.09836065573770492
51033,DDD,2014J,0.05,0.07142857142857142,0.058823529411764705
51153,DDD,2014J,0.1,0.10526315789473684,0.10256410256410256
51163,DDD,2013J,0.1,0.03076923076923077,0.04705882352941177
51485,FFF,2013J,0.4,0.13114754098360656,0.19753086419753088
51576,FFF,2013J,0.3,0.24,0.2666666666666666
51955,DDD,2014J,0.05,0.14285714285714285,0.07407407407407408
52014,DDD,2013B,0.0,0.0,0.0
52130,AAA,2013J,0.35,0.2916666666666667,0.31818181818181823
52702,GGG,2014J,0.0,0.0,0.0
52765,AAA,2014J,0.5,0.6666666666666666,0.5714285714285715
52797,BBB,2013J,0.25,0.3333333333333333,0.28571428571428575
52899,BBB,2013J,0.2,0.26666666666666666,0.2285714285714286
53025,AAA,2013J,0.4,0.5714285714285714,0.47058823529411764
53136,FFF,2014B,0.1,0.08,0.08888888888888889
53166,FFF,2013J,0.1,0.07407407407407407,0.0851063829787234
53300,CCC,2014J,0.0,0.0,0.0
53488,DDD,2013B,0.1,0.058823529411764705,0.07407407407407408
53632,DDD,2014J,0.0,0.0,0.0
53709,FFF,2013B,0.0,0.0,0.0
53709,FFF,2014B,0.15,0.08333333333333333,0.10714285714285714
54062,EEE,2013J,0.35,0.4666666666666667,0.4
54810,DDD,2014J,0.3,0.1016949152542373,0.1518987341772152
54882,FFF,2013J,0.05,0.3333333333333333,0.08695652173913045
55026,BBB,2013J,0.3,0.3333333333333333,0.3157894736842105
55104,AAA,2014J,0.3,0.6,0.4
55450,FFF,2013B,0.0,0.0,0.0
56637,FFF,2014J,0.3,0.16666666666666666,0.21428571428571427
56667,FFF,2014J,0.3,0.46153846153846156,0.3636363636363637
56789,BBB,2013J,0.15,0.21428571428571427,0.1764705882352941
57079,BBB,2013J,0.1,0.09090909090909091,0.09523809523809525
57227,DDD,2013J,0.2,0.13333333333333333,0.16
57285,BBB,2014J,0.1,0.4,0.16000000000000003
57340,CCC,2014B,0.05,0.0625,0.05555555555555556
57506,AAA,2013J,0.35,0.3333333333333333,0.3414634146341463
57818,DDD,2013J,0.25,0.09259259259259259,0.13513513513513514
57844,FFF,2013J,0.65,0.35135135135135137,0.456140350877193
58071,AAA,2014J,0.3,0.6666666666666666,0.41379310344827586
58316,AAA,2014J,0.15,0.25,0.18749999999999997
58549,FFF,2013B,0.0,0.0,0.0
58617,DDD,2014B,0.05,0.125,0.07142857142857144
58640,FFF,2013J,0.15,0.16666666666666666,0.15789473684210525
58653,BBB,2014J,0.2,0.4,0.26666666666666666
58731,DDD,2014J,0.05,0.041666666666666664,0.04545454545454545
58873,AAA,2013J,0.45,0.42857142857142855,0.4390243902439024
58884,FFF,2014J,0.35,0.1111111111111111,0.1686746987951807
59185,AAA,2013J,0.2,0.26666666666666666,0.2285714285714286
59272,BBB,2014J,0.35,0.3333333333333333,0.3414634146341463
59275,DDD,2013J,0.1,0.3333333333333333,0.15384615384615383
59370,DDD,2013J,0.2,0.13793103448275862,0.16326530612244897
59725,BBB,2014B,0.25,0.22727272727272727,0.23809523809523808
60135,DDD,2013B,0.05,0.2,0.08000000000000002
60162,GGG,2014J,0.35,0.2916666666666667,0.31818181818181823
60405,GGG,2013J,0.15,0.15789473684210525,0.15384615384615385
60416,BBB,2014B,0.0,0.0,0.0
60809,CCC,2014J,0.4,0.23529411764705882,0.29629629629629634
60809,EEE,2014J,0.35,0.875,0.4999999999999999
60830,BBB,2014B,0.0,0.0,0.0
61227,CCC,2014J,0.2,0.10256410256410256,0.13559322033898302
61911,DDD,2014B,0.0,0.0,0.0
62034,EEE,2014J,0.15,0.3333333333333333,0.20689655172413793
62155,AAA,2013J,0.65,0.5,0.5652173913043479
62278,CCC,2014B,0.0,0.0,0.0
62487,AAA,2014J,0.0,0.0,0.0
63015,DDD,2014J,0.1,0.125,0.11111111111111112
63112,EEE,2013J,0.15,0.5,0.23076923076923075
63165,AAA,2014J,0.15,0.3333333333333333,0.20689655172413793
63295,FFF,2013J,0.15,0.42857142857142855,0.2222222222222222
63371,CCC,2014J,0.35,0.35,0.35
63400,AAA,2013J,0.4,0.5,0.4444444444444445
63467,BBB,2014J,0.05,0.2,0.08000000000000002
63566,DDD,2013J,0.15,0.075,0.1
63721,BBB,2014B,0.0,0.0,0.0
63856,DDD,2013J,0.05,0.03125,0.038461538461538464
63949,GGG,2014J,0.2,0.5,0.28571428571428575
64275,BBB,2014B,0.0,0.0,0.0
64388,FFF,2013J,0.2,0.11428571428571428,0.14545454545454545
64427,FFF,2014J,0.4,0.12307692307692308,0.18823529411764708
64450,DDD,2014B,0.05,0.05263157894736842,0.05128205128205128
64901,GGG,2014B,0.25,0.22727272727272727,0.23809523809523808
65656,FFF,2013B,0.65,0.37142857142857144,0.4727272727272728
66254,CCC,2014B,0.05,0.2,0.08000000000000002
66451,FFF,2013J,0.3,0.2608695652173913,0.27906976744186046
66713,EEE,2013J,0.15,0.42857142857142855,0.2222222222222222
67182,GGG,2013J,0.2,0.36363636363636365,0.25806451612903225
67471,DDD,2013J,0.2,0.10256410256410256,0.13559322033898302
67505,DDD,2013J,0.0,0.0,0.0
67539,EEE,2014J,0.05,0.25,0.08333333333333334
67602,DDD,2013B,0.1,0.06666666666666667,0.08
67685,EEE,2014J,0.5,0.9090909090909091,0.6451612903225806
67781,DDD,2014B,0.6,0.19672131147540983,0.2962962962962963
67785,DDD,2013B,0.1,0.07142857142857142,0.08333333333333333
68107,FFF,2013J,0.3,0.13333333333333333,0.18461538461538463
68208,FFF,2013B,0.05,0.02,0.02857142857142857
68376,DDD,2013J,0.05,0.05555555555555555,0.052631578947368425
68417,DDD,2014J,0.2,0.14814814814814814,0.1702127659574468
69491,DDD,2013B,0.0,0.0,0.0
69703,CCC,2014B,0.0,0.0,0.0
70011,AAA,2014J,0.7,0.7,0.7
70214,EEE,2013J,0.4,0.6666666666666666,0.5
70381,CCC,2014B,0.05,0.1111111111111111,0.06896551724137932
70464,AAA,2013J,0.15,0.23076923076923078,0.18181818181818185
70495,CCC,2014J,0.0,0.0,0.0
70495,FFF,2013J,0.2,0.09090909090909091,0.12500000000000003
70537,EEE,2014B,0.35,0.5833333333333334,0.4375
70569,BBB,2014J,0.1,0.08695652173913043,0.09302325581395349
70608,BBB,2013B,0.1,0.4,0.16000000000000003
71159,FFF,2014J,0.35,0.1794871794871795,0.23728813559322035
71209,DDD,2013J,0.1,0.15384615384615385,0.12121212121212123
71252,FFF,2013J,0.65,0.2653061224489796,0.3768115942028986
71361,AAA,2013J,0.4,0.42105263157894735,0.41025641025641024
71504,BBB,2014J,0.4,0.36363636363636365,0.380952380952381
71578,FFF,2013B,0.25,0.21739130434782608,0.23255813953488372
71676,DDD,2014J,0.25,0.1282051282051282,0.1694915254237288
71723,CCC,2014J,0.0,0.0,0.0
72114,FFF,2014B,0.45,0.14754098360655737,0.22222222222222224
72400,BBB,2014B,0.1,0.08333333333333333,0.0909090909090909
72609,CCC,2014J,0.15,0.08823529411764706,0.11111111111111112
72693,FFF,2013B,0.15,0.07142857142857142,0.09677419354838708
72864,FFF,2013J,0.2,0.10810810810810811,0.14035087719298245
73019,DDD,2014J,0.05,0.5,0.09090909090909091
73489,BBB,2013J,0.1,0.1111111111111111,0.10526315789473685
74113,FFF,2013B,0.0,0.0,0.0
74165,FFF,2014J,0.35,0.35,0.35
74372,AAA,2013J,0.15,0.6,0.24
74502,DDD,2013J,0.2,0.16666666666666666,0.1818181818181818
74521,FFF,2014B,0.45,0.2647058823529412,0.33333333333333337
74585,BBB,2013J,0.15,0.16666666666666666,0.15789473684210525
74695,BBB,2013B,0.05,0.05263157894736842,0.05128205128205128
74734,BBB,2013B,0.0,0.0,0.0
75091,AAA,2013J,0.45,0.47368421052631576,0.46153846153846156
75107,FFF,2014J,0.6,0.16,0.25263157894736843
75255,AAA,2014J,0.2,0.4,0.26666666666666666
75399,BBB,2013B,0.1,0.11764705882352941,0.1081081081081081
75427,DDD,2014J,0.1,0.08333333333333333,0.0909090909090909
75454,CCC,2014B,0.15,0.14285714285714285,0.14634146341463414
76081,DDD,2014J,0.15,0.17647058823529413,0.16216216216216214
76579,EEE,2014J,0.4,0.5714285714285714,0.47058823529411764
76949,CCC,2014J,0.4,0.17391304347826086,0.24242424242424243
77367,AAA,2013J,0.05,0.1111111111111111,0.06896551724137932
77692,FFF,2014J,0.4,0.21621621621621623,0.2807017543859649
77744,FFF,2013J,0.25,0.2777777777777778,0.2631578947368421
77763,DDD,2013B,0.05,0.03125,0.038461538461538464
77995,FFF,2014J,0.0,0.0,0.0
77998,FFF,2013B,0.15,0.5,0.23076923076923075
77998,FFF,2014B,0.5,0.20408163265306123,0.2898550724637681
78170,DDD,2013J,0.15,0.1875,0.16666666666666663
78645,BBB,2013B,0.0,0.0,0.0
79261,FFF,2013J,0.55,0.22448979591836735,0.3188405797101449
79403,AAA,2014J,0.1,0.6666666666666666,0.1739130434782609
79461,CCC,2014B,0.2,0.25,0.22222222222222224
79610,FFF,2014J,0.0,0.0,0.0
80329,CCC,2014J,0.35,0.28,0.3111111111111111
80329,DDD,2014J,0.1,0.1,0.10000000000000002
80358,EEE,2014J,0.4,0.5,0.4444444444444445
80438,FFF,2014J,0.3,0.17647058823529413,0.22222222222222224
80448,GGG,2013J,0.4,0.5333333333333333,0.4571428571428572
80491,CCC,2014J,0.0,0.0,0.0
80717,BBB,2013J,0.6,0.3333333333333333,0.42857142857142855
80745,FFF,2013B,0.1,0.16666666666666666,0.125
80775,DDD,2014J,0.1,0.08333333333333333,0.0909090909090909
80868,CCC,2014J,0.25,0.14705882352941177,0.18518518518518517
80868,DDD,2013J,0.05,0.02631578947368421,0.034482758620689655
81351,DDD,2013B,0.15,0.13043478260869565,0.13953488372093023
82341,GGG,2013J,0.2,0.2857142857142857,0.23529411764705882
82535,BBB,2013B,0.0,0.0,0.0
82575,CCC,2014B,0.0,0.0,0.0
82741,BBB,2013B,0.3,0.24,0.2666666666666666
82817,FFF,2013B,0.3,0.1875,0.23076923076923075
83219,CCC,2014B,0.0,0.0,0.0
83219,EEE,2014B,0.2,0.5714285714285714,0.29629629629629634
83254,BBB,2013B,0.2,0.07547169811320754,0.10958904109589042
83603,FFF,2014B,0.15,0.13043478260869565,0.13953488372093023
84051,FFF,2013B,0.0,0.0,0.0
84245,BBB,2013B,0.05,0.1111111111111111,0.06896551724137932
84299,FFF,2014B,0.5,0.3333333333333333,0.4
84576,DDD,2014B,0.2,0.11764705882352941,0.14814814814814817
84604,FFF,2014J,0.5,0.2631578947368421,0.3448275862068966
84605,DDD,2014B,0.05,0.25,0.08333333333333334
84664,BBB,2013B,0.0,0.0,0.0
84812,BBB,2013J,0.1,0.25,0.14285714285714288
85092,AAA,2014J,0.2,0.2222222222222222,0.2105263157894737
85144,AAA,2014J,0.1,0.2222222222222222,0.13793103448275865
85302,AAA,2014J,0.35,0.4375,0.38888888888888884
86047,DDD,2013B,0.15,0.17647058823529413,0.16216216216216214
86291,BBB,2013J,0.1,0.4,0.16000000000000003
86669,FFF,2013J,0.15,0.1875,0.16666666666666663
87107,DDD,2013B,0.05,0.037037037037037035,0.0425531914893617
87152,FFF,2013B,0.05,0.037037037037037035,0.0425531914893617
87264,FFF,2014J,0.25,0.06756756756756757,0.10638297872340427
87322,FFF,2014J,0.5,0.2564102564102564,0.3389830508474576
87431,AAA,2014J,0.25,0.45454545454545453,0.3225806451612903
87732,BBB,2013B,0.1,0.2,0.13333333333333333
87929,GGG,2013J,0.05,0.1111111111111111,0.06896551724137932
88439,DDD,2014J,0.2,0.13793103448275862,0.16326530612244897
88490,DDD,2014B,0.15,0.075,0.1
88568,EEE,2013J,0.45,0.6923076923076923,0.5454545454545455
88781,FFF,2013J,0.05,0.16666666666666666,0.07692307692307691
88910,DDD,2014B,0.05,0.1,0.06666666666666667
89051,DDD,2013B,0.1,0.08695652173913043,0.09302325581395349
89092,BBB,2014B,0.0,0.0,0.0
89188,DDD,2013J,0.3,0.15,0.2
89545,EEE,2014J,0.15,0.3333333333333333,0.20689655172413793
89727,DDD,2013J,0.1,0.5,0.16666666666666669
89778,BBB,2014B,0.15,0.2727272727272727,0.19354838709677416
89850,BBB,2014J,0.25,0.3333333333333333,0.28571428571428575
89895,FFF,2013B,0.15,0.058823529411764705,0.08450704225352114
89904,DDD,2014B,0.0,0.0,0.0
90243,BBB,2013J,0.15,0.3333333333333333,0.20689655172413793
90361,BBB,2014B,0.05,0.25,0.08333333333333334
90537,DDD,2014B,0.15,0.125,0.13636363636363635
90901,FFF,2013J,0.15,0.09375,0.11538461538461538
91265,AAA,2013J,0.35,0.4117647058823529,0.37837837837837834
91322,BBB,2013B,0.3,0.4,0.34285714285714286
91470,DDD,2014J,0.05,0.02702702702702703,0.03508771929824561
92775,DDD,2013B,0.0,0.0,0.0
92832,BBB,2013B,0.0,0.0,0.0
92947,BBB,2013B,0.0,0.0,0.0
92993,BBB,2013B,0.0,0.0,0.0
94484,CCC,2014B,0.05,0.058823529411764705,0.05405405405405405
94616,BBB,2013B,0.05,0.25,0.08333333333333334
94961,AAA,2014J,0.05,0.1,0.06666666666666667
95356,DDD,2013B,0.0,0.0,0.0
95746,FFF,2013J,0.45,0.25,0.32142857142857145
95906,CCC,2014B,0.35,0.30434782608695654,0.3255813953488372
96117,GGG,2013J,0.4,0.42105263157894735,0.41025641025641024
96423,GGG,2014B,0.15,0.21428571428571427,0.1764705882352941
96592,DDD,2013B,0.15,0.08108108108108109,0.10526315789473685
96729,FFF,2013B,0.1,0.06896551724137931,0.08163265306122448
97006,BBB,2014B,0.1,0.25,0.14285714285714288
97154,BBB,2013B,0.2,0.11764705882352941,0.14814814814814817
97567,BBB,2013J,0.2,0.25,0.22222222222222224
98094,AAA,2013J,0.5,1.0,0.6666666666666666
98268,BBB,2013J,0.2,0.6666666666666666,0.30769230769230765
98313,BBB,2013B,0.2,0.26666666666666666,0.2285714285714286
98720,BBB,2013J,0.05,0.2,0.08000000000000002
98842,BBB,2014J,0.2,0.26666666666666666,0.2285714285714286
99075,DDD,2014J,0.0,0.0,0.0
99670,FFF,2014B,0.05,0.06666666666666667,0.05714285714285715
99799,BBB,2014B,0.05,0.3333333333333333,0.08695652173913045
99993,FFF,2013B,0.1,0.08333333333333333,0.0909090909090909
100064,FFF,2013J,0.5,0.17857142857142858,0.2631578947368421
100561,DDD,2014J,0.1,0.09090909090909091,0.09523809523809525
100788,CCC,2014J,0.1,0.16666666666666666,0.125
100788,FFF,2013J,0.3,0.09523809523809523,0.14457831325301204
100893,AAA,2013J,0.1,0.2222222222222222,0.13793103448275865
101116,AAA,2014J,0.1,0.2857142857142857,0.14814814814814817
101217,FFF,2014J,0.05,0.25,0.08333333333333334
101420,FFF,2013J,0.25,0.07575757575757576,0.11627906976744187
101781,AAA,2013J,0.7,0.7,0.7
102028,FFF,2013J,0.55,0.1527777777777778,0.2391304347826087
102221,DDD,2014J,0.1,0.1111111111111111,0.10526315789473685
102343,FFF,2013J,0.15,0.16666666666666666,0.15789473684210525
102806,AAA,2013J,0.3,0.3157894736842105,0.3076923076923077
102850,DDD,2013J,0.2,0.11428571428571428,0.14545454545454545
102854,FFF,2014J,0.25,0.13157894736842105,0.1724137931034483
102952,AAA,2013J,0.35,0.3181818181818182,0.3333333333333333
103496,BBB,2014J,0.2,0.36363636363636365,0.25806451612903225
103535,BBB,2014B,0.0,0.0,0.0
103800,DDD,2013J,0.05,0.1,0.06666666666666667
103904,DDD,2013B,0.15,0.125,0.13636363636363635
104054,BBB,2013B,0.05,0.14285714285714285,0.07407407407407408
104213,FFF,2013J,0.05,0.05263157894736842,0.05128205128205128
104316,FFF,2014B,0.0,0.0,0.0
104476,AAA,2013J,0.55,0.5789473684210527,0.5641025641025641
104480,CCC,2014J,0.0,0.0,0.0
104643,DDD,2013J,0.15,0.06521739130434782,0.09090909090909091
105168,CCC,2014J,0.0,0.0,0.0
105413,CCC,2014J,0.1,0.04,0.05714285714285714
105523,CCC,2014B,0.1,0.125,0.11111111111111112
105523,DDD,2013J,0.05,0.05555555555555555,0.052631578947368425
105527,BBB,2013J,0.2,0.19047619047619047,0.1951219512195122
105629,FFF,2013J,0.35,0.1590909090909091,0.21875
105851,BBB,2013J,0.1,0.18181818181818182,0.12903225806451613
105883,BBB,2013J,0.1,0.16666666666666666,0.125
105939,FFF,2014J,0.25,0.16666666666666666,0.2
106095,BBB,2014J,0.4,0.38095238095238093,0.3902439024390244
106553,DDD,2014J,0.1,0.1111111111111111,0.10526315789473685
106577,AAA,2013J,0.2,0.26666666666666666,0.2285714285714286
106588,BBB,2013J,0.15,0.14285714285714285,0.14634146341463414
106793,BBB,2014J,0.0,0.0,0.0
107028,FFF,2013J,0.0,0.0,0.0
107084,FFF,2013J,0.8,0.32,0.45714285714285713
107162,FFF,2013B,0.3,0.13043478260869565,0.18181818181818182
107339,CCC,2014B,0.1,0.06896551724137931,0.08163265306122448
107339,EEE,2013J,0.35,0.7777777777777778,0.48275862068965514
107455,FFF,2014J,0.1,0.15384615384615385,0.12121212121212123
107489,AAA,2014J,0.55,0.7333333333333333,0.6285714285714286
108118,BBB,2013J,0.15,0.2,0.17142857142857143
108207,FFF,2014B,0.1,0.09523809523809523,0.0975609756097561
108281,EEE,2014J,0.4,0.8888888888888888,0.5517241379310346
108330,FFF,2013B,0.0,0.0,0.0
108377,BBB,2013B,0.15,0.42857142857142855,0.2222222222222222
108497,EEE,2014J,0.3,0.75,0.4285714285714285
108589,BBB,2013B,0.1,0.4,0.16000000000000003
108760,BBB,2013J,0.05,0.2,0.08000000000000002
108799,BBB,2014B,0.0,0.0,0.0
108822,FFF,2014B,0.35,0.20588235294117646,0.25925925925925924
108834,CCC,2014B,0.0,0.0,0.0
108859,BBB,2014J,0.25,0.2777777777777778,0.2631578947368421
108872,AAA,2014J,0.35,0.4666666666666667,0.4
108949,FFF,2014J,0.0,0.0,0.0
109155,AAA,2014J,0.4,0.8,0.5333333333333333
109372,BBB,2013J,0.1,0.125,0.11111111111111112
109441,BBB,2014J,0.25,0.3125,0.2777777777777778
109577,CCC,2014J,0.0,0.0,0.0
109577,FFF,2014J,0.55,0.3055555555555556,0.39285714285714285
109772,GGG,2014B,0.0,0.0,0.0
109938,BBB,2013B,0.1,0.14285714285714285,0.11764705882352941
110085,FFF,2013B,0.25,0.125,0.16666666666666666
110116,FFF,2013B,0.15,0.125,0.13636363636363635
110175,AAA,2013J,0.25,0.3125,0.2777777777777778
110524,DDD,2014J,0.1,0.05555555555555555,0.07142857142857142
110640,DDD,2014J,0.2,0.13333333333333333,0.16
110789,EEE,2014J,0.15,0.16666666666666666,0.15789473684210525
110881,BBB,2013B,0.05,0.3333333333333333,0.08695652173913045
110881,FFF,2013J,0.05,0.041666666666666664,0.04545454545454545
110911,BBB,2014J,0.1,0.4,0.16000000000000003
111360,DDD,2013J,0.1,0.09523809523809523,0.0975609756097561
111717,AAA,2013J,0.45,0.5625,0.5
111775,FFF,2013B,0.15,0.17647058823529413,0.16216216216216214
111926,DDD,2013J,0.05,0.3333333333333333,0.08695652173913045
111926,DDD,2014J,0.1,0.4,0.16000000000000003
111942,BBB,2013J,0.3,0.1276595744680851,0.17910447761194026
112245,DDD,2013B,0.25,0.18518518518518517,0.2127659574468085
112441,GGG,2014B,0.4,0.4,0.4000000000000001
112454,CCC,2014J,0.35,0.2,0.2545454545454545
113295,AAA,2013J,0.65,0.65,0.65
113565,FFF,2013J,0.4,0.23529411764705882,0.29629629629629634
113824,EEE,2013J,0.05,0.3333333333333333,0.08695652173913045
114017,AAA,2013J,0.1,0.25,0.14285714285714288
114367,CCC,2014J,0.05,0.045454545454545456,0.04761904761904762
114402,BBB,2014J,0.1,0.18181818181818182,0.12903225806451613
114500,FFF,2013J,0.1,0.05263157894736842,0.06896551724137931
114558,DDD,2013J,0.25,0.1282051282051282,0.1694915254237288
114999,AAA,2013J,0.55,0.4074074074074074,0.46808510638297873
115373,FFF,2013B,0.0,0.0,0.0
115452,BBB,2014B,0.0,0.0,0.0
116319,GGG,2014B,0.25,0.35714285714285715,0.2941176470588235
116518,CCC,2014B,0.0,0.0,0.0
116529,FFF,2014J,0.0,0.0,0.0
116541,AAA,2013J,0.6,0.48,0.5333333333333332
116603,BBB,2013B,0.1,0.11764705882352941,0.1081081081081081
116606,BBB,2014J,0.05,0.3333333333333333,0.08695652173913045
116621,FFF,2014B,0.05,0.06666666666666667,0.05714285714285715
116692,AAA,2013J,0.3,0.6,0.4
116808,FFF,2013J,0.75,0.15151515151515152,0.2521008403361345
117197,EEE,2013J,0.15,0.3333333333333333,0.20689655172413793
117232,CCC,2014B,0.1,0.1,0.10000000000000002
117232,FFF,2013J,0.15,0.11538461538461539,0.13043478260869565
117281,DDD,2014B,0.1,0.06896551724137931,0.08163265306122448
117435,DDD,2013B,0.0,0.0,0.0
117510,FFF,2014B,0.5,0.17857142857142858,0.2631578947368421
117544,BBB,2014J,0.3,0.2727272727272727,0.28571428571428564
117699,BBB,2014B,0.0,0.0,0.0
117818,AAA,2014J,0.4,0.5,0.4444444444444445
118050,FFF,2013J,0.25,0.25,0.25
118098,CCC,2014B,0.0,0.0,0.0
118213,BBB,2014J,0.0,0.0,0.0
118474,GGG,2014B,0.3,0.5454545454545454,0.3870967741935483
118479,DDD,2014B,0.45,0.2571428571428571,0.32727272727272727
118532,FFF,2013B,0.15,0.13043478260869565,0.13953488372093023
118668,FFF,2013B,0.2,0.2,0.20000000000000004
118983,AAA,2013J,0.05,0.14285714285714285,0.07407407407407408
119310,FFF,2014J,0.15,0.08333333333333333,0.10714285714285714
119353,FFF,2013B,0.1,0.08695652173913043,0.09302325581395349
119444,GGG,2014B,0.45,0.6,0.5142857142857143
119471,BBB,2014B,0.0,0.0,0.0
119865,FFF,2014J,0.2,0.12903225806451613,0.1568627450980392
119898,BBB,2013J,0.1,0.2857142857142857,0.14814814814814817
119902,AAA,2014J,0.6,0.7058823529411765,0.6486486486486486
120236,CCC,2014J,0.1,0.3333333333333333,0.15384615384615383
120611,GGG,2014B,0.0,0.0,0.0
120994,BBB,2013B,0.0,0.0,0.0
120999,DDD,2013J,0.05,0.03333333333333333,0.04
121182,GGG,2014J,0.5,0.5882352941176471,0.5405405405405405
121349,AAA,2014J,0.45,0.45,0.45
122337,GGG,2014B,0.45,0.5,0.4736842105263158
122392,CCC,2014B,0.05,0.125,0.07142857142857144
122459,GGG,2013J,0.15,0.42857142857142855,0.2222222222222222
122739,DDD,2013J,0.05,0.16666666666666666,0.07692307692307691
122846,GGG,2013J,0.05,0.08333333333333333,0.0625
122928,GGG,2013J,0.35,0.5384615384615384,0.4242424242424242
123044,AAA,2013J,0.35,0.5384615384615384,0.4242424242424242
123053,DDD,2014J,0.05,0.5,0.09090909090909091
123087,BBB,2014J,0.1,0.15384615384615385,0.12121212121212123
123183,DDD,2014J,0.05,0.021739130434782608,0.030303030303030304
123462,BBB,2014B,0.05,0.047619047619047616,0.04878048780487805
123598,CCC,2014B,0.0,0.0,0.0
123598,CCC,2014J,0.2,0.18181818181818182,0.1904761904761905
123598,DDD,2013J,0.2,0.0975609756097561,0.13114754098360656
123716,BBB,2013J,0.1,0.18181818181818182,0.12903225806451613
123860,BBB,2013B,0.15,0.1111111111111111,0.12765957446808512
124006,DDD,2013J,0.15,0.1875,0.16666666666666663
124064,AAA,2014J,0.25,0.2631578947368421,0.25641025641025644
124193,CCC,2014B,0.05,0.125,0.07142857142857144
124304,EEE,2014J,0.4,0.8,0.5333333333333333
124909,BBB,2013J,0.0,0.0,0.0
124944,GGG,2014B,0.25,0.29411764705882354,0.27027027027027023
125018,AAA,2014J,0.25,0.5555555555555556,0.3448275862068966
125055,BBB,2014B,0.0,0.0,0.0
125063,FFF,2014J,0.05,0.02564102564102564,0.033898305084745756
125407,GGG,2014J,0.15,0.75,0.24999999999999997
125535,BBB,2014J,0.0,0.0,0.0
125830,DDD,2014J,0.05,0.2,0.08000000000000002
125996,FFF,2013B,0.1,0.06896551724137931,0.08163265306122448
126088,FFF,2013B,0.15,0.375,0.21428571428571425
126322,BBB,2013B,0.05,1.0,0.09523809523809523
126337,EEE,2013J,0.0,0.0,0.0
126394,CCC,2014B,0.05,0.14285714285714285,0.07407407407407408
126394,DDD,2013J,0.05,0.06666666666666667,0.05714285714285715
126395,CCC,2014B,0.2,0.2222222222222222,0.2105263157894737
126450,EEE,2014J,0.3,0.8571428571428571,0.4444444444444444
126608,BBB,2014B,0.1,0.16666666666666666,0.125
126713,BBB,2014B,0.0,0.0,0.0
126769,BBB,2014J,0.15,0.25,0.18749999999999997
126800,BBB,2014J,0.35,0.5833333333333334,0.4375
126812,DDD,2013J,0.1,0.10526315789473684,0.10256410256410256
127580,DDD,2014B,0.3,0.2222222222222222,0.25531914893617025
127582,AAA,2013J,0.15,0.3,0.2
127642,FFF,2013J,0.55,0.28205128205128205,0.3728813559322034
127988,DDD,2013J,0.0,0.0,0.0
128132,FFF,2014B,0.05,0.04,0.044444444444444446
128510,CCC,2014J,0.05,0.05,0.05000000000000001
128656,DDD,2013J,0.1,0.2,0.13333333333333333
128678,DDD,2013B,0.05,0.041666666666666664,0.04545454545454545
128889,BBB,2013J,0.1,0.13333333333333333,0.1142857142857143
128929,EEE,2013J,0.4,0.8,0.5333333333333333
128965,DDD,2013J,0.3,0.14285714285714285,0.19354838709677416
128968,FFF,2014B,0.2,0.11764705882352941,0.14814814814814817
128971,EEE,2014B,0.35,0.7777777777777778,0.48275862068965514
129198,CCC,2014B,0.0,0.0,0.0
129212,GGG,2013J,0.3,0.35294117647058826,0.3243243243243243
129907,FFF,2014J,0.3,0.13953488372093023,0.1904761904761905
129989,DDD,2014J,0.05,0.04,0.044444444444444446
130013,BBB,2014B,0.1,0.11764705882352941,0.1081081081081081
130034,AAA,2014J,0.45,0.5294117647058824,0.48648648648648646
130403,FFF,2013B,0.05,0.023809523809523808,0.03225806451612903
130409,FFF,2014J,0.7,0.24561403508771928,0.3636363636363636
130467,DDD,2013J,0.1,0.0625,0.07692307692307693
130547,AAA,2014J,0.45,0.42857142857142855,0.4390243902439024
130636,AAA,2014J,0.05,0.25,0.08333333333333334
130658,FFF,2013J,0.2,0.07272727272727272,0.10666666666666667
130671,DDD,2013J,0.0,0.0,0.0
130992,FFF,2014B,0.15,0.13043478260869565,0.13953488372093023
131051,BBB,2013J,0.0,0.0,0.0
131145,CCC,2014B,0.45,0.2571428571428571,0.32727272727272727
131145,DDD,2013B,0.2,0.14814814814814814,0.1702127659574468
131152,DDD,2014J,0.15,0.2,0.17142857142857143
131222,CCC,2014J,0.15,0.2727272727272727,0.19354838709677416
131222,DDD,2013J,0.15,0.05660377358490566,0.0821917808219178
131272,FFF,2013B,0.1,0.07407407407407407,0.0851063829787234
131314,GGG,2014J,0.35,0.5833333333333334,0.4375
131538,FFF,2014B,0.2,0.16,0.17777777777777778
131597,FFF,2014J,0.3,0.17142857142857143,0.21818181818181817
131612,DDD,2014J,0.15,0.11538461538461539,0.13043478260869565
131776,EEE,2014J,0.55,0.6470588235294118,0.5945945945945946
131820,GGG,2014B,0.2,1.0,0.33333333333333337
131933,CCC,2014J,0.05,0.1111111111111111,0.06896551724137932
132123,EEE,2013J,0.1,0.5,0.16666666666666669
132157,DDD,2014J,0.15,0.11538461538461539,0.13043478260869565
132157,FFF,2014B,0.2,0.125,0.15384615384615385
132401,DDD,2013J,0.1,0.2857142857142857,0.14814814814814817
132453,FFF,2013J,0.25,0.3125,0.2777777777777778
132475,FFF,2014J,0.3,0.14634146341463414,0.19672131147540983
132477,FFF,2014B,0.15,0.17647058823529413,0.16216216216216214
132932,GGG,2014J,0.15,0.375,0.21428571428571425
132972,BBB,2014B,0.05,0.3333333333333333,0.08695652173913045
132976,AAA,2013J,0.2,0.26666666666666666,0.2285714285714286
133019,FFF,2013J,0.4,0.21052631578947367,0.27586206896551724
133068,GGG,2014B,0.25,0.4166666666666667,0.3125
133104,CCC,2014B,0.1,0.16666666666666666,0.125
133104,FFF,2014B,0.1,0.09523809523809523,0.0975609756097561
133155,BBB,2013B,0.1,0.15384615384615385,0.12121212121212123
133185,FFF,2013J,0.15,0.17647058823529413,0.16216216216216214
133322,FFF,2014B,0.15,0.2,0.17142857142857143
133365,DDD,2014J,0.15,0.1,0.12
133816,AAA,2014J,0.45,0.6428571428571429,0.5294117647058824
133922,AAA,2014J,0.35,0.5,0.4117647058823529
134025,DDD,2013B,0.2,0.0784313725490196,0.11267605633802816
134123,GGG,2014B,0.3,0.4,0.34285714285714286
134143,AAA,2013J,0.55,0.5789473684210527,0.5641025641025641
134188,DDD,2013B,0.1,0.09090909090909091,0.09523809523809525
134212,EEE,2014J,0.2,0.5714285714285714,0.29629629629629634
134243,DDD,2014J,0.0,0.0,0.0
134260,FFF,2013B,0.2,0.25,0.22222222222222224
134563,BBB,2013J,0.15,0.125,0.13636363636363635
134847,FFF,2014B,0.4,0.11267605633802817,0.17582417582417584
134851,FFF,2014B,0.65,0.20967741935483872,0.3170731707317073
134920,DDD,2014J,0.05,0.16666666666666666,0.07692307692307691
134982,EEE,2013J,0.25,0.625,0.35714285714285715
135075,FFF,2013B,0.45,0.08571428571428572,0.14400000000000002
135280,FFF,2014J,0.8,0.16494845360824742,0.27350427350427353
135385,DDD,2013J,0.15,0.05660377358490566,0.0821917808219178
135400,AAA,2014J,0.05,0.25,0.08333333333333334
135471,AAA,2014J,0.65,0.7647058823529411,0.7027027027027027
135763,EEE,2014J,0.1,0.18181818181818182,0.12903225806451613
136054,FFF,2014B,0.6,0.2857142857142857,0.3870967741935483
136135,DDD,2014J,0.25,0.14285714285714285,0.18181818181818182
136335,CCC,2014J,0.0,0.0,0.0
136793,DDD,2014J,0.05,0.14285714285714285,0.07407407407407408
136894,FFF,2013J,0.1,0.08695652173913043,0.09302325581395349
136944,FFF,2014J,0.3,0.2222222222222222,0.25531914893617025
137281,CCC,2014J,0.05,0.25,0.08333333333333334
137603,DDD,2013B,0.15,0.07317073170731707,0.09836065573770492
137873,AAA,2013J,0.4,0.6153846153846154,0.4848484848484849
137903,FFF,2013J,0.6,0.125,0.20689655172413793
138289,BBB,2013J,0.35,0.4117647058823529,0.37837837837837834
138407,BBB,2014J,0.2,0.5,0.28571428571428575
138416,DDD,2014B,0.05,0.05263157894736842,0.05128205128205128
138704,DDD,2014B,0.2,0.17391304347826086,0.18604651162790697
138710,GGG,2013J,0.7,0.42424242424242425,0.5283018867924527
138715,DDD,2014J,0.05,0.5,0.09090909090909091
138861,CCC,2014J,0.2,0.3333333333333333,0.25
138997,CCC,2014J,0.0,0.0,0.0
139033,AAA,2014J,0.2,0.2857142857142857,0.23529411764705882
139190,FFF,2013J,0.15,0.15789473684210525,0.15384615384615385
139206,FFF,2014J,0.35,0.15555555555555556,0.21538461538461537
139250,BBB,2014B,0.1,0.13333333333333333,0.1142857142857143
139278,FFF,2013J,0.0,0.0,0.0
139329,GGG,2014B,0.4,0.4444444444444444,0.4210526315789474
139549,BBB,2013J,0.1,0.5,0.16666666666666669
139949,FFF,2013B,0.1,0.10526315789473684,0.10256410256410256
140060,EEE,2013J,0.45,0.8181818181818182,0.5806451612903226
140719,BBB,2014B,0.0,0.0,0.0
140807,DDD,2013J,0.1,0.0625,0.07692307692307693
140866,FFF,2013B,0.25,0.14705882352941177,0.18518518518518517
140907,FFF,2013B,0.05,0.0625,0.05555555555555556
141355,AAA,2013J,0.25,0.35714285714285715,0.2941176470588235
141377,AAA,2014J,0.3,0.375,0.33333333333333326
141430,FFF,2014B,0.2,0.13793103448275862,0.16326530612244897
141648,FFF,2013J,0.25,0.16666666666666666,0.2
141827,GGG,2014J,0.15,0.1875,0.16666666666666663
141949,BBB,2013J,0.15,0.23076923076923078,0.18181818181818185
142092,CCC,2014J,0.25,0.35714285714285715,0.2941176470588235
142092,EEE,2014J,0.3,0.46153846153846156,0.3636363636363637
142310,FFF,2014J,0.05,0.034482758620689655,0.04081632653061224
142324,BBB,2014J,0.25,0.2631578947368421,0.25641025641025644
142326,AAA,2013J,0.4,0.38095238095238093,0.3902439024390244
142339,FFF,2013B,0.15,0.08571428571428572,0.10909090909090909
142819,DDD,2013B,0.05,0.06666666666666667,0.05714285714285715
142935,CCC,2014B,0.2,0.2,0.20000000000000004
142990,GGG,2013J,0.3,0.3157894736842105,0.3076923076923077
143350,FFF,2013B,0.05,0.05555555555555555,0.052631578947368425
143711,EEE,2013J,0.5,0.9090909090909091,0.6451612903225806
143741,BBB,2013B,0.1,0.15384615384615385,0.12121212121212123
143755,FFF,2014J,0.15,0.1111111111111111,0.12765957446808512
144448,EEE,2013J,0.35,0.7777777777777778,0.48275862068965514
144562,FFF,2013J,0.0,0.0,0.0
144745,CCC,2014J,0.3,0.11764705882352941,0.16901408450704228
144745,EEE,2014B,0.35,0.7777777777777778,0.48275862068965514
144747,FFF,2013B,0.25,0.078125,0.11904761904761904
144801,AAA,2013J,0.75,0.7142857142857143,0.7317073170731706
144895,DDD,2013J,0.1,0.125,0.11111111111111112
145114,CCC,2014J,0.1,0.2,0.13333333333333333
145114,DDD,2014B,0.05,0.125,0.07142857142857144
145130,AAA,2013J,0.2,0.23529411764705882,0.2162162162162162
145280,BBB,2014J,0.05,0.1111111111111111,0.06896551724137932
145282,CCC,2014B,0.15,0.13636363636363635,0.14285714285714282
145388,GGG,2014B,0.2,1.0,0.33333333333333337
145490,CCC,2014J,0.0,0.0,0.0
145544,BBB,2013B,0.05,0.03571428571428571,0.041666666666666664
145640,CCC,2014J,0.2,0.2,0.20000000000000004
145640,DDD,2014B,0.05,0.025,0.03333333333333333
146165,BBB,2013J,0.15,0.15789473684210525,0.15384615384615385
146188,AAA,2013J,0.2,0.3333333333333333,0.25
146485,DDD,2013J,0.05,0.3333333333333333,0.08695652173913045
146503,AAA,2014J,0.05,0.5,0.09090909090909091
146600,BBB,2013J,0.2,0.23529411764705882,0.2162162162162162
146651,DDD,2013B,0.0,0.0,0.0
146666,DDD,2013J,0.1,0.1111111111111111,0.10526315789473685
146738,FFF,2013J,0.2,0.07407407407407407,0.10810810810810811
146974,EEE,2013J,0.4,0.5714285714285714,0.47058823529411764
147168,FFF,2013B,0.6,0.24,0.34285714285714286
147328,DDD,2014J,0.1,0.05555555555555555,0.07142857142857142
147715,DDD,2014J,0.15,0.06818181818181818,0.09374999999999999
147756,AAA,2013J,0.05,0.16666666666666666,0.07692307692307691
147756,AAA,2014J,0.2,0.13333333333333333,0.16
148414,DDD,2014J,0.0,0.0,0.0
148427,BBB,2014B,0.0,0.0,0.0
148993,AAA,2013J,0.05,0.5,0.09090909090909091
148993,AAA,2014J,0.15,0.2,0.17142857142857143
149178,FFF,2014J,0.15,0.2727272727272727,0.19354838709677416
149680,FFF,2013B,0.4,0.1702127659574468,0.23880597014925373
149693,FFF,2013B,0.0,0.0,0.0
149741,AAA,2014J,0.4,0.5333333333333333,0.4571428571428572
149962,AAA,2014J,0.0,0.0,0.0
150282,FFF,2014J,0.45,0.2903225806451613,0.3529411764705882
150398,BBB,2014J,0.05,0.07142857142857142,0.058823529411764705
150763,FFF,2013B,0.25,0.17857142857142858,0.20833333333333331
151358,AAA,2013J,0.15,0.17647058823529413,0.16216216216216214
151465,FFF,2013B,0.15,0.13043478260869565,0.13953488372093023
151587,AAA,2014J,0.0,0.0,0.0
151697,BBB,2013B,0.15,0.25,0.18749999999999997
151745,DDD,2014J,0.25,0.12195121951219512,0.16393442622950818
151917,BBB,2013J,0.15,0.13043478260869565,0.13953488372093023
151917,BBB,2014J,0.0,0.0,0.0
152320,DDD,2014B,0.1,0.2857142857142857,0.14814814814814817
152320,DDD,2014J,0.15,0.16666666666666666,0.15789473684210525
152428,CCC,2014B,0.1,0.08695652173913043,0.09302325581395349
152524,FFF,2014J,0.35,0.12280701754385964,0.1818181818181818
152587,FFF,2013J,0.1,0.08333333333333333,0.0909090909090909
152626,FFF,2014B,0.55,0.20754716981132076,0.30136986301369867
152671,GGG,2014B,0.4,0.6153846153846154,0.4848484848484849
152910,BBB,2013B,0.0,0.0,0.0
152917,FFF,2014J,0.7,0.15730337078651685,0.25688073394495414
152929,BBB,2013B,0.1,0.125,0.11111111111111112
152962,CCC,2014B,0.2,0.21052631578947367,0.20512820512820512
152973,BBB,2014J,0.1,0.3333333333333333,0.15384615384615383
153110,FFF,2013B,0.0,0.0,0.0
153170,DDD,2014J,0.2,0.17391304347826086,0.18604651162790697
153212,BBB,2013B,0.0,0.0,0.0
153611,FFF,2014B,0.05,1.0,0.09523809523809523
153704,BBB,2013B,0.05,1.0,0.09523809523809523
153785,FFF,2013B,0.2,0.10526315789473684,0.13793103448275862
153788,EEE,2013J,0.05,0.25,0.08333333333333334
154011,BBB,2013J,0.3,0.20689655172413793,0.24489795918367346
154027,BBB,2013B,0.15,0.15,0.15
154059,FFF,2013J,0.3,0.2,0.24
154073,DDD,2014J,0.25,0.3333333333333333,0.28571428571428575
154125,BBB,2013B,0.05,0.5,0.09090909090909091
154191,FFF,2013J,0.2,0.21052631578947367,0.20512820512820512
154540,BBB,2013B,0.05,0.3333333333333333,0.08695652173913045
155158,FFF,2014B,0.35,0.3181818181818182,0.3333333333333333
155256,GGG,2013J,0.55,0.5,0.5238095238095238
155298,CCC,2014J,0.0,0.0,0.0
155298,FFF,2013J,0.1,0.125,0.11111111111111112
155484,BBB,2014J,0.25,0.29411764705882354,0.27027027027027023
155511,FFF,2013B,0.05,0.07142857142857142,0.058823529411764705
155550,AAA,2013J,0.15,0.2727272727272727,0.19354838709677416
155631,BBB,2014B,0.0,0.0,0.0
155854,AAA,2013J,0.6,0.5714285714285714,0.5853658536585366
155938,FFF,2014J,0.25,0.25,0.25
155956,CCC,2014J,0.1,0.125,0.11111111111111112
155963,CCC,2014B,0.0,0.0,0.0
155984,AAA,2013J,0.1,0.6666666666666666,0.1739130434782609
155984,AAA,2014J,0.6,0.41379310344827586,0.4897959183673469
156171,FFF,2013J,0.1,0.1,0.10000000000000002
156311,BBB,2013J,0.25,0.23809523809523808,0.24390243902439024
156358,BBB,2014J,0.2,0.5714285714285714,0.29629629629629634
156594,EEE,2014B,0.1,0.5,0.16666666666666669
156783,DDD,2013J,0.0,0.0,0.0
156835,BBB,2013B,0.1,0.11764705882352941,0.1081081081081081
157060,BBB,2013J,0.25,0.2631578947368421,0.25641025641025644
157276,BBB,2014B,0.0,0.0,0.0
157298,DDD,2013B,0.1,0.07692307692307693,0.08695652173913043
157308,FFF,2013B,0.0,0.0,0.0
157310,DDD,2013J,0.1,0.07142857142857142,0.08333333333333333
157568,AAA,2013J,0.3,0.2608695652173913,0.27906976744186046
157752,BBB,2014J,0.05,1.0,0.09523809523809523
157795,BBB,2013J,0.15,0.23076923076923078,0.18181818181818185
158611,DDD,2013J,0.2,0.18181818181818182,0.1904761904761905
158707,AAA,2014J,0.1,0.5,0.16666666666666669
158708,EEE,2014J,0.35,0.7777777777777778,0.48275862068965514
158831,EEE,2014B,0.5,0.7692307692307693,0.6060606060606061
159287,EEE,2014J,0.1,0.6666666666666666,0.1739130434782609
159293,BBB,2014B,0.1,0.18181818181818182,0.12903225806451613
159484,GGG,2013J,0.4,1.0,0.5714285714285715
159906,FFF,2014J,0.1,0.09523809523809523,0.0975609756097561
159925,DDD,2013B,0.15,0.07692307692307693,0.1016949152542373
159947,FFF,2014J,0.1,0.08695652173913043,0.09302325581395349
159954,AAA,2014J,0.05,0.2,0.08000000000000002
160005,DDD,2013B,0.25,0.10869565217391304,0.15151515151515152
160026,BBB,2014J,0.0,0.0,0.0
160300,CCC,2014B,0.15,0.21428571428571427,0.1764705882352941
160310,FFF,2013J,0.75,0.13513513513513514,0.22900763358778628
160472,FFF,2014B,0.0,0.0,0.0
160479,GGG,2014B,0.5,0.5,0.5
160536,CCC,2014J,0.0,0.0,0.0
160536,EEE,2013J,0.05,0.25,0.08333333333333334
160945,GGG,2014B,0.25,0.3125,0.2777777777777778
160946,FFF,2013J,0.75,0.3,0.4285714285714285
161491,BBB,2013J,0.05,0.2,0.08000000000000002
162210,EEE,2014J,0.55,0.9166666666666666,0.6874999999999999
162650,CCC,2014B,0.0,0.0,0.0
162809,FFF,2013J,0.05,0.1111111111111111,0.06896551724137932
163067,DDD,2013B,0.05,0.058823529411764705,0.05405405405405405
163120,FFF,2013J,0.2,0.125,0.15384615384615385
163996,DDD,2014J,0.05,0.07692307692307693,0.060606060606060615
164148,FFF,2014J,0.15,0.21428571428571427,0.1764705882352941
164211,GGG,2014B,0.3,0.3333333333333333,0.3157894736842105
164259,AAA,2013J,0.25,0.4166666666666667,0.3125
164922,GGG,2013J,0.35,0.5384615384615384,0.4242424242424242
164935,DDD,2013J,0.1,0.05,0.06666666666666667
164944,AAA,2014J,0.2,0.3076923076923077,0.24242424242424246
164968,CCC,2014J,0.15,0.23076923076923078,0.18181818181818185
164968,EEE,2013J,0.35,0.6363636363636364,0.45161290322580644
165099,BBB,2014J,0.0,0.0,0.0
165243,BBB,2013B,0.0,0.0,0.0
165376,EEE,2014B,0.1,0.3333333333333333,0.15384615384615383
165421,DDD,2013B,0.05,0.037037037037037035,0.0425531914893617
165509,EEE,2013J,0.1,1.0,0.18181818181818182
165617,FFF,2013B,0.2,0.14814814814814814,0.1702127659574468
165647,CCC,2014J,0.1,0.13333333333333333,0.1142857142857143
165733,DDD,2013B,0.1,0.09090909090909091,0.09523809523809525
165806,FFF,2013B,0.2,0.4444444444444444,0.2758620689655173
165904,BBB,2014B,0.0,0.0,0.0
166123,FFF,2014J,0.2,0.13793103448275862,0.16326530612244897
166160,CCC,2014B,0.15,0.1875,0.16666666666666663
166183,GGG,2013J,0.15,0.75,0.24999999999999997
166327,FFF,2013B,0.1,0.05714285714285714,0.07272727272727272
166342,DDD,2013B,0.15,0.10714285714285714,0.125
166421,FFF,2013B,0.15,0.21428571428571427,0.1764705882352941
166713,DDD,2013B,0.2,0.11428571428571428,0.14545454545454545
166988,DDD,2013B,0.05,0.03333333333333333,0.04
167106,FFF,2014B,0.25,0.11363636363636363,0.15625
167791,CCC,2014B,0.25,0.19230769230769232,0.2173913043478261
167791,EEE,2014B,0.45,0.6,0.5142857142857143
167906,AAA,2013J,0.45,0.3333333333333333,0.3829787234042553
167961,AAA,2014J,0.45,0.6,0.5142857142857143
168178,CCC,2014B,0.1,0.2222222222222222,0.13793103448275865
168229,FFF,2013J,0.4,0.14285714285714285,0.21052631578947364
168936,AAA,2013J,0.15,0.17647058823529413,0.16216216216216214
169008,BBB,2014J,0.2,0.12903225806451613,0.1568627450980392
169079,DDD,2013J,0.05,0.03571428571428571,0.041666666666666664
169213,BBB,2013J,0.1,0.4,0.16000000000000003
169380,CCC,2014B,0.0,0.0,0.0
169400,BBB,2014J,0.2,0.25,0.22222222222222224
169490,FFF,2013B,0.0,0.0,0.0
169596,FFF,2014J,0.15,0.5,0.23076923076923075
169858,FFF,2013B,0.25,0.17857142857142858,0.20833333333333331
169894,DDD,2014J,0.1,0.18181818181818182,0.12903225806451613
170025,DDD,2013B,0.15,0.08108108108108109,0.10526315789473685
170030,CCC,2014J,0.1,0.09090909090909091,0.09523809523809525
170030,FFF,2013J,0.55,0.2,0.2933333333333334
170165,FFF,2013B,0.2,0.0851063829787234,0.11940298507462686
170864,CCC,2014B,0.05,0.06666666666666667,0.05714285714285715
170874,FFF,2014J,0.1,0.2222222222222222,0.13793103448275865
170936,EEE,2014B,0.15,0.17647058823529413,0.16216216216216214
170943,FFF,2013J,0.2,0.12903225806451613,0.1568627450980392
171692,FFF,2013J,0.15,0.13636363636363635,0.14285714285714282
171751,BBB,2014B,0.1,0.2222222222222222,0.13793103448275865
171843,EEE,2014J,0.35,0.3684210526315789,0.358974358974359
171896,CCC,2014B,0.0,0.0,0.0
171896,DDD,2013B,0.1,0.09090909090909091,0.09523809523809525
172112,AAA,2013J,0.6,0.42857142857142855,0.5
172137,BBB,2014B,0.05,0.09090909090909091,0.06451612903225806
172493,FFF,2014J,0.3,0.15,0.2
172797,AAA,2013J,0.4,0.2962962962962963,0.3404255319148936
172965,CCC,2014B,0.1,0.08695652173913043,0.09302325581395349
172965,DDD,2014J,0.0,0.0,0.0
173004,DDD,2013B,0.0,0.0,0.0
173004,DDD,2013J,0.15,0.15,0.15
173163,BBB,2014J,0.35,0.4117647058823529,0.37837837837837834
173316,BBB,2013B,0.0,0.0,0.0
173335,BBB,2013B,0.05,1.0,0.09523809523809523
173370,DDD,2013J,0.15,0.08108108108108109,0.10526315789473685
173412,FFF,2014J,0.05,0.2,0.08000000000000002
173710,EEE,2013J,0.5,0.7142857142857143,0.588235294117647
173834,EEE,2013J,0.6,0.8,0.6857142857142857
174024,AAA,2014J,0.05,0.125,0.07142857142857144
174094,AAA,2014J,0.5,0.5,0.5
174222,BBB,2013J,0.15,0.75,0.24999999999999997
174487,BBB,2013J,0.1,0.14285714285714285,0.11764705882352941
174745,AAA,2014J,0.3,0.5454545454545454,0.3870967741935483
174782,AAA,2013J,0.7,0.7,0.7
175392,AAA,2013J,0.25,0.625,0.35714285714285715
175447,AAA,2014J,0.55,0.7857142857142857,0.6470588235294117
175453,FFF,2013J,0.05,0.07142857142857142,0.058823529411764705
175490,CCC,2014B,0.1,0.10526315789473684,0.10256410256410256
175638,CCC,2014J,0.0,0.0,0.0
175932,AAA,2013J,0.0,0.0,0.0
175940,EEE,2014J,0.45,0.6,0.5142857142857143
175991,AAA,2013J,0.0,0.0,0.0
176092,DDD,2013B,0.1,0.0625,0.07692307692307693
177333,DDD,2013B,0.05,0.05263157894736842,0.05128205128205128
177354,DDD,2013J,0.25,0.14705882352941177,0.18518518518518517
177492,FFF,2014J,0.55,0.1375,0.22000000000000003
177568,FFF,2013J,0.35,0.1794871794871795,0.23728813559322035
177817,DDD,2013B,0.0,0.0,0.0
177967,CCC,2014B,0.05,0.0625,0.05555555555555556
177981,DDD,2013B,0.1,0.047619047619047616,0.06451612903225806
178020,DDD,2013J,0.25,0.14705882352941177,0.18518518518518517
178072,CCC,2014B,0.0,0.0,0.0
178072,CCC,2014J,0.0,0.0,0.0
178118,FFF,2013J,0.0,0.0,0.0
178179,FFF,2014B,0.1,0.08695652173913043,0.09302325581395349
178258,DDD,2014B,0.05,0.07692307692307693,0.060606060606060615
178496,CCC,2014B,0.0,0.0,0.0
178963,BBB,2013J,0.05,0.14285714285714285,0.07407407407407408
179073,BBB,2014J,0.1,1.0,0.18181818181818182
179081,FFF,2014B,0.05,0.07692307692307693,0.060606060606060615
179718,DDD,2013J,0.25,0.09259259259259259,0.13513513513513514
179892,DDD,2013B,0.0,0.0,0.0
180651,DDD,2013J,0.3,0.09230769230769231,0.1411764705882353
180667,DDD,2013B,0.05,0.023255813953488372,0.031746031746031744
180753,AAA,2013J,0.5,0.5,0.5
180958,DDD,2013B,0.45,0.15,0.22500000000000003
180974,FFF,2013J,0.2,0.10810810810810811,0.14035087719298245
180976,CCC,2014B,0.05,0.05555555555555555,0.052631578947368425
181508,FFF,2013B,0.2,0.16,0.17777777777777778
181861,CCC,2014J,0.3,0.23076923076923078,0.2608695652173913
181992,FFF,2013B,0.3,0.2727272727272727,0.28571428571428564
182400,EEE,2014B,0.2,0.6666666666666666,0.30769230769230765
182468,FFF,2013B,0.15,0.21428571428571427,0.1764705882352941
182824,BBB,2013B,0.1,0.5,0.16666666666666669
182854,CCC,2014J,0.05,0.058823529411764705,0.05405405405405405
183057,AAA,2014J,0.1,0.4,0.16000000000000003
183096,AAA,2013J,0.35,0.3181818181818182,0.3333333333333333
183331,DDD,2014B,0.0,0.0,0.0
183429,FFF,2014B,0.35,0.18421052631578946,0.24137931034482757
183714,DDD,2013B,0.2,0.17391304347826086,0.18604651162790697
183947,AAA,2013J,0.4,0.34782608695652173,0.37209302325581395
184137,GGG,2014B,0.4,0.5333333333333333,0.4571428571428572
184271,AAA,2013J,0.55,0.6875,0.6111111111111112
184409,DDD,2014J,0.15,0.12,0.1333333333333333
184473,FFF,2013J,0.55,0.23404255319148937,0.3283582089552239
184972,BBB,2014J,0.55,0.44,0.48888888888888893
185021,BBB,2014B,0.05,1.0,0.09523809523809523
185024,DDD,2014J,0.0,0.0,0.0
185057,EEE,2014B,0.05,0.16666666666666666,0.07692307692307691
185127,CCC,2014J,0.0,0.0,0.0
185127,DDD,2013J,0.25,0.14285714285714285,0.18181818181818182
185349,BBB,2013B,0.2,0.2222222222222222,0.2105263157894737
185350,AAA,2014J,0.0,0.0,0.0
185496,FFF,2013B,0.3,0.14634146341463414,0.19672131147540983
185994,FFF,2014J,0.2,0.1,0.13333333333333333
186149,AAA,2013J,0.2,0.5,0.28571428571428575
186380,FFF,2013B,0.4,0.14814814814814814,0.21621621621621623
186476,EEE,2014B,0.1,0.3333333333333333,0.15384615384615383
186670,BBB,2013B,0.1,0.6666666666666666,0.1739130434782609
186988,BBB,2013B,0.0,0.0,0.0
187100,AAA,2013J,0.6,0.6666666666666666,0.631578947368421
187199,FFF,2013J,0.15,0.07142857142857142,0.09677419354838708
187257,BBB,2014B,0.15,0.5,0.23076923076923075
187435,CCC,2014B,0.1,0.10526315789473684,0.10256410256410256
187601,BBB,2014B,0.15,0.13043478260869565,0.13953488372093023
187623,DDD,2013B,0.0,0.0,0.0
187663,DDD,2014B,0.25,0.35714285714285715,0.2941176470588235
187793,BBB,2013B,0.15,0.42857142857142855,0.2222222222222222
188026,BBB,2013J,0.05,0.2,0.08000000000000002
188152,BBB,2013B,0.2,0.2857142857142857,0.23529411764705882
188251,CCC,2014J,0.05,0.16666666666666666,0.07692307692307691
188260,EEE,2014B,0.05,0.2,0.08000000000000002
188273,CCC,2014J,0.0,0.0,0.0
188273,EEE,2013J,0.2,0.3333333333333333,0.25
188278,AAA,2014J,0.6,0.75,0.6666666666666665
188662,CCC,2014J,0.1,0.10526315789473684,0.10256410256410256
188662,EEE,2014B,0.35,0.5833333333333334,0.4375
188766,BBB,2014J,0.0,0.0,0.0
189035,BBB,2014B,0.1,0.2,0.13333333333333333
189117,EEE,2014J,0.45,0.75,0.5625000000000001
189143,DDD,2014J,0.05,0.05,0.05000000000000001
189178,DDD,2014B,0.0,0.0,0.0
189428,CCC,2014B,0.05,0.125,0.07142857142857144
189624,CCC,2014B,0.55,0.2619047619047619,0.3548387096774194
189624,DDD,2013J,0.15,0.16666666666666666,0.15789473684210525
189629,EEE,2013J,0.05,0.5,0.09090909090909091
189664,GGG,2013J,0.35,0.4666666666666667,0.4
189879,AAA,2013J,0.3,0.4,0.34285714285714286
190279,DDD,2014J,0.05,0.03225806451612903,0.0392156862745098
190352,BBB,2014B,0.0,0.0,0.0
190418,FFF,2014B,0.35,0.16666666666666666,0.22580645161290322
190565,BBB,2014B,0.2,0.23529411764705882,0.2162162162162162
190780,EEE,2014J,0.5,0.5882352941176471,0.5405405405405405
190930,FFF,2014B,0.5,0.29411764705882354,0.37037037037037035
191000,EEE,2013J,0.15,1.0,0.2608695652173913
191195,DDD,2013B,0.1,0.14285714285714285,0.11764705882352941
191269,BBB,2013J,0.35,0.3888888888888889,0.36842105263157887
191445,DDD,2013J,0.15,0.12,0.1333333333333333
191459,BBB,2014J,0.2,0.25,0.22222222222222224
191590,FFF,2014B,0.05,0.02564102564102564,0.033898305084745756
191746,BBB,2014J,0.0,0.0,0.0
191797,CCC,2014B,0.05,0.05555555555555555,0.052631578947368425
191896,DDD,2013B,0.1,0.05555555555555555,0.07142857142857142
191972,DDD,2013B,0.3,0.13043478260869565,0.18181818181818182
191973,BBB,2014J,0.3,0.2857142857142857,0.2926829268292683
192183,AAA,2013J,0.65,0.7222222222222222,0.6842105263157895
192186,DDD,2014B,0.15,0.17647058823529413,0.16216216216216214
192196,DDD,2013B,0.0,0.0,0.0
192375,DDD,2014J,0.0,0.0,0.0
192424,BBB,2013B,0.1,0.08333333333333333,0.0909090909090909
192680,FFF,2013J,0.2,0.19047619047619047,0.1951219512195122
192944,BBB,2014J,0.2,0.2,0.20000000000000004
193163,CCC,2014B,0.0,0.0,0.0
193163,EEE,2014B,0.05,0.25,0.08333333333333334
193310,BBB,2014J,0.05,0.09090909090909091,0.06451612903225806
193822,BBB,2013B,0.2,0.4,0.26666666666666666
193834,FFF,2013B,0.05,0.0625,0.05555555555555556
194163,FFF,2014J,0.2,0.06779661016949153,0.10126582278481014
195096,BBB,2013J,0.15,0.375,0.21428571428571425
195234,EEE,2013J,0.05,1.0,0.09523809523809523
195246,FFF,2014J,0.0,0.0,0.0
195262,AAA,2013J,0.2,0.3076923076923077,0.24242424242424246
195345,BBB,2014J,0.15,0.23076923076923078,0.18181818181818185
195515,FFF,2014B,0.55,0.3235294117647059,0.4074074074074075
195552,FFF,2014J,0.2,0.13333333333333333,0.16
195897,EEE,2014J,0.35,0.6363636363636364,0.45161290322580644
195938,BBB,2013J,0.1,0.125,0.11111111111111112
195940,BBB,2014J,0.0,0.0,0.0
196132,EEE,2014J,0.45,0.6923076923076923,0.5454545454545455
196189,CCC,2014J,0.3,0.3333333333333333,0.3157894736842105
196266,DDD,2013B,0.0,0.0,0.0
197240,BBB,2013J,0.0,0.0,0.0
197412,BBB,2013J,0.1,0.09090909090909091,0.09523809523809525
197486,EEE,2013J,0.4,1.0,0.5714285714285715
197536,FFF,2014J,0.2,0.2857142857142857,0.23529411764705882
197538,FFF,2014B,0.05,0.09090909090909091,0.06451612903225806
197595,BBB,2013B,0.15,0.23076923076923078,0.18181818181818185
197730,EEE,2014B,0.25,0.7142857142857143,0.37037037037037035
197759,BBB,2013J,0.1,0.10526315789473684,0.10256410256410256
198167,GGG,2014J,0.35,0.2916666666666667,0.31818181818181823
198902,EEE,2014B,0.05,1.0,0.09523809523809523
198956,BBB,2013B,0.0,0.0,0.0
199009,FFF,2014J,0.15,0.13043478260869565,0.13953488372093023
199029,BBB,2013J,0.2,0.19047619047619047,0.1951219512195122
199244,FFF,2013B,0.15,0.07142857142857142,0.09677419354838708
199361,CCC,2014J,0.05,0.027777777777777776,0.03571428571428571
199361,FFF,2013J,0.5,0.13333333333333333,0.2105263157894737
199446,FFF,2013B,0.15,0.06521739130434782,0.09090909090909091
199520,BBB,2013B,0.2,0.25,0.22222222222222224
199636,AAA,2014J,0.3,0.3333333333333333,0.3157894736842105
199663,BBB,2013J,0.15,0.23076923076923078,0.18181818181818185
199760,CCC,2014J,0.2,0.21052631578947367,0.20512820512820512
199897,AAA,2014J,0.35,0.4666666666666667,0.4
200095,EEE,2013J,0.35,0.7777777777777778,0.48275862068965514
200773,FFF,2013B,0.25,0.09615384615384616,0.1388888888888889
200804,AAA,2014J,0.45,0.5,0.4736842105263158
200860,AAA,2013J,0.05,0.25,0.08333333333333334
200905,BBB,2013B,0.05,0.041666666666666664,0.04545454545454545
201151,DDD,2014B,0.15,0.12,0.1333333333333333
201327,CCC,2014B,0.0,0.0,0.0
201425,CCC,2014J,0.35,0.30434782608695654,0.3255813953488372
201431,BBB,2014B,0.05,0.16666666666666666,0.07692307692307691
202394,BBB,2014B,0.15,0.375,0.21428571428571425
202487,FFF,2013B,0.15,0.125,0.13636363636363635
202506,DDD,2013B,0.0,0.0,0.0
202606,EEE,2014J,0.4,1.0,0.5714285714285715
202677,EEE,2013J,0.1,0.5,0.16666666666666669
203050,FFF,2013B,0.15,0.07317073170731707,0.09836065573770492
203066,DDD,2013J,0.05,0.02857142857142857,0.03636363636363636
203481,BBB,2013B,0.2,0.3333333333333333,0.25
203568,FFF,2014B,0.0,0.0,0.0
203640,BBB,2013J,0.15,0.375,0.21428571428571425
203707,FFF,2013B,0.05,0.1,0.06666666666666667
203963,GGG,2014B,0.2,0.23529411764705882,0.2162162162162162
204182,DDD,2013J,0.4,0.14035087719298245,0.20779220779220778
204410,DDD,2014J,0.05,0.03225806451612903,0.0392156862745098
204505,DDD,2013J,0.05,0.027777777777777776,0.03571428571428571
204609,DDD,2014J,0.05,0.07142857142857142,0.058823529411764705
204725,CCC,2014B,0.1,0.13333333333333333,0.1142857142857143
204738,GGG,2014B,0.4,0.47058823529411764,0.4324324324324324
204746,BBB,2013B,0.15,0.6,0.24
204996,DDD,2013B,0.2,0.11428571428571428,0.14545454545454545
205350,AAA,2013J,0.55,0.5789473684210527,0.5641025641025641
205425,CCC,2014B,0.15,0.14285714285714285,0.14634146341463414
205425,EEE,2013J,0.45,0.8181818181818182,0.5806451612903226
205442,DDD,2013J,0.1,0.05,0.06666666666666667
205494,AAA,2014J,0.2,0.4444444444444444,0.2758620689655173
205719,AAA,2013J,0.0,0.0,0.0
205788,BBB,2013J,0.0,0.0,0.0
206003,BBB,2014B,0.15,0.2,0.17142857142857143
206245,CCC,2014B,0.0,0.0,0.0
206599,CCC,2014B,0.2,0.12121212121212122,0.15094339622641512
206599,FFF,2013J,0.1,0.14285714285714285,0.11764705882352941
226374,BBB,2013B,0.2,0.4444444444444444,0.2758620689655173
226747,BBB,2014B,0.05,0.07142857142857142,0.058823529411764705
226827,BBB,2013B,0.0,0.0,0.0
226839,BBB,2014J,0.35,0.30434782608695654,0.3255813953488372
226879,GGG,2014J,0.45,0.5,0.4736842105263158
226890,GGG,2014J,0.05,0.2,0.08000000000000002
226895,DDD,2014B,0.0,0.0,0.0
227020,DDD,2013J,0.2,0.3076923076923077,0.24242424242424246
227192,CCC,2014B,0.05,0.045454545454545456,0.04761904761904762
227192,EEE,2013J,0.1,1.0,0.18181818181818182
227297,FFF,2014B,0.05,0.1,0.06666666666666667
227401,FFF,2013B,0.0,0.0,0.0
227416,BBB,2013J,0.1,0.6666666666666666,0.1739130434782609
227499,AAA,2013J,0.3,0.6,0.4
227517,AAA,2013J,0.2,0.36363636363636365,0.25806451612903225
227752,CCC,2014B,0.05,0.045454545454545456,0.04761904761904762
228021,AAA,2014J,0.3,0.75,0.4285714285714285
228082,AAA,2013J,0.05,0.14285714285714285,0.07407407407407408
228138,FFF,2014B,0.0,0.0,0.0
228222,AAA,2013J,0.25,0.4166666666666667,0.3125
228258,FFF,2014B,0.1,0.08695652173913043,0.09302325581395349
228272,DDD,2014B,0.2,0.16666666666666666,0.1818181818181818
228383,AAA,2014J,0.5,0.5263157894736842,0.5128205128205129
228481,BBB,2014B,0.0,0.0,0.0
228633,FFF,2014J,0.1,0.11764705882352941,0.1081081081081081
228695,FFF,2013J,0.4,0.2962962962962963,0.3404255319148936
228703,FFF,2013B,0.1,0.16666666666666666,0.125
228729,FFF,2014B,0.25,0.16666666666666666,0.2
228784,BBB,2014B,0.1,0.4,0.16000000000000003
228824,BBB,2014B,0.0,0.0,0.0
228888,DDD,2013J,0.1,0.07407407407407407,0.0851063829787234
229179,AAA,2013J,0.1,0.2222222222222222,0.13793103448275865
229240,BBB,2013B,0.0,0.0,0.0
229361,AAA,2013J,0.2,0.2857142857142857,0.23529411764705882
229426,BBB,2013B,0.2,0.21052631578947367,0.20512820512820512
229498,FFF,2014J,0.2,0.2222222222222222,0.2105263157894737
230081,BBB,2013J,0.0,0.0,0.0
230279,FFF,2013B,0.2,0.18181818181818182,0.1904761904761905
230383,BBB,2014J,0.4,0.3333333333333333,0.3636363636363636
230761,CCC,2014B,0.0,0.0,0.0
231017,EEE,2014J,0.45,0.6428571428571429,0.5294117647058824
231024,FFF,2013J,0.85,0.25,0.3863636363636363
231339,CCC,2014B,0.1,0.16666666666666666,0.125
231339,EEE,2014B,0.4,0.5714285714285714,0.47058823529411764
231554,AAA,2013J,0.4,0.36363636363636365,0.380952380952381
231572,DDD,2013J,0.3,0.15,0.2
231606,FFF,2013J,0.15,0.15789473684210525,0.15384615384615385
231959,BBB,2014B,0.1,0.3333333333333333,0.15384615384615383
232072,CCC,2014J,0.0,0.0,0.0
232173,FFF,2014J,0.15,0.10714285714285714,0.125
232286,FFF,2014B,0.15,0.25,0.18749999999999997
232307,AAA,2014J,0.2,0.2857142857142857,0.23529411764705882
232347,FFF,2013J,0.15,0.16666666666666666,0.15789473684210525
232480,GGG,2014J,0.1,0.6666666666666666,0.1739130434782609
232539,BBB,2014B,0.2,0.18181818181818182,0.1904761904761905
232660,FFF,2013J,0.2,0.11764705882352941,0.14814814814814817
232695,BBB,2013B,0.1,0.08,0.08888888888888889
232764,FFF,2013J,0.2,0.10256410256410256,0.13559322033898302
232827,DDD,2014B,0.0,0.0,0.0
232856,FFF,2013J,0.25,0.0847457627118644,0.12658227848101267
233087,FFF,2013J,0.4,0.10526315789473684,0.16666666666666666
233095,BBB,2014B,0.0,0.0,0.0
233102,BBB,2014B,0.0,0.0,0.0
233153,GGG,2013J,0.25,0.29411764705882354,0.27027027027027023
233311,EEE,2013J,0.35,0.7777777777777778,0.48275862068965514
233317,BBB,2013J,0.2,0.2857142857142857,0.23529411764705882
233335,EEE,2014J,0.4,0.7272727272727273,0.5161290322580645
233389,DDD,2013B,0.0,0.0,0.0
233444,CCC,2014J,0.15,0.5,0.23076923076923075
233752,BBB,2013J,0.1,0.16666666666666666,0.125
233771,DDD,2013B,0.05,0.034482758620689655,0.04081632653061224
233771,EEE,2013J,0.2,0.8,0.32000000000000006
233868,DDD,2014B,0.0,0.0,0.0
233873,DDD,2014J,0.15,0.1111111111111111,0.12765957446808512
233957,BBB,2013J,0.3,0.24,0.2666666666666666
234311,EEE,2013J,0.45,0.6,0.5142857142857143
234406,DDD,2013J,0.1,0.0625,0.07692307692307693
234552,DDD,2014J,0.3,0.21428571428571427,0.25
234559,EEE,2014B,0.3,0.46153846153846156,0.3636363636363637
234609,FFF,2013B,0.6,0.10344827586206896,0.17647058823529413
234661,FFF,2014J,0.2,0.12903225806451613,0.1568627450980392
234727,FFF,2013B,0.2,0.13793103448275862,0.16326530612244897
234740,DDD,2013B,0.1,0.11764705882352941,0.1081081081081081
234796,FFF,2014B,0.2,0.08333333333333333,0.11764705882352941
234859,DDD,2013B,0.0,0.0,0.0
234929,BBB,2013J,0.25,0.2631578947368421,0.25641025641025644
235068,AAA,2014J,0.5,0.5,0.5
235371,BBB,2014J,0.1,0.14285714285714285,0.11764705882352941
235380,BBB,2014B,0.0,0.0,0.0
235428,BBB,2014B,0.2,0.23529411764705882,0.2162162162162162
235428,DDD,2013B,0.2,0.19047619047619047,0.1951219512195122
235507,AAA,2014J,0.2,0.26666666666666666,0.2285714285714286
235670,FFF,2013J,0.3,0.23076923076923078,0.2608695652173913
235768,FFF,2014J,0.0,0.0,0.0
235893,DDD,2014J,0.05,0.0625,0.05555555555555556
235971,FFF,2014J,0.2,0.16,0.17777777777777778
235978,FFF,2013J,0.25,0.10204081632653061,0.14492753623188406
236090,FFF,2014J,0.1,0.16666666666666666,0.125
236161,BBB,2014B,0.05,0.058823529411764705,0.05405405405405405
236205,CCC,2014B,0.35,0.28,0.3111111111111111
236284,AAA,2013J,0.55,0.3548387096774194,0.43137254901960786
236498,DDD,2013B,0.15,0.10344827586206896,0.12244897959183673
236620,CCC,2014B,0.2,0.23529411764705882,0.2162162162162162
236620,DDD,2013B,0.05,0.02040816326530612,0.02898550724637681
236844,FFF,2013B,0.1,0.08695652173913043,0.09302325581395349
236857,DDD,2013J,0.05,0.043478260869565216,0.046511627906976744
236875,AAA,2014J,0.15,0.3,0.2
236953,DDD,2013J,0.15,0.09375,0.11538461538461538
237182,FFF,2014B,0.0,0.0,0.0
237274,AAA,2014J,0.6,0.5714285714285714,0.5853658536585366
237304,BBB,2013B,0.05,0.14285714285714285,0.07407407407407408
237401,FFF,2013B,0.15,0.1111111111111111,0.12765957446808512
237602,DDD,2013J,0.1,0.04878048780487805,0.06557377049180328
237891,FFF,2014J,0.25,0.14285714285714285,0.18181818181818182
237913,BBB,2014J,0.2,0.14814814814814814,0.1702127659574468
237921,GGG,2014J,0.5,0.4166666666666667,0.45454545454545453
237953,FFF,2013B,0.35,0.175,0.23333333333333334
238007,AAA,2013J,0.35,0.4666666666666667,0.4
238144,BBB,2014J,0.25,0.5555555555555556,0.3448275862068966
238150,FFF,2013J,0.2,0.10526315789473684,0.13793103448275862
238800,DDD,2013J,0.05,0.25,0.08333333333333334
238901,FFF,2013B,0.1,0.16666666666666666,0.125
238983,DDD,2013J,0.15,0.11538461538461539,0.13043478260869565
239095,GGG,2013J,0.05,0.07142857142857142,0.058823529411764705
239345,FFF,2014B,0.45,0.16981132075471697,0.2465753424657534
239459,DDD,2014B,0.55,0.3793103448275862,0.4489795918367347
239540,FFF,2013B,0.0,0.0,0.0
239751,GGG,2014J,0.35,0.7777777777777778,0.48275862068965514
239908,EEE,2014J,0.25,0.4166666666666667,0.3125
240024,FFF,2013B,0.2,0.0975609756097561,0.13114754098360656
240186,DDD,2014J,0.05,0.06666666666666667,0.05714285714285715
240236,DDD,2014J,0.1,0.11764705882352941,0.1081081081081081
240389,DDD,2013B,0.05,0.25,0.08333333333333334
240486,CCC,2014J,0.3,0.2857142857142857,0.2926829268292683
240486,DDD,2014B,0.15,0.17647058823529413,0.16216216216216214
240641,DDD,2013J,0.05,0.1,0.06666666666666667
240712,AAA,2013J,0.15,0.42857142857142855,0.2222222222222222
240755,DDD,2014B,0.05,0.2,0.08000000000000002
240884,AAA,2013J,0.3,0.375,0.33333333333333326
240993,BBB,2013J,0.0,0.0,0.0
241039,FFF,2013J,0.35,0.19444444444444445,0.25
241066,DDD,2014J,0.2,0.16,0.17777777777777778
241649,AAA,2013J,0.3,0.46153846153846156,0.3636363636363637
241728,EEE,2014J,0.5,0.5882352941176471,0.5405405405405405
241729,AAA,2013J,0.35,0.3888888888888889,0.36842105263157887
241771,DDD,2013B,0.15,0.08571428571428572,0.10909090909090909
241922,DDD,2013B,0.15,0.08823529411764706,0.11111111111111112
242254,FFF,2014B,0.0,0.0,0.0
242491,FFF,2013J,0.15,0.10714285714285714,0.125
242633,DDD,2014B,0.0,0.0,0.0
242778,CCC,2014J,0.0,0.0,0.0
242778,EEE,2013J,0.35,0.7,0.4666666666666667
242793,AAA,2013J,0.2,0.4444444444444444,0.2758620689655173
242858,CCC,2014B,0.15,0.1111111111111111,0.12765957446808512
242858,EEE,2013J,0.4,0.8,0.5333333333333333
242998,FFF,2014B,0.1,0.06896551724137931,0.08163265306122448
243025,DDD,2014J,0.05,0.047619047619047616,0.04878048780487805
243358,CCC,2014J,0.1,0.15384615384615385,0.12121212121212123
243372,DDD,2013J,0.1,0.125,0.11111111111111112
243510,AAA,2014J,0.15,0.3333333333333333,0.20689655172413793
243600,FFF,2013B,0.05,0.5,0.09090909090909091
243657,FFF,2013B,0.15,0.08571428571428572,0.10909090909090909
243851,BBB,2013J,0.1,0.11764705882352941,0.1081081081081081
243926,EEE,2014J,0.05,1.0,0.09523809523809523
243992,BBB,2013J,0.15,0.6,0.24
244064,BBB,2014B,0.2,0.25,0.22222222222222224
244114,FFF,2013B,0.55,0.3142857142857143,0.4
244166,EEE,2014B,0.25,0.45454545454545453,0.3225806451612903
244205,FFF,2013J,0.55,0.14666666666666667,0.23157894736842105
244246,AAA,2014J,0.1,0.14285714285714285,0.11764705882352941
244738,CCC,2014J,0.45,0.25,0.32142857142857145
244738,DDD,2013J,0.25,0.17857142857142858,0.20833333333333331
244875,DDD,2013B,0.2,0.12121212121212122,0.15094339622641512
244918,FFF,2013B,0.25,0.20833333333333334,0.22727272727272727
244961,FFF,2014B,0.15,0.16666666666666666,0.15789473684210525
244977,CCC,2014B,0.2,0.2222222222222222,0.2105263157894737
244977,EEE,2014B,0.45,0.8181818181818182,0.5806451612903226
245217,CCC,2014J,0.05,0.3333333333333333,0.08695652173913045
245283,FFF,2013J,0.0,0.0,0.0
245494,EEE,2013J,0.35,0.4117647058823529,0.37837837837837834
245600,CCC,2014J,0.05,0.058823529411764705,0.05405405405405405
245605,EEE,2013J,0.35,0.7777777777777778,0.48275862068965514
245802,GGG,2014B,0.45,0.36,0.39999999999999997
245946,DDD,2013J,0.0,0.0,0.0
245987,BBB,2013J,0.0,0.0,0.0
246060,EEE,2013J,0.1,0.3333333333333333,0.15384615384615383
246652,DDD,2013B,0.2,0.13793103448275862,0.16326530612244897
246829,CCC,2014J,0.0,0.0,0.0
246834,AAA,2013J,0.4,0.6153846153846154,0.4848484848484849
247267,BBB,2013B,0.05,0.1,0.06666666666666667
247292,BBB,2014B,0.15,0.42857142857142855,0.2222222222222222
247457,BBB,2014J,0.35,0.3333333333333333,0.3414634146341463
247513,BBB,2014B,0.2,0.2857142857142857,0.23529411764705882
247666,FFF,2013B,0.2,0.0851063829787234,0.11940298507462686
247819,CCC,2014B,0.1,0.25,0.14285714285714288
247819,EEE,2014B,0.4,0.5333333333333333,0.4571428571428572
247856,FFF,2013B,0.0,0.0,0.0
247902,BBB,2013J,0.05,0.1,0.06666666666666667
248103,BBB,2013B,0.25,0.3333333333333333,0.28571428571428575
248270,AAA,2013J,0.2,0.3333333333333333,0.25
248511,DDD,2013B,0.05,0.025,0.03333333333333333
248581,AAA,2014J,0.5,0.625,0.5555555555555556
248653,BBB,2013J,0.15,0.1875,0.16666666666666663
248695,DDD,2013J,0.15,0.125,0.13636363636363635
248716,BBB,2013J,0.3,0.24,0.2666666666666666
248818,EEE,2014B,0.25,0.5555555555555556,0.3448275862068966
248882,FFF,2013J,0.25,0.14285714285714285,0.18181818181818182
248961,DDD,2013J,0.0,0.0,0.0
248994,DDD,2013B,0.25,0.2,0.22222222222222224
249357,FFF,2014J,0.15,0.10714285714285714,0.125
249359,DDD,2014J,0.1,0.4,0.16000000000000003
249362,FFF,2013B,0.35,0.1590909090909091,0.21875
249423,DDD,2013B,0.15,0.14285714285714285,0.14634146341463414
249534,BBB,2013B,0.3,0.3,0.3
249750,FFF,2013J,0.2,0.13793103448275862,0.16326530612244897
249965,GGG,2013J,0.3,0.2857142857142857,0.2926829268292683
249996,DDD,2013B,0.05,0.05263157894736842,0.05128205128205128
250047,EEE,2013J,0.35,0.6363636363636364,0.45161290322580644
250123,BBB,2014B,0.05,0.3333333333333333,0.08695652173913045
250159,EEE,2014J,0.05,0.5,0.09090909090909091
250163,DDD,2013J,0.3,0.1111111111111111,0.16216216216216217
251166,FFF,2014J,0.15,0.10344827586206896,0.12244897959183673
251351,BBB,2013B,0.05,0.25,0.08333333333333334
251375,FFF,2014B,0.15,0.10344827586206896,0.12244897959183673
251385,CCC,2014B,0.2,0.2222222222222222,0.2105263157894737
251405,FFF,2013J,0.35,0.21875,0.2692307692307692
251815,BBB,2013J,0.1,0.18181818181818182,0.12903225806451613
251965,FFF,2013J,0.0,0.0,0.0
251999,DDD,2013B,0.0,0.0,0.0
252041,FFF,2013B,0.1,0.13333333333333333,0.1142857142857143
252073,AAA,2014J,0.3,0.42857142857142855,0.3529411764705882
252095,FFF,2013B,0.1,0.05,0.06666666666666667
252149,DDD,2013B,0.0,0.0,0.0
252257,BBB,2013J,0.25,0.4166666666666667,0.3125
252489,DDD,2013B,0.05,0.04,0.044444444444444446
252652,BBB,2014B,0.2,0.2,0.20000000000000004
252863,BBB,2014J,0.0,0.0,0.0
253013,CCC,2014J,0.4,0.36363636363636365,0.380952380952381
253208,GGG,2013J,0.55,0.5789473684210527,0.5641025641025641
253496,CCC,2014J,0.0,0.0,0.0
253496,EEE,2014J,0.15,0.375,0.21428571428571425
253567,GGG,2013J,0.15,0.25,0.18749999999999997
253577,BBB,2013J,0.25,0.29411764705882354,0.27027027027027023
253633,FFF,2014J,0.15,0.12,0.1333333333333333
253763,FFF,2014J,0.25,0.16666666666666666,0.2
253767,FFF,2013J,0.2,0.15384615384615385,0.17391304347826086
253859,CCC,2014B,0.1,0.08333333333333333,0.0909090909090909
254044,FFF,2013B,0.15,0.15789473684210525,0.15384615384615385
254162,FFF,2013B,0.0,0.0,0.0
254325,FFF,2013B,0.2,0.19047619047619047,0.1951219512195122
254446,FFF,2013J,0.15,0.13636363636363635,0.14285714285714282
254463,FFF,2013B,0.0,0.0,0.0
254612,BBB,2014J,0.0,0.0,0.0
254625,AAA,2014J,0.2,0.25,0.22222222222222224
255310,CCC,2014B,0.15,0.17647058823529413,0.16216216216216214
255310,FFF,2013J,0.2,0.14285714285714285,0.16666666666666666
255344,FFF,2013B,0.2,0.07692307692307693,0.1111111111111111
255347,BBB,2013B,0.0,0.0,0.0
255548,AAA,2013J,0.4,0.5,0.4444444444444445
255747,DDD,2013B,0.0,0.0,0.0
255878,FFF,2014B,0.3,0.1276595744680851,0.17910447761194026
255902,DDD,2013B,0.05,0.05555555555555555,0.052631578947368425
255998,BBB,2013B,0.15,0.3333333333333333,0.20689655172413793
256144,DDD,2014J,0.3,0.2,0.24
256740,FFF,2014B,0.75,0.21428571428571427,0.3333333333333333
256815,AAA,2013J,0.35,0.28,0.3111111111111111
256867,CCC,2014J,0.1,0.2222222222222222,0.13793103448275865
256867,EEE,2014B,0.4,0.8,0.5333333333333333
256998,BBB,2013J,0.1,0.16666666666666666,0.125
257104,FFF,2014B,0.0,0.0,0.0
257167,DDD,2013J,0.1,0.08,0.08888888888888889
257887,CCC,2014J,0.3,0.2222222222222222,0.25531914893617025
257887,FFF,2013J,0.55,0.10185185185185185,0.171875
258010,DDD,2013J,0.05,0.030303030303030304,0.03773584905660378
258035,BBB,2013J,0.1,0.15384615384615385,0.12121212121212123
258042,DDD,2013J,0.3,0.17142857142857143,0.21818181818181817
258245,FFF,2014J,0.2,0.23529411764705882,0.2162162162162162
258392,AAA,2013J,0.2,0.21052631578947367,0.20512820512820512
258509,FFF,2014J,0.2,0.125,0.15384615384615385
258538,DDD,2014J,0.0,0.0,0.0
258587,AAA,2014J,0.35,0.5833333333333334,0.4375
258737,FFF,2014B,0.1,0.1,0.10000000000000002
258840,BBB,2014J,0.0,0.0,0.0
258894,AAA,2013J,0.2,0.4,0.26666666666666666
258978,FFF,2014J,0.1,0.2,0.13333333333333333
259060,DDD,2013J,0.05,0.027777777777777776,0.03571428571428571
259641,CCC,2014J,0.4,0.2222222222222222,0.2857142857142857
259641,DDD,2013J,0.2,0.10526315789473684,0.13793103448275862
259662,EEE,2013J,0.35,0.875,0.4999999999999999
259951,DDD,2013J,0.1,0.125,0.11111111111111112
260062,FFF,2014B,0.15,0.1,0.12
260077,DDD,2014J,0.2,0.2,0.20000000000000004
260137,BBB,2014J,0.45,0.36,0.39999999999999997
260179,BBB,2013J,0.15,0.42857142857142855,0.2222222222222222
260355,AAA,2013J,0.05,0.3333333333333333,0.08695652173913045
260491,DDD,2013B,0.0,0.0,0.0
260565,DDD,2014B,0.15,0.2,0.17142857142857143
260623,AAA,2014J,0.2,0.4,0.26666666666666666
260949,CCC,2014B,0.05,0.1111111111111111,0.06896551724137932
260955,BBB,2014B,0.15,0.3,0.2
261265,CCC,2014B,0.0,0.0,0.0
261265,FFF,2014B,0.05,0.043478260869565216,0.046511627906976744
261335,FFF,2013B,0.45,0.4090909090909091,0.4285714285714286
261342,GGG,2014B,0.15,0.3333333333333333,0.20689655172413793
261466,BBB,2013J,0.25,0.22727272727272727,0.23809523809523808
261495,DDD,2013J,0.15,0.14285714285714285,0.14634146341463414
261615,CCC,2014B,0.15,0.12,0.1333333333333333
261718,GGG,2013J,0.25,0.23809523809523808,0.24390243902439024
262011,AAA,2013J,0.05,0.14285714285714285,0.07407407407407408
262025,FFF,2014J,0.25,0.16666666666666666,0.2
262294,BBB,2013B,0.05,0.1,0.06666666666666667
262385,CCC,2014J,0.0,0.0,0.0
262394,FFF,2014J,0.0,0.0,0.0
262403,FFF,2013J,0.25,0.10869565217391304,0.15151515151515152
262454,BBB,2013B,0.1,0.1111111111111111,0.10526315789473685
262639,BBB,2013J,0.15,0.23076923076923078,0.18181818181818185
262741,BBB,2013B,0.0,0.0,0.0
262934,AAA,2013J,0.05,0.1111111111111111,0.06896551724137932
263251,AAA,2014J,0.35,0.5833333333333334,0.4375
263341,GGG,2014J,0.15,0.3333333333333333,0.20689655172413793
263448,BBB,2014J,0.5,0.43478260869565216,0.46511627906976744
263499,BBB,2013B,0.05,0.07692307692307693,0.060606060606060615
263543,AAA,2014J,0.3,0.375,0.33333333333333326
263862,FFF,2014J,0.3,0.15,0.2
263952,AAA,2014J,0.25,0.3125,0.2777777777777778
264106,BBB,2014B,0.05,0.16666666666666666,0.07692307692307691
264151,CCC,2014J,0.1,0.6666666666666666,0.1739130434782609
264152,BBB,2013J,0.0,0.0,0.0
264159,CCC,2014B,0.0,0.0,0.0
264164,FFF,2013J,0.3,0.1935483870967742,0.23529411764705882
264715,CCC,2014J,0.0,0.0,0.0
264723,DDD,2014B,0.05,0.2,0.08000000000000002
264744,BBB,2013J,0.1,0.4,0.16000000000000003
264845,CCC,2014J,0.05,0.030303030303030304,0.03773584905660378
265112,FFF,2013B,0.1,0.0425531914893617,0.05970149253731343
265268,FFF,2013J,0.25,0.11627906976744186,0.15873015873015872
265466,BBB,2014J,0.2,0.2222222222222222,0.2105263157894737
265497,FFF,2014J,0.3,0.2857142857142857,0.2926829268292683
265769,EEE,2013J,0.3,0.6666666666666666,0.41379310344827586
265855,FFF,2013B,0.15,0.06666666666666667,0.09230769230769231
265958,BBB,2014B,0.05,1.0,0.09523809523809523
265978,FFF,2013J,0.25,0.21739130434782608,0.23255813953488372
266286,DDD,2013J,0.2,0.17391304347826086,0.18604651162790697
266331,BBB,2013J,0.2,0.13333333333333333,0.16
266450,DDD,2013B,0.0,0.0,0.0
266514,DDD,2013B,0.0,0.0,0.0
266524,AAA,2014J,0.3,0.4,0.34285714285714286
266536,FFF,2014B,0.25,0.14705882352941177,0.18518518518518517
266558,DDD,2013J,0.25,0.625,0.35714285714285715
266564,BBB,2013J,0.15,0.13636363636363635,0.14285714285714282
266626,GGG,2013J,0.35,0.35,0.35
266922,DDD,2014B,0.0,0.0,0.0
267602,FFF,2013B,0.6,0.19047619047619047,0.2891566265060241
267619,CCC,2014J,0.2,0.23529411764705882,0.2162162162162162
267761,BBB,2013B,0.0,0.0,0.0
267871,DDD,2013J,0.05,0.038461538461538464,0.043478260869565216
268073,AAA,2013J,0.75,0.5555555555555556,0.6382978723404256
268143,DDD,2014J,0.05,0.07142857142857142,0.058823529411764705
268153,FFF,2013J,0.15,0.15789473684210525,0.15384615384615385
268301,BBB,2014B,0.0,0.0,0.0
268391,GGG,2013J,0.4,0.4444444444444444,0.4210526315789474
268589,BBB,2013J,0.05,0.2,0.08000000000000002
268649,FFF,2014B,0.0,0.0,0.0
268733,AAA,2013J,0.0,0.0,0.0
269082,BBB,2013J,0.3,0.13953488372093023,0.1904761904761905
269204,BBB,2013J,0.3,0.17647058823529413,0.22222222222222224
269220,EEE,2014J,0.5,0.7692307692307693,0.6060606060606061
269243,FFF,2013B,0.2,0.0449438202247191,0.07339449541284404
269388,CCC,2014J,0.1,0.11764705882352941,0.1081081081081081
269508,FFF,2013J,0.5,0.15625,0.23809523809523808
269510,BBB,2014J,0.05,0.5,0.09090909090909091
269575,DDD,2014J,0.05,0.05,0.05000000000000001
269584,FFF,2014J,0.05,0.045454545454545456,0.04761904761904762
269676,CCC,2014B,0.1,0.14285714285714285,0.11764705882352941
269676,DDD,2013B,0.1,0.07407407407407407,0.0851063829787234
269730,FFF,2014B,0.15,0.13636363636363635,0.14285714285714282
269764,EEE,2013J,0.0,0.0,0.0
269856,DDD,2014J,0.25,0.14285714285714285,0.18181818181818182
270393,DDD,2013J,0.1,0.06451612903225806,0.0784313725490196
270421,FFF,2014J,0.55,0.21568627450980393,0.30985915492957744
270502,DDD,2014J,0.1,0.08333333333333333,0.0909090909090909
270567,BBB,2013B,0.1,0.2857142857142857,0.14814814814814817
270638,EEE,2013J,0.35,0.7777777777777778,0.48275862068965514
270646,BBB,2013J,0.15,0.2727272727272727,0.19354838709677416
270814,DDD,2013B,0.1,0.06666666666666667,0.08
270988,EEE,2014J,0.4,0.8,0.5333333333333333
271036,BBB,2013B,0.3,0.16666666666666666,0.21428571428571427
271251,AAA,2013J,0.55,0.7857142857142857,0.6470588235294117
271526,DDD,2013J,0.05,0.019230769230769232,0.027777777777777776
271974,DDD,2014B,0.1,0.08695652173913043,0.09302325581395349
272580,BBB,2013B,0.25,0.29411764705882354,0.27027027027027023
273339,DDD,2013B,0.0,0.0,0.0
273346,AAA,2014J,0.5,0.8333333333333334,0.625
273442,FFF,2013J,0.25,0.1388888888888889,0.17857142857142858
273731,BBB,2013B,0.05,0.1111111111111111,0.06896551724137932
273782,FFF,2013J,0.05,0.045454545454545456,0.04761904761904762
273877,BBB,2013B,0.2,0.5,0.28571428571428575
274218,EEE,2014B,0.25,0.8333333333333334,0.3846153846153846
274247,BBB,2013J,0.2,0.2222222222222222,0.2105263157894737
274443,FFF,2013J,0.0,0.0,0.0
274947,AAA,2014J,0.0,0.0,0.0
274967,EEE,2014J,0.35,0.7,0.4666666666666667
274971,BBB,2013J,0.2,0.14285714285714285,0.16666666666666666
275006,BBB,2014J,0.0,0.0,0.0
275112,BBB,2014B,0.0,0.0,0.0
275136,GGG,2014J,0.35,0.25,0.2916666666666667
275151,FFF,2013B,0.25,0.078125,0.11904761904761904
275180,BBB,2014J,0.5,0.38461538461538464,0.4347826086956522
275232,DDD,2013J,0.3,0.10909090909090909,0.16
275297,CCC,2014J,0.65,0.2826086956521739,0.3939393939393939
275297,DDD,2014J,0.15,0.06666666666666667,0.09230769230769231
275711,CCC,2014J,0.25,0.0847457627118644,0.12658227848101267
275792,AAA,2014J,0.15,0.25,0.18749999999999997
276265,FFF,2014J,0.8,0.2077922077922078,0.32989690721649484
276314,FFF,2013B,0.55,0.3235294117647059,0.4074074074074075
276388,FFF,2013J,0.05,0.05,0.05000000000000001
276717,BBB,2013B,0.1,0.10526315789473684,0.10256410256410256
276808,FFF,2013J,0.35,0.175,0.23333333333333334
276830,GGG,2013J,0.2,0.4,0.26666666666666666
276857,DDD,2013J,0.25,0.10204081632653061,0.14492753623188406
276893,GGG,2014J,0.4,0.47058823529411764,0.4324324324324324
276925,BBB,2014J,0.05,0.08333333333333333,0.0625
276935,DDD,2014J,0.05,0.02702702702702703,0.03508771929824561
277044,FFF,2013B,0.25,0.0641025641025641,0.1020408163265306
277123,AAA,2014J,0.2,0.4,0.26666666666666666
277166,DDD,2014B,0.05,0.08333333333333333,0.0625
277412,DDD,2013J,0.0,0.0,0.0
277577,FFF,2014B,0.3,0.2727272727272727,0.28571428571428564
277596,DDD,2013J,0.2,0.09302325581395349,0.12698412698412698
277729,DDD,2013J,0.1,0.4,0.16000000000000003
277733,BBB,2013B,0.05,0.08333333333333333,0.0625
277812,BBB,2013J,0.15,0.16666666666666666,0.15789473684210525
277880,AAA,2013J,0.3,0.5454545454545454,0.3870967741935483
277967,BBB,2014J,0.1,0.09523809523809523,0.0975609756097561
278155,FFF,2014B,0.25,0.09803921568627451,0.14084507042253522
278272,BBB,2013J,0.05,0.5,0.09090909090909091
278380,FFF,2014J,0.25,0.1388888888888889,0.17857142857142858
278447,BBB,2013B,0.1,0.13333333333333333,0.1142857142857143
278786,EEE,2014B,0.1,0.2222222222222222,0.13793103448275865
278794,BBB,2013J,0.05,0.125,0.07142857142857144
278861,CCC,2014B,0.0,0.0,0.0
278955,FFF,2013J,0.15,0.15,0.15
278962,GGG,2014B,0.3,0.375,0.33333333333333326
279085,FFF,2013J,0.4,0.10526315789473684,0.16666666666666666
279440,FFF,2014J,0.4,0.11764705882352941,0.1818181818181818
279572,AAA,2013J,0.3,0.375,0.33333333333333326
279653,FFF,2014J,0.4,0.18181818181818182,0.25000000000000006
279747,GGG,2013J,0.15,0.17647058823529413,0.16216216216216214
279750,FFF,2013J,0.45,0.21428571428571427,0.29032258064516125
279755,FFF,2014B,0.15,0.10714285714285714,0.125
279868,CCC,2014B,0.0,0.0,0.0
279868,DDD,2013J,0.1,0.09523809523809523,0.0975609756097561
280017,EEE,2013J,0.65,0.7222222222222222,0.6842105263157895
280152,BBB,2014J,0.15,0.1875,0.16666666666666663
281022,AAA,2013J,0.2,0.2222222222222222,0.2105263157894737
281077,AAA,2014J,0.15,0.3333333333333333,0.20689655172413793
281118,DDD,2013B,0.05,0.08333333333333333,0.0625
281134,FFF,2014J,0.2,0.10810810810810811,0.14035087719298245
281172,DDD,2014J,0.05,0.0625,0.05555555555555556
281250,AAA,2013J,0.0,0.0,0.0
281564,BBB,2013B,0.1,0.5,0.16666666666666669
281619,GGG,2013J,0.3,0.6,0.4
281636,AAA,2014J,0.6,0.35294117647058826,0.4444444444444445
281638,FFF,2013J,0.2,0.14285714285714285,0.16666666666666666
281651,FFF,2013B,0.25,0.21739130434782608,0.23255813953488372
281801,CCC,2014B,0.3,0.1875,0.23076923076923075
281920,DDD,2014J,0.3,0.18181818181818182,0.22641509433962265
282193,CCC,2014B,0.15,0.11538461538461539,0.13043478260869565
282193,DDD,2013B,0.05,0.05263157894736842,0.05128205128205128
282317,DDD,2013J,0.1,0.0625,0.07692307692307693
282388,GGG,2014B,0.5,0.5555555555555556,0.5263157894736842
282713,BBB,2014B,0.0,0.0,0.0
282806,FFF,2014B,0.0,0.0,0.0
282821,AAA,2013J,0.1,0.14285714285714285,0.11764705882352941
282849,FFF,2014J,0.15,0.10714285714285714,0.125
282879,FFF,2013B,0.15,0.10344827586206896,0.12244897959183673
282975,FFF,2013J,0.45,0.1111111111111111,0.1782178217821782
283133,EEE,2013J,0.15,0.75,0.24999999999999997
283230,FFF,2013B,0.15,0.058823529411764705,0.08450704225352114
283348,FFF,2013B,0.1,0.06666666666666667,0.08
283402,FFF,2014J,0.4,0.2,0.26666666666666666
283564,BBB,2014B,0.1,0.2222222222222222,0.13793103448275865
283618,DDD,2013B,0.15,0.09090909090909091,0.11320754716981132
283798,CCC,2014B,0.0,0.0,0.0
283953,FFF,2013J,0.6,0.32432432432432434,0.4210526315789474
284076,BBB,2013B,0.1,0.25,0.14285714285714288
284095,CCC,2014J,0.05,0.03333333333333333,0.04
284095,EEE,2014J,0.45,0.6428571428571429,0.5294117647058824
284246,BBB,2014J,0.05,0.058823529411764705,0.05405405405405405
284395,FFF,2013J,0.15,0.07317073170731707,0.09836065573770492
284762,BBB,2014J,0.15,0.1875,0.16666666666666663
284812,CCC,2014B,0.3,0.21428571428571427,0.25
284906,BBB,2013J,0.15,0.375,0.21428571428571425
285050,BBB,2013J,0.05,0.3333333333333333,0.08695652173913045
285085,DDD,2013J,0.1,0.4,0.16000000000000003
285096,DDD,2013B,0.35,0.14893617021276595,0.208955223880597
285170,CCC,2014B,0.35,0.12280701754385964,0.1818181818181818
285170,EEE,2014B,0.25,0.23809523809523808,0.24390243902439024
285193,GGG,2014B,0.25,0.35714285714285715,0.2941176470588235
285315,AAA,2014J,0.1,0.2,0.13333333333333333
285391,FFF,2013B,0.4,0.3076923076923077,0.34782608695652173
285412,DDD,2014B,0.0,0.0,0.0
285470,BBB,2014J,0.05,0.1111111111111111,0.06896551724137932
285475,CCC,2014B,0.1,0.1111111111111111,0.10526315789473685
285475,DDD,2013B,0.15,0.07894736842105263,0.10344827586206896
285481,DDD,2014J,0.05,0.05,0.05000000000000001
285557,DDD,2013J,0.05,0.03571428571428571,0.041666666666666664
285567,BBB,2014B,0.05,0.03225806451612903,0.0392156862745098
285633,BBB,2013B,0.0,0.0,0.0
285637,CCC,2014J,0.0,0.0,0.0
285705,GGG,2013J,0.05,0.14285714285714285,0.07407407407407408
285912,BBB,2013B,0.0,0.0,0.0
285934,EEE,2014J,0.4,0.7272727272727273,0.5161290322580645
285996,FFF,2013B,0.0,0.0,0.0
286160,GGG,2013J,0.4,0.47058823529411764,0.4324324324324324
286262,EEE,2014J,0.2,0.5714285714285714,0.29629629629629634
286338,BBB,2014J,0.25,0.3125,0.2777777777777778
286402,BBB,2013J,0.2,0.14285714285714285,0.16666666666666666
286422,FFF,2013B,0.05,0.05,0.05000000000000001
286488,AAA,2013J,0.45,0.45,0.45
286527,EEE,2014J,0.15,0.5,0.23076923076923075
286658,CCC,2014J,0.1,0.13333333333333333,0.1142857142857143
286762,GGG,2013J,0.5,0.625,0.5555555555555556
286778,FFF,2014J,0.3,0.20689655172413793,0.24489795918367346
286842,DDD,2013J,0.05,0.2,0.08000000000000002
286914,BBB,2014B,0.0,0.0,0.0
286947,BBB,2014J,0.15,0.23076923076923078,0.18181818181818185
287040,AAA,2014J,0.7,0.5185185185185185,0.5957446808510639
287079,FFF,2014J,0.15,0.23076923076923078,0.18181818181818185
287099,FFF,2013B,0.1,0.11764705882352941,0.1081081081081081
287107,BBB,2013J,0.0,0.0,0.0
287204,AAA,2014J,0.65,0.6190476190476191,0.6341463414634146
287210,AAA,2014J,0.2,0.8,0.32000000000000006
287258,FFF,2014J,0.2,0.08163265306122448,0.11594202898550723
287309,BBB,2013J,0.15,0.17647058823529413,0.16216216216216214
287432,DDD,2013B,0.25,0.14705882352941177,0.18518518518518517
287548,AAA,2013J,0.2,0.4444444444444444,0.2758620689655173
287679,BBB,2013J,0.2,0.3076923076923077,0.24242424242424246
287783,DDD,2013J,0.1,0.06451612903225806,0.0784313725490196
288086,BBB,2014J,0.35,0.3181818181818182,0.3333333333333333
288282,EEE,2013J,0.3,0.75,0.4285714285714285
288967,BBB,2014B,0.05,0.125,0.07142857142857144
289009,CCC,2014B,0.1,0.125,0.11111111111111112
289009,DDD,2013J,0.25,0.23809523809523808,0.24390243902439024
289108,BBB,2014B,0.05,0.043478260869565216,0.046511627906976744
289221,FFF,2013J,0.4,0.12698412698412698,0.19277108433734938
289247,FFF,2014J,0.15,0.14285714285714285,0.14634146341463414
289304,FFF,2013J,0.4,0.14285714285714285,0.21052631578947364
289397,EEE,2014B,0.15,0.75,0.24999999999999997
289449,AAA,2014J,0.25,0.4166666666666667,0.3125
290043,DDD,2013B,0.1,0.11764705882352941,0.1081081081081081
290089,BBB,2013J,0.05,0.08333333333333333,0.0625
290164,AAA,2014J,0.6,0.8,0.6857142857142857
290184,BBB,2014J,0.1,0.2222222222222222,0.13793103448275865
290201,AAA,2013J,0.25,0.625,0.35714285714285715
290382,EEE,2013J,0.35,0.5833333333333334,0.4375
290521,FFF,2013J,0.2,0.12121212121212122,0.15094339622641512
290550,BBB,2013B,0.1,0.15384615384615385,0.12121212121212123
290658,GGG,2013J,0.25,0.45454545454545453,0.3225806451612903
290757,AAA,2013J,0.1,0.2,0.13333333333333333
290854,GGG,2014J,0.4,0.6153846153846154,0.4848484848484849
290914,BBB,2014B,0.05,0.047619047619047616,0.04878048780487805
291037,BBB,2013B,0.0,0.0,0.0
291133,DDD,2013B,0.15,0.06382978723404255,0.08955223880597013
291194,BBB,2013B,0.2,0.21052631578947367,0.20512820512820512
291237,FFF,2013J,0.1,0.05555555555555555,0.07142857142857142
291334,AAA,2013J,0.4,0.6153846153846154,0.4848484848484849
291516,FFF,2013J,0.0,0.0,0.0
291544,BBB,2013J,0.05,0.05263157894736842,0.05128205128205128
291674,CCC,2014J,0.05,0.06666666666666667,0.05714285714285715
291674,EEE,2014B,0.25,0.5555555555555556,0.3448275862068966
291745,FFF,2013J,0.45,0.11842105263157894,0.1875
291805,CCC,2014B,0.35,0.21212121212121213,0.26415094339622636
291844,BBB,2014B,0.05,0.05263157894736842,0.05128205128205128
291960,FFF,2013B,0.1,0.05263157894736842,0.06896551724137931
292136,GGG,2013J,0.45,0.47368421052631576,0.46153846153846156
292525,AAA,2014J,0.35,0.5,0.4117647058823529
292537,BBB,2013J,0.2,0.26666666666666666,0.2285714285714286
292694,DDD,2013J,0.2,0.25,0.22222222222222224
292775,AAA,2014J,0.4,0.6666666666666666,0.5
293162,CCC,2014J,0.2,0.10810810810810811,0.14035087719298245
293387,BBB,2014J,0.3,0.3157894736842105,0.3076923076923077
293454,FFF,2014B,0.1,0.3333333333333333,0.15384615384615383
293686,CCC,2014J,0.05,0.018867924528301886,0.027397260273972605
293686,EEE,2014B,0.3,0.6666666666666666,0.41379310344827586
293699,AAA,2013J,0.0,0.0,0.0
293712,BBB,2013J,0.1,0.14285714285714285,0.11764705882352941
293754,BBB,2013J,0.15,0.16666666666666666,0.15789473684210525
293760,BBB,2013J,0.1,0.5,0.16666666666666669
293824,AAA,2014J,0.3,0.46153846153846156,0.3636363636363637
293853,DDD,2013J,0.1,0.16666666666666666,0.125
293992,BBB,2014B,0.0,0.0,0.0
294112,CCC,2014J,0.05,0.3333333333333333,0.08695652173913045
294112,FFF,2014J,0.0,0.0,0.0
294134,BBB,2014J,0.15,0.2,0.17142857142857143
294219,FFF,2014J,0.15,0.1111111111111111,0.12765957446808512
294364,DDD,2013J,0.0,0.0,0.0
294496,AAA,2014J,0.3,0.42857142857142855,0.3529411764705882
294513,BBB,2014B,0.1,0.3333333333333333,0.15384615384615383
294570,AAA,2013J,0.45,0.5625,0.5
294594,AAA,2013J,0.2,0.3333333333333333,0.25
294655,AAA,2014J,0.35,0.3888888888888889,0.36842105263157887
294929,FFF,2014J,0.05,0.125,0.07142857142857144
294961,BBB,2013B,0.0,0.0,0.0
295060,AAA,2014J,0.1,0.16666666666666666,0.125
295075,AAA,2014J,0.5,0.43478260869565216,0.46511627906976744
295118,DDD,2014J,0.05,0.0196078431372549,0.02816901408450704
295255,FFF,2013J,0.75,0.29411764705882354,0.42253521126760557
295728,BBB,2014B,0.0,0.0,0.0
295741,AAA,2013J,0.2,0.5,0.28571428571428575
295741,FFF,2014B,0.05,0.05263157894736842,0.05128205128205128
295754,BBB,2013B,0.1,0.5,0.16666666666666669
296138,DDD,2014J,0.1,0.125,0.11111111111111112
296222,EEE,2014J,0.5,0.6666666666666666,0.5714285714285715
296232,BBB,2014B,0.05,0.25,0.08333333333333334
296332,AAA,2013J,0.2,0.5714285714285714,0.29629629629629634
296411,CCC,2014B,0.2,0.21052631578947367,0.20512820512820512
296424,AAA,2014J,0.3,0.6666666666666666,0.41379310344827586
296904,FFF,2014B,0.25,0.17857142857142858,0.20833333333333331
296993,GGG,2013J,0.15,0.1875,0.16666666666666663
297014,FFF,2014B,0.35,0.175,0.23333333333333334
297166,CCC,2014J,0.1,0.3333333333333333,0.15384615384615383
297179,BBB,2014J,0.25,0.20833333333333334,0.22727272727272727
297218,FFF,2014J,0.35,0.16279069767441862,0.22222222222222227
297341,FFF,2014J,0.1,0.2,0.13333333333333333
297484,BBB,2013B,0.0,0.0,0.0
297685,BBB,2014J,0.25,0.3333333333333333,0.28571428571428575
297853,EEE,2013J,0.5,0.8333333333333334,0.625
297990,GGG,2013J,0.15,0.375,0.21428571428571425
298034,AAA,2014J,0.2,0.2857142857142857,0.23529411764705882
298040,CCC,2014B,0.15,0.1875,0.16666666666666663
298040,DDD,2013B,0.25,0.14285714285714285,0.18181818181818182
298148,EEE,2014J,0.1,0.4,0.16000000000000003
298186,GGG,2013J,0.3,0.5454545454545454,0.3870967741935483
298187,BBB,2014J,0.15,0.1875,0.16666666666666663
298303,BBB,2014J,0.3,0.75,0.4285714285714285
298322,BBB,2013B,0.1,0.2222222222222222,0.13793103448275865
298402,DDD,2013J,0.15,0.10344827586206896,0.12244897959183673
298476,BBB,2013B,0.05,0.08333333333333333,0.0625
298497,DDD,2013B,0.0,0.0,0.0
298696,AAA,2013J,0.05,0.1,0.06666666666666667
298777,DDD,2014J,0.05,0.5,0.09090909090909091
298838,AAA,2014J,0.4,0.34782608695652173,0.37209302325581395
298961,BBB,2014J,0.2,0.3076923076923077,0.24242424242424246
299237,FFF,2013B,0.15,0.12,0.1333333333333333
299281,FFF,2013J,0.25,0.10416666666666667,0.14705882352941177
299473,DDD,2013J,0.2,0.125,0.15384615384615385
299707,EEE,2014J,0.45,0.8181818181818182,0.5806451612903226
299886,FFF,2013J,0.25,0.1111111111111111,0.15384615384615383
299949,DDD,2014B,0.05,0.1111111111111111,0.06896551724137932
300059,CCC,2014B,0.05,0.08333333333333333,0.0625
300264,FFF,2013B,0.2,0.23529411764705882,0.2162162162162162
300398,AAA,2013J,0.1,0.2222222222222222,0.13793103448275865
300508,GGG,2013J,0.55,0.5789473684210527,0.5641025641025641
300592,DDD,2014B,0.2,0.18181818181818182,0.1904761904761905
300592,EEE,2013J,0.1,0.2857142857142857,0.14814814814814817
300611,CCC,2014J,0.0,0.0,0.0
300819,BBB,2014J,0.3,0.3333333333333333,0.3157894736842105
301074,FFF,2014J,0.35,0.2,0.2545454545454545
301232,CCC,2014B,0.2,0.2,0.20000000000000004
301498,GGG,2014B,0.4,0.6666666666666666,0.5
301967,AAA,2014J,0.15,0.3333333333333333,0.20689655172413793
301987,BBB,2013J,0.05,0.16666666666666666,0.07692307692307691
302145,GGG,2014J,0.25,0.29411764705882354,0.27027027027027023
302476,AAA,2014J,0.3,0.5454545454545454,0.3870967741935483
302522,GGG,2014J,0.05,1.0,0.09523809523809523
302924,FFF,2013B,0.1,0.047619047619047616,0.06451612903225806
303141,DDD,2014J,0.0,0.0,0.0
303165,BBB,2014J,0.15,0.15,0.15
303165,GGG,2013J,0.2,0.4444444444444444,0.2758620689655173
303218,CCC,2014J,0.05,0.037037037037037035,0.0425531914893617
303288,FFF,2013B,0.0,0.0,0.0
303521,AAA,2014J,0.65,0.3170731707317073,0.42622950819672134
303582,DDD,2013J,0.15,0.13043478260869565,0.13953488372093023
303595,FFF,2013B,0.45,0.1836734693877551,0.2608695652173913
303617,BBB,2013J,0.05,1.0,0.09523809523809523
303617,BBB,2014J,0.05,0.05,0.05000000000000001
303985,AAA,2014J,0.05,0.1111111111111111,0.06896551724137932
304240,FFF,2013J,0.45,0.3103448275862069,0.3673469387755102
304465,AAA,2014J,0.6,0.6,0.6
304589,FFF,2013J,0.25,0.07575757575757576,0.11627906976744187
304734,DDD,2013B,0.05,0.09090909090909091,0.06451612903225806
304893,DDD,2013B,0.0,0.0,0.0
305036,EEE,2013J,0.1,0.2222222222222222,0.13793103448275865
305064,FFF,2014J,0.3,0.2727272727272727,0.28571428571428564
305152,AAA,2013J,0.0,0.0,0.0
305373,BBB,2014B,0.0,0.0,0.0
305386,AAA,2013J,0.5,0.6666666666666666,0.5714285714285715
305535,DDD,2013J,0.05,0.14285714285714285,0.07407407407407408
305659,FFF,2014J,0.65,0.3333333333333333,0.4406779661016949
305783,EEE,2013J,0.35,0.7777777777777778,0.48275862068965514
305792,GGG,2014B,0.15,0.1875,0.16666666666666663
305858,FFF,2013J,0.15,0.17647058823529413,0.16216216216216214
305876,FFF,2014B,0.2,0.13793103448275862,0.16326530612244897
305909,BBB,2014J,0.15,0.15,0.15
305918,FFF,2014B,0.15,0.21428571428571427,0.1764705882352941
305935,BBB,2013J,0.0,0.0,0.0
306107,AAA,2013J,0.35,0.5833333333333334,0.4375
306150,EEE,2013J,0.5,0.9090909090909091,0.6451612903225806
306202,CCC,2014J,0.2,0.3076923076923077,0.24242424242424246
306466,AAA,2013J,0.4,0.42105263157894735,0.41025641025641024
306478,BBB,2014J,0.1,0.15384615384615385,0.12121212121212123
306610,GGG,2013J,0.25,0.29411764705882354,0.27027027027027023
306646,AAA,2014J,0.05,0.25,0.08333333333333334
306886,BBB,2013B,0.0,0.0,0.0
306897,AAA,2013J,0.15,0.21428571428571427,0.1764705882352941
306944,DDD,2014B,0.0,0.0,0.0
306964,BBB,2013J,0.1,0.15384615384615385,0.12121212121212123
307061,AAA,2013J,0.25,0.3125,0.2777777777777778
307245,FFF,2013J,0.0,0.0,0.0
307290,DDD,2013B,0.0,0.0,0.0
307386,BBB,2014B,0.1,0.6666666666666666,0.1739130434782609
307676,FFF,2013J,0.25,0.3333333333333333,0.28571428571428575
307689,FFF,2013B,0.1,0.15384615384615385,0.12121212121212123
307866,AAA,2013J,0.2,0.3333333333333333,0.25
307953,EEE,2014J,0.25,0.2777777777777778,0.2631578947368421
308363,FFF,2013B,0.2,0.10256410256410256,0.13559322033898302
308767,DDD,2013B,0.0,0.0,0.0
308775,BBB,2014J,0.1,0.2,0.13333333333333333
308807,GGG,2014J,0.3,0.3333333333333333,0.3157894736842105
309118,CCC,2014B,0.1,0.05555555555555555,0.07142857142857142
309142,AAA,2014J,0.35,0.3684210526315789,0.358974358974359
309175,BBB,2013B,0.05,0.5,0.09090909090909091
309580,DDD,2013B,0.4,0.16326530612244897,0.23188405797101447
309709,BBB,2013B,0.0,0.0,0.0
309734,BBB,2013B,0.4,0.4444444444444444,0.4210526315789474
309756,DDD,2014B,0.05,0.14285714285714285,0.07407407407407408
309893,FFF,2013J,0.15,0.06382978723404255,0.08955223880597013
310088,CCC,2014B,0.0,0.0,0.0
310205,FFF,2014J,0.15,0.10344827586206896,0.12244897959183673
310280,CCC,2014J,0.2,0.2222222222222222,0.2105263157894737
310412,AAA,2014J,0.3,0.46153846153846156,0.3636363636363637
310646,FFF,2013J,0.4,0.1702127659574468,0.23880597014925373
310765,CCC,2014J,0.05,0.5,0.09090909090909091
310933,BBB,2013J,0.1,0.15384615384615385,0.12121212121212123
310968,EEE,2014J,0.4,0.6666666666666666,0.5
311158,GGG,2013J,0.45,0.5,0.4736842105263158
311235,AAA,2014J,0.35,0.4117647058823529,0.37837837837837834
311599,BBB,2014B,0.2,0.21052631578947367,0.20512820512820512
311616,CCC,2014B,0.05,0.07142857142857142,0.058823529411764705
311845,EEE,2013J,0.4,0.7272727272727273,0.5161290322580645
311862,CCC,2014J,0.0,0.0,0.0
311877,DDD,2013J,0.0,0.0,0.0
311889,BBB,2014B,0.05,0.3333333333333333,0.08695652173913045
311917,AAA,2013J,0.2,0.4444444444444444,0.2758620689655173
312061,CCC,2014J,0.15,0.16666666666666666,0.15789473684210525
312231,FFF,2014J,0.25,0.15151515151515152,0.18867924528301888
312537,AAA,2013J,0.3,0.375,0.33333333333333326
312760,FFF,2013J,0.35,0.2916666666666667,0.31818181818181823
312761,DDD,2014B,0.0,0.0,0.0
312782,AAA,2013J,0.05,0.25,0.08333333333333334
312960,FFF,2014J,0.45,0.3,0.36000000000000004
313206,FFF,2013J,0.2,0.4,0.26666666666666666
313243,FFF,2014B,0.25,0.09090909090909091,0.13333333333333333
313246,BBB,2014B,0.15,0.25,0.18749999999999997
313501,EEE,2013J,0.4,0.6666666666666666,0.5
313561,DDD,2014J,0.05,0.06666666666666667,0.05714285714285715
313756,FFF,2014B,0.3,0.13043478260869565,0.18181818181818182
313810,BBB,2013B,0.2,0.11764705882352941,0.14814814814814817
313925,GGG,2014J,0.25,0.22727272727272727,0.23809523809523808
313937,AAA,2014J,0.55,0.5238095238095238,0.5365853658536585
313975,FFF,2013B,0.35,0.12962962962962962,0.18918918918918917
314252,BBB,2014J,0.35,0.3684210526315789,0.358974358974359
314507,FFF,2013B,0.0,0.0,0.0
314548,FFF,2013B,0.0,0.0,0.0
314675,BBB,2014J,0.05,0.125,0.07142857142857144
314776,FFF,2013J,0.15,0.11538461538461539,0.13043478260869565
314801,BBB,2014J,0.2,0.26666666666666666,0.2285714285714286
314956,CCC,2014J,0.15,0.1875,0.16666666666666663
314956,DDD,2013J,0.05,0.1111111111111111,0.06896551724137932
315025,FFF,2014B,0.05,0.047619047619047616,0.04878048780487805
315076,AAA,2014J,0.3,0.46153846153846156,0.3636363636363637
315105,BBB,2013J,0.2,0.19047619047619047,0.1951219512195122
315186,BBB,2013B,0.05,0.08333333333333333,0.0625
315625,DDD,2013J,0.2,0.2857142857142857,0.23529411764705882
315728,CCC,2014B,0.15,0.15789473684210525,0.15384615384615385
315730,DDD,2013J,0.15,0.07894736842105263,0.10344827586206896
315744,AAA,2014J,0.25,0.5,0.3333333333333333
315795,FFF,2014J,0.1,0.07407407407407407,0.0851063829787234
315808,FFF,2013J,0.3,0.17142857142857143,0.21818181818181817
315850,FFF,2014B,0.2,0.17391304347826086,0.18604651162790697
315909,DDD,2013J,0.05,0.16666666666666666,0.07692307692307691
315945,FFF,2013B,0.05,0.037037037037037035,0.0425531914893617
316076,BBB,2013J,0.15,0.23076923076923078,0.18181818181818185
316082,FFF,2014J,0.1,0.13333333333333333,0.1142857142857143
316091,CCC,2014J,0.0,0.0,0.0
316098,FFF,2013J,0.5,0.19230769230769232,0.2777777777777778
316227,CCC,2014B,0.35,0.3684210526315789,0.358974358974359
316289,DDD,2013B,0.1,0.125,0.11111111111111112
316541,FFF,2013J,0.25,0.16129032258064516,0.19607843137254902
316841,BBB,2013B,0.15,0.1875,0.16666666666666663
317096,DDD,2013J,0.35,0.14285714285714285,0.20289855072463767
317394,FFF,2014B,0.2,0.18181818181818182,0.1904761904761905
317399,GGG,2014J,0.1,0.4,0.16000000000000003
317801,CCC,2014J,0.1,0.125,0.11111111111111112
317801,DDD,2014B,0.0,0.0,0.0
318056,BBB,2013B,0.1,0.2,0.13333333333333333
318068,FFF,2014B,0.15,0.10714285714285714,0.125
318147,FFF,2014J,0.25,0.1111111111111111,0.15384615384615383
318500,BBB,2014B,0.0,0.0,0.0
318627,FFF,2013J,0.15,0.08108108108108109,0.10526315789473685
318769,EEE,2014J,0.6,0.631578947368421,0.6153846153846154
318794,DDD,2013J,0.2,0.2222222222222222,0.2105263157894737
318848,BBB,2013J,0.15,0.23076923076923078,0.18181818181818185
318876,BBB,2014B,0.05,0.08333333333333333,0.0625
318919,DDD,2014J,0.1,0.08333333333333333,0.0909090909090909
318933,AAA,2013J,0.05,0.125,0.07142857142857144
319042,CCC,2014B,0.0,0.0,0.0
319042,FFF,2014B,0.35,0.20588235294117646,0.25925925925925924
319047,AAA,2013J,0.7,0.6363636363636364,0.6666666666666666
319073,FFF,2014J,0.25,0.21739130434782608,0.23255813953488372
319209,BBB,2013B,0.0,0.0,0.0
319331,GGG,2013J,0.3,0.4,0.34285714285714286
319563,FFF,2013B,0.1,0.15384615384615385,0.12121212121212123
319578,FFF,2013J,0.15,0.11538461538461539,0.13043478260869565
319606,BBB,2014B,0.0,0.0,0.0
319618,BBB,2013J,0.3,0.35294117647058826,0.3243243243243243
319884,FFF,2013B,0.15,0.08333333333333333,0.10714285714285714
320014,DDD,2013B,0.2,0.11428571428571428,0.14545454545454545
320051,BBB,2013J,0.2,0.5714285714285714,0.29629629629629634
320133,FFF,2014J,0.6,0.17391304347826086,0.2696629213483146
320251,FFF,2013B,0.15,0.2,0.17142857142857143
320363,BBB,2014B,0.0,0.0,0.0
320437,FFF,2013J,0.1,0.09090909090909091,0.09523809523809525
320612,FFF,2014J,0.2,0.10526315789473684,0.13793103448275862
320757,BBB,2013J,0.15,0.2,0.17142857142857143
320963,DDD,2013J,0.1,0.06896551724137931,0.08163265306122448
321096,FFF,2014B,0.05,0.05,0.05000000000000001
321121,BBB,2014B,0.0,0.0,0.0
321346,BBB,2014B,0.0,0.0,0.0
321450,BBB,2014J,0.0,0.0,0.0
321525,DDD,2013B,0.0,0.0,0.0
321810,DDD,2014B,0.0,0.0,0.0
321942,AAA,2013J,0.55,0.6875,0.6111111111111112
321952,DDD,2014J,0.1,0.14285714285714285,0.11764705882352941
322137,DDD,2014J,0.1,0.0625,0.07692307692307693
322509,BBB,2014B,0.05,0.07142857142857142,0.058823529411764705
322641,CCC,2014J,0.15,0.2727272727272727,0.19354838709677416
322844,CCC,2014J,0.0,0.0,0.0
322985,FFF,2013B,0.2,0.09302325581395349,0.12698412698412698
323090,BBB,2013J,0.1,0.4,0.16000000000000003
323146,DDD,2013B,0.0,0.0,0.0
323370,AAA,2014J,0.9,0.46153846153846156,0.6101694915254238
323480,FFF,2013J,0.1,0.14285714285714285,0.11764705882352941
323606,BBB,2013J,0.2,0.2,0.20000000000000004
323659,DDD,2014B,0.0,0.0,0.0
323680,DDD,2014J,0.25,0.14285714285714285,0.18181818181818182
323809,FFF,2013B,0.5,0.18181818181818182,0.26666666666666666
323940,GGG,2014J,0.25,0.45454545454545453,0.3225806451612903
323984,FFF,2013J,0.15,0.125,0.13636363636363635
324002,AAA,2013J,0.5,0.625,0.5555555555555556
324084,AAA,2013J,0.35,0.5,0.4117647058823529
324095,GGG,2013J,0.2,0.25,0.22222222222222224
324257,CCC,2014B,0.0,0.0,0.0
324257,EEE,2014B,0.25,0.5555555555555556,0.3448275862068966
324282,AAA,2013J,0.1,0.6666666666666666,0.1739130434782609
324332,EEE,2013J,0.45,0.9,0.6
324338,DDD,2014J,0.05,0.5,0.09090909090909091
324447,FFF,2013B,0.25,0.14705882352941177,0.18518518518518517
324672,FFF,2013J,0.1,0.05128205128205128,0.06779661016949151
324691,DDD,2013B,0.1,0.13333333333333333,0.1142857142857143
324773,GGG,2014B,0.25,0.625,0.35714285714285715
324907,BBB,2014B,0.05,0.2,0.08000000000000002
324948,FFF,2014B,0.05,0.058823529411764705,0.05405405405405405
325044,DDD,2014B,0.0,0.0,0.0
325080,BBB,2014B,0.0,0.0,0.0
325089,FFF,2014B,0.1,0.06451612903225806,0.0784313725490196
325308,BBB,2014B,0.1,0.11764705882352941,0.1081081081081081
325497,DDD,2013J,0.1,0.13333333333333333,0.1142857142857143
325511,BBB,2013B,0.3,0.75,0.4285714285714285
325566,DDD,2014B,0.1,0.2857142857142857,0.14814814814814817
325750,FFF,2013J,0.1,0.09523809523809523,0.0975609756097561
325879,BBB,2013B,0.0,0.0,0.0
325887,BBB,2013J,0.15,0.1875,0.16666666666666663
327003,BBB,2014B,0.05,0.07692307692307693,0.060606060606060615
327024,DDD,2013B,0.1,0.05405405405405406,0.07017543859649122
327057,CCC,2014J,0.15,0.23076923076923078,0.18181818181818185
327449,DDD,2014B,0.0,0.0,0.0
327616,FFF,2014B,0.0,0.0,0.0
327641,BBB,2014B,0.15,0.5,0.23076923076923075
327650,FFF,2013B,0.2,0.125,0.15384615384615385
328024,AAA,2014J,0.4,0.7272727272727273,0.5161290322580645
328123,CCC,2014J,0.0,0.0,0.0
328123,DDD,2014B,0.0,0.0,0.0
328241,DDD,2014J,0.0,0.0,0.0
328476,FFF,2013B,0.0,0.0,0.0
328797,FFF,2014J,0.0,0.0,0.0
328844,EEE,2013J,0.4,0.7272727272727273,0.5161290322580645
328942,EEE,2013J,0.3,0.75,0.4285714285714285
329030,BBB,2013J,0.25,0.35714285714285715,0.2941176470588235
329192,BBB,2013J,0.2,0.36363636363636365,0.25806451612903225
329226,BBB,2013B,0.1,0.14285714285714285,0.11764705882352941
329455,EEE,2014B,0.45,0.6428571428571429,0.5294117647058824
329659,AAA,2014J,0.0,0.0,0.0
329673,CCC,2014B,0.3,0.2608695652173913,0.27906976744186046
329673,EEE,2013J,0.25,0.45454545454545453,0.3225806451612903
329800,BBB,2013B,0.2,0.19047619047619047,0.1951219512195122
329895,FFF,2014J,0.1,0.1,0.10000000000000002
330067,DDD,2013B,0.15,0.12,0.1333333333333333
330177,GGG,2013J,0.2,0.19047619047619047,0.1951219512195122
330192,FFF,2013J,0.1,0.03225806451612903,0.04878048780487805
330453,CCC,2014J,0.0,0.0,0.0
330530,EEE,2013J,0.0,0.0,0.0
330594,AAA,2014J,0.2,0.4444444444444444,0.2758620689655173
330682,GGG,2014J,0.2,0.2222222222222222,0.2105263157894737
330862,CCC,2014B,0.1,0.2857142857142857,0.14814814814814817
330917,BBB,2014J,0.25,0.21739130434782608,0.23255813953488372
331039,FFF,2013J,0.0,0.0,0.0
331156,BBB,2014B,0.0,0.0,0.0
331232,DDD,2013B,0.1,0.05405405405405406,0.07017543859649122
331315,DDD,2013J,0.2,0.10256410256410256,0.13559322033898302
331318,FFF,2013B,0.55,0.15492957746478872,0.24175824175824173
331354,BBB,2013B,0.05,1.0,0.09523809523809523
331358,AAA,2014J,0.9,0.375,0.5294117647058825
331404,DDD,2013J,0.25,0.1724137931034483,0.20408163265306123
331417,FFF,2013J,0.3,0.09090909090909091,0.13953488372093023
331789,FFF,2014J,0.35,0.16666666666666666,0.22580645161290322
331844,BBB,2013B,0.0,0.0,0.0
331883,FFF,2013B,0.2,0.1,0.13333333333333333
332309,DDD,2013J,0.05,0.125,0.07142857142857144
332436,CCC,2014J,0.4,0.22857142857142856,0.2909090909090909
332436,DDD,2013J,0.15,0.075,0.1
332715,GGG,2013J,0.45,0.5,0.4736842105263158
332726,DDD,2013J,0.05,0.05555555555555555,0.052631578947368425
332789,AAA,2013J,0.15,0.2,0.17142857142857143
332884,AAA,2014J,0.65,0.6190476190476191,0.6341463414634146
332945,EEE,2014J,0.55,0.8461538461538461,0.6666666666666667
333059,AAA,2013J,0.35,0.3181818181818182,0.3333333333333333
333308,DDD,2014B,0.05,0.047619047619047616,0.04878048780487805
333323,AAA,2013J,0.2,0.2222222222222222,0.2105263157894737
333493,EEE,2013J,0.4,0.8,0.5333333333333333
333637,EEE,2014J,0.15,0.3,0.2
333832,FFF,2013B,0.0,0.0,0.0
333856,DDD,2013B,0.25,0.14285714285714285,0.18181818181818182
333976,EEE,2014J,0.25,0.7142857142857143,0.37037037037037035
333993,FFF,2014J,0.25,0.18518518518518517,0.2127659574468085
334023,BBB,2014B,0.05,0.07142857142857142,0.058823529411764705
334048,DDD,2014J,0.1,0.043478260869565216,0.06060606060606061
334134,FFF,2013B,0.1,0.08,0.08888888888888889
334154,EEE,2013J,0.45,0.8181818181818182,0.5806451612903226
334224,FFF,2013B,0.15,0.10714285714285714,0.125
334225,CCC,2014J,0.05,0.07692307692307693,0.060606060606060615
334255,DDD,2013J,0.1,0.07407407407407407,0.0851063829787234
334257,DDD,2013J,0.15,0.11538461538461539,0.13043478260869565
334259,AAA,2013J,0.05,0.5,0.09090909090909091
334441,AAA,2014J,0.0,0.0,0.0
334476,FFF,2013J,0.2,0.19047619047619047,0.1951219512195122
334565,BBB,2014B,0.0,0.0,0.0
334581,DDD,2014J,0.1,0.08,0.08888888888888889
334973,DDD,2014J,0.15,0.08333333333333333,0.10714285714285714
334981,BBB,2014B,0.25,0.3125,0.2777777777777778
335018,DDD,2013J,0.05,0.07692307692307693,0.060606060606060615
335018,DDD,2014J,0.0,0.0,0.0
335020,DDD,2013B,0.35,0.109375,0.16666666666666666
335035,BBB,2014J,0.4,0.26666666666666666,0.32
335095,FFF,2014J,0.05,0.07692307692307693,0.060606060606060615
335242,FFF,2013B,0.3,0.15384615384615385,0.2033898305084746
335247,AAA,2014J,0.3,0.5,0.37499999999999994
335355,EEE,2014B,0.05,0.3333333333333333,0.08695652173913045
335405,CCC,2014J,0.3,0.24,0.2666666666666666
335405,DDD,2013J,0.25,0.1388888888888889,0.17857142857142858
335421,BBB,2013B,0.0,0.0,0.0
335476,FFF,2013J,0.05,0.05555555555555555,0.052631578947368425
335562,FFF,2013J,0.3,0.24,0.2666666666666666
335582,FFF,2013J,0.05,0.029411764705882353,0.03703703703703704
335644,FFF,2013J,0.2,0.17391304347826086,0.18604651162790697
335764,AAA,2013J,0.0,0.0,0.0
335764,AAA,2014J,0.2,0.2222222222222222,0.2105263157894737
336037,DDD,2013J,0.25,0.18518518518518517,0.2127659574468085
336131,CCC,2014J,0.25,0.12195121951219512,0.16393442622950818
336207,AAA,2013J,0.25,0.625,0.35714285714285715
336213,DDD,2014J,0.25,0.22727272727272727,0.23809523809523808
336218,DDD,2014J,0.1,0.2857142857142857,0.14814814814814817
336258,FFF,2013B,0.15,0.17647058823529413,0.16216216216216214
336356,BBB,2014B,0.0,0.0,0.0
336362,FFF,2013B,0.05,0.3333333333333333,0.08695652173913045
336398,CCC,2014B,0.1,0.1,0.10000000000000002
336402,EEE,2013J,0.2,0.4444444444444444,0.2758620689655173
336478,BBB,2013J,0.35,0.35,0.35
336684,DDD,2013B,0.1,0.18181818181818182,0.12903225806451613
336695,CCC,2014J,0.15,0.2,0.17142857142857143
336696,DDD,2013B,0.0,0.0,0.0
336772,CCC,2014J,0.2,0.13333333333333333,0.16
337000,FFF,2014J,0.3,0.12,0.17142857142857143
337151,BBB,2013J,0.05,0.16666666666666666,0.07692307692307691
337189,FFF,2013B,0.35,0.15555555555555556,0.21538461538461537
337359,DDD,2014J,0.05,0.045454545454545456,0.04761904761904762
337414,DDD,2013B,0.0,0.0,0.0
338034,DDD,2013J,0.05,0.047619047619047616,0.04878048780487805
338056,BBB,2013B,0.05,0.25,0.08333333333333334
338076,DDD,2013B,0.05,0.1,0.06666666666666667
338113,GGG,2014J,0.35,0.3888888888888889,0.36842105263157887
338407,AAA,2014J,0.05,0.16666666666666666,0.07692307692307691
338536,FFF,2013J,0.2,0.17391304347826086,0.18604651162790697
338554,BBB,2014J,0.0,0.0,0.0
338604,CCC,2014B,0.0,0.0,0.0
338689,FFF,2014J,0.35,0.11475409836065574,0.1728395061728395
338704,DDD,2014J,0.3,0.2857142857142857,0.2926829268292683
338731,CCC,2014B,0.15,0.3,0.2
338731,CCC,2014J,0.15,0.10714285714285714,0.125
338741,BBB,2013J,0.2,0.4,0.26666666666666666
338806,FFF,2013J,0.05,0.1111111111111111,0.06896551724137932
338806,FFF,2014J,0.15,0.10714285714285714,0.125
338854,EEE,2014B,0.4,0.6666666666666666,0.5
338894,EEE,2013J,0.0,0.0,0.0
338958,FFF,2014B,0.15,0.16666666666666666,0.15789473684210525
338975,FFF,2013J,0.05,0.1,0.06666666666666667
339235,CCC,2014J,0.0,0.0,0.0
339379,BBB,2013B,0.05,0.3333333333333333,0.08695652173913045
339381,BBB,2014B,0.0,0.0,0.0
339481,DDD,2013B,0.0,0.0,0.0
339494,BBB,2013J,0.15,0.25,0.18749999999999997
339513,DDD,2014B,0.2,0.08695652173913043,0.12121212121212122
339519,FFF,2014J,0.45,0.11392405063291139,0.18181818181818182
339608,BBB,2013J,0.1,0.4,0.16000000000000003
339640,EEE,2013J,0.35,0.4666666666666667,0.4
339645,GGG,2014J,0.6,0.48,0.5333333333333332
339727,GGG,2013J,0.45,0.5294117647058824,0.48648648648648646
339728,FFF,2014B,0.1,0.058823529411764705,0.07407407407407408
339739,DDD,2013J,0.1,0.1,0.10000000000000002
339785,EEE,2013J,0.2,0.36363636363636365,0.25806451612903225
339824,CCC,2014J,0.0,0.0,0.0
339824,FFF,2014B,0.3,0.2857142857142857,0.2926829268292683
339853,DDD,2014J,0.2,0.11428571428571428,0.14545454545454545
339853,GGG,2013J,0.15,0.16666666666666666,0.15789473684210525
339972,AAA,2013J,0.1,0.3333333333333333,0.15384615384615383
340010,CCC,2014J,0.1,0.1,0.10000000000000002
340216,BBB,2014J,0.4,0.34782608695652173,0.37209302325581395
340242,GGG,2014J,0.45,0.47368421052631576,0.46153846153846156
340486,GGG,2013J,0.0,0.0,0.0
340496,FFF,2013B,0.0,0.0,0.0
340627,DDD,2014J,0.15,0.16666666666666666,0.15789473684210525
340647,FFF,2013J,0.2,0.11764705882352941,0.14814814814814817
340831,BBB,2014B,0.1,0.13333333333333333,0.1142857142857143
340911,BBB,2013J,0.3,0.2727272727272727,0.28571428571428564
340965,BBB,2013J,0.1,0.4,0.16000000000000003
341010,EEE,2014J,0.35,0.875,0.4999999999999999
341096,FFF,2013J,0.15,0.06666666666666667,0.09230769230769231
341361,FFF,2013J,0.0,0.0,0.0
341470,FFF,2013J,0.25,0.13157894736842105,0.1724137931034483
341509,BBB,2013B,0.0,0.0,0.0
341611,BBB,2014J,0.0,0.0,0.0
341629,FFF,2014J,0.5,0.2857142857142857,0.36363636363636365
341854,DDD,2013J,0.05,0.14285714285714285,0.07407407407407408
341855,DDD,2013J,0.05,0.125,0.07142857142857144
341855,DDD,2014J,0.15,0.125,0.13636363636363635
341872,AAA,2013J,0.05,0.09090909090909091,0.06451612903225806
341921,DDD,2014J,0.15,0.08333333333333333,0.10714285714285714
342007,AAA,2014J,0.45,0.3103448275862069,0.3673469387755102
342017,BBB,2014B,0.1,0.5,0.16666666666666669
342100,DDD,2013J,0.15,0.10714285714285714,0.125
342125,FFF,2014B,0.3,0.13043478260869565,0.18181818181818182
342155,FFF,2013J,0.25,0.12195121951219512,0.16393442622950818
342192,BBB,2014J,0.0,0.0,0.0
342234,FFF,2014B,0.15,0.12,0.1333333333333333
342387,DDD,2013J,0.2,0.14285714285714285,0.16666666666666666
342475,FFF,2013B,0.05,0.05,0.05000000000000001
342514,AAA,2013J,0.2,0.4444444444444444,0.2758620689655173
342685,BBB,2013J,0.2,0.18181818181818182,0.1904761904761905
342799,CCC,2014J,0.0,0.0,0.0
342946,GGG,2014J,0.15,0.6,0.24
342949,DDD,2013J,0.25,0.5,0.3333333333333333
342953,FFF,2013J,0.35,0.25925925925925924,0.29787234042553196
342957,CCC,2014B,0.0,0.0,0.0
342957,EEE,2014B,0.15,0.3333333333333333,0.20689655172413793
342962,EEE,2013J,0.45,0.9,0.6
342972,AAA,2013J,0.2,0.4,0.26666666666666666
342974,CCC,2014B,0.1,0.15384615384615385,0.12121212121212123
343138,BBB,2014J,0.0,0.0,0.0
343238,DDD,2013J,0.0,0.0,0.0
343446,AAA,2013J,0.5,0.625,0.5555555555555556
343543,EEE,2013J,0.45,0.6923076923076923,0.5454545454545455
343655,GGG,2014J,0.35,0.4666666666666667,0.4
343709,FFF,2014J,0.05,0.05555555555555555,0.052631578947368425
343781,DDD,2013J,0.15,0.05454545454545454,0.08
343828,FFF,2013J,0.25,0.09803921568627451,0.14084507042253522
343911,DDD,2013J,0.2,0.1111111111111111,0.14285714285714285
344098,GGG,2014B,0.1,0.16666666666666666,0.125
344282,AAA,2013J,0.0,0.0,0.0
344367,DDD,2013B,0.15,0.23076923076923078,0.18181818181818185
344409,FFF,2014B,0.15,0.1875,0.16666666666666663
344451,FFF,2014B,0.0,0.0,0.0
344474,DDD,2013B,0.4,0.1951219512195122,0.26229508196721313
344474,DDD,2013J,0.05,0.5,0.09090909090909091
344568,BBB,2013J,0.2,0.18181818181818182,0.1904761904761905
344676,EEE,2013J,0.15,0.6,0.24
344740,EEE,2014J,0.5,0.7142857142857143,0.588235294117647
344787,FFF,2013J,0.15,0.05,0.075
344873,DDD,2013B,0.05,0.05555555555555555,0.052631578947368425
345064,FFF,2013B,0.1,0.07142857142857142,0.08333333333333333
345068,AAA,2013J,0.4,0.5,0.4444444444444445
345128,BBB,2013J,0.1,0.2222222222222222,0.13793103448275865
345256,CCC,2014B,0.1,0.0625,0.07692307692307693
345256,EEE,2014J,0.55,0.6875,0.6111111111111112
345257,DDD,2013B,0.05,0.07142857142857142,0.058823529411764705
345271,FFF,2014J,0.1,0.125,0.11111111111111112
345288,EEE,2014J,0.35,0.875,0.4999999999999999
345313,DDD,2013B,0.0,0.0,0.0
345357,AAA,2013J,0.5,0.5555555555555556,0.5263157894736842
345440,AAA,2014J,0.1,0.3333333333333333,0.15384615384615383
345442,FFF,2014B,0.05,0.16666666666666666,0.07692307692307691
345519,AAA,2014J,0.15,0.21428571428571427,0.1764705882352941
345881,GGG,2014B,0.2,0.2857142857142857,0.23529411764705882
346025,AAA,2013J,0.1,0.2222222222222222,0.13793103448275865
346093,EEE,2014J,0.55,0.9166666666666666,0.6874999999999999
346118,AAA,2014J,0.1,0.4,0.16000000000000003
346207,FFF,2013B,0.2,0.0625,0.09523809523809523
346333,DDD,2013J,0.05,0.02040816326530612,0.02898550724637681
347197,FFF,2014J,0.15,0.2,0.17142857142857143
347484,FFF,2013J,0.25,0.16129032258064516,0.19607843137254902
347518,EEE,2013J,0.4,0.6153846153846154,0.4848484848484849
347809,CCC,2014J,0.0,0.0,0.0
347809,FFF,2013J,0.0,0.0,0.0
348050,DDD,2013J,0.1,0.125,0.11111111111111112
348108,FFF,2014J,0.65,0.2549019607843137,0.36619718309859156
348159,CCC,2014B,0.05,0.045454545454545456,0.04761904761904762
348159,FFF,2013B,0.25,0.25,0.25
348288,EEE,2014J,0.3,0.42857142857142855,0.3529411764705882
348324,FFF,2014J,0.05,0.041666666666666664,0.04545454545454545
348351,EEE,2013J,0.15,0.42857142857142855,0.2222222222222222
348579,GGG,2013J,0.45,0.5625,0.5
348655,EEE,2013J,0.05,0.25,0.08333333333333334
348717,FFF,2013J,0.05,0.027777777777777776,0.03571428571428571
348771,BBB,2014B,0.35,0.1891891891891892,0.24561403508771934
348783,CCC,2014J,0.0,0.0,0.0
348783,FFF,2013J,0.2,0.10526315789473684,0.13793103448275862
348807,AAA,2014J,0.15,0.5,0.23076923076923075
348837,GGG,2014J,0.15,0.17647058823529413,0.16216216216216214
348855,CCC,2014J,0.05,0.1,0.06666666666666667
348855,FFF,2014B,0.4,0.1702127659574468,0.23880597014925373
348986,FFF,2013B,0.0,0.0,0.0
349093,CCC,2014J,0.15,0.09090909090909091,0.11320754716981132
349182,DDD,2013J,0.3,0.4,0.34285714285714286
349360,GGG,2013J,0.4,0.47058823529411764,0.4324324324324324
349515,FFF,2014J,0.25,0.21739130434782608,0.23255813953488372
349554,BBB,2013J,0.05,0.14285714285714285,0.07407407407407408
349676,FFF,2013J,0.25,0.18518518518518517,0.2127659574468085
349688,DDD,2014J,0.05,0.2,0.08000000000000002
349908,FFF,2013B,0.15,0.14285714285714285,0.14634146341463414
349910,DDD,2014J,0.1,0.13333333333333333,0.1142857142857143
350156,AAA,2014J,0.2,0.2,0.20000000000000004
350188,AAA,2013J,0.2,0.36363636363636365,0.25806451612903225
350622,BBB,2013B,0.15,0.75,0.24999999999999997
350644,DDD,2013J,0.0,0.0,0.0
350660,FFF,2013B,0.2,0.18181818181818182,0.1904761904761905
350795,BBB,2013B,0.0,0.0,0.0
350797,BBB,2014J,0.2,0.3333333333333333,0.25
350929,DDD,2013J,0.05,0.03333333333333333,0.04
350939,AAA,2014J,0.2,0.36363636363636365,0.25806451612903225
350944,GGG,2014J,0.45,0.47368421052631576,0.46153846153846156
351034,FFF,2013B,0.25,0.10416666666666667,0.14705882352941177
351050,BBB,2014J,0.2,0.3333333333333333,0.25
351080,DDD,2014J,0.25,0.20833333333333334,0.22727272727272727
351147,FFF,2014J,0.2,0.10256410256410256,0.13559322033898302
351170,FFF,2013J,0.0,0.0,0.0
351181,FFF,2014B,0.5,0.2127659574468085,0.2985074626865672
351244,DDD,2014J,0.05,0.3333333333333333,0.08695652173913045
351271,BBB,2013B,0.3,0.3157894736842105,0.3076923076923077
351290,BBB,2013B,0.2,0.5,0.28571428571428575
351336,AAA,2014J,0.2,0.36363636363636365,0.25806451612903225
351500,FFF,2013B,0.05,0.03225806451612903,0.0392156862745098
351505,FFF,2013J,0.05,0.05263157894736842,0.05128205128205128
351577,CCC,2014B,0.15,0.15789473684210525,0.15384615384615385
351775,CCC,2014B,0.1,0.1,0.10000000000000002
351775,DDD,2013B,0.05,0.07692307692307693,0.060606060606060615
352051,DDD,2013J,0.1,0.2,0.13333333333333333
352112,BBB,2013J,0.1,0.125,0.11111111111111112
352364,BBB,2013B,0.05,0.2,0.08000000000000002
352382,GGG,2013J,0.15,0.16666666666666666,0.15789473684210525
352637,CCC,2014J,0.05,0.05,0.05000000000000001
352688,BBB,2013J,0.0,0.0,0.0
352771,DDD,2013J,0.05,0.06666666666666667,0.05714285714285715
353018,FFF,2013B,0.3,0.18181818181818182,0.22641509433962265
353093,BBB,2013B,0.1,0.06896551724137931,0.08163265306122448
353221,FFF,2013B,0.3,0.3157894736842105,0.3076923076923077
353665,AAA,2014J,0.05,0.1111111111111111,0.06896551724137932
353790,FFF,2013J,0.05,0.5,0.09090909090909091
353953,EEE,2014B,0.1,0.6666666666666666,0.1739130434782609
353979,FFF,2014B,0.0,0.0,0.0
354050,DDD,2013B,0.0,0.0,0.0
354050,DDD,2014B,0.05,0.14285714285714285,0.07407407407407408
354170,AAA,2014J,0.15,0.42857142857142855,0.2222222222222222
354171,FFF,2013B,0.4,0.16,0.22857142857142856
354550,FFF,2013J,0.05,0.08333333333333333,0.0625
354607,CCC,2014B,0.1,0.125,0.11111111111111112
354688,CCC,2014J,0.0,0.0,0.0
354698,FFF,2014J,0.25,0.15625,0.19230769230769232
354984,BBB,2014B,0.05,0.08333333333333333,0.0625
354992,FFF,2013B,0.0,0.0,0.0
355049,EEE,2014J,0.4,0.8,0.5333333333333333
355143,FFF,2013B,0.2,0.1,0.13333333333333333
355147,BBB,2014B,0.1,0.1111111111111111,0.10526315789473685
355293,FFF,2013J,0.0,0.0,0.0
355293,FFF,2014J,0.0,0.0,0.0
355309,DDD,2014B,0.05,0.04,0.044444444444444446
355335,FFF,2013J,0.25,0.13513513513513514,0.1754385964912281
355510,DDD,2013J,0.05,0.043478260869565216,0.046511627906976744
355617,EEE,2014J,0.25,0.7142857142857143,0.37037037037037035
355643,BBB,2014B,0.05,0.2,0.08000000000000002
355738,FFF,2013B,0.3,0.16666666666666666,0.21428571428571427
355780,DDD,2014B,0.0,0.0,0.0
355935,CCC,2014J,0.0,0.0,0.0
355935,DDD,2014B,0.0,0.0,0.0
356166,DDD,2014B,0.55,0.1506849315068493,0.23655913978494625
356170,AAA,2014J,0.5,0.45454545454545453,0.47619047619047616
356297,CCC,2014J,0.3,0.46153846153846156,0.3636363636363637
356297,DDD,2014B,0.5,0.18518518518518517,0.2702702702702703
356371,FFF,2014B,0.2,0.18181818181818182,0.1904761904761905
356523,CCC,2014J,0.15,0.2,0.17142857142857143
356561,DDD,2014J,0.15,0.25,0.18749999999999997
356735,EEE,2014J,0.4,0.8888888888888888,0.5517241379310346
357176,CCC,2014B,0.2,0.2222222222222222,0.2105263157894737
357219,FFF,2013B,0.15,0.075,0.1
357297,FFF,2013B,0.2,0.13333333333333333,0.16
357668,AAA,2013J,0.0,0.0,0.0
357851,FFF,2013J,0.0,0.0,0.0
357901,BBB,2014J,0.3,0.8571428571428571,0.4444444444444444
358075,CCC,2014J,0.1,0.5,0.16666666666666669
358075,DDD,2013B,0.0,0.0,0.0
358182,AAA,2014J,0.35,0.5,0.4117647058823529
358204,BBB,2014J,0.15,0.2,0.17142857142857143
358341,GGG,2014J,0.35,0.3888888888888889,0.36842105263157887
358504,DDD,2013J,0.25,0.0847457627118644,0.12658227848101267
358522,DDD,2013B,0.35,0.1206896551724138,0.1794871794871795
358808,FFF,2013B,0.05,1.0,0.09523809523809523
358956,BBB,2014B,0.0,0.0,0.0
358966,GGG,2014J,0.35,0.4666666666666667,0.4
359114,CCC,2014B,0.05,0.09090909090909091,0.06451612903225806
359156,FFF,2013B,0.2,0.1,0.13333333333333333
359417,FFF,2013B,0.0,0.0,0.0
359438,BBB,2014B,0.0,0.0,0.0
359640,FFF,2013B,0.15,0.15,0.15
359855,DDD,2013J,0.0,0.0,0.0
359883,FFF,2013B,0.1,0.03773584905660377,0.05479452054794521
359943,DDD,2013J,0.1,0.10526315789473684,0.10256410256410256
359958,CCC,2014J,0.35,0.22580645161290322,0.2745098039215686
360188,BBB,2013B,0.15,0.15789473684210525,0.15384615384615385
360190,BBB,2014B,0.05,1.0,0.09523809523809523
360266,EEE,2014J,0.5,0.625,0.5555555555555556
360492,DDD,2013B,0.2,0.10256410256410256,0.13559322033898302
360683,GGG,2013J,0.4,0.5,0.4444444444444445
360726,FFF,2013B,0.45,0.15254237288135594,0.22784810126582278
360747,FFF,2013J,0.3,0.11320754716981132,0.1643835616438356
360877,BBB,2013B,0.0,0.0,0.0
360986,FFF,2013J,0.05,0.05555555555555555,0.052631578947368425
361209,DDD,2013B,0.0,0.0,0.0
361243,DDD,2013J,0.2,0.19047619047619047,0.1951219512195122
361410,CCC,2014B,0.3,0.25,0.2727272727272727
361411,BBB,2014J,0.45,0.5625,0.5
361603,BBB,2013B,0.05,0.3333333333333333,0.08695652173913045
362037,DDD,2013B,0.05,0.037037037037037035,0.0425531914893617
362140,CCC,2014J,0.1,0.11764705882352941,0.1081081081081081
362223,CCC,2014B,0.05,0.09090909090909091,0.06451612903225806
362374,DDD,2013B,0.05,0.047619047619047616,0.04878048780487805
362548,CCC,2014J,0.15,0.21428571428571427,0.1764705882352941
362661,FFF,2014B,0.5,0.3125,0.38461538461538464
362668,FFF,2013B,0.35,0.1794871794871795,0.23728813559322035
362760,BBB,2013B,0.1,0.2,0.13333333333333333
363110,BBB,2014B,0.0,0.0,0.0
363122,DDD,2014B,0.0,0.0,0.0
363213,BBB,2014J,0.0,0.0,0.0
363396,BBB,2014B,0.1,0.1,0.10000000000000002
363401,BBB,2013B,0.05,0.5,0.09090909090909091
363416,BBB,2013B,0.0,0.0,0.0
363660,BBB,2013B,0.1,0.11764705882352941,0.1081081081081081
363749,FFF,2013B,0.25,0.2,0.22222222222222224
363773,CCC,2014B,0.2,0.19047619047619047,0.1951219512195122
363906,CCC,2014B,0.0,0.0,0.0
363939,CCC,2014B,0.0,0.0,0.0
363939,EEE,2013J,0.35,0.7,0.4666666666666667
364066,FFF,2014J,0.3,0.15789473684210525,0.20689655172413793
364073,BBB,2013J,0.1,0.13333333333333333,0.1142857142857143
364103,CCC,2014J,0.0,0.0,0.0
364177,AAA,2013J,0.15,0.6,0.24
364239,DDD,2013J,0.2,0.09090909090909091,0.12500000000000003
364322,EEE,2014J,0.3,0.2857142857142857,0.2926829268292683
364405,DDD,2013B,0.1,0.05263157894736842,0.06896551724137931
364527,BBB,2014J,0.05,0.16666666666666666,0.07692307692307691
364547,DDD,2013J,0.05,0.043478260869565216,0.046511627906976744
364770,DDD,2013J,0.0,0.0,0.0
364790,FFF,2013J,0.25,0.15151515151515152,0.18867924528301888
364871,BBB,2013J,0.2,0.26666666666666666,0.2285714285714286
364957,AAA,2014J,0.1,0.25,0.14285714285714288
364974,FFF,2013J,0.45,0.15,0.22500000000000003
365084,GGG,2014B,0.45,0.3333333333333333,0.3829787234042553
365097,BBB,2014J,0.35,0.4375,0.38888888888888884
365111,BBB,2014J,0.1,0.5,0.16666666666666669
365169,BBB,2013J,0.1,0.125,0.11111111111111112
365192,GGG,2013J,0.15,0.23076923076923078,0.18181818181818185
365222,EEE,2013J,0.05,0.25,0.08333333333333334
365244,AAA,2013J,0.35,0.3181818181818182,0.3333333333333333
365375,DDD,2014J,0.1,0.25,0.14285714285714288
365397,DDD,2014B,0.1,0.2222222222222222,0.13793103448275865
365452,BBB,2013B,0.15,0.125,0.13636363636363635
365631,BBB,2013J,0.0,0.0,0.0
365642,AAA,2013J,0.15,0.15,0.15
365661,CCC,2014J,0.1,0.05714285714285714,0.07272727272727272
365701,CCC,2014J,0.1,0.09523809523809523,0.0975609756097561
365707,BBB,2013B,0.0,0.0,0.0
365764,DDD,2014B,0.0,0.0,0.0
365782,DDD,2013B,0.25,0.09433962264150944,0.13698630136986303
365860,FFF,2014B,0.05,0.024390243902439025,0.03278688524590164
365893,DDD,2014J,0.05,0.07692307692307693,0.060606060606060615
365993,CCC,2014B,0.0,0.0,0.0
366024,DDD,2013B,0.0,0.0,0.0
366140,FFF,2014J,0.3,0.11764705882352941,0.16901408450704228
366310,CCC,2014B,0.15,0.17647058823529413,0.16216216216216214
366310,DDD,2013B,0.1,0.08333333333333333,0.0909090909090909
366367,CCC,2014J,0.0,0.0,0.0
366371,GGG,2014B,0.15,0.42857142857142855,0.2222222222222222
366424,EEE,2014B,0.45,0.75,0.5625000000000001
366449,DDD,2013J,0.1,0.08,0.08888888888888889
366479,BBB,2014J,0.0,0.0,0.0
366483,AAA,2013J,0.2,0.4444444444444444,0.2758620689655173
366492,FFF,2013B,0.35,0.12727272727272726,0.18666666666666665
366524,BBB,2013J,0.1,0.2222222222222222,0.13793103448275865
366771,GGG,2014B,0.35,0.4666666666666667,0.4
366873,CCC,2014J,0.0,0.0,0.0
366987,DDD,2013J,0.0,0.0,0.0
367127,DDD,2014B,0.05,0.043478260869565216,0.046511627906976744
367151,FFF,2014J,0.0,0.0,0.0
367309,DDD,2014J,0.05,0.04,0.044444444444444446
367352,CCC,2014J,0.05,0.05263157894736842,0.05128205128205128
367433,BBB,2013J,0.1,0.25,0.14285714285714288
367510,FFF,2014B,0.0,0.0,0.0
367535,BBB,2014B,0.0,0.0,0.0
367605,FFF,2013J,0.15,0.16666666666666666,0.15789473684210525
367609,BBB,2013B,0.0,0.0,0.0
367646,DDD,2014B,0.4,0.12903225806451613,0.1951219512195122
367898,FFF,2014B,0.05,0.05,0.05000000000000001
368077,BBB,2013J,0.1,0.2857142857142857,0.14814814814814817
368194,AAA,2013J,0.1,0.14285714285714285,0.11764705882352941
368245,GGG,2013J,0.05,0.08333333333333333,0.0625
368306,EEE,2014B,0.05,0.3333333333333333,0.08695652173913045
368315,FFF,2013J,0.75,0.26785714285714285,0.3947368421052632
368436,CCC,2014J,0.1,0.16666666666666666,0.125
368436,DDD,2013J,0.1,0.06896551724137931,0.08163265306122448
368521,BBB,2014J,0.15,0.2727272727272727,0.19354838709677416
368675,FFF,2014B,0.3,0.18181818181818182,0.22641509433962265
368749,DDD,2013B,0.05,0.0625,0.05555555555555556
368824,AAA,2013J,0.0,0.0,0.0
368876,CCC,2014B,0.0,0.0,0.0
368886,FFF,2013B,0.05,0.2,0.08000000000000002
368935,FFF,2013J,0.1,0.08333333333333333,0.0909090909090909
368963,AAA,2013J,0.2,0.36363636363636365,0.25806451612903225
368969,GGG,2013J,0.25,0.16666666666666666,0.2
369119,EEE,2013J,0.1,0.5,0.16666666666666669
369208,FFF,2013J,0.1,0.16666666666666666,0.125
369234,BBB,2014J,0.15,0.25,0.18749999999999997
369242,FFF,2014J,0.35,0.15555555555555556,0.21538461538461537
369319,DDD,2013J,0.1,0.07407407407407407,0.0851063829787234
369378,GGG,2013J,0.05,1.0,0.09523809523809523
369450,FFF,2014J,0.25,0.09803921568627451,0.14084507042253522
369610,CCC,2014J,0.45,0.3103448275862069,0.3673469387755102
369713,EEE,2014J,0.3,0.6666666666666666,0.41379310344827586
369715,BBB,2014B,0.2,0.21052631578947367,0.20512820512820512
369811,FFF,2013B,0.15,0.08571428571428572,0.10909090909090909
369834,AAA,2014J,0.4,0.7272727272727273,0.5161290322580645
369908,DDD,2013B,0.25,0.10204081632653061,0.14492753623188406
369942,EEE,2014J,0.45,0.5,0.4736842105263158
369986,BBB,2013J,0.1,0.5,0.16666666666666669
370008,BBB,2014B,0.0,0.0,0.0
370089,DDD,2014J,0.05,0.045454545454545456,0.04761904761904762
370184,DDD,2014J,0.05,0.25,0.08333333333333334
370274,DDD,2014J,0.05,0.030303030303030304,0.03773584905660378
370302,BBB,2013B,0.1,0.6666666666666666,0.1739130434782609
370312,FFF,2013B,0.1,0.09090909090909091,0.09523809523809525
370367,DDD,2013J,0.05,0.058823529411764705,0.05405405405405405
370375,DDD,2014J,0.1,0.05714285714285714,0.07272727272727272
370512,CCC,2014J,0.05,0.023255813953488372,0.031746031746031744
370720,BBB,2013B,0.1,0.5,0.16666666666666669
370735,FFF,2014J,0.35,0.25,0.2916666666666667
370859,BBB,2013J,0.25,0.23809523809523808,0.24390243902439024
370865,DDD,2014B,0.05,0.07692307692307693,0.060606060606060615
370949,DDD,2013B,0.3,0.13043478260869565,0.18181818181818182
371019,DDD,2014J,0.15,0.08571428571428572,0.10909090909090909
371044,DDD,2013B,0.15,0.08333333333333333,0.10714285714285714
371168,FFF,2014B,0.25,0.29411764705882354,0.27027027027027023
371247,FFF,2013J,0.3,0.16666666666666666,0.21428571428571427
371402,GGG,2014J,0.45,0.5625,0.5
371439,CCC,2014J,0.0,0.0,0.0
371526,CCC,2014B,0.05,0.09090909090909091,0.06451612903225806
371530,BBB,2013J,0.05,0.25,0.08333333333333334
371679,BBB,2013B,0.0,0.0,0.0
371710,AAA,2014J,0.4,0.8,0.5333333333333333
371787,FFF,2013B,0.15,0.0967741935483871,0.11764705882352941
371831,DDD,2013B,0.1,0.08333333333333333,0.0909090909090909
371869,FFF,2013J,0.2,0.36363636363636365,0.25806451612903225
371901,CCC,2014B,0.1,0.11764705882352941,0.1081081081081081
372141,GGG,2014J,0.5,0.7142857142857143,0.588235294117647
372234,CCC,2014J,0.1,0.06896551724137931,0.08163265306122448
372262,FFF,2013J,0.35,0.11864406779661017,0.17721518987341772
372345,FFF,2014J,0.2,0.2,0.20000000000000004
372509,FFF,2014J,0.1,0.0625,0.07692307692307693
372511,FFF,2014J,0.35,0.18421052631578946,0.24137931034482757
372577,CCC,2014J,0.0,0.0,0.0
372577,EEE,2014J,0.05,0.5,0.09090909090909091
372602,BBB,2014J,0.05,0.16666666666666666,0.07692307692307691
372658,BBB,2013J,0.1,0.5,0.16666666666666669
372691,GGG,2013J,0.2,0.21052631578947367,0.20512820512820512
372837,GGG,2014B,0.25,0.8333333333333334,0.3846153846153846
372997,BBB,2014B,0.0,0.0,0.0
373126,DDD,2013B,0.0,0.0,0.0
373135,FFF,2013B,0.25,0.18518518518518517,0.2127659574468085
373174,BBB,2014J,0.2,0.17391304347826086,0.18604651162790697
373237,DDD,2013J,0.1,0.2,0.13333333333333333
373280,DDD,2013J,0.1,0.125,0.11111111111111112
373369,DDD,2013B,0.1,0.09090909090909091,0.09523809523809525
373613,FFF,2013B,0.0,0.0,0.0
373848,BBB,2013J,0.25,0.29411764705882354,0.27027027027027023
373872,AAA,2014J,0.15,0.25,0.18749999999999997
374028,CCC,2014B,0.2,0.16,0.17777777777777778
374038,BBB,2013J,0.15,0.3,0.2
374102,BBB,2013B,0.0,0.0,0.0
374192,EEE,2013J,0.5,0.8333333333333334,0.625
374234,BBB,2013B,0.1,0.10526315789473684,0.10256410256410256
374266,GGG,2014B,0.15,0.16666666666666666,0.15789473684210525
374636,DDD,2013J,0.05,0.041666666666666664,0.04545454545454545
374645,DDD,2014B,0.1,0.1,0.10000000000000002
374739,EEE,2013J,0.25,0.5,0.3333333333333333
374747,BBB,2014B,0.15,0.75,0.24999999999999997
374756,CCC,2014B,0.0,0.0,0.0
375260,AAA,2014J,0.25,0.38461538461538464,0.30303030303030304
375300,DDD,2013B,0.0,0.0,0.0
375527,FFF,2014J,0.05,0.07692307692307693,0.060606060606060615
375600,GGG,2013J,0.45,0.5625,0.5
375646,AAA,2014J,0.15,0.21428571428571427,0.1764705882352941
375717,BBB,2014B,0.0,0.0,0.0
375856,DDD,2014B,0.3,0.20689655172413793,0.24489795918367346
375882,GGG,2013J,0.4,0.38095238095238093,0.3902439024390244
375960,BBB,2013J,0.15,0.3333333333333333,0.20689655172413793
376439,AAA,2013J,0.15,0.23076923076923078,0.18181818181818185
376581,AAA,2013J,0.65,0.6190476190476191,0.6341463414634146
376617,BBB,2013B,0.1,0.2,0.13333333333333333
376758,DDD,2014J,0.05,1.0,0.09523809523809523
377244,FFF,2013B,0.25,0.16129032258064516,0.19607843137254902
377274,FFF,2013B,0.1,0.1111111111111111,0.10526315789473685
377469,BBB,2014B,0.0,0.0,0.0
377546,AAA,2014J,0.45,0.75,0.5625000000000001
377759,BBB,2013B,0.0,0.0,0.0
377846,BBB,2013B,0.2,0.36363636363636365,0.25806451612903225
378462,BBB,2013B,0.1,0.6666666666666666,0.1739130434782609
378543,BBB,2013B,0.1,0.3333333333333333,0.15384615384615383
378576,CCC,2014J,0.05,0.3333333333333333,0.08695652173913045
378728,DDD,2014B,0.05,0.04,0.044444444444444446
378809,FFF,2014B,0.1,0.07692307692307693,0.08695652173913043
378825,DDD,2013J,0.25,0.11363636363636363,0.15625
378825,EEE,2014J,0.5,0.6666666666666666,0.5714285714285715
378884,FFF,2013B,0.05,0.03333333333333333,0.04
378920,CCC,2014B,0.1,0.125,0.11111111111111112
378920,EEE,2013J,0.35,0.7,0.4666666666666667
378946,FFF,2014J,0.5,0.14285714285714285,0.22222222222222224
378950,FFF,2013B,0.25,0.0847457627118644,0.12658227848101267
378953,DDD,2013B,0.0,0.0,0.0
379023,DDD,2013J,0.0,0.0,0.0
379042,CCC,2014J,0.05,0.05263157894736842,0.05128205128205128
379042,FFF,2014B,0.35,0.1044776119402985,0.16091954022988506
379070,FFF,2013J,0.4,0.17777777777777778,0.24615384615384614
379113,GGG,2013J,0.4,0.4444444444444444,0.4210526315789474
379124,DDD,2013J,0.1,0.08333333333333333,0.0909090909090909
379210,BBB,2013J,0.05,0.5,0.09090909090909091
379265,CCC,2014J,0.1,0.5,0.16666666666666669
379336,DDD,2014J,0.1,0.05714285714285714,0.07272727272727272
379406,CCC,2014J,0.7,0.45161290322580644,0.5490196078431372
379528,EEE,2013J,0.15,0.5,0.23076923076923075
379558,FFF,2013B,0.3,0.15,0.2
379720,BBB,2014J,0.6,0.3870967741935484,0.47058823529411764
379843,FFF,2013J,0.5,0.15151515151515152,0.23255813953488375
379844,GGG,2013J,0.6,0.5454545454545454,0.5714285714285713
379861,DDD,2013B,0.25,0.12195121951219512,0.16393442622950818
380184,BBB,2014B,0.15,0.21428571428571427,0.1764705882352941
380204,BBB,2014B,0.0,0.0,0.0
380238,GGG,2014B,0.15,0.3,0.2
380239,DDD,2013J,0.15,0.125,0.13636363636363635
380240,BBB,2013J,0.0,0.0,0.0
380253,DDD,2013J,0.0,0.0,0.0
380341,DDD,2013B,0.2,0.09302325581395349,0.12698412698412698
380429,DDD,2013J,0.2,0.08333333333333333,0.11764705882352941
380435,FFF,2013J,0.25,0.1388888888888889,0.17857142857142858
380599,GGG,2014J,0.3,0.375,0.33333333333333326
380662,DDD,2013J,0.0,0.0,0.0
380668,GGG,2014J,0.4,0.38095238095238093,0.3902439024390244
380894,GGG,2014B,0.3,0.35294117647058826,0.3243243243243243
380919,DDD,2013B,0.05,0.05,0.05000000000000001
380921,EEE,2014B,0.05,0.2,0.08000000000000002
380952,FFF,2014J,0.35,0.25925925925925924,0.29787234042553196
380953,AAA,2013J,0.35,0.3684210526315789,0.358974358974359
381185,EEE,2014J,0.25,0.8333333333333334,0.3846153846153846
381257,FFF,2014J,0.55,0.1506849315068493,0.23655913978494625
381414,FFF,2014J,0.0,0.0,0.0
381439,DDD,2014J,0.0,0.0,0.0
381533,BBB,2014B,0.1,0.2222222222222222,0.13793103448275865
381541,BBB,2013J,0.0,0.0,0.0
381544,BBB,2014B,0.0,0.0,0.0
381586,EEE,2014J,0.15,0.6,0.24
381642,AAA,2014J,0.2,0.6666666666666666,0.30769230769230765
381646,DDD,2013B,0.1,0.05555555555555555,0.07142857142857142
381669,BBB,2013J,0.1,1.0,0.18181818181818182
381882,BBB,2014J,0.05,0.2,0.08000000000000002
381909,BBB,2014B,0.0,0.0,0.0
381917,BBB,2014B,0.0,0.0,0.0
381927,CCC,2014B,0.05,0.05,0.05000000000000001
382051,DDD,2014B,0.25,0.10869565217391304,0.15151515151515152
382095,AAA,2014J,0.1,0.2857142857142857,0.14814814814814817
382378,CCC,2014J,0.15,0.3,0.2
382378,DDD,2013J,0.1,0.07407407407407407,0.0851063829787234
382497,DDD,2013B,0.2,0.08695652173913043,0.12121212121212122
382575,BBB,2013J,0.1,0.6666666666666666,0.1739130434782609
382641,DDD,2013B,0.3,0.13636363636363635,0.18749999999999997
382738,FFF,2013J,0.25,0.3125,0.2777777777777778
382857,FFF,2014B,0.0,0.0,0.0
382910,EEE,2014B,0.4,0.34782608695652173,0.37209302325581395
382920,BBB,2013J,0.2,0.23529411764705882,0.2162162162162162
382979,BBB,2013J,0.15,0.16666666666666666,0.15789473684210525
383140,CCC,2014B,0.15,0.16666666666666666,0.15789473684210525
383158,CCC,2014B,0.2,0.5714285714285714,0.29629629629629634
383180,AAA,2014J,0.05,1.0,0.09523809523809523
383239,EEE,2014B,0.35,0.7,0.4666666666666667
383241,BBB,2014B,0.0,0.0,0.0
383254,AAA,2013J,0.2,0.36363636363636365,0.25806451612903225
383303,BBB,2013J,0.1,0.14285714285714285,0.11764705882352941
383316,FFF,2013B,0.4,0.1951219512195122,0.26229508196721313
383347,CCC,2014B,0.3,0.2608695652173913,0.27906976744186046
383347,DDD,2013B,0.15,0.0625,0.08823529411764706
383372,CCC,2014B,0.0,0.0,0.0
383420,GGG,2014B,0.1,0.25,0.14285714285714288
383445,FFF,2014J,0.0,0.0,0.0
383517,FFF,2013J,0.2,0.13793103448275862,0.16326530612244897
383541,FFF,2013B,0.1,0.06451612903225806,0.0784313725490196
383558,FFF,2013B,0.0,0.0,0.0
383571,BBB,2013J,0.2,0.2857142857142857,0.23529411764705882
383600,AAA,2014J,0.2,0.3076923076923077,0.24242424242424246
383602,FFF,2014J,0.25,0.20833333333333334,0.22727272727272727
383629,FFF,2014J,0.95,0.2835820895522388,0.4367816091954023
383694,DDD,2013J,0.1,0.06451612903225806,0.0784313725490196
383701,DDD,2013B,0.0,0.0,0.0
383723,AAA,2014J,0.65,0.7647058823529411,0.7027027027027027
383907,FFF,2013B,0.1,0.06666666666666667,0.08
383921,FFF,2014B,0.4,0.1568627450980392,0.22535211267605632
383946,FFF,2013B,0.1,0.3333333333333333,0.15384615384615383
383967,BBB,2014B,0.0,0.0,0.0
383971,CCC,2014B,0.1,0.2222222222222222,0.13793103448275865
383978,DDD,2013J,0.15,0.125,0.13636363636363635
384035,GGG,2014B,0.15,0.3,0.2
384107,FFF,2014J,0.2,0.19047619047619047,0.1951219512195122
384203,AAA,2014J,0.5,0.47619047619047616,0.4878048780487805
384227,FFF,2013J,0.4,0.2222222222222222,0.2857142857142857
384246,DDD,2013B,0.25,0.17857142857142858,0.20833333333333331
384295,DDD,2014J,0.1,0.1111111111111111,0.10526315789473685
384499,DDD,2014J,0.2,0.16,0.17777777777777778
384678,BBB,2013B,0.0,0.0,0.0
384725,AAA,2014J,0.1,0.2222222222222222,0.13793103448275865
384797,EEE,2013J,0.25,0.625,0.35714285714285715
384866,FFF,2013B,0.2,0.14814814814814814,0.1702127659574468
384884,BBB,2014B,0.0,0.0,0.0
384999,DDD,2014J,0.45,0.16071428571428573,0.2368421052631579
385033,CCC,2014J,0.65,0.325,0.43333333333333335
385033,FFF,2013J,0.3,0.13636363636363635,0.18749999999999997
385120,CCC,2014B,0.2,0.19047619047619047,0.1951219512195122
385195,FFF,2013J,0.25,0.20833333333333334,0.22727272727272727
385209,FFF,2013J,0.3,0.18181818181818182,0.22641509433962265
385228,GGG,2014B,0.3,0.35294117647058826,0.3243243243243243
385387,CCC,2014B,0.05,0.0625,0.05555555555555556
385405,BBB,2014J,0.15,0.25,0.18749999999999997
385547,FFF,2013J,0.1,0.1,0.10000000000000002
385563,DDD,2014J,0.05,0.09090909090909091,0.06451612903225806
385820,BBB,2013J,0.25,0.2,0.22222222222222224
385927,DDD,2014B,0.05,0.037037037037037035,0.0425531914893617
385937,DDD,2013J,0.1,0.05263157894736842,0.06896551724137931
386180,GGG,2014J,0.35,0.4375,0.38888888888888884
386348,BBB,2013B,0.1,0.18181818181818182,0.12903225806451613
386389,FFF,2014J,0.1,0.10526315789473684,0.10256410256410256
386671,DDD,2014B,0.05,0.07142857142857142,0.058823529411764705
386833,DDD,2013B,0.15,0.12,0.1333333333333333
386880,DDD,2013B,0.15,0.15789473684210525,0.15384615384615385
386889,BBB,2013J,0.15,0.13636363636363635,0.14285714285714282
386924,AAA,2013J,0.05,0.1111111111111111,0.06896551724137932
386952,AAA,2013J,0.1,0.16666666666666666,0.125
387009,CCC,2014B,0.2,0.25,0.22222222222222224
387174,FFF,2013B,0.05,0.1111111111111111,0.06896551724137932
387294,GGG,2014B,0.1,0.25,0.14285714285714288
387359,DDD,2014J,0.15,0.125,0.13636363636363635
387364,DDD,2014J,0.0,0.0,0.0
387406,BBB,2014J,0.1,0.5,0.16666666666666669
387446,GGG,2014J,0.5,0.7142857142857143,0.588235294117647
387447,FFF,2013B,0.2,0.13333333333333333,0.16
387507,FFF,2013J,0.25,0.09615384615384616,0.1388888888888889
387537,EEE,2013J,0.05,0.5,0.09090909090909091
387648,EEE,2013J,0.5,0.7692307692307693,0.6060606060606061
387700,BBB,2013J,0.2,0.23529411764705882,0.2162162162162162
387773,BBB,2014J,0.25,0.2777777777777778,0.2631578947368421
387944,CCC,2014J,0.0,0.0,0.0
387963,CCC,2014J,0.25,0.14705882352941177,0.18518518518518517
387963,DDD,2014B,0.1,0.047619047619047616,0.06451612903225806
388052,BBB,2013J,0.05,1.0,0.09523809523809523
388259,GGG,2014J,0.2,0.6666666666666666,0.30769230769230765
388360,BBB,2013B,0.05,1.0,0.09523809523809523
388432,BBB,2013J,0.1,0.6666666666666666,0.1739130434782609
388538,CCC,2014B,0.25,0.2,0.22222222222222224
388697,FFF,2014B,0.05,0.03571428571428571,0.041666666666666664
388722,AAA,2013J,0.15,0.3,0.2
388738,BBB,2014J,0.3,0.4,0.34285714285714286
388754,FFF,2013J,0.3,0.13636363636363635,0.18749999999999997
388885,AAA,2013J,0.25,0.3125,0.2777777777777778
388923,EEE,2013J,0.5,0.7142857142857143,0.588235294117647
388947,DDD,2013J,0.05,0.02857142857142857,0.03636363636363636
388975,BBB,2013J,0.1,0.10526315789473684,0.10256410256410256
389025,DDD,2013J,0.0,0.0,0.0
389101,BBB,2013J,0.25,0.3333333333333333,0.28571428571428575
389208,FFF,2013J,0.3,0.1875,0.23076923076923075
389249,BBB,2014B,0.1,0.3333333333333333,0.15384615384615383
389267,EEE,2014B,0.25,0.7142857142857143,0.37037037037037035
389362,DDD,2013J,0.1,0.0625,0.07692307692307693
389369,BBB,2013B,0.05,0.08333333333333333,0.0625
389471,BBB,2013J,0.15,0.3333333333333333,0.20689655172413793
389639,DDD,2013J,0.2,0.23529411764705882,0.2162162162162162
389759,FFF,2014B,0.0,0.0,0.0
389773,FFF,2013B,0.1,0.034482758620689655,0.05128205128205129
389773,FFF,2014B,0.05,0.14285714285714285,0.07407407407407408
390026,DDD,2014B,0.05,0.058823529411764705,0.05405405405405405
390029,DDD,2013J,0.15,0.07142857142857142,0.09677419354838708
390029,EEE,2013J,0.3,0.5454545454545454,0.3870967741935483
390070,FFF,2014J,0.3,0.24,0.2666666666666666
390210,DDD,2013B,0.0,0.0,0.0
390220,BBB,2013B,0.1,0.125,0.11111111111111112
390233,DDD,2013B,0.0,0.0,0.0
390400,FFF,2013B,0.0,0.0,0.0
390442,BBB,2013B,0.1,0.10526315789473684,0.10256410256410256
390556,DDD,2013J,0.0,0.0,0.0
390556,DDD,2014J,0.3,0.17647058823529413,0.22222222222222224
390690,DDD,2013J,0.0,0.0,0.0
390849,DDD,2014J,0.1,0.125,0.11111111111111112
390890,AAA,2013J,0.15,0.5,0.23076923076923075
390890,AAA,2014J,0.2,0.3333333333333333,0.25
390958,BBB,2013J,0.15,0.25,0.18749999999999997
391059,CCC,2014J,0.05,0.1111111111111111,0.06896551724137932
391114,FFF,2014B,0.2,0.25,0.22222222222222224
391153,BBB,2014B,0.1,0.15384615384615385,0.12121212121212123
391185,DDD,2013B,0.15,0.10714285714285714,0.125
391187,FFF,2013J,0.05,0.14285714285714285,0.07407407407407408
391249,AAA,2014J,0.3,0.6,0.4
391343,CCC,2014B,0.0,0.0,0.0
391343,FFF,2013B,0.05,0.5,0.09090909090909091
391419,CCC,2014B,0.05,0.08333333333333333,0.0625
391466,CCC,2014J,0.0,0.0,0.0
391466,EEE,2013J,0.2,0.5,0.28571428571428575
391537,DDD,2013J,0.35,0.17073170731707318,0.22950819672131145
391613,FFF,2013B,0.1,0.047619047619047616,0.06451612903225806
391630,FFF,2013B,0.3,0.3,0.3
391822,FFF,2013B,0.05,0.08333333333333333,0.0625
391891,FFF,2013B,0.15,0.08823529411764706,0.11111111111111112
391924,DDD,2014B,0.05,0.027777777777777776,0.03571428571428571
391937,BBB,2014J,0.3,0.3333333333333333,0.3157894736842105
391937,GGG,2014B,0.5,0.5555555555555556,0.5263157894736842
392060,BBB,2013J,0.1,0.125,0.11111111111111112
392213,BBB,2013B,0.2,0.4444444444444444,0.2758620689655173
392215,GGG,2013J,0.15,0.25,0.18749999999999997
392281,BBB,2013J,0.05,1.0,0.09523809523809523
392427,FFF,2013J,0.2,0.2857142857142857,0.23529411764705882
392428,BBB,2013B,0.05,0.125,0.07142857142857144
392526,CCC,2014B,0.15,0.16666666666666666,0.15789473684210525
392604,BBB,2014B,0.0,0.0,0.0
392664,DDD,2013J,0.3,0.13333333333333333,0.18461538461538463
392756,AAA,2013J,0.1,0.2857142857142857,0.14814814814814817
392890,CCC,2014J,0.0,0.0,0.0
392890,DDD,2013J,0.1,0.08695652173913043,0.09302325581395349
392931,AAA,2013J,0.65,0.41935483870967744,0.5098039215686274
392994,EEE,2013J,0.5,0.8333333333333334,0.625
393142,CCC,2014J,0.05,0.0625,0.05555555555555556
393207,AAA,2013J,0.45,0.5,0.4736842105263158
393327,BBB,2013J,0.0,0.0,0.0
393488,EEE,2014B,0.55,0.8461538461538461,0.6666666666666667
393526,FFF,2013J,0.05,0.025,0.03333333333333333
393682,GGG,2014B,0.3,0.6,0.4
393698,FFF,2013J,0.0,0.0,0.0
393727,DDD,2014J,0.3,0.12244897959183673,0.17391304347826086
393827,FFF,2013J,0.65,0.2708333333333333,0.3823529411764705
393918,FFF,2013B,0.1,0.14285714285714285,0.11764705882352941
393934,FFF,2013B,0.0,0.0,0.0
394024,GGG,2014B,0.35,0.4375,0.38888888888888884
394060,EEE,2013J,0.1,0.3333333333333333,0.15384615384615383
394067,BBB,2014B,0.05,0.1111111111111111,0.06896551724137932
394082,DDD,2013B,0.0,0.0,0.0
394218,FFF,2013J,0.4,0.25,0.3076923076923077
394239,FFF,2013J,0.4,0.17777777777777778,0.24615384615384614
394311,CCC,2014B,0.15,0.15789473684210525,0.15384615384615385
394314,BBB,2014J,0.2,0.6666666666666666,0.30769230769230765
394331,BBB,2014B,0.25,0.21739130434782608,0.23255813953488372
394347,FFF,2013B,0.0,0.0,0.0
394520,BBB,2014B,0.1,0.25,0.14285714285714288
394791,CCC,2014J,0.2,0.16666666666666666,0.1818181818181818
394937,FFF,2013B,0.25,0.1724137931034483,0.20408163265306123
394979,DDD,2013B,0.05,0.05263157894736842,0.05128205128205128
395073,BBB,2013J,0.05,0.25,0.08333333333333334
395188,FFF,2014B,0.05,0.058823529411764705,0.05405405405405405
395288,DDD,2014B,0.1,0.058823529411764705,0.07407407407407408
395320,BBB,2014J,0.25,0.23809523809523808,0.24390243902439024
395373,FFF,2013J,0.1,0.125,0.11111111111111112
395374,BBB,2014B,0.05,0.06666666666666667,0.05714285714285715
395463,FFF,2013B,0.0,0.0,0.0
395535,DDD,2014J,0.15,0.17647058823529413,0.16216216216216214
395588,FFF,2013B,0.55,0.275,0.3666666666666667
395696,FFF,2013J,0.25,0.21739130434782608,0.23255813953488372
395757,CCC,2014J,0.25,0.29411764705882354,0.27027027027027023
395757,DDD,2013B,0.1,0.06451612903225806,0.0784313725490196
395822,BBB,2014J,0.45,0.4090909090909091,0.4285714285714286
396114,BBB,2013J,0.0,0.0,0.0
396145,GGG,2013J,0.5,0.625,0.5555555555555556
396210,DDD,2013J,0.05,0.0625,0.05555555555555556
396292,DDD,2013J,0.1,0.044444444444444446,0.061538461538461535
396456,BBB,2014B,0.1,0.3333333333333333,0.15384615384615383
396502,FFF,2013J,0.25,0.2,0.22222222222222224
396599,AAA,2014J,0.05,1.0,0.09523809523809523
396631,EEE,2013J,0.45,0.75,0.5625000000000001
396633,DDD,2013B,0.2,0.11764705882352941,0.14814814814814817
396655,AAA,2014J,0.25,0.38461538461538464,0.30303030303030304
396668,DDD,2013J,0.35,0.15217391304347827,0.21212121212121213
396674,EEE,2014J,0.35,0.5384615384615384,0.4242424242424242
396679,FFF,2013B,0.35,0.30434782608695654,0.3255813953488372
396683,FFF,2014J,0.3,0.15,0.2
396739,FFF,2013B,0.2,0.08163265306122448,0.11594202898550723
396799,BBB,2014B,0.05,0.047619047619047616,0.04878048780487805
396825,CCC,2014B,0.45,0.3,0.36000000000000004
396834,FFF,2014J,0.1,0.2,0.13333333333333333
396872,AAA,2013J,0.3,0.2727272727272727,0.28571428571428564
396907,FFF,2014J,0.1,0.16666666666666666,0.125
397118,BBB,2013B,0.05,0.16666666666666666,0.07692307692307691
397149,EEE,2013J,0.15,0.5,0.23076923076923075
397219,FFF,2014J,0.3,0.09836065573770492,0.14814814814814814
397312,BBB,2014B,0.0,0.0,0.0
397405,DDD,2013B,0.1,0.14285714285714285,0.11764705882352941
397414,BBB,2014J,0.05,0.058823529411764705,0.05405405405405405
397470,FFF,2013J,0.1,0.0625,0.07692307692307693
397506,CCC,2014B,0.15,0.125,0.13636363636363635
397506,FFF,2013J,0.4,0.13559322033898305,0.20253164556962028
397557,EEE,2013J,0.4,0.5,0.4444444444444445
397671,FFF,2014J,0.85,0.16346153846153846,0.2741935483870968
397747,BBB,2014B,0.1,0.14285714285714285,0.11764705882352941
397829,BBB,2014B,0.0,0.0,0.0
397894,DDD,2014J,0.0,0.0,0.0
398019,EEE,2014J,0.1,0.6666666666666666,0.1739130434782609
398040,FFF,2013B,0.1,0.06896551724137931,0.08163265306122448
398067,BBB,2013J,0.0,0.0,0.0
398084,BBB,2013B,0.0,0.0,0.0
398118,FFF,2013B,0.55,0.18032786885245902,0.271604938271605
398171,AAA,2014J,0.25,0.4166666666666667,0.3125
398199,DDD,2013B,0.3,0.1016949152542373,0.1518987341772152
398349,AAA,2014J,0.6,0.6,0.6
398413,EEE,2014J,0.25,0.7142857142857143,0.37037037037037035
398439,FFF,2014B,0.35,0.18421052631578946,0.24137931034482757
398442,BBB,2014J,0.05,0.08333333333333333,0.0625
398487,CCC,2014B,0.25,0.2631578947368421,0.25641025641025644
398496,CCC,2014J,0.2,0.16,0.17777777777777778
398525,BBB,2013J,0.1,0.2,0.13333333333333333
398550,FFF,2014J,0.15,0.1875,0.16666666666666663
398552,AAA,2013J,0.4,0.5333333333333333,0.4571428571428572
398630,FFF,2014J,0.15,0.15,0.15
398656,FFF,2013B,0.05,0.16666666666666666,0.07692307692307691
398816,DDD,2014J,0.55,0.19642857142857142,0.2894736842105263
398862,FFF,2013B,0.35,0.2413793103448276,0.2857142857142857
398877,EEE,2013J,0.25,0.7142857142857143,0.37037037037037035
398891,BBB,2013J,0.05,0.25,0.08333333333333334
398956,BBB,2013J,0.1,0.5,0.16666666666666669
399429,FFF,2014J,0.2,0.13333333333333333,0.16
399450,DDD,2013B,0.1,0.07692307692307693,0.08695652173913043
399453,DDD,2013J,0.25,0.16666666666666666,0.2
399628,DDD,2014J,0.1,0.14285714285714285,0.11764705882352941
399737,BBB,2014J,0.35,0.3888888888888889,0.36842105263157887
399794,DDD,2013J,0.2,0.08888888888888889,0.12307692307692307
399794,DDD,2014J,0.0,0.0,0.0
399895,FFF,2013B,0.05,0.0625,0.05555555555555556
400004,FFF,2013B,0.05,1.0,0.09523809523809523
400049,BBB,2013B,0.35,0.2692307692307692,0.3043478260869565
400087,FFF,2013B,0.05,0.02702702702702703,0.03508771929824561
400091,DDD,2014J,0.35,0.1891891891891892,0.24561403508771934
400145,FFF,2013J,0.15,0.10714285714285714,0.125
400147,AAA,2014J,0.25,0.5,0.3333333333333333
400252,FFF,2014B,0.05,0.058823529411764705,0.05405405405405405
400266,FFF,2013J,0.2,0.14814814814814814,0.1702127659574468
400451,DDD,2013B,0.15,0.08571428571428572,0.10909090909090909
400469,BBB,2013B,0.0,0.0,0.0
400474,BBB,2013B,0.2,0.2857142857142857,0.23529411764705882
400549,BBB,2014J,0.15,0.25,0.18749999999999997
400632,FFF,2013B,0.05,0.05,0.05000000000000001
400682,AAA,2014J,0.45,0.34615384615384615,0.3913043478260869
400759,DDD,2013B,0.2,0.1111111111111111,0.14285714285714285
400894,BBB,2013B,0.1,0.5,0.16666666666666669
400942,DDD,2013J,0.1,0.07692307692307693,0.08695652173913043
400958,CCC,2014J,0.05,0.09090909090909091,0.06451612903225806
401011,EEE,2013J,0.15,0.5,0.23076923076923075
401139,GGG,2013J,0.35,0.5384615384615384,0.4242424242424242
401240,EEE,2014J,0.5,1.0,0.6666666666666666
401296,CCC,2014B,0.15,0.21428571428571427,0.1764705882352941
401296,EEE,2013J,0.45,0.8181818181818182,0.5806451612903226
401317,BBB,2014J,0.1,0.11764705882352941,0.1081081081081081
401339,BBB,2013B,0.0,0.0,0.0
401349,BBB,2013B,0.05,0.08333333333333333,0.0625
401404,AAA,2014J,0.3,0.2608695652173913,0.27906976744186046
401486,DDD,2013B,0.0,0.0,0.0
401869,AAA,2013J,0.15,0.21428571428571427,0.1764705882352941
401903,CCC,2014B,0.0,0.0,0.0
402180,BBB,2014J,0.7,0.5185185185185185,0.5957446808510639
402204,AAA,2014J,0.15,0.3,0.2
402210,DDD,2013J,0.45,0.17647058823529413,0.25352112676056343
402295,EEE,2014J,0.35,1.0,0.5185185185185185
402314,DDD,2014B,0.1,0.045454545454545456,0.06250000000000001
402378,CCC,2014J,0.15,0.1875,0.16666666666666663
402433,DDD,2013J,0.05,0.3333333333333333,0.08695652173913045
402449,FFF,2014B,0.25,0.22727272727272727,0.23809523809523808
402458,FFF,2013J,0.25,0.20833333333333334,0.22727272727272727
402470,AAA,2013J,0.0,0.0,0.0
402502,FFF,2014B,0.65,0.25,0.3611111111111111
402662,FFF,2013J,0.35,0.2916666666666667,0.31818181818181823
402695,FFF,2014J,0.0,0.0,0.0
402727,AAA,2014J,0.15,0.42857142857142855,0.2222222222222222
402806,FFF,2014B,0.25,0.1282051282051282,0.1694915254237288
402958,DDD,2014J,0.05,0.03571428571428571,0.041666666666666664
402961,AAA,2014J,0.55,0.6470588235294118,0.5945945945945946
403052,DDD,2013J,0.0,0.0,0.0
403052,DDD,2014J,0.05,0.5,0.09090909090909091
403085,CCC,2014B,0.25,0.21739130434782608,0.23255813953488372
403085,DDD,2013B,0.1,0.1,0.10000000000000002
403093,BBB,2013B,0.1,0.5,0.16666666666666669
403213,BBB,2014J,0.05,0.1111111111111111,0.06896551724137932
404022,BBB,2013B,0.25,0.2777777777777778,0.2631578947368421
404121,BBB,2014J,0.1,0.16666666666666666,0.125
404135,FFF,2013B,0.4,0.11428571428571428,0.17777777777777776
404170,FFF,2013B,0.05,0.5,0.09090909090909091
404170,FFF,2014B,0.2,0.07017543859649122,0.10389610389610389
404200,EEE,2014J,0.15,0.21428571428571427,0.1764705882352941
404269,BBB,2013J,0.25,0.3125,0.2777777777777778
404325,GGG,2013J,0.45,0.36,0.39999999999999997
404356,AAA,2014J,0.2,0.36363636363636365,0.25806451612903225
404415,BBB,2014J,0.5,0.45454545454545453,0.47619047619047616
404449,EEE,2013J,0.15,0.6,0.24
404536,FFF,2013J,0.15,0.13636363636363635,0.14285714285714282
404631,FFF,2013J,0.45,0.17647058823529413,0.25352112676056343
404671,BBB,2013J,0.05,0.1111111111111111,0.06896551724137932
404695,EEE,2014J,0.4,0.6666666666666666,0.5
404708,BBB,2013J,0.15,0.13043478260869565,0.13953488372093023
404727,BBB,2013B,0.15,0.23076923076923078,0.18181818181818185
404804,AAA,2013J,0.0,0.0,0.0
405088,AAA,2013J,0.5,0.38461538461538464,0.4347826086956522
405125,EEE,2014J,0.35,0.7777777777777778,0.48275862068965514
405192,FFF,2014B,0.15,0.125,0.13636363636363635
405193,FFF,2014J,0.5,0.15151515151515152,0.23255813953488375
405219,FFF,2013B,0.5,0.15384615384615385,0.23529411764705882
405268,BBB,2014B,0.15,0.17647058823529413,0.16216216216216214
405314,FFF,2013B,0.2,0.1111111111111111,0.14285714285714285
405314,FFF,2013J,0.0,0.0,0.0
405426,DDD,2013B,0.1,0.25,0.14285714285714288
405471,BBB,2013B,0.0,0.0,0.0
405775,FFF,2014B,0.0,0.0,0.0
405784,DDD,2013B,0.15,0.15,0.15
405889,FFF,2013B,0.1,0.09523809523809523,0.0975609756097561
405945,BBB,2013J,0.0,0.0,0.0
405995,BBB,2013B,0.2,0.3076923076923077,0.24242424242424246
406000,BBB,2014J,0.4,0.38095238095238093,0.3902439024390244
406056,DDD,2013B,0.15,0.08108108108108109,0.10526315789473685
406121,EEE,2013J,0.25,0.625,0.35714285714285715
406224,DDD,2013J,0.2,0.15384615384615385,0.17391304347826086
406254,FFF,2013J,0.45,0.21428571428571427,0.29032258064516125
406311,BBB,2013B,0.05,0.25,0.08333333333333334
406498,DDD,2013J,0.3,0.16666666666666666,0.21428571428571427
406541,DDD,2013B,0.15,0.12,0.1333333333333333
406549,EEE,2013J,0.3,0.6666666666666666,0.41379310344827586
406600,BBB,2014B,0.1,0.6666666666666666,0.1739130434782609
406671,AAA,2014J,0.05,0.25,0.08333333333333334
406682,AAA,2014J,0.5,0.7692307692307693,0.6060606060606061
406698,CCC,2014J,0.0,0.0,0.0
406751,GGG,2014B,0.4,0.38095238095238093,0.3902439024390244
406908,CCC,2014B,0.0,0.0,0.0
407232,FFF,2014J,0.25,0.1388888888888889,0.17857142857142858
407303,DDD,2014B,0.2,0.12121212121212122,0.15094339622641512
407371,FFF,2013B,0.25,0.20833333333333334,0.22727272727272727
407374,DDD,2013J,0.2,0.08333333333333333,0.11764705882352941
407404,CCC,2014J,0.05,0.08333333333333333,0.0625
407453,EEE,2013J,0.25,0.38461538461538464,0.30303030303030304
407487,DDD,2014J,0.05,1.0,0.09523809523809523
407500,FFF,2014B,0.6,0.35294117647058826,0.4444444444444445
407670,FFF,2013B,0.15,0.15,0.15
407681,FFF,2013B,0.15,0.08823529411764706,0.11111111111111112
407731,EEE,2014J,0.35,1.0,0.5185185185185185
407818,FFF,2013B,0.15,0.10344827586206896,0.12244897959183673
407968,FFF,2013B,0.6,0.3870967741935484,0.47058823529411764
408061,DDD,2013J,0.15,0.1875,0.16666666666666663
408105,FFF,2014B,0.1,0.15384615384615385,0.12121212121212123
408112,BBB,2013B,0.1,0.3333333333333333,0.15384615384615383
408239,DDD,2013J,0.1,0.08333333333333333,0.0909090909090909
408353,FFF,2014B,0.05,0.1111111111111111,0.06896551724137932
408372,FFF,2013B,0.5,0.30303030303030304,0.37735849056603776
408413,CCC,2014B,0.0,0.0,0.0
408581,BBB,2014B,0.05,0.038461538461538464,0.043478260869565216
408608,CCC,2014J,0.0,0.0,0.0
408753,FFF,2013B,0.1,0.07692307692307693,0.08695652173913043
408763,EEE,2014J,0.3,0.35294117647058826,0.3243243243243243
408975,BBB,2013J,0.05,0.16666666666666666,0.07692307692307691
409040,FFF,2013J,0.1,0.06666666666666667,0.08
409091,DDD,2013B,0.15,0.06818181818181818,0.09374999999999999
409100,AAA,2014J,0.55,0.6875,0.6111111111111112
409109,DDD,2013B,0.05,0.038461538461538464,0.043478260869565216
409120,DDD,2014J,0.0,0.0,0.0
409205,DDD,2014J,0.05,0.1,0.06666666666666667
409651,FFF,2014B,0.3,0.06382978723404255,0.10526315789473684
409662,BBB,2013B,0.05,0.09090909090909091,0.06451612903225806
409703,AAA,2014J,0.55,0.6470588235294118,0.5945945945945946
409708,BBB,2014J,0.2,0.23529411764705882,0.2162162162162162
409733,CCC,2014J,0.05,0.05,0.05000000000000001
409852,CCC,2014J,0.1,0.14285714285714285,0.11764705882352941
409880,DDD,2013J,0.15,0.2,0.17142857142857143
409930,BBB,2013J,0.1,0.5,0.16666666666666669
409945,BBB,2013J,0.1,0.09523809523809523,0.0975609756097561
409953,CCC,2014J,0.1,0.06896551724137931,0.08163265306122448
409953,DDD,2013J,0.1,0.05,0.06666666666666667
410052,BBB,2013J,0.5,0.2631578947368421,0.3448275862068966
410092,AAA,2014J,0.1,0.25,0.14285714285714288
410176,CCC,2014J,0.0,0.0,0.0
410199,FFF,2014B,0.4,0.12307692307692308,0.18823529411764708
410203,CCC,2014B,0.15,0.25,0.18749999999999997
410281,BBB,2013J,0.35,0.20588235294117646,0.25925925925925924
410357,BBB,2013J,0.05,0.2,0.08000000000000002
410407,CCC,2014B,0.0,0.0,0.0
410407,FFF,2014J,0.55,0.1375,0.22000000000000003
410537,BBB,2013J,0.2,0.21052631578947367,0.20512820512820512
410573,GGG,2013J,0.05,0.125,0.07142857142857144
410587,EEE,2014J,0.45,0.6,0.5142857142857143
410592,EEE,2014J,0.45,0.75,0.5625000000000001
410666,FFF,2014B,0.0,0.0,0.0
410699,CCC,2014B,0.0,0.0,0.0
410739,BBB,2013B,0.1,0.15384615384615385,0.12121212121212123
410767,DDD,2014J,0.4,0.1951219512195122,0.26229508196721313
410810,EEE,2014B,0.4,0.6666666666666666,0.5
410816,DDD,2014B,0.1,0.5,0.16666666666666669
410838,FFF,2013J,0.5,0.16393442622950818,0.24691358024691357
410842,BBB,2013J,0.2,0.25,0.22222222222222224
410883,FFF,2014J,0.3,0.20689655172413793,0.24489795918367346
410886,DDD,2013B,0.2,0.1111111111111111,0.14285714285714285
411013,FFF,2013B,0.25,0.12195121951219512,0.16393442622950818
411060,DDD,2014B,0.8,0.2318840579710145,0.3595505617977528
411105,GGG,2013J,0.45,0.6923076923076923,0.5454545454545455
411304,FFF,2014J,0.2,0.08,0.11428571428571428
411549,CCC,2014J,0.2,0.2857142857142857,0.23529411764705882
411549,DDD,2014J,0.05,0.06666666666666667,0.05714285714285715
411619,EEE,2014J,0.4,0.5333333333333333,0.4571428571428572
411642,BBB,2013J,0.05,0.14285714285714285,0.07407407407407408
411707,DDD,2013J,0.3,0.15,0.2
411971,AAA,2014J,0.1,0.25,0.14285714285714288
412025,FFF,2013B,0.2,0.2222222222222222,0.2105263157894737
412081,BBB,2014J,0.2,0.8,0.32000000000000006
412102,FFF,2013B,0.45,0.13636363636363635,0.20930232558139533
412258,CCC,2014B,0.45,0.28125,0.34615384615384615
412263,FFF,2013B,0.15,0.125,0.13636363636363635
412284,CCC,2014B,0.25,0.19230769230769232,0.2173913043478261
412307,FFF,2013B,0.35,0.14,0.2
412353,FFF,2014J,0.3,0.15,0.2
412407,BBB,2013B,0.1,1.0,0.18181818181818182
412600,CCC,2014J,0.1,0.13333333333333333,0.1142857142857143
412600,DDD,2014B,0.05,0.5,0.09090909090909091
412618,DDD,2013J,0.25,0.10204081632653061,0.14492753623188406
412654,BBB,2013B,0.0,0.0,0.0
412663,CCC,2014J,0.25,0.1724137931034483,0.20408163265306123
412663,DDD,2014B,0.2,0.12121212121212122,0.15094339622641512
412695,FFF,2014B,0.1,0.04081632653061224,0.05797101449275362
412697,FFF,2013J,0.6,0.2222222222222222,0.32432432432432434
412717,DDD,2014J,0.45,0.16363636363636364,0.24
412731,DDD,2013B,0.05,0.041666666666666664,0.04545454545454545
412772,DDD,2013B,0.0,0.0,0.0
412911,EEE,2013J,0.3,0.5454545454545454,0.3870967741935483
413083,CCC,2014B,0.2,0.23529411764705882,0.2162162162162162
413087,CCC,2014J,0.0,0.0,0.0
413087,DDD,2014J,0.05,0.5,0.09090909090909091
413180,FFF,2014J,0.1,0.18181818181818182,0.12903225806451613
413200,CCC,2014J,0.0,0.0,0.0
413200,FFF,2014B,0.25,0.22727272727272727,0.23809523809523808
413709,FFF,2014J,0.1,0.13333333333333333,0.1142857142857143
413934,DDD,2013B,0.25,0.078125,0.11904761904761904
413949,FFF,2014J,0.35,0.1,0.15555555555555556
413984,BBB,2013B,0.05,0.16666666666666666,0.07692307692307691
414028,BBB,2013J,0.55,0.3142857142857143,0.4
414094,DDD,2014J,0.25,0.15151515151515152,0.18867924528301888
414117,AAA,2013J,0.2,0.17391304347826086,0.18604651162790697
414247,DDD,2013J,0.0,0.0,0.0
414258,FFF,2013B,0.05,1.0,0.09523809523809523
414258,FFF,2014B,0.65,0.29545454545454547,0.40625
414304,DDD,2013B,0.1,0.06060606060606061,0.07547169811320756
414350,BBB,2013J,0.25,0.15625,0.19230769230769232
414495,BBB,2013J,0.2,0.23529411764705882,0.2162162162162162
414587,DDD,2013B,0.1,0.05714285714285714,0.07272727272727272
414633,GGG,2014J,0.15,0.16666666666666666,0.15789473684210525
414668,GGG,2014B,0.4,0.5333333333333333,0.4571428571428572
414696,GGG,2014B,0.25,0.38461538461538464,0.30303030303030304
414758,DDD,2013B,0.0,0.0,0.0
414772,CCC,2014J,0.0,0.0,0.0
414803,DDD,2013B,0.0,0.0,0.0
414958,BBB,2013B,0.05,0.25,0.08333333333333334
414963,DDD,2014J,0.2,0.1,0.13333333333333333
415216,BBB,2013J,0.1,0.14285714285714285,0.11764705882352941
415546,BBB,2013J,0.05,1.0,0.09523809523809523
415631,CCC,2014J,0.0,0.0,0.0
415695,DDD,2013B,0.1,0.18181818181818182,0.12903225806451613
415695,DDD,2014B,0.05,0.25,0.08333333333333334
415716,BBB,2013B,0.05,0.25,0.08333333333333334
415760,BBB,2013B,0.0,0.0,0.0
415818,GGG,2014B,0.25,0.2631578947368421,0.25641025641025644
415952,FFF,2013B,0.2,0.25,0.22222222222222224
415988,FFF,2013B,0.05,0.045454545454545456,0.04761904761904762
416007,BBB,2013B,0.0,0.0,0.0
416008,DDD,2013B,0.2,0.26666666666666666,0.2285714285714286
416008,DDD,2014B,0.1,0.05555555555555555,0.07142857142857142
416199,FFF,2014J,0.2,0.23529411764705882,0.2162162162162162
416229,FFF,2013B,0.2,0.1111111111111111,0.14285714285714285
416243,DDD,2013J,0.1,0.14285714285714285,0.11764705882352941
416284,CCC,2014J,0.0,0.0,0.0
416302,FFF,2014B,0.2,0.17391304347826086,0.18604651162790697
416304,FFF,2013J,0.9,0.10909090909090909,0.1945945945945946
416355,GGG,2013J,0.3,0.2,0.24
416407,FFF,2014J,0.05,0.05555555555555555,0.052631578947368425
416420,EEE,2013J,0.15,1.0,0.2608695652173913
416500,DDD,2013J,0.1,0.2222222222222222,0.13793103448275865
416654,BBB,2013B,0.15,0.125,0.13636363636363635
416689,CCC,2014B,0.15,0.21428571428571427,0.1764705882352941
416696,FFF,2013B,0.0,0.0,0.0
416696,FFF,2013J,0.1,0.5,0.16666666666666669
416700,GGG,2014J,0.4,0.5714285714285714,0.47058823529411764
416725,FFF,2013B,0.15,0.07894736842105263,0.10344827586206896
416860,CCC,2014J,0.0,0.0,0.0
417096,GGG,2014B,0.3,0.375,0.33333333333333326
417184,FFF,2014B,0.05,0.05,0.05000000000000001
417242,DDD,2013B,0.3,0.13333333333333333,0.18461538461538463
417263,BBB,2014B,0.05,0.08333333333333333,0.0625
417414,FFF,2013J,0.0,0.0,0.0
417522,CCC,2014J,0.3,0.14285714285714285,0.19354838709677416
417547,EEE,2014B,0.35,0.7777777777777778,0.48275862068965514
417663,FFF,2013J,0.1,0.07407407407407407,0.0851063829787234
417684,BBB,2014B,0.1,0.08695652173913043,0.09302325581395349
417724,CCC,2014J,0.35,0.1891891891891892,0.24561403508771934
417724,EEE,2013J,0.45,0.9,0.6
417820,CCC,2014B,0.05,0.09090909090909091,0.06451612903225806
417986,BBB,2014J,0.5,0.5555555555555556,0.5263157894736842
418007,FFF,2013J,0.6,0.35294117647058826,0.4444444444444445
418032,GGG,2013J,0.6,0.631578947368421,0.6153846153846154
418035,EEE,2014J,0.25,0.625,0.35714285714285715
418077,BBB,2014J,0.25,0.25,0.25
418122,DDD,2013B,0.0,0.0,0.0
418159,DDD,2013J,0.2,0.2222222222222222,0.2105263157894737
418201,FFF,2014J,0.0,0.0,0.0
418216,EEE,2014J,0.45,0.6923076923076923,0.5454545454545455
418218,FFF,2014B,0.05,0.05263157894736842,0.05128205128205128
418224,CCC,2014B,0.25,0.23809523809523808,0.24390243902439024
418325,BBB,2013B,0.05,0.14285714285714285,0.07407407407407408
418397,CCC,2014J,0.4,0.25,0.3076923076923077
418397,DDD,2013J,0.05,0.045454545454545456,0.04761904761904762
418453,DDD,2014B,0.0,0.0,0.0
418490,DDD,2013B,0.3,0.3157894736842105,0.3076923076923077
418623,CCC,2014B,0.4,0.2857142857142857,0.3333333333333333
418634,FFF,2013B,0.35,0.15217391304347827,0.21212121212121213
418731,AAA,2014J,0.1,0.14285714285714285,0.11764705882352941
418781,DDD,2014B,0.05,0.03125,0.038461538461538464
418900,EEE,2013J,0.3,0.6666666666666666,0.41379310344827586
418956,DDD,2013B,0.0,0.0,0.0
418998,FFF,2013B,0.15,0.13636363636363635,0.14285714285714282
419024,FFF,2013J,0.3,0.1276595744680851,0.17910447761194026
419059,FFF,2014J,0.25,0.125,0.16666666666666666
419192,DDD,2013J,0.15,0.125,0.13636363636363635
419223,EEE,2013J,0.35,0.875,0.4999999999999999
419273,DDD,2013B,0.05,0.1,0.06666666666666667
419284,FFF,2014B,0.1,0.05714285714285714,0.07272727272727272
419375,BBB,2013J,0.1,0.2222222222222222,0.13793103448275865
419517,DDD,2013J,0.1,0.03636363636363636,0.05333333333333334
419565,FFF,2013B,0.05,0.1,0.06666666666666667
419791,FFF,2013B,0.15,0.21428571428571427,0.1764705882352941
419913,DDD,2014J,0.05,0.043478260869565216,0.046511627906976744
419924,BBB,2014J,0.05,1.0,0.09523809523809523
419946,FFF,2013B,0.7,0.4117647058823529,0.5185185185185185
419990,FFF,2013J,0.25,0.10869565217391304,0.15151515151515152
420042,CCC,2014J,0.25,0.1724137931034483,0.20408163265306123
420042,FFF,2014B,0.4,0.16,0.22857142857142856
420087,AAA,2013J,0.05,0.5,0.09090909090909091
420141,DDD,2014J,0.1,0.06060606060606061,0.07547169811320756
420163,BBB,2013J,0.15,0.1875,0.16666666666666663
420173,EEE,2013J,0.4,0.6666666666666666,0.5
420333,EEE,2014B,0.4,0.6666666666666666,0.5
420345,CCC,2014B,0.0,0.0,0.0
420388,DDD,2013B,0.1,0.06060606060606061,0.07547169811320756
420528,CCC,2014B,0.35,0.28,0.3111111111111111
420560,DDD,2014J,0.1,0.2222222222222222,0.13793103448275865
420631,BBB,2014J,0.45,0.6,0.5142857142857143
420663,BBB,2014B,0.0,0.0,0.0
420699,FFF,2013B,0.05,0.02702702702702703,0.03508771929824561
420720,FFF,2013B,0.1,0.044444444444444446,0.061538461538461535
420724,BBB,2013J,0.25,0.38461538461538464,0.30303030303030304
420762,DDD,2014J,0.25,0.13513513513513514,0.1754385964912281
420867,FFF,2013J,0.55,0.28205128205128205,0.3728813559322034
420894,FFF,2013B,0.25,0.19230769230769232,0.2173913043478261
420935,CCC,2014B,0.1,0.1111111111111111,0.10526315789473685
421018,BBB,2013J,0.15,0.13043478260869565,0.13953488372093023
421111,EEE,2014B,0.3,0.46153846153846156,0.3636363636363637
421185,DDD,2014J,0.1,0.0625,0.07692307692307693
421209,CCC,2014B,0.5,0.43478260869565216,0.46511627906976744
421326,BBB,2014B,0.15,0.75,0.24999999999999997
421455,AAA,2014J,0.05,0.14285714285714285,0.07407407407407408
421999,GGG,2013J,0.35,0.5833333333333334,0.4375
422006,FFF,2013J,0.25,0.23809523809523808,0.24390243902439024
422061,FFF,2013B,0.35,0.23333333333333334,0.28
422070,BBB,2013B,0.05,1.0,0.09523809523809523
422087,FFF,2013B,0.3,0.1276595744680851,0.17910447761194026
422164,DDD,2013B,0.0,0.0,0.0
422276,DDD,2013J,0.05,0.058823529411764705,0.05405405405405405
422340,FFF,2013B,0.3,0.14285714285714285,0.19354838709677416
422343,CCC,2014J,0.05,0.14285714285714285,0.07407407407407408
422343,DDD,2014J,0.05,0.25,0.08333333333333334
422479,BBB,2013J,0.1,0.11764705882352941,0.1081081081081081
422530,FFF,2014B,0.05,0.05555555555555555,0.052631578947368425
422534,DDD,2013J,0.05,0.07142857142857142,0.058823529411764705
422542,CCC,2014J,0.05,0.07692307692307693,0.060606060606060615
422626,FFF,2014B,0.6,0.14814814814814814,0.2376237623762376
422670,CCC,2014J,0.15,0.2,0.17142857142857143
422697,FFF,2014B,0.0,0.0,0.0
422768,DDD,2013B,0.15,0.1111111111111111,0.12765957446808512
423093,GGG,2014J,0.4,0.5333333333333333,0.4571428571428572
423147,DDD,2013J,0.05,0.05,0.05000000000000001
423210,FFF,2014J,0.35,0.175,0.23333333333333334
423386,DDD,2013B,0.15,0.3333333333333333,0.20689655172413793
423398,BBB,2014J,0.45,0.34615384615384615,0.3913043478260869
423399,BBB,2013J,0.1,0.07407407407407407,0.0851063829787234
423488,FFF,2014J,0.05,0.14285714285714285,0.07407407407407408
423601,FFF,2013B,0.45,0.3,0.36000000000000004
423607,CCC,2014J,0.15,0.1875,0.16666666666666663
423622,CCC,2014J,0.0,0.0,0.0
423648,FFF,2014B,0.0,0.0,0.0
423652,BBB,2014B,0.05,0.125,0.07142857142857144
423757,DDD,2013B,0.0,0.0,0.0
423781,FFF,2014J,0.2,0.18181818181818182,0.1904761904761905
423871,BBB,2013B,0.0,0.0,0.0
423879,CCC,2014B,0.15,0.10344827586206896,0.12244897959183673
423947,EEE,2014J,0.4,0.6153846153846154,0.4848484848484849
423985,FFF,2013B,0.0,0.0,0.0
424014,BBB,2014B,0.0,0.0,0.0
424082,CCC,2014B,0.1,0.18181818181818182,0.12903225806451613
424112,CCC,2014B,0.0,0.0,0.0
424171,FFF,2013J,0.25,0.1282051282051282,0.1694915254237288
424211,DDD,2014J,0.3,0.12244897959183673,0.17391304347826086
424220,BBB,2014J,0.2,0.8,0.32000000000000006
424437,FFF,2013J,0.55,0.23404255319148937,0.3283582089552239
424539,BBB,2013J,0.05,0.2,0.08000000000000002
424544,FFF,2013B,0.1,0.11764705882352941,0.1081081081081081
424577,AAA,2014J,0.25,0.625,0.35714285714285715
424637,BBB,2013J,0.1,0.6666666666666666,0.1739130434782609
424880,DDD,2014B,0.2,0.14814814814814814,0.1702127659574468
424950,CCC,2014B,0.0,0.0,0.0
424978,EEE,2014B,0.1,0.3333333333333333,0.15384615384615383
424987,DDD,2013B,0.25,0.09803921568627451,0.14084507042253522
425218,FFF,2013J,0.15,0.2,0.17142857142857143
425257,GGG,2014B,0.05,0.16666666666666666,0.07692307692307691
425274,EEE,2013J,0.0,0.0,0.0
425287,CCC,2014J,0.05,0.038461538461538464,0.043478260869565216
425543,DDD,2013J,0.2,0.13793103448275862,0.16326530612244897
425748,FFF,2013B,0.05,0.3333333333333333,0.08695652173913045
425772,BBB,2014J,0.1,1.0,0.18181818181818182
425808,BBB,2013B,0.05,0.08333333333333333,0.0625
425820,BBB,2013B,0.0,0.0,0.0
425910,DDD,2014J,0.1,0.1111111111111111,0.10526315789473685
425997,FFF,2013B,0.15,0.15,0.15
426059,DDD,2013B,0.05,0.04,0.044444444444444446
426059,DDD,2013J,0.1,0.05555555555555555,0.07142857142857142
426074,FFF,2013B,0.6,0.3157894736842105,0.41379310344827586
426297,DDD,2014B,0.1,0.05263157894736842,0.06896551724137931
426316,EEE,2014B,0.2,0.6666666666666666,0.30769230769230765
426458,BBB,2013J,0.15,0.6,0.24
426465,FFF,2013B,0.2,0.23529411764705882,0.2162162162162162
426547,GGG,2014B,0.15,0.16666666666666666,0.15789473684210525
426610,CCC,2014B,0.2,0.3076923076923077,0.24242424242424246
426616,CCC,2014B,0.3,0.23076923076923078,0.2608695652173913
426616,EEE,2014B,0.4,0.6153846153846154,0.4848484848484849
426624,BBB,2014J,0.45,0.32142857142857145,0.375
426650,BBB,2013B,0.0,0.0,0.0
426838,BBB,2013B,0.3,0.375,0.33333333333333326
426871,DDD,2013B,0.1,0.05714285714285714,0.07272727272727272
426887,DDD,2013J,0.45,0.11392405063291139,0.18181818181818182
427256,FFF,2014J,0.15,0.08823529411764706,0.11111111111111112
427321,GGG,2013J,0.25,0.2631578947368421,0.25641025641025644
427344,DDD,2013J,0.0,0.0,0.0
427348,FFF,2013B,0.0,0.0,0.0
427413,CCC,2014J,0.05,0.02631578947368421,0.034482758620689655
427413,EEE,2013J,0.25,0.7142857142857143,0.37037037037037035
427536,BBB,2013B,0.1,0.10526315789473684,0.10256410256410256
427704,BBB,2013B,0.1,0.13333333333333333,0.1142857142857143
427773,BBB,2013B,0.05,0.038461538461538464,0.043478260869565216
427802,FFF,2013J,0.15,0.13636363636363635,0.14285714285714282
427921,BBB,2013J,0.0,0.0,0.0
428116,DDD,2014J,0.2,0.2,0.20000000000000004
428142,FFF,2013B,0.7,0.3684210526315789,0.48275862068965514
428301,GGG,2013J,0.25,0.4166666666666667,0.3125
428323,BBB,2013J,0.0,0.0,0.0
428641,FFF,2013B,0.1,0.08,0.08888888888888889
428653,BBB,2013J,0.05,0.125,0.07142857142857144
428932,FFF,2013B,0.25,0.1724137931034483,0.20408163265306123
428979,FFF,2013B,0.45,0.2571428571428571,0.32727272727272727
429004,GGG,2014J,0.2,0.23529411764705882,0.2162162162162162
429015,CCC,2014J,0.1,0.08695652173913043,0.09302325581395349
429015,FFF,2014B,0.35,0.25,0.2916666666666667
429038,BBB,2013B,0.05,1.0,0.09523809523809523
429099,BBB,2014B,0.0,0.0,0.0
429185,CCC,2014B,0.05,0.05555555555555555,0.052631578947368425
429212,DDD,2013J,0.0,0.0,0.0
429417,BBB,2014B,0.1,0.07692307692307693,0.08695652173913043
429610,BBB,2013J,0.15,0.08823529411764706,0.11111111111111112
429832,FFF,2013J,0.0,0.0,0.0
429832,FFF,2014J,0.2,0.12903225806451613,0.1568627450980392
429833,DDD,2013B,0.05,0.08333333333333333,0.0625
429854,DDD,2013J,0.15,0.14285714285714285,0.14634146341463414
429858,AAA,2014J,0.1,0.11764705882352941,0.1081081081081081
429958,AAA,2013J,0.15,0.15789473684210525,0.15384615384615385
430356,DDD,2013J,0.15,0.075,0.1
430357,BBB,2013B,0.0,0.0,0.0
430392,BBB,2013J,0.25,0.29411764705882354,0.27027027027027023
430487,CCC,2014J,0.25,0.25,0.25
430625,FFF,2014B,0.0,0.0,0.0
430678,DDD,2014B,0.05,0.2,0.08000000000000002
430686,CCC,2014B,0.15,0.15789473684210525,0.15384615384615385
430708,BBB,2013J,0.15,0.23076923076923078,0.18181818181818185
430806,CCC,2014J,0.2,0.13333333333333333,0.16
431005,DDD,2013B,0.0,0.0,0.0
431005,DDD,2013J,0.05,0.043478260869565216,0.046511627906976744
431014,EEE,2013J,0.25,0.8333333333333334,0.3846153846153846
431025,AAA,2014J,0.05,0.125,0.07142857142857144
431071,BBB,2013B,0.15,0.375,0.21428571428571425
431136,DDD,2014B,0.0,0.0,0.0
431136,DDD,2014J,0.0,0.0,0.0
431139,FFF,2014J,0.2,0.17391304347826086,0.18604651162790697
431251,FFF,2013B,0.2,0.14285714285714285,0.16666666666666666
431386,CCC,2014B,0.0,0.0,0.0
431406,DDD,2014B,0.2,0.11428571428571428,0.14545454545454545
431987,FFF,2014B,0.25,0.10638297872340426,0.1492537313432836
432144,BBB,2013J,0.2,0.23529411764705882,0.2162162162162162
432222,FFF,2013B,0.4,0.22857142857142856,0.2909090909090909
432232,BBB,2013B,0.15,0.6,0.24
432237,BBB,2013J,0.25,0.7142857142857143,0.37037037037037035
432336,FFF,2013J,0.0,0.0,0.0
432480,BBB,2014B,0.05,0.2,0.08000000000000002
432532,FFF,2013B,0.15,0.058823529411764705,0.08450704225352114
432592,FFF,2013J,0.4,0.13793103448275862,0.20512820512820515
432624,DDD,2013J,0.05,0.08333333333333333,0.0625
432642,DDD,2014J,0.0,0.0,0.0
432703,FFF,2013J,0.2,0.17391304347826086,0.18604651162790697
432724,CCC,2014J,0.2,0.2222222222222222,0.2105263157894737
432862,DDD,2013J,0.05,0.058823529411764705,0.05405405405405405
432870,BBB,2013B,0.2,0.17391304347826086,0.18604651162790697
432968,DDD,2013J,0.0,0.0,0.0
433151,DDD,2013B,0.2,0.13793103448275862,0.16326530612244897
433165,GGG,2013J,0.4,0.5,0.4444444444444445
433280,BBB,2013J,0.4,0.38095238095238093,0.3902439024390244
433386,DDD,2013B,0.2,0.14285714285714285,0.16666666666666666
433508,CCC,2014J,0.0,0.0,0.0
433508,DDD,2013J,0.15,0.07142857142857142,0.09677419354838708
433531,BBB,2013B,0.0,0.0,0.0
433748,DDD,2013J,0.0,0.0,0.0
433755,BBB,2013B,0.1,0.07692307692307693,0.08695652173913043
433794,CCC,2014J,0.2,0.16,0.17777777777777778
433864,BBB,2013J,0.05,0.09090909090909091,0.06451612903225806
433939,BBB,2013B,0.05,0.05263157894736842,0.05128205128205128
434002,DDD,2014J,0.55,0.20754716981132076,0.30136986301369867
434192,BBB,2013B,0.0,0.0,0.0
434347,EEE,2014J,0.45,0.6428571428571429,0.5294117647058824
434353,BBB,2013B,0.15,0.25,0.18749999999999997
434397,BBB,2013J,0.0,0.0,0.0
434476,FFF,2014J,0.5,0.12195121951219512,0.19607843137254902
434562,CCC,2014B,0.2,0.2222222222222222,0.2105263157894737
434562,EEE,2013J,0.35,0.875,0.4999999999999999
434585,BBB,2013J,0.35,0.21212121212121213,0.26415094339622636
434646,BBB,2013B,0.15,0.08333333333333333,0.10714285714285714
434759,EEE,2013J,0.4,0.8888888888888888,0.5517241379310346
434841,DDD,2014B,0.2,0.8,0.32000000000000006
434977,DDD,2013B,0.05,0.043478260869565216,0.046511627906976744
435043,FFF,2013B,0.5,0.4166666666666667,0.45454545454545453
435245,BBB,2013B,0.0,0.0,0.0
435277,EEE,2013J,0.35,0.875,0.4999999999999999
435423,DDD,2013B,0.35,0.1891891891891892,0.24561403508771934
435446,FFF,2014B,0.0,0.0,0.0
435572,DDD,2014J,0.1,0.18181818181818182,0.12903225806451613
435587,DDD,2013J,0.1,0.14285714285714285,0.11764705882352941
436058,CCC,2014B,0.15,0.15,0.15
436213,EEE,2014J,0.0,0.0,0.0
436481,FFF,2014B,0.1,0.1,0.10000000000000002
436590,FFF,2014B,0.4,0.22857142857142856,0.2909090909090909
436898,DDD,2014J,0.2,0.08333333333333333,0.11764705882352941
437171,BBB,2014B,0.25,0.35714285714285715,0.2941176470588235
437281,DDD,2013B,0.15,0.13043478260869565,0.13953488372093023
437482,CCC,2014J,0.05,0.045454545454545456,0.04761904761904762
437550,BBB,2014J,0.6,0.6666666666666666,0.631578947368421
437562,BBB,2013B,0.15,0.12,0.1333333333333333
437565,BBB,2014B,0.15,0.16666666666666666,0.15789473684210525
437872,FFF,2013B,0.05,0.017857142857142856,0.026315789473684206
437923,DDD,2013J,0.35,0.2,0.2545454545454545
437967,BBB,2013B,0.05,0.14285714285714285,0.07407407407407408
438068,BBB,2013J,0.2,0.2222222222222222,0.2105263157894737
438313,FFF,2013J,0.0,0.0,0.0
438323,FFF,2013B,0.3,0.15384615384615385,0.2033898305084746
438452,FFF,2013B,0.1,0.1,0.10000000000000002
438551,BBB,2013J,0.1,0.25,0.14285714285714288
438644,FFF,2014J,0.0,0.0,0.0
438662,DDD,2013B,0.05,0.1111111111111111,0.06896551724137932
438703,BBB,2013B,0.35,0.3888888888888889,0.36842105263157887
438751,DDD,2013J,0.1,0.06896551724137931,0.08163265306122448
438796,CCC,2014B,0.0,0.0,0.0
438796,FFF,2014B,0.2,0.14814814814814814,0.1702127659574468
439170,GGG,2014J,0.55,0.6111111111111112,0.5789473684210527
439182,BBB,2013J,0.25,0.3125,0.2777777777777778
439305,AAA,2014J,0.15,0.3333333333333333,0.20689655172413793
439433,FFF,2014B,0.1,0.10526315789473684,0.10256410256410256
439542,DDD,2013B,0.0,0.0,0.0
439568,DDD,2013J,0.35,0.125,0.18421052631578946
439633,FFF,2014B,0.0,0.0,0.0
439677,BBB,2014J,0.4,0.5,0.4444444444444445
439677,GGG,2013J,0.5,0.6666666666666666,0.5714285714285715
439710,BBB,2014B,0.0,0.0,0.0
439713,DDD,2013J,0.1,0.15384615384615385,0.12121212121212123
439806,BBB,2014J,0.15,0.375,0.21428571428571425
439855,DDD,2013J,0.25,0.09615384615384616,0.1388888888888889
439857,BBB,2013B,0.0,0.0,0.0
439950,FFF,2014J,0.1,0.13333333333333333,0.1142857142857143
439995,FFF,2014J,0.1,0.07407407407407407,0.0851063829787234
440003,DDD,2013J,0.35,0.08641975308641975,0.1386138613861386
440057,BBB,2013B,0.05,0.2,0.08000000000000002
440103,CCC,2014J,0.2,0.25,0.22222222222222224
440103,DDD,2014B,0.0,0.0,0.0
440171,CCC,2014J,0.1,0.2222222222222222,0.13793103448275865
440225,BBB,2013J,0.25,0.2631578947368421,0.25641025641025644
440319,AAA,2014J,0.05,0.3333333333333333,0.08695652173913045
440323,CCC,2014B,0.15,0.1875,0.16666666666666663
440331,DDD,2014B,0.4,0.1951219512195122,0.26229508196721313
440375,DDD,2013B,0.0,0.0,0.0
440499,DDD,2013B,0.0,0.0,0.0
440509,BBB,2013B,0.05,0.25,0.08333333333333334
440559,FFF,2014B,0.3,0.16216216216216217,0.2105263157894737
440563,BBB,2013J,0.15,0.14285714285714285,0.14634146341463414
440593,BBB,2013J,0.0,0.0,0.0
440610,EEE,2013J,0.2,0.8,0.32000000000000006
440632,FFF,2013B,0.0,0.0,0.0
440818,FFF,2014J,0.65,0.18571428571428572,0.28888888888888886
440905,CCC,2014B,0.1,0.125,0.11111111111111112
441000,BBB,2013B,0.05,0.2,0.08000000000000002
441018,AAA,2013J,0.15,0.1875,0.16666666666666663
441087,DDD,2014J,0.2,0.08695652173913043,0.12121212121212122
441113,DDD,2013B,0.05,0.045454545454545456,0.04761904761904762
441132,DDD,2013B,0.05,0.045454545454545456,0.04761904761904762
441165,FFF,2014J,0.15,0.0967741935483871,0.11764705882352941
441181,BBB,2013B,0.25,0.2,0.22222222222222224
441201,DDD,2013B,0.1,0.06060606060606061,0.07547169811320756
441213,DDD,2014B,0.15,0.09375,0.11538461538461538
441255,BBB,2013B,0.0,0.0,0.0
441302,DDD,2013B,0.05,0.0625,0.05555555555555556
441342,DDD,2013J,0.15,0.08823529411764706,0.11111111111111112
441385,EEE,2014J,0.1,0.5,0.16666666666666669
441389,DDD,2013B,0.1,0.06666666666666667,0.08
441444,DDD,2013J,0.05,0.05555555555555555,0.052631578947368425
441540,EEE,2013J,0.2,0.4,0.26666666666666666
441606,FFF,2013J,0.2,0.09090909090909091,0.12500000000000003
441791,GGG,2014B,0.3,0.5454545454545454,0.3870967741935483
441852,EEE,2014B,0.25,0.7142857142857143,0.37037037037037035
441858,EEE,2013J,0.35,0.3181818181818182,0.3333333333333333
441885,DDD,2013J,0.15,0.1,0.12
441888,AAA,2013J,0.6,0.42857142857142855,0.5
441892,DDD,2013J,0.05,0.25,0.08333333333333334
441895,EEE,2014J,0.45,0.8181818181818182,0.5806451612903226
441897,DDD,2014J,0.05,0.05555555555555555,0.052631578947368425
441954,FFF,2013B,0.1,0.07142857142857142,0.08333333333333333
442012,BBB,2013B,0.0,0.0,0.0
442017,DDD,2014J,0.05,0.16666666666666666,0.07692307692307691
442064,AAA,2014J,0.1,0.2222222222222222,0.13793103448275865
442132,AAA,2014J,0.1,0.25,0.14285714285714288
442183,BBB,2013B,0.0,0.0,0.0
442199,FFF,2014J,0.1,0.10526315789473684,0.10256410256410256
442359,EEE,2014J,0.5,0.9090909090909091,0.6451612903225806
442456,BBB,2013B,0.15,0.125,0.13636363636363635
442466,BBB,2013B,0.15,0.125,0.13636363636363635
442545,DDD,2013B,0.1,0.1,0.10000000000000002
442547,DDD,2013J,0.2,0.2222222222222222,0.2105263157894737
442549,DDD,2014J,0.05,0.5,0.09090909090909091
442561,GGG,2014B,0.4,0.4,0.4000000000000001
442563,FFF,2014J,0.25,0.21739130434782608,0.23255813953488372
442589,DDD,2013J,0.25,0.15625,0.19230769230769232
442590,DDD,2013J,0.2,0.15384615384615385,0.17391304347826086
442669,CCC,2014J,0.2,0.16,0.17777777777777778
442753,FFF,2014B,0.0,0.0,0.0
442802,FFF,2014J,0.2,0.2,0.20000000000000004
442807,EEE,2013J,0.35,0.6363636363636364,0.45161290322580644
442865,DDD,2013B,0.1,0.08333333333333333,0.0909090909090909
442873,DDD,2014B,0.1,0.05128205128205128,0.06779661016949151
442877,GGG,2014B,0.4,0.3076923076923077,0.34782608695652173
442878,DDD,2013J,0.1,0.11764705882352941,0.1081081081081081
442886,DDD,2013B,0.15,0.07894736842105263,0.10344827586206896
442910,BBB,2013J,0.05,0.09090909090909091,0.06451612903225806
442924,CCC,2014J,0.15,0.2,0.17142857142857143
442924,DDD,2013J,0.1,0.06896551724137931,0.08163265306122448
442987,GGG,2014J,0.15,0.17647058823529413,0.16216216216216214
443007,FFF,2014B,0.3,0.15384615384615385,0.2033898305084746
443108,BBB,2013B,0.05,1.0,0.09523809523809523
443151,FFF,2014J,0.3,0.1935483870967742,0.23529411764705882
443181,EEE,2013J,0.65,0.6190476190476191,0.6341463414634146
443200,EEE,2014J,0.5,0.2777777777777778,0.35714285714285715
443215,DDD,2013B,0.4,0.14814814814814814,0.21621621621621623
443275,DDD,2014J,0.05,0.037037037037037035,0.0425531914893617
443288,BBB,2013B,0.1,0.13333333333333333,0.1142857142857143
443297,DDD,2013B,0.15,0.10714285714285714,0.125
443387,GGG,2014B,0.45,0.5,0.4736842105263158
443400,DDD,2013J,0.0,0.0,0.0
443438,DDD,2013J,0.05,0.14285714285714285,0.07407407407407408
443498,EEE,2014J,0.4,0.6666666666666666,0.5
443514,FFF,2014J,0.2,0.14285714285714285,0.16666666666666666
443539,DDD,2014J,0.1,0.09090909090909091,0.09523809523809525
443540,DDD,2013J,0.1,1.0,0.18181818181818182
443563,FFF,2013B,0.1,0.09523809523809523,0.0975609756097561
443696,FFF,2013B,0.0,0.0,0.0
443696,FFF,2014J,0.05,0.05555555555555555,0.052631578947368425
443731,DDD,2013J,0.1,0.25,0.14285714285714288
443765,GGG,2014J,0.45,0.5625,0.5
443861,DDD,2014B,0.05,0.05555555555555555,0.052631578947368425
443948,EEE,2014B,0.35,0.7777777777777778,0.48275862068965514
443950,FFF,2013B,0.05,0.058823529411764705,0.05405405405405405
443964,CCC,2014J,0.3,0.16216216216216217,0.2105263157894737
443989,FFF,2013B,0.1,0.08,0.08888888888888889
444011,FFF,2014J,0.05,0.08333333333333333,0.0625
444117,BBB,2013B,0.1,0.16666666666666666,0.125
444180,DDD,2014J,0.1,0.06451612903225806,0.0784313725490196
444197,EEE,2014B,0.25,0.5,0.3333333333333333
444266,FFF,2013J,0.25,0.1282051282051282,0.1694915254237288
444317,DDD,2013J,0.2,0.06557377049180328,0.09876543209876544
444361,BBB,2014J,0.2,0.4,0.26666666666666666
444375,DDD,2013J,0.1,0.043478260869565216,0.06060606060606061
444403,EEE,2013J,0.5,0.8333333333333334,0.625
444545,BBB,2014J,0.15,0.42857142857142855,0.2222222222222222
444561,BBB,2014B,0.0,0.0,0.0
444574,FFF,2014B,0.2,0.14814814814814814,0.1702127659574468
444619,FFF,2014J,0.2,0.16,0.17777777777777778
444677,AAA,2013J,0.65,0.8125,0.7222222222222223
444697,FFF,2013J,0.2,0.14814814814814814,0.1702127659574468
444766,DDD,2014J,0.0,0.0,0.0
444768,BBB,2014J,0.1,0.16666666666666666,0.125
444821,BBB,2013J,0.15,0.5,0.23076923076923075
444856,FFF,2013J,0.1,0.1,0.10000000000000002
444858,BBB,2014B,0.0,0.0,0.0
444872,BBB,2014B,0.05,0.5,0.09090909090909091
444907,FFF,2014J,0.3,0.15,0.2
444926,BBB,2013B,0.05,0.08333333333333333,0.0625
444943,GGG,2013J,0.45,0.391304347826087,0.4186046511627907
445049,EEE,2014J,0.2,0.5,0.28571428571428575
445065,BBB,2013B,0.0,0.0,0.0
445086,GGG,2013J,0.4,0.47058823529411764,0.4324324324324324
445109,DDD,2013J,0.2,0.14814814814814814,0.1702127659574468
445114,CCC,2014J,0.45,0.42857142857142855,0.4390243902439024
445125,BBB,2013B,0.0,0.0,0.0
445136,BBB,2014J,0.25,0.18518518518518517,0.2127659574468085
445145,DDD,2014B,0.0,0.0,0.0
445239,DDD,2014J,0.1,0.10526315789473684,0.10256410256410256
445386,DDD,2013J,0.15,0.125,0.13636363636363635
445410,FFF,2013J,0.15,0.15,0.15
445415,BBB,2014B,0.0,0.0,0.0
445429,DDD,2014J,0.15,0.10714285714285714,0.125
445451,DDD,2014J,0.4,0.22857142857142856,0.2909090909090909
445494,BBB,2014B,0.05,0.25,0.08333333333333334
445686,FFF,2014J,0.55,0.2558139534883721,0.34920634920634924
445760,BBB,2013J,0.15,0.3333333333333333,0.20689655172413793
445776,FFF,2013J,0.0,0.0,0.0
445777,CCC,2014B,0.1,0.1111111111111111,0.10526315789473685
445857,DDD,2014B,0.2,0.0784313725490196,0.11267605633802816
445889,BBB,2013B,0.2,0.3076923076923077,0.24242424242424246
445917,CCC,2014B,0.2,0.15384615384615385,0.17391304347826086
445917,DDD,2013J,0.15,0.0967741935483871,0.11764705882352941
445930,DDD,2013J,0.25,0.1282051282051282,0.1694915254237288
445947,FFF,2014B,0.0,0.0,0.0
445972,CCC,2014B,0.0,0.0,0.0
445972,EEE,2013J,0.35,0.7777777777777778,0.48275862068965514
446045,BBB,2013B,0.15,0.6,0.24
446077,EEE,2014B,0.05,1.0,0.09523809523809523
446097,DDD,2014J,0.2,0.17391304347826086,0.18604651162790697
446108,AAA,2014J,0.35,0.3888888888888889,0.36842105263157887
446246,DDD,2013J,0.2,0.10256410256410256,0.13559322033898302
446279,DDD,2013J,0.2,0.10526315789473684,0.13793103448275862
446296,BBB,2014B,0.05,1.0,0.09523809523809523
446324,EEE,2013J,0.4,0.8,0.5333333333333333
446345,BBB,2013J,0.15,0.21428571428571427,0.1764705882352941
446397,EEE,2013J,0.35,0.4666666666666667,0.4
446439,CCC,2014J,0.05,0.05263157894736842,0.05128205128205128
446440,FFF,2013B,0.65,0.29545454545454547,0.40625
446479,CCC,2014J,0.1,0.14285714285714285,0.11764705882352941
446628,FFF,2013J,0.0,0.0,0.0
446650,BBB,2014B,0.0,0.0,0.0
446730,DDD,2014J,0.25,0.11627906976744186,0.15873015873015872
446755,BBB,2014B,0.15,0.23076923076923078,0.18181818181818185
446761,DDD,2014J,0.2,0.14285714285714285,0.16666666666666666
446778,CCC,2014J,0.0,0.0,0.0
446814,DDD,2013B,0.05,0.1,0.06666666666666667
446856,BBB,2013B,0.1,0.10526315789473684,0.10256410256410256
447059,DDD,2013J,0.15,0.08823529411764706,0.11111111111111112
447086,BBB,2013J,0.1,0.2222222222222222,0.13793103448275865
447124,BBB,2014J,0.6,0.5,0.5454545454545454
447162,DDD,2014B,0.15,0.125,0.13636363636363635
447184,BBB,2014B,0.0,0.0,0.0
447235,EEE,2014B,0.4,0.7272727272727273,0.5161290322580645
447242,DDD,2013B,0.15,0.06976744186046512,0.09523809523809525
447265,BBB,2014B,0.1,0.14285714285714285,0.11764705882352941
447475,GGG,2014B,0.5,0.5,0.5
447481,AAA,2014J,0.4,0.32,0.35555555555555557
447510,DDD,2014J,0.05,0.07142857142857142,0.058823529411764705
447516,BBB,2013J,0.35,0.2692307692307692,0.3043478260869565
447644,CCC,2014J,0.05,0.05,0.05000000000000001
447644,DDD,2014J,0.1,0.06896551724137931,0.08163265306122448
447759,BBB,2013B,0.0,0.0,0.0
447782,BBB,2013B,0.05,0.08333333333333333,0.0625
464236,DDD,2013B,0.15,0.15,0.15
464525,BBB,2013J,0.4,0.3333333333333333,0.3636363636363636
464616,FFF,2013J,0.35,0.23333333333333334,0.28
464685,DDD,2014B,0.35,0.13725490196078433,0.1971830985915493
464724,EEE,2014B,0.35,0.7,0.4666666666666667
464732,CCC,2014J,0.25,0.22727272727272727,0.23809523809523808
464748,DDD,2014B,0.1,1.0,0.18181818181818182
464748,DDD,2014J,0.1,0.2222222222222222,0.13793103448275865
464780,EEE,2014J,0.25,0.35714285714285715,0.2941176470588235
464785,FFF,2013B,0.1,0.06060606060606061,0.07547169811320756
464924,DDD,2013J,0.25,0.16129032258064516,0.19607843137254902
464957,EEE,2014J,0.15,0.6,0.24
464968,DDD,2014J,0.1,0.06666666666666667,0.08
464981,CCC,2014J,0.05,0.03125,0.038461538461538464
464981,FFF,2013J,0.55,0.2037037037037037,0.2972972972972973
465121,FFF,2014J,0.1,0.07692307692307693,0.08695652173913043
465175,FFF,2013B,0.05,0.2,0.08000000000000002
465175,FFF,2014B,0.1,0.06451612903225806,0.0784313725490196
465260,DDD,2013B,0.15,0.0967741935483871,0.11764705882352941
465294,FFF,2014J,0.25,0.13513513513513514,0.1754385964912281
465312,FFF,2013B,0.35,0.1590909090909091,0.21875
465331,CCC,2014J,0.0,0.0,0.0
465369,BBB,2014B,0.1,0.25,0.14285714285714288
465392,EEE,2013J,0.3,0.5454545454545454,0.3870967741935483
465406,CCC,2014B,0.05,0.1111111111111111,0.06896551724137932
465406,EEE,2014J,0.7,0.4666666666666667,0.56
465413,DDD,2014B,0.3,0.15,0.2
465421,FFF,2014B,0.25,0.15151515151515152,0.18867924528301888
465430,FFF,2013B,0.65,0.3170731707317073,0.42622950819672134
465441,DDD,2013J,0.05,0.09090909090909091,0.06451612903225806
465564,DDD,2014J,0.05,0.041666666666666664,0.04545454545454545
465564,EEE,2013J,0.25,0.5,0.3333333333333333
465567,GGG,2014J,0.1,0.6666666666666666,0.1739130434782609
465599,BBB,2013B,0.1,0.6666666666666666,0.1739130434782609
465619,EEE,2013J,0.05,0.2,0.08000000000000002
465629,DDD,2013J,0.0,0.0,0.0
465629,DDD,2014J,0.1,0.07692307692307693,0.08695652173913043
465727,DDD,2013B,0.25,0.1282051282051282,0.1694915254237288
465732,CCC,2014J,0.0,0.0,0.0
465764,DDD,2013B,0.1,0.038461538461538464,0.05555555555555555
465777,EEE,2013J,0.05,0.3333333333333333,0.08695652173913045
465789,CCC,2014J,0.05,0.06666666666666667,0.05714285714285715
465843,CCC,2014B,0.1,0.08,0.08888888888888889
465843,DDD,2013B,0.2,0.13333333333333333,0.16
465893,FFF,2013J,0.15,0.07317073170731707,0.09836065573770492
465900,CCC,2014J,0.0,0.0,0.0
465900,FFF,2013J,0.2,0.14285714285714285,0.16666666666666666
465952,GGG,2014J,0.15,0.42857142857142855,0.2222222222222222
466202,BBB,2013J,0.1,0.13333333333333333,0.1142857142857143
466203,FFF,2013B,0.35,0.1346153846153846,0.19444444444444445
466216,DDD,2013B,0.25,0.07042253521126761,0.10989010989010989
466230,DDD,2014J,0.45,0.21951219512195122,0.29508196721311475
466289,CCC,2014B,0.1,0.15384615384615385,0.12121212121212123
466289,DDD,2014J,0.35,0.21212121212121213,0.26415094339622636
466347,FFF,2014B,0.2,0.16,0.17777777777777778
466360,CCC,2014J,0.1,0.07692307692307693,0.08695652173913043
466372,CCC,2014J,0.0,0.0,0.0
466425,FFF,2013J,0.35,0.23333333333333334,0.28
466477,BBB,2013J,0.15,0.2,0.17142857142857143
466508,EEE,2014J,0.1,0.5,0.16666666666666669
466539,DDD,2013J,0.2,0.1111111111111111,0.14285714285714285
466576,FFF,2014B,0.25,0.3125,0.2777777777777778
466800,BBB,2013J,0.25,0.2,0.22222222222222224
466810,BBB,2013B,0.25,0.23809523809523808,0.24390243902439024
466828,FFF,2013B,0.05,0.05263157894736842,0.05128205128205128
466856,BBB,2014B,0.15,0.2727272727272727,0.19354838709677416
466880,DDD,2013J,0.15,0.6,0.24
466892,EEE,2014J,0.05,0.25,0.08333333333333334
466900,GGG,2013J,0.4,0.5714285714285714,0.47058823529411764
466961,EEE,2013J,0.2,0.5714285714285714,0.29629629629629634
466987,FFF,2014J,0.45,0.23076923076923078,0.3050847457627119
466990,DDD,2013B,0.05,0.06666666666666667,0.05714285714285715
467035,BBB,2013B,0.1,0.1111111111111111,0.10526315789473685
467100,BBB,2014B,0.0,0.0,0.0
467144,EEE,2014B,0.2,0.3076923076923077,0.24242424242424246
467230,CCC,2014B,0.05,0.1111111111111111,0.06896551724137932
467230,DDD,2014B,0.05,0.06666666666666667,0.05714285714285715
467292,BBB,2013B,0.15,0.3333333333333333,0.20689655172413793
467294,DDD,2013B,0.0,0.0,0.0
467302,EEE,2013J,0.3,0.6666666666666666,0.41379310344827586
467303,BBB,2014B,0.0,0.0,0.0
467363,FFF,2014J,0.15,0.13043478260869565,0.13953488372093023
467396,BBB,2014J,0.15,0.17647058823529413,0.16216216216216214
467413,DDD,2013B,0.25,0.1724137931034483,0.20408163265306123
467416,FFF,2013B,0.25,0.13157894736842105,0.1724137931034483
467504,FFF,2013J,0.3,0.13953488372093023,0.1904761904761905
467506,FFF,2013B,0.1,0.06896551724137931,0.08163265306122448
467524,FFF,2013J,0.3,0.15,0.2
467580,BBB,2014B,0.0,0.0,0.0
467582,FFF,2014B,0.35,0.175,0.23333333333333334
467700,FFF,2013B,0.0,0.0,0.0
467725,FFF,2013B,0.6,0.19672131147540983,0.2962962962962963
467822,DDD,2013B,0.05,0.05,0.05000000000000001
467854,FFF,2013B,0.25,0.1111111111111111,0.15384615384615383
467893,DDD,2014J,0.4,0.21621621621621623,0.2807017543859649
468529,BBB,2014B,0.05,0.25,0.08333333333333334
468694,AAA,2014J,0.15,0.375,0.21428571428571425
468720,DDD,2014J,0.1,0.08,0.08888888888888889
468753,CCC,2014B,0.0,0.0,0.0
468808,DDD,2013B,0.05,0.16666666666666666,0.07692307692307691
468845,DDD,2014J,0.3,0.1875,0.23076923076923075
468902,EEE,2013J,0.3,0.6666666666666666,0.41379310344827586
468927,DDD,2013J,0.1,0.058823529411764705,0.07407407407407408
468949,BBB,2013B,0.0,0.0,0.0
469016,DDD,2013B,0.05,0.034482758620689655,0.04081632653061224
469113,EEE,2013J,0.1,0.6666666666666666,0.1739130434782609
469154,FFF,2013B,0.05,0.05,0.05000000000000001
469177,BBB,2014B,0.1,0.2857142857142857,0.14814814814814817
469281,EEE,2013J,0.45,0.9,0.6
469424,EEE,2014J,0.2,0.36363636363636365,0.25806451612903225
469465,DDD,2013J,0.2,0.10810810810810811,0.14035087719298245
469499,FFF,2014J,0.25,0.25,0.25
469553,DDD,2013J,0.1,0.18181818181818182,0.12903225806451613
469614,DDD,2014B,0.0,0.0,0.0
469624,DDD,2014J,0.1,0.07692307692307693,0.08695652173913043
469633,DDD,2014J,0.15,0.21428571428571427,0.1764705882352941
469683,BBB,2013B,0.05,0.09090909090909091,0.06451612903225806
469743,FFF,2013B,0.65,0.203125,0.30952380952380953
469761,CCC,2014B,0.1,0.08333333333333333,0.0909090909090909
469761,EEE,2014B,0.4,0.6153846153846154,0.4848484848484849
469861,EEE,2014B,0.1,0.3333333333333333,0.15384615384615383
469878,BBB,2013J,0.15,0.2,0.17142857142857143
469959,EEE,2013J,0.1,0.6666666666666666,0.1739130434782609
469977,FFF,2014B,0.0,0.0,0.0
470001,FFF,2013J,0.5,0.15151515151515152,0.23255813953488375
470113,BBB,2014B,0.2,0.2,0.20000000000000004
470159,CCC,2014J,0.05,0.1,0.06666666666666667
470187,GGG,2014J,0.15,0.42857142857142855,0.2222222222222222
470318,BBB,2013B,0.1,0.06451612903225806,0.0784313725490196
470331,BBB,2014B,0.15,0.125,0.13636363636363635
470340,GGG,2013J,0.35,0.5,0.4117647058823529
470385,CCC,2014J,0.2,0.12903225806451613,0.1568627450980392
470403,DDD,2013J,0.2,0.16,0.17777777777777778
470461,EEE,2014J,0.1,0.25,0.14285714285714288
470464,BBB,2014J,0.15,0.2,0.17142857142857143
470588,AAA,2014J,0.1,0.4,0.16000000000000003
470619,FFF,2014B,0.1,0.0625,0.07692307692307693
470653,BBB,2013B,0.1,0.16666666666666666,0.125
470693,BBB,2014B,0.0,0.0,0.0
470733,DDD,2014B,0.0,0.0,0.0
470786,FFF,2013B,0.0,0.0,0.0
470869,BBB,2013J,0.25,0.3333333333333333,0.28571428571428575
470900,GGG,2014J,0.4,0.6153846153846154,0.4848484848484849
470914,DDD,2014J,0.0,0.0,0.0
470921,DDD,2013B,0.0,0.0,0.0
470982,AAA,2014J,0.3,0.4,0.34285714285714286
471027,CCC,2014J,0.3,0.1935483870967742,0.23529411764705882
471196,BBB,2013J,0.15,0.2727272727272727,0.19354838709677416
471284,FFF,2014J,0.05,0.034482758620689655,0.04081632653061224
471373,DDD,2013J,0.2,0.08888888888888889,0.12307692307692307
471525,BBB,2013B,0.0,0.0,0.0
471580,CCC,2014J,0.1,0.1111111111111111,0.10526315789473685
471580,EEE,2013J,0.4,0.6666666666666666,0.5
471654,DDD,2013B,0.1,0.09523809523809523,0.0975609756097561
471657,CCC,2014B,0.0,0.0,0.0
471711,BBB,2013J,0.3,0.35294117647058826,0.3243243243243243
471925,BBB,2014B,0.05,0.05555555555555555,0.052631578947368425
471973,FFF,2013J,0.45,0.16981132075471697,0.2465753424657534
471977,FFF,2013B,0.1,0.13333333333333333,0.1142857142857143
471979,CCC,2014B,0.1,0.08695652173913043,0.09302325581395349
472000,DDD,2013J,0.05,0.043478260869565216,0.046511627906976744
472073,DDD,2014J,0.15,0.08571428571428572,0.10909090909090909
472087,CCC,2014B,0.05,0.058823529411764705,0.05405405405405405
472087,EEE,2013J,0.2,0.5,0.28571428571428575
472120,FFF,2014B,0.1,0.14285714285714285,0.11764705882352941
472180,DDD,2013B,0.05,0.25,0.08333333333333334
472257,DDD,2014B,0.15,0.15789473684210525,0.15384615384615385
472262,BBB,2013J,0.2,0.2857142857142857,0.23529411764705882
472284,DDD,2014B,0.35,0.16279069767441862,0.22222222222222227
472290,EEE,2013J,0.2,0.4444444444444444,0.2758620689655173
472309,CCC,2014B,0.1,0.25,0.14285714285714288
472309,CCC,2014J,0.0,0.0,0.0
472327,BBB,2013J,0.1,0.25,0.14285714285714288
472336,EEE,2013J,0.45,0.8181818181818182,0.5806451612903226
472511,GGG,2014B,0.25,0.29411764705882354,0.27027027027027023
472584,DDD,2013B,0.1,0.10526315789473684,0.10256410256410256
472586,BBB,2013B,0.05,0.5,0.09090909090909091
472602,FFF,2013B,0.05,0.06666666666666667,0.05714285714285715
472616,DDD,2014J,0.0,0.0,0.0
472651,CCC,2014J,0.2,0.15384615384615385,0.17391304347826086
472651,DDD,2014B,0.3,0.15789473684210525,0.20689655172413793
472736,CCC,2014J,0.3,0.15789473684210525,0.20689655172413793
472762,CCC,2014J,0.0,0.0,0.0
472762,EEE,2014J,0.5,0.625,0.5555555555555556
472857,EEE,2013J,0.0,0.0,0.0
472911,GGG,2013J,0.15,0.25,0.18749999999999997
472949,DDD,2013B,0.15,0.1875,0.16666666666666663
473008,DDD,2013B,0.1,0.08333333333333333,0.0909090909090909
473082,CCC,2014J,0.0,0.0,0.0
473095,BBB,2013B,0.0,0.0,0.0
473095,BBB,2014B,0.1,0.2222222222222222,0.13793103448275865
473095,BBB,2014J,0.05,0.06666666666666667,0.05714285714285715
473102,FFF,2013B,0.0,0.0,0.0
473104,DDD,2013J,0.35,0.11864406779661017,0.17721518987341772
473129,DDD,2014J,0.1,0.1111111111111111,0.10526315789473685
473162,FFF,2013B,0.2,0.08695652173913043,0.12121212121212122
473271,BBB,2014J,0.1,0.2,0.13333333333333333
473271,GGG,2013J,0.05,0.058823529411764705,0.05405405405405405
473328,BBB,2013B,0.15,0.21428571428571427,0.1764705882352941
473340,DDD,2013J,0.1,0.14285714285714285,0.11764705882352941
473491,CCC,2014J,0.65,0.22413793103448276,0.33333333333333337
473491,FFF,2013J,0.35,0.14285714285714285,0.20289855072463767
473640,DDD,2013J,0.1,0.2857142857142857,0.14814814814814817
473739,EEE,2013J,0.5,0.7142857142857143,0.588235294117647
473789,FFF,2013B,0.4,0.13559322033898305,0.20253164556962028
473924,GGG,2013J,0.25,0.2631578947368421,0.25641025641025644
473965,CCC,2014B,0.1,0.1,0.10000000000000002
473965,DDD,2013B,0.0,0.0,0.0
474067,GGG,2013J,0.25,0.25,0.25
474071,BBB,2013J,0.25,0.25,0.25
474126,FFF,2013J,0.1,0.08695652173913043,0.09302325581395349
474133,DDD,2013B,0.2,0.1111111111111111,0.14285714285714285
474153,DDD,2014B,0.0,0.0,0.0
474290,EEE,2014J,0.15,0.3,0.2
474387,BBB,2014J,0.3,0.35294117647058826,0.3243243243243243
474408,BBB,2014J,0.3,0.2727272727272727,0.28571428571428564
474464,DDD,2013B,0.0,0.0,0.0
474495,CCC,2014J,0.0,0.0,0.0
474495,DDD,2013J,0.15,0.12,0.1333333333333333
474628,CCC,2014J,0.3,0.2608695652173913,0.27906976744186046
474628,EEE,2014B,0.45,0.75,0.5625000000000001
474633,DDD,2013B,0.35,0.14893617021276595,0.208955223880597
474667,FFF,2014J,0.2,0.2222222222222222,0.2105263157894737
474677,FFF,2013B,0.15,0.6,0.24
474740,DDD,2013B,0.0,0.0,0.0
474902,DDD,2013J,0.1,0.06896551724137931,0.08163265306122448
474949,FFF,2013J,0.05,0.045454545454545456,0.04761904761904762
475015,FFF,2014J,0.25,0.25,0.25
475065,CCC,2014J,0.15,0.14285714285714285,0.14634146341463414
475095,BBB,2013B,0.15,0.15789473684210525,0.15384615384615385
475149,CCC,2014J,0.2,0.14814814814814814,0.1702127659574468
475253,FFF,2013J,0.2,0.16,0.17777777777777778
475363,BBB,2014J,0.0,0.0,0.0
475370,EEE,2013J,0.45,0.6,0.5142857142857143
475681,FFF,2013B,0.0,0.0,0.0
475688,BBB,2013B,0.05,0.05,0.05000000000000001
475734,CCC,2014J,0.05,0.125,0.07142857142857144
475811,FFF,2014B,0.1,0.09523809523809523,0.0975609756097561
475839,DDD,2014J,0.0,0.0,0.0
475863,DDD,2014J,0.25,0.15151515151515152,0.18867924528301888
475883,DDD,2013B,0.2,0.11428571428571428,0.14545454545454545
475893,EEE,2013J,0.3,0.6,0.4
475897,DDD,2013B,0.05,0.041666666666666664,0.04545454545454545
475908,DDD,2014J,0.05,0.04,0.044444444444444446
475945,CCC,2014B,0.05,0.037037037037037035,0.0425531914893617
475981,BBB,2014B,0.05,0.14285714285714285,0.07407407407407408
476037,BBB,2013B,0.1,0.5,0.16666666666666669
476037,BBB,2014B,0.1,0.05263157894736842,0.06896551724137931
476041,DDD,2013B,0.05,0.030303030303030304,0.03773584905660378
476108,CCC,2014B,0.0,0.0,0.0
476144,DDD,2013J,0.2,0.09090909090909091,0.12500000000000003
476194,FFF,2013B,0.1,0.07142857142857142,0.08333333333333333
476201,BBB,2013B,0.2,0.23529411764705882,0.2162162162162162
476278,BBB,2013J,0.05,0.0625,0.05555555555555556
476297,BBB,2013B,0.0,0.0,0.0
476369,BBB,2013B,0.15,0.1875,0.16666666666666663
476401,FFF,2014J,0.2,0.18181818181818182,0.1904761904761905
476438,EEE,2014J,0.4,0.6666666666666666,0.5
476497,EEE,2014J,0.05,0.5,0.09090909090909091
476520,FFF,2013J,0.35,0.23333333333333334,0.28
476596,BBB,2013B,0.05,0.1,0.06666666666666667
476603,AAA,2014J,0.35,0.4666666666666667,0.4
476629,FFF,2014J,0.1,0.08695652173913043,0.09302325581395349
476637,DDD,2013B,0.0,0.0,0.0
476709,BBB,2013B,0.1,0.15384615384615385,0.12121212121212123
476710,BBB,2013B,0.2,0.05970149253731343,0.09195402298850575
476769,BBB,2014J,0.5,0.38461538461538464,0.4347826086956522
476783,BBB,2013B,0.0,0.0,0.0
476822,DDD,2013J,0.1,0.047619047619047616,0.06451612903225806
476845,FFF,2013B,0.4,0.2962962962962963,0.3404255319148936
476910,DDD,2013B,0.05,0.02631578947368421,0.034482758620689655
476921,GGG,2013J,0.25,1.0,0.4
476937,CCC,2014B,0.3,0.3157894736842105,0.3076923076923077
476964,DDD,2013B,0.3,0.15384615384615385,0.2033898305084746
477009,BBB,2013B,0.05,0.5,0.09090909090909091
477011,BBB,2013B,0.1,0.09090909090909091,0.09523809523809525
477067,CCC,2014B,0.1,0.1111111111111111,0.10526315789473685
477099,CCC,2014J,0.2,0.14285714285714285,0.16666666666666666
477120,DDD,2013J,0.15,0.10714285714285714,0.125
477128,DDD,2013J,0.0,0.0,0.0
477161,DDD,2013J,0.1,0.13333333333333333,0.1142857142857143
477164,BBB,2013B,0.05,0.3333333333333333,0.08695652173913045
477167,BBB,2013B,0.2,0.3333333333333333,0.25
477185,FFF,2013B,0.05,0.02631578947368421,0.034482758620689655
477348,DDD,2013J,0.25,0.10869565217391304,0.15151515151515152
477354,DDD,2014J,0.2,0.07692307692307693,0.1111111111111111
477412,DDD,2013J,0.1,0.06060606060606061,0.07547169811320756
477451,DDD,2013B,0.05,0.05,0.05000000000000001
477468,GGG,2013J,0.3,0.5454545454545454,0.3870967741935483
477517,DDD,2013B,0.0,0.0,0.0
477556,DDD,2014J,0.15,0.16666666666666666,0.15789473684210525
477588,FFF,2014B,0.0,0.0,0.0
477650,GGG,2013J,0.45,0.75,0.5625000000000001
477734,BBB,2013B,0.2,0.3333333333333333,0.25
477779,BBB,2014B,0.35,0.3333333333333333,0.3414634146341463
477812,FFF,2013B,0.15,0.07894736842105263,0.10344827586206896
477812,FFF,2014B,0.5,0.20408163265306123,0.2898550724637681
477825,BBB,2013J,0.15,0.375,0.21428571428571425
477833,FFF,2014J,0.15,0.10714285714285714,0.125
478069,BBB,2013J,0.05,0.14285714285714285,0.07407407407407408
478073,FFF,2014B,0.1,0.11764705882352941,0.1081081081081081
478212,CCC,2014B,0.0,0.0,0.0
478212,EEE,2013J,0.35,0.7,0.4666666666666667
478213,DDD,2013B,0.1,0.13333333333333333,0.1142857142857143
478238,DDD,2013J,0.2,0.06153846153846154,0.09411764705882354
478242,BBB,2014B,0.2,0.25,0.22222222222222224
478244,DDD,2013J,0.15,0.06976744186046512,0.09523809523809525
478279,FFF,2013B,0.55,0.2894736842105263,0.37931034482758624
478317,BBB,2013B,0.0,0.0,0.0
478317,BBB,2014B,0.05,0.08333333333333333,0.0625
478332,FFF,2013J,0.15,0.15,0.15
478337,FFF,2013B,0.15,0.09375,0.11538461538461538
478346,CCC,2014J,0.1,0.125,0.11111111111111112
478346,DDD,2013B,0.15,0.10344827586206896,0.12244897959183673
478412,BBB,2014J,0.1,0.10526315789473684,0.10256410256410256
478432,FFF,2013B,0.25,0.11363636363636363,0.15625
478444,BBB,2013B,0.0,0.0,0.0
478513,CCC,2014J,0.15,0.07692307692307693,0.1016949152542373
478517,DDD,2014J,0.05,0.5,0.09090909090909091
478550,CCC,2014B,0.1,0.18181818181818182,0.12903225806451613
478550,EEE,2014B,0.05,0.5,0.09090909090909091
478556,GGG,2013J,0.1,0.14285714285714285,0.11764705882352941
478562,EEE,2013J,0.5,0.625,0.5555555555555556
478660,FFF,2013B,0.2,0.11428571428571428,0.14545454545454545
478784,GGG,2013J,0.45,0.5625,0.5
478791,EEE,2014B,0.15,0.75,0.24999999999999997
478792,BBB,2013B,0.0,0.0,0.0
478886,GGG,2014J,0.3,0.3333333333333333,0.3157894736842105
478967,BBB,2013J,0.15,0.25,0.18749999999999997
479020,BBB,2013J,0.05,0.08333333333333333,0.0625
479057,FFF,2013B,0.2,0.18181818181818182,0.1904761904761905
479060,BBB,2013B,0.1,0.2,0.13333333333333333
479061,FFF,2014B,0.15,0.09375,0.11538461538461538
479141,DDD,2013J,0.2,0.0975609756097561,0.13114754098360656
479170,BBB,2013J,0.15,0.1875,0.16666666666666663
479171,BBB,2013B,0.05,0.09090909090909091,0.06451612903225806
479305,BBB,2013J,0.15,0.15789473684210525,0.15384615384615385
479343,BBB,2013B,0.05,0.08333333333333333,0.0625
479356,FFF,2013B,0.6,0.3870967741935484,0.47058823529411764
479442,GGG,2013J,0.2,0.2,0.20000000000000004
479457,DDD,2013J,0.35,0.10606060606060606,0.1627906976744186
479516,BBB,2013B,0.05,0.5,0.09090909090909091
479519,BBB,2013B,0.0,0.0,0.0
479522,CCC,2014J,0.2,0.17391304347826086,0.18604651162790697
479553,DDD,2014J,0.1,0.058823529411764705,0.07407407407407408
479649,DDD,2014B,0.0,0.0,0.0
479738,BBB,2014B,0.05,0.08333333333333333,0.0625
479753,EEE,2013J,0.4,0.8,0.5333333333333333
479764,FFF,2013B,0.05,0.02631578947368421,0.034482758620689655
479828,FFF,2013J,0.0,0.0,0.0
479845,FFF,2013J,0.2,0.13793103448275862,0.16326530612244897
479848,DDD,2013J,0.25,0.1111111111111111,0.15384615384615383
479853,BBB,2013J,0.35,0.23333333333333334,0.28
479860,FFF,2013B,0.25,0.11627906976744186,0.15873015873015872
479922,FFF,2013B,0.45,0.18,0.2571428571428572
479939,FFF,2014J,0.25,0.09259259259259259,0.13513513513513514
479977,DDD,2013J,0.15,0.11538461538461539,0.13043478260869565
479987,EEE,2014J,0.3,0.42857142857142855,0.3529411764705882
480014,FFF,2013B,0.15,0.08571428571428572,0.10909090909090909
480086,GGG,2014B,0.15,0.42857142857142855,0.2222222222222222
480115,CCC,2014J,0.05,0.05555555555555555,0.052631578947368425
480115,EEE,2013J,0.4,0.8,0.5333333333333333
480181,FFF,2013B,0.0,0.0,0.0
480199,FFF,2013B,0.1,0.07407407407407407,0.0851063829787234
480207,DDD,2013B,0.25,0.11904761904761904,0.16129032258064516
480225,DDD,2013B,0.1,0.25,0.14285714285714288
480372,BBB,2014B,0.0,0.0,0.0
480382,BBB,2013B,0.0,0.0,0.0
480458,BBB,2013B,0.0,0.0,0.0
480507,BBB,2013B,0.2,0.6666666666666666,0.30769230769230765
480554,BBB,2013B,0.05,0.16666666666666666,0.07692307692307691
480579,EEE,2014J,0.5,0.7692307692307693,0.6060606060606061
480590,GGG,2014B,0.15,0.375,0.21428571428571425
480650,BBB,2013B,0.2,0.26666666666666666,0.2285714285714286
480716,DDD,2013J,0.15,0.08108108108108109,0.10526315789473685
480815,BBB,2013B,0.0,0.0,0.0
480888,BBB,2013J,0.3,0.2857142857142857,0.2926829268292683
480929,CCC,2014B,0.05,0.047619047619047616,0.04878048780487805
480929,DDD,2013B,0.2,0.10256410256410256,0.13559322033898302
480937,FFF,2013B,0.2,0.14814814814814814,0.1702127659574468
480938,DDD,2013J,0.3,0.16216216216216217,0.2105263157894737
480943,CCC,2014B,0.1,0.3333333333333333,0.15384615384615383
480956,DDD,2014B,0.25,0.2,0.22222222222222224
480959,GGG,2013J,0.2,0.26666666666666666,0.2285714285714286
480960,FFF,2013B,0.25,0.1282051282051282,0.1694915254237288
480984,FFF,2013B,0.7,0.2153846153846154,0.32941176470588235
481010,BBB,2013B,0.05,0.16666666666666666,0.07692307692307691
481022,AAA,2014J,0.0,0.0,0.0
481143,BBB,2013B,0.05,0.09090909090909091,0.06451612903225806
481150,BBB,2014B,0.1,0.2,0.13333333333333333
481169,CCC,2014J,0.2,0.5,0.28571428571428575
481210,FFF,2014B,0.0,0.0,0.0
481314,CCC,2014J,0.0,0.0,0.0
481314,FFF,2013J,0.3,0.09375,0.14285714285714285
481350,CCC,2014J,0.25,0.20833333333333334,0.22727272727272727
481350,DDD,2013B,0.2,0.06896551724137931,0.10256410256410257
481404,GGG,2013J,0.15,0.23076923076923078,0.18181818181818185
481453,FFF,2013B,0.1,0.08333333333333333,0.0909090909090909
481538,DDD,2013J,0.1,0.09523809523809523,0.0975609756097561
481549,DDD,2013B,0.2,0.23529411764705882,0.2162162162162162
481580,BBB,2013B,0.2,0.3076923076923077,0.24242424242424246
481593,BBB,2014J,0.3,0.17647058823529413,0.22222222222222224
481607,BBB,2013B,0.05,0.07142857142857142,0.058823529411764705
481618,EEE,2014B,0.15,0.75,0.24999999999999997
481667,DDD,2013J,0.3,0.17647058823529413,0.22222222222222224
481717,FFF,2014J,0.25,0.10869565217391304,0.15151515151515152
481762,GGG,2014B,0.15,0.3333333333333333,0.20689655172413793
481787,EEE,2014J,0.2,0.36363636363636365,0.25806451612903225
481790,BBB,2014J,0.05,0.125,0.07142857142857144
481863,DDD,2014B,0.2,0.08888888888888889,0.12307692307692307
481884,EEE,2014J,0.2,1.0,0.33333333333333337
482012,EEE,2013J,0.25,0.7142857142857143,0.37037037037037035
482030,EEE,2014J,0.2,0.3333333333333333,0.25
482071,FFF,2013B,0.1,0.05128205128205128,0.06779661016949151
482083,DDD,2013J,0.35,0.175,0.23333333333333334
482145,CCC,2014J,0.0,0.0,0.0
482173,DDD,2014J,0.3,0.17142857142857143,0.21818181818181817
482187,FFF,2013B,0.2,0.0975609756097561,0.13114754098360656
482280,CCC,2014B,0.4,0.24242424242424243,0.30188679245283023
482356,BBB,2013J,0.0,0.0,0.0
482406,EEE,2013J,0.25,0.625,0.35714285714285715
482467,BBB,2013B,0.1,0.6666666666666666,0.1739130434782609
482513,FFF,2013B,0.25,0.22727272727272727,0.23809523809523808
482644,FFF,2014J,0.25,0.17857142857142858,0.20833333333333331
482677,GGG,2014B,0.4,0.47058823529411764,0.4324324324324324
482680,BBB,2013J,0.0,0.0,0.0
482710,BBB,2013B,0.1,0.25,0.14285714285714288
482726,EEE,2013J,0.45,1.0,0.6206896551724138
482745,CCC,2014B,0.1,0.15384615384615385,0.12121212121212123
482766,BBB,2013B,0.0,0.0,0.0
482810,BBB,2013J,0.1,0.4,0.16000000000000003
482843,FFF,2014B,0.45,0.16071428571428573,0.2368421052631579
482856,DDD,2013B,0.25,0.08064516129032258,0.12195121951219512
482868,DDD,2013J,0.2,0.19047619047619047,0.1951219512195122
483031,BBB,2014B,0.0,0.0,0.0
483037,FFF,2014J,0.1,0.047619047619047616,0.06451612903225806
483064,BBB,2013B,0.2,0.2857142857142857,0.23529411764705882
483074,BBB,2013B,0.0,0.0,0.0
483108,CCC,2014J,0.05,0.5,0.09090909090909091
483108,EEE,2013J,0.25,0.45454545454545453,0.3225806451612903
483109,BBB,2013B,0.0,0.0,0.0
483131,EEE,2014J,0.45,0.6,0.5142857142857143
483136,DDD,2014J,0.25,0.14705882352941177,0.18518518518518517
483149,DDD,2014J,0.05,0.023255813953488372,0.031746031746031744
483200,DDD,2014J,0.0,0.0,0.0
483243,BBB,2013B,0.1,0.16666666666666666,0.125
483275,CCC,2014B,0.0,0.0,0.0
483275,DDD,2013B,0.0,0.0,0.0
483315,BBB,2014J,0.3,0.4,0.34285714285714286
483362,DDD,2013J,0.25,0.15625,0.19230769230769232
483371,BBB,2013B,0.0,0.0,0.0
483389,FFF,2014B,0.45,0.24324324324324326,0.3157894736842105
483411,BBB,2013B,0.05,1.0,0.09523809523809523
483468,BBB,2014B,0.2,0.2857142857142857,0.23529411764705882
483485,BBB,2014B,0.0,0.0,0.0
483508,BBB,2014J,0.3,0.3,0.3
483543,CCC,2014J,0.2,0.2,0.20000000000000004
483620,FFF,2013B,0.35,0.12727272727272726,0.18666666666666665
483626,FFF,2013J,0.05,0.1,0.06666666666666667
483646,BBB,2013J,0.15,0.375,0.21428571428571425
483706,EEE,2013J,0.35,0.7777777777777778,0.48275862068965514
483744,BBB,2013J,0.1,0.6666666666666666,0.1739130434782609
483800,AAA,2014J,0.25,0.45454545454545453,0.3225806451612903
483818,DDD,2013B,0.25,0.11363636363636363,0.15625
483858,CCC,2014J,0.1,0.15384615384615385,0.12121212121212123
483858,EEE,2014J,0.4,0.4444444444444444,0.4210526315789474
483872,FFF,2013B,0.15,0.09375,0.11538461538461538
483876,BBB,2013J,0.05,0.1,0.06666666666666667
483934,DDD,2013J,0.05,0.05555555555555555,0.052631578947368425
483952,BBB,2013B,0.2,0.3076923076923077,0.24242424242424246
483959,GGG,2013J,0.1,0.2857142857142857,0.14814814814814817
483975,FFF,2014B,0.05,0.09090909090909091,0.06451612903225806
483997,FFF,2013B,0.15,0.09090909090909091,0.11320754716981132
484010,FFF,2014J,0.15,0.25,0.18749999999999997
484075,FFF,2014B,0.4,0.1951219512195122,0.26229508196721313
484130,DDD,2014J,0.1,0.5,0.16666666666666669
484135,BBB,2013J,0.25,0.25,0.25
484174,CCC,2014B,0.0,0.0,0.0
484213,DDD,2014B,0.05,0.029411764705882353,0.03703703703703704
484223,CCC,2014J,0.0,0.0,0.0
484223,FFF,2014B,0.1,0.05263157894736842,0.06896551724137931
484252,BBB,2014J,0.0,0.0,0.0
484301,BBB,2013J,0.15,0.25,0.18749999999999997
484412,BBB,2013J,0.2,0.23529411764705882,0.2162162162162162
484423,DDD,2013J,0.15,0.09375,0.11538461538461538
484435,CCC,2014J,0.0,0.0,0.0
484436,DDD,2013J,0.0,0.0,0.0
484458,FFF,2013B,0.25,0.3333333333333333,0.28571428571428575
484464,CCC,2014B,0.15,0.17647058823529413,0.16216216216216214
484490,BBB,2014J,0.25,0.2631578947368421,0.25641025641025644
484556,FFF,2013B,0.1,0.06060606060606061,0.07547169811320756
484594,FFF,2014J,0.25,0.1724137931034483,0.20408163265306123
484762,DDD,2014B,0.3,0.13333333333333333,0.18461538461538463
484768,BBB,2013B,0.0,0.0,0.0
484780,FFF,2013B,0.15,0.13636363636363635,0.14285714285714282
484790,FFF,2013B,0.0,0.0,0.0
484816,DDD,2013B,0.05,0.5,0.09090909090909091
484885,BBB,2013B,0.05,0.02857142857142857,0.03636363636363636
484897,AAA,2014J,0.25,0.45454545454545453,0.3225806451612903
484933,BBB,2013B,0.15,0.1875,0.16666666666666663
484947,FFF,2013B,0.05,0.020833333333333332,0.029411764705882353
484983,BBB,2014B,0.05,0.3333333333333333,0.08695652173913045
485006,BBB,2013J,0.2,0.2,0.20000000000000004
485180,BBB,2014B,0.05,0.07692307692307693,0.060606060606060615
485195,DDD,2013J,0.1,0.07407407407407407,0.0851063829787234
485228,FFF,2014J,0.15,0.10344827586206896,0.12244897959183673
485262,BBB,2014B,0.0,0.0,0.0
485282,DDD,2014J,0.0,0.0,0.0
485312,CCC,2014B,0.3,0.21428571428571427,0.25
485312,FFF,2014B,0.3,0.16666666666666666,0.21428571428571427
485374,CCC,2014B,0.2,0.12903225806451613,0.1568627450980392
485374,EEE,2013J,0.5,0.5882352941176471,0.5405405405405405
485399,BBB,2013B,0.0,0.0,0.0
485421,DDD,2014J,0.05,0.14285714285714285,0.07407407407407408
485448,GGG,2014B,0.25,0.38461538461538464,0.30303030303030304
485464,DDD,2013B,0.0,0.0,0.0
485506,DDD,2013J,0.35,0.15217391304347827,0.21212121212121213
485519,DDD,2013J,0.1,0.07142857142857142,0.08333333333333333
485528,FFF,2013B,0.15,0.08108108108108109,0.10526315789473685
485534,BBB,2013J,0.1,0.1111111111111111,0.10526315789473685
485544,FFF,2013B,0.2,0.10810810810810811,0.14035087719298245
485582,EEE,2013J,0.45,0.6923076923076923,0.5454545454545455
485594,DDD,2013J,0.15,0.125,0.13636363636363635
485604,CCC,2014B,0.6,0.27906976744186046,0.380952380952381
485630,BBB,2013B,0.0,0.0,0.0
485671,FFF,2013J,0.45,0.14754098360655737,0.22222222222222224
485675,BBB,2014B,0.15,0.2,0.17142857142857143
485734,DDD,2013J,0.2,0.0851063829787234,0.11940298507462686
485762,BBB,2013J,0.25,0.23809523809523808,0.24390243902439024
485766,DDD,2013B,0.15,0.07142857142857142,0.09677419354838708
485768,FFF,2013B,0.0,0.0,0.0
485772,BBB,2013J,0.1,0.5,0.16666666666666669
485780,FFF,2014B,0.3,0.1875,0.23076923076923075
485791,DDD,2013J,0.2,0.11764705882352941,0.14814814814814817
485885,FFF,2013J,0.25,0.125,0.16666666666666666
485898,EEE,2013J,0.35,0.7777777777777778,0.48275862068965514
485909,EEE,2013J,0.15,0.6,0.24
485920,CCC,2014J,0.0,0.0,0.0
485920,EEE,2014B,0.35,0.7,0.4666666666666667
485962,AAA,2014J,0.65,0.8666666666666667,0.7428571428571429
485980,BBB,2014B,0.0,0.0,0.0
486004,BBB,2013J,0.1,0.14285714285714285,0.11764705882352941
486007,FFF,2013B,0.05,0.038461538461538464,0.043478260869565216
486022,DDD,2014B,0.05,0.25,0.08333333333333334
486087,FFF,2014J,0.2,0.14285714285714285,0.16666666666666666
486099,BBB,2013B,0.0,0.0,0.0
486279,GGG,2014B,0.2,0.36363636363636365,0.25806451612903225
486287,DDD,2014J,0.2,0.0975609756097561,0.13114754098360656
486391,BBB,2013B,0.0,0.0,0.0
486457,BBB,2013J,0.15,0.21428571428571427,0.1764705882352941
486511,FFF,2013J,0.1,0.03773584905660377,0.05479452054794521
486516,BBB,2014J,0.05,0.08333333333333333,0.0625
486521,BBB,2013B,0.2,0.6666666666666666,0.30769230769230765
486533,DDD,2013J,0.4,0.13559322033898305,0.20253164556962028
486545,EEE,2013J,0.5,0.38461538461538464,0.4347826086956522
486551,FFF,2013J,0.05,0.07142857142857142,0.058823529411764705
486656,BBB,2013B,0.2,0.2857142857142857,0.23529411764705882
486836,EEE,2014B,0.45,0.9,0.6
486877,DDD,2013J,0.1,0.10526315789473684,0.10256410256410256
486890,DDD,2013J,0.15,0.14285714285714285,0.14634146341463414
486964,FFF,2014J,0.1,0.2,0.13333333333333333
486994,BBB,2014B,0.1,0.2,0.13333333333333333
487002,BBB,2014B,0.05,0.07692307692307693,0.060606060606060615
487168,FFF,2013B,0.0,0.0,0.0
487168,FFF,2014B,0.0,0.0,0.0
487214,BBB,2013J,0.05,0.125,0.07142857142857144
487239,EEE,2014B,0.3,0.6666666666666666,0.41379310344827586
487278,GGG,2014B,0.45,0.6923076923076923,0.5454545454545455
487293,DDD,2013J,0.25,0.21739130434782608,0.23255813953488372
487314,CCC,2014J,0.35,0.18421052631578946,0.24137931034482757
487314,FFF,2014B,0.15,0.11538461538461539,0.13043478260869565
487329,BBB,2013B,0.1,0.13333333333333333,0.1142857142857143
487371,BBB,2013J,0.15,0.3333333333333333,0.20689655172413793
487543,BBB,2014B,0.0,0.0,0.0
487556,DDD,2014J,0.05,0.08333333333333333,0.0625
487588,EEE,2013J,0.35,0.7,0.4666666666666667
487607,DDD,2014J,0.0,0.0,0.0
487621,EEE,2013J,0.2,0.4,0.26666666666666666
487629,CCC,2014B,0.15,0.13636363636363635,0.14285714285714282
487636,FFF,2013B,0.0,0.0,0.0
487646,BBB,2013B,0.0,0.0,0.0
487681,BBB,2013J,0.2,0.2222222222222222,0.2105263157894737
487711,DDD,2013B,0.4,0.12307692307692308,0.18823529411764708
488195,BBB,2013J,0.15,0.2,0.17142857142857143
488386,FFF,2014B,0.15,0.06976744186046512,0.09523809523809525
488394,FFF,2013J,0.6,0.13333333333333333,0.2181818181818182
488427,BBB,2013J,0.15,0.15789473684210525,0.15384615384615385
488431,CCC,2014B,0.1,0.047619047619047616,0.06451612903225806
488445,GGG,2014B,0.2,0.4,0.26666666666666666
488524,FFF,2014B,0.45,0.12,0.1894736842105263
488525,FFF,2014J,0.15,0.17647058823529413,0.16216216216216214
488575,DDD,2014J,0.1,0.6666666666666666,0.1739130434782609
488675,FFF,2013B,0.3,0.1276595744680851,0.17910447761194026
488680,DDD,2013J,0.05,0.02564102564102564,0.033898305084745756
488863,BBB,2013B,0.1,0.5,0.16666666666666669
488941,DDD,2014J,0.1,0.0625,0.07692307692307693
488968,FFF,2013B,0.45,0.1232876712328767,0.1935483870967742
488990,AAA,2014J,0.0,0.0,0.0
489087,FFF,2013J,0.35,0.1076923076923077,0.16470588235294117
489137,FFF,2014B,0.25,0.14705882352941177,0.18518518518518517
489146,FFF,2013J,0.05,1.0,0.09523809523809523
489209,DDD,2013J,0.05,0.043478260869565216,0.046511627906976744
489222,GGG,2013J,0.15,0.15789473684210525,0.15384615384615385
489251,BBB,2013B,0.0,0.0,0.0
489320,BBB,2013J,0.25,0.7142857142857143,0.37037037037037035
489410,DDD,2013J,0.15,0.42857142857142855,0.2222222222222222
489443,FFF,2013B,0.2,0.23529411764705882,0.2162162162162162
489455,AAA,2013J,0.45,0.4090909090909091,0.4285714285714286
489507,DDD,2014B,0.05,0.045454545454545456,0.04761904761904762
489553,FFF,2014J,0.15,0.42857142857142855,0.2222222222222222
489560,FFF,2013J,0.15,0.1875,0.16666666666666663
489624,GGG,2013J,0.25,0.2631578947368421,0.25641025641025644
489889,BBB,2013J,0.15,0.42857142857142855,0.2222222222222222
489929,CCC,2014B,0.25,0.23809523809523808,0.24390243902439024
489990,DDD,2013J,0.05,0.5,0.09090909090909091
490024,CCC,2014B,0.05,0.06666666666666667,0.05714285714285715
490081,CCC,2014B,0.1,0.1111111111111111,0.10526315789473685
490081,EEE,2013J,0.05,0.2,0.08000000000000002
490082,FFF,2013B,0.15,0.07317073170731707,0.09836065573770492
490154,FFF,2014B,0.0,0.0,0.0
490195,FFF,2013B,0.1,0.08695652173913043,0.09302325581395349
490282,CCC,2014B,0.0,0.0,0.0
490284,FFF,2013B,0.0,0.0,0.0
490313,CCC,2014J,0.0,0.0,0.0
490391,BBB,2014B,0.2,0.23529411764705882,0.2162162162162162
490394,CCC,2014J,0.0,0.0,0.0
490449,FFF,2013J,0.65,0.23636363636363636,0.3466666666666666
490505,FFF,2013J,0.3,0.21428571428571427,0.25
490514,BBB,2013B,0.05,0.25,0.08333333333333334
490629,DDD,2014J,0.2,0.12121212121212122,0.15094339622641512
490677,BBB,2013J,0.1,0.125,0.11111111111111112
490768,EEE,2013J,0.45,0.9,0.6
490769,CCC,2014B,0.0,0.0,0.0
490894,BBB,2013J,0.15,0.1875,0.16666666666666663
491004,FFF,2013B,0.1,0.10526315789473684,0.10256410256410256
491011,FFF,2014B,0.15,0.15,0.15
491036,DDD,2014B,0.1,0.10526315789473684,0.10256410256410256
491081,DDD,2013J,0.25,0.125,0.16666666666666666
491106,DDD,2013B,0.05,0.041666666666666664,0.04545454545454545
491108,DDD,2013B,0.05,0.05,0.05000000000000001
491126,FFF,2014J,0.25,0.10204081632653061,0.14492753623188406
491170,EEE,2014J,0.15,0.15,0.15
491279,BBB,2013J,0.2,0.15384615384615385,0.17391304347826086
491387,BBB,2014J,0.4,0.34782608695652173,0.37209302325581395
491578,EEE,2013J,0.2,0.36363636363636365,0.25806451612903225
491606,FFF,2013J,0.35,0.109375,0.16666666666666666
491636,FFF,2013B,0.15,0.05,0.075
491664,EEE,2014J,0.05,0.5,0.09090909090909091
491756,FFF,2013J,0.05,1.0,0.09523809523809523
491756,FFF,2014J,0.25,0.38461538461538464,0.30303030303030304
491771,EEE,2013J,0.45,0.6428571428571429,0.5294117647058824
491863,FFF,2014J,0.15,0.13636363636363635,0.14285714285714282
491914,DDD,2013B,0.05,0.045454545454545456,0.04761904761904762
491926,DDD,2013J,0.35,0.11864406779661017,0.17721518987341772
491966,BBB,2013J,0.2,0.26666666666666666,0.2285714285714286
492024,FFF,2014J,0.4,0.21052631578947367,0.27586206896551724
492088,FFF,2014B,0.4,0.13114754098360656,0.19753086419753088
492095,DDD,2014B,0.1,0.043478260869565216,0.06060606060606061
492153,BBB,2013J,0.05,0.058823529411764705,0.05405405405405405
492182,BBB,2013B,0.0,0.0,0.0
492240,BBB,2013B,0.0,0.0,0.0
492247,BBB,2013J,0.05,0.14285714285714285,0.07407407407407408
492286,BBB,2013J,0.2,0.3333333333333333,0.25
492357,CCC,2014J,0.05,0.07692307692307693,0.060606060606060615
492371,DDD,2013B,0.05,0.034482758620689655,0.04081632653061224
492403,EEE,2014B,0.25,0.5555555555555556,0.3448275862068966
492480,DDD,2014J,0.0,0.0,0.0
492496,DDD,2014J,0.25,0.11627906976744186,0.15873015873015872
492537,DDD,2014B,0.0,0.0,0.0
492557,FFF,2013J,0.05,0.125,0.07142857142857144
492592,BBB,2014J,0.25,0.25,0.25
492613,DDD,2013B,0.25,0.1282051282051282,0.1694915254237288
492635,DDD,2013J,0.25,0.1724137931034483,0.20408163265306123
492676,BBB,2014J,0.05,0.14285714285714285,0.07407407407407408
492726,BBB,2013J,0.2,0.4444444444444444,0.2758620689655173
492740,DDD,2013J,0.15,0.08571428571428572,0.10909090909090909
492851,FFF,2013J,0.1,0.10526315789473684,0.10256410256410256
492900,CCC,2014B,0.0,0.0,0.0
492909,GGG,2014B,0.2,0.4444444444444444,0.2758620689655173
492928,BBB,2014B,0.15,1.0,0.2608695652173913
492946,BBB,2013B,0.05,0.25,0.08333333333333334
492979,BBB,2014J,0.0,0.0,0.0
493186,BBB,2013B,0.1,0.2,0.13333333333333333
493207,DDD,2014J,0.1,0.14285714285714285,0.11764705882352941
493404,DDD,2013J,0.15,0.09090909090909091,0.11320754716981132
493416,CCC,2014J,0.05,0.06666666666666667,0.05714285714285715
493443,BBB,2014J,0.15,0.21428571428571427,0.1764705882352941
493453,BBB,2013J,0.1,0.2222222222222222,0.13793103448275865
493460,BBB,2014J,0.55,0.4583333333333333,0.5
493465,BBB,2013J,0.2,0.18181818181818182,0.1904761904761905
493515,BBB,2013B,0.15,0.2,0.17142857142857143
493539,FFF,2013J,0.35,0.09722222222222222,0.15217391304347827
493559,BBB,2014B,0.15,0.3333333333333333,0.20689655172413793
493760,FFF,2014B,0.05,0.034482758620689655,0.04081632653061224
493763,GGG,2013J,0.55,0.6111111111111112,0.5789473684210527
493773,BBB,2013B,0.1,0.5,0.16666666666666669
493793,FFF,2014J,0.2,0.17391304347826086,0.18604651162790697
493876,DDD,2014J,0.0,0.0,0.0
493876,EEE,2013J,0.15,0.3333333333333333,0.20689655172413793
493912,BBB,2013B,0.2,0.23529411764705882,0.2162162162162162
493958,BBB,2013B,0.2,0.5,0.28571428571428575
493988,EEE,2013J,0.45,0.8181818181818182,0.5806451612903226
494046,FFF,2014J,0.15,0.16666666666666666,0.15789473684210525
494095,BBB,2013B,0.05,0.08333333333333333,0.0625
494165,FFF,2013B,0.0,0.0,0.0
494184,FFF,2014J,0.25,0.16666666666666666,0.2
494211,CCC,2014J,0.0,0.0,0.0
494211,EEE,2013J,0.25,0.8333333333333334,0.3846153846153846
494212,GGG,2013J,0.35,0.6363636363636364,0.45161290322580644
494214,BBB,2013J,0.15,0.13636363636363635,0.14285714285714282
494270,EEE,2014J,0.45,0.8181818181818182,0.5806451612903226
494278,BBB,2013B,0.2,0.2222222222222222,0.2105263157894737
494340,FFF,2013B,0.3,0.21428571428571427,0.25
494341,DDD,2013B,0.3,0.14634146341463414,0.19672131147540983
494427,EEE,2014B,0.05,0.3333333333333333,0.08695652173913045
494433,FFF,2014B,0.2,0.2,0.20000000000000004
494443,FFF,2013B,0.2,0.1111111111111111,0.14285714285714285
494471,BBB,2013J,0.25,0.625,0.35714285714285715
494495,FFF,2013J,0.25,0.13513513513513514,0.1754385964912281
494622,FFF,2013B,0.55,0.2558139534883721,0.34920634920634924
494637,DDD,2013B,0.3,0.18181818181818182,0.22641509433962265
494667,DDD,2013J,0.25,0.1111111111111111,0.15384615384615383
494722,DDD,2013J,0.0,0.0,0.0
494786,BBB,2013B,0.0,0.0,0.0
494789,BBB,2013J,0.25,0.2777777777777778,0.2631578947368421
494818,FFF,2014B,0.0,0.0,0.0
494896,BBB,2014B,0.2,0.13333333333333333,0.16
494919,CCC,2014B,0.0,0.0,0.0
494919,DDD,2013B,0.1,0.10526315789473684,0.10256410256410256
494960,BBB,2013J,0.05,0.06666666666666667,0.05714285714285715
495035,BBB,2013J,0.15,0.375,0.21428571428571425
495239,BBB,2014J,0.0,0.0,0.0
495276,GGG,2013J,0.4,0.47058823529411764,0.4324324324324324
495284,AAA,2013J,0.15,0.25,0.18749999999999997
495320,CCC,2014B,0.1,0.06451612903225806,0.0784313725490196
495429,EEE,2014J,0.3,0.5,0.37499999999999994
495438,CCC,2014J,0.1,0.2,0.13333333333333333
495449,BBB,2013J,0.1,0.18181818181818182,0.12903225806451613
495489,BBB,2014J,0.05,0.5,0.09090909090909091
495493,DDD,2014J,0.0,0.0,0.0
495509,BBB,2013J,0.2,0.6666666666666666,0.30769230769230765
495615,DDD,2014J,0.05,0.05,0.05000000000000001
495621,FFF,2013B,0.1,0.2,0.13333333333333333
495625,BBB,2013J,0.15,0.2,0.17142857142857143
495734,DDD,2013B,0.1,0.08,0.08888888888888889
495856,BBB,2013B,0.2,0.25,0.22222222222222224
495879,BBB,2013J,0.1,0.1111111111111111,0.10526315789473685
495881,DDD,2014J,0.05,0.027777777777777776,0.03571428571428571
495887,EEE,2013J,0.05,1.0,0.09523809523809523
495903,DDD,2014J,0.0,0.0,0.0
495913,BBB,2013J,0.0,0.0,0.0
495948,FFF,2013J,0.0,0.0,0.0
495976,GGG,2014B,0.35,0.30434782608695654,0.3255813953488372
496041,BBB,2013B,0.05,0.25,0.08333333333333334
496070,BBB,2013B,0.15,0.15789473684210525,0.15384615384615385
496108,EEE,2014B,0.15,0.5,0.23076923076923075
496154,DDD,2014J,0.1,0.2222222222222222,0.13793103448275865
496220,BBB,2013B,0.15,0.17647058823529413,0.16216216216216214
496334,BBB,2013J,0.15,0.75,0.24999999999999997
496355,CCC,2014J,0.2,0.5,0.28571428571428575
496381,BBB,2014J,0.05,0.3333333333333333,0.08695652173913045
496442,BBB,2013J,0.1,0.2857142857142857,0.14814814814814817
496470,FFF,2013B,0.1,0.06666666666666667,0.08
496491,FFF,2013B,0.1,0.05405405405405406,0.07017543859649122
496564,DDD,2013B,0.0,0.0,0.0
496590,FFF,2014B,0.1,0.6666666666666666,0.1739130434782609
496601,DDD,2013B,0.05,0.03125,0.038461538461538464
496671,FFF,2013B,0.15,0.08108108108108109,0.10526315789473685
496764,BBB,2013J,0.45,0.25,0.32142857142857145
496801,FFF,2013J,0.15,0.3333333333333333,0.20689655172413793
496845,CCC,2014J,0.2,0.0975609756097561,0.13114754098360656
496916,DDD,2014J,0.2,0.19047619047619047,0.1951219512195122
496978,GGG,2014B,0.15,0.3333333333333333,0.20689655172413793
497074,BBB,2014J,0.1,0.1111111111111111,0.10526315789473685
497074,GGG,2013J,0.4,0.4444444444444444,0.4210526315789474
497080,CCC,2014B,0.0,0.0,0.0
497084,BBB,2014J,0.35,0.4375,0.38888888888888884
497088,BBB,2013B,0.05,0.25,0.08333333333333334
497102,FFF,2013B,0.1,0.13333333333333333,0.1142857142857143
497130,BBB,2013J,0.1,0.047619047619047616,0.06451612903225806
497180,FFF,2013B,0.1,0.15384615384615385,0.12121212121212123
497190,GGG,2013J,0.2,0.4,0.26666666666666666
497211,FFF,2013B,0.1,0.09523809523809523,0.0975609756097561
497226,FFF,2013B,0.2,0.25,0.22222222222222224
497278,GGG,2013J,0.15,0.17647058823529413,0.16216216216216214
497280,BBB,2013B,0.0,0.0,0.0
497410,FFF,2013B,0.4,0.21621621621621623,0.2807017543859649
497415,FFF,2014J,0.25,0.15625,0.19230769230769232
497468,BBB,2013B,0.1,0.5,0.16666666666666669
497580,EEE,2014B,0.3,0.8571428571428571,0.4444444444444444
497590,DDD,2013J,0.15,0.15789473684210525,0.15384615384615385
497632,BBB,2013J,0.0,0.0,0.0
497793,BBB,2013B,0.0,0.0,0.0
497897,FFF,2013B,0.0,0.0,0.0
497994,DDD,2013J,0.05,0.2,0.08000000000000002
498006,FFF,2014B,0.1,0.05128205128205128,0.06779661016949151
498031,FFF,2013J,0.3,0.1935483870967742,0.23529411764705882
498065,BBB,2013B,0.05,0.125,0.07142857142857144
498131,BBB,2013B,0.05,0.06666666666666667,0.05714285714285715
498138,CCC,2014B,0.0,0.0,0.0
498175,BBB,2013B,0.1,0.3333333333333333,0.15384615384615383
498236,CCC,2014J,0.1,0.1111111111111111,0.10526315789473685
498266,FFF,2014B,0.2,0.12903225806451613,0.1568627450980392
498269,FFF,2013B,0.3,0.1276595744680851,0.17910447761194026
498296,BBB,2013B,0.05,0.05,0.05000000000000001
498320,DDD,2013B,0.2,0.18181818181818182,0.1904761904761905
498363,DDD,2013B,0.0,0.0,0.0
498363,DDD,2014B,0.2,0.16,0.17777777777777778
498442,FFF,2014J,0.45,0.225,0.3
498459,CCC,2014J,0.1,0.06896551724137931,0.08163265306122448
498527,DDD,2013B,0.0,0.0,0.0
498543,BBB,2013J,0.15,0.5,0.23076923076923075
498554,FFF,2013B,0.5,0.1282051282051282,0.2040816326530612
498578,FFF,2013B,0.1,0.07692307692307693,0.08695652173913043
498635,BBB,2013J,0.1,0.125,0.11111111111111112
498741,CCC,2014B,0.1,0.2857142857142857,0.14814814814814817
498755,BBB,2013J,0.1,0.5,0.16666666666666669
498793,DDD,2014B,0.05,0.25,0.08333333333333334
498821,DDD,2013J,0.05,0.038461538461538464,0.043478260869565216
498828,CCC,2014J,0.0,0.0,0.0
498828,FFF,2014B,0.05,0.038461538461538464,0.043478260869565216
498835,DDD,2013B,0.15,0.15,0.15
498841,BBB,2013J,0.1,0.2857142857142857,0.14814814814814817
498841,BBB,2014J,0.05,0.047619047619047616,0.04878048780487805
498857,AAA,2013J,0.3,0.5,0.37499999999999994
498967,BBB,2013B,0.15,0.375,0.21428571428571425
498980,DDD,2014B,0.05,0.3333333333333333,0.08695652173913045
499006,GGG,2013J,0.05,0.08333333333333333,0.0625
499027,BBB,2013B,0.0,0.0,0.0
499056,DDD,2013B,0.0,0.0,0.0
499118,BBB,2013B,0.05,0.125,0.07142857142857144
499187,GGG,2014J,0.7,0.5833333333333334,0.6363636363636365
499246,DDD,2013B,0.05,0.07142857142857142,0.058823529411764705
499354,FFF,2013B,0.15,0.13636363636363635,0.14285714285714282
499372,FFF,2013B,0.05,0.125,0.07142857142857144
499380,BBB,2013B,0.0,0.0,0.0
499386,FFF,2013J,0.15,0.07894736842105263,0.10344827586206896
499387,BBB,2013B,0.05,0.07142857142857142,0.058823529411764705
499400,EEE,2013J,0.45,0.75,0.5625000000000001
499404,FFF,2014J,0.2,0.10526315789473684,0.13793103448275862
499420,CCC,2014J,0.1,0.13333333333333333,0.1142857142857143
499446,GGG,2013J,0.2,0.2222222222222222,0.2105263157894737
499483,BBB,2013B,0.15,0.6,0.24
499511,BBB,2013B,0.1,0.2857142857142857,0.14814814814814817
499557,DDD,2013B,0.2,0.16666666666666666,0.1818181818181818
499564,FFF,2013J,0.2,0.07692307692307693,0.1111111111111111
499703,CCC,2014J,0.25,0.21739130434782608,0.23255813953488372
499790,BBB,2014J,0.2,0.4,0.26666666666666666
499813,CCC,2014J,0.0,0.0,0.0
499813,FFF,2014B,0.8,0.14814814814814814,0.25
499819,BBB,2014J,0.35,0.3888888888888889,0.36842105263157887
499848,CCC,2014J,0.05,0.14285714285714285,0.07407407407407408
499881,EEE,2013J,0.15,0.6,0.24
499891,BBB,2013B,0.05,0.14285714285714285,0.07407407407407408
499993,FFF,2013B,0.45,0.20454545454545456,0.28125000000000006
500006,CCC,2014B,0.0,0.0,0.0
500006,DDD,2013B,0.0,0.0,0.0
500016,BBB,2013J,0.05,0.047619047619047616,0.04878048780487805
500068,FFF,2014J,0.25,0.22727272727272727,0.23809523809523808
500112,GGG,2013J,0.2,0.3333333333333333,0.25
500113,AAA,2014J,0.25,0.45454545454545453,0.3225806451612903
500135,BBB,2013J,0.05,0.3333333333333333,0.08695652173913045
500136,DDD,2013B,0.2,0.16,0.17777777777777778
500189,CCC,2014J,0.05,0.07692307692307693,0.060606060606060615
500189,EEE,2013J,0.35,0.875,0.4999999999999999
500230,FFF,2013B,0.3,0.09230769230769231,0.1411764705882353
500283,DDD,2013J,0.1,0.2,0.13333333333333333
500459,DDD,2013B,0.1,0.07692307692307693,0.08695652173913043
500502,BBB,2014J,0.2,0.23529411764705882,0.2162162162162162
500507,BBB,2013B,0.05,0.5,0.09090909090909091
500552,BBB,2013J,0.4,0.36363636363636365,0.380952380952381
500581,DDD,2013J,0.2,0.09090909090909091,0.12500000000000003
500585,BBB,2013B,0.0,0.0,0.0
500597,CCC,2014B,0.25,0.29411764705882354,0.27027027027027023
500618,FFF,2014J,0.45,0.23684210526315788,0.3103448275862069
500652,FFF,2013B,0.1,0.1111111111111111,0.10526315789473685
500668,BBB,2013J,0.0,0.0,0.0
500707,DDD,2013J,0.05,0.5,0.09090909090909091
500720,GGG,2013J,0.3,0.24,0.2666666666666666
500766,DDD,2013B,0.05,0.03333333333333333,0.04
500772,FFF,2013J,0.05,0.0625,0.05555555555555556
500779,EEE,2013J,0.45,0.6923076923076923,0.5454545454545455
500791,BBB,2013B,0.35,0.4117647058823529,0.37837837837837834
500815,BBB,2013B,0.0,0.0,0.0
500819,BBB,2013B,0.0,0.0,0.0
500836,BBB,2013B,0.05,0.3333333333333333,0.08695652173913045
500958,BBB,2013B,0.0,0.0,0.0
501095,BBB,2014B,0.0,0.0,0.0
501146,CCC,2014J,0.25,0.22727272727272727,0.23809523809523808
501158,DDD,2013B,0.05,0.034482758620689655,0.04081632653061224
501203,DDD,2013J,0.0,0.0,0.0
501208,BBB,2013J,0.15,0.16666666666666666,0.15789473684210525
501336,FFF,2013J,0.25,0.13513513513513514,0.1754385964912281
501421,FFF,2014B,0.05,0.09090909090909091,0.06451612903225806
501425,FFF,2013J,0.35,0.15555555555555556,0.21538461538461537
501432,BBB,2013B,0.0,0.0,0.0
501444,FFF,2014J,0.25,0.1724137931034483,0.20408163265306123
501487,DDD,2014B,0.1,0.08,0.08888888888888889
501488,DDD,2013J,0.05,0.125,0.07142857142857144
501493,FFF,2013B,0.05,1.0,0.09523809523809523
501550,BBB,2013B,0.0,0.0,0.0
501617,CCC,2014J,0.2,0.17391304347826086,0.18604651162790697
501637,BBB,2013J,0.05,0.05555555555555555,0.052631578947368425
501652,CCC,2014B,0.0,0.0,0.0
501755,GGG,2014B,0.3,0.4,0.34285714285714286
501867,CCC,2014J,0.05,0.5,0.09090909090909091
501867,DDD,2013J,0.0,0.0,0.0
501871,FFF,2013J,0.2,0.18181818181818182,0.1904761904761905
501879,BBB,2013B,0.2,0.25,0.22222222222222224
501888,GGG,2014J,0.1,0.15384615384615385,0.12121212121212123
501921,EEE,2013J,0.55,0.6875,0.6111111111111112
501955,BBB,2013B,0.05,0.09090909090909091,0.06451612903225806
501960,DDD,2013B,0.2,0.11428571428571428,0.14545454545454545
502004,DDD,2014B,0.3,0.1111111111111111,0.16216216216216217
502004,EEE,2014J,0.45,0.6428571428571429,0.5294117647058824
502011,FFF,2014J,0.15,0.08571428571428572,0.10909090909090909
502057,DDD,2014B,0.2,0.09302325581395349,0.12698412698412698
502136,DDD,2013B,0.15,0.08571428571428572,0.10909090909090909
502161,DDD,2014B,0.3,0.3,0.3
502182,GGG,2014B,0.4,0.5,0.4444444444444445
502207,DDD,2014B,0.15,0.0967741935483871,0.11764705882352941
502249,FFF,2013J,0.2,0.16666666666666666,0.1818181818181818
502356,CCC,2014J,0.15,0.13043478260869565,0.13953488372093023
502361,FFF,2013J,0.4,0.19047619047619047,0.25806451612903225
502393,EEE,2013J,0.55,0.8461538461538461,0.6666666666666667
502441,BBB,2013B,0.0,0.0,0.0
502465,CCC,2014B,0.4,0.32,0.35555555555555557
502466,DDD,2013J,0.05,0.2,0.08000000000000002
502470,DDD,2014J,0.25,0.1724137931034483,0.20408163265306123
502477,DDD,2013J,0.3,0.16666666666666666,0.21428571428571427
502501,FFF,2014B,0.6,0.1791044776119403,0.27586206896551724
502512,FFF,2013B,0.05,0.125,0.07142857142857144
502517,FFF,2013J,0.65,0.30952380952380953,0.41935483870967744
502531,FFF,2013J,0.1,1.0,0.18181818181818182
502548,EEE,2014J,0.2,0.3076923076923077,0.24242424242424246
502554,CCC,2014B,0.25,0.15625,0.19230769230769232
502554,DDD,2013B,0.35,0.12727272727272726,0.18666666666666665
502604,BBB,2013B,0.05,0.09090909090909091,0.06451612903225806
502638,DDD,2013J,0.1,0.09090909090909091,0.09523809523809525
502694,BBB,2013B,0.1,0.13333333333333333,0.1142857142857143
502696,FFF,2013J,0.0,0.0,0.0
502697,DDD,2013B,0.0,0.0,0.0
502709,GGG,2014B,0.2,0.3333333333333333,0.25
502717,BBB,2013B,0.5,0.17857142857142858,0.2631578947368421
502763,GGG,2014B,0.6,0.5714285714285714,0.5853658536585366
502766,CCC,2014J,0.2,0.3076923076923077,0.24242424242424246
502767,BBB,2014J,0.35,0.2413793103448276,0.2857142857142857
502868,CCC,2014B,0.25,0.23809523809523808,0.24390243902439024
502900,FFF,2013B,0.15,0.25,0.18749999999999997
502929,CCC,2014B,0.05,0.07142857142857142,0.058823529411764705
502929,EEE,2014B,0.1,0.4,0.16000000000000003
502993,FFF,2014B,0.15,0.15789473684210525,0.15384615384615385
503023,DDD,2013J,0.15,0.06818181818181818,0.09374999999999999
503086,DDD,2013B,0.45,0.1836734693877551,0.2608695652173913
503120,DDD,2013B,0.4,0.2,0.26666666666666666
503154,FFF,2014B,0.2,0.12903225806451613,0.1568627450980392
503170,DDD,2013B,0.0,0.0,0.0
503183,FFF,2014B,0.15,0.13636363636363635,0.14285714285714282
503322,BBB,2013J,0.1,0.09090909090909091,0.09523809523809525
503352,FFF,2013J,0.2,0.12121212121212122,0.15094339622641512
503368,DDD,2013B,0.25,0.07936507936507936,0.12048192771084337
503390,BBB,2013B,0.0,0.0,0.0
503457,CCC,2014J,0.2,0.125,0.15384615384615385
503469,CCC,2014B,0.0,0.0,0.0
503477,FFF,2013J,0.1,0.07692307692307693,0.08695652173913043
503491,BBB,2013B,0.05,0.125,0.07142857142857144
503497,DDD,2013B,0.2,0.13333333333333333,0.16
503509,BBB,2013B,0.05,0.05555555555555555,0.052631578947368425
503516,BBB,2013J,0.15,0.3,0.2
503544,FFF,2013B,0.2,0.056338028169014086,0.08791208791208792
503610,CCC,2014J,0.0,0.0,0.0
503663,GGG,2013J,0.3,0.6666666666666666,0.41379310344827586
503668,FFF,2013B,0.45,0.225,0.3
503710,CCC,2014J,0.2,0.14285714285714285,0.16666666666666666
503764,FFF,2013J,0.1,0.11764705882352941,0.1081081081081081
503779,CCC,2014J,0.0,0.0,0.0
503783,DDD,2013J,0.05,0.08333333333333333,0.0625
503804,BBB,2013J,0.2,0.26666666666666666,0.2285714285714286
503838,DDD,2013J,0.0,0.0,0.0
503872,EEE,2014B,0.1,0.4,0.16000000000000003
503878,BBB,2013B,0.05,0.3333333333333333,0.08695652173913045
503889,AAA,2014J,0.6,0.6,0.6
503926,DDD,2013B,0.0,0.0,0.0
504013,BBB,2013J,0.1,0.5,0.16666666666666669
504022,BBB,2013J,0.1,0.3333333333333333,0.15384615384615383
504028,BBB,2013B,0.0,0.0,0.0
504062,EEE,2014B,0.35,0.6363636363636364,0.45161290322580644
504064,DDD,2014J,0.55,0.3055555555555556,0.39285714285714285
504076,FFF,2013J,0.45,0.1875,0.26470588235294124
504102,BBB,2013B,0.15,0.75,0.24999999999999997
504105,FFF,2013J,0.2,0.1111111111111111,0.14285714285714285
504157,FFF,2013B,0.25,0.13157894736842105,0.1724137931034483
504162,FFF,2013B,0.0,0.0,0.0
504231,FFF,2013B,0.05,0.0625,0.05555555555555556
504234,DDD,2013J,0.1,0.06666666666666667,0.08
504243,FFF,2013B,0.15,0.1,0.12
504251,DDD,2014J,0.15,0.11538461538461539,0.13043478260869565
504321,FFF,2013J,0.3,0.16666666666666666,0.21428571428571427
504352,BBB,2014B,0.05,0.0625,0.05555555555555556
504363,CCC,2014J,0.2,0.19047619047619047,0.1951219512195122
504404,EEE,2013J,0.35,0.7777777777777778,0.48275862068965514
504429,DDD,2013J,0.35,0.1320754716981132,0.19178082191780824
504466,BBB,2013J,0.25,0.19230769230769232,0.2173913043478261
504492,EEE,2013J,0.45,0.75,0.5625000000000001
504533,FFF,2013B,0.15,0.12,0.1333333333333333
504589,DDD,2014J,0.0,0.0,0.0
504597,BBB,2014J,0.4,0.4444444444444444,0.4210526315789474
504635,BBB,2013J,0.15,0.23076923076923078,0.18181818181818185
504652,EEE,2014B,0.45,0.5625,0.5
504728,EEE,2014B,0.25,0.38461538461538464,0.30303030303030304
504737,FFF,2013B,0.1,0.06666666666666667,0.08
504819,DDD,2013B,0.25,0.10869565217391304,0.15151515151515152
504936,BBB,2013B,0.15,0.16666666666666666,0.15789473684210525
505017,FFF,2014B,0.15,0.13043478260869565,0.13953488372093023
505047,FFF,2013J,0.0,0.0,0.0
505108,CCC,2014J,0.25,0.2631578947368421,0.25641025641025644
505131,FFF,2014B,0.0,0.0,0.0
505151,BBB,2014B,0.05,1.0,0.09523809523809523
505199,FFF,2013B,0.4,0.2857142857142857,0.3333333333333333
505216,GGG,2014J,0.15,0.17647058823529413,0.16216216216216214
505311,DDD,2013B,0.1,0.11764705882352941,0.1081081081081081
505315,FFF,2013B,0.05,0.125,0.07142857142857144
505376,BBB,2013B,0.0,0.0,0.0
505410,FFF,2013J,0.2,0.11764705882352941,0.14814814814814817
505413,BBB,2013J,0.3,0.2727272727272727,0.28571428571428564
505488,FFF,2013B,0.2,0.36363636363636365,0.25806451612903225
505508,FFF,2013B,0.3,0.1,0.15
505561,DDD,2014B,0.05,0.125,0.07142857142857144
505579,DDD,2013B,0.15,0.08823529411764706,0.11111111111111112
505606,BBB,2013B,0.2,0.19047619047619047,0.1951219512195122
505700,CCC,2014J,0.05,0.3333333333333333,0.08695652173913045
505700,EEE,2013J,0.45,0.47368421052631576,0.46153846153846156
505722,CCC,2014J,0.0,0.0,0.0
505722,EEE,2013J,0.4,0.7272727272727273,0.5161290322580645
505727,EEE,2013J,0.3,0.5454545454545454,0.3870967741935483
505754,GGG,2013J,0.05,1.0,0.09523809523809523
505762,GGG,2014J,0.25,0.2777777777777778,0.2631578947368421
505767,CCC,2014B,0.0,0.0,0.0
505767,EEE,2014B,0.2,0.5714285714285714,0.29629629629629634
505773,FFF,2014J,0.5,0.13513513513513514,0.21276595744680854
505815,DDD,2014B,0.0,0.0,0.0
505854,DDD,2014B,0.0,0.0,0.0
505855,EEE,2014B,0.35,0.7777777777777778,0.48275862068965514
505856,DDD,2013J,0.2,0.0975609756097561,0.13114754098360656
505871,BBB,2014J,0.0,0.0,0.0
505878,BBB,2014J,0.05,0.25,0.08333333333333334
505899,BBB,2014B,0.25,0.23809523809523808,0.24390243902439024
505930,CCC,2014J,0.0,0.0,0.0
505959,BBB,2013B,0.05,1.0,0.09523809523809523
505961,BBB,2013B,0.05,0.1111111111111111,0.06896551724137932
506020,BBB,2014J,0.05,0.25,0.08333333333333334
506038,FFF,2014B,0.25,0.1724137931034483,0.20408163265306123
506144,CCC,2014J,0.25,0.19230769230769232,0.2173913043478261
506185,BBB,2013J,0.15,0.42857142857142855,0.2222222222222222
506205,GGG,2014J,0.15,0.3,0.2
506206,CCC,2014B,0.1,0.1111111111111111,0.10526315789473685
506219,BBB,2014J,0.25,0.22727272727272727,0.23809523809523808
506233,BBB,2013B,0.05,0.3333333333333333,0.08695652173913045
506309,FFF,2013J,0.2,0.23529411764705882,0.2162162162162162
506321,FFF,2013B,0.1,0.07692307692307693,0.08695652173913043
506360,BBB,2013B,0.1,0.5,0.16666666666666669
506412,FFF,2013B,0.05,0.05263157894736842,0.05128205128205128
506504,EEE,2013J,0.35,0.5833333333333334,0.4375
506533,GGG,2014B,0.3,0.375,0.33333333333333326
506543,CCC,2014J,0.3,0.18181818181818182,0.22641509433962265
506550,FFF,2013J,0.15,0.15789473684210525,0.15384615384615385
506582,DDD,2013J,0.3,0.11538461538461539,0.16666666666666669
506622,BBB,2014B,0.2,0.3333333333333333,0.25
506650,BBB,2013B,0.2,0.8,0.32000000000000006
506650,BBB,2014B,0.0,0.0,0.0
506679,GGG,2013J,0.25,0.4166666666666667,0.3125
506705,CCC,2014J,0.05,0.0625,0.05555555555555556
506705,FFF,2014J,0.35,0.17073170731707318,0.22950819672131145
506753,BBB,2013B,0.0,0.0,0.0
506767,DDD,2013B,0.0,0.0,0.0
506785,DDD,2013B,0.0,0.0,0.0
506804,BBB,2013J,0.2,0.11428571428571428,0.14545454545454545
506829,DDD,2013J,0.25,0.125,0.16666666666666666
506930,FFF,2013B,0.05,0.25,0.08333333333333334
507010,FFF,2013J,0.1,0.1,0.10000000000000002
507014,BBB,2014J,0.05,0.1,0.06666666666666667
507016,BBB,2013J,0.2,0.3076923076923077,0.24242424242424246
507034,CCC,2014B,0.0,0.0,0.0
507034,FFF,2013B,0.1,0.05405405405405406,0.07017543859649122
507113,DDD,2013J,0.3,0.15,0.2
507149,BBB,2014J,0.35,0.25925925925925924,0.29787234042553196
507279,BBB,2013J,0.1,1.0,0.18181818181818182
507285,DDD,2013J,0.1,0.125,0.11111111111111112
507334,GGG,2014B,0.35,0.5833333333333334,0.4375
507344,CCC,2014J,0.15,0.42857142857142855,0.2222222222222222
507344,DDD,2013J,0.2,0.15384615384615385,0.17391304347826086
507359,BBB,2013B,0.05,0.5,0.09090909090909091
507375,EEE,2013J,0.3,1.0,0.4615384615384615
507478,DDD,2014J,0.05,0.3333333333333333,0.08695652173913045
507523,CCC,2014B,0.0,0.0,0.0
507743,FFF,2014J,0.15,0.06976744186046512,0.09523809523809525
507783,BBB,2014J,0.55,0.39285714285714285,0.45833333333333337
507817,BBB,2013B,0.1,0.25,0.14285714285714288
507844,EEE,2013J,0.35,0.4666666666666667,0.4
507935,FFF,2014J,0.15,0.06976744186046512,0.09523809523809525
507941,FFF,2013J,0.25,0.22727272727272727,0.23809523809523808
508025,DDD,2013J,0.05,0.07142857142857142,0.058823529411764705
508028,BBB,2013J,0.05,0.0625,0.05555555555555556
508068,FFF,2013B,0.65,0.26,0.37142857142857144
508079,BBB,2013J,0.1,0.1,0.10000000000000002
508100,BBB,2014B,0.0,0.0,0.0
508210,FFF,2013J,0.25,0.1724137931034483,0.20408163265306123
508244,EEE,2013J,0.3,0.46153846153846156,0.3636363636363637
508246,DDD,2013J,0.1,0.13333333333333333,0.1142857142857143
508274,FFF,2013J,0.3,0.14634146341463414,0.19672131147540983
508295,FFF,2013J,0.0,0.0,0.0
508326,FFF,2013J,0.25,0.2,0.22222222222222224
508388,FFF,2013J,0.3,0.2,0.24
508400,BBB,2014B,0.0,0.0,0.0
508452,BBB,2013B,0.25,0.17857142857142858,0.20833333333333331
508470,BBB,2014B,0.05,0.038461538461538464,0.043478260869565216
508537,BBB,2013B,0.1,0.14285714285714285,0.11764705882352941
508572,FFF,2013B,0.05,0.07142857142857142,0.058823529411764705
508573,GGG,2014B,0.45,0.6428571428571429,0.5294117647058824
508594,DDD,2014B,0.0,0.0,0.0
508615,DDD,2014J,0.05,0.16666666666666666,0.07692307692307691
508626,FFF,2014J,0.35,0.15217391304347827,0.21212121212121213
508627,FFF,2013J,0.1,0.4,0.16000000000000003
508637,CCC,2014J,0.15,0.1111111111111111,0.12765957446808512
508637,DDD,2013J,0.2,0.10810810810810811,0.14035087719298245
508662,BBB,2013B,0.0,0.0,0.0
508759,BBB,2013J,0.0,0.0,0.0
508804,FFF,2013J,0.25,0.11627906976744186,0.15873015873015872
508818,AAA,2013J,0.15,0.42857142857142855,0.2222222222222222
508829,EEE,2013J,0.0,0.0,0.0
508830,FFF,2013B,0.15,0.1111111111111111,0.12765957446808512
508859,DDD,2014J,0.1,0.0425531914893617,0.05970149253731343
508924,GGG,2014B,0.15,0.15789473684210525,0.15384615384615385
508934,DDD,2013B,0.15,0.09090909090909091,0.11320754716981132
508940,BBB,2014B,0.0,0.0,0.0
508942,FFF,2013J,0.1,0.6666666666666666,0.1739130434782609
509029,CCC,2014B,0.1,0.18181818181818182,0.12903225806451613
509034,GGG,2013J,0.3,0.2608695652173913,0.27906976744186046
509102,CCC,2014B,0.15,0.16666666666666666,0.15789473684210525
509102,DDD,2013J,0.2,0.09302325581395349,0.12698412698412698
509150,CCC,2014J,0.3,0.09523809523809523,0.14457831325301204
509183,CCC,2014B,0.05,0.1,0.06666666666666667
509226,BBB,2013B,0.05,0.09090909090909091,0.06451612903225806
509277,GGG,2013J,0.05,0.08333333333333333,0.0625
509279,DDD,2013J,0.3,0.2222222222222222,0.25531914893617025
509292,FFF,2014B,0.05,0.3333333333333333,0.08695652173913045
509327,DDD,2013J,0.3,0.12,0.17142857142857143
509536,FFF,2014J,0.25,0.1282051282051282,0.1694915254237288
509578,BBB,2014J,0.2,0.21052631578947367,0.20512820512820512
509607,BBB,2013J,0.0,0.0,0.0
509610,DDD,2013J,0.15,0.07142857142857142,0.09677419354838708
509649,CCC,2014B,0.05,0.05555555555555555,0.052631578947368425
509696,BBB,2014B,0.1,0.5,0.16666666666666669
509768,BBB,2013B,0.1,0.2857142857142857,0.14814814814814817
509780,EEE,2014J,0.2,0.5714285714285714,0.29629629629629634
509797,BBB,2013B,0.0,0.0,0.0
509839,CCC,2014B,0.0,0.0,0.0
509913,BBB,2013J,0.05,0.3333333333333333,0.08695652173913045
509929,DDD,2013J,0.05,0.047619047619047616,0.04878048780487805
509933,DDD,2014J,0.1,0.2,0.13333333333333333
509935,BBB,2014J,0.3,0.35294117647058826,0.3243243243243243
510054,CCC,2014J,0.0,0.0,0.0
510142,FFF,2014B,0.05,0.04,0.044444444444444446
510149,BBB,2013J,0.1,0.13333333333333333,0.1142857142857143
510182,DDD,2013J,0.15,0.09375,0.11538461538461538
510186,FFF,2013B,0.85,0.13709677419354838,0.23611111111111108
510195,DDD,2013B,0.05,0.05263157894736842,0.05128205128205128
510266,CCC,2014J,0.05,0.038461538461538464,0.043478260869565216
510266,EEE,2014B,0.35,0.875,0.4999999999999999
510335,FFF,2013B,0.05,0.05263157894736842,0.05128205128205128
510401,EEE,2013J,0.2,0.4,0.26666666666666666
510402,EEE,2014J,0.3,0.46153846153846156,0.3636363636363637
510420,FFF,2014B,0.25,0.17857142857142858,0.20833333333333331
510424,DDD,2014J,0.15,0.375,0.21428571428571425
510456,DDD,2014J,0.0,0.0,0.0
510460,EEE,2013J,0.3,0.75,0.4285714285714285
510471,BBB,2014J,0.2,0.26666666666666666,0.2285714285714286
510492,BBB,2013B,0.05,0.5,0.09090909090909091
510530,DDD,2013B,0.0,0.0,0.0
510533,GGG,2013J,0.35,0.2916666666666667,0.31818181818181823
510534,FFF,2013J,0.05,0.02857142857142857,0.03636363636363636
510556,BBB,2013B,0.05,0.1111111111111111,0.06896551724137932
510693,FFF,2013B,0.25,0.17857142857142858,0.20833333333333331
510693,FFF,2014B,0.05,0.25,0.08333333333333334
510694,EEE,2013J,0.15,0.5,0.23076923076923075
510737,GGG,2013J,0.45,0.47368421052631576,0.46153846153846156
510756,BBB,2013B,0.25,0.3333333333333333,0.28571428571428575
510759,FFF,2013B,0.05,0.05263157894736842,0.05128205128205128
510845,BBB,2013B,0.05,0.3333333333333333,0.08695652173913045
510864,DDD,2013J,0.0,0.0,0.0
510873,DDD,2013J,0.05,0.045454545454545456,0.04761904761904762
510874,GGG,2014B,0.15,0.17647058823529413,0.16216216216216214
510883,FFF,2013B,0.05,0.043478260869565216,0.046511627906976744
511001,BBB,2014J,0.45,0.32142857142857145,0.375
511050,BBB,2013B,0.0,0.0,0.0
511067,BBB,2013B,0.0,0.0,0.0
511199,EEE,2014B,0.05,1.0,0.09523809523809523
511228,GGG,2014B,0.2,0.4444444444444444,0.2758620689655173
511258,CCC,2014J,0.1,0.09090909090909091,0.09523809523809525
511282,DDD,2013J,0.2,0.17391304347826086,0.18604651162790697
511306,BBB,2013B,0.0,0.0,0.0
511309,FFF,2014J,0.1,0.10526315789473684,0.10256410256410256
511345,DDD,2014J,0.1,0.05,0.06666666666666667
511350,FFF,2014B,0.0,0.0,0.0
511453,DDD,2013J,0.15,0.21428571428571427,0.1764705882352941
511459,BBB,2013B,0.05,0.08333333333333333,0.0625
511473,CCC,2014B,0.3,0.2222222222222222,0.25531914893617025
511492,GGG,2014B,0.05,1.0,0.09523809523809523
511506,BBB,2014B,0.0,0.0,0.0
511515,BBB,2013B,0.15,0.09375,0.11538461538461538
511524,BBB,2013B,0.15,0.17647058823529413,0.16216216216216214
511527,BBB,2013B,0.05,1.0,0.09523809523809523
511571,GGG,2013J,0.35,0.30434782608695654,0.3255813953488372
511576,DDD,2013B,0.05,0.5,0.09090909090909091
511676,DDD,2014J,0.1,0.08,0.08888888888888889
511678,BBB,2013J,0.0,0.0,0.0
511693,BBB,2013B,0.15,0.375,0.21428571428571425
511762,FFF,2013B,0.15,0.04225352112676056,0.06593406593406594
511807,BBB,2014J,0.4,0.42105263157894735,0.41025641025641024
511901,BBB,2014B,0.15,0.21428571428571427,0.1764705882352941
511912,FFF,2014B,0.1,0.06896551724137931,0.08163265306122448
511949,DDD,2013B,0.0,0.0,0.0
511981,FFF,2014J,0.15,0.1111111111111111,0.12765957446808512
512046,DDD,2014J,0.1,0.08333333333333333,0.0909090909090909
512080,DDD,2013B,0.1,0.14285714285714285,0.11764705882352941
512242,BBB,2013B,0.05,0.5,0.09090909090909091
512257,CCC,2014J,0.1,0.18181818181818182,0.12903225806451613
512258,GGG,2013J,0.05,0.047619047619047616,0.04878048780487805
512259,CCC,2014J,0.1,0.07407407407407407,0.0851063829787234
512259,DDD,2013J,0.25,0.14705882352941177,0.18518518518518517
512411,BBB,2014J,0.2,0.3076923076923077,0.24242424242424246
512417,BBB,2013J,0.15,0.5,0.23076923076923075
512460,AAA,2013J,0.25,0.29411764705882354,0.27027027027027023
512475,CCC,2014B,0.35,0.25925925925925924,0.29787234042553196
512581,BBB,2013J,0.1,0.5,0.16666666666666669
512706,DDD,2013J,0.05,0.047619047619047616,0.04878048780487805
512722,BBB,2014J,0.15,0.17647058823529413,0.16216216216216214
512775,BBB,2013J,0.0,0.0,0.0
512805,BBB,2013B,0.05,0.2,0.08000000000000002
512852,CCC,2014J,0.1,0.14285714285714285,0.11764705882352941
512861,DDD,2013B,0.0,0.0,0.0
512929,BBB,2013B,0.05,0.058823529411764705,0.05405405405405405
512940,BBB,2013J,0.15,0.5,0.23076923076923075
512977,BBB,2013J,0.2,0.26666666666666666,0.2285714285714286
512995,BBB,2013B,0.05,0.045454545454545456,0.04761904761904762
513076,BBB,2013J,0.05,0.5,0.09090909090909091
513077,BBB,2014B,0.1,0.1,0.10000000000000002
513093,BBB,2013B,0.2,0.25,0.22222222222222224
513166,GGG,2014J,0.15,0.42857142857142855,0.2222222222222222
513172,FFF,2013B,0.25,0.5555555555555556,0.3448275862068966
513210,BBB,2013B,0.15,0.21428571428571427,0.1764705882352941
513228,FFF,2013J,0.1,0.11764705882352941,0.1081081081081081
513266,FFF,2013B,0.15,0.08333333333333333,0.10714285714285714
513268,FFF,2013B,0.55,0.3142857142857143,0.4
513315,BBB,2013B,0.1,0.1111111111111111,0.10526315789473685
513349,DDD,2013J,0.0,0.0,0.0
513396,DDD,2013B,0.0,0.0,0.0
513422,FFF,2014J,0.4,0.25,0.3076923076923077
513428,FFF,2013B,0.2,0.08163265306122448,0.11594202898550723
513428,FFF,2014J,0.35,0.3684210526315789,0.358974358974359
513499,DDD,2013J,0.05,0.047619047619047616,0.04878048780487805
513638,CCC,2014B,0.0,0.0,0.0
513672,EEE,2014B,0.15,0.6,0.24
513687,DDD,2014B,0.95,0.10734463276836158,0.19289340101522842
513701,FFF,2014B,0.05,0.038461538461538464,0.043478260869565216
513733,BBB,2013B,0.0,0.0,0.0
513751,BBB,2014J,0.4,0.26666666666666666,0.32
513757,BBB,2013B,0.25,0.1724137931034483,0.20408163265306123
513773,DDD,2013B,0.0,0.0,0.0
513853,DDD,2013J,0.15,0.08823529411764706,0.11111111111111112
513854,DDD,2013B,0.45,0.2571428571428571,0.32727272727272727
513957,DDD,2014B,0.15,0.1875,0.16666666666666663
513969,CCC,2014J,0.05,0.14285714285714285,0.07407407407407408
514031,BBB,2014B,0.1,0.125,0.11111111111111112
514043,BBB,2013J,0.1,0.3333333333333333,0.15384615384615383
514078,FFF,2014J,0.1,0.06896551724137931,0.08163265306122448
514125,DDD,2013J,0.2,0.125,0.15384615384615385
514140,BBB,2013B,0.05,0.08333333333333333,0.0625
514277,DDD,2014J,0.05,0.07692307692307693,0.060606060606060615
514300,DDD,2013B,0.0,0.0,0.0
514302,BBB,2013J,0.15,0.2727272727272727,0.19354838709677416
514445,BBB,2013J,0.2,0.3076923076923077,0.24242424242424246
514558,FFF,2013J,0.05,0.05263157894736842,0.05128205128205128
514580,FFF,2013B,0.15,0.125,0.13636363636363635
514648,GGG,2014J,0.15,0.16666666666666666,0.15789473684210525
514675,FFF,2013B,0.0,0.0,0.0
514756,FFF,2013B,0.1,0.0625,0.07692307692307693
514776,BBB,2013J,0.4,0.19047619047619047,0.25806451612903225
514864,BBB,2013J,0.0,0.0,0.0
514903,FFF,2013B,0.2,0.12121212121212122,0.15094339622641512
514969,FFF,2013B,0.45,0.1836734693877551,0.2608695652173913
514981,BBB,2013B,0.0,0.0,0.0
514987,BBB,2013B,0.0,0.0,0.0
515046,CCC,2014B,0.15,0.2727272727272727,0.19354838709677416
515046,DDD,2013B,0.25,0.09433962264150944,0.13698630136986303
515051,GGG,2014B,0.3,0.8571428571428571,0.4444444444444444
515052,DDD,2014J,0.15,0.25,0.18749999999999997
515056,DDD,2013J,0.05,0.043478260869565216,0.046511627906976744
515105,BBB,2013B,0.05,0.3333333333333333,0.08695652173913045
515107,CCC,2014B,0.05,0.07142857142857142,0.058823529411764705
515125,EEE,2014B,0.05,0.16666666666666666,0.07692307692307691
515170,DDD,2013B,0.15,0.13043478260869565,0.13953488372093023
515203,BBB,2013J,0.1,0.4,0.16000000000000003
515285,FFF,2013J,0.2,0.11428571428571428,0.14545454545454545
515311,BBB,2013B,0.1,0.2222222222222222,0.13793103448275865
515329,BBB,2014J,0.45,0.32142857142857145,0.375
515331,DDD,2014B,0.0,0.0,0.0
515349,BBB,2014J,0.45,0.4090909090909091,0.4285714285714286
515426,CCC,2014J,0.0,0.0,0.0
515474,BBB,2013B,0.3,0.42857142857142855,0.3529411764705882
515491,CCC,2014J,0.25,0.16666666666666666,0.2
515496,GGG,2013J,0.2,0.36363636363636365,0.25806451612903225
515497,BBB,2013B,0.1,0.5,0.16666666666666669
515520,DDD,2013J,0.05,0.02857142857142857,0.03636363636363636
515574,FFF,2013J,0.05,0.25,0.08333333333333334
515595,DDD,2013B,0.0,0.0,0.0
515645,DDD,2014J,0.05,0.09090909090909091,0.06451612903225806
515646,BBB,2013J,0.2,0.23529411764705882,0.2162162162162162
515676,BBB,2013J,0.3,0.2,0.24
515734,CCC,2014J,0.0,0.0,0.0
515774,CCC,2014B,0.05,0.125,0.07142857142857144
515774,EEE,2013J,0.45,0.75,0.5625000000000001
515833,FFF,2013J,0.15,0.15,0.15
515857,CCC,2014J,0.05,0.038461538461538464,0.043478260869565216
515857,FFF,2013J,0.4,0.13114754098360656,0.19753086419753088
515888,FFF,2013J,0.1,0.08333333333333333,0.0909090909090909
515903,DDD,2013B,0.15,0.13636363636363635,0.14285714285714282
515936,CCC,2014B,0.0,0.0,0.0
515938,FFF,2013B,0.0,0.0,0.0
515945,DDD,2013B,0.2,0.12121212121212122,0.15094339622641512
515977,EEE,2014J,0.3,0.75,0.4285714285714285
516010,DDD,2013B,0.0,0.0,0.0
516024,CCC,2014B,0.05,0.058823529411764705,0.05405405405405405
516057,BBB,2013B,0.1,0.4,0.16000000000000003
516095,FFF,2013J,0.25,0.18518518518518517,0.2127659574468085
516238,CCC,2014B,0.0,0.0,0.0
516238,EEE,2014B,0.1,0.6666666666666666,0.1739130434782609
516364,BBB,2013J,0.25,0.1724137931034483,0.20408163265306123
516398,DDD,2013B,0.05,0.08333333333333333,0.0625
516432,BBB,2013B,0.05,0.03225806451612903,0.0392156862745098
516434,BBB,2014J,0.25,0.20833333333333334,0.22727272727272727
516434,GGG,2013J,0.1,0.2857142857142857,0.14814814814814817
516450,DDD,2013B,0.05,0.030303030303030304,0.03773584905660378
516456,BBB,2013B,0.0,0.0,0.0
516475,BBB,2013B,0.1,0.2222222222222222,0.13793103448275865
516495,BBB,2013B,0.0,0.0,0.0
516496,CCC,2014B,0.0,0.0,0.0
516529,BBB,2013B,0.0,0.0,0.0
516562,DDD,2014J,0.0,0.0,0.0
516601,BBB,2014B,0.15,0.3333333333333333,0.20689655172413793
516602,FFF,2014J,0.3,0.3,0.3
516620,FFF,2013J,0.1,0.06896551724137931,0.08163265306122448
516634,FFF,2014B,0.05,0.043478260869565216,0.046511627906976744
516653,DDD,2013J,0.1,0.16666666666666666,0.125
516726,CCC,2014B,0.0,0.0,0.0
516770,FFF,2014B,0.1,0.2,0.13333333333333333
516841,BBB,2013B,0.1,0.15384615384615385,0.12121212121212123
516843,DDD,2013B,0.05,0.25,0.08333333333333334
516926,BBB,2013J,0.05,0.5,0.09090909090909091
517000,BBB,2013J,0.05,0.07142857142857142,0.058823529411764705
517093,DDD,2013J,0.2,0.07692307692307693,0.1111111111111111
517094,EEE,2014J,0.45,0.4090909090909091,0.4285714285714286
517195,FFF,2013B,0.1,0.07692307692307693,0.08695652173913043
517231,BBB,2013J,0.05,0.125,0.07142857142857144
517263,GGG,2014J,0.45,0.5625,0.5
517269,FFF,2013B,0.6,0.17647058823529413,0.2727272727272727
517274,FFF,2014B,0.15,0.13636363636363635,0.14285714285714282
517277,FFF,2014B,0.2,0.13333333333333333,0.16
517349,FFF,2013B,0.15,0.3,0.2
517349,FFF,2013J,0.0,0.0,0.0
517352,BBB,2013J,0.2,0.4,0.26666666666666666
517416,CCC,2014J,0.2,0.21052631578947367,0.20512820512820512
517416,DDD,2013J,0.2,0.06779661016949153,0.10126582278481014
517474,BBB,2013B,0.05,0.05555555555555555,0.052631578947368425
517481,FFF,2013J,0.1,0.08695652173913043,0.09302325581395349
517551,FFF,2014J,0.15,0.15,0.15
517569,FFF,2013B,0.25,0.17857142857142858,0.20833333333333331
517617,BBB,2013B,0.15,0.1875,0.16666666666666663
517646,DDD,2013B,0.0,0.0,0.0
517679,BBB,2014B,0.0,0.0,0.0
517731,FFF,2013J,0.3,0.25,0.2727272727272727
517778,BBB,2013B,0.1,0.18181818181818182,0.12903225806451613
517850,FFF,2013B,0.0,0.0,0.0
517864,DDD,2014B,0.05,0.1111111111111111,0.06896551724137932
517890,BBB,2013B,0.0,0.0,0.0
517999,CCC,2014B,0.0,0.0,0.0
518126,BBB,2013J,0.1,0.25,0.14285714285714288
518145,GGG,2014B,0.35,0.4666666666666667,0.4
518189,BBB,2013B,0.05,0.25,0.08333333333333334
518210,FFF,2014B,0.0,0.0,0.0
518223,BBB,2013J,0.45,0.42857142857142855,0.4390243902439024
518244,DDD,2014J,0.2,0.08888888888888889,0.12307692307692307
518258,BBB,2013J,0.2,0.21052631578947367,0.20512820512820512
518349,DDD,2013B,0.05,0.05555555555555555,0.052631578947368425
518359,CCC,2014J,0.05,0.04,0.044444444444444446
518359,FFF,2014B,0.25,0.11627906976744186,0.15873015873015872
518363,CCC,2014B,0.05,0.08333333333333333,0.0625
518364,FFF,2013J,0.0,0.0,0.0
518389,BBB,2014J,0.0,0.0,0.0
518412,FFF,2013B,0.05,0.05555555555555555,0.052631578947368425
518436,DDD,2013B,0.2,0.08333333333333333,0.11764705882352941
518469,BBB,2013B,0.1,0.5,0.16666666666666669
518496,BBB,2013J,0.3,0.18181818181818182,0.22641509433962265
518544,FFF,2013J,0.2,0.09090909090909091,0.12500000000000003
518661,GGG,2014B,0.25,0.5,0.3333333333333333
518731,DDD,2013J,0.0,0.0,0.0
518808,AAA,2014J,0.35,0.5,0.4117647058823529
518831,FFF,2013B,0.1,0.11764705882352941,0.1081081081081081
518862,CCC,2014B,0.15,0.16666666666666666,0.15789473684210525
518876,BBB,2013B,0.1,0.16666666666666666,0.125
518879,BBB,2013B,0.3,0.3157894736842105,0.3076923076923077
518937,FFF,2013J,0.2,0.11428571428571428,0.14545454545454545
518951,DDD,2013J,0.1,0.15384615384615385,0.12121212121212123
518970,BBB,2013B,0.0,0.0,0.0
519057,CCC,2014J,0.0,0.0,0.0
519078,BBB,2014B,0.15,0.6,0.24
519091,GGG,2013J,0.45,0.375,0.4090909090909091
519094,DDD,2013B,0.15,0.1111111111111111,0.12765957446808512
519102,DDD,2013B,0.15,0.13043478260869565,0.13953488372093023
519115,FFF,2014J,0.15,0.08823529411764706,0.11111111111111112
519222,BBB,2013B,0.0,0.0,0.0
519258,EEE,2014B,0.1,0.5,0.16666666666666669
519294,BBB,2013J,0.2,0.36363636363636365,0.25806451612903225
519387,BBB,2013B,0.25,0.21739130434782608,0.23255813953488372
519472,FFF,2013B,0.3,0.3,0.3
519506,CCC,2014J,0.05,0.125,0.07142857142857144
519510,FFF,2013B,0.3,0.16666666666666666,0.21428571428571427
519544,CCC,2014B,0.2,0.19047619047619047,0.1951219512195122
519552,DDD,2013J,0.75,0.15789473684210525,0.2608695652173913
519584,BBB,2013J,0.2,0.2222222222222222,0.2105263157894737
519602,BBB,2013B,0.1,0.15384615384615385,0.12121212121212123
519684,EEE,2013J,0.15,0.5,0.23076923076923075
519715,FFF,2013B,0.15,0.058823529411764705,0.08450704225352114
519800,BBB,2013B,0.0,0.0,0.0
519859,BBB,2014B,0.0,0.0,0.0
519910,GGG,2014B,0.1,1.0,0.18181818181818182
519936,FFF,2013B,0.2,0.11764705882352941,0.14814814814814817
519961,DDD,2013J,0.0,0.0,0.0
519969,FFF,2013B,0.15,0.125,0.13636363636363635
520002,BBB,2013J,0.0,0.0,0.0
520006,BBB,2013J,0.1,0.15384615384615385,0.12121212121212123
520024,BBB,2013J,0.1,1.0,0.18181818181818182
520024,BBB,2014J,0.05,1.0,0.09523809523809523
520061,FFF,2013J,0.45,0.12857142857142856,0.19999999999999998
520076,BBB,2014J,0.1,0.15384615384615385,0.12121212121212123
520077,CCC,2014J,0.05,0.02702702702702703,0.03508771929824561
520077,EEE,2014J,0.4,0.7272727272727273,0.5161290322580645
520082,FFF,2013B,0.05,0.058823529411764705,0.05405405405405405
520097,FFF,2013B,0.15,0.13636363636363635,0.14285714285714282
520150,DDD,2013J,0.3,0.11320754716981132,0.1643835616438356
520187,FFF,2013B,0.1,0.125,0.11111111111111112
520286,BBB,2013J,0.2,0.21052631578947367,0.20512820512820512
520325,BBB,2013J,0.1,0.5,0.16666666666666669
520332,CCC,2014J,0.15,0.09375,0.11538461538461538
520349,DDD,2014J,0.05,0.05555555555555555,0.052631578947368425
520377,CCC,2014B,0.25,0.2777777777777778,0.2631578947368421
520400,DDD,2013B,0.0,0.0,0.0
520544,FFF,2013B,0.15,0.15,0.15
520588,CCC,2014B,0.05,0.08333333333333333,0.0625
520836,BBB,2013B,0.1,0.4,0.16000000000000003
520891,DDD,2013J,0.25,0.18518518518518517,0.2127659574468085
520962,DDD,2014B,0.6,0.2033898305084746,0.3037974683544304
520972,BBB,2014J,0.0,0.0,0.0
521051,CCC,2014B,0.0,0.0,0.0
521081,BBB,2014J,0.1,0.18181818181818182,0.12903225806451613
521096,BBB,2013B,0.05,0.2,0.08000000000000002
521115,CCC,2014J,0.05,0.027777777777777776,0.03571428571428571
521115,FFF,2014J,0.1,0.05,0.06666666666666667
521160,DDD,2013B,0.2,0.09090909090909091,0.12500000000000003
521164,BBB,2014J,0.2,0.5714285714285714,0.29629629629629634
521164,GGG,2013J,0.3,0.35294117647058826,0.3243243243243243
521255,FFF,2014J,0.2,0.25,0.22222222222222224
521292,CCC,2014J,0.05,0.029411764705882353,0.03703703703703704
521297,CCC,2014B,0.4,0.2962962962962963,0.3404255319148936
521329,FFF,2013J,0.3,0.14285714285714285,0.19354838709677416
521341,BBB,2013J,0.05,0.04,0.044444444444444446
521394,BBB,2013B,0.05,0.08333333333333333,0.0625
521404,DDD,2013B,0.1,0.09090909090909091,0.09523809523809525
521430,BBB,2013B,0.2,0.2,0.20000000000000004
521509,BBB,2013J,0.2,0.17391304347826086,0.18604651162790697
521526,FFF,2013B,0.8,0.35555555555555557,0.4923076923076923
521590,BBB,2013J,0.35,0.2413793103448276,0.2857142857142857
521614,CCC,2014B,0.1,0.1111111111111111,0.10526315789473685
521631,GGG,2014J,0.2,0.5714285714285714,0.29629629629629634
521644,GGG,2014B,0.7,0.56,0.6222222222222222
521709,DDD,2013B,0.05,0.047619047619047616,0.04878048780487805
521742,DDD,2013B,0.05,0.0625,0.05555555555555556
521764,BBB,2013B,0.1,0.3333333333333333,0.15384615384615383
521788,FFF,2013J,0.0,0.0,0.0
521895,BBB,2013J,0.2,0.5,0.28571428571428575
521903,BBB,2013B,0.2,0.26666666666666666,0.2285714285714286
522007,FFF,2013J,0.1,0.09523809523809523,0.0975609756097561
522082,FFF,2013J,0.15,0.21428571428571427,0.1764705882352941
522082,FFF,2014J,0.15,0.06382978723404255,0.08955223880597013
522087,BBB,2014B,0.0,0.0,0.0
522090,BBB,2013B,0.1,0.3333333333333333,0.15384615384615383
522189,BBB,2014J,0.1,0.4,0.16000000000000003
522257,CCC,2014J,0.05,0.0625,0.05555555555555556
522257,FFF,2013J,0.45,0.15254237288135594,0.22784810126582278
522312,CCC,2014B,0.1,0.3333333333333333,0.15384615384615383
522312,DDD,2013J,0.15,0.12,0.1333333333333333
522373,BBB,2013B,0.05,0.045454545454545456,0.04761904761904762
522381,BBB,2014J,0.15,0.1875,0.16666666666666663
522383,BBB,2013B,0.0,0.0,0.0
522426,BBB,2013J,0.25,0.21739130434782608,0.23255813953488372
522434,BBB,2013J,0.3,0.3157894736842105,0.3076923076923077
522441,BBB,2013J,0.05,0.1,0.06666666666666667
522446,BBB,2013J,0.05,0.07142857142857142,0.058823529411764705
522473,DDD,2013J,0.25,0.11363636363636363,0.15625
522484,CCC,2014B,0.0,0.0,0.0
522484,EEE,2013J,0.1,0.5,0.16666666666666669
522525,CCC,2014J,0.05,0.041666666666666664,0.04545454545454545
522525,EEE,2014B,0.45,0.8181818181818182,0.5806451612903226
522529,BBB,2013J,0.1,0.1111111111111111,0.10526315789473685
522561,GGG,2013J,0.65,0.65,0.65
522572,DDD,2013B,0.05,0.03125,0.038461538461538464
522622,BBB,2013J,0.1,0.25,0.14285714285714288
522654,DDD,2013B,0.0,0.0,0.0
522708,CCC,2014J,0.0,0.0,0.0
522714,BBB,2013J,0.25,0.23809523809523808,0.24390243902439024
522718,FFF,2013B,0.05,0.05555555555555555,0.052631578947368425
522731,GGG,2013J,0.1,0.3333333333333333,0.15384615384615383
522740,FFF,2013J,0.0,0.0,0.0
522743,FFF,2013B,0.05,0.1111111111111111,0.06896551724137932
522754,CCC,2014J,0.0,0.0,0.0
522777,DDD,2013J,0.25,0.10416666666666667,0.14705882352941177
522792,BBB,2013J,0.2,0.11764705882352941,0.14814814814814817
522840,DDD,2014B,0.5,0.16129032258064516,0.24390243902439024
522850,FFF,2013B,0.35,0.1590909090909091,0.21875
522859,FFF,2013B,0.05,0.025,0.03333333333333333
522878,DDD,2013B,0.05,0.05555555555555555,0.052631578947368425
522889,BBB,2013J,0.25,0.22727272727272727,0.23809523809523808
522891,BBB,2013J,0.05,0.1,0.06666666666666667
522894,BBB,2013J,0.0,0.0,0.0
522899,BBB,2013J,0.1,0.06896551724137931,0.08163265306122448
522923,FFF,2013B,0.05,0.0625,0.05555555555555556
522994,EEE,2013J,0.2,0.4444444444444444,0.2758620689655173
523012,BBB,2013B,0.1,0.2222222222222222,0.13793103448275865
523017,FFF,2014J,0.1,0.15384615384615385,0.12121212121212123
523047,DDD,2013J,0.0,0.0,0.0
523061,CCC,2014B,0.05,0.038461538461538464,0.043478260869565216
523061,EEE,2014B,0.05,0.25,0.08333333333333334
523079,CCC,2014B,0.1,0.16666666666666666,0.125
523132,BBB,2014J,0.2,0.15384615384615385,0.17391304347826086
523142,FFF,2013B,0.6,0.2926829268292683,0.39344262295081966
523169,EEE,2013J,0.05,0.3333333333333333,0.08695652173913045
523247,BBB,2014B,0.0,0.0,0.0
523248,DDD,2013J,0.0,0.0,0.0
523249,FFF,2014J,0.15,0.13043478260869565,0.13953488372093023
523335,FFF,2013B,0.4,0.4444444444444444,0.4210526315789474
523392,DDD,2013B,0.1,0.16666666666666666,0.125
523466,BBB,2013J,0.2,0.2857142857142857,0.23529411764705882
523545,BBB,2013J,0.3,0.6,0.4
523596,BBB,2013B,0.05,0.2,0.08000000000000002
523599,FFF,2013J,0.0,0.0,0.0
523630,BBB,2013B,0.0,0.0,0.0
523655,BBB,2013J,0.15,0.42857142857142855,0.2222222222222222
523672,BBB,2013B,0.1,0.6666666666666666,0.1739130434782609
523680,FFF,2013J,0.35,0.125,0.18421052631578946
523700,FFF,2013B,0.1,0.13333333333333333,0.1142857142857143
523762,CCC,2014J,0.0,0.0,0.0
523762,DDD,2014J,0.05,0.1,0.06666666666666667
523803,GGG,2013J,0.3,0.35294117647058826,0.3243243243243243
523833,FFF,2013B,0.35,0.11864406779661017,0.17721518987341772
523857,BBB,2013J,0.65,0.35135135135135137,0.456140350877193
523857,DDD,2014B,0.25,0.14285714285714285,0.18181818181818182
523872,CCC,2014J,0.0,0.0,0.0
523872,EEE,2014J,0.25,0.38461538461538464,0.30303030303030304
523875,BBB,2013J,0.2,0.13333333333333333,0.16
523905,BBB,2014J,0.3,0.375,0.33333333333333326
523928,BBB,2013J,0.2,0.4444444444444444,0.2758620689655173
523940,FFF,2013B,0.1,0.1111111111111111,0.10526315789473685
523944,CCC,2014J,0.2,0.14814814814814814,0.1702127659574468
523966,BBB,2013B,0.0,0.0,0.0
523971,FFF,2013J,0.15,0.15789473684210525,0.15384615384615385
523978,DDD,2014B,0.3,0.21428571428571427,0.25
524043,BBB,2014J,0.05,0.25,0.08333333333333334
524109,DDD,2014B,0.05,0.2,0.08000000000000002
524128,CCC,2014B,0.3,0.17142857142857143,0.21818181818181817
524137,DDD,2014B,0.2,0.06557377049180328,0.09876543209876544
524160,DDD,2013B,0.0,0.0,0.0
524175,DDD,2013B,0.25,0.13157894736842105,0.1724137931034483
524227,FFF,2013B,0.25,0.2,0.22222222222222224
524261,DDD,2013B,0.05,0.2,0.08000000000000002
524261,DDD,2013J,0.0,0.0,0.0
524290,BBB,2014B,0.0,0.0,0.0
524295,CCC,2014B,0.3,0.2222222222222222,0.25531914893617025
524296,FFF,2014B,0.05,0.25,0.08333333333333334
524361,FFF,2013B,0.55,0.28205128205128205,0.3728813559322034
524369,DDD,2013B,0.0,0.0,0.0
524377,FFF,2013B,0.35,0.21212121212121213,0.26415094339622636
524378,CCC,2014B,0.1,0.18181818181818182,0.12903225806451613
524378,DDD,2013B,0.1,0.13333333333333333,0.1142857142857143
524396,DDD,2013B,0.05,0.045454545454545456,0.04761904761904762
524407,FFF,2013J,0.3,0.10344827586206896,0.15384615384615385
524427,DDD,2014J,0.1,0.13333333333333333,0.1142857142857143
524452,BBB,2013B,0.1,0.15384615384615385,0.12121212121212123
524466,FFF,2013B,0.05,0.03571428571428571,0.041666666666666664
524575,DDD,2013J,0.35,0.0945945945945946,0.14893617021276595
524631,EEE,2013J,0.05,1.0,0.09523809523809523
524711,DDD,2013J,0.0,0.0,0.0
524790,BBB,2013J,0.1,0.10526315789473684,0.10256410256410256
524791,DDD,2013J,0.15,0.06,0.08571428571428572
524825,FFF,2013B,0.5,0.2631578947368421,0.3448275862068966
524845,FFF,2013J,0.05,0.030303030303030304,0.03773584905660378
524938,FFF,2013J,0.2,0.11764705882352941,0.14814814814814817
524974,FFF,2013J,0.6,0.36363636363636365,0.4528301886792453
525068,DDD,2014J,0.25,0.2,0.22222222222222224
525217,EEE,2014J,0.35,0.6363636363636364,0.45161290322580644
525246,EEE,2013J,0.25,0.625,0.35714285714285715
525332,CCC,2014B,0.0,0.0,0.0
525332,EEE,2014B,0.1,0.4,0.16000000000000003
525412,DDD,2014B,0.05,0.07142857142857142,0.058823529411764705
525412,FFF,2013B,0.0,0.0,0.0
525456,DDD,2013J,0.2,0.11764705882352941,0.14814814814814817
525469,FFF,2013B,0.1,0.06666666666666667,0.08
525472,DDD,2013J,0.2,0.125,0.15384615384615385
525501,BBB,2013B,0.0,0.0,0.0
525512,FFF,2013B,0.1,0.09090909090909091,0.09523809523809525
525520,BBB,2013B,0.05,0.1,0.06666666666666667
525624,FFF,2013B,0.2,0.03418803418803419,0.05839416058394161
525625,EEE,2014J,0.35,0.4666666666666667,0.4
525632,FFF,2013B,0.1,0.09523809523809523,0.0975609756097561
525635,DDD,2014B,0.05,0.058823529411764705,0.05405405405405405
525679,BBB,2013B,0.05,1.0,0.09523809523809523
525683,BBB,2013B,0.0,0.0,0.0
525700,FFF,2013B,0.3,0.15,0.2
525703,EEE,2013J,0.2,0.6666666666666666,0.30769230769230765
525749,DDD,2013B,0.05,0.05,0.05000000000000001
525820,DDD,2013B,0.05,0.058823529411764705,0.05405405405405405
525832,CCC,2014B,0.05,0.05555555555555555,0.052631578947368425
525870,DDD,2014J,0.1,0.13333333333333333,0.1142857142857143
525885,BBB,2013J,0.05,0.25,0.08333333333333334
525942,BBB,2013B,0.2,0.25,0.22222222222222224
525942,BBB,2014B,0.0,0.0,0.0
525974,BBB,2013J,0.2,0.25,0.22222222222222224
526051,EEE,2014B,0.35,0.4117647058823529,0.37837837837837834
526068,DDD,2013B,0.2,0.125,0.15384615384615385
526073,EEE,2013J,0.05,0.5,0.09090909090909091
526132,CCC,2014J,0.0,0.0,0.0
526151,FFF,2013B,0.25,0.08771929824561403,0.12987012987012986
526158,DDD,2013J,0.0,0.0,0.0
526177,BBB,2013J,0.05,0.3333333333333333,0.08695652173913045
526235,CCC,2014B,0.0,0.0,0.0
526235,CCC,2014J,0.0,0.0,0.0
526242,DDD,2013J,0.2,0.10810810810810811,0.14035087719298245
526285,BBB,2014B,0.1,0.3333333333333333,0.15384615384615383
526303,FFF,2014B,0.3,0.1935483870967742,0.23529411764705882
526352,DDD,2014J,0.1,0.08333333333333333,0.0909090909090909
526370,BBB,2013B,0.0,0.0,0.0
526417,FFF,2013B,0.25,0.16129032258064516,0.19607843137254902
526441,CCC,2014J,0.2,0.16,0.17777777777777778
526549,FFF,2013B,0.15,0.14285714285714285,0.14634146341463414
526551,FFF,2013B,0.15,0.08823529411764706,0.11111111111111112
526559,FFF,2013B,0.25,0.1,0.14285714285714288
526564,CCC,2014B,0.05,0.14285714285714285,0.07407407407407408
526589,FFF,2013B,0.15,0.08823529411764706,0.11111111111111112
526601,FFF,2013J,0.15,0.12,0.1333333333333333
526679,DDD,2013J,0.15,0.08571428571428572,0.10909090909090909
526721,FFF,2014J,0.25,0.10416666666666667,0.14705882352941177
526741,CCC,2014J,0.1,0.18181818181818182,0.12903225806451613
526761,FFF,2013B,0.0,0.0,0.0
526818,FFF,2013B,0.15,0.21428571428571427,0.1764705882352941
526819,FFF,2013B,0.1,0.05555555555555555,0.07142857142857142
526819,FFF,2014J,0.35,0.15555555555555556,0.21538461538461537
526821,FFF,2014B,0.05,0.037037037037037035,0.0425531914893617
526876,CCC,2014B,0.2,0.3076923076923077,0.24242424242424246
526896,FFF,2013B,0.25,0.14705882352941177,0.18518518518518517
526912,DDD,2014J,0.0,0.0,0.0
526927,CCC,2014B,0.0,0.0,0.0
526927,FFF,2013B,0.5,0.1111111111111111,0.1818181818181818
526980,FFF,2013B,0.0,0.0,0.0
527020,BBB,2013B,0.05,0.5,0.09090909090909091
527100,AAA,2014J,0.4,0.3076923076923077,0.34782608695652173
527148,FFF,2013J,0.2,0.21052631578947367,0.20512820512820512
527164,BBB,2013B,0.05,0.125,0.07142857142857144
527225,FFF,2013B,0.1,0.05714285714285714,0.07272727272727272
527227,BBB,2013B,0.2,0.25,0.22222222222222224
527306,DDD,2013B,0.0,0.0,0.0
527323,DDD,2013B,0.0,0.0,0.0
527323,DDD,2014B,0.05,0.25,0.08333333333333334
527393,BBB,2013J,0.1,0.25,0.14285714285714288
527427,DDD,2013J,0.05,0.1,0.06666666666666667
527494,FFF,2013J,0.05,0.041666666666666664,0.04545454545454545
527538,GGG,2014J,0.4,0.47058823529411764,0.4324324324324324
527574,DDD,2013J,0.1,0.06896551724137931,0.08163265306122448
527580,BBB,2013J,0.15,0.23076923076923078,0.18181818181818185
527622,FFF,2013B,0.15,0.125,0.13636363636363635
527685,FFF,2013B,0.1,0.2,0.13333333333333333
527713,FFF,2013J,0.3,0.12244897959183673,0.17391304347826086
527742,GGG,2013J,0.1,0.4,0.16000000000000003
527751,DDD,2013J,0.6,0.16901408450704225,0.26373626373626374
527799,BBB,2013J,0.15,0.0967741935483871,0.11764705882352941
527801,AAA,2014J,0.0,0.0,0.0
527826,CCC,2014B,0.05,0.05,0.05000000000000001
527886,BBB,2013B,0.0,0.0,0.0
527917,DDD,2013B,0.25,0.15625,0.19230769230769232
527954,DDD,2013J,0.15,0.1111111111111111,0.12765957446808512
527958,CCC,2014J,0.15,0.6,0.24
527964,CCC,2014B,0.1,0.16666666666666666,0.125
527980,BBB,2013B,0.2,0.25,0.22222222222222224
527991,FFF,2013B,0.05,0.5,0.09090909090909091
528021,EEE,2013J,0.2,0.4,0.26666666666666666
528034,DDD,2013B,0.0,0.0,0.0
528066,CCC,2014B,0.3,0.1875,0.23076923076923075
528075,FFF,2013B,0.05,0.04,0.044444444444444446
528083,EEE,2013J,0.25,0.5,0.3333333333333333
528161,BBB,2013B,0.05,0.5,0.09090909090909091
528184,DDD,2013B,0.0,0.0,0.0
528250,BBB,2013B,0.05,0.04,0.044444444444444446
528261,BBB,2013B,0.2,0.23529411764705882,0.2162162162162162
528351,FFF,2013B,0.2,0.0975609756097561,0.13114754098360656
528353,BBB,2013B,0.15,0.11538461538461539,0.13043478260869565
528432,BBB,2014J,0.05,0.5,0.09090909090909091
528464,BBB,2013J,0.05,0.08333333333333333,0.0625
528467,DDD,2013J,0.05,0.1,0.06666666666666667
528506,CCC,2014J,0.0,0.0,0.0
528506,FFF,2013J,0.05,0.058823529411764705,0.05405405405405405
528509,FFF,2013B,0.4,0.15384615384615385,0.2222222222222222
528515,GGG,2013J,0.05,0.125,0.07142857142857144
528517,FFF,2013B,0.25,0.1388888888888889,0.17857142857142858
528535,DDD,2014J,0.0,0.0,0.0
528551,DDD,2013J,0.2,0.0975609756097561,0.13114754098360656
528559,FFF,2013J,0.15,0.10344827586206896,0.12244897959183673
528649,BBB,2013B,0.1,0.2857142857142857,0.14814814814814817
528698,BBB,2013B,0.25,0.18518518518518517,0.2127659574468085
528713,FFF,2013B,0.05,1.0,0.09523809523809523
528713,FFF,2014B,0.0,0.0,0.0
528734,FFF,2013B,0.2,0.08333333333333333,0.11764705882352941
528846,DDD,2013B,0.1,0.125,0.11111111111111112
528892,CCC,2014B,0.0,0.0,0.0
528892,DDD,2013J,0.2,0.16666666666666666,0.1818181818181818
528904,BBB,2013B,0.1,0.125,0.11111111111111112
528971,DDD,2013J,0.05,0.0625,0.05555555555555556
528992,FFF,2013B,0.05,0.037037037037037035,0.0425531914893617
529025,CCC,2014B,0.0,0.0,0.0
529025,DDD,2013B,0.1,0.08333333333333333,0.0909090909090909
529030,FFF,2013B,0.0,0.0,0.0
529065,BBB,2013B,0.0,0.0,0.0
529078,CCC,2014B,0.3,0.2857142857142857,0.2926829268292683
529078,DDD,2013B,0.25,0.1111111111111111,0.15384615384615383
529097,FFF,2013B,0.0,0.0,0.0
529174,BBB,2013B,0.15,0.375,0.21428571428571425
529175,FFF,2013B,0.05,0.1,0.06666666666666667
529190,DDD,2014B,0.05,0.043478260869565216,0.046511627906976744
529197,FFF,2013J,0.15,0.12,0.1333333333333333
529201,FFF,2013J,0.2,0.14814814814814814,0.1702127659574468
529211,FFF,2013J,0.05,0.125,0.07142857142857144
529212,BBB,2013B,0.05,0.06666666666666667,0.05714285714285715
529226,DDD,2013J,0.15,0.09375,0.11538461538461538
529240,FFF,2013B,0.15,0.07692307692307693,0.1016949152542373
529287,EEE,2014J,0.0,0.0,0.0
529297,FFF,2013B,0.05,0.07142857142857142,0.058823529411764705
529304,EEE,2014B,0.0,0.0,0.0
529309,FFF,2013J,0.15,0.17647058823529413,0.16216216216216214
529349,FFF,2013B,0.55,0.1506849315068493,0.23655913978494625
529366,FFF,2013B,0.1,0.08333333333333333,0.0909090909090909
529404,DDD,2013B,0.1,0.1,0.10000000000000002
529434,CCC,2014B,0.0,0.0,0.0
529438,BBB,2014B,0.15,0.2,0.17142857142857143
529446,BBB,2013B,0.15,0.14285714285714285,0.14634146341463414
529452,BBB,2013B,0.05,0.09090909090909091,0.06451612903225806
529486,FFF,2013B,0.2,0.13793103448275862,0.16326530612244897
529493,FFF,2013B,0.4,0.17391304347826086,0.24242424242424243
529502,BBB,2013B,0.05,0.05,0.05000000000000001
529512,EEE,2013J,0.3,0.75,0.4285714285714285
529522,DDD,2013J,0.25,0.38461538461538464,0.30303030303030304
529561,FFF,2013B,0.1,0.11764705882352941,0.1081081081081081
529563,FFF,2013B,0.1,0.1111111111111111,0.10526315789473685
529565,FFF,2013B,0.05,0.045454545454545456,0.04761904761904762
529566,FFF,2013B,0.05,0.0625,0.05555555555555556
529567,FFF,2013B,0.05,0.043478260869565216,0.046511627906976744
529569,FFF,2013B,0.05,0.07692307692307693,0.060606060606060615
529597,BBB,2013J,0.05,1.0,0.09523809523809523
529644,FFF,2013B,0.2,0.21052631578947367,0.20512820512820512
529670,EEE,2014J,0.4,0.6666666666666666,0.5
529689,FFF,2013B,0.25,0.1,0.14285714285714288
529693,FFF,2014J,0.3,0.14285714285714285,0.19354838709677416
529723,FFF,2013J,0.3,0.24,0.2666666666666666
529762,FFF,2013B,0.15,0.13636363636363635,0.14285714285714282
529834,FFF,2013B,0.25,0.13157894736842105,0.1724137931034483
529862,FFF,2013J,0.3,0.1016949152542373,0.1518987341772152
529863,DDD,2013B,0.1,0.05714285714285714,0.07272727272727272
529864,FFF,2013B,0.05,0.05263157894736842,0.05128205128205128
529868,DDD,2013J,0.2,0.07017543859649122,0.10389610389610389
529870,FFF,2013B,0.2,0.13793103448275862,0.16326530612244897
529871,FFF,2013B,0.2,0.12903225806451613,0.1568627450980392
529991,FFF,2013B,0.1,0.08333333333333333,0.0909090909090909
529991,FFF,2014J,0.2,0.19047619047619047,0.1951219512195122
530043,FFF,2013J,0.35,0.14583333333333334,0.20588235294117646
530057,FFF,2013B,0.15,0.15789473684210525,0.15384615384615385
530065,BBB,2013B,0.1,0.5,0.16666666666666669
530087,EEE,2014J,0.4,0.6153846153846154,0.4848484848484849
530148,FFF,2014J,0.15,0.13636363636363635,0.14285714285714282
530159,FFF,2013J,0.3,0.17647058823529413,0.22222222222222224
530226,BBB,2013B,0.15,0.0967741935483871,0.11764705882352941
530234,DDD,2013B,0.0,0.0,0.0
530296,FFF,2013B,0.15,0.10714285714285714,0.125
530344,FFF,2013B,0.05,0.019230769230769232,0.027777777777777776
530360,EEE,2013J,0.05,1.0,0.09523809523809523
530445,FFF,2013B,0.05,0.04,0.044444444444444446
530487,BBB,2013J,0.0,0.0,0.0
530514,BBB,2013J,0.1,0.6666666666666666,0.1739130434782609
530558,FFF,2013B,0.15,0.1111111111111111,0.12765957446808512
530567,FFF,2013B,0.15,0.2,0.17142857142857143
530650,CCC,2014B,0.15,0.10714285714285714,0.125
530663,CCC,2014J,0.05,0.2,0.08000000000000002
530669,BBB,2013B,0.15,0.23076923076923078,0.18181818181818185
530736,FFF,2013B,0.2,0.08333333333333333,0.11764705882352941
530748,DDD,2013B,0.0,0.0,0.0
530765,EEE,2013J,0.2,0.4,0.26666666666666666
530772,BBB,2014J,0.05,0.1,0.06666666666666667
530802,FFF,2013B,0.15,0.0967741935483871,0.11764705882352941
530841,BBB,2013J,0.15,0.5,0.23076923076923075
530862,FFF,2013B,0.15,0.06976744186046512,0.09523809523809525
530940,FFF,2013J,0.3,0.11538461538461539,0.16666666666666669
530941,BBB,2014J,0.2,0.26666666666666666,0.2285714285714286
530944,FFF,2013B,0.15,0.16666666666666666,0.15789473684210525
530967,DDD,2013J,0.25,0.17857142857142858,0.20833333333333331
530987,BBB,2013B,0.15,0.23076923076923078,0.18181818181818185
531018,FFF,2014J,0.4,0.12698412698412698,0.19277108433734938
531047,DDD,2013B,0.25,0.125,0.16666666666666666
531069,DDD,2014B,0.0,0.0,0.0
531075,DDD,2013B,0.0,0.0,0.0
531077,FFF,2013B,0.2,0.0975609756097561,0.13114754098360656
531124,FFF,2013B,0.0,0.0,0.0
531182,FFF,2013B,0.15,0.23076923076923078,0.18181818181818185
531190,FFF,2013B,0.1,0.06666666666666667,0.08
531202,DDD,2013B,0.25,0.1,0.14285714285714288
531224,GGG,2013J,0.35,0.6363636363636364,0.45161290322580644
531234,DDD,2014B,0.05,0.034482758620689655,0.04081632653061224
531270,FFF,2013B,0.15,0.08108108108108109,0.10526315789473685
531294,FFF,2013B,0.0,0.0,0.0
531340,DDD,2014B,0.0,0.0,0.0
531384,BBB,2013J,0.4,0.27586206896551724,0.32653061224489793
531402,DDD,2013J,0.3,0.10714285714285714,0.15789473684210525
531427,BBB,2013B,0.05,1.0,0.09523809523809523
531450,BBB,2014J,0.2,0.2857142857142857,0.23529411764705882
531573,BBB,2013B,0.0,0.0,0.0
531629,FFF,2013B,0.25,0.1724137931034483,0.20408163265306123
531643,BBB,2013J,0.35,0.4117647058823529,0.37837837837837834
531646,DDD,2014J,0.05,0.041666666666666664,0.04545454545454545
531709,FFF,2013B,0.2,0.125,0.15384615384615385
531753,BBB,2014J,0.3,0.24,0.2666666666666666
531755,BBB,2014B,0.0,0.0,0.0
531787,DDD,2013B,0.15,0.11538461538461539,0.13043478260869565
531865,BBB,2014J,0.2,0.2857142857142857,0.23529411764705882
531871,FFF,2014J,0.4,0.25806451612903225,0.3137254901960784
531896,CCC,2014J,0.15,0.23076923076923078,0.18181818181818185
531905,FFF,2013B,0.15,0.13043478260869565,0.13953488372093023
531924,DDD,2013B,0.05,0.03333333333333333,0.04
532020,CCC,2014B,0.4,0.18604651162790697,0.25396825396825395
532020,DDD,2013J,0.2,0.16,0.17777777777777778
532050,FFF,2013B,0.0,0.0,0.0
532116,DDD,2013J,0.2,0.11428571428571428,0.14545454545454545
532121,FFF,2013J,0.2,0.14285714285714285,0.16666666666666666
532140,BBB,2013B,0.0,0.0,0.0
532144,DDD,2013J,0.1,0.05555555555555555,0.07142857142857142
532236,DDD,2014J,0.25,0.22727272727272727,0.23809523809523808
532254,FFF,2014J,0.2,0.14814814814814814,0.1702127659574468
532335,BBB,2013J,0.3,0.20689655172413793,0.24489795918367346
532350,CCC,2014B,0.1,0.2222222222222222,0.13793103448275865
532413,FFF,2014B,0.15,0.1111111111111111,0.12765957446808512
532428,FFF,2013B,0.05,0.09090909090909091,0.06451612903225806
532436,FFF,2013B,0.25,0.08064516129032258,0.12195121951219512
532440,CCC,2014J,0.1,0.18181818181818182,0.12903225806451613
532477,BBB,2013J,0.0,0.0,0.0
532491,DDD,2013B,0.05,0.05263157894736842,0.05128205128205128
532491,EEE,2013J,0.35,0.7777777777777778,0.48275862068965514
532512,BBB,2013B,0.0,0.0,0.0
532531,CCC,2014B,0.0,0.0,0.0
532531,EEE,2014B,0.0,0.0,0.0
532565,CCC,2014J,0.1,0.4,0.16000000000000003
532565,DDD,2013B,0.2,0.10526315789473684,0.13793103448275862
532578,FFF,2013B,0.05,0.05,0.05000000000000001
532579,EEE,2014J,0.45,0.8181818181818182,0.5806451612903226
532579,FFF,2013B,0.45,0.125,0.1956521739130435
532589,FFF,2013B,0.5,0.22727272727272727,0.3125
532608,FFF,2013B,0.35,0.1206896551724138,0.1794871794871795
532615,BBB,2013J,0.15,0.1875,0.16666666666666663
532617,BBB,2014B,0.0,0.0,0.0
532627,FFF,2013B,0.15,0.09090909090909091,0.11320754716981132
532665,BBB,2013B,0.05,0.5,0.09090909090909091
532695,DDD,2013B,0.0,0.0,0.0
532715,FFF,2013B,0.0,0.0,0.0
532718,CCC,2014B,0.0,0.0,0.0
532718,DDD,2013B,0.1,0.16666666666666666,0.125
532739,BBB,2013J,0.1,0.2222222222222222,0.13793103448275865
532741,FFF,2013J,0.0,0.0,0.0
532745,DDD,2013B,0.1,0.07142857142857142,0.08333333333333333
532750,BBB,2013J,0.2,0.23529411764705882,0.2162162162162162
532779,BBB,2014J,0.2,0.25,0.22222222222222224
532846,EEE,2014J,0.1,0.5,0.16666666666666669
532855,DDD,2013B,0.1,0.1111111111111111,0.10526315789473685
532868,BBB,2013J,0.2,0.26666666666666666,0.2285714285714286
532869,BBB,2013J,0.05,0.0625,0.05555555555555556
532886,BBB,2013B,0.0,0.0,0.0
532950,BBB,2013B,0.0,0.0,0.0
532968,FFF,2013B,0.55,0.19298245614035087,0.2857142857142857
533004,DDD,2013B,0.15,0.1875,0.16666666666666663
533012,EEE,2013J,0.05,0.5,0.09090909090909091
533016,FFF,2013B,0.0,0.0,0.0
533044,FFF,2013B,0.25,0.21739130434782608,0.23255813953488372
533054,GGG,2014B,0.2,0.5,0.28571428571428575
533068,AAA,2014J,0.15,0.3,0.2
533077,BBB,2014B,0.0,0.0,0.0
533091,BBB,2013J,0.1,0.6666666666666666,0.1739130434782609
533134,FFF,2013B,0.1,0.06666666666666667,0.08
533140,FFF,2014B,0.05,1.0,0.09523809523809523
533172,FFF,2013B,0.15,0.1875,0.16666666666666663
533201,FFF,2013B,0.25,0.2,0.22222222222222224
533209,BBB,2014J,0.35,0.3181818181818182,0.3333333333333333
533210,BBB,2014B,0.05,0.16666666666666666,0.07692307692307691
533217,FFF,2014B,0.2,0.11428571428571428,0.14545454545454545
533291,DDD,2013B,0.0,0.0,0.0
533301,BBB,2013J,0.2,0.23529411764705882,0.2162162162162162
533311,EEE,2013J,0.15,0.6,0.24
533321,FFF,2013B,0.5,0.17857142857142858,0.2631578947368421
533324,BBB,2013B,0.1,0.5,0.16666666666666669
533347,BBB,2013B,0.1,0.18181818181818182,0.12903225806451613
533418,FFF,2014J,0.3,0.12,0.17142857142857143
533485,FFF,2013B,0.35,0.20588235294117646,0.25925925925925924
533512,CCC,2014J,0.0,0.0,0.0
533523,FFF,2013J,0.2,0.19047619047619047,0.1951219512195122
533527,BBB,2014B,0.1,0.5,0.16666666666666669
533535,FFF,2013B,0.1,0.034482758620689655,0.05128205128205129
533545,BBB,2013B,0.0,0.0,0.0
533614,FFF,2013B,0.55,0.36666666666666664,0.43999999999999995
533689,CCC,2014J,0.0,0.0,0.0
533722,BBB,2013B,0.0,0.0,0.0
533839,BBB,2013B,0.1,0.4,0.16000000000000003
533877,DDD,2013B,0.45,0.19148936170212766,0.26865671641791045
533929,FFF,2013B,0.1,0.043478260869565216,0.06060606060606061
533975,FFF,2013J,0.2,0.08888888888888889,0.12307692307692307
533988,DDD,2013J,0.1,0.04878048780487805,0.06557377049180328
533997,FFF,2013B,0.1,0.3333333333333333,0.15384615384615383
534037,FFF,2013B,0.25,0.22727272727272727,0.23809523809523808
534051,BBB,2013B,0.0,0.0,0.0
534064,FFF,2013B,0.0,0.0,0.0
534086,BBB,2013B,0.05,0.3333333333333333,0.08695652173913045
534093,CCC,2014J,0.25,0.18518518518518517,0.2127659574468085
534093,DDD,2013J,0.2,0.10526315789473684,0.13793103448275862
534112,FFF,2014J,0.05,0.5,0.09090909090909091
534133,BBB,2013J,0.15,0.16666666666666666,0.15789473684210525
534163,BBB,2014B,0.0,0.0,0.0
534201,DDD,2014B,0.05,0.09090909090909091,0.06451612903225806
534203,DDD,2013B,0.15,0.1111111111111111,0.12765957446808512
534251,GGG,2013J,0.4,0.7272727272727273,0.5161290322580645
534323,BBB,2013J,0.3,0.21428571428571427,0.25
534343,BBB,2013B,0.15,0.15,0.15
534346,FFF,2013B,0.0,0.0,0.0
534360,BBB,2013B,0.1,0.3333333333333333,0.15384615384615383
534371,EEE,2013J,0.5,0.7142857142857143,0.588235294117647
534373,BBB,2013B,0.05,0.058823529411764705,0.05405405405405405
534428,BBB,2014J,0.0,0.0,0.0
534431,FFF,2013B,0.25,0.16666666666666666,0.2
534432,BBB,2013B,0.1,0.15384615384615385,0.12121212121212123
534457,FFF,2014J,0.1,0.11764705882352941,0.1081081081081081
534602,FFF,2013B,0.25,0.16129032258064516,0.19607843137254902
534652,BBB,2013B,0.15,0.3,0.2
534672,GGG,2014J,0.2,0.36363636363636365,0.25806451612903225
534698,BBB,2013B,0.0,0.0,0.0
534709,BBB,2013B,0.1,0.2222222222222222,0.13793103448275865
534715,BBB,2014J,0.35,0.2916666666666667,0.31818181818181823
534733,CCC,2014J,0.1,0.13333333333333333,0.1142857142857143
534750,FFF,2013B,0.05,0.25,0.08333333333333334
534765,BBB,2013B,0.0,0.0,0.0
534784,FFF,2013B,0.1,0.09090909090909091,0.09523809523809525
534792,FFF,2013B,0.3,0.11764705882352941,0.16901408450704228
534816,BBB,2013J,0.1,0.2857142857142857,0.14814814814814817
534854,FFF,2013B,0.0,0.0,0.0
534856,FFF,2013B,0.1,0.14285714285714285,0.11764705882352941
534892,FFF,2013B,0.05,0.05,0.05000000000000001
534910,DDD,2013B,0.05,0.058823529411764705,0.05405405405405405
534913,FFF,2013B,0.2,0.3076923076923077,0.24242424242424246
534946,BBB,2013J,0.05,0.2,0.08000000000000002
534952,FFF,2013B,0.1,0.08,0.08888888888888889
534958,FFF,2013B,0.1,0.07692307692307693,0.08695652173913043
534983,BBB,2013B,0.05,0.3333333333333333,0.08695652173913045
534989,FFF,2013B,0.35,0.21212121212121213,0.26415094339622636
534991,BBB,2013B,0.05,0.3333333333333333,0.08695652173913045
534998,BBB,2013J,0.2,0.21052631578947367,0.20512820512820512
535012,BBB,2013B,0.0,0.0,0.0
535037,FFF,2013B,0.65,0.19402985074626866,0.29885057471264365
535047,CCC,2014B,0.05,0.5,0.09090909090909091
535077,BBB,2014B,0.0,0.0,0.0
535131,FFF,2013J,0.15,0.08571428571428572,0.10909090909090909
535140,BBB,2013B,0.0,0.0,0.0
535145,BBB,2013B,0.05,0.06666666666666667,0.05714285714285715
535161,CCC,2014J,0.05,0.05555555555555555,0.052631578947368425
535161,DDD,2013J,0.15,0.11538461538461539,0.13043478260869565
535215,DDD,2013B,0.1,0.11764705882352941,0.1081081081081081
535220,DDD,2014J,0.1,0.2222222222222222,0.13793103448275865
535259,CCC,2014J,0.0,0.0,0.0
535259,EEE,2013J,0.4,0.8888888888888888,0.5517241379310346
535328,BBB,2013B,0.1,0.25,0.14285714285714288
535379,BBB,2013J,0.15,0.5,0.23076923076923075
535407,BBB,2013B,0.05,0.3333333333333333,0.08695652173913045
535424,DDD,2013B,0.15,0.1875,0.16666666666666663
535460,FFF,2013B,0.25,0.29411764705882354,0.27027027027027023
535468,BBB,2013B,0.05,0.05263157894736842,0.05128205128205128
535506,BBB,2014B,0.2,0.2222222222222222,0.2105263157894737
535530,BBB,2013B,0.15,0.375,0.21428571428571425
535548,BBB,2014B,0.05,0.16666666666666666,0.07692307692307691
535605,BBB,2013B,0.0,0.0,0.0
535628,FFF,2013B,0.0,0.0,0.0
535632,DDD,2013J,0.1,0.2857142857142857,0.14814814814814817
535648,CCC,2014J,0.25,0.5555555555555556,0.3448275862068966
535662,FFF,2013B,0.2,0.19047619047619047,0.1951219512195122
535671,FFF,2014J,0.35,0.12727272727272726,0.18666666666666665
535755,BBB,2013B,0.15,0.3,0.2
535760,BBB,2013B,0.05,0.25,0.08333333333333334
535773,BBB,2013B,0.0,0.0,0.0
535794,DDD,2013J,0.15,0.1,0.12
535799,DDD,2013B,0.1,0.0625,0.07692307692307693
535800,BBB,2013B,0.05,0.1,0.06666666666666667
535804,FFF,2013B,0.3,0.13333333333333333,0.18461538461538463
535807,BBB,2013B,0.3,0.75,0.4285714285714285
535820,BBB,2013B,0.0,0.0,0.0
535831,DDD,2013B,0.05,0.047619047619047616,0.04878048780487805
535833,BBB,2013J,0.1,0.2857142857142857,0.14814814814814817
535963,BBB,2014J,0.3,0.3,0.3
535986,DDD,2013B,0.15,0.06382978723404255,0.08955223880597013
536032,DDD,2013B,0.0,0.0,0.0
536103,FFF,2013J,0.0,0.0,0.0
536112,BBB,2013B,0.05,0.1,0.06666666666666667
536125,FFF,2013B,0.05,0.05263157894736842,0.05128205128205128
536170,CCC,2014B,0.25,0.16129032258064516,0.19607843137254902
536170,DDD,2013B,0.1,0.03571428571428571,0.05263157894736841
536178,FFF,2013B,0.15,0.08571428571428572,0.10909090909090909
536188,BBB,2013B,0.05,0.2,0.08000000000000002
536189,BBB,2013B,0.0,0.0,0.0
536199,DDD,2013J,0.05,0.09090909090909091,0.06451612903225806
536205,BBB,2013B,0.05,0.14285714285714285,0.07407407407407408
536214,FFF,2013B,0.05,0.09090909090909091,0.06451612903225806
536261,CCC,2014B,0.0,0.0,0.0
536261,DDD,2013B,0.0,0.0,0.0
536276,CCC,2014J,0.2,0.2222222222222222,0.2105263157894737
536286,BBB,2014B,0.05,0.08333333333333333,0.0625
536296,DDD,2014J,0.0,0.0,0.0
536318,BBB,2013J,0.15,0.1875,0.16666666666666663
536331,FFF,2013J,0.45,0.24324324324324326,0.3157894736842105
536351,FFF,2014J,0.15,0.13636363636363635,0.14285714285714282
536435,CCC,2014B,0.0,0.0,0.0
536442,BBB,2013B,0.05,0.2,0.08000000000000002
536452,BBB,2013B,0.35,0.25925925925925924,0.29787234042553196
536455,FFF,2013B,0.1,0.09090909090909091,0.09523809523809525
536475,FFF,2014J,0.1,0.11764705882352941,0.1081081081081081
536536,DDD,2013B,0.0,0.0,0.0
536556,FFF,2013B,0.1,0.06896551724137931,0.08163265306122448
536591,FFF,2013B,0.15,0.1,0.12
536593,FFF,2013B,0.1,0.02247191011235955,0.03669724770642202
536629,BBB,2014B,0.05,0.125,0.07142857142857144
536632,BBB,2013J,0.2,0.6666666666666666,0.30769230769230765
536636,FFF,2014B,0.2,0.26666666666666666,0.2285714285714286
536647,GGG,2013J,0.2,0.2857142857142857,0.23529411764705882
536649,BBB,2013J,0.35,0.2916666666666667,0.31818181818181823
536660,BBB,2013J,0.1,0.6666666666666666,0.1739130434782609
536666,BBB,2013J,0.35,0.7777777777777778,0.48275862068965514
536698,FFF,2013B,0.2,0.16666666666666666,0.1818181818181818
536726,BBB,2013B,0.0,0.0,0.0
536805,BBB,2014B,0.15,0.5,0.23076923076923075
536843,FFF,2013B,0.05,1.0,0.09523809523809523
536852,BBB,2013J,0.2,0.6666666666666666,0.30769230769230765
536900,BBB,2013B,0.1,0.15384615384615385,0.12121212121212123
536906,FFF,2013B,0.1,0.125,0.11111111111111112
536926,DDD,2013B,0.15,0.1111111111111111,0.12765957446808512
536930,FFF,2013B,0.0,0.0,0.0
536941,DDD,2014B,0.8,0.09815950920245399,0.17486338797814208
536950,FFF,2013B,0.25,0.25,0.25
536963,FFF,2014J,0.15,0.12,0.1333333333333333
536979,DDD,2013J,0.1,0.2857142857142857,0.14814814814814817
536984,EEE,2014J,0.45,0.47368421052631576,0.46153846153846156
536992,BBB,2013J,0.2,0.3076923076923077,0.24242424242424246
537077,BBB,2014B,0.2,0.18181818181818182,0.1904761904761905
537081,AAA,2014J,0.2,0.26666666666666666,0.2285714285714286
537138,DDD,2013B,0.0,0.0,0.0
537139,DDD,2013B,0.0,0.0,0.0
537162,BBB,2013B,0.0,0.0,0.0
537171,BBB,2014B,0.0,0.0,0.0
537181,GGG,2013J,0.45,0.5294117647058824,0.48648648648648646
537193,BBB,2013B,0.1,0.07692307692307693,0.08695652173913043
537194,BBB,2014J,0.3,0.2727272727272727,0.28571428571428564
537255,BBB,2013B,0.0,0.0,0.0
537259,BBB,2013B,0.3,0.1276595744680851,0.17910447761194026
537322,CCC,2014B,0.1,0.08695652173913043,0.09302325581395349
537322,FFF,2014J,0.35,0.18421052631578946,0.24137931034482757
537328,FFF,2013J,0.1,0.09090909090909091,0.09523809523809525
537342,BBB,2013B,0.2,0.16,0.17777777777777778
537373,BBB,2014B,0.1,0.4,0.16000000000000003
537414,BBB,2013B,0.05,0.16666666666666666,0.07692307692307691
537434,BBB,2013B,0.05,0.037037037037037035,0.0425531914893617
537464,BBB,2013B,0.25,0.16129032258064516,0.19607843137254902
537473,BBB,2013B,0.0,0.0,0.0
537488,BBB,2013B,0.0,0.0,0.0
537515,FFF,2013B,0.15,0.1,0.12
537558,BBB,2013B,0.05,0.1,0.06666666666666667
537572,BBB,2013B,0.2,0.23529411764705882,0.2162162162162162
537577,DDD,2014J,0.4,0.17391304347826086,0.24242424242424243
537603,CCC,2014B,0.05,0.1,0.06666666666666667
537603,DDD,2013B,0.0,0.0,0.0
537622,DDD,2013B,0.0,0.0,0.0
537640,BBB,2014J,0.15,0.25,0.18749999999999997
537645,FFF,2013B,0.15,0.08108108108108109,0.10526315789473685
537654,CCC,2014B,0.05,0.3333333333333333,0.08695652173913045
537654,CCC,2014J,0.4,0.14035087719298245,0.20779220779220778
537656,FFF,2013B,0.1,0.1111111111111111,0.10526315789473685
537658,DDD,2013B,0.05,0.045454545454545456,0.04761904761904762
537662,GGG,2013J,0.2,0.4,0.26666666666666666
537670,GGG,2013J,0.3,0.6,0.4
537672,FFF,2013B,0.15,0.2,0.17142857142857143
537674,FFF,2013B,0.15,0.3,0.2
537679,BBB,2013B,0.05,0.0625,0.05555555555555556
537687,FFF,2013B,0.2,0.10810810810810811,0.14035087719298245
537688,BBB,2013B,0.05,0.09090909090909091,0.06451612903225806
537698,BBB,2014B,0.05,0.1,0.06666666666666667
537703,FFF,2014B,0.35,0.23333333333333334,0.28
537704,BBB,2013B,0.3,0.3157894736842105,0.3076923076923077
537747,DDD,2013J,0.1,0.06666666666666667,0.08
537756,DDD,2014B,0.1,0.14285714285714285,0.11764705882352941
537811,CCC,2014J,0.25,0.23809523809523808,0.24390243902439024
537811,DDD,2013J,0.1,0.07407407407407407,0.0851063829787234
537811,FFF,2014J,0.3,0.10909090909090909,0.16
537868,DDD,2013B,0.1,0.07142857142857142,0.08333333333333333
537875,BBB,2013B,0.0,0.0,0.0
537898,BBB,2013B,0.2,0.21052631578947367,0.20512820512820512
537905,BBB,2013B,0.2,0.11428571428571428,0.14545454545454545
537926,DDD,2013B,0.2,0.2857142857142857,0.23529411764705882
537929,EEE,2013J,0.25,0.7142857142857143,0.37037037037037035
537938,FFF,2014B,0.25,0.20833333333333334,0.22727272727272727
537942,FFF,2013J,0.4,0.1568627450980392,0.22535211267605632
537955,FFF,2013B,0.0,0.0,0.0
537962,DDD,2013J,0.15,0.08333333333333333,0.10714285714285714
537980,FFF,2013B,0.5,0.19607843137254902,0.28169014084507044
537995,FFF,2013B,0.15,0.15,0.15
538040,EEE,2013J,0.0,0.0,0.0
538045,FFF,2013B,0.1,0.16666666666666666,0.125
538202,FFF,2013B,0.15,0.10344827586206896,0.12244897959183673
538210,BBB,2013J,0.4,0.5,0.4444444444444445
538221,BBB,2013B,0.0,0.0,0.0
538251,DDD,2013B,0.25,0.18518518518518517,0.2127659574468085
538611,DDD,2013B,0.0,0.0,0.0
538701,DDD,2013B,0.1,0.09523809523809523,0.0975609756097561
538863,DDD,2013J,0.1,0.06666666666666667,0.08
538887,EEE,2013J,0.1,0.25,0.14285714285714288
538897,BBB,2013B,0.15,0.15789473684210525,0.15384615384615385
538903,DDD,2013J,0.15,0.10714285714285714,0.125
538916,FFF,2013B,0.2,0.17391304347826086,0.18604651162790697
538941,FFF,2013B,0.1,0.08,0.08888888888888889
538942,BBB,2013B,0.0,0.0,0.0
538949,FFF,2013B,0.15,0.1875,0.16666666666666663
538987,BBB,2013B,0.2,0.18181818181818182,0.1904761904761905
539056,BBB,2013B,0.05,0.05555555555555555,0.052631578947368425
539063,EEE,2013J,0.4,0.5,0.4444444444444445
539066,DDD,2013B,0.15,0.05263157894736842,0.0779220779220779
539117,FFF,2013B,0.3,0.17647058823529413,0.22222222222222224
539186,DDD,2014B,0.2,0.4444444444444444,0.2758620689655173
539209,DDD,2013B,0.1,0.06060606060606061,0.07547169811320756
539241,FFF,2013B,0.05,0.06666666666666667,0.05714285714285715
539253,BBB,2013B,0.15,0.23076923076923078,0.18181818181818185
539265,BBB,2013B,0.0,0.0,0.0
539303,BBB,2013B,0.05,0.25,0.08333333333333334
539308,FFF,2013B,0.2,0.26666666666666666,0.2285714285714286
539308,FFF,2014J,0.1,0.09523809523809523,0.0975609756097561
539328,CCC,2014B,0.05,0.1111111111111111,0.06896551724137932
539328,DDD,2013B,0.15,0.2,0.17142857142857143
539332,FFF,2013B,0.05,0.05263157894736842,0.05128205128205128
539345,BBB,2013B,0.1,0.11764705882352941,0.1081081081081081
539359,FFF,2013B,0.1,0.05714285714285714,0.07272727272727272
539364,FFF,2013B,0.75,0.35714285714285715,0.48387096774193544
539365,BBB,2013B,0.15,0.1111111111111111,0.12765957446808512
539385,BBB,2013B,0.15,0.3333333333333333,0.20689655172413793
539418,BBB,2013B,0.0,0.0,0.0
539436,GGG,2013J,0.0,0.0,0.0
539440,FFF,2013B,0.25,0.11627906976744186,0.15873015873015872
539444,FFF,2014B,0.4,0.2857142857142857,0.3333333333333333
539451,CCC,2014J,0.0,0.0,0.0
539451,DDD,2014B,0.0,0.0,0.0
539497,FFF,2013B,0.1,0.058823529411764705,0.07407407407407408
539514,CCC,2014B,0.05,0.125,0.07142857142857144
539514,FFF,2013B,0.5,0.3448275862068966,0.40816326530612246
539558,BBB,2013B,0.05,0.0625,0.05555555555555556
539572,BBB,2013B,0.15,0.2727272727272727,0.19354838709677416
539622,DDD,2013B,0.1,0.10526315789473684,0.10256410256410256
539635,BBB,2014J,0.2,0.16,0.17777777777777778
539643,DDD,2013B,0.05,0.1111111111111111,0.06896551724137932
539675,BBB,2014B,0.05,1.0,0.09523809523809523
539737,BBB,2013B,0.25,0.625,0.35714285714285715
539759,FFF,2013B,0.2,0.10810810810810811,0.14035087719298245
539784,CCC,2014B,0.5,0.4,0.4444444444444445
539894,BBB,2014B,0.05,0.125,0.07142857142857144
539896,FFF,2013B,0.1,0.13333333333333333,0.1142857142857143
539922,FFF,2014B,0.3,0.14285714285714285,0.19354838709677416
539945,FFF,2014J,0.25,0.18518518518518517,0.2127659574468085
539962,BBB,2013B,0.0,0.0,0.0
539963,FFF,2013B,0.15,0.12,0.1333333333333333
539971,CCC,2014B,0.0,0.0,0.0
539990,EEE,2013J,0.0,0.0,0.0
539994,FFF,2013B,0.1,0.10526315789473684,0.10256410256410256
540054,FFF,2013B,0.15,0.06,0.08571428571428572
540055,BBB,2013B,0.05,0.1,0.06666666666666667
540147,FFF,2013B,0.05,0.07692307692307693,0.060606060606060615
540160,FFF,2013B,0.15,0.08333333333333333,0.10714285714285714
540184,BBB,2013B,0.1,0.13333333333333333,0.1142857142857143
540207,DDD,2013B,0.2,0.17391304347826086,0.18604651162790697
540209,FFF,2013B,0.15,0.08108108108108109,0.10526315789473685
540219,EEE,2014J,0.45,0.9,0.6
540224,FFF,2013B,0.1,0.06451612903225806,0.0784313725490196
540249,BBB,2013J,0.5,0.4,0.4444444444444445
540293,BBB,2013J,0.15,0.23076923076923078,0.18181818181818185
540298,DDD,2013B,0.05,0.043478260869565216,0.046511627906976744
540310,DDD,2013B,0.05,0.045454545454545456,0.04761904761904762
540503,FFF,2013J,0.35,0.2,0.2545454545454545
540509,EEE,2014B,0.35,0.7,0.4666666666666667
540511,BBB,2013B,0.1,0.1111111111111111,0.10526315789473685
540513,BBB,2013B,0.05,0.2,0.08000000000000002
540521,BBB,2013J,0.0,0.0,0.0
540530,BBB,2013B,0.0,0.0,0.0
540549,FFF,2013B,0.45,0.34615384615384615,0.3913043478260869
540558,BBB,2014B,0.0,0.0,0.0
540577,FFF,2013B,0.2,0.1,0.13333333333333333
540581,FFF,2013B,0.0,0.0,0.0
540592,DDD,2013B,0.25,0.2631578947368421,0.25641025641025644
540602,BBB,2013J,0.1,0.10526315789473684,0.10256410256410256
540605,DDD,2013B,0.25,0.14285714285714285,0.18181818181818182
540607,BBB,2013B,0.05,0.07692307692307693,0.060606060606060615
540614,BBB,2013B,0.0,0.0,0.0
540637,FFF,2013J,0.2,0.21052631578947367,0.20512820512820512
540656,BBB,2013B,0.0,0.0,0.0
540682,BBB,2013J,0.45,0.2727272727272727,0.339622641509434
540686,CCC,2014B,0.25,0.21739130434782608,0.23255813953488372
540686,DDD,2013B,0.2,0.08695652173913043,0.12121212121212122
540694,DDD,2013B,0.05,0.037037037037037035,0.0425531914893617
540713,FFF,2013B,0.05,0.058823529411764705,0.05405405405405405
540723,FFF,2014J,0.45,0.17647058823529413,0.25352112676056343
540727,FFF,2013B,0.15,0.05454545454545454,0.08
540750,BBB,2013B,0.2,0.3076923076923077,0.24242424242424246
540758,DDD,2013B,0.25,0.11904761904761904,0.16129032258064516
540758,DDD,2014B,0.05,0.021739130434782608,0.030303030303030304
540780,BBB,2013B,0.25,0.5,0.3333333333333333
540800,FFF,2013B,0.05,0.02631578947368421,0.034482758620689655
540806,DDD,2013J,0.2,0.08163265306122448,0.11594202898550723
540821,DDD,2014J,0.2,0.2,0.20000000000000004
540826,BBB,2013B,0.15,0.21428571428571427,0.1764705882352941
540848,DDD,2013B,0.2,0.09090909090909091,0.12500000000000003
540947,DDD,2013J,0.2,0.13333333333333333,0.16
541000,DDD,2014B,0.25,0.13513513513513514,0.1754385964912281
541003,CCC,2014B,0.05,0.041666666666666664,0.04545454545454545
541003,EEE,2014B,0.15,0.6,0.24
541013,BBB,2013B,0.05,0.043478260869565216,0.046511627906976744
541040,EEE,2013J,0.3,0.42857142857142855,0.3529411764705882
541073,BBB,2013B,0.0,0.0,0.0
541101,FFF,2013B,0.2,0.3076923076923077,0.24242424242424246
541108,DDD,2013J,0.1,0.05405405405405406,0.07017543859649122
541113,BBB,2013B,0.1,0.2857142857142857,0.14814814814814817
541171,BBB,2013J,0.05,1.0,0.09523809523809523
541171,BBB,2014J,0.05,0.1,0.06666666666666667
541174,EEE,2013J,0.1,0.5,0.16666666666666669
541228,DDD,2013B,0.0,0.0,0.0
541232,BBB,2013B,0.1,0.4,0.16000000000000003
541252,GGG,2013J,0.15,0.25,0.18749999999999997
541274,BBB,2013J,0.15,0.2,0.17142857142857143
541315,BBB,2014J,0.25,0.5555555555555556,0.3448275862068966
541349,FFF,2013B,0.15,0.08333333333333333,0.10714285714285714
541363,BBB,2013B,0.1,0.18181818181818182,0.12903225806451613
541418,FFF,2013B,0.2,0.16,0.17777777777777778
541476,BBB,2014J,0.5,0.3333333333333333,0.4
541482,CCC,2014J,0.25,0.38461538461538464,0.30303030303030304
541482,DDD,2013J,0.15,0.07692307692307693,0.1016949152542373
541521,FFF,2013B,0.15,0.15,0.15
541523,BBB,2013B,0.05,0.125,0.07142857142857144
541531,CCC,2014J,0.45,0.3,0.36000000000000004
541532,FFF,2014J,0.1,0.15384615384615385,0.12121212121212123
541538,CCC,2014J,0.35,0.2692307692307692,0.3043478260869565
541579,FFF,2013B,0.05,0.037037037037037035,0.0425531914893617
541586,BBB,2013J,0.2,0.3333333333333333,0.25
541697,BBB,2013B,0.0,0.0,0.0
541702,BBB,2013J,0.1,0.4,0.16000000000000003
541708,CCC,2014J,0.25,0.11904761904761904,0.16129032258064516
541753,FFF,2013B,0.15,0.16666666666666666,0.15789473684210525
541764,BBB,2013B,0.1,0.4,0.16000000000000003
541765,DDD,2014B,0.25,0.14705882352941177,0.18518518518518517
541768,FFF,2013J,0.15,0.15,0.15
541769,BBB,2014B,0.0,0.0,0.0
541781,FFF,2013B,0.05,0.034482758620689655,0.04081632653061224
541783,FFF,2013J,0.1,0.125,0.11111111111111112
541794,BBB,2013B,0.2,0.25,0.22222222222222224
541803,BBB,2013B,0.05,0.3333333333333333,0.08695652173913045
541808,BBB,2013B,0.0,0.0,0.0
541822,BBB,2013B,0.15,0.375,0.21428571428571425
541832,BBB,2013B,0.05,0.1111111111111111,0.06896551724137932
541890,GGG,2014B,0.4,0.47058823529411764,0.4324324324324324
541921,FFF,2014J,0.25,0.16129032258064516,0.19607843137254902
541973,BBB,2013B,0.0,0.0,0.0
542003,FFF,2013B,0.0,0.0,0.0
542020,FFF,2013B,0.25,0.20833333333333334,0.22727272727272727
542026,FFF,2013B,0.1,0.15384615384615385,0.12121212121212123
542036,DDD,2013B,0.0,0.0,0.0
542049,DDD,2013B,0.2,0.17391304347826086,0.18604651162790697
542050,EEE,2014B,0.2,0.4,0.26666666666666666
542054,DDD,2013B,0.05,0.05,0.05000000000000001
542084,BBB,2013B,0.2,0.3076923076923077,0.24242424242424246
542100,FFF,2013B,0.6,0.2553191489361702,0.3582089552238805
542115,BBB,2013B,0.05,0.07692307692307693,0.060606060606060615
542164,BBB,2014J,0.2,0.21052631578947367,0.20512820512820512
542167,CCC,2014J,0.2,0.3333333333333333,0.25
542180,DDD,2013J,0.05,0.030303030303030304,0.03773584905660378
542202,FFF,2014J,0.2,0.125,0.15384615384615385
542205,DDD,2013B,0.15,0.07692307692307693,0.1016949152542373
542259,BBB,2013B,0.05,0.2,0.08000000000000002
542279,EEE,2014J,0.5,0.8333333333333334,0.625
542287,FFF,2014B,0.05,0.0625,0.05555555555555556
542291,BBB,2013B,0.1,0.3333333333333333,0.15384615384615383
542293,DDD,2013B,0.25,0.14705882352941177,0.18518518518518517
542296,BBB,2013J,0.2,0.26666666666666666,0.2285714285714286
542356,FFF,2013B,0.5,0.30303030303030304,0.37735849056603776
542372,DDD,2013B,0.0,0.0,0.0
542386,FFF,2013B,0.0,0.0,0.0
542466,BBB,2014B,0.05,0.14285714285714285,0.07407407407407408
542476,DDD,2013B,0.0,0.0,0.0
542506,FFF,2013B,0.45,0.225,0.3
542524,EEE,2014B,0.25,0.7142857142857143,0.37037037037037035
542536,FFF,2013B,0.15,0.21428571428571427,0.1764705882352941
542547,BBB,2014B,0.0,0.0,0.0
542557,CCC,2014J,0.15,0.07894736842105263,0.10344827586206896
542557,FFF,2014B,0.6,0.19672131147540983,0.2962962962962963
542558,DDD,2013J,0.2,0.13333333333333333,0.16
542562,GGG,2014B,0.2,0.3076923076923077,0.24242424242424246
542574,BBB,2013J,0.15,0.15789473684210525,0.15384615384615385
542613,BBB,2013B,0.3,0.24,0.2666666666666666
542635,FFF,2013B,0.15,0.1,0.12
542646,FFF,2013B,0.25,0.1388888888888889,0.17857142857142858
542653,FFF,2013B,0.1,0.125,0.11111111111111112
542663,BBB,2013B,0.05,1.0,0.09523809523809523
542707,BBB,2013J,0.2,0.18181818181818182,0.1904761904761905
542745,BBB,2013B,0.15,0.6,0.24
542748,BBB,2013B,0.25,0.38461538461538464,0.30303030303030304
542987,FFF,2013B,0.35,0.13725490196078433,0.1971830985915493
542991,BBB,2013B,0.05,0.5,0.09090909090909091
543010,FFF,2013B,0.65,0.21311475409836064,0.32098765432098764
543010,FFF,2014J,0.65,0.26,0.37142857142857144
543019,FFF,2013B,0.15,0.08108108108108109,0.10526315789473685
543060,DDD,2013B,0.1,0.14285714285714285,0.11764705882352941
543113,FFF,2013B,0.3,0.18181818181818182,0.22641509433962265
543124,BBB,2013B,0.1,0.1111111111111111,0.10526315789473685
543165,BBB,2013B,0.1,0.2222222222222222,0.13793103448275865
543170,CCC,2014B,0.0,0.0,0.0
543180,BBB,2013B,0.0,0.0,0.0
543202,DDD,2013B,0.15,0.07692307692307693,0.1016949152542373
543279,BBB,2013J,0.1,0.3333333333333333,0.15384615384615383
543340,DDD,2013B,0.15,0.07692307692307693,0.1016949152542373
543351,BBB,2013B,0.1,0.6666666666666666,0.1739130434782609
543356,BBB,2013B,0.0,0.0,0.0
543384,FFF,2013B,0.15,0.16666666666666666,0.15789473684210525
543415,FFF,2013B,0.1,0.045454545454545456,0.06250000000000001
543417,EEE,2013J,0.3,0.5,0.37499999999999994
543428,BBB,2013J,0.25,0.11363636363636363,0.15625
543436,FFF,2013B,0.15,0.125,0.13636363636363635
543439,BBB,2014J,0.3,0.46153846153846156,0.3636363636363637
543447,FFF,2013B,0.0,0.0,0.0
543459,DDD,2013B,0.05,0.03225806451612903,0.0392156862745098
543473,BBB,2013B,0.25,0.35714285714285715,0.2941176470588235
543474,EEE,2013J,0.15,0.5,0.23076923076923075
543475,CCC,2014B,0.1,0.08333333333333333,0.0909090909090909
543475,EEE,2014B,0.45,0.47368421052631576,0.46153846153846156
543478,DDD,2014J,0.0,0.0,0.0
543481,DDD,2013J,0.05,0.041666666666666664,0.04545454545454545
543510,DDD,2013B,0.0,0.0,0.0
543533,BBB,2013B,0.05,0.3333333333333333,0.08695652173913045
543573,DDD,2013B,0.0,0.0,0.0
543599,FFF,2013B,0.05,0.1111111111111111,0.06896551724137932
543607,FFF,2013J,0.15,0.16666666666666666,0.15789473684210525
543630,BBB,2013B,0.05,1.0,0.09523809523809523
543643,FFF,2013B,0.15,0.12,0.1333333333333333
543648,DDD,2013J,0.25,0.08620689655172414,0.12820512820512822
543678,CCC,2014B,0.0,0.0,0.0
543686,FFF,2014B,0.5,0.29411764705882354,0.37037037037037035
543719,BBB,2013B,0.0,0.0,0.0
543723,DDD,2013J,0.05,0.05,0.05000000000000001
543756,DDD,2013B,0.0,0.0,0.0
543763,FFF,2013J,0.05,0.07142857142857142,0.058823529411764705
543785,FFF,2013B,0.0,0.0,0.0
543788,CCC,2014J,0.2,0.18181818181818182,0.1904761904761905
543788,DDD,2013J,0.05,0.045454545454545456,0.04761904761904762
543789,DDD,2014B,0.4,0.1702127659574468,0.23880597014925373
543798,FFF,2013B,0.2,0.2222222222222222,0.2105263157894737
543825,DDD,2013J,0.2,0.23529411764705882,0.2162162162162162
543853,BBB,2013B,0.0,0.0,0.0
543860,DDD,2013B,0.05,0.1111111111111111,0.06896551724137932
543910,GGG,2014B,0.35,0.5833333333333334,0.4375
543919,DDD,2013B,0.1,0.08,0.08888888888888889
543931,EEE,2014J,0.5,0.45454545454545453,0.47619047619047616
543948,CCC,2014B,0.1,0.07142857142857142,0.08333333333333333
543948,EEE,2014B,0.25,0.8333333333333334,0.3846153846153846
543953,FFF,2013J,0.4,0.16666666666666666,0.23529411764705882
544052,CCC,2014J,0.1,0.07407407407407407,0.0851063829787234
544052,EEE,2014B,0.2,0.5714285714285714,0.29629629629629634
544053,DDD,2013B,0.25,0.19230769230769232,0.2173913043478261
544055,FFF,2013B,0.1,0.08,0.08888888888888889
544090,CCC,2014B,0.1,0.3333333333333333,0.15384615384615383
544090,FFF,2013J,0.2,0.21052631578947367,0.20512820512820512
544091,DDD,2013B,0.3,0.14634146341463414,0.19672131147540983
544092,FFF,2013J,0.15,0.25,0.18749999999999997
544098,FFF,2013B,0.1,0.11764705882352941,0.1081081081081081
544103,AAA,2013J,0.5,0.4166666666666667,0.45454545454545453
544108,FFF,2014B,0.05,0.09090909090909091,0.06451612903225806
544122,BBB,2013J,0.2,0.25,0.22222222222222224
544173,FFF,2013B,0.65,0.18840579710144928,0.29213483146067415
544186,BBB,2013B,0.0,0.0,0.0
544207,FFF,2013J,0.15,0.125,0.13636363636363635
544212,FFF,2013B,0.15,0.23076923076923078,0.18181818181818185
544249,FFF,2013B,0.4,0.34782608695652173,0.37209302325581395
544253,AAA,2014J,0.6,0.5454545454545454,0.5714285714285713
544267,CCC,2014J,0.25,0.17857142857142858,0.20833333333333331
544271,FFF,2014B,0.2,0.125,0.15384615384615385
544284,DDD,2013B,0.2,0.21052631578947367,0.20512820512820512
544289,FFF,2013J,0.2,0.26666666666666666,0.2285714285714286
544295,FFF,2013B,0.05,0.03125,0.038461538461538464
544307,DDD,2013B,0.3,0.08823529411764706,0.13636363636363635
544313,FFF,2013B,0.15,0.15789473684210525,0.15384615384615385
544351,BBB,2013B,0.0,0.0,0.0
544383,EEE,2013J,0.35,0.7,0.4666666666666667
544455,BBB,2013B,0.05,0.1111111111111111,0.06896551724137932
544467,DDD,2013B,0.05,0.05263157894736842,0.05128205128205128
544479,FFF,2013B,0.1,0.0625,0.07692307692307693
544490,CCC,2014B,0.05,0.07142857142857142,0.058823529411764705
544500,BBB,2013B,0.05,1.0,0.09523809523809523
544519,BBB,2013B,0.15,0.5,0.23076923076923075
544530,FFF,2013B,0.2,0.13333333333333333,0.16
544532,BBB,2013B,0.05,0.3333333333333333,0.08695652173913045
544543,FFF,2013B,0.0,0.0,0.0
544576,DDD,2013J,0.25,0.11627906976744186,0.15873015873015872
544587,DDD,2014B,0.1,0.08333333333333333,0.0909090909090909
544593,FFF,2014B,0.1,0.07142857142857142,0.08333333333333333
544594,CCC,2014B,0.35,0.1590909090909091,0.21875
544594,DDD,2013J,0.25,0.1724137931034483,0.20408163265306123
544603,DDD,2013B,0.0,0.0,0.0
544615,GGG,2013J,0.15,0.42857142857142855,0.2222222222222222
544627,BBB,2013B,0.05,1.0,0.09523809523809523
544632,BBB,2013B,0.15,0.3333333333333333,0.20689655172413793
544639,BBB,2013B,0.1,1.0,0.18181818181818182
544642,BBB,2013B,0.05,0.08333333333333333,0.0625
544649,DDD,2014J,0.0,0.0,0.0
544741,BBB,2013B,0.0,0.0,0.0
544791,EEE,2013J,0.25,0.38461538461538464,0.30303030303030304
544839,CCC,2014B,0.65,0.4482758620689655,0.5306122448979592
544839,DDD,2013B,0.2,0.13793103448275862,0.16326530612244897
544847,FFF,2013B,0.05,0.05555555555555555,0.052631578947368425
544848,BBB,2013B,0.15,0.1875,0.16666666666666663
544850,FFF,2013B,0.25,0.18518518518518517,0.2127659574468085
544859,BBB,2013B,0.05,0.25,0.08333333333333334
544881,BBB,2013B,0.0,0.0,0.0
544890,BBB,2013B,0.15,0.3333333333333333,0.20689655172413793
544894,FFF,2013B,0.25,0.15625,0.19230769230769232
544898,GGG,2013J,0.1,0.6666666666666666,0.1739130434782609
544963,FFF,2013B,0.05,0.058823529411764705,0.05405405405405405
544982,DDD,2013J,0.1,0.046511627906976744,0.06349206349206349
544989,BBB,2013B,0.1,0.16666666666666666,0.125
544991,FFF,2013B,0.5,0.29411764705882354,0.37037037037037035
545048,FFF,2013B,0.0,0.0,0.0
545080,FFF,2013B,0.0,0.0,0.0
545083,DDD,2013B,0.0,0.0,0.0
545093,DDD,2013J,0.2,0.12121212121212122,0.15094339622641512
545118,CCC,2014J,0.0,0.0,0.0
545118,DDD,2013B,0.05,0.05263157894736842,0.05128205128205128
545119,FFF,2014B,0.1,0.15384615384615385,0.12121212121212123
545146,BBB,2014B,0.1,0.5,0.16666666666666669
545164,FFF,2014J,0.1,0.06666666666666667,0.08
545191,BBB,2013B,0.05,0.09090909090909091,0.06451612903225806
545196,BBB,2014B,0.05,0.09090909090909091,0.06451612903225806
545200,BBB,2013J,0.05,0.09090909090909091,0.06451612903225806
545211,DDD,2013J,0.4,0.16666666666666666,0.23529411764705882
545223,BBB,2013B,0.0,0.0,0.0
545223,BBB,2014B,0.05,0.2,0.08000000000000002
545229,FFF,2013B,0.1,0.09523809523809523,0.0975609756097561
545245,DDD,2013B,0.15,0.07894736842105263,0.10344827586206896
545254,BBB,2014B,0.2,0.18181818181818182,0.1904761904761905
545255,CCC,2014J,0.0,0.0,0.0
545255,DDD,2013J,0.25,0.2,0.22222222222222224
545298,BBB,2013J,0.15,0.6,0.24
545313,GGG,2013J,0.0,0.0,0.0
545379,FFF,2013B,0.15,0.08108108108108109,0.10526315789473685
545387,DDD,2013B,0.05,0.1,0.06666666666666667
545392,BBB,2013B,0.0,0.0,0.0
545443,BBB,2013J,0.15,0.1875,0.16666666666666663
545462,BBB,2013J,0.0,0.0,0.0
545493,EEE,2014J,0.55,0.7333333333333333,0.6285714285714286
545637,FFF,2014B,0.05,0.05,0.05000000000000001
545658,BBB,2013B,0.1,0.15384615384615385,0.12121212121212123
545665,GGG,2014B,0.15,0.2727272727272727,0.19354838709677416
545697,BBB,2013B,0.0,0.0,0.0
545702,BBB,2013B,0.1,0.6666666666666666,0.1739130434782609
545704,CCC,2014J,0.4,0.3333333333333333,0.3636363636363636
545704,DDD,2013B,0.05,0.125,0.07142857142857144
545720,FFF,2013B,0.15,0.14285714285714285,0.14634146341463414
545725,BBB,2013B,0.1,0.5,0.16666666666666669
545740,CCC,2014B,0.25,0.13157894736842105,0.1724137931034483
545740,EEE,2013J,0.3,0.375,0.33333333333333326
545741,FFF,2014B,0.05,0.0625,0.05555555555555556
545747,CCC,2014B,0.05,0.047619047619047616,0.04878048780487805
545751,FFF,2013B,0.0,0.0,0.0
545752,DDD,2014J,0.15,0.125,0.13636363636363635
545758,EEE,2013J,0.1,0.5,0.16666666666666669
545769,DDD,2013J,0.1,0.05,0.06666666666666667
545785,GGG,2013J,0.35,0.35,0.35
545909,FFF,2013B,0.0,0.0,0.0
545916,FFF,2013J,0.65,0.325,0.43333333333333335
545962,FFF,2014J,0.3,0.1935483870967742,0.23529411764705882
545964,BBB,2014J,0.25,0.35714285714285715,0.2941176470588235
545993,DDD,2013B,0.0,0.0,0.0
546040,DDD,2014B,0.1,0.16666666666666666,0.125
546052,BBB,2013B,0.1,0.15384615384615385,0.12121212121212123
546054,DDD,2013B,0.1,0.06060606060606061,0.07547169811320756
546065,FFF,2013J,0.2,0.16,0.17777777777777778
546071,FFF,2014B,0.25,0.17857142857142858,0.20833333333333331
546074,DDD,2013B,0.2,0.14814814814814814,0.1702127659574468
546089,DDD,2013B,0.0,0.0,0.0
546097,GGG,2013J,0.25,0.3125,0.2777777777777778
546157,BBB,2013B,0.0,0.0,0.0
546191,DDD,2013B,0.0,0.0,0.0
546192,GGG,2013J,0.4,0.5714285714285714,0.47058823529411764
546196,BBB,2013J,0.25,0.20833333333333334,0.22727272727272727
546202,BBB,2014B,0.15,0.3,0.2
546215,FFF,2013B,0.0,0.0,0.0
546221,DDD,2013B,0.15,0.14285714285714285,0.14634146341463414
546250,BBB,2014J,0.15,0.3333333333333333,0.20689655172413793
546286,GGG,2014J,0.4,0.42105263157894735,0.41025641025641024
546299,DDD,2014J,0.05,0.07142857142857142,0.058823529411764705
546322,BBB,2013B,0.05,0.1,0.06666666666666667
546329,FFF,2013B,0.05,0.08333333333333333,0.0625
546348,FFF,2013B,0.25,0.13157894736842105,0.1724137931034483
546403,DDD,2014B,0.0,0.0,0.0
546407,BBB,2013B,0.15,0.21428571428571427,0.1764705882352941
546412,FFF,2013B,0.1,0.16666666666666666,0.125
546428,BBB,2013B,0.1,0.14285714285714285,0.11764705882352941
546457,GGG,2013J,0.25,0.4166666666666667,0.3125
546464,FFF,2013B,0.45,0.16363636363636364,0.24
546480,FFF,2013J,0.4,0.16666666666666666,0.23529411764705882
546500,BBB,2013B,0.0,0.0,0.0
546533,BBB,2013B,0.05,0.1,0.06666666666666667
546547,FFF,2013J,0.2,0.2222222222222222,0.2105263157894737
546547,FFF,2014J,0.45,0.20930232558139536,0.28571428571428575
546583,FFF,2013B,0.15,0.08333333333333333,0.10714285714285714
546584,DDD,2014B,0.4,0.15384615384615385,0.2222222222222222
546604,EEE,2013J,0.15,0.5,0.23076923076923075
546609,BBB,2013B,0.05,0.125,0.07142857142857144
546627,FFF,2014B,0.25,0.12195121951219512,0.16393442622950818
546632,BBB,2013B,0.05,0.05263157894736842,0.05128205128205128
546645,FFF,2014J,0.15,0.17647058823529413,0.16216216216216214
546654,CCC,2014J,0.05,0.1,0.06666666666666667
546654,DDD,2014B,0.0,0.0,0.0
546675,DDD,2013B,0.1,0.10526315789473684,0.10256410256410256
546682,FFF,2013B,0.2,0.09523809523809523,0.12903225806451613
546685,BBB,2013B,0.15,0.21428571428571427,0.1764705882352941
546722,DDD,2013J,0.25,0.07352941176470588,0.11363636363636363
546724,GGG,2014J,0.1,0.15384615384615385,0.12121212121212123
546749,BBB,2013B,0.25,0.16666666666666666,0.2
546780,FFF,2013B,0.0,0.0,0.0
546804,DDD,2013B,0.0,0.0,0.0
546811,BBB,2013B,0.05,0.3333333333333333,0.08695652173913045
546826,DDD,2013B,0.1,0.07407407407407407,0.0851063829787234
546830,DDD,2013B,0.0,0.0,0.0
546837,BBB,2013B,0.1,0.13333333333333333,0.1142857142857143
546843,BBB,2013B,0.05,1.0,0.09523809523809523
546852,DDD,2013J,0.1,0.07692307692307693,0.08695652173913043
546862,DDD,2013B,0.4,0.18604651162790697,0.25396825396825395
546909,BBB,2013B,0.0,0.0,0.0
546912,FFF,2013B,0.15,0.14285714285714285,0.14634146341463414
546921,BBB,2013B,0.15,0.125,0.13636363636363635
546925,FFF,2013B,0.35,0.14893617021276595,0.208955223880597
546932,FFF,2013B,0.1,0.15384615384615385,0.12121212121212123
546934,FFF,2013J,0.3,0.21428571428571427,0.25
546941,BBB,2013J,0.15,0.2727272727272727,0.19354838709677416
546953,DDD,2013B,0.0,0.0,0.0
546961,FFF,2014B,0.15,0.125,0.13636363636363635
547014,FFF,2013B,0.35,0.1044776119402985,0.16091954022988506
547128,FFF,2014B,0.1,0.09523809523809523,0.0975609756097561
547153,CCC,2014J,0.25,0.17857142857142858,0.20833333333333331
547153,EEE,2014J,0.1,0.5,0.16666666666666669
547154,FFF,2013J,0.1,0.10526315789473684,0.10256410256410256
547155,GGG,2014B,0.35,0.4375,0.38888888888888884
547173,EEE,2013J,0.05,0.5,0.09090909090909091
547192,BBB,2013B,0.05,0.058823529411764705,0.05405405405405405
547228,FFF,2013B,0.2,0.125,0.15384615384615385
547259,BBB,2013B,0.1,0.1,0.10000000000000002
547287,CCC,2014B,0.05,0.0625,0.05555555555555556
547311,BBB,2013J,0.05,0.0625,0.05555555555555556
547332,CCC,2014B,0.05,0.09090909090909091,0.06451612903225806
547347,FFF,2014J,0.35,0.19444444444444445,0.25
547349,DDD,2013B,0.85,0.1069182389937107,0.1899441340782123
547390,BBB,2013B,0.05,0.5,0.09090909090909091
547393,FFF,2013J,0.1,0.08333333333333333,0.0909090909090909
547399,FFF,2013B,0.1,0.05128205128205128,0.06779661016949151
547400,FFF,2013B,0.35,0.2,0.2545454545454545
547403,BBB,2013B,0.05,0.5,0.09090909090909091
547408,BBB,2014J,0.1,0.2857142857142857,0.14814814814814817
547413,FFF,2014B,0.0,0.0,0.0
547424,EEE,2013J,0.6,0.8,0.6857142857142857
547427,BBB,2013B,0.0,0.0,0.0
547445,DDD,2013B,0.05,0.03333333333333333,0.04
547448,DDD,2013J,0.15,0.08333333333333333,0.10714285714285714
547466,BBB,2013B,0.05,0.16666666666666666,0.07692307692307691
547487,BBB,2014B,0.1,0.1111111111111111,0.10526315789473685
547506,FFF,2014B,0.05,0.1111111111111111,0.06896551724137932
547556,BBB,2014B,0.15,0.2727272727272727,0.19354838709677416
547581,FFF,2013B,0.35,0.1590909090909091,0.21875
547612,CCC,2014J,0.0,0.0,0.0
547629,DDD,2013B,0.2,0.36363636363636365,0.25806451612903225
547629,DDD,2014B,0.0,0.0,0.0
547679,DDD,2013B,0.0,0.0,0.0
547680,FFF,2014B,0.5,0.24390243902439024,0.32786885245901637
547689,BBB,2013B,0.15,0.3,0.2
547690,BBB,2013B,0.1,0.10526315789473684,0.10256410256410256
547697,BBB,2013B,0.1,0.4,0.16000000000000003
547718,BBB,2013J,0.05,1.0,0.09523809523809523
547737,DDD,2013J,0.1,0.047619047619047616,0.06451612903225806
547757,BBB,2013B,0.0,0.0,0.0
547773,FFF,2013J,0.3,0.25,0.2727272727272727
547784,DDD,2013B,0.0,0.0,0.0
547784,DDD,2013J,0.2,0.12903225806451613,0.1568627450980392
547788,BBB,2014J,0.3,0.3,0.3
547841,BBB,2013B,0.0,0.0,0.0
547873,BBB,2013B,0.1,0.15384615384615385,0.12121212121212123
547884,FFF,2013B,0.1,0.4,0.16000000000000003
547884,FFF,2014B,0.0,0.0,0.0
547892,BBB,2013B,0.2,0.2,0.20000000000000004
547902,BBB,2013B,0.15,0.42857142857142855,0.2222222222222222
547903,BBB,2013B,0.0,0.0,0.0
547953,FFF,2013B,0.0,0.0,0.0
547986,DDD,2013B,0.0,0.0,0.0
548027,DDD,2013J,0.1,0.05128205128205128,0.06779661016949151
548057,FFF,2013B,0.35,0.3181818181818182,0.3333333333333333
548069,DDD,2013B,0.2,0.08163265306122448,0.11594202898550723
548087,FFF,2013B,0.1,0.08333333333333333,0.0909090909090909
548090,BBB,2013B,0.05,0.07692307692307693,0.060606060606060615
548095,FFF,2013B,0.15,0.11538461538461539,0.13043478260869565
548099,FFF,2013B,0.25,0.11363636363636363,0.15625
548120,AAA,2014J,0.45,0.391304347826087,0.4186046511627907
548124,BBB,2013B,0.15,0.23076923076923078,0.18181818181818185
548173,DDD,2013J,0.15,0.1,0.12
548190,GGG,2013J,0.2,0.2,0.20000000000000004
548197,BBB,2013J,0.3,0.2608695652173913,0.27906976744186046
548219,FFF,2013B,0.1,0.0392156862745098,0.05633802816901408
548241,BBB,2013B,0.0,0.0,0.0
548255,BBB,2013B,0.05,0.058823529411764705,0.05405405405405405
548267,DDD,2013B,0.25,0.11904761904761904,0.16129032258064516
548271,DDD,2013B,0.1,0.06896551724137931,0.08163265306122448
548275,BBB,2013B,0.0,0.0,0.0
548292,DDD,2014B,0.8,0.3137254901960784,0.45070422535211263
548301,DDD,2013J,0.1,0.044444444444444446,0.061538461538461535
548312,FFF,2013B,0.1,0.044444444444444446,0.061538461538461535
548334,BBB,2013B,0.15,0.1875,0.16666666666666663
548352,FFF,2013B,0.05,0.06666666666666667,0.05714285714285715
548386,CCC,2014B,0.3,0.25,0.2727272727272727
548388,GGG,2013J,0.05,0.125,0.07142857142857144
548424,FFF,2014B,0.35,0.18421052631578946,0.24137931034482757
548439,BBB,2013B,0.1,0.2,0.13333333333333333
548445,BBB,2014B,0.05,0.06666666666666667,0.05714285714285715
548459,FFF,2013B,0.2,0.2,0.20000000000000004
548473,DDD,2013B,0.0,0.0,0.0
548488,BBB,2013B,0.0,0.0,0.0
548504,BBB,2013B,0.05,0.058823529411764705,0.05405405405405405
548508,FFF,2013J,0.15,0.21428571428571427,0.1764705882352941
548509,CCC,2014B,0.1,0.18181818181818182,0.12903225806451613
548521,FFF,2013B,0.15,0.08823529411764706,0.11111111111111112
548535,DDD,2013B,0.0,0.0,0.0
548547,FFF,2013B,0.0,0.0,0.0
548602,CCC,2014B,0.0,0.0,0.0
548602,DDD,2013B,0.0,0.0,0.0
548617,BBB,2013B,0.05,0.06666666666666667,0.05714285714285715
548666,FFF,2013J,0.25,0.25,0.25
548677,CCC,2014B,0.25,0.25,0.25
548677,DDD,2013B,0.3,0.125,0.17647058823529413
548714,BBB,2013B,0.0,0.0,0.0
548722,FFF,2013J,0.15,0.15789473684210525,0.15384615384615385
548744,BBB,2013B,0.0,0.0,0.0
548759,FFF,2013B,0.3,0.08823529411764706,0.13636363636363635
548764,CCC,2014B,0.0,0.0,0.0
548764,FFF,2013B,0.55,0.34375,0.42307692307692313
548791,BBB,2013B,0.0,0.0,0.0
548807,EEE,2014J,0.4,0.8,0.5333333333333333
548834,BBB,2013B,0.0,0.0,0.0
548838,BBB,2013B,0.15,0.16666666666666666,0.15789473684210525
548839,BBB,2013B,0.1,0.25,0.14285714285714288
548843,BBB,2013B,0.05,0.043478260869565216,0.046511627906976744
548854,CCC,2014B,0.05,0.04,0.044444444444444446
548857,FFF,2013B,0.15,0.09090909090909091,0.11320754716981132
548861,EEE,2013J,0.4,0.8888888888888888,0.5517241379310346
548871,BBB,2013B,0.0,0.0,0.0
548884,BBB,2013B,0.0,0.0,0.0
548885,BBB,2013B,0.0,0.0,0.0
548899,BBB,2013J,0.2,0.26666666666666666,0.2285714285714286
548921,BBB,2013B,0.05,0.3333333333333333,0.08695652173913045
548926,FFF,2013B,0.2,0.3333333333333333,0.25
548935,BBB,2013B,0.05,0.05555555555555555,0.052631578947368425
548954,BBB,2013B,0.15,0.75,0.24999999999999997
548959,DDD,2013B,0.0,0.0,0.0
548992,EEE,2014B,0.05,0.25,0.08333333333333334
548994,EEE,2013J,0.25,0.625,0.35714285714285715
548996,DDD,2013B,0.15,0.125,0.13636363636363635
549014,FFF,2013B,0.15,0.3333333333333333,0.20689655172413793
549032,DDD,2013J,0.05,0.04,0.044444444444444446
549038,DDD,2013B,0.05,0.04,0.044444444444444446
549047,BBB,2013B,0.0,0.0,0.0
549065,FFF,2013B,0.25,0.08333333333333333,0.125
549078,BBB,2013B,0.05,0.3333333333333333,0.08695652173913045
549078,BBB,2014B,0.15,0.75,0.24999999999999997
549093,FFF,2013B,0.0,0.0,0.0
549095,DDD,2013B,0.15,0.2,0.17142857142857143
549113,DDD,2013J,0.0,0.0,0.0
549125,DDD,2013B,0.15,0.13636363636363635,0.14285714285714282
549129,BBB,2013J,0.2,0.21052631578947367,0.20512820512820512
549135,DDD,2013B,0.05,0.038461538461538464,0.043478260869565216
549158,BBB,2013B,0.2,0.8,0.32000000000000006
549190,BBB,2014B,0.1,0.18181818181818182,0.12903225806451613
549196,BBB,2013B,0.15,0.13636363636363635,0.14285714285714282
549219,FFF,2014J,0.15,0.15789473684210525,0.15384615384615385
549226,BBB,2013J,0.15,0.42857142857142855,0.2222222222222222
549239,FFF,2013B,0.1,0.11764705882352941,0.1081081081081081
549261,BBB,2013B,0.35,0.6363636363636364,0.45161290322580644
549262,EEE,2013J,0.3,0.75,0.4285714285714285
549283,DDD,2013B,0.15,0.15,0.15
549300,FFF,2013J,0.25,0.10416666666666667,0.14705882352941177
549321,FFF,2014J,0.3,0.09523809523809523,0.14457831325301204
549343,FFF,2013B,0.2,0.11428571428571428,0.14545454545454545
549369,FFF,2013B,0.4,0.1951219512195122,0.26229508196721313
549370,FFF,2013B,0.2,0.13793103448275862,0.16326530612244897
549391,BBB,2013B,0.0,0.0,0.0
549397,FFF,2013J,0.35,0.1346153846153846,0.19444444444444445
549420,FFF,2013B,0.25,0.08333333333333333,0.125
549424,DDD,2013B,0.05,0.25,0.08333333333333334
549439,CCC,2014J,0.2,0.12121212121212122,0.15094339622641512
549445,BBB,2013J,0.2,0.3076923076923077,0.24242424242424246
549504,FFF,2013B,0.05,1.0,0.09523809523809523
549517,FFF,2013B,0.25,0.10869565217391304,0.15151515151515152
549537,FFF,2013B,0.25,0.16666666666666666,0.2
549545,DDD,2013B,0.1,0.05555555555555555,0.07142857142857142
549568,BBB,2013B,0.15,0.12,0.1333333333333333
549586,BBB,2013J,0.15,0.23076923076923078,0.18181818181818185
549596,FFF,2013B,0.0,0.0,0.0
549601,DDD,2013J,0.1,0.125,0.11111111111111112
549626,DDD,2014J,0.15,0.2,0.17142857142857143
549626,FFF,2013B,0.15,0.08333333333333333,0.10714285714285714
549648,FFF,2013J,0.25,0.2,0.22222222222222224
549651,BBB,2013B,0.15,0.5,0.23076923076923075
549681,EEE,2013J,0.45,0.9,0.6
549684,DDD,2013B,0.1,0.05128205128205128,0.06779661016949151
549687,CCC,2014J,0.05,0.07142857142857142,0.058823529411764705
549690,DDD,2013B,0.0,0.0,0.0
549698,DDD,2013B,0.05,0.05263157894736842,0.05128205128205128
549706,CCC,2014J,0.3,0.15,0.2
549706,FFF,2013B,0.35,0.11666666666666667,0.175
549710,DDD,2013B,0.0,0.0,0.0
549731,DDD,2013B,0.15,0.08333333333333333,0.10714285714285714
549732,BBB,2013B,0.0,0.0,0.0
549751,FFF,2013B,0.2,0.15384615384615385,0.17391304347826086
549754,BBB,2013B,0.05,0.125,0.07142857142857144
549775,BBB,2014J,0.4,0.32,0.35555555555555557
549783,CCC,2014J,0.35,0.21875,0.2692307692307692
549783,DDD,2013B,0.2,0.13793103448275862,0.16326530612244897
549790,FFF,2013B,0.05,0.08333333333333333,0.0625
549792,FFF,2014B,0.3,0.11764705882352941,0.16901408450704228
549795,DDD,2013B,0.2,0.0975609756097561,0.13114754098360656
549825,FFF,2013B,0.25,0.3125,0.2777777777777778
549847,FFF,2014J,0.3,0.12,0.17142857142857143
549862,BBB,2013B,0.2,0.5,0.28571428571428575
549872,DDD,2013B,0.05,0.06666666666666667,0.05714285714285715
549873,BBB,2013B,0.0,0.0,0.0
549873,BBB,2013J,0.1,0.16666666666666666,0.125
549887,GGG,2013J,0.0,0.0,0.0
549888,CCC,2014J,0.1,0.15384615384615385,0.12121212121212123
549897,DDD,2013B,0.45,0.08035714285714286,0.13636363636363638
549898,FFF,2013B,0.0,0.0,0.0
549909,GGG,2013J,0.2,0.36363636363636365,0.25806451612903225
549913,DDD,2013B,0.0,0.0,0.0
549918,BBB,2013J,0.0,0.0,0.0
549922,EEE,2014J,0.45,0.8181818181818182,0.5806451612903226
549951,CCC,2014B,0.1,0.08,0.08888888888888889
549960,EEE,2013J,0.45,0.75,0.5625000000000001
549973,GGG,2013J,0.1,1.0,0.18181818181818182
550025,EEE,2013J,0.3,0.75,0.4285714285714285
550026,FFF,2013B,0.55,0.2972972972972973,0.38596491228070173
550038,FFF,2014B,0.05,0.037037037037037035,0.0425531914893617
550046,DDD,2014B,0.05,0.05,0.05000000000000001
550064,DDD,2013B,0.05,0.0625,0.05555555555555556
550077,BBB,2013B,0.4,0.2857142857142857,0.3333333333333333
550081,BBB,2014J,0.0,0.0,0.0
550092,DDD,2013B,0.15,0.08823529411764706,0.11111111111111112
550097,FFF,2014B,0.5,0.37037037037037035,0.425531914893617
550098,BBB,2013B,0.15,0.13043478260869565,0.13953488372093023
550123,FFF,2013B,0.05,0.058823529411764705,0.05405405405405405
550209,BBB,2013B,0.05,0.16666666666666666,0.07692307692307691
550245,BBB,2014J,0.0,0.0,0.0
550269,BBB,2014B,0.05,1.0,0.09523809523809523
550272,FFF,2013B,0.2,0.10526315789473684,0.13793103448275862
550287,FFF,2013B,0.3,0.10714285714285714,0.15789473684210525
550331,DDD,2013J,0.0,0.0,0.0
550342,BBB,2013B,0.35,0.2916666666666667,0.31818181818181823
550354,BBB,2013B,0.2,0.15384615384615385,0.17391304347826086
550357,EEE,2014B,0.35,0.875,0.4999999999999999
550358,DDD,2014J,0.05,0.09090909090909091,0.06451612903225806
550380,DDD,2014J,0.0,0.0,0.0
550381,BBB,2013B,0.25,0.29411764705882354,0.27027027027027023
550393,EEE,2013J,0.15,0.6,0.24
550400,BBB,2013B,0.05,0.1,0.06666666666666667
550403,BBB,2013B,0.1,0.14285714285714285,0.11764705882352941
550412,BBB,2013J,0.1,0.5,0.16666666666666669
550420,FFF,2014J,0.2,0.13333333333333333,0.16
550435,FFF,2013B,0.05,0.1,0.06666666666666667
550470,FFF,2013B,0.3,0.13636363636363635,0.18749999999999997
550495,FFF,2013B,0.15,0.0967741935483871,0.11764705882352941
550515,GGG,2014B,0.05,0.16666666666666666,0.07692307692307691
550520,BBB,2013B,0.25,0.35714285714285715,0.2941176470588235
550545,CCC,2014J,0.05,0.2,0.08000000000000002
550545,DDD,2013B,0.05,0.06666666666666667,0.05714285714285715
550549,BBB,2013B,0.1,0.2222222222222222,0.13793103448275865
550556,FFF,2013J,0.15,0.25,0.18749999999999997
550573,EEE,2014J,0.2,0.36363636363636365,0.25806451612903225
550597,BBB,2013B,0.25,0.625,0.35714285714285715
550604,DDD,2013B,0.3,0.16666666666666666,0.21428571428571427
550613,BBB,2013B,0.2,0.16666666666666666,0.1818181818181818
550638,DDD,2014B,0.05,0.14285714285714285,0.07407407407407408
550651,FFF,2013B,0.15,0.125,0.13636363636363635
550668,BBB,2013B,0.05,0.14285714285714285,0.07407407407407408
550702,CCC,2014J,0.4,0.23529411764705882,0.29629629629629634
550703,FFF,2014J,0.7,0.16470588235294117,0.26666666666666666
550707,BBB,2013B,0.05,0.07142857142857142,0.058823529411764705
550708,BBB,2013B,0.0,0.0,0.0
550725,DDD,2013B,0.15,0.16666666666666666,0.15789473684210525
550736,FFF,2013B,0.35,0.17073170731707318,0.22950819672131145
550758,GGG,2014B,0.15,0.15789473684210525,0.15384615384615385
550762,DDD,2013B,0.05,0.07142857142857142,0.058823529411764705
550763,FFF,2013B,0.35,0.1794871794871795,0.23728813559322035
550787,FFF,2013B,0.35,0.15555555555555556,0.21538461538461537
550792,FFF,2013B,0.15,0.10344827586206896,0.12244897959183673
550797,FFF,2013B,0.1,0.14285714285714285,0.11764705882352941
550802,FFF,2013B,0.65,0.3170731707317073,0.42622950819672134
550812,CCC,2014B,0.0,0.0,0.0
550812,EEE,2014B,0.05,0.5,0.09090909090909091
550813,FFF,2013B,0.05,0.09090909090909091,0.06451612903225806
550814,CCC,2014J,0.0,0.0,0.0
550814,DDD,2013J,0.15,0.23076923076923078,0.18181818181818185
550853,FFF,2013B,0.0,0.0,0.0
550865,DDD,2013B,0.1,0.05263157894736842,0.06896551724137931
550866,FFF,2013B,0.05,1.0,0.09523809523809523
550880,BBB,2013J,0.05,0.09090909090909091,0.06451612903225806
550898,BBB,2013B,0.1,0.2222222222222222,0.13793103448275865
550903,FFF,2014B,0.35,0.0945945945945946,0.14893617021276595
550921,BBB,2013B,0.1,0.18181818181818182,0.12903225806451613
550923,BBB,2013B,0.15,0.3333333333333333,0.20689655172413793
550925,FFF,2014B,0.1,0.06896551724137931,0.08163265306122448
550933,FFF,2013B,0.0,0.0,0.0
550941,BBB,2013J,0.05,0.14285714285714285,0.07407407407407408
550961,FFF,2013B,0.05,1.0,0.09523809523809523
550963,BBB,2013B,0.15,0.2,0.17142857142857143
551017,EEE,2013J,0.3,0.6,0.4
551027,FFF,2013B,0.3,0.18181818181818182,0.22641509433962265
551031,BBB,2013J,0.1,0.13333333333333333,0.1142857142857143
551032,BBB,2013B,0.1,0.14285714285714285,0.11764705882352941
551053,BBB,2014B,0.1,0.6666666666666666,0.1739130434782609
551058,FFF,2013B,0.2,0.12121212121212122,0.15094339622641512
551080,BBB,2013B,0.2,0.26666666666666666,0.2285714285714286
551115,CCC,2014B,0.4,0.42105263157894735,0.41025641025641024
551126,DDD,2013J,0.25,0.08620689655172414,0.12820512820512822
551129,BBB,2013B,0.0,0.0,0.0
551169,DDD,2013B,0.0,0.0,0.0
551171,DDD,2014B,0.1,0.07407407407407407,0.0851063829787234
551182,EEE,2014J,0.25,0.5,0.3333333333333333
551183,DDD,2013B,0.1,0.08695652173913043,0.09302325581395349
551205,BBB,2013J,0.1,0.25,0.14285714285714288
551212,FFF,2013B,0.15,0.13043478260869565,0.13953488372093023
551214,CCC,2014J,0.05,0.09090909090909091,0.06451612903225806
551214,DDD,2013J,0.4,0.1951219512195122,0.26229508196721313
551219,BBB,2013J,0.15,0.375,0.21428571428571425
551234,BBB,2013J,0.1,0.041666666666666664,0.058823529411764705
551242,BBB,2014J,0.2,0.26666666666666666,0.2285714285714286
551245,FFF,2013J,0.35,0.21212121212121213,0.26415094339622636
551252,BBB,2014B,0.05,0.07692307692307693,0.060606060606060615
551258,FFF,2013B,0.15,0.16666666666666666,0.15789473684210525
551267,CCC,2014B,0.25,0.29411764705882354,0.27027027027027023
551277,FFF,2013J,0.0,0.0,0.0
551282,BBB,2013B,0.05,0.1111111111111111,0.06896551724137932
551304,CCC,2014B,0.3,0.3,0.3
551311,FFF,2013B,0.1,0.09523809523809523,0.0975609756097561
551332,CCC,2014J,0.05,0.3333333333333333,0.08695652173913045
551334,DDD,2013B,0.2,0.15384615384615385,0.17391304347826086
551347,BBB,2013J,0.0,0.0,0.0
551354,FFF,2013J,0.25,0.15625,0.19230769230769232
551375,DDD,2013B,0.05,0.06666666666666667,0.05714285714285715
551389,GGG,2013J,0.15,0.16666666666666666,0.15789473684210525
551397,CCC,2014J,0.15,0.1,0.12
551397,FFF,2013B,0.1,0.02531645569620253,0.04040404040404041
551399,FFF,2013J,0.0,0.0,0.0
551456,DDD,2013J,0.0,0.0,0.0
551478,CCC,2014B,0.0,0.0,0.0
551478,DDD,2013B,0.0,0.0,0.0
551480,BBB,2013B,0.1,0.11764705882352941,0.1081081081081081
551487,BBB,2013B,0.05,0.08333333333333333,0.0625
551495,FFF,2013B,0.0,0.0,0.0
551515,BBB,2014B,0.0,0.0,0.0
551550,DDD,2013B,0.05,0.1,0.06666666666666667
551557,FFF,2013J,0.1,0.1,0.10000000000000002
551562,GGG,2014B,0.25,0.38461538461538464,0.30303030303030304
551573,DDD,2013B,0.1,0.05555555555555555,0.07142857142857142
551576,BBB,2013B,0.15,0.1875,0.16666666666666663
551583,FFF,2013B,0.05,0.05263157894736842,0.05128205128205128
551602,FFF,2013B,0.0,0.0,0.0
551604,CCC,2014B,0.0,0.0,0.0
551688,FFF,2013B,0.0,0.0,0.0
551702,BBB,2013B,0.05,0.5,0.09090909090909091
551706,BBB,2013B,0.05,0.09090909090909091,0.06451612903225806
551714,BBB,2013B,0.05,0.2,0.08000000000000002
551715,BBB,2013B,0.05,0.058823529411764705,0.05405405405405405
551716,BBB,2013B,0.05,0.07692307692307693,0.060606060606060615
551760,DDD,2013J,0.05,0.045454545454545456,0.04761904761904762
551770,BBB,2013B,0.1,0.18181818181818182,0.12903225806451613
551772,CCC,2014J,0.0,0.0,0.0
551791,FFF,2013B,0.0,0.0,0.0
551796,FFF,2013B,0.15,0.10344827586206896,0.12244897959183673
551802,BBB,2013J,0.2,0.23529411764705882,0.2162162162162162
551805,FFF,2013B,0.2,0.14285714285714285,0.16666666666666666
551812,FFF,2013J,0.2,0.2222222222222222,0.2105263157894737
551814,DDD,2014B,0.3,0.16216216216216217,0.2105263157894737
551836,BBB,2013J,0.2,0.5,0.28571428571428575
551856,CCC,2014B,0.05,0.034482758620689655,0.04081632653061224
551856,EEE,2014B,0.15,0.1875,0.16666666666666663
551886,BBB,2013B,0.0,0.0,0.0
551895,BBB,2013B,0.05,0.14285714285714285,0.07407407407407408
551902,CCC,2014B,0.0,0.0,0.0
551906,BBB,2013B,0.1,0.25,0.14285714285714288
551922,BBB,2014J,0.1,0.2222222222222222,0.13793103448275865
551938,BBB,2013B,0.1,0.10526315789473684,0.10256410256410256
551954,BBB,2013B,0.1,0.6666666666666666,0.1739130434782609
552003,DDD,2014B,0.1,0.03571428571428571,0.05263157894736841
552007,BBB,2013B,0.2,0.11428571428571428,0.14545454545454545
552017,BBB,2013B,0.25,0.16666666666666666,0.2
552039,BBB,2013B,0.0,0.0,0.0
552067,EEE,2014B,0.25,0.5,0.3333333333333333
552104,FFF,2013J,0.35,0.09333333333333334,0.14736842105263157
552110,BBB,2013B,0.0,0.0,0.0
552114,DDD,2014J,0.05,0.1,0.06666666666666667
552116,BBB,2013J,0.1,0.25,0.14285714285714288
552142,FFF,2013B,0.45,0.32142857142857145,0.375
552166,DDD,2013B,0.1,0.08,0.08888888888888889
552173,FFF,2014J,0.35,0.16279069767441862,0.22222222222222227
552205,BBB,2013J,0.05,0.14285714285714285,0.07407407407407408
552220,CCC,2014J,0.0,0.0,0.0
552222,BBB,2013B,0.0,0.0,0.0
552255,DDD,2014B,0.05,0.08333333333333333,0.0625
552273,BBB,2013B,0.1,0.3333333333333333,0.15384615384615383
552282,DDD,2013J,0.0,0.0,0.0
552284,FFF,2014B,0.05,0.04,0.044444444444444446
552313,DDD,2013J,0.1,0.0625,0.07692307692307693
552320,FFF,2013B,0.0,0.0,0.0
552339,BBB,2013J,0.05,0.06666666666666667,0.05714285714285715
552374,FFF,2013B,0.0,0.0,0.0
552395,FFF,2013B,0.0,0.0,0.0
552395,FFF,2014B,0.1,0.4,0.16000000000000003
552399,BBB,2013J,0.0,0.0,0.0
552441,CCC,2014B,0.2,0.16666666666666666,0.1818181818181818
552441,EEE,2014J,0.45,0.5,0.4736842105263158
552450,FFF,2013B,0.1,0.07692307692307693,0.08695652173913043
552486,GGG,2014B,0.4,0.42105263157894735,0.41025641025641024
552491,FFF,2013B,0.4,0.32,0.35555555555555557
552498,CCC,2014J,0.0,0.0,0.0
552515,BBB,2013J,0.25,0.625,0.35714285714285715
552535,BBB,2013B,0.05,0.25,0.08333333333333334
552567,FFF,2013B,0.15,0.3,0.2
552622,BBB,2013J,0.0,0.0,0.0
552635,DDD,2013B,0.1,0.06060606060606061,0.07547169811320756
552648,FFF,2013B,0.15,0.06382978723404255,0.08955223880597013
552648,FFF,2014B,0.15,0.08571428571428572,0.10909090909090909
552661,DDD,2013B,0.1,0.046511627906976744,0.06349206349206349
552667,BBB,2013B,0.15,0.23076923076923078,0.18181818181818185
552698,BBB,2014J,0.0,0.0,0.0
552701,BBB,2013B,0.15,0.21428571428571427,0.1764705882352941
552708,FFF,2013B,0.25,0.15151515151515152,0.18867924528301888
552721,FFF,2013B,0.15,0.15789473684210525,0.15384615384615385
552747,DDD,2013J,0.3,0.15789473684210525,0.20689655172413793
552750,GGG,2013J,0.0,0.0,0.0
552789,DDD,2013B,0.1,0.08695652173913043,0.09302325581395349
552795,EEE,2013J,0.4,0.6153846153846154,0.4848484848484849
552822,BBB,2013B,0.15,0.3,0.2
552826,BBB,2013B,0.2,0.4,0.26666666666666666
552859,BBB,2013B,0.05,0.08333333333333333,0.0625
552894,BBB,2013B,0.15,0.2727272727272727,0.19354838709677416
552898,DDD,2013J,0.1,0.15384615384615385,0.12121212121212123
552902,BBB,2013B,0.0,0.0,0.0
552913,CCC,2014B,0.05,0.07692307692307693,0.060606060606060615
552914,BBB,2013B,0.0,0.0,0.0
552921,DDD,2013B,0.1,0.0625,0.07692307692307693
552929,BBB,2013B,0.0,0.0,0.0
552955,DDD,2013B,0.05,1.0,0.09523809523809523
552965,CCC,2014J,0.2,0.2,0.20000000000000004
552965,DDD,2014J,0.05,0.023255813953488372,0.031746031746031744
552987,FFF,2013B,0.15,0.08571428571428572,0.10909090909090909
552991,BBB,2013B,0.05,1.0,0.09523809523809523
553017,FFF,2013B,0.3,0.25,0.2727272727272727
553021,CCC,2014B,0.1,0.125,0.11111111111111112
553031,FFF,2014J,0.2,0.17391304347826086,0.18604651162790697
553047,BBB,2013B,0.3,0.46153846153846156,0.3636363636363637
553078,BBB,2013J,0.05,0.5,0.09090909090909091
553100,FFF,2013B,0.25,0.1282051282051282,0.1694915254237288
553104,FFF,2013B,0.05,0.058823529411764705,0.05405405405405405
553125,BBB,2013B,0.0,0.0,0.0
553155,FFF,2013B,0.2,0.16,0.17777777777777778
553187,FFF,2013J,0.05,0.045454545454545456,0.04761904761904762
553220,FFF,2013B,0.3,0.09836065573770492,0.14814814814814814
553262,FFF,2013B,0.3,0.125,0.17647058823529413
553275,DDD,2013B,0.1,0.1111111111111111,0.10526315789473685
553280,CCC,2014B,0.05,0.1,0.06666666666666667
553280,DDD,2013J,0.1,0.2,0.13333333333333333
553283,FFF,2013J,0.15,0.14285714285714285,0.14634146341463414
553284,FFF,2014J,0.25,0.22727272727272727,0.23809523809523808
553301,DDD,2013J,0.15,0.08333333333333333,0.10714285714285714
553321,BBB,2013B,0.1,0.10526315789473684,0.10256410256410256
553325,FFF,2013B,0.2,0.0975609756097561,0.13114754098360656
553364,FFF,2013J,0.25,0.1388888888888889,0.17857142857142858
553367,DDD,2014J,0.1,0.06666666666666667,0.08
553382,DDD,2013B,0.2,0.11764705882352941,0.14814814814814817
553394,CCC,2014B,0.3,0.1875,0.23076923076923075
553425,FFF,2013B,0.0,0.0,0.0
553427,FFF,2013J,0.2,0.14814814814814814,0.1702127659574468
553442,BBB,2013B,0.15,0.1875,0.16666666666666663
553462,BBB,2013B,0.25,1.0,0.4
553487,BBB,2013B,0.0,0.0,0.0
553500,FFF,2013B,0.15,0.1,0.12
553502,BBB,2013B,0.05,0.058823529411764705,0.05405405405405405
553508,BBB,2013B,0.25,0.7142857142857143,0.37037037037037035
553528,FFF,2013B,0.25,0.22727272727272727,0.23809523809523808
553572,BBB,2013B,0.2,0.16666666666666666,0.1818181818181818
553575,DDD,2013B,0.4,0.13114754098360656,0.19753086419753088
553599,CCC,2014J,0.2,0.14814814814814814,0.1702127659574468
553643,GGG,2013J,0.2,0.3333333333333333,0.25
553649,FFF,2013B,0.0,0.0,0.0
553655,CCC,2014B,0.35,0.2692307692307692,0.3043478260869565
553655,FFF,2013B,0.15,0.07894736842105263,0.10344827586206896
553716,BBB,2013B,0.0,0.0,0.0
553719,CCC,2014J,0.25,0.14285714285714285,0.18181818181818182
553719,DDD,2013J,0.05,0.037037037037037035,0.0425531914893617
553727,FFF,2013B,0.05,0.07142857142857142,0.058823529411764705
553729,BBB,2013B,0.2,1.0,0.33333333333333337
553733,BBB,2014B,0.05,1.0,0.09523809523809523
553741,CCC,2014B,0.0,0.0,0.0
553741,CCC,2014J,0.0,0.0,0.0
553781,FFF,2013B,0.1,0.06451612903225806,0.0784313725490196
553800,BBB,2013B,0.1,0.5,0.16666666666666669
553808,BBB,2014B,0.1,0.07407407407407407,0.0851063829787234
553813,FFF,2013B,0.0,0.0,0.0
553813,FFF,2014J,0.15,0.11538461538461539,0.13043478260869565
553825,BBB,2013J,0.15,0.5,0.23076923076923075
553831,FFF,2013B,0.2,0.08163265306122448,0.11594202898550723
553840,BBB,2013B,0.3,0.23076923076923078,0.2608695652173913
553856,BBB,2013J,0.3,0.23076923076923078,0.2608695652173913
553878,FFF,2013B,0.2,0.25,0.22222222222222224
553963,FFF,2013B,0.0,0.0,0.0
553964,DDD,2013B,0.1,0.09523809523809523,0.0975609756097561
554004,BBB,2014B,0.0,0.0,0.0
554038,FFF,2013B,0.05,0.05263157894736842,0.05128205128205128
554044,FFF,2013B,0.05,0.07692307692307693,0.060606060606060615
554048,BBB,2014J,0.25,0.2631578947368421,0.25641025641025644
554052,EEE,2013J,0.4,0.8,0.5333333333333333
554063,FFF,2014J,0.3,0.14634146341463414,0.19672131147540983
554065,CCC,2014J,0.0,0.0,0.0
554065,DDD,2014B,0.2,0.07142857142857142,0.10526315789473682
554083,BBB,2013B,0.05,0.06666666666666667,0.05714285714285715
554141,CCC,2014B,0.0,0.0,0.0
554161,DDD,2013B,0.15,0.09375,0.11538461538461538
554166,FFF,2013B,0.2,0.3076923076923077,0.24242424242424246
554174,DDD,2013B,0.2,0.125,0.15384615384615385
554193,DDD,2013B,0.15,0.10714285714285714,0.125
554205,CCC,2014B,0.1,0.13333333333333333,0.1142857142857143
554205,DDD,2013B,0.0,0.0,0.0
554206,BBB,2013B,0.05,0.16666666666666666,0.07692307692307691
554226,BBB,2013B,0.1,0.11764705882352941,0.1081081081081081
554235,EEE,2013J,0.0,0.0,0.0
554236,FFF,2013B,0.2,0.11764705882352941,0.14814814814814817
554243,BBB,2013J,0.05,1.0,0.09523809523809523
554245,DDD,2013B,0.4,0.13114754098360656,0.19753086419753088
554256,FFF,2013B,0.05,0.06666666666666667,0.05714285714285715
554257,FFF,2013J,0.5,0.2564102564102564,0.3389830508474576
554283,DDD,2013J,0.15,0.15,0.15
554289,FFF,2013B,0.15,0.09375,0.11538461538461538
554295,DDD,2013B,0.0,0.0,0.0
554314,BBB,2013J,0.1,1.0,0.18181818181818182
554331,FFF,2013B,0.2,0.11764705882352941,0.14814814814814817
554336,BBB,2013B,0.2,0.36363636363636365,0.25806451612903225
554344,BBB,2013B,0.05,0.0625,0.05555555555555556
554352,BBB,2013B,0.05,0.125,0.07142857142857144
554356,DDD,2013J,0.35,0.11666666666666667,0.175
554372,FFF,2013B,0.15,0.13043478260869565,0.13953488372093023
554374,BBB,2013B,0.05,0.2,0.08000000000000002
554435,FFF,2013B,0.15,0.05,0.075
554446,DDD,2013B,0.15,0.25,0.18749999999999997
554459,CCC,2014J,0.0,0.0,0.0
554459,EEE,2014J,0.15,0.5,0.23076923076923075
554470,FFF,2013J,0.35,0.1794871794871795,0.23728813559322035
554476,FFF,2013B,0.15,0.07142857142857142,0.09677419354838708
554484,DDD,2013B,0.1,0.047619047619047616,0.06451612903225806
554525,FFF,2014J,0.15,0.15,0.15
554540,BBB,2013J,0.3,0.2,0.24
554551,BBB,2013B,0.15,1.0,0.2608695652173913
554558,FFF,2013B,0.15,0.1,0.12
554574,DDD,2013B,0.05,0.08333333333333333,0.0625
554580,GGG,2014J,0.4,0.38095238095238093,0.3902439024390244
554583,CCC,2014B,0.0,0.0,0.0
554583,EEE,2013J,0.4,0.8888888888888888,0.5517241379310346
554586,FFF,2013J,0.1,0.09090909090909091,0.09523809523809525
554588,DDD,2013B,0.05,0.3333333333333333,0.08695652173913045
554592,FFF,2013B,0.05,0.029411764705882353,0.03703703703703704
554599,BBB,2014J,0.05,0.5,0.09090909090909091
554608,BBB,2013B,0.05,0.05555555555555555,0.052631578947368425
554620,FFF,2013B,0.05,0.02631578947368421,0.034482758620689655
554664,FFF,2013B,0.05,0.03333333333333333,0.04
554691,DDD,2013J,0.05,0.03571428571428571,0.041666666666666664
554712,DDD,2014B,0.0,0.0,0.0
554746,DDD,2014J,0.0,0.0,0.0
554748,FFF,2013B,0.1,0.058823529411764705,0.07407407407407408
554761,CCC,2014J,0.15,0.13636363636363635,0.14285714285714282
554761,FFF,2013B,0.0,0.0,0.0
554773,DDD,2013B,0.0,0.0,0.0
554795,BBB,2013B,0.2,0.21052631578947367,0.20512820512820512
554813,FFF,2013B,0.05,0.03571428571428571,0.041666666666666664
554830,BBB,2013B,0.0,0.0,0.0
554846,FFF,2013J,0.35,0.15555555555555556,0.21538461538461537
554852,FFF,2013B,0.15,0.1875,0.16666666666666663
554863,DDD,2014J,0.3,0.1935483870967742,0.23529411764705882
554870,CCC,2014B,0.25,0.35714285714285715,0.2941176470588235
554881,DDD,2013B,0.2,0.19047619047619047,0.1951219512195122
554881,FFF,2014B,0.0,0.0,0.0
554885,DDD,2013B,0.05,0.16666666666666666,0.07692307692307691
554894,BBB,2013B,0.25,0.3125,0.2777777777777778
554898,BBB,2013B,0.05,0.25,0.08333333333333334
554908,FFF,2013B,0.1,0.07692307692307693,0.08695652173913043
554930,BBB,2013B,0.1,0.18181818181818182,0.12903225806451613
554940,FFF,2013B,0.1,0.10526315789473684,0.10256410256410256
554951,CCC,2014B,0.2,0.18181818181818182,0.1904761904761905
554967,GGG,2013J,0.2,0.4444444444444444,0.2758620689655173
554969,BBB,2014B,0.0,0.0,0.0
554995,DDD,2013B,0.15,0.08823529411764706,0.11111111111111112
554998,BBB,2013B,0.05,0.3333333333333333,0.08695652173913045
554999,EEE,2014J,0.1,1.0,0.18181818181818182
555008,CCC,2014B,0.1,0.25,0.14285714285714288
555015,BBB,2014B,0.0,0.0,0.0
555022,EEE,2014B,0.3,0.6666666666666666,0.41379310344827586
555049,FFF,2014J,0.35,0.22580645161290322,0.2745098039215686
555059,BBB,2013B,0.0,0.0,0.0
555086,BBB,2013B,0.2,0.4444444444444444,0.2758620689655173
555102,BBB,2013B,0.1,1.0,0.18181818181818182
555144,FFF,2013B,0.0,0.0,0.0
555228,EEE,2013J,0.45,0.8181818181818182,0.5806451612903226
555239,DDD,2013J,0.25,0.11627906976744186,0.15873015873015872
555250,FFF,2013B,0.1,0.18181818181818182,0.12903225806451613
555263,BBB,2013B,0.3,0.3333333333333333,0.3157894736842105
555309,BBB,2013B,0.05,0.05555555555555555,0.052631578947368425
555316,DDD,2013J,0.05,0.25,0.08333333333333334
555346,BBB,2013J,0.15,0.17647058823529413,0.16216216216216214
555349,FFF,2013B,0.6,0.27906976744186046,0.380952380952381
555407,BBB,2013B,0.1,0.2222222222222222,0.13793103448275865
555408,DDD,2013B,0.05,0.07142857142857142,0.058823529411764705
555414,BBB,2013B,0.0,0.0,0.0
555444,FFF,2013B,0.05,0.045454545454545456,0.04761904761904762
555446,DDD,2013B,0.2,0.25,0.22222222222222224
555447,EEE,2013J,0.15,0.5,0.23076923076923075
555498,CCC,2014J,0.0,0.0,0.0
555498,FFF,2013J,0.55,0.16417910447761194,0.2528735632183908
555503,FFF,2013B,0.2,0.12903225806451613,0.1568627450980392
555604,CCC,2014B,0.35,0.35,0.35
555614,BBB,2013J,0.05,0.07692307692307693,0.060606060606060615
555644,DDD,2013J,0.15,0.5,0.23076923076923075
555667,BBB,2013B,0.0,0.0,0.0
555670,BBB,2013B,0.05,0.1,0.06666666666666667
555672,BBB,2013B,0.05,0.047619047619047616,0.04878048780487805
555673,BBB,2013B,0.1,0.11764705882352941,0.1081081081081081
555674,BBB,2013B,0.1,0.125,0.11111111111111112
555675,BBB,2013B,0.0,0.0,0.0
555695,BBB,2013B,0.0,0.0,0.0
555706,CCC,2014B,0.2,0.14814814814814814,0.1702127659574468
555709,FFF,2013B,0.05,0.09090909090909091,0.06451612903225806
555721,BBB,2013J,0.05,0.038461538461538464,0.043478260869565216
555740,DDD,2013B,0.05,0.047619047619047616,0.04878048780487805
555747,BBB,2013B,0.15,0.14285714285714285,0.14634146341463414
555749,BBB,2014J,0.25,0.2631578947368421,0.25641025641025644
555756,EEE,2014B,0.45,0.75,0.5625000000000001
555760,CCC,2014J,0.0,0.0,0.0
555786,FFF,2013J,0.3,0.3333333333333333,0.3157894736842105
555791,DDD,2013J,0.15,0.10714285714285714,0.125
555827,FFF,2014J,0.0,0.0,0.0
555837,BBB,2013B,0.0,0.0,0.0
555838,BBB,2013B,0.2,0.25,0.22222222222222224
555855,FFF,2013J,0.35,0.09333333333333334,0.14736842105263157
555860,BBB,2014B,0.05,0.25,0.08333333333333334
555884,CCC,2014J,0.05,0.09090909090909091,0.06451612903225806
555929,FFF,2014B,0.15,0.11538461538461539,0.13043478260869565
555946,BBB,2013B,0.1,0.6666666666666666,0.1739130434782609
555989,CCC,2014J,0.1,0.1,0.10000000000000002
555989,DDD,2014J,0.1,0.08333333333333333,0.0909090909090909
555994,BBB,2014B,0.1,0.15384615384615385,0.12121212121212123
556004,FFF,2013B,0.05,0.1111111111111111,0.06896551724137932
556012,BBB,2014B,0.05,1.0,0.09523809523809523
556022,FFF,2013B,0.2,0.1,0.13333333333333333
556057,DDD,2014B,0.2,0.125,0.15384615384615385
556082,DDD,2013B,0.45,0.24324324324324326,0.3157894736842105
556089,BBB,2013J,0.1,0.25,0.14285714285714288
556109,EEE,2013J,0.4,0.7272727272727273,0.5161290322580645
556126,FFF,2014J,0.25,0.09803921568627451,0.14084507042253522
556133,FFF,2013B,0.25,0.09803921568627451,0.14084507042253522
556140,CCC,2014J,0.0,0.0,0.0
556140,FFF,2014B,0.2,0.09090909090909091,0.12500000000000003
556165,DDD,2013B,0.05,0.06666666666666667,0.05714285714285715
556175,BBB,2013J,0.3,0.5454545454545454,0.3870967741935483
556177,EEE,2013J,0.45,0.9,0.6
556185,DDD,2013B,0.1,0.04878048780487805,0.06557377049180328
556210,FFF,2013B,0.3,0.2222222222222222,0.25531914893617025
556211,EEE,2013J,0.25,0.7142857142857143,0.37037037037037035
556228,BBB,2013J,0.2,0.4,0.26666666666666666
556231,EEE,2013J,0.25,1.0,0.4
556246,CCC,2014B,0.2,0.21052631578947367,0.20512820512820512
556251,CCC,2014J,0.15,0.13043478260869565,0.13953488372093023
556251,FFF,2013B,0.35,0.22580645161290322,0.2745098039215686
556284,BBB,2013B,0.1,0.6666666666666666,0.1739130434782609
556292,BBB,2013B,0.1,0.07407407407407407,0.0851063829787234
556295,CCC,2014B,0.35,0.23333333333333334,0.28
556295,DDD,2013B,0.2,0.17391304347826086,0.18604651162790697
556301,BBB,2013B,0.05,0.09090909090909091,0.06451612903225806
556302,FFF,2013B,0.3,0.25,0.2727272727272727
556308,DDD,2013B,0.3,0.2222222222222222,0.25531914893617025
556337,DDD,2013B,0.2,0.10526315789473684,0.13793103448275862
556349,BBB,2013B,0.45,0.225,0.3
556362,DDD,2013B,0.1,0.16666666666666666,0.125
556370,DDD,2013B,0.0,0.0,0.0
556373,DDD,2013B,0.2,0.09523809523809523,0.12903225806451613
556374,DDD,2014J,0.2,0.18181818181818182,0.1904761904761905
556389,DDD,2013B,0.0,0.0,0.0
556391,FFF,2013B,0.25,0.1111111111111111,0.15384615384615383
556406,GGG,2014B,0.4,0.5714285714285714,0.47058823529411764
556416,DDD,2014B,0.2,0.07142857142857142,0.10526315789473682
556429,FFF,2013B,0.25,0.20833333333333334,0.22727272727272727
556440,FFF,2013B,0.25,0.22727272727272727,0.23809523809523808
556476,CCC,2014J,0.15,0.21428571428571427,0.1764705882352941
556492,FFF,2014B,0.2,0.10256410256410256,0.13559322033898302
556498,FFF,2013B,0.15,0.1111111111111111,0.12765957446808512
556502,BBB,2013B,0.1,0.18181818181818182,0.12903225806451613
556509,GGG,2013J,0.05,0.1,0.06666666666666667
556514,DDD,2014J,0.1,0.05714285714285714,0.07272727272727272
556520,GGG,2013J,0.0,0.0,0.0
556521,EEE,2013J,0.45,0.5625,0.5
556523,GGG,2013J,0.65,0.4642857142857143,0.5416666666666667
556539,DDD,2013J,0.15,0.1,0.12
556540,FFF,2013B,0.2,0.07017543859649122,0.10389610389610389
556553,BBB,2013B,0.0,0.0,0.0
556567,FFF,2013B,0.1,0.10526315789473684,0.10256410256410256
556575,DDD,2013B,0.4,0.1951219512195122,0.26229508196721313
556584,CCC,2014B,0.25,0.25,0.25
556584,DDD,2013B,0.05,0.04,0.044444444444444446
556592,BBB,2013J,0.2,0.21052631578947367,0.20512820512820512
556605,BBB,2013B,0.05,0.1111111111111111,0.06896551724137932
556639,FFF,2013J,0.7,0.2916666666666667,0.4117647058823529
556644,BBB,2014J,0.2,0.2,0.20000000000000004
556645,CCC,2014J,0.0,0.0,0.0
556645,EEE,2013J,0.4,0.8,0.5333333333333333
556646,FFF,2013J,0.1,0.058823529411764705,0.07407407407407408
556659,FFF,2013B,0.1,0.05405405405405406,0.07017543859649122
556660,DDD,2013B,0.15,0.1111111111111111,0.12765957446808512
556692,BBB,2013B,0.05,0.5,0.09090909090909091
556709,EEE,2013J,0.2,0.6666666666666666,0.30769230769230765
556721,DDD,2013B,0.15,0.16666666666666666,0.15789473684210525
556751,DDD,2013J,0.1,0.3333333333333333,0.15384615384615383
556774,DDD,2013B,0.05,0.05,0.05000000000000001
556780,DDD,2013B,0.1,0.10526315789473684,0.10256410256410256
556783,FFF,2013B,0.65,0.1566265060240964,0.2524271844660194
556785,DDD,2013B,0.1,0.1,0.10000000000000002
556824,CCC,2014J,0.1,0.09523809523809523,0.0975609756097561
556835,DDD,2013B,0.35,0.1590909090909091,0.21875
556853,BBB,2014B,0.1,0.6666666666666666,0.1739130434782609
556858,CCC,2014B,0.05,0.08333333333333333,0.0625
556860,BBB,2013B,0.1,0.06896551724137931,0.08163265306122448
556863,BBB,2014J,0.15,0.21428571428571427,0.1764705882352941
556865,BBB,2013B,0.0,0.0,0.0
556871,BBB,2013B,0.05,0.09090909090909091,0.06451612903225806
556876,BBB,2013B,0.0,0.0,0.0
556877,BBB,2014B,0.0,0.0,0.0
556878,BBB,2013B,0.2,0.26666666666666666,0.2285714285714286
556880,FFF,2013B,0.0,0.0,0.0
556883,BBB,2013B,0.15,0.10714285714285714,0.125
556887,BBB,2013B,0.1,0.16666666666666666,0.125
556892,BBB,2013B,0.1,0.2,0.13333333333333333
556898,BBB,2013B,0.0,0.0,0.0
556918,DDD,2013B,0.25,0.20833333333333334,0.22727272727272727
556924,FFF,2013B,0.25,0.10869565217391304,0.15151515151515152
556931,FFF,2013B,0.05,0.06666666666666667,0.05714285714285715
556934,DDD,2013B,0.3,0.15,0.2
556945,FFF,2013B,0.25,0.11904761904761904,0.16129032258064516
556959,BBB,2013B,0.15,0.17647058823529413,0.16216216216216214
556972,BBB,2013J,0.15,0.21428571428571427,0.1764705882352941
556987,BBB,2013B,0.0,0.0,0.0
556990,BBB,2013B,0.25,0.2777777777777778,0.2631578947368421
556992,BBB,2013B,0.0,0.0,0.0
556997,BBB,2013B,0.0,0.0,0.0
556999,BBB,2013B,0.15,0.2727272727272727,0.19354838709677416
557006,BBB,2013B,0.05,0.25,0.08333333333333334
557012,FFF,2013J,0.1,0.0625,0.07692307692307693
557020,FFF,2013J,0.65,0.1566265060240964,0.2524271844660194
557024,BBB,2013B,0.25,0.3333333333333333,0.28571428571428575
557029,BBB,2014B,0.1,0.6666666666666666,0.1739130434782609
557032,BBB,2013B,0.15,0.13043478260869565,0.13953488372093023
557044,FFF,2013J,0.2,0.12903225806451613,0.1568627450980392
557045,DDD,2013B,0.05,0.034482758620689655,0.04081632653061224
557053,FFF,2013B,0.35,0.12280701754385964,0.1818181818181818
557054,FFF,2013J,0.85,0.3541666666666667,0.5
557057,BBB,2013B,0.2,0.3076923076923077,0.24242424242424246
557060,BBB,2013B,0.1,0.4,0.16000000000000003
557085,FFF,2014J,0.1,0.07407407407407407,0.0851063829787234
557085,GGG,2013J,0.45,0.6,0.5142857142857143
557129,FFF,2013B,0.15,0.21428571428571427,0.1764705882352941
557145,BBB,2013B,0.25,0.8333333333333334,0.3846153846153846
557147,EEE,2013J,0.05,0.3333333333333333,0.08695652173913045
557177,FFF,2013B,0.1,0.13333333333333333,0.1142857142857143
557203,FFF,2013B,0.0,0.0,0.0
557220,BBB,2013B,0.1,0.1,0.10000000000000002
557229,EEE,2014J,0.5,0.4,0.4444444444444445
557237,DDD,2014J,0.1,0.08333333333333333,0.0909090909090909
557285,BBB,2013B,0.25,0.2631578947368421,0.25641025641025644
557290,FFF,2014J,0.25,0.18518518518518517,0.2127659574468085
557308,BBB,2013B,0.15,0.13043478260869565,0.13953488372093023
557314,FFF,2013B,0.15,0.09375,0.11538461538461538
557325,BBB,2013B,0.1,0.5,0.16666666666666669
557345,FFF,2013B,0.3,0.11538461538461539,0.16666666666666669
557358,DDD,2013B,0.05,0.07142857142857142,0.058823529411764705
557385,FFF,2013J,0.2,0.11764705882352941,0.14814814814814817
557388,FFF,2013B,0.55,0.1896551724137931,0.282051282051282
557389,DDD,2014J,0.2,0.18181818181818182,0.1904761904761905
557395,FFF,2013J,0.05,0.034482758620689655,0.04081632653061224
557404,DDD,2014B,0.25,0.20833333333333334,0.22727272727272727
557415,EEE,2013J,0.45,0.5294117647058824,0.48648648648648646
557445,FFF,2013B,0.3,0.06382978723404255,0.10526315789473684
557451,BBB,2013B,0.1,0.6666666666666666,0.1739130434782609
557469,FFF,2014B,0.65,0.24528301886792453,0.35616438356164376
557474,DDD,2013J,0.1,0.16666666666666666,0.125
557474,DDD,2014J,0.0,0.0,0.0
557477,DDD,2013B,0.05,0.125,0.07142857142857144
557528,BBB,2013B,0.1,0.2857142857142857,0.14814814814814817
557545,FFF,2013J,0.35,0.28,0.3111111111111111
557594,BBB,2013B,0.25,0.3125,0.2777777777777778
557622,BBB,2013B,0.25,0.2777777777777778,0.2631578947368421
557650,CCC,2014J,0.4,0.4,0.4000000000000001
557650,FFF,2014B,0.05,0.047619047619047616,0.04878048780487805
557652,BBB,2013J,0.1,0.5,0.16666666666666669
557655,FFF,2013J,0.3,0.18181818181818182,0.22641509433962265
557661,FFF,2013J,0.0,0.0,0.0
557694,DDD,2013B,0.2,0.13793103448275862,0.16326530612244897
557700,CCC,2014J,0.15,0.15789473684210525,0.15384615384615385
557700,EEE,2014B,0.3,0.75,0.4285714285714285
557710,FFF,2013B,0.85,0.1452991452991453,0.24817518248175183
557735,FFF,2013J,0.6,0.2553191489361702,0.3582089552238805
557742,DDD,2013B,0.05,0.037037037037037035,0.0425531914893617
557758,BBB,2013B,0.0,0.0,0.0
557764,DDD,2013B,0.05,0.038461538461538464,0.043478260869565216
557766,FFF,2013J,0.1,0.5,0.16666666666666669
557775,BBB,2013B,0.2,0.21052631578947367,0.20512820512820512
557787,FFF,2013B,0.2,0.25,0.22222222222222224
557811,FFF,2013B,0.2,0.07407407407407407,0.10810810810810811
557840,FFF,2013B,0.2,0.14285714285714285,0.16666666666666666
557846,DDD,2013B,0.1,0.09090909090909091,0.09523809523809525
557877,FFF,2013B,0.05,0.047619047619047616,0.04878048780487805
557891,FFF,2013B,0.25,0.13513513513513514,0.1754385964912281
557911,DDD,2013B,0.15,0.10714285714285714,0.125
557924,DDD,2013B,0.5,0.21739130434782608,0.30303030303030304
557959,CCC,2014J,0.0,0.0,0.0
557968,BBB,2013B,0.15,0.3333333333333333,0.20689655172413793
557979,BBB,2013B,0.05,1.0,0.09523809523809523
557995,CCC,2014B,0.0,0.0,0.0
558018,FFF,2013B,0.1,0.09523809523809523,0.0975609756097561
558021,DDD,2013J,0.15,0.06,0.08571428571428572
558024,BBB,2013B,0.1,0.14285714285714285,0.11764705882352941
558029,DDD,2014B,0.05,0.038461538461538464,0.043478260869565216
558040,BBB,2013B,0.05,0.25,0.08333333333333334
558042,BBB,2013B,0.0,0.0,0.0
558044,FFF,2014J,0.45,0.1267605633802817,0.1978021978021978
558054,EEE,2013J,0.25,0.7142857142857143,0.37037037037037035
558066,BBB,2013B,0.05,0.5,0.09090909090909091
558068,BBB,2013B,0.0,0.0,0.0
558075,BBB,2013B,0.0,0.0,0.0
558084,BBB,2014B,0.05,0.14285714285714285,0.07407407407407408
558092,BBB,2013B,0.0,0.0,0.0
558098,FFF,2013B,0.15,0.06818181818181818,0.09374999999999999
558099,BBB,2013B,0.0,0.0,0.0
558104,FFF,2013B,0.2,0.1,0.13333333333333333
558105,FFF,2014B,0.2,0.16,0.17777777777777778
558113,BBB,2013B,0.1,0.4,0.16000000000000003
558121,FFF,2014B,0.05,0.043478260869565216,0.046511627906976744
558140,DDD,2013J,0.05,1.0,0.09523809523809523
558168,BBB,2013B,0.2,0.4444444444444444,0.2758620689655173
558200,DDD,2013B,0.1,0.08333333333333333,0.0909090909090909
558208,FFF,2013B,0.65,0.1566265060240964,0.2524271844660194
558224,DDD,2013B,0.15,0.07317073170731707,0.09836065573770492
558247,BBB,2013B,0.05,1.0,0.09523809523809523
558250,BBB,2013B,0.15,0.21428571428571427,0.1764705882352941
558262,FFF,2013B,0.1,0.25,0.14285714285714288
558280,FFF,2013B,0.0,0.0,0.0
558290,DDD,2013B,0.05,0.023255813953488372,0.031746031746031744
558292,DDD,2014B,0.05,0.05,0.05000000000000001
558333,BBB,2013J,0.25,0.7142857142857143,0.37037037037037035
558345,FFF,2013J,0.45,0.16666666666666666,0.24324324324324323
558373,BBB,2013B,0.25,0.22727272727272727,0.23809523809523808
558415,DDD,2013B,0.15,0.08333333333333333,0.10714285714285714
558435,BBB,2013B,0.1,0.25,0.14285714285714288
558440,CCC,2014J,0.05,0.1111111111111111,0.06896551724137932
558440,DDD,2013B,0.0,0.0,0.0
558463,CCC,2014J,0.0,0.0,0.0
558463,EEE,2013J,0.2,0.36363636363636365,0.25806451612903225
558484,FFF,2013J,0.2,0.16,0.17777777777777778
558486,GGG,2014J,0.05,0.09090909090909091,0.06451612903225806
558488,DDD,2013B,0.05,0.09090909090909091,0.06451612903225806
558489,FFF,2013B,0.5,0.38461538461538464,0.4347826086956522
558503,FFF,2013B,0.15,0.15,0.15
558509,EEE,2014J,0.5,0.5882352941176471,0.5405405405405405
558518,CCC,2014B,0.0,0.0,0.0
558533,BBB,2013J,0.1,0.11764705882352941,0.1081081081081081
558558,FFF,2013B,0.4,0.13559322033898305,0.20253164556962028
558595,BBB,2014B,0.0,0.0,0.0
558597,FFF,2013B,0.15,0.08571428571428572,0.10909090909090909
558616,CCC,2014B,0.15,0.2,0.17142857142857143
558622,BBB,2013B,0.0,0.0,0.0
558628,FFF,2013B,0.2,0.1,0.13333333333333333
558629,DDD,2014B,0.0,0.0,0.0
558635,FFF,2013J,0.2,0.17391304347826086,0.18604651162790697
558645,DDD,2013B,0.05,0.043478260869565216,0.046511627906976744
558661,BBB,2013J,0.1,0.2857142857142857,0.14814814814814817
558678,DDD,2013B,0.2,0.125,0.15384615384615385
558689,BBB,2013B,0.0,0.0,0.0
558692,FFF,2013B,0.05,0.125,0.07142857142857144
558703,BBB,2013B,0.05,1.0,0.09523809523809523
558705,DDD,2014B,0.15,0.13043478260869565,0.13953488372093023
558747,BBB,2013B,0.1,0.4,0.16000000000000003
558760,FFF,2013B,0.1,0.09523809523809523,0.0975609756097561
558764,FFF,2014J,0.05,0.05555555555555555,0.052631578947368425
558765,DDD,2013J,0.05,0.03225806451612903,0.0392156862745098
558769,BBB,2013B,0.0,0.0,0.0
558770,FFF,2013B,0.1,0.09090909090909091,0.09523809523809525
558772,FFF,2013B,0.55,0.2558139534883721,0.34920634920634924
558787,DDD,2013B,0.1,0.06896551724137931,0.08163265306122448
558801,FFF,2013B,0.1,0.07692307692307693,0.08695652173913043
558806,DDD,2013B,0.05,0.05555555555555555,0.052631578947368425
558820,BBB,2013B,0.3,0.1875,0.23076923076923075
558837,DDD,2013B,0.05,0.05555555555555555,0.052631578947368425
558839,CCC,2014J,0.2,0.21052631578947367,0.20512820512820512
558851,FFF,2013B,0.15,0.12,0.1333333333333333
558893,FFF,2013J,0.45,0.1267605633802817,0.1978021978021978
558903,BBB,2013B,0.2,0.4444444444444444,0.2758620689655173
558907,FFF,2013B,0.15,0.06818181818181818,0.09374999999999999
558914,CCC,2014B,0.15,0.12,0.1333333333333333
558914,DDD,2013B,0.05,0.1,0.06666666666666667
558915,FFF,2013B,0.35,0.14,0.2
558921,BBB,2014B,0.0,0.0,0.0
558948,DDD,2013B,0.0,0.0,0.0
558955,BBB,2013B,0.0,0.0,0.0
558962,BBB,2013J,0.1,0.16666666666666666,0.125
558963,FFF,2013B,0.05,0.05263157894736842,0.05128205128205128
558965,BBB,2013B,0.1,0.2,0.13333333333333333
558970,FFF,2013J,0.1,0.07142857142857142,0.08333333333333333
558983,BBB,2013J,0.1,0.13333333333333333,0.1142857142857143
559004,FFF,2013B,0.15,0.1,0.12
559031,BBB,2013B,0.05,0.3333333333333333,0.08695652173913045
559058,FFF,2013B,0.1,0.10526315789473684,0.10256410256410256
559081,DDD,2013B,0.15,0.11538461538461539,0.13043478260869565
559096,DDD,2013J,0.1,0.11764705882352941,0.1081081081081081
559123,DDD,2013J,0.15,0.5,0.23076923076923075
559140,DDD,2013J,0.15,0.07894736842105263,0.10344827586206896
559155,FFF,2013B,0.15,0.11538461538461539,0.13043478260869565
559157,CCC,2014B,0.0,0.0,0.0
559168,BBB,2013J,0.1,0.15384615384615385,0.12121212121212123
559180,BBB,2013B,0.15,0.3,0.2
559253,BBB,2013B,0.1,0.4,0.16000000000000003
559282,DDD,2013B,0.0,0.0,0.0
559293,DDD,2013B,0.05,0.034482758620689655,0.04081632653061224
559325,FFF,2013B,0.2,0.09523809523809523,0.12903225806451613
559328,DDD,2014B,0.15,0.17647058823529413,0.16216216216216214
559335,FFF,2013B,0.25,0.18518518518518517,0.2127659574468085
559336,BBB,2014B,0.2,0.14285714285714285,0.16666666666666666
559344,BBB,2014J,0.25,0.2631578947368421,0.25641025641025644
559350,BBB,2013B,0.2,0.5714285714285714,0.29629629629629634
559381,BBB,2014B,0.1,0.18181818181818182,0.12903225806451613
559382,BBB,2013J,0.05,0.05,0.05000000000000001
559389,BBB,2013B,0.1,0.2857142857142857,0.14814814814814817
559405,FFF,2013B,0.0,0.0,0.0
559414,BBB,2013J,0.15,0.25,0.18749999999999997
559420,DDD,2013B,0.2,0.07142857142857142,0.10526315789473682
559423,FFF,2013B,0.55,0.11,0.18333333333333335
559428,FFF,2013J,0.25,0.08771929824561403,0.12987012987012986
559440,FFF,2013B,0.0,0.0,0.0
559447,DDD,2014J,0.3,0.1276595744680851,0.17910447761194026
559452,BBB,2013B,0.15,0.1875,0.16666666666666663
559454,FFF,2013B,0.05,0.038461538461538464,0.043478260869565216
559458,BBB,2013B,0.0,0.0,0.0
559467,BBB,2014B,0.1,1.0,0.18181818181818182
559469,DDD,2013B,0.1,0.13333333333333333,0.1142857142857143
559474,DDD,2013B,0.1,0.10526315789473684,0.10256410256410256
559475,BBB,2013B,0.0,0.0,0.0
559495,BBB,2013B,0.1,0.18181818181818182,0.12903225806451613
559518,CCC,2014J,0.0,0.0,0.0
559518,EEE,2014B,0.05,0.3333333333333333,0.08695652173913045
559540,DDD,2013J,0.15,0.6,0.24
559551,EEE,2013J,0.05,1.0,0.09523809523809523
559573,BBB,2014B,0.0,0.0,0.0
559584,BBB,2013J,0.3,0.5454545454545454,0.3870967741935483
559589,FFF,2013B,0.15,0.13636363636363635,0.14285714285714282
559594,FFF,2013B,0.15,0.08571428571428572,0.10909090909090909
559595,BBB,2013B,0.05,0.14285714285714285,0.07407407407407408
559603,BBB,2013B,0.05,0.3333333333333333,0.08695652173913045
559606,BBB,2013B,0.05,0.09090909090909091,0.06451612903225806
559608,BBB,2013B,0.15,0.13043478260869565,0.13953488372093023
559609,FFF,2013B,0.2,0.21052631578947367,0.20512820512820512
559611,BBB,2013B,0.15,0.3333333333333333,0.20689655172413793
559612,DDD,2013B,0.05,0.09090909090909091,0.06451612903225806
559617,EEE,2013J,0.15,0.6,0.24
559642,FFF,2013B,0.65,0.17333333333333334,0.2736842105263158
559651,BBB,2013B,0.0,0.0,0.0
559672,DDD,2013B,0.15,0.14285714285714285,0.14634146341463414
559680,DDD,2013J,0.3,0.09836065573770492,0.14814814814814814
559685,BBB,2013J,0.0,0.0,0.0
559706,CCC,2014B,0.15,0.17647058823529413,0.16216216216216214
559706,DDD,2013B,0.05,0.03125,0.038461538461538464
559707,DDD,2014J,0.05,0.09090909090909091,0.06451612903225806
559744,BBB,2013B,0.1,0.25,0.14285714285714288
559754,FFF,2013J,0.15,0.10714285714285714,0.125
559758,EEE,2013J,0.1,0.4,0.16000000000000003
559760,FFF,2013B,0.75,0.2112676056338028,0.3296703296703297
559770,CCC,2014B,0.05,0.05263157894736842,0.05128205128205128
559770,FFF,2013B,0.25,0.08771929824561403,0.12987012987012986
559785,FFF,2013B,0.2,0.10256410256410256,0.13559322033898302
559813,FFF,2013J,0.55,0.3055555555555556,0.39285714285714285
559851,BBB,2013J,0.15,0.17647058823529413,0.16216216216216214
559852,DDD,2014J,0.2,0.10810810810810811,0.14035087719298245
559856,FFF,2013B,0.35,0.07865168539325842,0.12844036697247707
559861,BBB,2014B,0.05,0.125,0.07142857142857144
559863,CCC,2014J,0.15,0.08571428571428572,0.10909090909090909
559863,FFF,2013J,0.3,0.16216216216216217,0.2105263157894737
559872,DDD,2014B,0.15,0.10344827586206896,0.12244897959183673
559876,FFF,2014B,0.5,0.15384615384615385,0.23529411764705882
559903,DDD,2013B,0.2,0.10526315789473684,0.13793103448275862
559908,DDD,2013J,0.3,0.09230769230769231,0.1411764705882353
559912,EEE,2013J,0.15,0.5,0.23076923076923075
559919,GGG,2013J,0.85,0.5862068965517241,0.6938775510204082
559930,DDD,2013B,0.15,0.2,0.17142857142857143
559950,DDD,2013B,0.0,0.0,0.0
559979,FFF,2013J,0.05,0.03333333333333333,0.04
559992,DDD,2013J,0.35,0.109375,0.16666666666666666
560015,DDD,2013J,0.2,0.16,0.17777777777777778
560022,FFF,2013B,0.15,0.12,0.1333333333333333
560024,DDD,2013B,0.1,0.08,0.08888888888888889
560046,FFF,2013B,0.1,0.1,0.10000000000000002
560047,FFF,2014J,0.4,0.16326530612244897,0.23188405797101447
560064,CCC,2014J,0.1,0.09523809523809523,0.0975609756097561
560065,CCC,2014J,0.0,0.0,0.0
560072,FFF,2013B,0.3,0.12244897959183673,0.17391304347826086
560074,BBB,2013J,0.15,0.3333333333333333,0.20689655172413793
560075,BBB,2013B,0.15,0.14285714285714285,0.14634146341463414
560089,BBB,2014J,0.55,0.55,0.55
560114,CCC,2014B,0.2,0.16666666666666666,0.1818181818181818
560114,DDD,2013B,0.25,0.2631578947368421,0.25641025641025644
560170,BBB,2013B,0.15,0.3333333333333333,0.20689655172413793
560179,DDD,2013B,0.05,0.08333333333333333,0.0625
560182,FFF,2013B,0.2,0.13793103448275862,0.16326530612244897
560199,FFF,2013B,0.2,0.11764705882352941,0.14814814814814817
560207,FFF,2013B,0.2,0.10810810810810811,0.14035087719298245
560208,BBB,2014J,0.05,0.1,0.06666666666666667
560238,BBB,2014B,0.0,0.0,0.0
560240,DDD,2013B,0.15,0.1875,0.16666666666666663
560243,DDD,2013J,0.4,0.14035087719298245,0.20779220779220778
560260,DDD,2013B,0.1,0.15384615384615385,0.12121212121212123
560301,DDD,2014J,0.05,0.06666666666666667,0.05714285714285715
560311,CCC,2014B,0.1,0.1,0.10000000000000002
560311,DDD,2013B,0.15,0.125,0.13636363636363635
560319,BBB,2013B,0.0,0.0,0.0
560328,GGG,2013J,0.5,0.5882352941176471,0.5405405405405405
560329,FFF,2013J,0.15,0.0967741935483871,0.11764705882352941
560347,DDD,2013B,0.2,0.11428571428571428,0.14545454545454545
560374,GGG,2013J,0.4,0.5,0.4444444444444445
560381,DDD,2013B,0.25,0.15625,0.19230769230769232
560391,DDD,2013B,0.05,0.038461538461538464,0.043478260869565216
560399,FFF,2014B,0.25,0.3125,0.2777777777777778
560401,FFF,2013J,0.5,0.19230769230769232,0.2777777777777778
560404,FFF,2013B,0.4,0.3333333333333333,0.3636363636363636
560410,FFF,2013J,0.55,0.28205128205128205,0.3728813559322034
560425,FFF,2013B,0.2,0.10526315789473684,0.13793103448275862
560431,FFF,2013B,0.1,0.06666666666666667,0.08
560444,DDD,2013B,0.15,0.10714285714285714,0.125
560455,BBB,2013B,0.0,0.0,0.0
560458,DDD,2013J,0.15,0.12,0.1333333333333333
560459,FFF,2014J,0.15,0.3,0.2
560468,BBB,2013B,0.15,0.15789473684210525,0.15384615384615385
560486,DDD,2013J,0.05,0.037037037037037035,0.0425531914893617
560493,DDD,2013J,0.2,0.09523809523809523,0.12903225806451613
560494,CCC,2014B,0.0,0.0,0.0
560496,FFF,2014B,0.15,0.09375,0.11538461538461538
560536,BBB,2014B,0.0,0.0,0.0
560554,CCC,2014J,0.15,0.375,0.21428571428571425
560567,BBB,2013J,0.15,0.5,0.23076923076923075
560585,FFF,2013B,0.2,0.0975609756097561,0.13114754098360656
560597,BBB,2014J,0.1,0.15384615384615385,0.12121212121212123
560645,FFF,2014J,0.45,0.225,0.3
560652,BBB,2014J,0.1,0.11764705882352941,0.1081081081081081
560653,GGG,2013J,0.05,0.0625,0.05555555555555556
560659,FFF,2013J,0.0,0.0,0.0
560676,BBB,2013J,0.1,0.125,0.11111111111111112
560703,FFF,2013J,0.3,0.1016949152542373,0.1518987341772152
560707,EEE,2014J,0.4,0.47058823529411764,0.4324324324324324
560723,EEE,2013J,0.45,0.9,0.6
560727,FFF,2013J,0.2,0.14285714285714285,0.16666666666666666
560759,DDD,2013J,0.1,0.09523809523809523,0.0975609756097561
560759,EEE,2014J,0.1,0.15384615384615385,0.12121212121212123
560773,BBB,2013J,0.05,0.125,0.07142857142857144
560784,CCC,2014J,0.0,0.0,0.0
560784,EEE,2013J,0.45,0.9,0.6
560876,EEE,2013J,0.2,0.5,0.28571428571428575
560879,CCC,2014J,0.15,0.15,0.15
560879,DDD,2013J,0.15,0.07142857142857142,0.09677419354838708
560881,EEE,2014J,0.55,0.6875,0.6111111111111112
560921,EEE,2014J,0.35,0.7777777777777778,0.48275862068965514
560928,EEE,2013J,0.4,0.8,0.5333333333333333
560944,DDD,2014B,0.3,0.13636363636363635,0.18749999999999997
560946,FFF,2013J,0.05,0.2,0.08000000000000002
560948,DDD,2013J,0.1,0.07692307692307693,0.08695652173913043
560949,FFF,2013J,0.2,0.10256410256410256,0.13559322033898302
560968,BBB,2013B,0.1,0.1111111111111111,0.10526315789473685
560970,BBB,2013B,0.05,0.07142857142857142,0.058823529411764705
561009,CCC,2014J,0.1,0.2222222222222222,0.13793103448275865
561009,FFF,2014B,0.0,0.0,0.0
561031,FFF,2013J,0.45,0.2571428571428571,0.32727272727272727
561060,BBB,2014B,0.0,0.0,0.0
561061,BBB,2014B,0.1,0.4,0.16000000000000003
561068,FFF,2013J,0.1,0.2,0.13333333333333333
561072,DDD,2013J,0.2,0.2,0.20000000000000004
561088,DDD,2013B,0.05,0.3333333333333333,0.08695652173913045
561138,BBB,2013B,0.1,0.15384615384615385,0.12121212121212123
561148,GGG,2013J,0.05,0.16666666666666666,0.07692307692307691
561161,BBB,2013B,0.0,0.0,0.0
561163,GGG,2013J,0.2,0.18181818181818182,0.1904761904761905
561164,BBB,2013B,0.15,0.1111111111111111,0.12765957446808512
561166,BBB,2013B,0.2,0.5714285714285714,0.29629629629629634
561167,BBB,2013B,0.1,0.125,0.11111111111111112
561192,EEE,2013J,0.15,0.75,0.24999999999999997
561195,CCC,2014J,0.05,0.04,0.044444444444444446
561195,DDD,2013J,0.35,0.1346153846153846,0.19444444444444445
561206,BBB,2014J,0.2,0.25,0.22222222222222224
561208,CCC,2014J,0.0,0.0,0.0
561208,EEE,2013J,0.05,0.2,0.08000000000000002
561208,EEE,2014J,0.1,0.5,0.16666666666666669
561231,FFF,2014J,0.35,0.14,0.2
561268,FFF,2013J,0.3,0.12244897959183673,0.17391304347826086
561312,BBB,2013J,0.15,0.17647058823529413,0.16216216216216214
561343,BBB,2013B,0.15,0.375,0.21428571428571425
561363,CCC,2014B,0.0,0.0,0.0
561363,EEE,2014B,0.4,0.6153846153846154,0.4848484848484849
561386,FFF,2013J,0.35,0.14583333333333334,0.20588235294117646
561413,EEE,2014J,0.6,0.6,0.6
561419,GGG,2014J,0.2,0.25,0.22222222222222224
561437,BBB,2013B,0.0,0.0,0.0
561444,BBB,2013B,0.15,0.14285714285714285,0.14634146341463414
561445,BBB,2013B,0.1,0.08,0.08888888888888889
561448,BBB,2013B,0.05,0.3333333333333333,0.08695652173913045
561452,BBB,2013B,0.2,0.26666666666666666,0.2285714285714286
561455,BBB,2013B,0.05,0.5,0.09090909090909091
561457,BBB,2013J,0.0,0.0,0.0
561458,BBB,2013B,0.0,0.0,0.0
561459,BBB,2013B,0.0,0.0,0.0
561461,BBB,2013B,0.2,0.2857142857142857,0.23529411764705882
561476,CCC,2014J,0.15,0.25,0.18749999999999997
561476,DDD,2013J,0.0,0.0,0.0
561515,DDD,2013J,0.25,0.13157894736842105,0.1724137931034483
561534,BBB,2013J,0.35,0.25925925925925924,0.29787234042553196
561542,FFF,2013J,0.2,0.13793103448275862,0.16326530612244897
561559,CCC,2014B,0.35,0.2916666666666667,0.31818181818181823
561559,EEE,2014B,0.2,0.3333333333333333,0.25
561560,CCC,2014J,0.0,0.0,0.0
561591,BBB,2013J,0.1,0.16666666666666666,0.125
561608,BBB,2014J,0.25,0.25,0.25
561618,BBB,2014J,0.3,0.3,0.3
561640,BBB,2013J,0.1,0.13333333333333333,0.1142857142857143
561713,BBB,2013B,0.15,0.125,0.13636363636363635
561714,FFF,2013J,0.2,0.2857142857142857,0.23529411764705882
561715,BBB,2013B,0.0,0.0,0.0
561716,BBB,2013B,0.0,0.0,0.0
561734,DDD,2013B,0.05,0.06666666666666667,0.05714285714285715
561734,DDD,2013J,0.0,0.0,0.0
561752,BBB,2014J,0.45,0.3,0.36000000000000004
561774,CCC,2014B,0.15,0.12,0.1333333333333333
561774,EEE,2014B,0.45,0.6923076923076923,0.5454545454545455
561807,DDD,2013J,0.25,0.125,0.16666666666666666
561810,DDD,2013J,0.2,0.1111111111111111,0.14285714285714285
561819,DDD,2013J,0.0,0.0,0.0
561826,CCC,2014J,0.05,0.125,0.07142857142857144
561826,EEE,2013J,0.35,0.875,0.4999999999999999
561841,BBB,2013J,0.05,0.05555555555555555,0.052631578947368425
561848,CCC,2014J,0.1,0.6666666666666666,0.1739130434782609
561848,DDD,2013B,0.25,0.22727272727272727,0.23809523809523808
561865,FFF,2013J,0.2,0.26666666666666666,0.2285714285714286
561867,FFF,2013J,0.3,0.35294117647058826,0.3243243243243243
561868,FFF,2013J,0.35,0.14583333333333334,0.20588235294117646
561873,FFF,2013J,0.05,0.08333333333333333,0.0625
561874,FFF,2013J,0.25,0.125,0.16666666666666666
561879,FFF,2013J,0.25,0.1724137931034483,0.20408163265306123
561881,DDD,2013J,0.15,0.10344827586206896,0.12244897959183673
561884,GGG,2013J,0.2,0.2222222222222222,0.2105263157894737
561889,FFF,2013J,0.2,0.16,0.17777777777777778
561904,DDD,2014J,0.0,0.0,0.0
561905,DDD,2013J,0.1,0.2222222222222222,0.13793103448275865
561913,CCC,2014J,0.05,0.16666666666666666,0.07692307692307691
561913,DDD,2014B,0.0,0.0,0.0
561929,FFF,2013J,0.25,0.13157894736842105,0.1724137931034483
561930,FFF,2013J,0.15,0.08571428571428572,0.10909090909090909
561953,BBB,2014B,0.15,0.23076923076923078,0.18181818181818185
561955,DDD,2013J,0.15,0.10344827586206896,0.12244897959183673
561976,FFF,2013J,0.15,0.1875,0.16666666666666663
561978,BBB,2014B,0.0,0.0,0.0
561979,BBB,2014J,0.05,0.16666666666666666,0.07692307692307691
562064,DDD,2013J,0.1,0.13333333333333333,0.1142857142857143
562064,FFF,2014J,0.3,0.13953488372093023,0.1904761904761905
562090,BBB,2013J,0.3,0.21428571428571427,0.25
562112,DDD,2014B,0.35,0.14893617021276595,0.208955223880597
562239,BBB,2014J,0.2,0.3076923076923077,0.24242424242424246
562270,BBB,2013J,0.05,0.038461538461538464,0.043478260869565216
562377,FFF,2013J,0.05,0.125,0.07142857142857144
562437,DDD,2013J,0.25,0.13513513513513514,0.1754385964912281
562448,FFF,2013J,0.35,0.16666666666666666,0.22580645161290322
562450,CCC,2014B,0.35,0.25925925925925924,0.29787234042553196
562460,FFF,2013J,0.0,0.0,0.0
562465,BBB,2013B,0.0,0.0,0.0
562489,BBB,2013B,0.1,0.3333333333333333,0.15384615384615383
562490,DDD,2013J,0.0,0.0,0.0
562495,BBB,2013B,0.1,0.18181818181818182,0.12903225806451613
562628,GGG,2014B,0.25,0.38461538461538464,0.30303030303030304
562632,DDD,2014B,0.2,0.11764705882352941,0.14814814814814817
562696,GGG,2013J,0.15,0.17647058823529413,0.16216216216216214
562728,DDD,2013J,0.15,0.057692307692307696,0.08333333333333334
562754,FFF,2014J,0.05,0.125,0.07142857142857144
562825,CCC,2014B,0.0,0.0,0.0
562825,EEE,2014B,0.1,0.5,0.16666666666666669
562857,BBB,2014B,0.0,0.0,0.0
562884,CCC,2014J,0.05,0.037037037037037035,0.0425531914893617
562913,GGG,2013J,0.2,0.3333333333333333,0.25
562990,FFF,2014J,0.25,0.625,0.35714285714285715
563016,CCC,2014J,0.1,0.16666666666666666,0.125
563016,DDD,2013J,0.15,0.058823529411764705,0.08450704225352114
563027,BBB,2014J,0.1,0.125,0.11111111111111112
563046,CCC,2014B,0.0,0.0,0.0
563046,EEE,2014J,0.35,0.35,0.35
563051,CCC,2014J,0.05,0.1,0.06666666666666667
563051,FFF,2013J,0.35,0.2916666666666667,0.31818181818181823
563081,DDD,2014B,0.2,0.09090909090909091,0.12500000000000003
563108,FFF,2014J,0.25,0.14705882352941177,0.18518518518518517
563196,FFF,2013J,0.0,0.0,0.0
563230,EEE,2014B,0.45,0.47368421052631576,0.46153846153846156
563299,FFF,2013J,0.3,0.17647058823529413,0.22222222222222224
563301,GGG,2014B,0.2,1.0,0.33333333333333337
563302,BBB,2014J,0.25,0.23809523809523808,0.24390243902439024
563321,CCC,2014J,0.05,0.058823529411764705,0.05405405405405405
563321,EEE,2014J,0.3,0.375,0.33333333333333326
563330,BBB,2013B,0.2,0.5714285714285714,0.29629629629629634
563363,BBB,2013B,0.05,0.2,0.08000000000000002
563413,BBB,2014B,0.0,0.0,0.0
563414,FFF,2014J,0.2,0.08888888888888889,0.12307692307692307
563418,EEE,2013J,0.2,0.8,0.32000000000000006
563453,DDD,2014J,0.05,0.034482758620689655,0.04081632653061224
563487,BBB,2014B,0.15,0.375,0.21428571428571425
563595,DDD,2014J,0.1,0.5,0.16666666666666669
563666,EEE,2013J,0.35,0.6363636363636364,0.45161290322580644
563675,DDD,2013J,0.1,0.125,0.11111111111111112
563706,BBB,2013J,0.1,0.07407407407407407,0.0851063829787234
563733,BBB,2013J,0.15,0.21428571428571427,0.1764705882352941
563735,BBB,2013J,0.2,0.4444444444444444,0.2758620689655173
563754,BBB,2014B,0.05,0.25,0.08333333333333334
563763,DDD,2014B,0.1,0.058823529411764705,0.07407407407407408
563769,BBB,2013J,0.15,0.6,0.24
563770,DDD,2013J,0.05,0.125,0.07142857142857144
563783,FFF,2013J,0.5,0.10752688172043011,0.17699115044247787
563787,FFF,2013J,0.25,0.1724137931034483,0.20408163265306123
563794,BBB,2013J,0.3,0.35294117647058826,0.3243243243243243
563819,CCC,2014B,0.0,0.0,0.0
563819,DDD,2013J,0.2,0.2,0.20000000000000004
563820,BBB,2014J,0.35,0.28,0.3111111111111111
563823,FFF,2014B,0.35,0.109375,0.16666666666666666
563845,DDD,2014J,0.05,0.045454545454545456,0.04761904761904762
563862,DDD,2013J,0.0,0.0,0.0
563874,BBB,2013B,0.05,0.0625,0.05555555555555556
563877,BBB,2013B,0.05,0.5,0.09090909090909091
563878,BBB,2013B,0.0,0.0,0.0
563879,BBB,2013B,0.1,0.2857142857142857,0.14814814814814817
563888,DDD,2013J,0.1,0.2222222222222222,0.13793103448275865
563920,CCC,2014J,0.35,0.175,0.23333333333333334
563967,EEE,2013J,0.25,0.7142857142857143,0.37037037037037035
563971,DDD,2013J,0.1,0.07407407407407407,0.0851063829787234
563986,BBB,2014B,0.25,0.4166666666666667,0.3125
563987,BBB,2014B,0.15,0.17647058823529413,0.16216216216216214
564000,DDD,2014J,0.05,1.0,0.09523809523809523
564105,BBB,2013J,0.2,0.3333333333333333,0.25
564115,BBB,2014J,0.2,0.26666666666666666,0.2285714285714286
564119,FFF,2013J,0.25,0.08064516129032258,0.12195121951219512
564129,BBB,2013J,0.2,0.26666666666666666,0.2285714285714286
564144,BBB,2013J,0.25,0.45454545454545453,0.3225806451612903
564213,CCC,2014J,0.4,0.34782608695652173,0.37209302325581395
564213,DDD,2013J,0.05,0.0625,0.05555555555555556
564243,FFF,2014J,0.35,0.12962962962962962,0.18918918918918917
564245,BBB,2013J,0.2,0.18181818181818182,0.1904761904761905
564262,FFF,2013J,0.25,0.14285714285714285,0.18181818181818182
564268,BBB,2013J,0.15,0.5,0.23076923076923075
564278,BBB,2014J,0.45,0.375,0.4090909090909091
564356,DDD,2013J,0.1,0.13333333333333333,0.1142857142857143
564409,BBB,2014B,0.0,0.0,0.0
564445,EEE,2014J,0.65,0.6190476190476191,0.6341463414634146
564450,AAA,2013J,0.0,0.0,0.0
564596,BBB,2013J,0.1,0.2857142857142857,0.14814814814814817
564609,GGG,2013J,0.1,0.2857142857142857,0.14814814814814817
564617,FFF,2014J,0.35,0.15555555555555556,0.21538461538461537
564626,BBB,2013J,0.05,0.125,0.07142857142857144
564632,FFF,2014B,0.1,0.14285714285714285,0.11764705882352941
564649,CCC,2014J,0.0,0.0,0.0
564700,EEE,2013J,0.4,0.8,0.5333333333333333
564702,FFF,2013J,0.15,0.13636363636363635,0.14285714285714282
564714,CCC,2014J,0.0,0.0,0.0
564714,EEE,2013J,0.15,0.42857142857142855,0.2222222222222222
564734,EEE,2014J,0.4,0.8,0.5333333333333333
564792,BBB,2013J,0.1,0.6666666666666666,0.1739130434782609
564894,EEE,2013J,0.4,0.7272727272727273,0.5161290322580645
564898,BBB,2013J,0.1,0.09523809523809523,0.0975609756097561
564906,BBB,2014B,0.0,0.0,0.0
564933,FFF,2014J,0.25,0.22727272727272727,0.23809523809523808
564958,BBB,2013J,0.1,0.5,0.16666666666666669
564981,FFF,2013J,0.2,0.11764705882352941,0.14814814814814817
565002,GGG,2013J,0.4,0.47058823529411764,0.4324324324324324
565006,DDD,2014J,0.5,0.19230769230769232,0.2777777777777778
565017,FFF,2014J,0.15,0.075,0.1
565066,CCC,2014J,0.0,0.0,0.0
565109,FFF,2014B,0.1,0.1111111111111111,0.10526315789473685
565158,DDD,2014B,0.15,0.25,0.18749999999999997
565175,DDD,2013J,0.05,0.125,0.07142857142857144
565182,BBB,2014J,0.3,0.2608695652173913,0.27906976744186046
565209,DDD,2014J,0.3,0.20689655172413793,0.24489795918367346
565222,GGG,2013J,0.2,0.2222222222222222,0.2105263157894737
565273,BBB,2014J,0.3,0.2857142857142857,0.2926829268292683
565275,EEE,2014J,0.35,0.875,0.4999999999999999
565301,DDD,2013J,0.1,0.1111111111111111,0.10526315789473685
565373,FFF,2014B,0.35,0.1076923076923077,0.16470588235294117
565393,BBB,2013J,0.15,0.3,0.2
565399,CCC,2014B,0.3,0.16666666666666666,0.21428571428571427
565446,DDD,2014J,0.0,0.0,0.0
565513,BBB,2013J,0.05,0.0625,0.05555555555555556
565525,GGG,2013J,0.1,0.4,0.16000000000000003
565561,EEE,2013J,0.0,0.0,0.0
565570,DDD,2013J,0.05,0.0625,0.05555555555555556
565575,BBB,2014J,0.0,0.0,0.0
565576,BBB,2014J,0.35,0.3181818181818182,0.3333333333333333
565582,BBB,2013J,0.05,0.3333333333333333,0.08695652173913045
565587,FFF,2013J,0.45,0.14285714285714285,0.21686746987951805
565599,BBB,2014J,0.4,0.27586206896551724,0.32653061224489793
565605,CCC,2014J,0.35,0.2692307692307692,0.3043478260869565
565607,BBB,2013J,0.6,0.41379310344827586,0.4897959183673469
565640,GGG,2013J,0.15,0.25,0.18749999999999997
565653,FFF,2013J,0.05,0.043478260869565216,0.046511627906976744
565657,DDD,2013J,0.05,0.05,0.05000000000000001
565698,FFF,2013J,0.15,0.11538461538461539,0.13043478260869565
565715,BBB,2013J,0.1,0.06896551724137931,0.08163265306122448
565743,CCC,2014J,0.15,0.2727272727272727,0.19354838709677416
565840,DDD,2014B,0.05,0.1,0.06666666666666667
565849,FFF,2013J,0.6,0.15789473684210525,0.25
565869,BBB,2014B,0.15,0.375,0.21428571428571425
565870,BBB,2013B,0.2,0.2222222222222222,0.2105263157894737
565883,EEE,2013J,0.25,0.5,0.3333333333333333
565888,BBB,2013J,0.15,0.09375,0.11538461538461538
565892,GGG,2013J,0.2,0.2857142857142857,0.23529411764705882
565919,BBB,2013J,0.1,0.15384615384615385,0.12121212121212123
565952,EEE,2014J,0.35,0.3333333333333333,0.3414634146341463
565990,FFF,2013J,0.25,0.1282051282051282,0.1694915254237288
565993,GGG,2013J,0.25,0.3125,0.2777777777777778
566009,FFF,2013J,0.35,0.14583333333333334,0.20588235294117646
566071,EEE,2013J,0.0,0.0,0.0
566133,BBB,2013J,0.0,0.0,0.0
566134,DDD,2013J,0.05,0.5,0.09090909090909091
566135,CCC,2014J,0.0,0.0,0.0
566135,FFF,2013J,0.05,0.05263157894736842,0.05128205128205128
566181,BBB,2014B,0.0,0.0,0.0
566183,GGG,2013J,0.3,0.35294117647058826,0.3243243243243243
566185,CCC,2014B,0.2,0.25,0.22222222222222224
566185,DDD,2013J,0.2,0.125,0.15384615384615385
566201,EEE,2013J,0.5,0.8333333333333334,0.625
566240,DDD,2014B,0.3,0.15,0.2
566270,FFF,2013J,0.15,0.13636363636363635,0.14285714285714282
566279,EEE,2014J,0.2,0.2857142857142857,0.23529411764705882
566300,DDD,2014J,0.2,0.10526315789473684,0.13793103448275862
566310,CCC,2014B,0.05,0.047619047619047616,0.04878048780487805
566310,EEE,2013J,0.4,0.8,0.5333333333333333
566339,BBB,2013J,0.1,0.4,0.16000000000000003
566346,BBB,2013J,0.05,0.058823529411764705,0.05405405405405405
566358,BBB,2013J,0.1,0.25,0.14285714285714288
566369,BBB,2013J,0.1,0.18181818181818182,0.12903225806451613
566381,DDD,2013J,0.2,0.125,0.15384615384615385
566392,BBB,2013J,0.15,0.12,0.1333333333333333
566407,BBB,2013J,0.2,0.21052631578947367,0.20512820512820512
566415,BBB,2013J,0.15,0.21428571428571427,0.1764705882352941
566422,EEE,2014B,0.1,0.3333333333333333,0.15384615384615383
566428,CCC,2014B,0.05,0.037037037037037035,0.0425531914893617
566428,EEE,2014J,0.3,0.4,0.34285714285714286
566447,CCC,2014J,0.0,0.0,0.0
566460,FFF,2014B,0.05,0.125,0.07142857142857144
566464,CCC,2014J,0.0,0.0,0.0
566465,FFF,2013J,0.3,0.2727272727272727,0.28571428571428564
566482,DDD,2014J,0.05,0.1111111111111111,0.06896551724137932
566512,GGG,2014J,0.4,0.5333333333333333,0.4571428571428572
566553,DDD,2014J,0.1,0.08333333333333333,0.0909090909090909
566664,EEE,2013J,0.3,0.5454545454545454,0.3870967741935483
566669,BBB,2014B,0.1,0.25,0.14285714285714288
566670,CCC,2014B,0.15,0.16666666666666666,0.15789473684210525
566694,DDD,2014B,0.05,0.08333333333333333,0.0625
566715,CCC,2014B,0.0,0.0,0.0
566720,BBB,2013J,0.05,0.08333333333333333,0.0625
566788,DDD,2014B,0.0,0.0,0.0
566813,BBB,2013J,0.25,0.15625,0.19230769230769232
566814,BBB,2013J,0.3,0.75,0.4285714285714285
566817,FFF,2013J,0.15,0.12,0.1333333333333333
566863,FFF,2013J,0.1,0.09523809523809523,0.0975609756097561
566923,GGG,2013J,0.25,0.45454545454545453,0.3225806451612903
566938,CCC,2014J,0.25,0.14705882352941177,0.18518518518518517
566963,GGG,2013J,0.1,0.1,0.10000000000000002
566973,FFF,2013J,0.3,0.11538461538461539,0.16666666666666669
566979,CCC,2014J,0.1,0.16666666666666666,0.125
566979,DDD,2013J,0.1,0.07692307692307693,0.08695652173913043
567009,GGG,2013J,0.1,0.15384615384615385,0.12121212121212123
567033,BBB,2013J,0.1,0.1111111111111111,0.10526315789473685
567048,BBB,2014B,0.1,0.2,0.13333333333333333
567152,DDD,2013J,0.1,0.05714285714285714,0.07272727272727272
567160,BBB,2013J,0.05,1.0,0.09523809523809523
567165,FFF,2013J,0.2,0.14285714285714285,0.16666666666666666
567167,DDD,2013J,0.1,0.07407407407407407,0.0851063829787234
567211,GGG,2013J,0.05,0.058823529411764705,0.05405405405405405
567222,FFF,2013J,0.1,0.14285714285714285,0.11764705882352941
567262,BBB,2013J,0.1,0.125,0.11111111111111112
567285,DDD,2014J,0.2,0.09090909090909091,0.12500000000000003
567292,DDD,2013J,0.1,0.08333333333333333,0.0909090909090909
567304,CCC,2014J,0.1,0.11764705882352941,0.1081081081081081
567304,DDD,2013J,0.15,0.1111111111111111,0.12765957446808512
567312,FFF,2013J,0.2,0.15384615384615385,0.17391304347826086
567325,GGG,2013J,0.25,0.29411764705882354,0.27027027027027023
567363,BBB,2013J,0.1,0.2222222222222222,0.13793103448275865
567402,BBB,2013J,0.05,0.2,0.08000000000000002
567417,DDD,2013J,0.2,0.07407407407407407,0.10810810810810811
567429,BBB,2013J,0.15,0.5,0.23076923076923075
567451,DDD,2013J,0.05,0.08333333333333333,0.0625
567500,BBB,2013J,0.1,0.2857142857142857,0.14814814814814817
567595,DDD,2014B,0.05,0.03125,0.038461538461538464
567627,BBB,2013J,0.25,0.38461538461538464,0.30303030303030304
567629,FFF,2014B,0.1,0.09090909090909091,0.09523809523809525
567719,CCC,2014J,0.0,0.0,0.0
567752,EEE,2013J,0.4,0.7272727272727273,0.5161290322580645
567754,BBB,2013J,0.0,0.0,0.0
567757,BBB,2014B,0.1,0.5,0.16666666666666669
567859,FFF,2014B,0.05,0.05555555555555555,0.052631578947368425
567873,FFF,2014B,0.05,0.05263157894736842,0.05128205128205128
567888,CCC,2014J,0.1,0.06060606060606061,0.07547169811320756
567888,FFF,2013J,0.05,0.01694915254237288,0.025316455696202535
567889,BBB,2014B,0.05,0.08333333333333333,0.0625
567892,EEE,2013J,0.05,0.5,0.09090909090909091
567892,EEE,2014J,0.2,1.0,0.33333333333333337
567901,FFF,2013J,0.3,0.1935483870967742,0.23529411764705882
567915,BBB,2013J,0.25,0.29411764705882354,0.27027027027027023
567929,BBB,2013J,0.2,0.23529411764705882,0.2162162162162162
567950,EEE,2013J,0.1,0.5,0.16666666666666669
567958,BBB,2013J,0.1,0.4,0.16000000000000003
567963,BBB,2014B,0.1,0.058823529411764705,0.07407407407407408
567970,DDD,2013J,0.1,0.08695652173913043,0.09302325581395349
567979,BBB,2013J,0.15,0.5,0.23076923076923075
568019,BBB,2014J,0.35,0.3684210526315789,0.358974358974359
568068,DDD,2013J,0.0,0.0,0.0
568074,BBB,2013J,0.2,0.2857142857142857,0.23529411764705882
568084,CCC,2014B,0.1,0.25,0.14285714285714288
568084,FFF,2013J,0.15,0.08823529411764706,0.11111111111111112
568103,DDD,2014J,0.2,0.2,0.20000000000000004
568118,GGG,2013J,0.4,0.7272727272727273,0.5161290322580645
568132,FFF,2013J,0.2,0.10526315789473684,0.13793103448275862
568153,FFF,2013J,0.35,0.11864406779661017,0.17721518987341772
568196,DDD,2013J,0.1,0.045454545454545456,0.06250000000000001
568204,FFF,2013J,0.15,0.1111111111111111,0.12765957446808512
568207,FFF,2013J,0.3,0.15789473684210525,0.20689655172413793
568223,DDD,2013J,0.25,0.10416666666666667,0.14705882352941177
568232,BBB,2014J,0.3,0.3157894736842105,0.3076923076923077
568234,FFF,2013J,0.15,0.125,0.13636363636363635
568288,GGG,2013J,0.1,0.1,0.10000000000000002
568297,DDD,2014J,0.0,0.0,0.0
568333,FFF,2013J,0.45,0.20454545454545456,0.28125000000000006
568370,BBB,2014B,0.05,0.03333333333333333,0.04
568446,DDD,2014J,0.1,0.05555555555555555,0.07142857142857142
568450,FFF,2013J,0.15,0.075,0.1
568474,BBB,2013J,0.05,0.125,0.07142857142857144
568502,BBB,2013J,0.15,0.1875,0.16666666666666663
568533,BBB,2013J,0.2,0.2222222222222222,0.2105263157894737
568539,GGG,2013J,0.1,0.2,0.13333333333333333
568551,FFF,2013J,0.25,0.2631578947368421,0.25641025641025644
568559,BBB,2014B,0.0,0.0,0.0
568566,DDD,2013J,0.1,0.0425531914893617,0.05970149253731343
568592,FFF,2013J,0.45,0.15,0.22500000000000003
568596,CCC,2014J,0.05,0.037037037037037035,0.0425531914893617
568598,DDD,2013J,0.2,0.0975609756097561,0.13114754098360656
568644,FFF,2013J,0.15,0.17647058823529413,0.16216216216216214
568686,DDD,2014B,0.0,0.0,0.0
568691,CCC,2014J,0.1,0.08695652173913043,0.09302325581395349
568749,BBB,2014J,0.55,0.4074074074074074,0.46808510638297873
568763,FFF,2013J,0.1,0.2857142857142857,0.14814814814814817
568767,FFF,2013J,0.4,0.26666666666666666,0.32
568774,FFF,2013J,0.15,0.05555555555555555,0.08108108108108109
568813,EEE,2013J,0.4,0.6666666666666666,0.5
568835,DDD,2013J,0.1,0.2857142857142857,0.14814814814814817
568852,GGG,2014J,0.45,0.391304347826087,0.4186046511627907
568910,FFF,2013J,0.0,0.0,0.0
568948,CCC,2014J,0.0,0.0,0.0
568948,DDD,2013J,0.25,0.16666666666666666,0.2
568954,FFF,2014B,0.35,0.1891891891891892,0.24561403508771934
568963,DDD,2013J,0.15,0.09090909090909091,0.11320754716981132
568968,BBB,2014B,0.0,0.0,0.0
568987,FFF,2014J,0.05,0.25,0.08333333333333334
569016,FFF,2013J,0.3,0.16666666666666666,0.21428571428571427
569034,FFF,2014J,0.25,0.10869565217391304,0.15151515151515152
569035,BBB,2013J,0.3,0.20689655172413793,0.24489795918367346
569065,FFF,2014B,0.1,0.046511627906976744,0.06349206349206349
569080,CCC,2014B,0.05,0.041666666666666664,0.04545454545454545
569080,FFF,2014J,0.35,0.175,0.23333333333333334
569084,DDD,2014B,0.05,0.058823529411764705,0.05405405405405405
569093,GGG,2014B,0.35,0.2692307692307692,0.3043478260869565
569107,FFF,2013J,0.4,0.11940298507462686,0.1839080459770115
569108,CCC,2014B,0.0,0.0,0.0
569108,FFF,2014J,0.35,0.16279069767441862,0.22222222222222227
569132,FFF,2013J,0.2,0.14814814814814814,0.1702127659574468
569141,BBB,2013J,0.15,0.6,0.24
569167,FFF,2013J,0.15,0.11538461538461539,0.13043478260869565
569225,BBB,2014B,0.0,0.0,0.0
569253,GGG,2013J,0.35,0.2692307692307692,0.3043478260869565
569277,CCC,2014J,0.05,0.14285714285714285,0.07407407407407408
569279,DDD,2013J,0.05,0.043478260869565216,0.046511627906976744
569342,CCC,2014B,0.0,0.0,0.0
569342,EEE,2013J,0.05,0.5,0.09090909090909091
569358,EEE,2013J,0.3,0.75,0.4285714285714285
569372,EEE,2014J,0.45,0.5,0.4736842105263158
569374,GGG,2014J,0.15,1.0,0.2608695652173913
569474,FFF,2013J,0.2,0.14814814814814814,0.1702127659574468
569490,GGG,2013J,0.45,0.34615384615384615,0.3913043478260869
569505,AAA,2014J,0.45,0.5625,0.5
569507,FFF,2013J,0.45,0.12162162162162163,0.19148936170212766
569511,GGG,2013J,0.35,0.7,0.4666666666666667
569560,EEE,2013J,0.3,0.46153846153846156,0.3636363636363637
569566,FFF,2013J,0.15,0.10714285714285714,0.125
569589,BBB,2014J,0.4,0.3333333333333333,0.3636363636363636
569609,CCC,2014B,0.4,0.32,0.35555555555555557
569609,FFF,2013J,0.1,0.022727272727272728,0.037037037037037035
569620,EEE,2014B,0.05,0.5,0.09090909090909091
569625,FFF,2013J,0.1,0.08,0.08888888888888889
569633,DDD,2014J,0.15,0.125,0.13636363636363635
569663,BBB,2014B,0.2,0.23529411764705882,0.2162162162162162
569664,BBB,2014B,0.1,0.13333333333333333,0.1142857142857143
569672,GGG,2014J,0.2,0.36363636363636365,0.25806451612903225
569679,GGG,2013J,0.05,0.08333333333333333,0.0625
569694,EEE,2013J,0.35,0.5,0.4117647058823529
569706,DDD,2014B,0.05,0.25,0.08333333333333334
569706,EEE,2013J,0.05,0.3333333333333333,0.08695652173913045
569712,FFF,2013J,0.3,0.25,0.2727272727272727
569737,DDD,2014J,0.15,0.09375,0.11538461538461538
569761,BBB,2014B,0.05,0.16666666666666666,0.07692307692307691
569840,DDD,2014J,0.05,0.05,0.05000000000000001
569854,BBB,2013J,0.05,0.1111111111111111,0.06896551724137932
569857,DDD,2013J,0.1,0.15384615384615385,0.12121212121212123
569862,BBB,2013J,0.2,0.36363636363636365,0.25806451612903225
569864,BBB,2014B,0.2,0.25,0.22222222222222224
569876,FFF,2014J,0.45,0.17647058823529413,0.25352112676056343
569928,DDD,2013J,0.1,0.06451612903225806,0.0784313725490196
569930,BBB,2013J,0.1,0.3333333333333333,0.15384615384615383
569935,DDD,2013J,0.15,0.09375,0.11538461538461538
569944,CCC,2014J,0.2,0.19047619047619047,0.1951219512195122
569944,DDD,2014B,0.05,0.041666666666666664,0.04545454545454545
569953,EEE,2014J,0.15,0.5,0.23076923076923075
569970,BBB,2014B,0.1,0.2857142857142857,0.14814814814814817
569974,GGG,2013J,0.25,0.29411764705882354,0.27027027027027023
569978,DDD,2013J,0.2,0.11428571428571428,0.14545454545454545
569981,BBB,2014J,0.25,0.29411764705882354,0.27027027027027023
569984,GGG,2013J,0.25,0.38461538461538464,0.30303030303030304
570004,FFF,2014J,0.0,0.0,0.0
570031,BBB,2014B,0.05,0.06666666666666667,0.05714285714285715
570045,EEE,2014J,0.35,0.6363636363636364,0.45161290322580644
570049,DDD,2014B,0.05,0.023809523809523808,0.03225806451612903
570061,FFF,2013J,0.2,0.17391304347826086,0.18604651162790697
570119,DDD,2014J,0.2,0.13333333333333333,0.16
570137,BBB,2013J,0.15,0.13636363636363635,0.14285714285714282
570141,GGG,2013J,0.35,0.5384615384615384,0.4242424242424242
570157,BBB,2013J,0.05,0.07692307692307693,0.060606060606060615
570168,BBB,2013J,0.0,0.0,0.0
570213,FFF,2013J,0.2,0.07017543859649122,0.10389610389610389
570213,FFF,2014J,0.1,0.05,0.06666666666666667
570215,DDD,2014B,0.55,0.19642857142857142,0.2894736842105263
570237,DDD,2013J,0.15,0.09375,0.11538461538461538
570239,BBB,2014B,0.05,0.16666666666666666,0.07692307692307691
570264,FFF,2014B,0.0,0.0,0.0
570271,BBB,2013J,0.25,0.35714285714285715,0.2941176470588235
570273,EEE,2014J,0.25,0.7142857142857143,0.37037037037037035
570275,BBB,2014J,0.3,0.2608695652173913,0.27906976744186046
570280,FFF,2013J,0.05,0.3333333333333333,0.08695652173913045
570287,BBB,2013J,0.1,0.6666666666666666,0.1739130434782609
570317,AAA,2014J,0.35,0.4375,0.38888888888888884
570351,BBB,2013J,0.15,0.23076923076923078,0.18181818181818185
570403,DDD,2013J,0.2,0.10526315789473684,0.13793103448275862
570410,CCC,2014B,0.05,0.09090909090909091,0.06451612903225806
570411,DDD,2014J,0.25,0.18518518518518517,0.2127659574468085
570428,FFF,2013J,0.2,0.12121212121212122,0.15094339622641512
570437,BBB,2014B,0.05,0.037037037037037035,0.0425531914893617
570453,CCC,2014J,0.0,0.0,0.0
570453,EEE,2013J,0.15,0.75,0.24999999999999997
570455,FFF,2013J,0.35,0.15555555555555556,0.21538461538461537
570484,BBB,2014J,0.25,0.29411764705882354,0.27027027027027023
570491,CCC,2014J,0.0,0.0,0.0
570491,EEE,2014J,0.45,0.9,0.6
570517,FFF,2013J,0.0,0.0,0.0
570529,GGG,2013J,0.1,0.125,0.11111111111111112
570531,DDD,2013J,0.1,0.16666666666666666,0.125
570550,FFF,2013J,0.45,0.2647058823529412,0.33333333333333337
570623,BBB,2013J,0.3,0.2727272727272727,0.28571428571428564
570626,EEE,2013J,0.1,0.3333333333333333,0.15384615384615383
570627,BBB,2014B,0.3,0.2608695652173913,0.27906976744186046
570630,DDD,2013J,0.2,0.13793103448275862,0.16326530612244897
570671,DDD,2013J,0.15,0.08571428571428572,0.10909090909090909
570717,FFF,2013J,0.15,0.15789473684210525,0.15384615384615385
570732,CCC,2014J,0.0,0.0,0.0
570732,FFF,2013J,0.3,0.1111111111111111,0.16216216216216217
570757,CCC,2014J,0.05,0.5,0.09090909090909091
570759,BBB,2013J,0.05,0.07692307692307693,0.060606060606060615
570783,BBB,2013J,0.1,0.13333333333333333,0.1142857142857143
570801,GGG,2013J,0.35,0.2916666666666667,0.31818181818181823
570807,FFF,2013J,0.5,0.16129032258064516,0.24390243902439024
570863,DDD,2014J,0.1,0.07142857142857142,0.08333333333333333
570864,BBB,2013J,0.0,0.0,0.0
570871,DDD,2013J,0.0,0.0,0.0
570872,CCC,2014B,0.1,0.25,0.14285714285714288
570872,DDD,2013J,0.2,0.11764705882352941,0.14814814814814817
570896,DDD,2013J,0.25,0.1724137931034483,0.20408163265306123
570967,CCC,2014B,0.2,0.25,0.22222222222222224
570978,FFF,2013J,0.3,0.25,0.2727272727272727
570985,CCC,2014J,0.7,0.30434782608695654,0.42424242424242425
571000,DDD,2014B,0.5,0.4166666666666667,0.45454545454545453
571019,FFF,2013J,0.3,0.09230769230769231,0.1411764705882353
571022,FFF,2013J,0.45,0.13846153846153847,0.21176470588235297
571025,CCC,2014B,0.05,0.16666666666666666,0.07692307692307691
571025,EEE,2014B,0.25,0.7142857142857143,0.37037037037037035
571050,FFF,2014B,0.15,0.13043478260869565,0.13953488372093023
571074,FFF,2014J,0.65,0.21311475409836064,0.32098765432098764
571083,BBB,2013J,0.1,0.3333333333333333,0.15384615384615383
571089,GGG,2014B,0.65,0.7222222222222222,0.6842105263157895
571117,FFF,2013J,0.2,0.16,0.17777777777777778
571128,EEE,2014B,0.4,0.8,0.5333333333333333
571129,CCC,2014B,0.0,0.0,0.0
571131,CCC,2014J,0.1,0.08695652173913043,0.09302325581395349
571131,DDD,2013J,0.05,0.043478260869565216,0.046511627906976744
571186,EEE,2013J,0.45,0.6923076923076923,0.5454545454545455
571190,FFF,2014B,0.6,0.21052631578947367,0.3116883116883116
571223,BBB,2014B,0.1,0.15384615384615385,0.12121212121212123
571233,EEE,2014B,0.4,0.7272727272727273,0.5161290322580645
571242,DDD,2013J,0.2,0.23529411764705882,0.2162162162162162
571316,FFF,2014B,0.2,0.25,0.22222222222222224
571334,BBB,2014J,0.05,0.125,0.07142857142857144
571334,GGG,2013J,0.35,0.3888888888888889,0.36842105263157887
571355,FFF,2013J,0.15,0.10714285714285714,0.125
571363,FFF,2013J,0.1,0.11764705882352941,0.1081081081081081
571380,GGG,2013J,0.0,0.0,0.0
571397,DDD,2014B,0.0,0.0,0.0
571441,BBB,2013J,0.15,0.6,0.24
571443,EEE,2013J,0.45,0.6,0.5142857142857143
571448,EEE,2013J,0.05,0.25,0.08333333333333334
571451,DDD,2013J,0.15,0.10344827586206896,0.12244897959183673
571458,GGG,2013J,0.4,0.5333333333333333,0.4571428571428572
571490,FFF,2013J,0.3,0.08450704225352113,0.13186813186813187
571503,BBB,2013J,0.2,0.4444444444444444,0.2758620689655173
571512,DDD,2013J,0.1,0.046511627906976744,0.06349206349206349
571516,BBB,2013J,0.0,0.0,0.0
571540,BBB,2014B,0.15,0.75,0.24999999999999997
571554,BBB,2013J,0.05,0.1111111111111111,0.06896551724137932
571571,CCC,2014B,0.05,0.2,0.08000000000000002
571577,GGG,2013J,0.35,0.23333333333333334,0.28
571583,GGG,2014J,0.55,0.6111111111111112,0.5789473684210527
571595,EEE,2013J,0.1,0.6666666666666666,0.1739130434782609
571610,EEE,2013J,0.15,0.5,0.23076923076923075
571614,BBB,2014B,0.15,0.375,0.21428571428571425
571620,EEE,2013J,0.2,0.3333333333333333,0.25
571622,FFF,2013J,0.05,0.08333333333333333,0.0625
571640,DDD,2013J,0.2,0.14814814814814814,0.1702127659574468
571641,BBB,2014J,0.1,0.15384615384615385,0.12121212121212123
571644,DDD,2014J,0.05,0.038461538461538464,0.043478260869565216
571650,FFF,2013J,0.6,0.1518987341772152,0.24242424242424243
571681,BBB,2013J,0.2,0.3076923076923077,0.24242424242424246
571686,EEE,2013J,0.25,0.5555555555555556,0.3448275862068966
571693,BBB,2013J,0.3,0.2,0.24
571696,GGG,2013J,0.6,0.3870967741935484,0.47058823529411764
571716,DDD,2013J,0.15,0.1875,0.16666666666666663
571765,CCC,2014J,0.2,0.21052631578947367,0.20512820512820512
571765,DDD,2013J,0.05,0.041666666666666664,0.04545454545454545
571768,GGG,2013J,0.15,0.3,0.2
571776,CCC,2014B,0.1,0.1111111111111111,0.10526315789473685
571776,DDD,2013J,0.1,0.05555555555555555,0.07142857142857142
571779,BBB,2013J,0.1,0.1,0.10000000000000002
571800,FFF,2013J,0.25,0.12195121951219512,0.16393442622950818
571802,FFF,2013J,0.05,0.16666666666666666,0.07692307692307691
571808,CCC,2014J,0.1,0.2857142857142857,0.14814814814814817
571808,DDD,2013J,0.15,0.13636363636363635,0.14285714285714282
571818,EEE,2013J,0.25,0.7142857142857143,0.37037037037037035
571828,FFF,2013J,0.15,0.06818181818181818,0.09374999999999999
571831,FFF,2013J,0.55,0.36666666666666664,0.43999999999999995
571833,CCC,2014J,0.15,0.09090909090909091,0.11320754716981132
571844,FFF,2014B,0.0,0.0,0.0
571859,FFF,2013J,0.25,0.14285714285714285,0.18181818181818182
571862,FFF,2013J,0.45,0.08256880733944955,0.13953488372093023
571871,BBB,2013J,0.15,0.1,0.12
571880,BBB,2014B,0.0,0.0,0.0
571883,GGG,2013J,0.15,0.3,0.2
571885,BBB,2013J,0.1,0.6666666666666666,0.1739130434782609
571893,FFF,2013J,0.2,0.15384615384615385,0.17391304347826086
571897,BBB,2014B,0.0,0.0,0.0
571907,BBB,2013J,0.1,0.11764705882352941,0.1081081081081081
571921,CCC,2014J,0.2,0.125,0.15384615384615385
571921,DDD,2013J,0.2,0.0784313725490196,0.11267605633802816
571926,FFF,2013J,0.2,0.10810810810810811,0.14035087719298245
571951,DDD,2013J,0.15,0.05660377358490566,0.0821917808219178
571952,GGG,2013J,0.25,0.4166666666666667,0.3125
571954,BBB,2014B,0.0,0.0,0.0
571962,CCC,2014J,0.1,0.0625,0.07692307692307693
571962,FFF,2014B,0.1,0.14285714285714285,0.11764705882352941
571963,EEE,2014B,0.1,0.5,0.16666666666666669
571973,FFF,2013J,0.05,0.08333333333333333,0.0625
572003,FFF,2013J,0.15,0.15789473684210525,0.15384615384615385
572011,CCC,2014J,0.0,0.0,0.0
572011,FFF,2013J,0.05,0.07142857142857142,0.058823529411764705
572024,EEE,2013J,0.35,0.875,0.4999999999999999
572032,BBB,2014J,0.1,0.15384615384615385,0.12121212121212123
572036,CCC,2014B,0.05,0.1111111111111111,0.06896551724137932
572036,FFF,2013J,0.0,0.0,0.0
572047,FFF,2013J,0.1,0.04878048780487805,0.06557377049180328
572051,BBB,2013J,0.15,0.3,0.2
572053,FFF,2013J,0.5,0.2127659574468085,0.2985074626865672
572060,DDD,2013J,0.25,0.10869565217391304,0.15151515151515152
572067,BBB,2013J,0.05,0.047619047619047616,0.04878048780487805
572074,FFF,2014J,0.0,0.0,0.0
572098,CCC,2014J,0.2,0.14285714285714285,0.16666666666666666
572101,BBB,2014J,0.1,0.18181818181818182,0.12903225806451613
572103,BBB,2013J,0.25,0.3125,0.2777777777777778
572116,FFF,2013J,0.05,1.0,0.09523809523809523
572119,BBB,2014J,0.3,0.3333333333333333,0.3157894736842105
572124,FFF,2013J,0.35,0.1891891891891892,0.24561403508771934
572125,FFF,2013J,0.15,0.09375,0.11538461538461538
572149,DDD,2013J,0.2,0.08888888888888889,0.12307692307692307
572154,CCC,2014J,0.0,0.0,0.0
572154,FFF,2014B,0.25,0.13157894736842105,0.1724137931034483
572156,DDD,2014J,0.15,0.046153846153846156,0.07058823529411765
572163,BBB,2013J,0.1,0.6666666666666666,0.1739130434782609
572187,BBB,2014B,0.05,0.5,0.09090909090909091
572213,FFF,2014J,0.15,0.09090909090909091,0.11320754716981132
572231,CCC,2014J,0.15,0.3,0.2
572231,DDD,2013J,0.05,0.05,0.05000000000000001
572233,DDD,2013J,0.0,0.0,0.0
572250,FFF,2013J,0.05,0.04,0.044444444444444446
572265,FFF,2013J,0.05,1.0,0.09523809523809523
572270,FFF,2013J,0.1,0.09523809523809523,0.0975609756097561
572274,FFF,2013J,0.1,0.125,0.11111111111111112
572280,DDD,2013J,0.05,0.043478260869565216,0.046511627906976744
572281,DDD,2014J,0.05,0.05263157894736842,0.05128205128205128
572290,BBB,2014B,0.05,0.1,0.06666666666666667
572303,CCC,2014B,0.0,0.0,0.0
572303,EEE,2013J,0.45,0.75,0.5625000000000001
572306,BBB,2014J,0.0,0.0,0.0
572338,DDD,2013J,0.15,0.07142857142857142,0.09677419354838708
572348,DDD,2013J,0.25,0.07692307692307693,0.11764705882352941
572367,FFF,2014B,0.2,0.19047619047619047,0.1951219512195122
572371,BBB,2014J,0.1,0.4,0.16000000000000003
572382,CCC,2014B,0.0,0.0,0.0
572382,DDD,2013J,0.15,0.25,0.18749999999999997
572388,GGG,2013J,0.4,0.5333333333333333,0.4571428571428572
572395,BBB,2014J,0.25,0.29411764705882354,0.27027027027027023
572396,CCC,2014J,0.05,0.05,0.05000000000000001
572396,EEE,2013J,0.3,0.5,0.37499999999999994
572397,FFF,2013J,0.25,0.18518518518518517,0.2127659574468085
572401,CCC,2014B,0.0,0.0,0.0
572410,FFF,2013J,0.1,0.05405405405405406,0.07017543859649122
572416,BBB,2013J,0.15,0.2727272727272727,0.19354838709677416
572430,DDD,2014J,0.05,0.058823529411764705,0.05405405405405405
572431,CCC,2014J,0.1,0.18181818181818182,0.12903225806451613
572431,DDD,2013J,0.15,0.12,0.1333333333333333
572434,DDD,2014J,0.05,0.08333333333333333,0.0625
572436,BBB,2013J,0.0,0.0,0.0
572438,CCC,2014B,0.15,0.08571428571428572,0.10909090909090909
572447,BBB,2013J,0.1,1.0,0.18181818181818182
572452,DDD,2013J,0.05,0.5,0.09090909090909091
572457,DDD,2013J,0.1,0.06896551724137931,0.08163265306122448
572460,DDD,2013J,0.0,0.0,0.0
572471,GGG,2014J,0.15,0.2,0.17142857142857143
572496,BBB,2014J,0.15,0.3333333333333333,0.20689655172413793
572504,BBB,2013J,0.2,0.16,0.17777777777777778
572505,FFF,2013J,0.35,0.14,0.2
572508,BBB,2013J,0.2,0.26666666666666666,0.2285714285714286
572514,BBB,2013J,0.1,0.5,0.16666666666666669
572515,EEE,2013J,0.35,0.5,0.4117647058823529
572537,CCC,2014J,0.1,0.125,0.11111111111111112
572538,BBB,2014J,0.25,0.2631578947368421,0.25641025641025644
572560,FFF,2013J,0.05,0.03571428571428571,0.041666666666666664
572567,DDD,2013J,0.05,0.5,0.09090909090909091
572570,CCC,2014B,0.05,0.0625,0.05555555555555556
572570,EEE,2013J,0.25,1.0,0.4
572584,FFF,2013J,0.25,0.17857142857142858,0.20833333333333331
572588,FFF,2013J,0.6,0.32432432432432434,0.4210526315789474
572589,FFF,2013J,0.05,0.25,0.08333333333333334
572599,EEE,2014J,0.5,0.7692307692307693,0.6060606060606061
572602,EEE,2013J,0.2,0.6666666666666666,0.30769230769230765
572634,FFF,2013J,0.2,0.08695652173913043,0.12121212121212122
572648,DDD,2013J,0.3,0.2222222222222222,0.25531914893617025
572652,AAA,2013J,0.55,0.34375,0.42307692307692313
572663,GGG,2013J,0.2,0.4,0.26666666666666666
572688,DDD,2013J,0.0,0.0,0.0
572697,DDD,2013J,0.05,0.045454545454545456,0.04761904761904762
572702,FFF,2013J,0.15,0.11538461538461539,0.13043478260869565
572714,GGG,2013J,0.15,0.16666666666666666,0.15789473684210525
572716,FFF,2014B,0.1,0.2,0.13333333333333333
572718,FFF,2013J,0.1,0.10526315789473684,0.10256410256410256
572730,DDD,2013J,0.2,0.14285714285714285,0.16666666666666666
572733,BBB,2013J,0.05,0.1111111111111111,0.06896551724137932
572735,CCC,2014J,0.15,0.1875,0.16666666666666663
572735,DDD,2013J,0.15,0.075,0.1
572752,BBB,2013J,0.1,0.125,0.11111111111111112
572754,DDD,2013J,0.0,0.0,0.0
572765,BBB,2013J,0.1,0.15384615384615385,0.12121212121212123
572769,FFF,2013J,0.2,0.15384615384615385,0.17391304347826086
572774,DDD,2013J,0.2,0.10810810810810811,0.14035087719298245
572783,CCC,2014J,0.05,0.2,0.08000000000000002
572783,FFF,2013J,0.9,0.06976744186046512,0.12949640287769784
572806,DDD,2013J,0.15,0.08333333333333333,0.10714285714285714
572832,FFF,2014B,0.25,0.25,0.25
572845,FFF,2013J,0.25,0.1724137931034483,0.20408163265306123
572854,CCC,2014B,0.3,0.375,0.33333333333333326
572854,DDD,2013J,0.2,0.13793103448275862,0.16326530612244897
572860,FFF,2013J,0.4,0.16326530612244897,0.23188405797101447
572870,FFF,2014B,0.0,0.0,0.0
572874,CCC,2014J,0.05,0.1111111111111111,0.06896551724137932
572874,DDD,2013J,0.05,0.058823529411764705,0.05405405405405405
572880,DDD,2013J,0.1,0.15384615384615385,0.12121212121212123
572880,DDD,2014J,0.05,0.125,0.07142857142857144
572891,CCC,2014B,0.1,0.1111111111111111,0.10526315789473685
572891,EEE,2013J,0.25,0.8333333333333334,0.3846153846153846
572898,BBB,2013J,0.1,0.14285714285714285,0.11764705882352941
572919,CCC,2014J,0.1,0.13333333333333333,0.1142857142857143
572924,DDD,2014B,0.15,0.06666666666666667,0.09230769230769231
572976,DDD,2013J,0.1,0.14285714285714285,0.11764705882352941
573007,FFF,2013J,0.2,0.4444444444444444,0.2758620689655173
573043,BBB,2013J,0.35,0.3333333333333333,0.3414634146341463
573054,GGG,2014J,0.35,0.5,0.4117647058823529
573063,BBB,2013J,0.1,0.14285714285714285,0.11764705882352941
573093,FFF,2013J,0.15,0.0967741935483871,0.11764705882352941
573126,DDD,2014B,0.25,0.16129032258064516,0.19607843137254902
573130,BBB,2014J,0.4,0.3333333333333333,0.3636363636363636
573131,BBB,2014J,0.05,0.07142857142857142,0.058823529411764705
573134,GGG,2013J,0.3,0.5454545454545454,0.3870967741935483
573150,FFF,2013J,0.0,0.0,0.0
573152,FFF,2013J,0.3,0.15789473684210525,0.20689655172413793
573153,EEE,2013J,0.4,0.6666666666666666,0.5
573166,FFF,2013J,0.05,0.05,0.05000000000000001
573173,FFF,2013J,0.15,0.16666666666666666,0.15789473684210525
573200,EEE,2013J,0.35,0.7777777777777778,0.48275862068965514
573208,BBB,2013J,0.1,0.5,0.16666666666666669
573214,EEE,2013J,0.05,0.2,0.08000000000000002
573223,BBB,2013J,0.0,0.0,0.0
573224,FFF,2013J,0.2,0.08695652173913043,0.12121212121212122
573225,BBB,2013J,0.1,0.15384615384615385,0.12121212121212123
573292,EEE,2013J,0.4,0.8888888888888888,0.5517241379310346
573294,GGG,2013J,0.2,0.2857142857142857,0.23529411764705882
573297,BBB,2014J,0.0,0.0,0.0
573320,GGG,2014J,0.0,0.0,0.0
573323,BBB,2014B,0.05,0.14285714285714285,0.07407407407407408
573328,DDD,2014J,0.05,0.09090909090909091,0.06451612903225806
573331,GGG,2013J,0.15,0.2,0.17142857142857143
573336,EEE,2013J,0.4,0.7272727272727273,0.5161290322580645
573377,CCC,2014B,0.05,0.5,0.09090909090909091
573377,EEE,2013J,0.15,1.0,0.2608695652173913
573411,BBB,2013J,0.2,0.2857142857142857,0.23529411764705882
573433,BBB,2013J,0.05,0.047619047619047616,0.04878048780487805
573434,FFF,2013J,0.2,0.14814814814814814,0.1702127659574468
573440,CCC,2014B,0.0,0.0,0.0
573440,EEE,2013J,0.1,0.6666666666666666,0.1739130434782609
573453,BBB,2013J,0.2,0.25,0.22222222222222224
573460,GGG,2013J,0.2,0.5,0.28571428571428575
573462,EEE,2013J,0.1,0.5,0.16666666666666669
573464,GGG,2013J,0.35,0.4666666666666667,0.4
573467,FFF,2013J,0.15,0.17647058823529413,0.16216216216216214
573473,CCC,2014J,0.0,0.0,0.0
573473,DDD,2013J,0.1,0.13333333333333333,0.1142857142857143
573496,BBB,2014B,0.05,0.5,0.09090909090909091
573519,BBB,2013J,0.2,0.2,0.20000000000000004
573534,BBB,2014J,0.35,0.3333333333333333,0.3414634146341463
573549,FFF,2014B,0.3,0.17142857142857143,0.21818181818181817
573550,EEE,2013J,0.3,0.75,0.4285714285714285
573554,GGG,2013J,0.55,0.5,0.5238095238095238
573558,CCC,2014B,0.2,0.3076923076923077,0.24242424242424246
573558,EEE,2014B,0.4,0.8888888888888888,0.5517241379310346
573578,BBB,2013J,0.1,0.09090909090909091,0.09523809523809525
573583,FFF,2014J,0.25,0.22727272727272727,0.23809523809523808
573593,EEE,2013J,0.35,0.6363636363636364,0.45161290322580644
573602,DDD,2013J,0.0,0.0,0.0
573639,FFF,2013J,0.2,0.17391304347826086,0.18604651162790697
573654,BBB,2013J,0.15,0.5,0.23076923076923075
573662,EEE,2013J,0.3,0.6,0.4
573666,GGG,2013J,0.3,0.3,0.3
573678,FFF,2013J,0.1,0.08333333333333333,0.0909090909090909
573689,DDD,2013J,0.1,0.07142857142857142,0.08333333333333333
573704,FFF,2013J,0.25,0.29411764705882354,0.27027027027027023
573713,BBB,2014J,0.4,0.3333333333333333,0.3636363636363636
573742,DDD,2014J,0.15,0.15,0.15
573742,EEE,2013J,0.0,0.0,0.0
573766,FFF,2013J,0.25,0.19230769230769232,0.2173913043478261
573777,BBB,2013J,0.05,0.16666666666666666,0.07692307692307691
573780,DDD,2013J,0.05,0.08333333333333333,0.0625
573790,BBB,2013J,0.3,0.5454545454545454,0.3870967741935483
573806,BBB,2014B,0.15,0.1875,0.16666666666666663
573821,BBB,2013J,0.05,0.2,0.08000000000000002
573831,BBB,2013J,0.2,0.4,0.26666666666666666
573845,DDD,2013J,0.0,0.0,0.0
573851,BBB,2014B,0.3,0.2608695652173913,0.27906976744186046
573853,BBB,2014B,0.1,0.3333333333333333,0.15384615384615383
573858,CCC,2014J,0.25,0.20833333333333334,0.22727272727272727
573864,FFF,2013J,0.1,0.16666666666666666,0.125
573893,BBB,2013J,0.3,0.2608695652173913,0.27906976744186046
573900,FFF,2013J,0.15,0.1,0.12
573920,EEE,2013J,0.2,0.5714285714285714,0.29629629629629634
573924,CCC,2014J,0.25,0.21739130434782608,0.23255813953488372
573934,BBB,2014J,0.1,0.2222222222222222,0.13793103448275865
573951,FFF,2013J,0.4,0.12698412698412698,0.19277108433734938
573969,DDD,2014J,0.15,0.17647058823529413,0.16216216216216214
573986,BBB,2013J,0.05,0.5,0.09090909090909091
574002,BBB,2013J,0.0,0.0,0.0
574028,FFF,2014B,0.35,0.14583333333333334,0.20588235294117646
574031,BBB,2014J,0.35,0.3333333333333333,0.3414634146341463
574035,DDD,2013J,0.05,0.02631578947368421,0.034482758620689655
574038,EEE,2013J,0.3,0.6666666666666666,0.41379310344827586
574056,FFF,2013J,0.25,0.14705882352941177,0.18518518518518517
574063,BBB,2014J,0.3,0.2608695652173913,0.27906976744186046
574065,BBB,2013J,0.15,0.5,0.23076923076923075
574070,FFF,2013J,0.2,0.08888888888888889,0.12307692307692307
574078,FFF,2013J,0.1,0.07407407407407407,0.0851063829787234
574088,DDD,2013J,0.05,0.027777777777777776,0.03571428571428571
574098,DDD,2013J,0.1,0.07692307692307693,0.08695652173913043
574125,BBB,2013J,0.05,0.05,0.05000000000000001
574194,BBB,2013J,0.05,0.1111111111111111,0.06896551724137932
574207,FFF,2013J,0.3,0.17647058823529413,0.22222222222222224
574212,BBB,2013J,0.0,0.0,0.0
574221,CCC,2014B,0.0,0.0,0.0
574238,GGG,2013J,0.1,0.3333333333333333,0.15384615384615383
574244,BBB,2014J,0.0,0.0,0.0
574250,BBB,2013J,0.1,0.125,0.11111111111111112
574253,BBB,2014J,0.2,0.26666666666666666,0.2285714285714286
574259,CCC,2014J,0.0,0.0,0.0
574259,EEE,2013J,0.05,0.25,0.08333333333333334
574283,FFF,2013J,0.0,0.0,0.0
574310,CCC,2014J,0.15,0.10344827586206896,0.12244897959183673
574310,DDD,2013J,0.1,0.06451612903225806,0.0784313725490196
574315,FFF,2013J,0.1,0.08695652173913043,0.09302325581395349
574320,BBB,2013J,0.15,0.375,0.21428571428571425
574325,CCC,2014J,0.2,0.16666666666666666,0.1818181818181818
574347,DDD,2014J,0.15,0.375,0.21428571428571425
574348,BBB,2013J,0.0,0.0,0.0
574351,GGG,2013J,0.1,0.4,0.16000000000000003
574418,FFF,2013J,0.15,0.16666666666666666,0.15789473684210525
574431,DDD,2014J,0.0,0.0,0.0
574446,FFF,2013J,0.2,0.23529411764705882,0.2162162162162162
574498,DDD,2013J,0.15,0.09375,0.11538461538461538
574505,AAA,2014J,0.35,0.4666666666666667,0.4
574507,EEE,2013J,0.05,0.5,0.09090909090909091
574508,EEE,2014B,0.1,0.5,0.16666666666666669
574512,BBB,2014J,0.1,0.25,0.14285714285714288
574512,GGG,2013J,0.2,0.25,0.22222222222222224
574523,EEE,2014B,0.1,0.3333333333333333,0.15384615384615383
574527,FFF,2014J,0.65,0.12871287128712872,0.21487603305785125
574534,FFF,2013J,0.45,0.2,0.27692307692307694
574549,BBB,2013J,0.1,0.1111111111111111,0.10526315789473685
574551,CCC,2014B,0.0,0.0,0.0
574551,FFF,2013J,0.15,0.16666666666666666,0.15789473684210525
574569,BBB,2014B,0.2,0.14285714285714285,0.16666666666666666
574570,FFF,2013J,0.25,0.09259259259259259,0.13513513513513514
574586,EEE,2013J,0.3,0.5454545454545454,0.3870967741935483
574590,CCC,2014J,0.3,0.375,0.33333333333333326
574590,DDD,2014B,0.25,0.15625,0.19230769230769232
574608,EEE,2013J,0.45,0.9,0.6
574612,DDD,2014J,0.0,0.0,0.0
574623,DDD,2013J,0.15,0.3333333333333333,0.20689655172413793
574637,CCC,2014J,0.05,0.06666666666666667,0.05714285714285715
574637,EEE,2014B,0.35,0.7777777777777778,0.48275862068965514
574642,GGG,2013J,0.15,0.75,0.24999999999999997
574648,BBB,2013J,0.05,0.1111111111111111,0.06896551724137932
574671,FFF,2014B,0.1,0.05263157894736842,0.06896551724137931
574681,FFF,2013J,0.25,0.15151515151515152,0.18867924528301888
574705,CCC,2014J,0.05,0.08333333333333333,0.0625
574705,DDD,2013J,0.15,0.09090909090909091,0.11320754716981132
574708,BBB,2013J,0.05,1.0,0.09523809523809523
574720,CCC,2014J,0.5,0.4,0.4444444444444445
574720,DDD,2013J,0.05,0.045454545454545456,0.04761904761904762
574722,FFF,2013J,0.2,0.11428571428571428,0.14545454545454545
574732,FFF,2013J,0.3,0.15789473684210525,0.20689655172413793
574735,FFF,2013J,0.0,0.0,0.0
574743,DDD,2013J,0.0,0.0,0.0
574766,BBB,2013J,0.0,0.0,0.0
574817,CCC,2014B,0.1,0.15384615384615385,0.12121212121212123
574819,DDD,2013J,0.15,0.1,0.12
574830,EEE,2013J,0.35,0.6363636363636364,0.45161290322580644
574841,BBB,2014J,0.3,0.3,0.3
574842,DDD,2013J,0.05,0.1111111111111111,0.06896551724137932
574845,FFF,2013J,0.45,0.15789473684210525,0.23376623376623376
574849,BBB,2014J,0.35,0.5833333333333334,0.4375
574857,GGG,2013J,0.4,0.5333333333333333,0.4571428571428572
574865,BBB,2014J,0.25,0.2631578947368421,0.25641025641025644
574873,DDD,2013J,0.05,0.03333333333333333,0.04
574874,FFF,2013J,0.4,0.11764705882352941,0.1818181818181818
574895,DDD,2013J,0.1,0.04081632653061224,0.05797101449275362
574909,DDD,2014B,0.6,0.1643835616438356,0.25806451612903225
574928,CCC,2014J,0.3,0.1875,0.23076923076923075
574928,DDD,2014J,0.1,0.07142857142857142,0.08333333333333333
574938,DDD,2013J,0.1,0.08333333333333333,0.0909090909090909
574948,GGG,2013J,0.1,0.13333333333333333,0.1142857142857143
574960,GGG,2013J,0.55,0.5789473684210527,0.5641025641025641
574973,BBB,2013J,0.2,0.19047619047619047,0.1951219512195122
574983,EEE,2013J,0.15,0.375,0.21428571428571425
574988,GGG,2013J,0.35,0.2916666666666667,0.31818181818181823
575009,DDD,2014J,0.2,0.1,0.13333333333333333
575018,BBB,2013J,0.1,0.4,0.16000000000000003
575039,CCC,2014J,0.2,0.09090909090909091,0.12500000000000003
575039,FFF,2013J,0.05,0.05555555555555555,0.052631578947368425
575047,EEE,2013J,0.1,0.25,0.14285714285714288
575061,GGG,2013J,0.65,0.5,0.5652173913043479
575066,EEE,2014J,0.5,0.6666666666666666,0.5714285714285715
575069,FFF,2014J,0.1,0.05128205128205128,0.06779661016949151
575100,BBB,2013J,0.15,0.42857142857142855,0.2222222222222222
575112,FFF,2014J,0.4,0.27586206896551724,0.32653061224489793
575124,BBB,2013J,0.3,0.17647058823529413,0.22222222222222224
575136,GGG,2013J,0.25,0.25,0.25
575162,EEE,2014B,0.15,0.6,0.24
575166,CCC,2014B,0.0,0.0,0.0
575166,EEE,2013J,0.15,0.5,0.23076923076923075
575186,FFF,2013J,0.1,0.16666666666666666,0.125
575192,DDD,2013J,0.25,0.15151515151515152,0.18867924528301888
575199,GGG,2014B,0.15,0.5,0.23076923076923075
575214,GGG,2013J,0.4,0.6153846153846154,0.4848484848484849
575217,GGG,2014B,0.45,0.42857142857142855,0.4390243902439024
575241,EEE,2013J,0.35,0.7,0.4666666666666667
575258,DDD,2013J,0.2,0.09302325581395349,0.12698412698412698
575265,FFF,2013J,0.15,0.25,0.18749999999999997
575281,BBB,2013J,0.05,1.0,0.09523809523809523
575282,FFF,2013J,0.05,0.125,0.07142857142857144
575290,BBB,2013J,0.05,0.07142857142857142,0.058823529411764705
575302,FFF,2014J,0.25,0.11363636363636363,0.15625
575336,EEE,2013J,0.35,0.7,0.4666666666666667
575355,GGG,2013J,0.25,0.45454545454545453,0.3225806451612903
575372,FFF,2013J,0.2,0.11428571428571428,0.14545454545454545
575376,DDD,2013J,0.15,0.13043478260869565,0.13953488372093023
575380,DDD,2014J,0.1,0.06451612903225806,0.0784313725490196
575385,DDD,2013J,0.1,0.07142857142857142,0.08333333333333333
575387,BBB,2013J,0.0,0.0,0.0
575398,CCC,2014J,0.0,0.0,0.0
575398,DDD,2014J,0.0,0.0,0.0
575401,EEE,2013J,0.3,0.6,0.4
575404,BBB,2014J,0.2,0.3333333333333333,0.25
575411,EEE,2014J,0.35,0.7,0.4666666666666667
575419,EEE,2013J,0.05,1.0,0.09523809523809523
575431,DDD,2013J,0.05,0.06666666666666667,0.05714285714285715
575454,GGG,2013J,0.25,0.38461538461538464,0.30303030303030304
575473,EEE,2014B,0.05,0.5,0.09090909090909091
575488,GGG,2013J,0.15,0.25,0.18749999999999997
575493,DDD,2013J,0.1,0.1111111111111111,0.10526315789473685
575512,FFF,2013J,0.1,0.16666666666666666,0.125
575520,BBB,2013J,0.1,0.14285714285714285,0.11764705882352941
575545,EEE,2013J,0.4,0.7272727272727273,0.5161290322580645
575553,EEE,2013J,0.4,0.6666666666666666,0.5
575554,GGG,2013J,0.15,0.6,0.24
575559,GGG,2013J,0.55,0.4782608695652174,0.5116279069767442
575560,BBB,2013J,0.15,0.1875,0.16666666666666663
575602,BBB,2014B,0.1,0.08695652173913043,0.09302325581395349
575603,DDD,2014B,0.05,0.06666666666666667,0.05714285714285715
575623,EEE,2014J,0.3,0.5454545454545454,0.3870967741935483
575630,BBB,2014J,0.05,0.2,0.08000000000000002
575678,FFF,2013J,0.4,0.2222222222222222,0.2857142857142857
575680,BBB,2014B,0.0,0.0,0.0
575681,BBB,2013J,0.05,0.07692307692307693,0.060606060606060615
575703,EEE,2013J,0.3,0.4,0.34285714285714286
575709,GGG,2014B,0.05,0.25,0.08333333333333334
575720,GGG,2013J,0.45,0.5294117647058824,0.48648648648648646
575733,CCC,2014B,0.2,0.3333333333333333,0.25
575733,EEE,2013J,0.3,0.6,0.4
575745,CCC,2014B,0.05,0.045454545454545456,0.04761904761904762
575745,EEE,2013J,0.15,0.5,0.23076923076923075
575762,EEE,2013J,0.3,0.75,0.4285714285714285
575763,EEE,2013J,0.05,0.3333333333333333,0.08695652173913045
575764,EEE,2013J,0.4,0.8888888888888888,0.5517241379310346
575766,CCC,2014J,0.05,0.08333333333333333,0.0625
575766,DDD,2013J,0.15,0.09090909090909091,0.11320754716981132
575777,EEE,2014B,0.35,0.7777777777777778,0.48275862068965514
575792,DDD,2014B,0.0,0.0,0.0
575797,FFF,2013J,0.15,0.0967741935483871,0.11764705882352941
575798,CCC,2014J,0.05,0.09090909090909091,0.06451612903225806
575798,DDD,2013J,0.05,0.06666666666666667,0.05714285714285715
575811,DDD,2013J,0.1,0.2222222222222222,0.13793103448275865
575824,CCC,2014B,0.0,0.0,0.0
575855,DDD,2014J,0.05,0.058823529411764705,0.05405405405405405
575929,BBB,2013J,0.1,0.18181818181818182,0.12903225806451613
575930,BBB,2013J,0.2,0.25,0.22222222222222224
575956,FFF,2013J,0.4,0.2222222222222222,0.2857142857142857
575967,CCC,2014B,0.0,0.0,0.0
575984,GGG,2013J,0.1,0.3333333333333333,0.15384615384615383
576036,EEE,2013J,0.3,0.46153846153846156,0.3636363636363637
576041,DDD,2014B,0.05,0.041666666666666664,0.04545454545454545
576083,DDD,2013J,0.2,0.2222222222222222,0.2105263157894737
576097,FFF,2013J,0.2,0.125,0.15384615384615385
576107,FFF,2013J,0.0,0.0,0.0
576143,GGG,2013J,0.3,0.2857142857142857,0.2926829268292683
576158,BBB,2013J,0.15,0.42857142857142855,0.2222222222222222
576159,FFF,2014B,0.2,0.06666666666666667,0.1
576191,EEE,2013J,0.3,0.5454545454545454,0.3870967741935483
576205,FFF,2013J,0.3,0.15384615384615385,0.2033898305084746
576229,FFF,2013J,0.45,0.14754098360655737,0.22222222222222224
576233,CCC,2014J,0.3,0.35294117647058826,0.3243243243243243
576233,DDD,2013J,0.2,0.09302325581395349,0.12698412698412698
576251,CCC,2014J,0.2,0.13333333333333333,0.16
576251,DDD,2013J,0.25,0.11904761904761904,0.16129032258064516
576262,BBB,2014J,0.05,0.25,0.08333333333333334
576268,BBB,2014J,0.0,0.0,0.0
576306,DDD,2014J,0.05,0.03333333333333333,0.04
576314,DDD,2013J,0.0,0.0,0.0
576368,DDD,2013J,0.15,0.07894736842105263,0.10344827586206896
576371,GGG,2013J,0.45,0.5625,0.5
576375,BBB,2014B,0.0,0.0,0.0
576383,CCC,2014B,0.0,0.0,0.0
576383,DDD,2013J,0.15,0.1,0.12
576399,FFF,2013J,0.05,0.07142857142857142,0.058823529411764705
576405,EEE,2013J,0.0,0.0,0.0
576413,CCC,2014B,0.25,0.14705882352941177,0.18518518518518517
576413,DDD,2013J,0.2,0.06779661016949153,0.10126582278481014
576423,FFF,2013J,0.0,0.0,0.0
576425,GGG,2013J,0.3,0.46153846153846156,0.3636363636363637
576431,FFF,2013J,0.45,0.391304347826087,0.4186046511627907
576433,CCC,2014J,0.1,0.08,0.08888888888888889
576433,FFF,2013J,0.2,0.1111111111111111,0.14285714285714285
576439,CCC,2014J,0.25,0.17857142857142858,0.20833333333333331
576439,EEE,2013J,0.3,0.6666666666666666,0.41379310344827586
576445,GGG,2013J,0.1,0.125,0.11111111111111112
576453,CCC,2014J,0.15,0.15789473684210525,0.15384615384615385
576453,DDD,2013J,0.15,0.05357142857142857,0.07894736842105263
576475,CCC,2014B,0.4,0.36363636363636365,0.380952380952381
576483,BBB,2013J,0.2,0.25,0.22222222222222224
576488,GGG,2013J,0.1,0.1111111111111111,0.10526315789473685
576515,DDD,2014J,0.35,0.1891891891891892,0.24561403508771934
576516,CCC,2014B,0.0,0.0,0.0
576516,EEE,2013J,0.4,0.7272727272727273,0.5161290322580645
576518,FFF,2013J,0.3,0.15789473684210525,0.20689655172413793
576524,BBB,2013J,0.05,1.0,0.09523809523809523
576541,CCC,2014J,0.25,0.3333333333333333,0.28571428571428575
576568,CCC,2014J,0.0,0.0,0.0
576568,FFF,2013J,0.35,0.14,0.2
576584,DDD,2014B,0.15,0.1875,0.16666666666666663
576600,BBB,2013J,0.15,0.1875,0.16666666666666663
576654,GGG,2013J,0.4,0.42105263157894735,0.41025641025641024
576672,FFF,2013J,0.0,0.0,0.0
576689,BBB,2014J,0.2,0.17391304347826086,0.18604651162790697
576704,FFF,2013J,0.5,0.16666666666666666,0.25
576738,BBB,2014B,0.0,0.0,0.0
576750,EEE,2013J,0.45,1.0,0.6206896551724138
576761,GGG,2013J,0.3,0.46153846153846156,0.3636363636363637
576765,FFF,2013J,0.1,0.6666666666666666,0.1739130434782609
576767,DDD,2013J,0.0,0.0,0.0
576780,CCC,2014B,0.3,0.23076923076923078,0.2608695652173913
576780,FFF,2013J,0.4,0.1,0.16000000000000003
576782,CCC,2014B,0.1,0.15384615384615385,0.12121212121212123
576789,FFF,2013J,0.4,0.13114754098360656,0.19753086419753088
576791,CCC,2014J,0.0,0.0,0.0
576791,FFF,2013J,0.2,0.1111111111111111,0.14285714285714285
576813,FFF,2013J,0.35,0.2,0.2545454545454545
576841,BBB,2013J,0.1,0.1,0.10000000000000002
576847,DDD,2013J,0.35,0.12280701754385964,0.1818181818181818
576876,EEE,2014B,0.35,0.7777777777777778,0.48275862068965514
576879,DDD,2013J,0.05,0.03333333333333333,0.04
576882,BBB,2013J,0.05,0.125,0.07142857142857144
576885,DDD,2014J,0.4,0.1509433962264151,0.21917808219178084
576888,FFF,2013J,0.15,0.17647058823529413,0.16216216216216214
576909,EEE,2013J,0.1,0.5,0.16666666666666669
576913,BBB,2014J,0.35,0.5833333333333334,0.4375
576921,FFF,2013J,0.15,0.13636363636363635,0.14285714285714282
576923,BBB,2014J,0.05,0.125,0.07142857142857144
576935,BBB,2013J,0.2,0.18181818181818182,0.1904761904761905
576940,BBB,2013J,0.0,0.0,0.0
576946,BBB,2013J,0.15,0.42857142857142855,0.2222222222222222
576948,GGG,2013J,0.45,0.9,0.6
576949,DDD,2013J,0.1,0.07692307692307693,0.08695652173913043
576962,EEE,2013J,0.3,0.75,0.4285714285714285
577000,GGG,2014B,0.15,0.42857142857142855,0.2222222222222222
577032,FFF,2014J,0.0,0.0,0.0
577035,CCC,2014B,0.1,0.08,0.08888888888888889
577035,DDD,2013J,0.25,0.15625,0.19230769230769232
577042,FFF,2013J,0.2,0.08163265306122448,0.11594202898550723
577069,BBB,2013J,0.15,0.10344827586206896,0.12244897959183673
577096,BBB,2013J,0.0,0.0,0.0
577099,BBB,2013J,0.15,0.42857142857142855,0.2222222222222222
577126,DDD,2013J,0.15,0.17647058823529413,0.16216216216216214
577136,GGG,2014B,0.35,0.5384615384615384,0.4242424242424242
577148,EEE,2013J,0.4,0.7272727272727273,0.5161290322580645
577149,FFF,2013J,0.2,0.11764705882352941,0.14814814814814817
577196,DDD,2013J,0.05,0.5,0.09090909090909091
577196,DDD,2014J,0.1,0.2222222222222222,0.13793103448275865
577200,DDD,2013J,0.05,1.0,0.09523809523809523
577222,FFF,2013J,0.3,0.1875,0.23076923076923075
577235,CCC,2014J,0.35,0.2916666666666667,0.31818181818181823
577235,EEE,2013J,0.4,0.6666666666666666,0.5
577236,CCC,2014B,0.1,0.07407407407407407,0.0851063829787234
577245,CCC,2014B,0.0,0.0,0.0
577245,EEE,2014B,0.1,0.5,0.16666666666666669
577256,BBB,2013J,0.05,0.07692307692307693,0.060606060606060615
577275,GGG,2014B,0.45,0.6,0.5142857142857143
577279,CCC,2014J,0.1,0.16666666666666666,0.125
577279,DDD,2013J,0.2,0.11764705882352941,0.14814814814814817
577280,BBB,2013J,0.2,0.23529411764705882,0.2162162162162162
577286,BBB,2013J,0.1,0.5,0.16666666666666669
577347,BBB,2013J,0.2,0.5,0.28571428571428575
577376,BBB,2013J,0.1,0.3333333333333333,0.15384615384615383
577404,FFF,2013J,0.25,0.2,0.22222222222222224
577414,CCC,2014B,0.25,0.25,0.25
577414,DDD,2013J,0.05,0.2,0.08000000000000002
577427,EEE,2013J,0.1,0.4,0.16000000000000003
577458,CCC,2014J,0.2,0.125,0.15384615384615385
577460,EEE,2014B,0.3,0.6,0.4
577464,DDD,2013J,0.1,0.07692307692307693,0.08695652173913043
577467,BBB,2014J,0.5,0.5882352941176471,0.5405405405405405
577476,FFF,2013J,0.2,0.11764705882352941,0.14814814814814817
577498,BBB,2013J,0.15,0.5,0.23076923076923075
577502,CCC,2014B,0.1,0.08,0.08888888888888889
577520,DDD,2014J,0.15,0.06818181818181818,0.09374999999999999
577526,DDD,2014J,0.05,0.09090909090909091,0.06451612903225806
577527,BBB,2014B,0.0,0.0,0.0
577533,FFF,2014J,0.45,0.24324324324324326,0.3157894736842105
577551,EEE,2013J,0.2,0.5,0.28571428571428575
577562,EEE,2014B,0.3,0.8571428571428571,0.4444444444444444
577566,CCC,2014J,0.05,0.09090909090909091,0.06451612903225806
577566,DDD,2014J,0.1,0.16666666666666666,0.125
577605,FFF,2013J,0.05,0.041666666666666664,0.04545454545454545
577607,FFF,2013J,0.05,0.25,0.08333333333333334
577618,BBB,2014J,0.15,0.3,0.2
577638,DDD,2013J,0.05,0.25,0.08333333333333334
577638,DDD,2014J,0.1,0.11764705882352941,0.1081081081081081
577645,BBB,2014J,0.4,0.3076923076923077,0.34782608695652173
577648,BBB,2013J,0.05,0.16666666666666666,0.07692307692307691
577652,DDD,2013J,0.15,0.07894736842105263,0.10344827586206896
577652,DDD,2014J,0.0,0.0,0.0
577676,BBB,2014B,0.05,0.08333333333333333,0.0625
577680,BBB,2013J,0.05,0.3333333333333333,0.08695652173913045
577686,CCC,2014B,0.05,0.05263157894736842,0.05128205128205128
577686,EEE,2013J,0.4,0.7272727272727273,0.5161290322580645
577728,BBB,2014J,0.0,0.0,0.0
577735,EEE,2013J,0.4,0.5714285714285714,0.47058823529411764
577743,BBB,2014J,0.35,0.4117647058823529,0.37837837837837834
577751,DDD,2014J,0.2,0.07017543859649122,0.10389610389610389
577763,FFF,2013J,0.1,0.14285714285714285,0.11764705882352941
577764,FFF,2013J,0.25,0.1724137931034483,0.20408163265306123
577780,GGG,2013J,0.25,0.23809523809523808,0.24390243902439024
577784,EEE,2013J,0.3,0.375,0.33333333333333326
577792,GGG,2014B,0.3,0.46153846153846156,0.3636363636363637
577820,GGG,2013J,0.55,0.5789473684210527,0.5641025641025641
577824,BBB,2013J,0.15,0.15,0.15
577867,FFF,2013J,0.3,0.23076923076923078,0.2608695652173913
577888,GGG,2013J,0.2,0.25,0.22222222222222224
577914,BBB,2013J,0.1,0.14285714285714285,0.11764705882352941
577915,BBB,2013J,0.2,0.4,0.26666666666666666
577922,FFF,2013J,0.1,0.11764705882352941,0.1081081081081081
577937,DDD,2014J,0.1,0.08333333333333333,0.0909090909090909
577954,DDD,2014B,0.05,0.125,0.07142857142857144
577959,FFF,2013J,0.4,0.24242424242424243,0.30188679245283023
577965,BBB,2014J,0.2,0.2857142857142857,0.23529411764705882
577980,BBB,2013J,0.05,0.047619047619047616,0.04878048780487805
577995,EEE,2013J,0.35,0.7777777777777778,0.48275862068965514
577999,FFF,2013J,0.15,0.13636363636363635,0.14285714285714282
578000,EEE,2013J,0.25,0.5,0.3333333333333333
578026,DDD,2013J,0.05,0.09090909090909091,0.06451612903225806
578030,BBB,2013J,0.0,0.0,0.0
578031,DDD,2014B,0.3,0.13333333333333333,0.18461538461538463
578034,EEE,2013J,0.4,0.8888888888888888,0.5517241379310346
578050,FFF,2013J,0.4,0.22857142857142856,0.2909090909090909
578056,EEE,2013J,0.15,0.3,0.2
578109,BBB,2013J,0.3,0.6666666666666666,0.41379310344827586
578132,BBB,2014J,0.2,0.23529411764705882,0.2162162162162162
578140,GGG,2013J,0.4,0.36363636363636365,0.380952380952381
578152,FFF,2014J,0.5,0.2,0.28571428571428575
578189,CCC,2014B,0.1,0.1111111111111111,0.10526315789473685
578197,BBB,2013J,0.05,0.1,0.06666666666666667
578199,FFF,2013J,0.3,0.10909090909090909,0.16
578207,GGG,2013J,0.15,0.23076923076923078,0.18181818181818185
578281,FFF,2013J,0.3,0.11320754716981132,0.1643835616438356
578303,DDD,2013J,0.05,0.034482758620689655,0.04081632653061224
578375,GGG,2013J,0.05,0.09090909090909091,0.06451612903225806
578389,GGG,2014B,0.1,0.3333333333333333,0.15384615384615383
578395,DDD,2014J,0.15,0.10344827586206896,0.12244897959183673
578418,BBB,2014J,0.1,0.3333333333333333,0.15384615384615383
578427,DDD,2013J,0.05,0.3333333333333333,0.08695652173913045
578427,DDD,2014J,0.0,0.0,0.0
578438,EEE,2013J,0.35,0.5384615384615384,0.4242424242424242
578439,BBB,2014J,0.0,0.0,0.0
578447,BBB,2013J,0.2,0.26666666666666666,0.2285714285714286
578450,EEE,2013J,0.1,0.25,0.14285714285714288
578452,GGG,2014B,0.35,0.5833333333333334,0.4375
578469,EEE,2014J,0.55,0.5238095238095238,0.5365853658536585
578492,FFF,2013J,0.2,0.17391304347826086,0.18604651162790697
578497,FFF,2013J,0.35,0.1346153846153846,0.19444444444444445
578519,FFF,2013J,0.15,0.1875,0.16666666666666663
578541,EEE,2014B,0.0,0.0,0.0
578546,BBB,2013J,0.35,0.2,0.2545454545454545
578551,BBB,2014J,0.35,0.4117647058823529,0.37837837837837834
578561,FFF,2013J,0.0,0.0,0.0
578574,BBB,2014B,0.0,0.0,0.0
578578,BBB,2013J,0.15,0.1875,0.16666666666666663
578595,DDD,2014B,0.05,0.037037037037037035,0.0425531914893617
578600,BBB,2013J,0.25,0.29411764705882354,0.27027027027027023
578616,DDD,2014J,0.15,0.09375,0.11538461538461538
578634,EEE,2014B,0.2,0.6666666666666666,0.30769230769230765
578644,DDD,2013J,0.05,0.038461538461538464,0.043478260869565216
578646,DDD,2014J,0.1,0.10526315789473684,0.10256410256410256
578654,EEE,2013J,0.05,0.3333333333333333,0.08695652173913045
578655,CCC,2014B,0.25,0.20833333333333334,0.22727272727272727
578666,GGG,2013J,0.15,0.1875,0.16666666666666663
578676,BBB,2013J,0.15,0.3,0.2
578697,DDD,2013J,0.05,0.05,0.05000000000000001
578710,BBB,2014J,0.3,0.2727272727272727,0.28571428571428564
578717,BBB,2013J,0.1,0.13333333333333333,0.1142857142857143
578725,EEE,2013J,0.3,0.42857142857142855,0.3529411764705882
578736,EEE,2013J,0.0,0.0,0.0
578744,FFF,2013J,0.1,0.058823529411764705,0.07407407407407408
578754,FFF,2014B,0.1,0.18181818181818182,0.12903225806451613
578764,FFF,2014B,0.1,0.08,0.08888888888888889
578797,GGG,2014J,0.4,0.5714285714285714,0.47058823529411764
578815,CCC,2014J,0.15,0.17647058823529413,0.16216216216216214
578815,DDD,2014B,0.05,0.1,0.06666666666666667
578820,CCC,2014J,0.0,0.0,0.0
578820,EEE,2013J,0.25,0.45454545454545453,0.3225806451612903
578823,DDD,2013J,0.05,0.07142857142857142,0.058823529411764705
578847,FFF,2014J,0.25,0.16129032258064516,0.19607843137254902
578850,CCC,2014B,0.25,0.1724137931034483,0.20408163265306123
578850,DDD,2013J,0.05,0.05263157894736842,0.05128205128205128
578857,DDD,2014J,0.05,0.07692307692307693,0.060606060606060615
578861,BBB,2014J,0.35,0.28,0.3111111111111111
578906,DDD,2013J,0.25,0.22727272727272727,0.23809523809523808
578940,GGG,2013J,0.1,0.11764705882352941,0.1081081081081081
578943,DDD,2013J,0.1,0.0625,0.07692307692307693
578956,DDD,2013J,0.25,0.10869565217391304,0.15151515151515152
578958,CCC,2014B,0.1,0.4,0.16000000000000003
578958,EEE,2014B,0.15,0.6,0.24
579011,EEE,2013J,0.1,0.6666666666666666,0.1739130434782609
579015,GGG,2013J,0.45,0.5,0.4736842105263158
579017,DDD,2014J,0.05,0.05263157894736842,0.05128205128205128
579020,GGG,2013J,0.4,0.5714285714285714,0.47058823529411764
579027,EEE,2013J,0.05,1.0,0.09523809523809523
579038,FFF,2013J,0.5,0.136986301369863,0.21505376344086022
579052,EEE,2014J,0.35,0.7,0.4666666666666667
579081,FFF,2014B,0.1,0.06451612903225806,0.0784313725490196
579086,GGG,2013J,0.1,0.125,0.11111111111111112
579105,DDD,2013J,0.2,0.09523809523809523,0.12903225806451613
579125,GGG,2014J,0.25,0.35714285714285715,0.2941176470588235
579130,EEE,2013J,0.2,0.8,0.32000000000000006
579134,DDD,2014B,0.05,0.041666666666666664,0.04545454545454545
579151,DDD,2013J,0.2,0.13793103448275862,0.16326530612244897
579161,BBB,2014J,0.05,0.25,0.08333333333333334
579164,GGG,2013J,0.45,0.6,0.5142857142857143
579172,DDD,2014J,0.05,0.015151515151515152,0.023255813953488375
579176,FFF,2013J,0.4,0.13559322033898305,0.20253164556962028
579201,GGG,2013J,0.1,0.10526315789473684,0.10256410256410256
579203,GGG,2013J,0.1,0.125,0.11111111111111112
579251,BBB,2014J,0.0,0.0,0.0
579257,FFF,2013J,0.4,0.12903225806451613,0.1951219512195122
579278,FFF,2013J,0.4,0.3333333333333333,0.3636363636363636
579279,BBB,2013J,0.3,0.3157894736842105,0.3076923076923077
579283,EEE,2014J,0.5,0.8333333333333334,0.625
579309,GGG,2013J,0.25,1.0,0.4
579316,BBB,2013J,0.1,0.5,0.16666666666666669
579325,DDD,2013J,0.1,0.05555555555555555,0.07142857142857142
579340,EEE,2013J,0.4,0.7272727272727273,0.5161290322580645
579343,CCC,2014B,0.15,0.25,0.18749999999999997
579343,EEE,2013J,0.4,0.8,0.5333333333333333
579362,CCC,2014J,0.0,0.0,0.0
579367,DDD,2013J,0.15,0.07692307692307693,0.1016949152542373
579372,DDD,2013J,0.1,0.06896551724137931,0.08163265306122448
579376,FFF,2014B,0.2,0.09523809523809523,0.12903225806451613
579381,GGG,2013J,0.15,0.1875,0.16666666666666663
579386,DDD,2014J,0.1,0.047619047619047616,0.06451612903225806
579409,BBB,2014J,0.45,0.391304347826087,0.4186046511627907
579470,DDD,2013J,0.05,0.02702702702702703,0.03508771929824561
579506,FFF,2013J,0.3,0.2222222222222222,0.25531914893617025
579526,FFF,2013J,0.35,0.21212121212121213,0.26415094339622636
579528,GGG,2013J,0.35,0.3181818181818182,0.3333333333333333
579537,BBB,2014B,0.1,0.4,0.16000000000000003
579549,BBB,2013J,0.05,0.07692307692307693,0.060606060606060615
579550,CCC,2014B,0.0,0.0,0.0
579557,FFF,2013J,0.25,0.1388888888888889,0.17857142857142858
579567,DDD,2013J,0.25,0.11627906976744186,0.15873015873015872
579571,BBB,2013J,0.0,0.0,0.0
579572,GGG,2013J,0.2,0.36363636363636365,0.25806451612903225
579575,BBB,2013J,0.1,1.0,0.18181818181818182
579583,CCC,2014J,0.25,0.20833333333333334,0.22727272727272727
579614,CCC,2014J,0.2,0.16,0.17777777777777778
579619,BBB,2013J,0.45,0.16981132075471697,0.2465753424657534
579660,FFF,2014J,0.15,0.15,0.15
579661,GGG,2013J,0.0,0.0,0.0
579685,FFF,2013J,0.1,0.08,0.08888888888888889
579686,FFF,2014J,0.3,0.13636363636363635,0.18749999999999997
579692,GGG,2014B,0.55,0.4782608695652174,0.5116279069767442
579711,DDD,2014B,0.1,0.04878048780487805,0.06557377049180328
579717,DDD,2013J,0.2,0.07692307692307693,0.1111111111111111
579720,BBB,2014B,0.2,0.4,0.26666666666666666
579723,EEE,2013J,0.25,0.7142857142857143,0.37037037037037035
579737,FFF,2013J,0.2,0.10526315789473684,0.13793103448275862
579762,BBB,2013J,0.2,0.3076923076923077,0.24242424242424246
580094,BBB,2013J,0.0,0.0,0.0
580317,FFF,2013J,0.15,0.09375,0.11538461538461538
580342,CCC,2014J,0.25,0.1388888888888889,0.17857142857142858
580342,FFF,2013J,0.3,0.14634146341463414,0.19672131147540983
580346,BBB,2013J,0.05,0.08333333333333333,0.0625
580360,BBB,2013J,0.15,0.6,0.24
580380,FFF,2013J,0.45,0.32142857142857145,0.375
580384,CCC,2014J,0.1,0.10526315789473684,0.10256410256410256
580389,AAA,2013J,0.1,0.15384615384615385,0.12121212121212123
580393,DDD,2013J,0.3,0.11764705882352941,0.16901408450704228
580415,DDD,2013J,0.15,0.06976744186046512,0.09523809523809525
580450,DDD,2014J,0.0,0.0,0.0
580458,DDD,2014J,0.05,0.05555555555555555,0.052631578947368425
580459,FFF,2014J,0.55,0.1774193548387097,0.2682926829268293
580468,DDD,2013J,0.1,0.05555555555555555,0.07142857142857142
580469,GGG,2013J,0.15,0.75,0.24999999999999997
580477,FFF,2013J,0.0,0.0,0.0
580511,CCC,2014B,0.0,0.0,0.0
580516,DDD,2013J,0.1,0.06896551724137931,0.08163265306122448
580525,CCC,2014B,0.35,0.19444444444444445,0.25
580534,DDD,2013J,0.05,0.2,0.08000000000000002
580540,BBB,2013J,0.15,0.21428571428571427,0.1764705882352941
580555,FFF,2013J,0.4,0.25,0.3076923076923077
580612,BBB,2013J,0.15,0.14285714285714285,0.14634146341463414
580642,DDD,2013J,0.3,0.08108108108108109,0.12765957446808512
580646,BBB,2013J,0.1,0.18181818181818182,0.12903225806451613
580657,FFF,2013J,0.35,0.16666666666666666,0.22580645161290322
580684,BBB,2013J,0.0,0.0,0.0
580688,BBB,2014B,0.0,0.0,0.0
580702,FFF,2013J,0.3,0.4,0.34285714285714286
580709,FFF,2013J,0.5,0.30303030303030304,0.37735849056603776
580714,CCC,2014J,0.05,0.09090909090909091,0.06451612903225806
580714,DDD,2013J,0.1,0.047619047619047616,0.06451612903225806
580719,EEE,2013J,0.45,0.5625,0.5
580743,FFF,2013J,0.15,0.041666666666666664,0.06521739130434782
580779,CCC,2014B,0.15,0.09090909090909091,0.11320754716981132
580779,FFF,2013J,0.45,0.17307692307692307,0.25
580798,CCC,2014J,0.0,0.0,0.0
580798,EEE,2014J,0.6,0.6,0.6
580834,FFF,2014J,0.45,0.1,0.16363636363636364
580842,FFF,2013J,0.35,0.13725490196078433,0.1971830985915493
580845,CCC,2014J,0.2,0.12903225806451613,0.1568627450980392
580845,FFF,2014J,0.5,0.18867924528301888,0.27397260273972607
580860,GGG,2013J,0.15,0.16666666666666666,0.15789473684210525
580867,FFF,2013J,0.0,0.0,0.0
580870,GGG,2013J,0.3,0.6,0.4
580880,BBB,2013J,0.2,0.18181818181818182,0.1904761904761905
580883,BBB,2013J,0.05,0.1111111111111111,0.06896551724137932
580912,DDD,2014B,0.0,0.0,0.0
580916,CCC,2014J,0.1,0.1,0.10000000000000002
580916,DDD,2013J,0.15,0.07142857142857142,0.09677419354838708
580926,FFF,2014J,0.0,0.0,0.0
580960,BBB,2013J,0.25,0.21739130434782608,0.23255813953488372
580970,EEE,2013J,0.1,0.5,0.16666666666666669
581003,GGG,2013J,0.05,0.5,0.09090909090909091
581016,BBB,2014J,0.35,0.3888888888888889,0.36842105263157887
581034,FFF,2013J,0.7,0.14583333333333334,0.2413793103448276
581062,GGG,2013J,0.45,0.5294117647058824,0.48648648648648646
581063,GGG,2013J,0.1,0.125,0.11111111111111112
581082,EEE,2014J,0.45,1.0,0.6206896551724138
581118,BBB,2014J,0.2,0.21052631578947367,0.20512820512820512
581118,GGG,2013J,0.4,0.8,0.5333333333333333
581123,CCC,2014J,0.25,0.2777777777777778,0.2631578947368421
581123,EEE,2013J,0.2,0.8,0.32000000000000006
581129,AAA,2013J,0.05,0.25,0.08333333333333334
581135,FFF,2013J,0.55,0.1896551724137931,0.282051282051282
581138,DDD,2013J,0.05,0.07142857142857142,0.058823529411764705
581139,BBB,2013J,0.1,0.125,0.11111111111111112
581178,BBB,2014J,0.1,0.2222222222222222,0.13793103448275865
581178,GGG,2013J,0.1,0.2222222222222222,0.13793103448275865
581179,CCC,2014J,0.2,0.2222222222222222,0.2105263157894737
581179,EEE,2013J,0.45,0.75,0.5625000000000001
581200,GGG,2013J,0.25,0.3125,0.2777777777777778
581219,FFF,2013J,0.0,0.0,0.0
581219,FFF,2014J,0.0,0.0,0.0
581222,BBB,2014B,0.0,0.0,0.0
581234,EEE,2013J,0.35,0.875,0.4999999999999999
581235,BBB,2014J,0.0,0.0,0.0
581238,EEE,2014J,0.45,0.75,0.5625000000000001
581239,GGG,2013J,0.3,0.42857142857142855,0.3529411764705882
581247,CCC,2014J,0.15,0.10344827586206896,0.12244897959183673
581253,FFF,2013J,0.75,0.11194029850746269,0.19480519480519481
581253,FFF,2014J,0.2,0.10810810810810811,0.14035087719298245
581257,EEE,2014B,0.25,0.7142857142857143,0.37037037037037035
581261,FFF,2013J,0.05,0.05,0.05000000000000001
581269,EEE,2014B,0.5,0.7692307692307693,0.6060606060606061
581305,BBB,2013J,0.15,0.15789473684210525,0.15384615384615385
581307,FFF,2013J,0.0,0.0,0.0
581316,CCC,2014J,0.2,0.23529411764705882,0.2162162162162162
581332,FFF,2013J,0.1,0.08695652173913043,0.09302325581395349
581340,EEE,2013J,0.35,0.5833333333333334,0.4375
581353,BBB,2014B,0.05,0.14285714285714285,0.07407407407407408
581410,FFF,2013J,0.1,0.11764705882352941,0.1081081081081081
581414,GGG,2013J,0.4,0.5,0.4444444444444445
581431,BBB,2013J,0.2,0.6666666666666666,0.30769230769230765
581438,EEE,2013J,0.05,0.3333333333333333,0.08695652173913045
581485,GGG,2013J,0.15,0.16666666666666666,0.15789473684210525
581486,FFF,2013J,0.5,0.3125,0.38461538461538464
581490,FFF,2013J,0.0,0.0,0.0
581520,FFF,2014B,0.1,0.05555555555555555,0.07142857142857142
581523,FFF,2013J,0.15,0.07317073170731707,0.09836065573770492
581532,FFF,2013J,0.45,0.1111111111111111,0.1782178217821782
581533,EEE,2013J,0.25,0.7142857142857143,0.37037037037037035
581552,CCC,2014J,0.2,0.25,0.22222222222222224
581552,DDD,2013J,0.0,0.0,0.0
581574,FFF,2013J,0.2,0.14814814814814814,0.1702127659574468
581586,BBB,2013J,0.1,0.4,0.16000000000000003
581593,DDD,2013J,0.15,0.06818181818181818,0.09374999999999999
581598,FFF,2014B,0.05,0.05263157894736842,0.05128205128205128
581611,CCC,2014B,0.15,0.125,0.13636363636363635
581614,CCC,2014B,0.1,0.4,0.16000000000000003
581614,FFF,2013J,0.3,0.21428571428571427,0.25
581616,FFF,2013J,0.1,0.0625,0.07692307692307693
581648,DDD,2014B,0.2,0.0784313725490196,0.11267605633802816
581652,GGG,2013J,0.3,0.2857142857142857,0.2926829268292683
581656,CCC,2014J,0.2,0.2222222222222222,0.2105263157894737
581656,FFF,2013J,0.3,0.16666666666666666,0.21428571428571427
581657,BBB,2013J,0.05,0.3333333333333333,0.08695652173913045
581659,FFF,2014J,0.65,0.23636363636363636,0.3466666666666666
581676,CCC,2014J,0.0,0.0,0.0
581676,EEE,2014B,0.4,0.5,0.4444444444444445
581697,DDD,2013J,0.2,0.0975609756097561,0.13114754098360656
581708,EEE,2013J,0.25,0.5,0.3333333333333333
581716,EEE,2013J,0.15,0.6,0.24
581744,EEE,2013J,0.0,0.0,0.0
581769,FFF,2013J,0.6,0.13793103448275862,0.22429906542056077
581770,FFF,2013J,0.05,0.06666666666666667,0.05714285714285715
581779,FFF,2014J,0.25,0.23809523809523808,0.24390243902439024
581787,FFF,2013J,0.05,0.08333333333333333,0.0625
581796,FFF,2013J,0.2,0.18181818181818182,0.1904761904761905
581806,GGG,2013J,0.25,0.2631578947368421,0.25641025641025644
581810,FFF,2013J,0.2,0.2,0.20000000000000004
581836,FFF,2013J,0.2,0.1111111111111111,0.14285714285714285
581838,FFF,2013J,0.0,0.0,0.0
581851,EEE,2014J,0.4,0.7272727272727273,0.5161290322580645
581866,BBB,2014J,0.3,0.35294117647058826,0.3243243243243243
581877,BBB,2014J,0.15,0.25,0.18749999999999997
581887,EEE,2014J,0.5,0.7142857142857143,0.588235294117647
581889,GGG,2013J,0.35,0.3181818181818182,0.3333333333333333
581914,EEE,2013J,0.25,0.5555555555555556,0.3448275862068966
581922,DDD,2013J,0.2,0.09090909090909091,0.12500000000000003
581956,GGG,2013J,0.15,0.15,0.15
581965,GGG,2013J,0.15,0.14285714285714285,0.14634146341463414
582009,DDD,2014J,0.2,0.125,0.15384615384615385
582040,BBB,2014J,0.05,0.125,0.07142857142857144
582063,FFF,2013J,0.15,0.14285714285714285,0.14634146341463414
582087,CCC,2014B,0.1,0.09090909090909091,0.09523809523809525
582087,EEE,2013J,0.25,0.8333333333333334,0.3846153846153846
582094,EEE,2014J,0.4,0.5714285714285714,0.47058823529411764
582108,CCC,2014B,0.05,0.1,0.06666666666666667
582108,FFF,2013J,0.0,0.0,0.0
582117,FFF,2014J,0.15,0.14285714285714285,0.14634146341463414
582123,BBB,2013J,0.1,0.4,0.16000000000000003
582125,FFF,2013J,0.35,0.28,0.3111111111111111
582184,BBB,2013J,0.05,1.0,0.09523809523809523
582190,BBB,2013J,0.25,0.25,0.25
582197,DDD,2014J,0.1,0.07142857142857142,0.08333333333333333
582218,BBB,2013J,0.1,1.0,0.18181818181818182
582226,GGG,2013J,0.45,0.5294117647058824,0.48648648648648646
582235,FFF,2013J,0.25,0.14285714285714285,0.18181818181818182
582250,GGG,2013J,0.15,0.13636363636363635,0.14285714285714282
582253,BBB,2014J,0.45,0.391304347826087,0.4186046511627907
582283,GGG,2014B,0.4,0.4,0.4000000000000001
582301,BBB,2013J,0.05,0.16666666666666666,0.07692307692307691
582305,BBB,2013J,0.1,0.4,0.16000000000000003
582320,CCC,2014J,0.05,0.09090909090909091,0.06451612903225806
582320,DDD,2013J,0.1,0.07142857142857142,0.08333333333333333
582332,FFF,2014J,0.25,0.1111111111111111,0.15384615384615383
582333,BBB,2013J,0.0,0.0,0.0
582364,FFF,2013J,0.3,0.1276595744680851,0.17910447761194026
582373,DDD,2013J,0.0,0.0,0.0
582390,BBB,2013J,0.25,0.38461538461538464,0.30303030303030304
582392,FFF,2013J,0.2,0.1111111111111111,0.14285714285714285
582394,BBB,2013J,0.25,0.2777777777777778,0.2631578947368421
582406,BBB,2013J,0.05,0.125,0.07142857142857144
582416,DDD,2013J,0.05,0.07142857142857142,0.058823529411764705
582420,GGG,2013J,0.3,0.375,0.33333333333333326
582446,BBB,2013J,0.35,0.2916666666666667,0.31818181818181823
582452,DDD,2013J,0.05,0.05555555555555555,0.052631578947368425
582460,BBB,2014J,0.25,0.25,0.25
582460,GGG,2013J,0.5,0.625,0.5555555555555556
582464,DDD,2013J,0.3,0.12244897959183673,0.17391304347826086
582474,BBB,2013J,0.05,0.125,0.07142857142857144
582479,DDD,2014B,0.15,0.13043478260869565,0.13953488372093023
582486,GGG,2013J,0.2,0.25,0.22222222222222224
582494,FFF,2013J,0.25,0.11627906976744186,0.15873015873015872
582510,FFF,2013J,0.1,0.08695652173913043,0.09302325581395349
582514,EEE,2013J,0.4,0.7272727272727273,0.5161290322580645
582536,GGG,2013J,0.6,0.6,0.6
582550,CCC,2014J,0.35,0.14,0.2
582554,DDD,2013J,0.2,0.1111111111111111,0.14285714285714285
582562,FFF,2013J,0.6,0.17647058823529413,0.2727272727272727
582568,GGG,2013J,0.1,0.5,0.16666666666666669
582574,BBB,2013J,0.25,0.21739130434782608,0.23255813953488372
582578,BBB,2013J,0.1,0.4,0.16000000000000003
582608,DDD,2014J,0.4,0.32,0.35555555555555557
582636,BBB,2013J,0.1,0.2,0.13333333333333333
582649,GGG,2013J,0.55,0.6470588235294118,0.5945945945945946
582650,BBB,2013J,0.3,0.24,0.2666666666666666
582653,FFF,2014J,0.0,0.0,0.0
582670,FFF,2014J,0.1,0.15384615384615385,0.12121212121212123
582677,FFF,2013J,0.05,0.08333333333333333,0.0625
582697,GGG,2013J,0.4,0.36363636363636365,0.380952380952381
582705,FFF,2013J,0.6,0.16666666666666666,0.2608695652173913
582709,BBB,2014J,0.1,0.4,0.16000000000000003
582709,GGG,2013J,0.35,0.7777777777777778,0.48275862068965514
582723,EEE,2013J,0.25,0.7142857142857143,0.37037037037037035
582768,EEE,2013J,0.05,1.0,0.09523809523809523
582790,FFF,2013J,0.3,0.13043478260869565,0.18181818181818182
582827,EEE,2013J,0.25,0.5555555555555556,0.3448275862068966
582833,BBB,2013J,0.1,1.0,0.18181818181818182
582878,BBB,2013J,0.25,0.21739130434782608,0.23255813953488372
582879,CCC,2014B,0.15,0.15789473684210525,0.15384615384615385
582879,DDD,2013J,0.3,0.0759493670886076,0.12121212121212122
582898,BBB,2014J,0.3,0.3157894736842105,0.3076923076923077
582913,EEE,2013J,0.4,0.7272727272727273,0.5161290322580645
582931,DDD,2013J,0.2,0.09523809523809523,0.12903225806451613
582940,BBB,2013J,0.2,0.4,0.26666666666666666
582950,CCC,2014B,0.0,0.0,0.0
582950,FFF,2013J,0.2,0.057971014492753624,0.0898876404494382
582958,BBB,2013J,0.05,0.14285714285714285,0.07407407407407408
582964,BBB,2014J,0.1,0.1111111111111111,0.10526315789473685
582975,BBB,2013J,0.15,0.2,0.17142857142857143
583012,BBB,2013J,0.05,0.09090909090909091,0.06451612903225806
583031,GGG,2013J,0.3,0.3333333333333333,0.3157894736842105
583032,CCC,2014B,0.25,0.21739130434782608,0.23255813953488372
583032,EEE,2013J,0.25,0.8333333333333334,0.3846153846153846
583039,BBB,2013J,0.05,0.2,0.08000000000000002
583052,CCC,2014B,0.1,0.11764705882352941,0.1081081081081081
583052,EEE,2013J,0.4,0.6666666666666666,0.5
583053,DDD,2014B,0.15,0.09375,0.11538461538461538
583056,FFF,2014J,0.0,0.0,0.0
583098,BBB,2013J,0.15,0.375,0.21428571428571425
583102,BBB,2014B,0.0,0.0,0.0
583113,BBB,2013J,0.05,0.1,0.06666666666666667
583131,FFF,2013J,0.65,0.30952380952380953,0.41935483870967744
583142,BBB,2013J,0.1,0.5,0.16666666666666669
583146,GGG,2013J,0.5,0.5263157894736842,0.5128205128205129
583148,GGG,2014B,0.15,0.42857142857142855,0.2222222222222222
583170,BBB,2013J,0.1,0.09090909090909091,0.09523809523809525
583186,EEE,2013J,0.3,0.6666666666666666,0.41379310344827586
583191,BBB,2013J,0.2,0.5,0.28571428571428575
583192,CCC,2014B,0.05,0.041666666666666664,0.04545454545454545
583192,EEE,2013J,0.35,1.0,0.5185185185185185
583198,DDD,2013J,0.25,0.1,0.14285714285714288
583202,FFF,2013J,0.25,0.2,0.22222222222222224
583232,FFF,2013J,0.45,0.12857142857142856,0.19999999999999998
583236,FFF,2013J,0.3,0.5454545454545454,0.3870967741935483
583238,EEE,2013J,0.35,0.5833333333333334,0.4375
583240,BBB,2013J,0.15,0.42857142857142855,0.2222222222222222
583247,DDD,2013J,0.05,0.5,0.09090909090909091
583286,FFF,2013J,0.25,0.10869565217391304,0.15151515151515152
583293,CCC,2014J,0.1,0.09523809523809523,0.0975609756097561
583293,DDD,2013J,0.1,0.08695652173913043,0.09302325581395349
583318,FFF,2014J,0.35,0.2413793103448276,0.2857142857142857
583367,BBB,2013J,0.15,0.75,0.24999999999999997
583381,FFF,2013J,0.35,0.15555555555555556,0.21538461538461537
583423,GGG,2013J,0.2,0.2,0.20000000000000004
583433,BBB,2013J,0.0,0.0,0.0
583459,BBB,2013J,0.05,0.0625,0.05555555555555556
583473,BBB,2013J,0.35,0.14,0.2
583487,FFF,2014J,0.15,0.16666666666666666,0.15789473684210525
583502,GGG,2013J,0.0,0.0,0.0
583514,DDD,2013J,0.05,0.030303030303030304,0.03773584905660378
583526,FFF,2013J,0.25,0.16129032258064516,0.19607843137254902
583532,GGG,2013J,0.35,0.4666666666666667,0.4
583540,DDD,2013J,0.1,0.10526315789473684,0.10256410256410256
583606,DDD,2013J,0.05,0.0625,0.05555555555555556
583607,GGG,2013J,0.5,0.5555555555555556,0.5263157894736842
583609,BBB,2013J,0.05,0.07142857142857142,0.058823529411764705
583623,GGG,2013J,0.2,0.4444444444444444,0.2758620689655173
583645,BBB,2013J,0.3,0.3333333333333333,0.3157894736842105
583664,GGG,2013J,0.1,0.11764705882352941,0.1081081081081081
583704,CCC,2014J,0.5,0.2857142857142857,0.36363636363636365
583708,BBB,2013J,0.3,0.6,0.4
583713,DDD,2014B,0.15,0.1,0.12
583714,EEE,2013J,0.1,0.25,0.14285714285714288
583719,EEE,2014J,0.4,0.8888888888888888,0.5517241379310346
583721,GGG,2013J,0.3,0.75,0.4285714285714285
583730,GGG,2013J,0.2,0.3076923076923077,0.24242424242424246
583741,FFF,2013J,0.15,0.2,0.17142857142857143
583775,BBB,2014J,0.05,0.1111111111111111,0.06896551724137932
583775,DDD,2014B,0.05,0.14285714285714285,0.07407407407407408
583824,FFF,2013J,0.25,0.14705882352941177,0.18518518518518517
583843,BBB,2014J,0.1,0.10526315789473684,0.10256410256410256
583855,EEE,2013J,0.45,0.8181818181818182,0.5806451612903226
583867,FFF,2013J,0.0,0.0,0.0
583871,DDD,2013J,0.15,0.10714285714285714,0.125
583873,BBB,2013J,0.3,0.3157894736842105,0.3076923076923077
583906,CCC,2014B,0.15,0.25,0.18749999999999997
583933,EEE,2013J,0.25,0.5,0.3333333333333333
583946,DDD,2013J,0.3,0.11538461538461539,0.16666666666666669
583950,BBB,2014B,0.1,0.14285714285714285,0.11764705882352941
583954,BBB,2014J,0.3,0.2857142857142857,0.2926829268292683
583955,DDD,2013J,0.15,0.125,0.13636363636363635
583964,BBB,2013J,0.05,0.16666666666666666,0.07692307692307691
583968,EEE,2014B,0.45,0.8181818181818182,0.5806451612903226
583970,BBB,2013J,0.2,0.15384615384615385,0.17391304347826086
583973,GGG,2013J,0.15,0.375,0.21428571428571425
583977,BBB,2013J,0.1,0.3333333333333333,0.15384615384615383
583993,CCC,2014J,0.0,0.0,0.0
583993,FFF,2013J,0.0,0.0,0.0
584038,DDD,2014J,0.05,1.0,0.09523809523809523
584040,FFF,2013J,0.0,0.0,0.0
584042,BBB,2013J,0.1,0.3333333333333333,0.15384615384615383
584099,GGG,2014J,0.2,0.36363636363636365,0.25806451612903225
584111,FFF,2013J,0.35,0.19444444444444445,0.25
584132,DDD,2013J,0.15,0.2727272727272727,0.19354838709677416
584143,GGG,2013J,0.35,0.28,0.3111111111111111
584178,BBB,2013J,0.15,0.13636363636363635,0.14285714285714282
584183,DDD,2013J,0.1,0.16666666666666666,0.125
584184,FFF,2014B,0.9,0.4,0.5538461538461539
584191,CCC,2014B,0.0,0.0,0.0
584191,EEE,2013J,0.05,0.3333333333333333,0.08695652173913045
584195,GGG,2013J,0.05,0.1111111111111111,0.06896551724137932
584210,FFF,2013J,0.05,0.1,0.06666666666666667
584214,FFF,2013J,0.25,0.14285714285714285,0.18181818181818182
584299,GGG,2013J,0.1,0.14285714285714285,0.11764705882352941
584315,DDD,2013J,0.0,0.0,0.0
584325,BBB,2013J,0.2,0.6666666666666666,0.30769230769230765
584386,CCC,2014J,0.2,0.19047619047619047,0.1951219512195122
584386,EEE,2013J,0.6,0.8571428571428571,0.7058823529411764
584408,BBB,2013J,0.15,0.42857142857142855,0.2222222222222222
584414,EEE,2013J,0.35,0.5384615384615384,0.4242424242424242
584433,DDD,2013J,0.1,0.2857142857142857,0.14814814814814817
584443,EEE,2013J,0.4,0.7272727272727273,0.5161290322580645
584446,CCC,2014B,0.0,0.0,0.0
584446,FFF,2013J,0.55,0.3055555555555556,0.39285714285714285
584448,GGG,2013J,0.1,0.13333333333333333,0.1142857142857143
584468,FFF,2013J,0.25,0.22727272727272727,0.23809523809523808
584495,DDD,2013J,0.3,0.2222222222222222,0.25531914893617025
584500,GGG,2013J,0.2,0.18181818181818182,0.1904761904761905
584509,BBB,2014J,0.15,0.2,0.17142857142857143
584509,GGG,2013J,0.35,0.5,0.4117647058823529
584514,EEE,2014J,0.05,0.5,0.09090909090909091
584515,FFF,2014J,0.05,0.07142857142857142,0.058823529411764705
584539,BBB,2014J,0.3,0.21428571428571427,0.25
584546,FFF,2013J,0.15,0.13636363636363635,0.14285714285714282
584550,FFF,2013J,0.7,0.23333333333333334,0.35
584553,EEE,2013J,0.25,0.4166666666666667,0.3125
584586,DDD,2013J,0.05,0.14285714285714285,0.07407407407407408
584591,DDD,2014J,0.0,0.0,0.0
584601,FFF,2013J,0.45,0.10588235294117647,0.17142857142857143
584611,BBB,2013J,0.1,1.0,0.18181818181818182
584640,DDD,2013J,0.15,0.15,0.15
584660,DDD,2014B,0.25,0.21739130434782608,0.23255813953488372
584710,GGG,2013J,0.1,0.125,0.11111111111111112
584718,EEE,2014J,0.4,0.8888888888888888,0.5517241379310346
584733,BBB,2014J,0.15,0.2,0.17142857142857143
584733,GGG,2013J,0.4,0.5714285714285714,0.47058823529411764
584766,BBB,2013J,0.05,0.1,0.06666666666666667
584771,CCC,2014J,0.25,0.35714285714285715,0.2941176470588235
584771,FFF,2013J,0.15,0.1875,0.16666666666666663
584806,FFF,2013J,0.0,0.0,0.0
584813,BBB,2013J,0.15,0.2,0.17142857142857143
584827,GGG,2013J,0.4,0.5714285714285714,0.47058823529411764
584842,FFF,2014B,0.0,0.0,0.0
584844,GGG,2013J,0.2,0.8,0.32000000000000006
584864,BBB,2014J,0.25,0.22727272727272727,0.23809523809523808
584908,GGG,2013J,0.3,0.5,0.37499999999999994
584914,DDD,2013J,0.0,0.0,0.0
584918,DDD,2013J,0.05,0.25,0.08333333333333334
584926,CCC,2014J,0.3,0.24,0.2666666666666666
584940,CCC,2014B,0.3,0.2857142857142857,0.2926829268292683
584942,GGG,2013J,0.15,0.14285714285714285,0.14634146341463414
584943,DDD,2013J,0.15,0.0967741935483871,0.11764705882352941
584969,GGG,2013J,0.45,0.6,0.5142857142857143
584981,DDD,2014J,0.35,0.1206896551724138,0.1794871794871795
585011,EEE,2013J,0.25,1.0,0.4
585025,GGG,2013J,0.15,0.3,0.2
585033,FFF,2013J,0.25,0.14705882352941177,0.18518518518518517
585041,GGG,2013J,0.3,0.46153846153846156,0.3636363636363637
585048,BBB,2014B,0.15,0.13043478260869565,0.13953488372093023
585057,CCC,2014B,0.0,0.0,0.0
585058,GGG,2013J,0.1,0.4,0.16000000000000003
585093,CCC,2014B,0.0,0.0,0.0
585093,FFF,2013J,0.0,0.0,0.0
585098,CCC,2014J,0.05,0.125,0.07142857142857144
585098,DDD,2013J,0.05,0.02702702702702703,0.03508771929824561
585114,GGG,2013J,0.25,0.18518518518518517,0.2127659574468085
585134,CCC,2014J,0.25,0.29411764705882354,0.27027027027027023
585134,DDD,2013J,0.05,0.0625,0.05555555555555556
585141,GGG,2013J,0.35,0.5833333333333334,0.4375
585145,GGG,2013J,0.45,0.34615384615384615,0.3913043478260869
585147,GGG,2013J,0.2,0.25,0.22222222222222224
585150,BBB,2014B,0.0,0.0,0.0
585153,DDD,2014J,0.0,0.0,0.0
585154,CCC,2014J,0.2,0.14814814814814814,0.1702127659574468
585162,FFF,2013J,0.4,0.2,0.26666666666666666
585166,FFF,2013J,0.1,0.07142857142857142,0.08333333333333333
585170,BBB,2013J,0.3,0.4,0.34285714285714286
585199,GGG,2013J,0.35,0.3333333333333333,0.3414634146341463
585200,BBB,2013J,0.35,0.21875,0.2692307692307692
585201,GGG,2013J,0.25,0.4166666666666667,0.3125
585208,DDD,2013J,0.05,0.1,0.06666666666666667
585210,DDD,2013J,0.2,0.25,0.22222222222222224
585212,BBB,2013J,0.05,0.05,0.05000000000000001
585222,FFF,2013J,0.1,0.08333333333333333,0.0909090909090909
585224,FFF,2014J,0.15,0.08333333333333333,0.10714285714285714
585230,FFF,2013J,0.0,0.0,0.0
585236,GGG,2013J,0.25,0.45454545454545453,0.3225806451612903
585261,FFF,2014J,0.15,0.08333333333333333,0.10714285714285714
585279,EEE,2013J,0.5,0.8333333333333334,0.625
585284,FFF,2014J,0.25,0.17857142857142858,0.20833333333333331
585301,FFF,2013J,0.05,0.09090909090909091,0.06451612903225806
585305,FFF,2013J,0.05,0.07142857142857142,0.058823529411764705
585326,DDD,2013J,0.05,0.03571428571428571,0.041666666666666664
585354,DDD,2014J,0.15,0.21428571428571427,0.1764705882352941
585359,CCC,2014J,0.0,0.0,0.0
585359,DDD,2013J,0.2,0.18181818181818182,0.1904761904761905
585383,CCC,2014B,0.0,0.0,0.0
585383,FFF,2013J,0.25,0.19230769230769232,0.2173913043478261
585393,CCC,2014B,0.15,0.14285714285714285,0.14634146341463414
585393,EEE,2014B,0.3,0.5454545454545454,0.3870967741935483
585397,CCC,2014B,0.2,0.14285714285714285,0.16666666666666666
585397,EEE,2014B,0.25,0.4166666666666667,0.3125
585406,BBB,2013J,0.2,0.2857142857142857,0.23529411764705882
585422,DDD,2013J,0.15,0.21428571428571427,0.1764705882352941
585432,DDD,2014J,0.2,0.0975609756097561,0.13114754098360656
585433,EEE,2013J,0.4,0.8888888888888888,0.5517241379310346
585445,GGG,2013J,0.4,0.5,0.4444444444444445
585449,FFF,2013J,0.0,0.0,0.0
585454,FFF,2014B,0.15,0.13043478260869565,0.13953488372093023
585455,CCC,2014B,0.05,0.05,0.05000000000000001
585455,EEE,2013J,0.4,0.8,0.5333333333333333
585464,EEE,2013J,0.3,0.5454545454545454,0.3870967741935483
585466,FFF,2013J,0.65,0.19696969696969696,0.3023255813953488
585471,EEE,2013J,0.45,0.9,0.6
585503,FFF,2014J,0.55,0.22,0.3142857142857143
585518,GGG,2013J,0.35,0.5833333333333334,0.4375
585526,DDD,2014J,0.15,0.1875,0.16666666666666663
585547,BBB,2014B,0.0,0.0,0.0
585572,FFF,2014J,0.0,0.0,0.0
585574,FFF,2013J,0.05,0.07692307692307693,0.060606060606060615
585577,GGG,2013J,0.5,0.5,0.5
585603,BBB,2013J,0.15,0.1875,0.16666666666666663
585608,GGG,2013J,0.25,0.5,0.3333333333333333
585611,BBB,2013J,0.15,0.6,0.24
585613,GGG,2013J,0.55,0.4782608695652174,0.5116279069767442
585615,FFF,2013J,0.1,0.18181818181818182,0.12903225806451613
585626,DDD,2014J,0.3,0.11538461538461539,0.16666666666666669
585643,EEE,2014J,0.3,0.5454545454545454,0.3870967741935483
585644,BBB,2013J,0.15,0.75,0.24999999999999997
585652,BBB,2013J,0.1,0.25,0.14285714285714288
585659,FFF,2013J,0.3,0.375,0.33333333333333326
585662,EEE,2014B,0.25,0.5555555555555556,0.3448275862068966
585668,GGG,2013J,0.2,0.5,0.28571428571428575
585693,BBB,2013J,0.5,0.2,0.28571428571428575
585695,CCC,2014B,0.5,0.15384615384615385,0.23529411764705882
585695,DDD,2013J,0.1,0.05263157894736842,0.06896551724137931
585702,GGG,2013J,0.65,0.7647058823529411,0.7027027027027027
585709,CCC,2014B,0.0,0.0,0.0
585731,FFF,2013J,0.2,0.2,0.20000000000000004
585762,BBB,2014J,0.15,0.3333333333333333,0.20689655172413793
585768,GGG,2013J,0.45,0.75,0.5625000000000001
585773,DDD,2014J,0.2,0.125,0.15384615384615385
585779,BBB,2013J,0.45,0.2571428571428571,0.32727272727272727
585812,CCC,2014J,0.2,0.16,0.17777777777777778
585816,BBB,2013J,0.1,1.0,0.18181818181818182
585830,DDD,2014B,0.35,0.2916666666666667,0.31818181818181823
585832,DDD,2014J,0.05,0.02631578947368421,0.034482758620689655
585837,EEE,2013J,0.55,0.5789473684210527,0.5641025641025641
585847,GGG,2013J,0.55,0.4074074074074074,0.46808510638297873
585852,EEE,2014J,0.3,1.0,0.4615384615384615
585921,FFF,2014B,0.45,0.24324324324324326,0.3157894736842105
585942,FFF,2013J,0.05,0.3333333333333333,0.08695652173913045
585958,FFF,2014J,0.2,0.10526315789473684,0.13793103448275862
586022,DDD,2013J,0.0,0.0,0.0
586034,FFF,2013J,0.4,0.1509433962264151,0.21917808219178084
586036,BBB,2014J,0.15,0.23076923076923078,0.18181818181818185
586046,CCC,2014J,0.0,0.0,0.0
586046,EEE,2013J,0.1,0.6666666666666666,0.1739130434782609
586047,CCC,2014J,0.1,0.15384615384615385,0.12121212121212123
586047,EEE,2013J,0.0,0.0,0.0
586078,BBB,2013J,0.15,0.5,0.23076923076923075
586080,FFF,2013J,0.05,1.0,0.09523809523809523
586086,BBB,2014B,0.05,0.14285714285714285,0.07407407407407408
586088,CCC,2014J,0.2,0.14814814814814814,0.1702127659574468
586111,BBB,2014B,0.05,0.5,0.09090909090909091
586113,DDD,2013J,0.05,0.1111111111111111,0.06896551724137932
586121,DDD,2014J,0.05,0.058823529411764705,0.05405405405405405
586128,DDD,2013J,0.3,0.17647058823529413,0.22222222222222224
586134,BBB,2014J,0.1,0.16666666666666666,0.125
586137,EEE,2013J,0.2,0.6666666666666666,0.30769230769230765
586142,BBB,2014J,0.4,0.26666666666666666,0.32
586158,GGG,2013J,0.2,0.4,0.26666666666666666
586165,BBB,2013J,0.15,0.2,0.17142857142857143
586180,BBB,2014J,0.0,0.0,0.0
586196,GGG,2013J,0.25,0.5,0.3333333333333333
586233,FFF,2013J,0.0,0.0,0.0
586236,EEE,2013J,0.3,1.0,0.4615384615384615
586243,DDD,2013J,0.1,0.06666666666666667,0.08
586257,DDD,2013J,0.1,0.04878048780487805,0.06557377049180328
586261,CCC,2014J,0.05,0.027777777777777776,0.03571428571428571
586261,EEE,2013J,0.35,0.7,0.4666666666666667
586287,GGG,2013J,0.3,0.24,0.2666666666666666
586315,DDD,2014J,0.05,0.1111111111111111,0.06896551724137932
586324,GGG,2013J,0.2,0.2222222222222222,0.2105263157894737
586337,GGG,2013J,0.25,0.2777777777777778,0.2631578947368421
586346,BBB,2013J,0.45,0.32142857142857145,0.375
586347,DDD,2014B,0.3,0.21428571428571427,0.25
586367,GGG,2013J,0.2,0.5714285714285714,0.29629629629629634
586371,GGG,2014J,0.4,0.4444444444444444,0.4210526315789474
586376,BBB,2014J,0.3,0.3157894736842105,0.3076923076923077
586416,BBB,2013J,0.15,0.5,0.23076923076923075
586423,GGG,2013J,0.2,0.21052631578947367,0.20512820512820512
586428,FFF,2013J,0.35,0.109375,0.16666666666666666
586440,BBB,2013J,0.05,0.5,0.09090909090909091
586444,DDD,2014J,0.05,0.08333333333333333,0.0625
586446,FFF,2013J,0.2,0.10810810810810811,0.14035087719298245
586468,FFF,2013J,0.25,0.1,0.14285714285714288
586474,EEE,2014J,0.15,0.75,0.24999999999999997
586476,CCC,2014J,0.15,0.3,0.2
586476,EEE,2013J,0.25,0.4166666666666667,0.3125
586477,FFF,2013J,0.25,0.1388888888888889,0.17857142857142858
586483,FFF,2013J,0.2,0.13793103448275862,0.16326530612244897
586493,GGG,2013J,0.4,0.5,0.4444444444444445
586494,GGG,2014B,0.4,0.5714285714285714,0.47058823529411764
586497,CCC,2014J,0.4,0.3333333333333333,0.3636363636363636
586497,DDD,2013J,0.2,0.07272727272727272,0.10666666666666667
586502,BBB,2014J,0.25,0.23809523809523808,0.24390243902439024
586502,GGG,2013J,0.5,0.5,0.5
586516,BBB,2014J,0.45,0.21428571428571427,0.29032258064516125
586518,FFF,2013J,0.1,0.041666666666666664,0.058823529411764705
586526,DDD,2013J,0.05,0.05,0.05000000000000001
586535,BBB,2013J,0.0,0.0,0.0
586550,DDD,2013J,0.0,0.0,0.0
586581,BBB,2013J,0.05,0.08333333333333333,0.0625
586592,FFF,2014B,0.1,0.08,0.08888888888888889
586594,CCC,2014J,0.1,0.10526315789473684,0.10256410256410256
586594,FFF,2013J,0.15,0.08108108108108109,0.10526315789473685
586598,GGG,2013J,0.4,0.6666666666666666,0.5
586621,EEE,2013J,0.35,0.7777777777777778,0.48275862068965514
586625,DDD,2013J,0.0,0.0,0.0
586639,GGG,2013J,0.55,0.6111111111111112,0.5789473684210527
586642,FFF,2013J,0.15,0.08108108108108109,0.10526315789473685
586652,BBB,2014J,0.35,0.30434782608695654,0.3255813953488372
586660,GGG,2013J,0.1,0.16666666666666666,0.125
586668,CCC,2014J,0.05,0.045454545454545456,0.04761904761904762
586668,EEE,2013J,0.5,0.5555555555555556,0.5263157894736842
586689,GGG,2013J,0.5,0.5882352941176471,0.5405405405405405
586705,FFF,2013J,0.2,0.11764705882352941,0.14814814814814817
586712,BBB,2014B,0.0,0.0,0.0
586716,EEE,2013J,0.3,0.5454545454545454,0.3870967741935483
586719,FFF,2013J,0.25,0.11627906976744186,0.15873015873015872
586729,DDD,2014J,0.3,0.21428571428571427,0.25
586742,BBB,2013J,0.1,0.2,0.13333333333333333
586750,CCC,2014J,0.0,0.0,0.0
586750,EEE,2013J,0.2,0.5714285714285714,0.29629629629629634
586753,FFF,2013J,0.1,0.13333333333333333,0.1142857142857143
586758,FFF,2013J,0.25,0.1388888888888889,0.17857142857142858
586762,CCC,2014J,0.1,0.14285714285714285,0.11764705882352941
586762,DDD,2013J,0.05,0.043478260869565216,0.046511627906976744
586781,CCC,2014J,0.05,0.08333333333333333,0.0625
586781,FFF,2013J,0.6,0.16216216216216217,0.25531914893617025
586784,FFF,2013J,0.3,0.13043478260869565,0.18181818181818182
586787,GGG,2013J,0.15,0.42857142857142855,0.2222222222222222
586800,DDD,2013J,0.15,0.1111111111111111,0.12765957446808512
586808,CCC,2014J,0.1,0.058823529411764705,0.07407407407407408
586808,FFF,2013J,0.6,0.23529411764705882,0.33802816901408456
586818,GGG,2013J,0.4,0.5333333333333333,0.4571428571428572
586838,CCC,2014J,0.15,0.23076923076923078,0.18181818181818185
586838,EEE,2013J,0.45,0.8181818181818182,0.5806451612903226
586843,BBB,2013J,0.2,0.26666666666666666,0.2285714285714286
586855,FFF,2013J,0.25,0.19230769230769232,0.2173913043478261
586876,DDD,2014B,0.05,0.05555555555555555,0.052631578947368425
586891,FFF,2013J,0.05,0.037037037037037035,0.0425531914893617
586906,FFF,2014J,0.55,0.21568627450980393,0.30985915492957744
586912,DDD,2013J,0.25,0.09803921568627451,0.14084507042253522
586914,GGG,2013J,0.25,0.22727272727272727,0.23809523809523808
586917,FFF,2014B,0.15,0.15,0.15
586921,EEE,2013J,0.2,0.36363636363636365,0.25806451612903225
586935,FFF,2013J,0.25,0.18518518518518517,0.2127659574468085
586946,DDD,2014J,0.35,0.12727272727272726,0.18666666666666665
586957,FFF,2013J,0.2,0.14285714285714285,0.16666666666666666
586962,EEE,2013J,0.2,0.8,0.32000000000000006
586981,GGG,2013J,0.1,1.0,0.18181818181818182
586995,BBB,2014B,0.4,0.1951219512195122,0.26229508196721313
586996,BBB,2013J,0.0,0.0,0.0
587002,DDD,2013J,0.3,0.11538461538461539,0.16666666666666669
587004,GGG,2013J,0.15,0.16666666666666666,0.15789473684210525
587008,CCC,2014J,0.2,0.13333333333333333,0.16
587008,EEE,2014J,0.65,0.7647058823529411,0.7027027027027027
587054,BBB,2014J,0.3,0.3,0.3
587126,FFF,2013J,0.2,0.1,0.13333333333333333
587140,DDD,2014J,0.05,0.125,0.07142857142857144
587161,GGG,2013J,0.15,0.15789473684210525,0.15384615384615385
587178,FFF,2013J,0.25,0.14285714285714285,0.18181818181818182
587181,BBB,2014B,0.05,0.3333333333333333,0.08695652173913045
587183,GGG,2013J,0.25,0.5555555555555556,0.3448275862068966
587192,BBB,2013J,0.1,0.08,0.08888888888888889
587194,BBB,2013J,0.25,0.8333333333333334,0.3846153846153846
587223,BBB,2013J,0.0,0.0,0.0
587244,CCC,2014J,0.4,0.10126582278481013,0.16161616161616163
587286,FFF,2013J,0.15,0.13043478260869565,0.13953488372093023
587294,FFF,2013J,0.25,0.11904761904761904,0.16129032258064516
587297,BBB,2013J,0.25,0.10638297872340426,0.1492537313432836
587319,EEE,2013J,0.05,0.3333333333333333,0.08695652173913045
587323,EEE,2014B,0.3,0.5454545454545454,0.3870967741935483
587324,FFF,2013J,0.0,0.0,0.0
587330,GGG,2013J,0.15,0.25,0.18749999999999997
587334,FFF,2013J,0.05,0.03571428571428571,0.041666666666666664
587346,EEE,2013J,0.1,0.2857142857142857,0.14814814814814817
587362,GGG,2013J,0.1,0.10526315789473684,0.10256410256410256
587375,DDD,2014J,0.25,0.1282051282051282,0.1694915254237288
587377,CCC,2014J,0.05,0.07142857142857142,0.058823529411764705
587391,CCC,2014J,0.15,0.15,0.15
587409,BBB,2013J,0.15,0.5,0.23076923076923075
587418,BBB,2013J,0.1,0.13333333333333333,0.1142857142857143
587423,BBB,2013J,0.05,0.038461538461538464,0.043478260869565216
587446,DDD,2014J,0.05,0.047619047619047616,0.04878048780487805
587451,FFF,2013J,0.3,0.17647058823529413,0.22222222222222224
587456,FFF,2013J,0.2,0.08333333333333333,0.11764705882352941
587459,BBB,2014J,0.1,0.4,0.16000000000000003
587506,GGG,2013J,0.5,0.5263157894736842,0.5128205128205129
587523,GGG,2013J,0.2,0.2,0.20000000000000004
587524,BBB,2014B,0.0,0.0,0.0
587529,GGG,2013J,0.05,0.09090909090909091,0.06451612903225806
587538,BBB,2014B,0.0,0.0,0.0
587547,EEE,2013J,0.3,0.5454545454545454,0.3870967741935483
587555,GGG,2013J,0.45,0.5,0.4736842105263158
587564,BBB,2013J,0.0,0.0,0.0
587571,FFF,2014J,0.4,0.09876543209876543,0.15841584158415842
587576,DDD,2014J,0.05,0.05,0.05000000000000001
587579,DDD,2014J,0.25,0.13157894736842105,0.1724137931034483
587594,FFF,2013J,0.2,0.13793103448275862,0.16326530612244897
587600,FFF,2014B,0.2,0.125,0.15384615384615385
587611,FFF,2013J,0.2,0.10256410256410256,0.13559322033898302
587616,EEE,2013J,0.25,0.5555555555555556,0.3448275862068966
587619,FFF,2013J,0.2,0.1,0.13333333333333333
587621,EEE,2013J,0.4,0.6666666666666666,0.5
587621,EEE,2014J,0.2,0.3333333333333333,0.25
587641,DDD,2013J,0.25,0.3333333333333333,0.28571428571428575
587677,EEE,2013J,0.35,0.7777777777777778,0.48275862068965514
587682,EEE,2013J,0.05,1.0,0.09523809523809523
587685,FFF,2013J,0.15,0.21428571428571427,0.1764705882352941
587690,FFF,2013J,0.35,0.3181818181818182,0.3333333333333333
587702,BBB,2013J,0.1,0.13333333333333333,0.1142857142857143
587714,EEE,2013J,0.1,0.5,0.16666666666666669
587722,BBB,2013J,0.15,0.14285714285714285,0.14634146341463414
587732,BBB,2013J,0.25,0.3333333333333333,0.28571428571428575
587754,BBB,2013J,0.1,0.5,0.16666666666666669
587755,BBB,2013J,0.15,0.3333333333333333,0.20689655172413793
587780,BBB,2014B,0.05,0.07692307692307693,0.060606060606060615
587783,CCC,2014B,0.15,0.1875,0.16666666666666663
587783,FFF,2013J,0.25,0.14705882352941177,0.18518518518518517
587793,EEE,2014J,0.45,0.6428571428571429,0.5294117647058824
587810,BBB,2013J,0.1,0.06451612903225806,0.0784313725490196
587848,FFF,2013J,0.35,0.2,0.2545454545454545
587852,GGG,2013J,0.5,0.47619047619047616,0.4878048780487805
587859,FFF,2013J,0.0,0.0,0.0
587860,BBB,2014J,0.2,0.36363636363636365,0.25806451612903225
587862,DDD,2013J,0.15,0.125,0.13636363636363635
587868,FFF,2013J,0.0,0.0,0.0
587881,FFF,2013J,0.0,0.0,0.0
587906,CCC,2014B,0.1,0.08695652173913043,0.09302325581395349
587906,EEE,2013J,0.35,0.7,0.4666666666666667
587909,GGG,2014J,0.0,0.0,0.0
587911,CCC,2014B,0.15,0.1875,0.16666666666666663
587911,EEE,2013J,0.3,0.5,0.37499999999999994
587923,BBB,2013J,0.2,0.4444444444444444,0.2758620689655173
587961,BBB,2013J,0.0,0.0,0.0
587975,GGG,2013J,0.5,0.4,0.4444444444444445
587985,BBB,2013J,0.0,0.0,0.0
587989,DDD,2013J,0.3,0.1875,0.23076923076923075
587997,GGG,2013J,0.4,0.6666666666666666,0.5
588008,GGG,2013J,0.35,0.5833333333333334,0.4375
588014,GGG,2013J,0.5,0.37037037037037035,0.425531914893617
588031,GGG,2014B,0.35,0.5384615384615384,0.4242424242424242
588033,CCC,2014J,0.0,0.0,0.0
588033,DDD,2013J,0.2,0.13793103448275862,0.16326530612244897
588039,BBB,2014B,0.05,0.25,0.08333333333333334
588078,GGG,2013J,0.3,0.6,0.4
588086,DDD,2013J,0.2,0.10256410256410256,0.13559322033898302
588100,CCC,2014J,0.05,0.05555555555555555,0.052631578947368425
588105,GGG,2013J,0.15,0.21428571428571427,0.1764705882352941
588117,BBB,2013J,0.05,0.16666666666666666,0.07692307692307691
588125,EEE,2013J,0.45,0.9,0.6
588128,FFF,2013J,0.1,0.2,0.13333333333333333
588128,FFF,2014J,0.2,0.17391304347826086,0.18604651162790697
588131,FFF,2013J,0.55,0.24444444444444444,0.3384615384615384
588132,DDD,2013J,0.3,0.12,0.17142857142857143
588138,GGG,2013J,0.15,0.15,0.15
588145,FFF,2014B,0.15,0.15789473684210525,0.15384615384615385
588146,DDD,2013J,0.1,0.09523809523809523,0.0975609756097561
588156,FFF,2013J,0.2,0.17391304347826086,0.18604651162790697
588170,CCC,2014J,0.15,0.75,0.24999999999999997
588178,DDD,2013J,0.0,0.0,0.0
588179,DDD,2014J,0.1,0.3333333333333333,0.15384615384615383
588198,DDD,2014B,0.05,0.03333333333333333,0.04
588203,DDD,2014J,0.05,0.047619047619047616,0.04878048780487805
588208,DDD,2013J,0.15,0.058823529411764705,0.08450704225352114
588219,CCC,2014B,0.0,0.0,0.0
588219,DDD,2013J,0.15,0.42857142857142855,0.2222222222222222
588231,EEE,2013J,0.45,0.75,0.5625000000000001
588233,GGG,2013J,0.35,0.5,0.4117647058823529
588236,FFF,2013J,0.7,0.2153846153846154,0.32941176470588235
588240,DDD,2014J,0.15,0.08571428571428572,0.10909090909090909
588251,BBB,2014J,0.2,0.5,0.28571428571428575
588261,FFF,2013J,0.45,0.16666666666666666,0.24324324324324323
588265,BBB,2013J,0.2,0.23529411764705882,0.2162162162162162
588274,CCC,2014B,0.15,0.125,0.13636363636363635
588274,EEE,2014B,0.15,0.375,0.21428571428571425
588280,EEE,2013J,0.55,0.6875,0.6111111111111112
588289,GGG,2013J,0.5,0.45454545454545453,0.47619047619047616
588293,DDD,2013J,0.1,0.05405405405405406,0.07017543859649122
588302,BBB,2014B,0.1,0.2,0.13333333333333333
588314,GGG,2013J,0.3,0.375,0.33333333333333326
588352,DDD,2013J,0.0,0.0,0.0
588355,BBB,2013J,0.3,0.25,0.2727272727272727
588363,GGG,2013J,0.25,0.38461538461538464,0.30303030303030304
588367,GGG,2013J,0.35,0.6363636363636364,0.45161290322580644
588382,GGG,2013J,0.5,0.5263157894736842,0.5128205128205129
588391,GGG,2013J,0.35,0.5833333333333334,0.4375
588397,DDD,2014B,0.25,0.16666666666666666,0.2
588402,CCC,2014B,0.05,0.07142857142857142,0.058823529411764705
588402,EEE,2013J,0.3,0.5,0.37499999999999994
588411,GGG,2013J,0.15,0.42857142857142855,0.2222222222222222
588430,CCC,2014B,0.0,0.0,0.0
588430,DDD,2013J,0.1,0.07692307692307693,0.08695652173913043
588436,FFF,2014B,0.05,1.0,0.09523809523809523
588442,EEE,2013J,0.2,0.36363636363636365,0.25806451612903225
588460,CCC,2014B,0.05,0.3333333333333333,0.08695652173913045
588460,DDD,2013J,0.0,0.0,0.0
588473,CCC,2014B,0.2,0.18181818181818182,0.1904761904761905
588474,EEE,2014J,0.15,0.25,0.18749999999999997
588477,AAA,2014J,0.25,0.5555555555555556,0.3448275862068966
588482,CCC,2014J,0.05,0.07692307692307693,0.060606060606060615
588482,DDD,2013J,0.05,0.0625,0.05555555555555556
588484,BBB,2014B,0.05,0.3333333333333333,0.08695652173913045
588489,GGG,2014B,0.15,0.375,0.21428571428571425
588493,CCC,2014J,0.15,0.42857142857142855,0.2222222222222222
588493,DDD,2013J,0.1,0.08333333333333333,0.0909090909090909
588502,EEE,2013J,0.45,0.6923076923076923,0.5454545454545455
588505,GGG,2013J,0.2,0.26666666666666666,0.2285714285714286
588522,GGG,2013J,0.25,0.4166666666666667,0.3125
588524,CCC,2014B,0.0,0.0,0.0
588524,EEE,2013J,0.35,0.4666666666666667,0.4
588540,DDD,2013J,0.25,0.1111111111111111,0.15384615384615383
588556,DDD,2013J,0.1,0.09523809523809523,0.0975609756097561
588566,CCC,2014J,0.1,0.5,0.16666666666666669
588566,DDD,2013J,0.0,0.0,0.0
588628,EEE,2013J,0.4,0.8,0.5333333333333333
588628,FFF,2014J,0.4,0.14814814814814814,0.21621621621621623
588642,BBB,2013J,0.15,0.42857142857142855,0.2222222222222222
588672,FFF,2013J,0.25,0.13157894736842105,0.1724137931034483
588676,CCC,2014B,0.15,0.09090909090909091,0.11320754716981132
588676,EEE,2013J,0.4,0.7272727272727273,0.5161290322580645
588707,CCC,2014B,0.2,0.2222222222222222,0.2105263157894737
588707,DDD,2013J,0.25,0.13157894736842105,0.1724137931034483
588710,EEE,2013J,0.15,0.23076923076923078,0.18181818181818185
588752,DDD,2014B,0.05,0.1111111111111111,0.06896551724137932
588765,CCC,2014J,0.0,0.0,0.0
588765,EEE,2014B,0.25,0.8333333333333334,0.3846153846153846
588775,AAA,2013J,0.65,0.4482758620689655,0.5306122448979592
588781,GGG,2013J,0.3,0.3333333333333333,0.3157894736842105
588824,DDD,2013J,0.0,0.0,0.0
588835,EEE,2013J,0.3,0.5454545454545454,0.3870967741935483
588842,CCC,2014J,0.15,0.2,0.17142857142857143
588846,CCC,2014B,0.0,0.0,0.0
588850,DDD,2013J,0.1,0.09090909090909091,0.09523809523809525
588883,BBB,2013J,0.15,0.23076923076923078,0.18181818181818185
588884,DDD,2013J,0.1,0.06666666666666667,0.08
588910,BBB,2013J,0.2,0.4444444444444444,0.2758620689655173
588913,FFF,2014B,0.05,0.25,0.08333333333333334
588942,EEE,2013J,0.1,0.4,0.16000000000000003
588944,BBB,2014J,0.25,0.2777777777777778,0.2631578947368421
588944,GGG,2013J,0.65,0.6842105263157895,0.6666666666666667
588956,CCC,2014B,0.05,0.08333333333333333,0.0625
588971,FFF,2013J,0.6,0.375,0.4615384615384615
589003,FFF,2013J,0.4,0.12903225806451613,0.1951219512195122
589009,GGG,2014B,0.2,0.26666666666666666,0.2285714285714286
589014,FFF,2013J,0.4,0.18181818181818182,0.25000000000000006
589016,FFF,2014B,0.1,0.1111111111111111,0.10526315789473685
589019,DDD,2013J,0.1,0.15384615384615385,0.12121212121212123
589029,FFF,2014B,0.1,0.1,0.10000000000000002
589033,EEE,2014B,0.35,0.7777777777777778,0.48275862068965514
589053,GGG,2014B,0.5,0.5555555555555556,0.5263157894736842
589055,EEE,2013J,0.1,0.2222222222222222,0.13793103448275865
589067,BBB,2013J,0.15,0.15,0.15
589080,FFF,2014J,0.5,0.17857142857142858,0.2631578947368421
589099,FFF,2013J,0.0,0.0,0.0
589123,BBB,2013J,0.2,0.3333333333333333,0.25
589126,GGG,2013J,0.2,0.2857142857142857,0.23529411764705882
589133,BBB,2014J,0.05,0.1,0.06666666666666667
589147,GGG,2013J,0.4,0.6666666666666666,0.5
589162,FFF,2014J,0.35,0.14583333333333334,0.20588235294117646
589211,EEE,2013J,0.3,0.6,0.4
589220,DDD,2013J,0.15,0.07317073170731707,0.09836065573770492
589223,EEE,2014B,0.05,0.3333333333333333,0.08695652173913045
589260,EEE,2014B,0.3,0.5454545454545454,0.3870967741935483
589263,FFF,2013J,0.15,0.1,0.12
589279,DDD,2014J,0.15,0.13636363636363635,0.14285714285714282
589295,FFF,2013J,0.4,0.25,0.3076923076923077
589296,BBB,2013J,0.1,0.16666666666666666,0.125
589302,BBB,2013J,0.2,0.26666666666666666,0.2285714285714286
589303,FFF,2013J,0.2,0.08888888888888889,0.12307692307692307
589326,FFF,2013J,0.15,0.06,0.08571428571428572
589327,CCC,2014B,0.05,0.5,0.09090909090909091
589327,EEE,2013J,0.4,0.5714285714285714,0.47058823529411764
589332,FFF,2014J,0.15,0.12,0.1333333333333333
589333,BBB,2014B,0.0,0.0,0.0
589377,GGG,2013J,0.45,0.5294117647058824,0.48648648648648646
589380,EEE,2013J,0.35,0.7777777777777778,0.48275862068965514
589389,FFF,2014J,0.2,0.4,0.26666666666666666
589390,CCC,2014B,0.15,0.21428571428571427,0.1764705882352941
589395,GGG,2013J,0.25,0.45454545454545453,0.3225806451612903
589409,FFF,2013J,0.15,0.09375,0.11538461538461538
589411,BBB,2013J,0.2,0.14814814814814814,0.1702127659574468
589438,CCC,2014J,0.15,0.375,0.21428571428571425
589441,FFF,2013J,0.15,0.10714285714285714,0.125
589444,BBB,2014B,0.0,0.0,0.0
589449,FFF,2014B,0.3,0.0821917808219178,0.12903225806451613
589454,FFF,2014B,0.1,0.10526315789473684,0.10256410256410256
589458,DDD,2013J,0.1,0.1111111111111111,0.10526315789473685
589463,CCC,2014J,0.35,0.2692307692307692,0.3043478260869565
589493,GGG,2013J,0.0,0.0,0.0
589503,DDD,2013J,0.1,0.05714285714285714,0.07272727272727272
589506,EEE,2013J,0.05,0.16666666666666666,0.07692307692307691
589507,GGG,2013J,0.1,0.16666666666666666,0.125
589508,BBB,2013J,0.0,0.0,0.0
589509,BBB,2013J,0.1,1.0,0.18181818181818182
589523,CCC,2014J,0.35,0.16279069767441862,0.22222222222222227
589525,CCC,2014B,0.0,0.0,0.0
589531,DDD,2013J,0.05,0.05263157894736842,0.05128205128205128
589548,FFF,2014B,0.5,0.16666666666666666,0.25
589554,BBB,2014J,0.15,0.5,0.23076923076923075
589557,DDD,2013J,0.1,0.2222222222222222,0.13793103448275865
589558,GGG,2013J,0.35,0.6363636363636364,0.45161290322580644
589559,FFF,2013J,0.25,0.17857142857142858,0.20833333333333331
589562,GGG,2014J,0.3,0.6666666666666666,0.41379310344827586
589565,CCC,2014J,0.0,0.0,0.0
589565,FFF,2014B,0.75,0.2830188679245283,0.4109589041095891
589578,FFF,2013J,0.2,0.09090909090909091,0.12500000000000003
589583,FFF,2013J,0.55,0.10185185185185185,0.171875
589584,DDD,2013J,0.0,0.0,0.0
589585,DDD,2014J,0.0,0.0,0.0
589587,FFF,2013J,0.15,0.12,0.1333333333333333
589605,FFF,2013J,0.2,0.13333333333333333,0.16
589621,BBB,2014J,0.15,0.14285714285714285,0.14634146341463414
589634,CCC,2014J,0.0,0.0,0.0
589690,GGG,2013J,0.1,0.16666666666666666,0.125
589702,GGG,2013J,0.2,0.36363636363636365,0.25806451612903225
589707,FFF,2013J,0.15,0.2727272727272727,0.19354838709677416
589723,DDD,2013J,0.15,0.07692307692307693,0.1016949152542373
589734,GGG,2013J,0.1,0.13333333333333333,0.1142857142857143
589744,GGG,2013J,0.2,0.3076923076923077,0.24242424242424246
589748,GGG,2013J,0.4,0.32,0.35555555555555557
589778,CCC,2014J,0.2,0.16,0.17777777777777778
589782,CCC,2014J,0.2,0.13333333333333333,0.16
589782,FFF,2013J,0.2,0.06779661016949153,0.10126582278481014
589828,EEE,2014B,0.45,0.75,0.5625000000000001
589828,FFF,2014J,0.2,0.12903225806451613,0.1568627450980392
589856,EEE,2014J,0.15,0.42857142857142855,0.2222222222222222
589860,FFF,2013J,0.25,0.16129032258064516,0.19607843137254902
589862,BBB,2014B,0.0,0.0,0.0
589875,DDD,2013J,0.15,0.07142857142857142,0.09677419354838708
589894,EEE,2013J,0.45,0.6923076923076923,0.5454545454545455
589902,EEE,2013J,0.25,0.8333333333333334,0.3846153846153846
589903,BBB,2013J,0.6,0.2926829268292683,0.39344262295081966
589914,GGG,2013J,0.6,0.41379310344827586,0.4897959183673469
589948,FFF,2013J,0.0,0.0,0.0
589950,BBB,2013J,0.15,0.6,0.24
589956,CCC,2014J,0.45,0.21951219512195122,0.29508196721311475
589956,DDD,2013J,0.15,0.07317073170731707,0.09836065573770492
589963,DDD,2014B,0.05,0.02564102564102564,0.033898305084745756
589973,GGG,2014B,0.2,0.5,0.28571428571428575
589990,GGG,2013J,0.5,0.6666666666666666,0.5714285714285715
589997,BBB,2014B,0.0,0.0,0.0
590017,EEE,2013J,0.05,0.5,0.09090909090909091
590018,FFF,2014B,0.1,0.05128205128205128,0.06779661016949151
590034,GGG,2013J,0.55,0.6111111111111112,0.5789473684210527
590046,GGG,2013J,0.35,0.5384615384615384,0.4242424242424242
590086,BBB,2014J,0.15,0.21428571428571427,0.1764705882352941
590120,FFF,2014J,0.45,0.2647058823529412,0.33333333333333337
590127,DDD,2014J,0.0,0.0,0.0
590147,GGG,2013J,0.4,0.47058823529411764,0.4324324324324324
590188,FFF,2013J,0.5,0.2857142857142857,0.36363636363636365
590189,FFF,2013J,0.1,0.25,0.14285714285714288
590202,BBB,2013J,0.15,0.42857142857142855,0.2222222222222222
590215,GGG,2013J,0.05,0.0625,0.05555555555555556
590226,FFF,2013J,0.25,0.14705882352941177,0.18518518518518517
590227,DDD,2014J,0.05,0.16666666666666666,0.07692307692307691
590231,BBB,2013J,0.1,0.2222222222222222,0.13793103448275865
590241,FFF,2013J,0.2,0.07547169811320754,0.10958904109589042
590248,GGG,2013J,0.4,0.34782608695652173,0.37209302325581395
590289,FFF,2013J,0.15,0.07317073170731707,0.09836065573770492
590308,BBB,2013J,0.05,1.0,0.09523809523809523
590325,BBB,2013J,0.1,0.5,0.16666666666666669
590328,FFF,2013J,0.1,0.11764705882352941,0.1081081081081081
590340,DDD,2014J,0.2,0.10526315789473684,0.13793103448275862
590353,GGG,2013J,0.1,0.3333333333333333,0.15384615384615383
590360,BBB,2013J,0.05,0.3333333333333333,0.08695652173913045
590362,BBB,2013J,0.2,0.2222222222222222,0.2105263157894737
590372,BBB,2013J,0.0,0.0,0.0
590392,DDD,2013J,0.1,0.06896551724137931,0.08163265306122448
590397,CCC,2014J,0.2,0.14814814814814814,0.1702127659574468
590397,DDD,2013J,0.15,0.07692307692307693,0.1016949152542373
590402,DDD,2013J,0.0,0.0,0.0
590408,BBB,2014B,0.15,0.125,0.13636363636363635
590416,BBB,2014J,0.05,1.0,0.09523809523809523
590443,DDD,2013J,0.2,0.11764705882352941,0.14814814814814817
590444,BBB,2014J,0.0,0.0,0.0
590445,GGG,2014B,0.05,0.25,0.08333333333333334
590482,DDD,2013J,0.2,0.15384615384615385,0.17391304347826086
590499,FFF,2013J,0.65,0.2826086956521739,0.3939393939393939
590508,FFF,2014B,0.2,0.21052631578947367,0.20512820512820512
590540,GGG,2013J,0.55,0.5789473684210527,0.5641025641025641
590541,DDD,2014B,0.1,0.038461538461538464,0.05555555555555555
590562,DDD,2014J,0.05,0.09090909090909091,0.06451612903225806
590593,GGG,2013J,0.0,0.0,0.0
590616,DDD,2014J,0.1,0.18181818181818182,0.12903225806451613
590625,BBB,2013J,0.2,0.21052631578947367,0.20512820512820512
590626,EEE,2013J,0.45,0.75,0.5625000000000001
590662,GGG,2013J,0.05,1.0,0.09523809523809523
590667,BBB,2013J,0.15,0.23076923076923078,0.18181818181818185
590668,BBB,2014J,0.55,0.3142857142857143,0.4
590676,CCC,2014J,0.05,0.07142857142857142,0.058823529411764705
590676,DDD,2013J,0.2,0.11428571428571428,0.14545454545454545
590680,DDD,2014B,0.2,0.0975609756097561,0.13114754098360656
590701,FFF,2013J,0.05,0.05555555555555555,0.052631578947368425
590707,FFF,2013J,0.2,0.11764705882352941,0.14814814814814817
590711,GGG,2013J,0.1,0.10526315789473684,0.10256410256410256
590744,EEE,2013J,0.4,0.8888888888888888,0.5517241379310346
590762,DDD,2013J,0.1,0.25,0.14285714285714288
590764,GGG,2013J,0.45,0.6428571428571429,0.5294117647058824
590789,DDD,2013J,0.15,0.10714285714285714,0.125
590824,FFF,2013J,0.45,0.225,0.3
590836,GGG,2013J,0.3,0.375,0.33333333333333326
590837,EEE,2014J,0.55,0.6875,0.6111111111111112
590849,FFF,2013J,0.0,0.0,0.0
590854,BBB,2014J,0.15,0.375,0.21428571428571425
590864,GGG,2013J,0.55,0.4782608695652174,0.5116279069767442
590867,BBB,2013J,0.05,1.0,0.09523809523809523
590877,EEE,2013J,0.3,0.8571428571428571,0.4444444444444444
590882,EEE,2013J,0.2,0.5714285714285714,0.29629629629629634
590886,DDD,2014J,0.1,0.0625,0.07692307692307693
590907,FFF,2013J,0.2,0.1,0.13333333333333333
590914,CCC,2014B,0.05,0.16666666666666666,0.07692307692307691
590918,DDD,2013J,0.15,0.21428571428571427,0.1764705882352941
590920,DDD,2013J,0.15,0.12,0.1333333333333333
590920,DDD,2014J,0.4,0.2,0.26666666666666666
590921,DDD,2013J,0.1,0.125,0.11111111111111112
590931,BBB,2013J,0.15,0.375,0.21428571428571425
590970,FFF,2014B,0.15,0.1,0.12
590980,FFF,2013J,0.4,0.1702127659574468,0.23880597014925373
590989,FFF,2013J,0.3,0.21428571428571427,0.25
590994,BBB,2013J,0.2,0.4444444444444444,0.2758620689655173
591021,EEE,2013J,0.45,0.9,0.6
591030,BBB,2013J,0.1,0.4,0.16000000000000003
591055,FFF,2013J,0.25,0.14285714285714285,0.18181818181818182
591071,DDD,2013J,0.1,0.08695652173913043,0.09302325581395349
591078,FFF,2013J,0.5,0.18867924528301888,0.27397260273972607
591083,CCC,2014J,0.05,0.037037037037037035,0.0425531914893617
591111,FFF,2014B,0.2,0.5,0.28571428571428575
591165,EEE,2013J,0.0,0.0,0.0
591179,GGG,2013J,0.35,0.5833333333333334,0.4375
591193,DDD,2013J,0.1,0.05405405405405406,0.07017543859649122
591198,GGG,2013J,0.4,0.5714285714285714,0.47058823529411764
591202,DDD,2013J,0.2,0.15384615384615385,0.17391304347826086
591210,DDD,2013J,0.45,0.16363636363636364,0.24
591219,FFF,2013J,0.2,0.11764705882352941,0.14814814814814817
591223,BBB,2013J,0.0,0.0,0.0
591225,GGG,2013J,0.2,0.3333333333333333,0.25
591230,CCC,2014J,0.25,0.22727272727272727,0.23809523809523808
591230,DDD,2013J,0.2,0.16,0.17777777777777778
591243,GGG,2013J,0.15,0.21428571428571427,0.1764705882352941
591273,BBB,2013J,0.1,0.6666666666666666,0.1739130434782609
591299,BBB,2013J,0.65,0.40625,0.5000000000000001
591321,GGG,2013J,0.5,0.4166666666666667,0.45454545454545453
591343,FFF,2013J,0.2,0.25,0.22222222222222224
591375,CCC,2014B,0.1,0.15384615384615385,0.12121212121212123
591375,EEE,2013J,0.2,0.4444444444444444,0.2758620689655173
591388,CCC,2014B,0.0,0.0,0.0
591388,EEE,2013J,0.35,0.875,0.4999999999999999
591394,FFF,2013J,0.35,0.13725490196078433,0.1971830985915493
591398,EEE,2014B,0.45,0.75,0.5625000000000001
591403,FFF,2013J,0.25,0.08771929824561403,0.12987012987012986
591409,GGG,2013J,0.15,0.25,0.18749999999999997
591410,BBB,2013J,0.05,1.0,0.09523809523809523
591414,BBB,2013J,0.2,0.18181818181818182,0.1904761904761905
591420,BBB,2013J,0.15,0.6,0.24
591448,DDD,2014B,0.0,0.0,0.0
591501,BBB,2013J,0.3,0.24,0.2666666666666666
591516,FFF,2013J,0.15,0.42857142857142855,0.2222222222222222
591518,BBB,2013J,0.1,0.15384615384615385,0.12121212121212123
591523,EEE,2014J,0.4,1.0,0.5714285714285715
591525,FFF,2014J,0.3,0.15789473684210525,0.20689655172413793
591540,DDD,2014J,0.15,0.07317073170731707,0.09836065573770492
591549,GGG,2013J,0.3,0.25,0.2727272727272727
591550,FFF,2014B,0.05,0.047619047619047616,0.04878048780487805
591558,BBB,2013J,0.1,0.07692307692307693,0.08695652173913043
591563,GGG,2014B,0.3,0.4,0.34285714285714286
591566,EEE,2013J,0.4,0.5714285714285714,0.47058823529411764
591574,BBB,2013J,0.15,0.15789473684210525,0.15384615384615385
591581,FFF,2013J,0.0,0.0,0.0
591581,FFF,2014J,0.25,0.16129032258064516,0.19607843137254902
591588,GGG,2013J,0.1,0.11764705882352941,0.1081081081081081
591589,BBB,2013J,0.1,0.09523809523809523,0.0975609756097561
591591,BBB,2013J,0.15,0.15,0.15
591593,DDD,2013J,0.05,0.2,0.08000000000000002
591602,GGG,2013J,0.3,0.46153846153846156,0.3636363636363637
591685,FFF,2013J,0.6,0.34285714285714286,0.43636363636363634
591695,FFF,2013J,0.25,0.11627906976744186,0.15873015873015872
591733,CCC,2014J,0.0,0.0,0.0
591735,FFF,2013J,0.2,0.26666666666666666,0.2285714285714286
591755,GGG,2014J,0.4,0.6666666666666666,0.5
591761,EEE,2014J,0.25,0.38461538461538464,0.30303030303030304
591765,FFF,2013J,0.1,0.1,0.10000000000000002
591774,AAA,2013J,0.1,0.4,0.16000000000000003
591787,BBB,2013J,0.15,0.21428571428571427,0.1764705882352941
591804,GGG,2013J,0.35,0.4375,0.38888888888888884
591814,GGG,2013J,0.4,0.4444444444444444,0.4210526315789474
591820,BBB,2013J,0.35,0.2,0.2545454545454545
591837,GGG,2013J,0.2,0.5,0.28571428571428575
591849,GGG,2013J,0.2,0.4444444444444444,0.2758620689655173
591859,GGG,2013J,0.0,0.0,0.0
591869,CCC,2014J,0.0,0.0,0.0
591869,EEE,2013J,0.45,0.5,0.4736842105263158
591872,FFF,2013J,0.2,0.25,0.22222222222222224
591873,GGG,2013J,0.4,0.42105263157894735,0.41025641025641024
591891,CCC,2014J,0.15,0.2,0.17142857142857143
591891,DDD,2013J,0.1,0.06060606060606061,0.07547169811320756
591940,FFF,2013J,0.35,0.09722222222222222,0.15217391304347827
591942,EEE,2013J,0.35,0.875,0.4999999999999999
591944,EEE,2013J,0.1,0.5,0.16666666666666669
591946,FFF,2014J,0.2,0.15384615384615385,0.17391304347826086
591958,CCC,2014B,0.25,0.2777777777777778,0.2631578947368421
591958,EEE,2013J,0.45,0.75,0.5625000000000001
591975,FFF,2013J,0.0,0.0,0.0
591978,BBB,2013J,0.05,0.5,0.09090909090909091
591995,EEE,2013J,0.2,0.5714285714285714,0.29629629629629634
592001,GGG,2014B,0.15,0.2727272727272727,0.19354838709677416
592003,EEE,2013J,0.05,0.16666666666666666,0.07692307692307691
592007,CCC,2014B,0.05,0.09090909090909091,0.06451612903225806
592007,FFF,2013J,0.3,0.1935483870967742,0.23529411764705882
592014,FFF,2013J,0.1,0.10526315789473684,0.10256410256410256
592047,EEE,2014J,0.45,0.9,0.6
592051,CCC,2014B,0.0,0.0,0.0
592051,CCC,2014J,0.35,0.1,0.15555555555555556
592051,EEE,2013J,0.25,0.7142857142857143,0.37037037037037035
592056,GGG,2013J,0.4,0.38095238095238093,0.3902439024390244
592059,GGG,2013J,0.7,0.4827586206896552,0.5714285714285714
592092,FFF,2013J,0.2,0.11764705882352941,0.14814814814814817
592093,CCC,2014B,0.0,0.0,0.0
592093,CCC,2014J,0.1,0.044444444444444446,0.061538461538461535
592093,DDD,2013J,0.1,0.10526315789473684,0.10256410256410256
592127,GGG,2013J,0.45,0.5625,0.5
592135,BBB,2014J,0.45,0.34615384615384615,0.3913043478260869
592139,BBB,2014J,0.25,0.2,0.22222222222222224
592147,BBB,2013J,0.3,0.46153846153846156,0.3636363636363637
592151,CCC,2014B,0.0,0.0,0.0
592168,FFF,2013J,0.05,0.04,0.044444444444444446
592189,DDD,2013J,0.05,0.08333333333333333,0.0625
592190,GGG,2014B,0.35,0.4666666666666667,0.4
592193,BBB,2014B,0.0,0.0,0.0
592203,FFF,2013J,0.3,0.08450704225352113,0.13186813186813187
592205,BBB,2013J,0.15,0.2,0.17142857142857143
592214,DDD,2014J,0.1,0.06666666666666667,0.08
592218,FFF,2014J,0.25,0.07462686567164178,0.11494252873563218
592221,DDD,2014J,0.0,0.0,0.0
592245,GGG,2013J,0.0,0.0,0.0
592248,GGG,2013J,0.3,0.35294117647058826,0.3243243243243243
592250,EEE,2013J,0.25,0.5,0.3333333333333333
592252,DDD,2013J,0.05,0.07692307692307693,0.060606060606060615
592258,BBB,2014J,0.35,0.3333333333333333,0.3414634146341463
592259,FFF,2013J,0.1,0.07692307692307693,0.08695652173913043
592272,GGG,2013J,0.5,0.5555555555555556,0.5263157894736842
592287,GGG,2013J,0.3,0.4,0.34285714285714286
592290,BBB,2013J,0.05,0.08333333333333333,0.0625
592295,FFF,2014J,0.4,0.2222222222222222,0.2857142857142857
592310,CCC,2014J,0.15,0.08823529411764706,0.11111111111111112
592315,DDD,2013J,0.2,0.4,0.26666666666666666
592317,BBB,2013J,0.1,0.2,0.13333333333333333
592322,BBB,2013J,0.0,0.0,0.0
592338,CCC,2014J,0.05,0.0625,0.05555555555555556
592338,EEE,2014J,0.65,0.7647058823529411,0.7027027027027027
592361,GGG,2013J,0.25,0.2631578947368421,0.25641025641025644
592370,FFF,2013J,0.05,0.03225806451612903,0.0392156862745098
592372,CCC,2014J,0.05,0.14285714285714285,0.07407407407407408
592372,EEE,2014B,0.15,0.5,0.23076923076923075
592373,FFF,2013J,0.2,0.12903225806451613,0.1568627450980392
592382,DDD,2013J,0.2,0.07692307692307693,0.1111111111111111
592441,BBB,2013J,0.1,0.4,0.16000000000000003
592451,GGG,2013J,0.1,0.2222222222222222,0.13793103448275865
592465,DDD,2014B,0.1,0.09523809523809523,0.0975609756097561
592471,BBB,2013J,0.25,0.2777777777777778,0.2631578947368421
592476,FFF,2013J,0.2,0.3333333333333333,0.25
592480,BBB,2013J,0.25,0.2631578947368421,0.25641025641025644
592494,CCC,2014J,0.25,0.21739130434782608,0.23255813953488372
592494,DDD,2013J,0.15,0.13043478260869565,0.13953488372093023
592496,BBB,2013J,0.2,0.4,0.26666666666666666
592558,FFF,2014J,0.2,0.12121212121212122,0.15094339622641512
592577,DDD,2013J,0.05,0.05555555555555555,0.052631578947368425
592593,EEE,2014B,0.05,0.3333333333333333,0.08695652173913045
592609,EEE,2013J,0.3,0.46153846153846156,0.3636363636363637
592616,FFF,2013J,0.35,0.4117647058823529,0.37837837837837834
592618,BBB,2013J,0.35,0.3684210526315789,0.358974358974359
592624,BBB,2013J,0.05,0.14285714285714285,0.07407407407407408
592625,CCC,2014J,0.05,0.2,0.08000000000000002
592625,DDD,2013J,0.2,0.07692307692307693,0.1111111111111111
592631,FFF,2013J,0.45,0.12,0.1894736842105263
592634,FFF,2013J,0.2,0.15384615384615385,0.17391304347826086
592640,FFF,2013J,0.25,0.14285714285714285,0.18181818181818182
592660,GGG,2013J,0.2,0.2222222222222222,0.2105263157894737
592661,DDD,2014J,0.2,0.16,0.17777777777777778
592666,EEE,2014B,0.2,0.8,0.32000000000000006
592689,FFF,2013J,0.2,0.1,0.13333333333333333
592725,BBB,2014B,0.15,0.42857142857142855,0.2222222222222222
592733,BBB,2014J,0.45,0.225,0.3
592737,GGG,2013J,0.45,0.6428571428571429,0.5294117647058824
592763,FFF,2013J,0.15,0.23076923076923078,0.18181818181818185
592766,FFF,2014B,0.15,0.1,0.12
592772,BBB,2013J,0.15,0.17647058823529413,0.16216216216216214
592775,CCC,2014B,0.15,0.125,0.13636363636363635
592776,CCC,2014B,0.2,0.18181818181818182,0.1904761904761905
592781,FFF,2013J,0.25,0.13157894736842105,0.1724137931034483
592787,EEE,2013J,0.2,0.8,0.32000000000000006
592789,FFF,2013J,0.2,0.10526315789473684,0.13793103448275862
592791,EEE,2013J,0.1,0.4,0.16000000000000003
592810,FFF,2013J,0.05,0.02702702702702703,0.03508771929824561
592815,BBB,2013J,0.0,0.0,0.0
592843,EEE,2014J,0.5,0.7692307692307693,0.6060606060606061
592854,BBB,2013J,0.1,0.3333333333333333,0.15384615384615383
592856,FFF,2013J,0.25,0.18518518518518517,0.2127659574468085
592880,GGG,2013J,0.05,1.0,0.09523809523809523
592882,GGG,2013J,0.05,0.08333333333333333,0.0625
592895,EEE,2013J,0.35,0.5833333333333334,0.4375
592899,DDD,2014J,0.15,0.15,0.15
592900,BBB,2013J,0.45,0.42857142857142855,0.4390243902439024
592924,FFF,2013J,0.3,0.15,0.2
592939,FFF,2014J,0.2,0.1111111111111111,0.14285714285714285
592949,BBB,2013J,0.0,0.0,0.0
592950,DDD,2013J,0.45,0.15789473684210525,0.23376623376623376
592961,CCC,2014B,0.45,0.3103448275862069,0.3673469387755102
592961,EEE,2013J,0.3,0.8571428571428571,0.4444444444444444
592976,CCC,2014B,0.15,0.23076923076923078,0.18181818181818185
592997,CCC,2014J,0.3,0.375,0.33333333333333326
592997,EEE,2013J,0.4,0.8,0.5333333333333333
593000,BBB,2014J,0.0,0.0,0.0
593017,GGG,2013J,0.2,0.4,0.26666666666666666
593022,CCC,2014J,0.05,0.03571428571428571,0.041666666666666664
593022,FFF,2013J,0.55,0.1527777777777778,0.2391304347826087
593023,BBB,2013J,0.25,0.17857142857142858,0.20833333333333331
593038,EEE,2014J,0.2,0.36363636363636365,0.25806451612903225
593081,BBB,2013J,0.05,0.25,0.08333333333333334
593099,DDD,2014J,0.05,0.037037037037037035,0.0425531914893617
593103,CCC,2014B,0.1,0.25,0.14285714285714288
593103,DDD,2013J,0.05,0.2,0.08000000000000002
593121,GGG,2014B,0.2,0.36363636363636365,0.25806451612903225
593127,GGG,2013J,0.2,0.21052631578947367,0.20512820512820512
593136,FFF,2014J,0.35,0.20588235294117646,0.25925925925925924
593139,FFF,2013J,0.0,0.0,0.0
593246,GGG,2013J,0.15,0.3,0.2
593272,FFF,2013J,0.4,0.14035087719298245,0.20779220779220778
593303,DDD,2013J,0.05,0.07692307692307693,0.060606060606060615
593305,CCC,2014B,0.2,0.25,0.22222222222222224
593320,FFF,2013J,0.35,0.1111111111111111,0.1686746987951807
593338,DDD,2013J,0.1,0.2222222222222222,0.13793103448275865
593345,BBB,2014B,0.0,0.0,0.0
593346,BBB,2014J,0.65,0.35135135135135137,0.456140350877193
593373,DDD,2014J,0.35,0.17073170731707318,0.22950819672131145
593385,BBB,2013J,0.2,0.2857142857142857,0.23529411764705882
593421,BBB,2013J,0.05,0.5,0.09090909090909091
593427,BBB,2013J,0.35,0.5833333333333334,0.4375
593431,GGG,2013J,0.1,1.0,0.18181818181818182
593438,GGG,2013J,0.05,0.5,0.09090909090909091
593444,BBB,2013J,0.15,0.13636363636363635,0.14285714285714282
593459,FFF,2013J,0.15,0.16666666666666666,0.15789473684210525
593476,BBB,2014J,0.0,0.0,0.0
593487,EEE,2013J,0.25,0.5,0.3333333333333333
593492,FFF,2013J,0.15,0.14285714285714285,0.14634146341463414
593510,BBB,2013J,0.2,0.5,0.28571428571428575
593513,BBB,2013J,0.05,0.2,0.08000000000000002
593514,BBB,2013J,0.1,0.6666666666666666,0.1739130434782609
593534,EEE,2013J,0.4,0.5,0.4444444444444445
593540,GGG,2013J,0.1,0.11764705882352941,0.1081081081081081
593546,GGG,2013J,0.6,0.5454545454545454,0.5714285714285713
593563,FFF,2014J,0.3,0.25,0.2727272727272727
593569,GGG,2013J,0.05,0.16666666666666666,0.07692307692307691
593585,FFF,2013J,0.05,0.08333333333333333,0.0625
593587,EEE,2013J,0.3,0.75,0.4285714285714285
593593,BBB,2013J,0.05,0.08333333333333333,0.0625
593607,DDD,2014B,0.0,0.0,0.0
593631,BBB,2013J,0.0,0.0,0.0
593654,DDD,2013J,0.25,0.11627906976744186,0.15873015873015872
593657,CCC,2014J,0.25,0.2777777777777778,0.2631578947368421
593657,DDD,2014B,0.15,0.07142857142857142,0.09677419354838708
593658,GGG,2014J,0.1,0.5,0.16666666666666669
593681,FFF,2013J,0.65,0.2708333333333333,0.3823529411764705
593685,BBB,2013J,0.1,0.4,0.16000000000000003
593692,BBB,2013J,0.15,0.2727272727272727,0.19354838709677416
593694,BBB,2013J,0.15,0.09090909090909091,0.11320754716981132
593695,BBB,2013J,0.15,0.2727272727272727,0.19354838709677416
593711,BBB,2013J,0.1,1.0,0.18181818181818182
593712,BBB,2013J,0.2,0.25,0.22222222222222224
593715,BBB,2013J,0.1,0.16666666666666666,0.125
593722,FFF,2014J,0.2,0.16,0.17777777777777778
593727,BBB,2013J,0.2,0.16666666666666666,0.1818181818181818
593733,EEE,2014B,0.4,0.7272727272727273,0.5161290322580645
593734,GGG,2013J,0.2,0.21052631578947367,0.20512820512820512
593743,BBB,2013J,0.1,0.3333333333333333,0.15384615384615383
593755,FFF,2013J,0.1,0.2222222222222222,0.13793103448275865
593785,GGG,2014B,0.15,0.16666666666666666,0.15789473684210525
593787,EEE,2013J,0.05,0.25,0.08333333333333334
593796,FFF,2014J,0.35,0.1346153846153846,0.19444444444444445
593798,BBB,2013J,0.15,0.42857142857142855,0.2222222222222222
593819,GGG,2013J,0.05,0.1,0.06666666666666667
593823,CCC,2014B,0.15,0.12,0.1333333333333333
593823,FFF,2013J,0.45,0.17307692307692307,0.25
593840,GGG,2013J,0.1,1.0,0.18181818181818182
593842,GGG,2013J,0.55,0.5238095238095238,0.5365853658536585
593846,AAA,2014J,0.0,0.0,0.0
593858,GGG,2013J,0.25,0.29411764705882354,0.27027027027027023
593871,BBB,2013J,0.1,0.14285714285714285,0.11764705882352941
593875,BBB,2013J,0.1,0.16666666666666666,0.125
593896,EEE,2014J,0.4,0.7272727272727273,0.5161290322580645
593898,BBB,2013J,0.0,0.0,0.0
593900,BBB,2013J,0.05,0.3333333333333333,0.08695652173913045
593903,DDD,2013J,0.15,0.14285714285714285,0.14634146341463414
593903,DDD,2014J,0.05,0.04,0.044444444444444446
593904,FFF,2013J,0.15,0.13043478260869565,0.13953488372093023
593924,EEE,2013J,0.45,0.6428571428571429,0.5294117647058824
593953,FFF,2013J,0.6,0.2033898305084746,0.3037974683544304
593954,GGG,2013J,0.15,0.42857142857142855,0.2222222222222222
593965,GGG,2014B,0.3,0.3,0.3
593970,FFF,2013J,0.25,0.5555555555555556,0.3448275862068966
593972,CCC,2014B,0.0,0.0,0.0
593973,DDD,2013J,0.0,0.0,0.0
593976,DDD,2014J,0.1,0.08695652173913043,0.09302325581395349
593987,AAA,2014J,0.4,0.3333333333333333,0.3636363636363636
593995,CCC,2014B,0.35,0.1590909090909091,0.21875
594011,DDD,2013J,0.4,0.13559322033898305,0.20253164556962028
594015,BBB,2013J,0.05,0.3333333333333333,0.08695652173913045
594033,DDD,2014J,0.0,0.0,0.0
594044,CCC,2014B,0.3,0.375,0.33333333333333326
594044,FFF,2013J,0.05,0.16666666666666666,0.07692307692307691
594048,DDD,2014J,0.05,0.05,0.05000000000000001
594052,DDD,2013J,0.05,0.058823529411764705,0.05405405405405405
594056,BBB,2013J,0.1,0.2857142857142857,0.14814814814814817
594061,BBB,2014B,0.0,0.0,0.0
594065,FFF,2014J,0.45,0.20454545454545456,0.28125000000000006
594071,DDD,2014J,0.15,0.07894736842105263,0.10344827586206896
594078,DDD,2014B,0.15,0.15,0.15
594083,BBB,2014J,0.4,0.7272727272727273,0.5161290322580645
594086,DDD,2013J,0.1,0.3333333333333333,0.15384615384615383
594111,EEE,2013J,0.05,0.2,0.08000000000000002
594119,FFF,2013J,0.15,0.13043478260869565,0.13953488372093023
594122,FFF,2014J,0.25,0.14705882352941177,0.18518518518518517
594131,EEE,2014B,0.35,0.5833333333333334,0.4375
594136,FFF,2014B,0.35,0.2,0.2545454545454545
594139,FFF,2013J,0.15,0.10344827586206896,0.12244897959183673
594157,CCC,2014B,0.4,0.36363636363636365,0.380952380952381
594157,EEE,2013J,0.15,0.21428571428571427,0.1764705882352941
594161,DDD,2014J,0.15,0.09090909090909091,0.11320754716981132
594162,FFF,2013J,0.2,0.1111111111111111,0.14285714285714285
594164,DDD,2013J,0.05,0.1111111111111111,0.06896551724137932
594167,GGG,2014B,0.4,0.5714285714285714,0.47058823529411764
594188,GGG,2013J,0.05,0.07692307692307693,0.060606060606060615
594196,GGG,2013J,0.25,0.38461538461538464,0.30303030303030304
594199,EEE,2013J,0.4,0.8888888888888888,0.5517241379310346
594201,DDD,2013J,0.3,0.13333333333333333,0.18461538461538463
594205,FFF,2013J,0.45,0.34615384615384615,0.3913043478260869
594229,FFF,2014J,0.3,0.17142857142857143,0.21818181818181817
594233,EEE,2013J,0.05,1.0,0.09523809523809523
594246,EEE,2013J,0.05,0.5,0.09090909090909091
594250,FFF,2013J,0.5,0.2,0.28571428571428575
594258,FFF,2014J,0.25,0.14285714285714285,0.18181818181818182
594282,BBB,2014J,0.35,0.4375,0.38888888888888884
594291,FFF,2013J,0.0,0.0,0.0
594319,FFF,2013J,0.1,0.0625,0.07692307692307693
594326,CCC,2014J,0.2,0.10526315789473684,0.13793103448275862
594326,FFF,2013J,0.4,0.25806451612903225,0.3137254901960784
594329,DDD,2014J,0.05,0.16666666666666666,0.07692307692307691
594342,FFF,2013J,0.25,0.1724137931034483,0.20408163265306123
594371,CCC,2014B,0.25,0.19230769230769232,0.2173913043478261
594374,FFF,2014B,0.2,0.11428571428571428,0.14545454545454545
594376,FFF,2013J,0.0,0.0,0.0
594395,FFF,2013J,0.1,0.2,0.13333333333333333
594399,EEE,2013J,0.15,0.6,0.24
594406,FFF,2013J,0.25,0.1724137931034483,0.20408163265306123
594406,FFF,2014J,0.0,0.0,0.0
594407,DDD,2014B,0.05,1.0,0.09523809523809523
594414,DDD,2013J,0.0,0.0,0.0
594417,BBB,2014B,0.1,0.2857142857142857,0.14814814814814817
594419,CCC,2014J,0.2,0.26666666666666666,0.2285714285714286
594419,DDD,2013J,0.25,0.16666666666666666,0.2
594431,EEE,2013J,0.35,0.7,0.4666666666666667
594456,BBB,2013J,0.1,0.14285714285714285,0.11764705882352941
594468,BBB,2013J,0.2,0.16,0.17777777777777778
594505,FFF,2013J,0.15,0.15789473684210525,0.15384615384615385
594506,FFF,2013J,0.15,0.07692307692307693,0.1016949152542373
594507,DDD,2013J,0.2,0.1111111111111111,0.14285714285714285
594517,EEE,2013J,0.05,0.25,0.08333333333333334
594529,BBB,2013J,0.15,0.23076923076923078,0.18181818181818185
594546,FFF,2013J,0.6,0.21428571428571427,0.3157894736842105
594547,FFF,2013J,0.25,0.0847457627118644,0.12658227848101267
594554,GGG,2013J,0.15,0.15,0.15
594558,FFF,2013J,0.2,0.09523809523809523,0.12903225806451613
594576,FFF,2013J,0.35,0.109375,0.16666666666666666
594596,FFF,2013J,0.3,0.23076923076923078,0.2608695652173913
594625,GGG,2013J,0.4,0.5333333333333333,0.4571428571428572
594629,EEE,2014J,0.5,0.7142857142857143,0.588235294117647
594636,FFF,2014B,0.15,0.0967741935483871,0.11764705882352941
594636,FFF,2014J,0.15,0.08333333333333333,0.10714285714285714
594677,BBB,2013J,0.1,0.15384615384615385,0.12121212121212123
594684,EEE,2014B,0.55,0.7857142857142857,0.6470588235294117
594693,BBB,2013J,0.1,0.14285714285714285,0.11764705882352941
594723,GGG,2014B,0.2,0.4,0.26666666666666666
594745,GGG,2013J,0.55,0.6875,0.6111111111111112
594762,BBB,2013J,0.2,0.3333333333333333,0.25
594771,GGG,2013J,0.2,0.3333333333333333,0.25
594776,BBB,2013J,0.15,0.23076923076923078,0.18181818181818185
594814,FFF,2013J,0.25,0.14705882352941177,0.18518518518518517
594823,FFF,2013J,0.1,0.3333333333333333,0.15384615384615383
594834,GGG,2013J,0.0,0.0,0.0
594855,FFF,2013J,0.1,0.058823529411764705,0.07407407407407408
594869,DDD,2013J,0.0,0.0,0.0
594872,BBB,2014J,0.8,0.47058823529411764,0.5925925925925927
594894,FFF,2013J,0.1,0.10526315789473684,0.10256410256410256
594901,GGG,2013J,0.25,0.3125,0.2777777777777778
594909,CCC,2014J,0.0,0.0,0.0
594909,FFF,2014B,0.6,0.25,0.35294117647058826
594910,GGG,2013J,0.3,0.6,0.4
594925,DDD,2013J,0.1,0.06666666666666667,0.08
594928,BBB,2013J,0.0,0.0,0.0
594943,GGG,2013J,0.3,0.46153846153846156,0.3636363636363637
594950,DDD,2014J,0.25,0.16129032258064516,0.19607843137254902
594956,FFF,2013J,0.0,0.0,0.0
594963,DDD,2013J,0.45,0.11392405063291139,0.18181818181818182
594976,EEE,2013J,0.2,0.4444444444444444,0.2758620689655173
595023,FFF,2013J,0.0,0.0,0.0
595047,BBB,2014B,0.0,0.0,0.0
595079,DDD,2013J,0.15,0.13043478260869565,0.13953488372093023
595094,BBB,2013J,0.0,0.0,0.0
595100,EEE,2014B,0.2,0.5714285714285714,0.29629629629629634
595102,GGG,2014B,0.5,0.43478260869565216,0.46511627906976744
595103,BBB,2013J,0.2,0.6666666666666666,0.30769230769230765
595106,CCC,2014J,0.05,0.03571428571428571,0.041666666666666664
595106,FFF,2013J,0.35,0.11290322580645161,0.17073170731707316
595130,BBB,2014J,0.25,0.23809523809523808,0.24390243902439024
595138,BBB,2013J,0.4,0.34782608695652173,0.37209302325581395
595150,FFF,2013J,0.0,0.0,0.0
595164,CCC,2014B,0.0,0.0,0.0
595164,FFF,2013J,0.0,0.0,0.0
595182,CCC,2014B,0.1,0.2857142857142857,0.14814814814814817
595182,EEE,2013J,0.4,0.7272727272727273,0.5161290322580645
595185,GGG,2013J,0.0,0.0,0.0
595189,CCC,2014B,0.05,0.1111111111111111,0.06896551724137932
595189,EEE,2013J,0.25,0.45454545454545453,0.3225806451612903
595193,DDD,2014B,0.15,0.14285714285714285,0.14634146341463414
595215,DDD,2014J,0.3,0.13333333333333333,0.18461538461538463
595230,FFF,2013J,0.15,0.08823529411764706,0.11111111111111112
595235,FFF,2013J,0.25,0.2631578947368421,0.25641025641025644
595241,BBB,2013J,0.15,0.375,0.21428571428571425
595244,EEE,2013J,0.4,0.6666666666666666,0.5
595256,GGG,2013J,0.5,0.5882352941176471,0.5405405405405405
595295,BBB,2013J,0.15,0.17647058823529413,0.16216216216216214
595305,GGG,2013J,0.35,0.30434782608695654,0.3255813953488372
595310,DDD,2014J,0.05,0.03333333333333333,0.04
595319,DDD,2013J,0.1,0.06060606060606061,0.07547169811320756
595330,FFF,2013J,0.25,0.1,0.14285714285714288
595335,GGG,2013J,0.25,0.2631578947368421,0.25641025641025644
595343,GGG,2014B,0.25,0.5,0.3333333333333333
595345,BBB,2013J,0.25,0.1724137931034483,0.20408163265306123
595354,FFF,2013J,0.35,0.17073170731707318,0.22950819672131145
595365,BBB,2014J,0.3,0.2857142857142857,0.2926829268292683
595365,GGG,2013J,0.35,0.6363636363636364,0.45161290322580644
595373,DDD,2014B,0.0,0.0,0.0
595381,FFF,2013J,0.3,0.17142857142857143,0.21818181818181817
595386,FFF,2013J,0.25,0.15151515151515152,0.18867924528301888
595401,FFF,2013J,0.0,0.0,0.0
595421,BBB,2014J,0.05,0.08333333333333333,0.0625
595434,GGG,2013J,0.5,0.5,0.5
595436,BBB,2013J,0.2,0.4,0.26666666666666666
595440,GGG,2013J,0.35,0.3181818181818182,0.3333333333333333
595474,GGG,2013J,0.3,0.24,0.2666666666666666
595477,FFF,2013J,0.2,0.10256410256410256,0.13559322033898302
595492,EEE,2013J,0.3,0.42857142857142855,0.3529411764705882
595495,CCC,2014J,0.45,0.21951219512195122,0.29508196721311475
595495,DDD,2013J,0.3,0.1276595744680851,0.17910447761194026
595496,GGG,2013J,0.35,0.4375,0.38888888888888884
595499,BBB,2013J,0.1,0.2222222222222222,0.13793103448275865
595514,CCC,2014B,0.35,0.25925925925925924,0.29787234042553196
595514,CCC,2014J,0.35,0.20588235294117646,0.25925925925925924
595553,EEE,2013J,0.4,0.6666666666666666,0.5
595570,BBB,2013J,0.05,0.1,0.06666666666666667
595572,GGG,2014B,0.25,0.2777777777777778,0.2631578947368421
595601,DDD,2013J,0.05,0.041666666666666664,0.04545454545454545
595649,FFF,2013J,0.3,0.3,0.3
595655,FFF,2013J,0.15,0.1875,0.16666666666666663
595659,CCC,2014B,0.0,0.0,0.0
595659,DDD,2013J,0.0,0.0,0.0
595672,BBB,2013J,0.0,0.0,0.0
595676,FFF,2013J,0.0,0.0,0.0
595678,BBB,2013J,0.2,0.23529411764705882,0.2162162162162162
595685,DDD,2013J,0.15,0.1111111111111111,0.12765957446808512
595686,GGG,2013J,0.5,0.625,0.5555555555555556
595687,DDD,2013J,0.25,0.14705882352941177,0.18518518518518517
595721,FFF,2014J,0.05,0.04,0.044444444444444446
595735,FFF,2013J,0.15,0.14285714285714285,0.14634146341463414
595741,DDD,2014J,0.2,0.16,0.17777777777777778
595746,FFF,2013J,0.25,0.14705882352941177,0.18518518518518517
595752,FFF,2013J,0.3,0.08450704225352113,0.13186813186813187
595769,FFF,2013J,0.45,0.15254237288135594,0.22784810126582278
595781,CCC,2014B,0.05,0.07692307692307693,0.060606060606060615
595781,EEE,2013J,0.35,0.5833333333333334,0.4375
595787,DDD,2014J,0.05,0.5,0.09090909090909091
595797,CCC,2014B,0.05,0.16666666666666666,0.07692307692307691
595808,EEE,2014B,0.0,0.0,0.0
595818,BBB,2013J,0.2,0.2222222222222222,0.2105263157894737
595840,FFF,2013J,0.5,0.136986301369863,0.21505376344086022
595842,FFF,2013J,0.1,0.125,0.11111111111111112
595847,CCC,2014B,0.0,0.0,0.0
595847,FFF,2013J,0.1,0.09523809523809523,0.0975609756097561
595854,BBB,2013J,0.2,0.36363636363636365,0.25806451612903225
595868,FFF,2013J,0.25,0.14285714285714285,0.18181818181818182
595874,BBB,2013J,0.15,0.23076923076923078,0.18181818181818185
595876,DDD,2014J,0.3,0.17647058823529413,0.22222222222222224
595883,DDD,2014J,0.05,0.5,0.09090909090909091
595892,BBB,2014J,0.3,0.2222222222222222,0.25531914893617025
595908,GGG,2013J,0.3,0.21428571428571427,0.25
595925,BBB,2013J,0.1,0.18181818181818182,0.12903225806451613
595927,GGG,2013J,0.45,0.4090909090909091,0.4285714285714286
595935,FFF,2014B,0.15,0.07142857142857142,0.09677419354838708
595938,EEE,2013J,0.4,0.8,0.5333333333333333
595940,DDD,2013J,0.25,0.21739130434782608,0.23255813953488372
595941,GGG,2014J,0.2,0.3333333333333333,0.25
595943,FFF,2014J,0.2,0.125,0.15384615384615385
595977,GGG,2013J,0.55,0.5,0.5238095238095238
595978,FFF,2014B,0.15,0.06976744186046512,0.09523809523809525
595986,CCC,2014B,0.0,0.0,0.0
595986,DDD,2013J,0.15,0.3,0.2
595988,DDD,2013J,0.15,0.06521739130434782,0.09090909090909091
595992,EEE,2014B,0.35,0.7,0.4666666666666667
596002,EEE,2013J,0.4,0.7272727272727273,0.5161290322580645
596017,BBB,2013J,0.25,0.14705882352941177,0.18518518518518517
596027,FFF,2013J,0.15,0.10714285714285714,0.125
596035,CCC,2014B,0.0,0.0,0.0
596071,GGG,2013J,0.25,0.23809523809523808,0.24390243902439024
596075,GGG,2013J,0.05,0.09090909090909091,0.06451612903225806
596089,GGG,2013J,0.2,0.2857142857142857,0.23529411764705882
596091,GGG,2013J,0.6,0.6666666666666666,0.631578947368421
596093,DDD,2013J,0.0,0.0,0.0
596104,DDD,2013J,0.05,0.1,0.06666666666666667
596107,BBB,2013J,0.15,0.1875,0.16666666666666663
596108,BBB,2013J,0.15,0.21428571428571427,0.1764705882352941
596114,BBB,2013J,0.1,0.07407407407407407,0.0851063829787234
596128,BBB,2014J,0.15,0.375,0.21428571428571425
596143,GGG,2013J,0.25,0.3125,0.2777777777777778
596144,BBB,2013J,0.1,0.5,0.16666666666666669
596147,FFF,2013J,0.25,0.13157894736842105,0.1724137931034483
596157,CCC,2014B,0.05,0.07142857142857142,0.058823529411764705
596171,BBB,2014B,0.0,0.0,0.0
596204,DDD,2013J,0.1,0.07407407407407407,0.0851063829787234
596208,GGG,2013J,0.4,0.5714285714285714,0.47058823529411764
596221,GGG,2013J,0.15,0.2,0.17142857142857143
596242,BBB,2013J,0.2,0.23529411764705882,0.2162162162162162
596243,FFF,2014J,0.2,0.10256410256410256,0.13559322033898302
596253,FFF,2014J,0.3,0.24,0.2666666666666666
596255,GGG,2013J,0.05,1.0,0.09523809523809523
596270,DDD,2013J,0.35,0.11290322580645161,0.17073170731707316
596288,AAA,2014J,0.1,0.14285714285714285,0.11764705882352941
596292,DDD,2013J,0.05,0.07692307692307693,0.060606060606060615
596301,GGG,2013J,0.1,0.25,0.14285714285714288
596305,BBB,2013J,0.2,0.25,0.22222222222222224
596306,DDD,2013J,0.0,0.0,0.0
596319,EEE,2013J,0.3,0.8571428571428571,0.4444444444444444
596322,DDD,2014J,0.15,0.13043478260869565,0.13953488372093023
596332,CCC,2014J,0.2,0.2,0.20000000000000004
596347,EEE,2014B,0.2,0.8,0.32000000000000006
596358,GGG,2013J,0.2,0.3076923076923077,0.24242424242424246
596359,DDD,2014J,0.25,0.20833333333333334,0.22727272727272727
596361,EEE,2013J,0.25,0.7142857142857143,0.37037037037037035
596368,FFF,2013J,0.25,0.13157894736842105,0.1724137931034483
596369,FFF,2013J,0.05,0.2,0.08000000000000002
596372,BBB,2013J,0.15,0.23076923076923078,0.18181818181818185
596376,GGG,2013J,0.55,0.5789473684210527,0.5641025641025641
596382,GGG,2014B,0.1,0.18181818181818182,0.12903225806451613
596390,BBB,2013J,0.15,0.42857142857142855,0.2222222222222222
596406,FFF,2013J,0.25,0.3125,0.2777777777777778
596417,BBB,2013J,0.05,0.16666666666666666,0.07692307692307691
596439,DDD,2014B,0.0,0.0,0.0
596441,DDD,2013J,0.05,0.1,0.06666666666666667
596451,BBB,2013J,0.1,0.08695652173913043,0.09302325581395349
596465,DDD,2014B,0.1,0.08,0.08888888888888889
596482,FFF,2014B,0.05,0.037037037037037035,0.0425531914893617
596490,FFF,2013J,0.3,0.15384615384615385,0.2033898305084746
596513,BBB,2014J,0.2,0.18181818181818182,0.1904761904761905
596513,GGG,2014B,0.55,0.5789473684210527,0.5641025641025641
596521,FFF,2013J,0.2,0.19047619047619047,0.1951219512195122
596526,EEE,2013J,0.2,0.4444444444444444,0.2758620689655173
596527,GGG,2013J,0.4,0.5714285714285714,0.47058823529411764
596533,BBB,2014B,0.0,0.0,0.0
596535,BBB,2013J,0.05,0.07142857142857142,0.058823529411764705
596570,DDD,2013J,0.15,0.125,0.13636363636363635
596588,GGG,2014B,0.1,0.2857142857142857,0.14814814814814817
596589,DDD,2013J,0.0,0.0,0.0
596593,FFF,2013J,0.25,0.14705882352941177,0.18518518518518517
596596,BBB,2013J,0.1,0.16666666666666666,0.125
596601,FFF,2014B,0.05,0.05555555555555555,0.052631578947368425
596636,GGG,2013J,0.1,0.3333333333333333,0.15384615384615383
596646,FFF,2013J,0.1,0.08,0.08888888888888889
596687,FFF,2013J,0.65,0.3170731707317073,0.42622950819672134
596694,GGG,2013J,0.15,0.2727272727272727,0.19354838709677416
596697,GGG,2013J,0.4,0.38095238095238093,0.3902439024390244
596699,FFF,2014B,0.05,0.125,0.07142857142857144
596711,CCC,2014J,0.05,0.1111111111111111,0.06896551724137932
596728,BBB,2014J,0.35,0.3888888888888889,0.36842105263157887
596731,CCC,2014B,0.2,0.3333333333333333,0.25
596731,DDD,2013J,0.0,0.0,0.0
596751,GGG,2014B,0.1,0.125,0.11111111111111112
596756,FFF,2013J,0.15,0.07317073170731707,0.09836065573770492
596758,FFF,2014J,0.4,0.125,0.19047619047619047
596759,DDD,2014J,0.15,0.1,0.12
596789,EEE,2013J,0.15,0.6,0.24
596801,GGG,2013J,0.0,0.0,0.0
596812,EEE,2013J,0.3,0.6666666666666666,0.41379310344827586
596824,GGG,2013J,0.15,0.5,0.23076923076923075
596828,FFF,2013J,0.1,0.08,0.08888888888888889
596845,CCC,2014J,0.25,0.20833333333333334,0.22727272727272727
596845,DDD,2013J,0.1,0.08695652173913043,0.09302325581395349
596846,CCC,2014J,0.2,0.23529411764705882,0.2162162162162162
596846,DDD,2013J,0.15,0.12,0.1333333333333333
596847,BBB,2013J,0.1,0.5,0.16666666666666669
596860,FFF,2013J,0.3,0.20689655172413793,0.24489795918367346
596892,BBB,2013J,0.1,0.6666666666666666,0.1739130434782609
596897,BBB,2013J,0.15,0.3333333333333333,0.20689655172413793
596903,CCC,2014B,0.0,0.0,0.0
596931,EEE,2013J,0.1,0.6666666666666666,0.1739130434782609
596938,FFF,2013J,0.55,0.2619047619047619,0.3548387096774194
596943,GGG,2013J,0.3,0.5,0.37499999999999994
596947,CCC,2014B,0.0,0.0,0.0
596947,EEE,2014B,0.0,0.0,0.0
596964,BBB,2013J,0.15,0.2,0.17142857142857143
596981,CCC,2014J,0.0,0.0,0.0
596981,FFF,2013J,0.2,0.21052631578947367,0.20512820512820512
596982,FFF,2013J,0.15,0.12,0.1333333333333333
596988,BBB,2014J,0.3,0.375,0.33333333333333326
597010,GGG,2014B,0.25,0.3333333333333333,0.28571428571428575
597045,GGG,2013J,0.1,0.125,0.11111111111111112
597050,BBB,2013J,0.1,0.2,0.13333333333333333
597052,CCC,2014J,0.15,0.1,0.12
597058,GGG,2013J,0.15,0.17647058823529413,0.16216216216216214
597060,GGG,2013J,0.05,0.08333333333333333,0.0625
597097,GGG,2013J,0.1,0.15384615384615385,0.12121212121212123
597102,BBB,2013J,0.15,0.3333333333333333,0.20689655172413793
597114,GGG,2013J,0.4,0.5714285714285714,0.47058823529411764
597152,GGG,2013J,0.2,0.6666666666666666,0.30769230769230765
597199,FFF,2013J,0.25,0.06756756756756757,0.10638297872340427
597204,FFF,2013J,0.6,0.13043478260869565,0.21428571428571427
597206,EEE,2013J,0.05,0.5,0.09090909090909091
597234,FFF,2014B,0.05,0.058823529411764705,0.05405405405405405
597235,DDD,2013J,0.2,0.21052631578947367,0.20512820512820512
597238,FFF,2013J,0.05,0.07142857142857142,0.058823529411764705
597241,FFF,2013J,0.2,0.16,0.17777777777777778
597243,DDD,2013J,0.05,0.07142857142857142,0.058823529411764705
597253,GGG,2013J,0.0,0.0,0.0
597286,BBB,2013J,0.15,0.42857142857142855,0.2222222222222222
597293,FFF,2013J,0.1,0.08333333333333333,0.0909090909090909
597299,GGG,2013J,0.3,0.23076923076923078,0.2608695652173913
597301,BBB,2013J,0.1,0.16666666666666666,0.125
597316,BBB,2014B,0.0,0.0,0.0
597319,EEE,2013J,0.1,0.4,0.16000000000000003
597333,GGG,2013J,0.2,0.25,0.22222222222222224
597335,EEE,2013J,0.15,0.5,0.23076923076923075
597360,GGG,2013J,0.2,0.4,0.26666666666666666
597363,EEE,2013J,0.2,0.4,0.26666666666666666
597365,CCC,2014J,0.55,0.2972972972972973,0.38596491228070173
597365,DDD,2013J,0.1,0.047619047619047616,0.06451612903225806
597376,EEE,2013J,0.05,0.25,0.08333333333333334
597403,CCC,2014B,0.0,0.0,0.0
597403,DDD,2013J,0.05,0.08333333333333333,0.0625
597428,DDD,2013J,0.2,0.08333333333333333,0.11764705882352941
597433,CCC,2014J,0.0,0.0,0.0
597433,DDD,2013J,0.1,0.08695652173913043,0.09302325581395349
597436,CCC,2014J,0.15,0.10714285714285714,0.125
597459,EEE,2013J,0.35,0.6363636363636364,0.45161290322580644
597485,FFF,2013J,0.25,0.15625,0.19230769230769232
597515,GGG,2013J,0.15,0.3333333333333333,0.20689655172413793
597529,DDD,2014J,0.1,0.2,0.13333333333333333
597532,BBB,2013J,0.1,0.3333333333333333,0.15384615384615383
597560,DDD,2013J,0.05,0.08333333333333333,0.0625
597571,DDD,2013J,0.2,0.12903225806451613,0.1568627450980392
597573,EEE,2013J,0.4,0.8,0.5333333333333333
597597,GGG,2013J,0.1,0.1111111111111111,0.10526315789473685
597602,DDD,2013J,0.15,0.08333333333333333,0.10714285714285714
597608,DDD,2014J,0.05,0.045454545454545456,0.04761904761904762
597617,GGG,2013J,0.15,0.6,0.24
597627,FFF,2013J,0.05,0.047619047619047616,0.04878048780487805
597662,FFF,2014B,0.35,0.14893617021276595,0.208955223880597
597669,GGG,2013J,0.2,0.19047619047619047,0.1951219512195122
597689,BBB,2013J,0.05,1.0,0.09523809523809523
597715,FFF,2013J,0.25,0.15625,0.19230769230769232
597730,BBB,2014B,0.2,0.3333333333333333,0.25
597732,EEE,2014J,0.45,1.0,0.6206896551724138
597737,FFF,2013J,0.35,0.20588235294117646,0.25925925925925924
597740,FFF,2014J,0.1,0.14285714285714285,0.11764705882352941
597742,BBB,2013J,0.15,0.16666666666666666,0.15789473684210525
597747,FFF,2013J,0.2,0.1,0.13333333333333333
597755,CCC,2014J,0.05,0.047619047619047616,0.04878048780487805
597755,DDD,2013J,0.1,0.05555555555555555,0.07142857142857142
597770,DDD,2013J,0.15,0.2,0.17142857142857143
597779,DDD,2014J,0.05,0.3333333333333333,0.08695652173913045
597786,DDD,2014J,0.3,0.13953488372093023,0.1904761904761905
597787,FFF,2013J,0.55,0.13095238095238096,0.21153846153846156
597790,BBB,2013J,0.35,0.28,0.3111111111111111
597791,FFF,2013J,0.0,0.0,0.0
597797,FFF,2013J,0.2,0.17391304347826086,0.18604651162790697
597819,FFF,2013J,0.15,0.08571428571428572,0.10909090909090909
597871,DDD,2013J,0.35,0.14893617021276595,0.208955223880597
597878,BBB,2013J,0.2,0.25,0.22222222222222224
597882,BBB,2014B,0.05,0.05555555555555555,0.052631578947368425
597886,BBB,2013J,0.2,0.23529411764705882,0.2162162162162162
597894,BBB,2013J,0.1,0.16666666666666666,0.125
597906,FFF,2013J,0.05,0.037037037037037035,0.0425531914893617
597909,EEE,2014B,0.45,0.5294117647058824,0.48648648648648646
597912,FFF,2013J,0.35,0.2,0.2545454545454545
597926,CCC,2014B,0.05,0.07692307692307693,0.060606060606060615
597936,GGG,2013J,0.4,0.4,0.4000000000000001
597937,FFF,2014J,0.4,0.13559322033898305,0.20253164556962028
597938,DDD,2013J,0.15,0.08108108108108109,0.10526315789473685
597941,GGG,2013J,0.05,0.1,0.06666666666666667
597948,EEE,2013J,0.35,0.7777777777777778,0.48275862068965514
597968,DDD,2013J,0.25,0.29411764705882354,0.27027027027027023
597971,GGG,2013J,0.25,0.35714285714285715,0.2941176470588235
598000,BBB,2013J,0.3,0.5,0.37499999999999994
598001,FFF,2013J,0.05,0.058823529411764705,0.05405405405405405
598017,GGG,2014B,0.15,0.75,0.24999999999999997
598028,EEE,2013J,0.4,0.7272727272727273,0.5161290322580645
598035,BBB,2014J,0.05,0.25,0.08333333333333334
598052,DDD,2013J,0.15,0.13636363636363635,0.14285714285714282
598064,DDD,2013J,0.2,0.1111111111111111,0.14285714285714285
598074,EEE,2013J,0.05,0.25,0.08333333333333334
598077,FFF,2013J,0.2,0.16666666666666666,0.1818181818181818
598102,CCC,2014J,0.25,0.16129032258064516,0.19607843137254902
598102,DDD,2014B,0.05,0.037037037037037035,0.0425531914893617
598103,DDD,2014J,0.3,0.14634146341463414,0.19672131147540983
598107,GGG,2013J,0.15,0.1875,0.16666666666666663
598113,CCC,2014B,0.35,0.22580645161290322,0.2745098039215686
598113,FFF,2014B,0.45,0.28125,0.34615384615384615
598127,GGG,2014B,0.0,0.0,0.0
598139,GGG,2013J,0.3,0.23076923076923078,0.2608695652173913
598141,DDD,2014J,0.15,0.07894736842105263,0.10344827586206896
598176,GGG,2013J,0.35,0.5384615384615384,0.4242424242424242
598178,GGG,2013J,0.1,0.16666666666666666,0.125
598179,DDD,2014B,0.15,0.09090909090909091,0.11320754716981132
598201,BBB,2014J,0.1,0.2,0.13333333333333333
598213,FFF,2013J,0.3,0.11538461538461539,0.16666666666666669
598215,FFF,2013J,0.2,0.13333333333333333,0.16
598230,BBB,2013J,0.1,0.2222222222222222,0.13793103448275865
598243,BBB,2013J,0.05,0.1,0.06666666666666667
598246,DDD,2013J,0.25,0.15151515151515152,0.18867924528301888
598252,BBB,2013J,0.15,0.42857142857142855,0.2222222222222222
598253,BBB,2013J,0.1,0.2857142857142857,0.14814814814814817
598260,BBB,2013J,0.1,0.6666666666666666,0.1739130434782609
598279,FFF,2013J,0.7,0.21875,0.3333333333333333
598282,BBB,2014J,0.35,0.3888888888888889,0.36842105263157887
598285,FFF,2013J,0.0,0.0,0.0
598294,FFF,2013J,0.0,0.0,0.0
598299,CCC,2014J,0.05,0.047619047619047616,0.04878048780487805
598299,FFF,2013J,0.05,0.037037037037037035,0.0425531914893617
598303,DDD,2014J,0.05,0.3333333333333333,0.08695652173913045
598306,FFF,2013J,0.4,0.32,0.35555555555555557
598308,FFF,2014J,0.25,0.15151515151515152,0.18867924528301888
598313,BBB,2014J,0.1,0.10526315789473684,0.10256410256410256
598321,CCC,2014B,0.05,0.03225806451612903,0.0392156862745098
598321,EEE,2013J,0.5,0.7142857142857143,0.588235294117647
598327,GGG,2013J,0.4,0.6666666666666666,0.5
598351,BBB,2013J,0.25,0.2,0.22222222222222224
598376,FFF,2013J,0.3,0.09375,0.14285714285714285
598385,FFF,2013J,0.15,0.125,0.13636363636363635
598415,BBB,2014B,0.0,0.0,0.0
598420,GGG,2013J,0.15,0.3333333333333333,0.20689655172413793
598421,GGG,2013J,0.45,0.75,0.5625000000000001
598462,BBB,2013J,0.4,0.32,0.35555555555555557
598501,CCC,2014J,0.0,0.0,0.0
598501,DDD,2013J,0.1,0.06451612903225806,0.0784313725490196
598516,DDD,2013J,0.2,0.11428571428571428,0.14545454545454545
598536,DDD,2013J,0.15,0.16666666666666666,0.15789473684210525
598536,DDD,2014J,0.1,0.18181818181818182,0.12903225806451613
598540,FFF,2014J,0.15,0.07894736842105263,0.10344827586206896
598543,FFF,2013J,0.05,0.034482758620689655,0.04081632653061224
598555,FFF,2013J,0.5,0.2777777777777778,0.35714285714285715
598559,FFF,2014J,0.3,0.2222222222222222,0.25531914893617025
598564,GGG,2014B,0.2,0.6666666666666666,0.30769230769230765
598571,FFF,2014B,0.65,0.20634920634920634,0.3132530120481927
598581,BBB,2014J,0.15,0.75,0.24999999999999997
598614,BBB,2014B,0.15,0.5,0.23076923076923075
598623,BBB,2013J,0.4,0.25806451612903225,0.3137254901960784
598624,BBB,2014B,0.1,0.2222222222222222,0.13793103448275865
598637,DDD,2013J,0.15,0.05454545454545454,0.08
598642,FFF,2014B,0.4,0.32,0.35555555555555557
598649,FFF,2013J,0.35,0.16666666666666666,0.22580645161290322
598662,CCC,2014B,0.0,0.0,0.0
598662,EEE,2013J,0.25,0.7142857142857143,0.37037037037037035
598664,DDD,2013J,0.15,0.07894736842105263,0.10344827586206896
598665,CCC,2014J,0.15,0.14285714285714285,0.14634146341463414
598665,DDD,2013J,0.2,0.06349206349206349,0.09638554216867469
598667,GGG,2013J,0.2,0.2,0.20000000000000004
598694,BBB,2014B,0.0,0.0,0.0
598706,FFF,2013J,0.25,0.22727272727272727,0.23809523809523808
598709,BBB,2013J,0.3,0.42857142857142855,0.3529411764705882
598713,CCC,2014J,0.05,0.058823529411764705,0.05405405405405405
598713,FFF,2014B,0.15,0.125,0.13636363636363635
598717,GGG,2013J,0.25,0.5555555555555556,0.3448275862068966
598750,DDD,2014B,0.1,0.1,0.10000000000000002
598751,CCC,2014J,0.0,0.0,0.0
598752,FFF,2013J,0.05,0.14285714285714285,0.07407407407407408
598760,BBB,2013J,0.15,0.2,0.17142857142857143
598761,FFF,2013J,0.65,0.2,0.30588235294117644
598762,GGG,2013J,0.05,0.5,0.09090909090909091
598788,GGG,2013J,0.2,0.4,0.26666666666666666
598835,FFF,2013J,0.6,0.16216216216216217,0.25531914893617025
598837,BBB,2014J,0.4,0.38095238095238093,0.3902439024390244
598840,GGG,2013J,0.3,0.24,0.2666666666666666
598842,DDD,2013J,0.0,0.0,0.0
598860,CCC,2014B,0.05,0.1111111111111111,0.06896551724137932
598860,DDD,2013J,0.4,0.1038961038961039,0.16494845360824742
598865,BBB,2013J,0.0,0.0,0.0
598883,BBB,2013J,0.25,0.38461538461538464,0.30303030303030304
598887,FFF,2013J,0.15,0.3,0.2
598907,BBB,2013J,0.05,0.16666666666666666,0.07692307692307691
598914,BBB,2013J,0.2,0.13793103448275862,0.16326530612244897
598918,BBB,2014B,0.0,0.0,0.0
598921,GGG,2013J,0.2,0.3333333333333333,0.25
598962,FFF,2013J,0.05,0.14285714285714285,0.07407407407407408
598963,CCC,2014J,0.2,0.14285714285714285,0.16666666666666666
598963,EEE,2013J,0.4,0.6153846153846154,0.4848484848484849
598966,FFF,2013J,0.45,0.1956521739130435,0.2727272727272727
598969,BBB,2013J,0.1,0.13333333333333333,0.1142857142857143
598973,EEE,2013J,0.4,0.8,0.5333333333333333
598983,CCC,2014J,0.0,0.0,0.0
598983,FFF,2013J,0.1,0.125,0.11111111111111112
598986,BBB,2013J,0.1,0.4,0.16000000000000003
598989,DDD,2013J,0.3,0.11320754716981132,0.1643835616438356
599009,GGG,2013J,0.3,0.2857142857142857,0.2926829268292683
599016,BBB,2013J,0.15,0.375,0.21428571428571425
599037,BBB,2013J,0.15,0.08108108108108109,0.10526315789473685
599048,FFF,2014B,0.55,0.2619047619047619,0.3548387096774194
599049,DDD,2013J,0.1,0.05555555555555555,0.07142857142857142
599056,EEE,2014B,0.05,0.3333333333333333,0.08695652173913045
599068,DDD,2013J,0.15,0.08823529411764706,0.11111111111111112
599080,GGG,2013J,0.35,0.4117647058823529,0.37837837837837834
599083,DDD,2014J,0.2,0.10256410256410256,0.13559322033898302
599094,FFF,2013J,0.5,0.37037037037037035,0.425531914893617
599104,FFF,2013J,0.35,0.0958904109589041,0.15053763440860213
599108,BBB,2014J,0.0,0.0,0.0
599109,CCC,2014J,0.2,0.2222222222222222,0.2105263157894737
599109,DDD,2013J,0.1,0.08333333333333333,0.0909090909090909
599132,BBB,2014B,0.1,0.2222222222222222,0.13793103448275865
599134,DDD,2014B,0.05,0.5,0.09090909090909091
599144,GGG,2014B,0.25,0.4166666666666667,0.3125
599146,DDD,2013J,0.1,0.05714285714285714,0.07272727272727272
599161,BBB,2014B,0.0,0.0,0.0
599169,CCC,2014J,0.1,0.2222222222222222,0.13793103448275865
599169,DDD,2013J,0.3,0.09836065573770492,0.14814814814814814
599176,CCC,2014J,0.05,0.05555555555555555,0.052631578947368425
599176,EEE,2013J,0.5,0.8333333333333334,0.625
599177,DDD,2013J,0.1,0.07692307692307693,0.08695652173913043
599199,FFF,2013J,0.35,0.1891891891891892,0.24561403508771934
599202,BBB,2014B,0.0,0.0,0.0
599207,BBB,2014B,0.1,0.10526315789473684,0.10256410256410256
599215,EEE,2014J,0.35,0.5833333333333334,0.4375
599230,BBB,2013J,0.1,0.08695652173913043,0.09302325581395349
599245,FFF,2013J,0.0,0.0,0.0
599263,CCC,2014B,0.0,0.0,0.0
599263,EEE,2014B,0.05,1.0,0.09523809523809523
599275,CCC,2014B,0.2,0.25,0.22222222222222224
599276,GGG,2014B,0.5,0.6666666666666666,0.5714285714285715
599278,GGG,2013J,0.1,0.3333333333333333,0.15384615384615383
599282,GGG,2014J,0.45,0.5625,0.5
599289,FFF,2013J,0.15,0.08108108108108109,0.10526315789473685
599292,BBB,2013J,0.2,0.8,0.32000000000000006
599306,GGG,2013J,0.35,0.5,0.4117647058823529
599314,DDD,2013J,0.2,0.13793103448275862,0.16326530612244897
599315,FFF,2013J,0.15,0.05357142857142857,0.07894736842105263
599341,EEE,2014B,0.25,0.7142857142857143,0.37037037037037035
599355,BBB,2014J,0.25,0.35714285714285715,0.2941176470588235
599370,FFF,2013J,0.25,0.18518518518518517,0.2127659574468085
599385,GGG,2013J,0.5,0.5,0.5
599398,CCC,2014J,0.1,1.0,0.18181818181818182
599398,FFF,2014B,0.45,0.3,0.36000000000000004
599402,BBB,2013J,0.2,0.19047619047619047,0.1951219512195122
599410,GGG,2013J,0.45,0.42857142857142855,0.4390243902439024
599425,DDD,2013J,0.2,0.15384615384615385,0.17391304347826086
599445,FFF,2013J,0.55,0.18333333333333332,0.27499999999999997
599452,CCC,2014J,0.0,0.0,0.0
599452,EEE,2013J,0.2,0.36363636363636365,0.25806451612903225
599467,GGG,2014B,0.4,0.5333333333333333,0.4571428571428572
599468,FFF,2013J,0.15,0.07692307692307693,0.1016949152542373
599478,EEE,2013J,0.35,0.875,0.4999999999999999
599479,EEE,2013J,0.0,0.0,0.0
599491,CCC,2014J,0.1,0.07692307692307693,0.08695652173913043
599495,BBB,2014B,0.05,0.05263157894736842,0.05128205128205128
599529,GGG,2013J,0.2,0.5714285714285714,0.29629629629629634
599554,EEE,2014B,0.2,0.4,0.26666666666666666
599559,FFF,2013J,0.15,0.05263157894736842,0.0779220779220779
599570,FFF,2013J,0.05,0.3333333333333333,0.08695652173913045
599577,DDD,2013J,0.3,0.14285714285714285,0.19354838709677416
599585,DDD,2013J,0.15,0.06818181818181818,0.09374999999999999
599587,FFF,2013J,0.35,0.2,0.2545454545454545
599620,GGG,2014B,0.1,0.16666666666666666,0.125
599663,FFF,2013J,0.2,0.12903225806451613,0.1568627450980392
599683,FFF,2013J,0.5,0.17857142857142858,0.2631578947368421
599718,FFF,2013J,0.55,0.24444444444444444,0.3384615384615384
599725,DDD,2013J,0.1,0.0625,0.07692307692307693
599737,DDD,2013J,0.2,0.14285714285714285,0.16666666666666666
599739,BBB,2013J,0.3,0.20689655172413793,0.24489795918367346
599740,CCC,2014J,0.05,0.0625,0.05555555555555556
599740,FFF,2014B,0.05,0.03125,0.038461538461538464
599748,BBB,2013J,0.4,0.2857142857142857,0.3333333333333333
599768,EEE,2013J,0.3,0.8571428571428571,0.4444444444444444
599783,FFF,2013J,0.2,0.13793103448275862,0.16326530612244897
599785,BBB,2013J,0.1,0.13333333333333333,0.1142857142857143
599787,BBB,2013J,0.55,0.275,0.3666666666666667
599789,DDD,2014B,0.15,0.16666666666666666,0.15789473684210525
599794,BBB,2013J,0.15,0.08108108108108109,0.10526315789473685
599815,GGG,2013J,0.5,0.5882352941176471,0.5405405405405405
599816,FFF,2013J,0.3,0.17142857142857143,0.21818181818181817
599836,BBB,2013J,0.15,0.3,0.2
599840,BBB,2013J,0.1,0.2,0.13333333333333333
599853,GGG,2013J,0.05,0.14285714285714285,0.07407407407407408
599854,DDD,2013J,0.0,0.0,0.0
599857,CCC,2014B,0.1,0.08,0.08888888888888889
599857,FFF,2013J,0.05,0.08333333333333333,0.0625
599865,FFF,2014J,0.0,0.0,0.0
599893,EEE,2013J,0.15,0.42857142857142855,0.2222222222222222
599895,BBB,2013J,0.0,0.0,0.0
599902,EEE,2013J,0.15,0.75,0.24999999999999997
599908,BBB,2013J,0.5,0.19607843137254902,0.28169014084507044
599937,EEE,2014B,0.15,0.375,0.21428571428571425
599947,DDD,2013J,0.1,0.16666666666666666,0.125
599958,CCC,2014B,0.1,0.15384615384615385,0.12121212121212123
599958,EEE,2013J,0.35,0.4666666666666667,0.4
599963,GGG,2013J,0.05,0.05263157894736842,0.05128205128205128
599990,BBB,2014B,0.0,0.0,0.0
600033,DDD,2014J,0.0,0.0,0.0
600035,GGG,2014B,0.4,0.6153846153846154,0.4848484848484849
600067,CCC,2014J,0.35,0.16666666666666666,0.22580645161290322
600067,DDD,2013J,0.3,0.15789473684210525,0.20689655172413793
600071,EEE,2013J,0.45,0.8181818181818182,0.5806451612903226
600071,FFF,2014J,0.05,0.5,0.09090909090909091
600073,CCC,2014B,0.3,0.2727272727272727,0.28571428571428564
600081,GGG,2013J,0.35,0.4666666666666667,0.4
600094,DDD,2013J,0.0,0.0,0.0
600097,GGG,2013J,0.25,0.2631578947368421,0.25641025641025644
600121,BBB,2013J,0.0,0.0,0.0
600142,EEE,2013J,0.2,0.3076923076923077,0.24242424242424246
600175,FFF,2013J,0.3,0.1,0.15
600187,EEE,2013J,0.3,0.6,0.4
600198,EEE,2013J,0.0,0.0,0.0
600202,GGG,2013J,0.55,0.55,0.55
600224,FFF,2013J,0.2,0.12903225806451613,0.1568627450980392
600242,DDD,2013J,0.0,0.0,0.0
600243,FFF,2013J,0.1,0.1111111111111111,0.10526315789473685
600277,GGG,2013J,0.15,0.375,0.21428571428571425
600279,BBB,2013J,0.15,0.2,0.17142857142857143
600292,FFF,2014B,0.1,0.09090909090909091,0.09523809523809525
600305,GGG,2013J,0.15,0.15,0.15
600315,GGG,2013J,0.3,0.35294117647058826,0.3243243243243243
600320,GGG,2014J,0.55,0.55,0.55
600335,CCC,2014B,0.3,0.3157894736842105,0.3076923076923077
600335,EEE,2013J,0.1,0.18181818181818182,0.12903225806451613
600350,EEE,2013J,0.05,0.5,0.09090909090909091
600365,DDD,2013J,0.2,0.25,0.22222222222222224
600370,BBB,2013J,0.15,0.2727272727272727,0.19354838709677416
600387,BBB,2014J,0.15,0.15789473684210525,0.15384615384615385
600388,FFF,2014B,0.25,0.15151515151515152,0.18867924528301888
600398,BBB,2014J,0.05,0.09090909090909091,0.06451612903225806
600405,FFF,2014J,0.05,0.07142857142857142,0.058823529411764705
600415,BBB,2014J,0.25,0.23809523809523808,0.24390243902439024
600428,BBB,2014J,0.1,0.13333333333333333,0.1142857142857143
600436,FFF,2013J,0.05,0.125,0.07142857142857144
600461,GGG,2013J,0.1,0.2222222222222222,0.13793103448275865
600463,BBB,2014J,0.4,0.6666666666666666,0.5
600471,GGG,2013J,0.45,0.5625,0.5
600478,DDD,2013J,0.15,0.06818181818181818,0.09374999999999999
600490,BBB,2013J,0.2,0.5714285714285714,0.29629629629629634
600502,DDD,2014J,0.2,0.17391304347826086,0.18604651162790697
600509,EEE,2013J,0.6,0.5714285714285714,0.5853658536585366
600514,GGG,2013J,0.25,0.2631578947368421,0.25641025641025644
600535,CCC,2014J,0.25,0.14705882352941177,0.18518518518518517
600542,FFF,2013J,0.2,0.125,0.15384615384615385
600547,EEE,2013J,0.3,0.8571428571428571,0.4444444444444444
600558,FFF,2013J,0.2,0.14814814814814814,0.1702127659574468
600566,GGG,2013J,0.35,0.4117647058823529,0.37837837837837834
600606,BBB,2014J,0.1,0.14285714285714285,0.11764705882352941
600606,GGG,2013J,0.45,0.6428571428571429,0.5294117647058824
600623,EEE,2014B,0.4,0.7272727272727273,0.5161290322580645
600632,CCC,2014B,0.15,0.11538461538461539,0.13043478260869565
600635,DDD,2013J,0.05,0.02857142857142857,0.03636363636363636
600645,GGG,2013J,0.6,0.6,0.6
600664,BBB,2014J,0.4,0.34782608695652173,0.37209302325581395
600670,DDD,2014B,0.75,0.2631578947368421,0.38961038961038963
600671,DDD,2013J,0.3,0.13953488372093023,0.1904761904761905
600676,FFF,2013J,0.35,0.12962962962962962,0.18918918918918917
600680,DDD,2014J,0.2,0.13333333333333333,0.16
600682,FFF,2013J,0.3,0.11764705882352941,0.16901408450704228
600684,BBB,2013J,0.3,0.2222222222222222,0.25531914893617025
600686,DDD,2013J,0.1,0.15384615384615385,0.12121212121212123
600702,FFF,2014B,0.4,0.14545454545454545,0.21333333333333335
600714,GGG,2014B,0.0,0.0,0.0
600733,GGG,2013J,0.55,0.5,0.5238095238095238
600740,BBB,2013J,0.45,0.3103448275862069,0.3673469387755102
600766,EEE,2014J,0.3,0.75,0.4285714285714285
600767,DDD,2014B,0.35,0.25925925925925924,0.29787234042553196
600771,BBB,2013J,0.2,0.8,0.32000000000000006
600773,FFF,2014J,0.05,0.5,0.09090909090909091
600796,CCC,2014J,0.4,0.25,0.3076923076923077
600796,DDD,2013J,0.15,0.09375,0.11538461538461538
600801,EEE,2014B,0.2,0.6666666666666666,0.30769230769230765
600814,CCC,2014J,0.05,0.07692307692307693,0.060606060606060615
600814,EEE,2014B,0.05,0.1,0.06666666666666667
600817,DDD,2013J,0.15,0.11538461538461539,0.13043478260869565
600856,BBB,2013J,0.1,0.11764705882352941,0.1081081081081081
600860,FFF,2013J,0.3,0.09836065573770492,0.14814814814814814
600869,EEE,2013J,0.05,0.125,0.07142857142857144
600891,DDD,2014B,0.15,0.07317073170731707,0.09836065573770492
600893,FFF,2014B,0.0,0.0,0.0
600893,FFF,2014J,0.0,0.0,0.0
600895,GGG,2013J,0.3,0.2608695652173913,0.27906976744186046
600908,GGG,2013J,0.25,0.38461538461538464,0.30303030303030304
600938,EEE,2013J,0.15,0.42857142857142855,0.2222222222222222
600944,FFF,2013J,0.1,0.1,0.10000000000000002
600945,CCC,2014B,0.1,0.16666666666666666,0.125
600945,EEE,2013J,0.05,0.14285714285714285,0.07407407407407408
600963,DDD,2013J,0.1,0.16666666666666666,0.125
600966,BBB,2013J,0.2,0.2857142857142857,0.23529411764705882
600987,CCC,2014B,0.0,0.0,0.0
600987,EEE,2014B,0.25,0.5,0.3333333333333333
600991,FFF,2013J,0.1,0.07142857142857142,0.08333333333333333
601008,FFF,2014J,0.45,0.2727272727272727,0.339622641509434
601010,BBB,2014B,0.0,0.0,0.0
601021,FFF,2013J,0.2,0.19047619047619047,0.1951219512195122
601040,FFF,2013J,0.1,0.2,0.13333333333333333
601042,FFF,2013J,0.35,0.2413793103448276,0.2857142857142857
601043,EEE,2014B,0.3,0.75,0.4285714285714285
601048,DDD,2013J,0.0,0.0,0.0
601054,EEE,2014B,0.4,0.8,0.5333333333333333
601064,GGG,2014B,0.15,0.16666666666666666,0.15789473684210525
601082,CCC,2014J,0.05,0.2,0.08000000000000002
601082,DDD,2014B,0.1,0.08695652173913043,0.09302325581395349
601092,DDD,2013J,0.25,0.125,0.16666666666666666
601093,DDD,2014B,0.05,0.25,0.08333333333333334
601099,FFF,2013J,0.6,0.16901408450704225,0.26373626373626374
601104,FFF,2013J,0.35,0.25,0.2916666666666667
601105,FFF,2013J,0.2,0.16,0.17777777777777778
601123,GGG,2013J,0.2,0.19047619047619047,0.1951219512195122
601126,GGG,2013J,0.1,0.16666666666666666,0.125
601132,GGG,2013J,0.2,0.21052631578947367,0.20512820512820512
601133,DDD,2013J,0.0,0.0,0.0
601175,EEE,2013J,0.35,0.5833333333333334,0.4375
601180,FFF,2013J,0.05,0.16666666666666666,0.07692307692307691
601182,EEE,2013J,0.4,0.6666666666666666,0.5
601184,FFF,2013J,0.05,0.25,0.08333333333333334
601199,GGG,2013J,0.25,0.45454545454545453,0.3225806451612903
601204,DDD,2013J,0.0,0.0,0.0
601211,EEE,2014B,0.35,0.6363636363636364,0.45161290322580644
601213,FFF,2013J,0.2,0.14285714285714285,0.16666666666666666
601224,CCC,2014B,0.25,0.23809523809523808,0.24390243902439024
601224,EEE,2013J,0.1,0.3333333333333333,0.15384615384615383
601230,DDD,2013J,0.25,0.125,0.16666666666666666
601234,CCC,2014J,0.4,0.38095238095238093,0.3902439024390244
601234,DDD,2013J,0.15,0.15,0.15
601235,FFF,2014J,0.35,0.17073170731707318,0.22950819672131145
601238,BBB,2014B,0.05,0.05555555555555555,0.052631578947368425
601243,BBB,2013J,0.15,0.125,0.13636363636363635
601247,BBB,2014J,0.4,0.3333333333333333,0.3636363636363636
601251,BBB,2013J,0.15,0.25,0.18749999999999997
601263,DDD,2013J,0.2,0.12121212121212122,0.15094339622641512
601269,BBB,2013J,0.1,0.08695652173913043,0.09302325581395349
601271,FFF,2014J,0.2,0.26666666666666666,0.2285714285714286
601275,GGG,2013J,0.4,0.3333333333333333,0.3636363636363636
601289,DDD,2013J,0.3,0.2,0.24
601293,DDD,2013J,0.3,0.10909090909090909,0.16
601319,GGG,2013J,0.15,0.3,0.2
601345,FFF,2014B,0.45,0.3,0.36000000000000004
601346,BBB,2013J,0.3,0.25,0.2727272727272727
601356,BBB,2014B,0.05,0.06666666666666667,0.05714285714285715
601360,GGG,2013J,0.1,0.11764705882352941,0.1081081081081081
601375,FFF,2014B,0.1,0.06896551724137931,0.08163265306122448
601380,DDD,2013J,0.1,0.08,0.08888888888888889
601386,EEE,2014B,0.15,1.0,0.2608695652173913
601388,CCC,2014J,0.0,0.0,0.0
601388,FFF,2013J,0.3,0.20689655172413793,0.24489795918367346
601389,FFF,2013J,0.25,0.2,0.22222222222222224
601390,FFF,2013J,0.15,0.16666666666666666,0.15789473684210525
601399,FFF,2013J,0.1,0.11764705882352941,0.1081081081081081
601418,DDD,2014J,0.3,0.21428571428571427,0.25
601430,FFF,2013J,0.25,0.2,0.22222222222222224
601433,EEE,2013J,0.05,1.0,0.09523809523809523
601439,FFF,2013J,0.8,0.32653061224489793,0.46376811594202894
601455,BBB,2013J,0.2,0.36363636363636365,0.25806451612903225
601464,GGG,2013J,0.1,0.1,0.10000000000000002
601465,GGG,2013J,0.35,0.5384615384615384,0.4242424242424242
601467,DDD,2013J,0.1,0.07692307692307693,0.08695652173913043
601488,DDD,2014J,0.05,0.14285714285714285,0.07407407407407408
601497,BBB,2013J,0.4,0.20512820512820512,0.27118644067796605
601499,BBB,2013J,0.1,0.18181818181818182,0.12903225806451613
601504,BBB,2013J,0.0,0.0,0.0
601505,BBB,2013J,0.05,1.0,0.09523809523809523
601517,CCC,2014J,0.35,0.3684210526315789,0.358974358974359
601534,GGG,2013J,0.2,0.5,0.28571428571428575
601546,GGG,2013J,0.5,0.7142857142857143,0.588235294117647
601550,CCC,2014B,0.15,0.14285714285714285,0.14634146341463414
601551,BBB,2013J,0.05,0.5,0.09090909090909091
601560,FFF,2014B,0.2,0.2222222222222222,0.2105263157894737
601566,CCC,2014J,0.0,0.0,0.0
601566,DDD,2013J,0.0,0.0,0.0
601567,CCC,2014J,0.0,0.0,0.0
601567,EEE,2014J,0.35,0.6363636363636364,0.45161290322580644
601576,GGG,2013J,0.3,0.8571428571428571,0.4444444444444444
601579,DDD,2013J,0.2,0.10256410256410256,0.13559322033898302
601583,FFF,2013J,0.3,0.12,0.17142857142857143
601605,GGG,2013J,0.3,0.3157894736842105,0.3076923076923077
601616,BBB,2014B,0.0,0.0,0.0
601635,BBB,2013J,0.2,0.4444444444444444,0.2758620689655173
601645,GGG,2013J,0.3,0.42857142857142855,0.3529411764705882
601653,EEE,2013J,0.25,0.3333333333333333,0.28571428571428575
601655,BBB,2013J,0.15,0.6,0.24
601681,FFF,2013J,0.35,0.1891891891891892,0.24561403508771934
601706,BBB,2013J,0.05,1.0,0.09523809523809523
601706,BBB,2014J,0.1,1.0,0.18181818181818182
601735,FFF,2014B,0.15,0.0379746835443038,0.06060606060606061
601745,FFF,2013J,0.1,0.11764705882352941,0.1081081081081081
601757,EEE,2013J,0.35,0.7777777777777778,0.48275862068965514
601788,FFF,2013J,0.15,0.09090909090909091,0.11320754716981132
601808,FFF,2013J,0.1,0.1111111111111111,0.10526315789473685
601820,FFF,2014J,0.6,0.2727272727272727,0.37499999999999994
601827,EEE,2013J,0.0,0.0,0.0
601854,GGG,2013J,0.15,0.25,0.18749999999999997
601857,DDD,2013J,0.3,0.11538461538461539,0.16666666666666669
601862,BBB,2014B,0.15,0.1875,0.16666666666666663
601872,CCC,2014B,0.15,0.3,0.2
601873,EEE,2013J,0.1,0.5,0.16666666666666669
601874,BBB,2014J,0.05,1.0,0.09523809523809523
601885,BBB,2013J,0.1,0.5,0.16666666666666669
601887,BBB,2013J,0.1,0.5,0.16666666666666669
601896,BBB,2013J,0.15,0.6,0.24
601934,BBB,2013J,0.0,0.0,0.0
601939,GGG,2013J,0.15,0.14285714285714285,0.14634146341463414
601949,CCC,2014B,0.1,0.2,0.13333333333333333
601952,FFF,2013J,0.35,0.3181818181818182,0.3333333333333333
601956,CCC,2014J,0.0,0.0,0.0
601956,DDD,2014B,0.05,0.07142857142857142,0.058823529411764705
601963,GGG,2013J,0.35,0.3888888888888889,0.36842105263157887
601983,BBB,2014J,0.25,0.625,0.35714285714285715
601983,GGG,2013J,0.45,0.45,0.45
601997,GGG,2013J,0.05,1.0,0.09523809523809523
602007,EEE,2013J,0.45,0.75,0.5625000000000001
602009,BBB,2013J,0.1,0.15384615384615385,0.12121212121212123
602011,BBB,2014B,0.05,0.25,0.08333333333333334
602014,BBB,2013J,0.15,0.5,0.23076923076923075
602023,GGG,2013J,0.25,1.0,0.4
602026,GGG,2013J,0.0,0.0,0.0
602029,DDD,2014J,0.0,0.0,0.0
602042,CCC,2014B,0.05,0.1,0.06666666666666667
602045,GGG,2014B,0.35,0.2692307692307692,0.3043478260869565
602061,GGG,2014B,0.2,0.5714285714285714,0.29629629629629634
602066,BBB,2013J,0.2,0.3076923076923077,0.24242424242424246
602072,GGG,2013J,0.3,0.3333333333333333,0.3157894736842105
602099,FFF,2013J,0.15,0.15,0.15
602123,CCC,2014J,0.2,0.2222222222222222,0.2105263157894737
602133,CCC,2014B,0.2,0.14285714285714285,0.16666666666666666
602133,EEE,2013J,0.45,0.9,0.6
602147,BBB,2013J,0.3,0.35294117647058826,0.3243243243243243
602151,CCC,2014J,0.2,0.2857142857142857,0.23529411764705882
602185,DDD,2014J,0.1,0.08695652173913043,0.09302325581395349
602228,DDD,2014B,0.0,0.0,0.0
602233,EEE,2013J,0.15,0.42857142857142855,0.2222222222222222
602245,BBB,2013J,0.05,0.1,0.06666666666666667
602268,EEE,2013J,0.5,0.7142857142857143,0.588235294117647
602269,EEE,2013J,0.15,0.42857142857142855,0.2222222222222222
602275,EEE,2013J,0.35,0.875,0.4999999999999999
602288,CCC,2014J,0.0,0.0,0.0
602288,EEE,2013J,0.45,0.9,0.6
602302,DDD,2013J,0.25,0.11627906976744186,0.15873015873015872
602312,FFF,2013J,0.6,0.10084033613445378,0.17266187050359713
602318,DDD,2014J,0.2,0.0975609756097561,0.13114754098360656
602356,DDD,2013J,0.25,0.16666666666666666,0.2
602360,GGG,2014J,0.05,0.2,0.08000000000000002
602365,DDD,2014B,0.0,0.0,0.0
602389,EEE,2013J,0.45,0.6923076923076923,0.5454545454545455
602395,BBB,2013J,0.05,0.3333333333333333,0.08695652173913045
602401,GGG,2013J,0.25,0.45454545454545453,0.3225806451612903
602404,DDD,2013J,0.15,0.125,0.13636363636363635
602424,EEE,2013J,0.25,0.625,0.35714285714285715
602451,FFF,2013J,0.25,0.08771929824561403,0.12987012987012986
602454,DDD,2014B,0.25,0.09433962264150944,0.13698630136986303
602458,BBB,2013J,0.25,0.29411764705882354,0.27027027027027023
602468,FFF,2013J,0.05,0.08333333333333333,0.0625
602469,FFF,2013J,0.15,0.12,0.1333333333333333
602470,GGG,2013J,0.25,0.35714285714285715,0.2941176470588235
602471,BBB,2014J,0.35,0.30434782608695654,0.3255813953488372
602496,BBB,2013J,0.15,0.75,0.24999999999999997
602511,FFF,2013J,0.4,0.17777777777777778,0.24615384615384614
602516,FFF,2013J,0.15,0.16666666666666666,0.15789473684210525
602528,DDD,2014J,0.1,0.07142857142857142,0.08333333333333333
602533,CCC,2014J,0.1,0.14285714285714285,0.11764705882352941
602533,DDD,2014B,0.1,0.07407407407407407,0.0851063829787234
602570,BBB,2014J,0.05,0.25,0.08333333333333334
602573,GGG,2013J,0.6,0.5,0.5454545454545454
602577,FFF,2013J,0.2,0.09523809523809523,0.12903225806451613
602594,FFF,2014J,0.3,0.125,0.17647058823529413
602595,DDD,2013J,0.05,0.04,0.044444444444444446
602604,GGG,2013J,0.6,0.6,0.6
602634,BBB,2013J,0.05,1.0,0.09523809523809523
602655,GGG,2014B,0.35,0.6363636363636364,0.45161290322580644
602663,EEE,2013J,0.4,0.8888888888888888,0.5517241379310346
602666,BBB,2014J,0.0,0.0,0.0
602669,FFF,2013J,0.3,0.1935483870967742,0.23529411764705882
602681,FFF,2014B,0.4,0.2,0.26666666666666666
602683,CCC,2014J,0.15,0.15789473684210525,0.15384615384615385
602696,BBB,2014J,0.35,0.3181818181818182,0.3333333333333333
602703,EEE,2013J,0.15,0.75,0.24999999999999997
602707,EEE,2014J,0.45,0.6923076923076923,0.5454545454545455
602711,GGG,2013J,0.05,0.07692307692307693,0.060606060606060615
602713,FFF,2013J,0.2,0.16666666666666666,0.1818181818181818
602718,CCC,2014B,0.05,0.07142857142857142,0.058823529411764705
602718,EEE,2013J,0.1,0.2857142857142857,0.14814814814814817
602719,FFF,2013J,0.8,0.36363636363636365,0.5000000000000001
602721,EEE,2014B,0.25,0.625,0.35714285714285715
602729,DDD,2013J,0.3,0.09836065573770492,0.14814814814814814
602767,BBB,2013J,0.15,0.25,0.18749999999999997
602768,GGG,2013J,0.0,0.0,0.0
602777,FFF,2013J,0.05,0.034482758620689655,0.04081632653061224
602779,BBB,2014J,0.6,0.375,0.4615384615384615
602780,GGG,2013J,0.15,0.21428571428571427,0.1764705882352941
602783,DDD,2013J,0.25,0.11904761904761904,0.16129032258064516
602811,FFF,2013J,0.2,0.13333333333333333,0.16
602818,FFF,2014B,0.05,0.03225806451612903,0.0392156862745098
602820,GGG,2013J,0.3,0.2727272727272727,0.28571428571428564
602826,BBB,2013J,0.0,0.0,0.0
602827,EEE,2013J,0.45,0.75,0.5625000000000001
602830,EEE,2014J,0.45,0.5,0.4736842105263158
602837,FFF,2013J,0.1,0.10526315789473684,0.10256410256410256
602854,FFF,2014B,0.35,0.2916666666666667,0.31818181818181823
602856,DDD,2013J,0.05,0.04,0.044444444444444446
602862,FFF,2014B,0.25,0.15625,0.19230769230769232
602865,BBB,2014J,0.5,0.35714285714285715,0.41666666666666663
602895,FFF,2013J,0.15,0.15789473684210525,0.15384615384615385
602902,CCC,2014B,0.15,0.21428571428571427,0.1764705882352941
602902,DDD,2013J,0.2,0.11764705882352941,0.14814814814814817
602913,CCC,2014B,0.0,0.0,0.0
602943,BBB,2014J,0.3,0.21428571428571427,0.25
602948,FFF,2013J,0.25,0.1282051282051282,0.1694915254237288
602973,CCC,2014J,0.25,0.21739130434782608,0.23255813953488372
602991,BBB,2014B,0.0,0.0,0.0
603012,BBB,2013J,0.1,0.3333333333333333,0.15384615384615383
603034,DDD,2013J,0.05,0.1,0.06666666666666667
603035,BBB,2013J,0.1,0.4,0.16000000000000003
603036,BBB,2013J,0.25,0.15625,0.19230769230769232
603038,BBB,2013J,0.25,0.16666666666666666,0.2
603044,GGG,2013J,0.4,0.3076923076923077,0.34782608695652173
603049,CCC,2014J,0.05,0.07142857142857142,0.058823529411764705
603049,DDD,2013J,0.0,0.0,0.0
603055,BBB,2014J,0.1,0.18181818181818182,0.12903225806451613
603058,GGG,2013J,0.5,0.5555555555555556,0.5263157894736842
603059,FFF,2013J,0.1,0.14285714285714285,0.11764705882352941
603064,GGG,2014B,0.2,0.4444444444444444,0.2758620689655173
603108,EEE,2014J,0.05,0.3333333333333333,0.08695652173913045
603111,FFF,2014B,0.15,0.05660377358490566,0.0821917808219178
603112,BBB,2014B,0.15,0.23076923076923078,0.18181818181818185
603113,BBB,2014J,0.25,0.2777777777777778,0.2631578947368421
603123,BBB,2013J,0.1,0.2857142857142857,0.14814814814814817
603129,CCC,2014J,0.05,0.05555555555555555,0.052631578947368425
603155,FFF,2013J,0.2,0.16,0.17777777777777778
603163,FFF,2014B,0.05,0.05555555555555555,0.052631578947368425
603164,GGG,2013J,0.1,0.11764705882352941,0.1081081081081081
603165,BBB,2013J,0.3,0.46153846153846156,0.3636363636363637
603170,FFF,2013J,0.25,0.1388888888888889,0.17857142857142858
603179,CCC,2014J,0.0,0.0,0.0
603179,EEE,2014J,0.0,0.0,0.0
603200,BBB,2014J,0.15,0.23076923076923078,0.18181818181818185
603210,BBB,2013J,0.35,0.5,0.4117647058823529
603222,EEE,2013J,0.1,0.6666666666666666,0.1739130434782609
603224,DDD,2014J,0.25,0.19230769230769232,0.2173913043478261
603230,GGG,2013J,0.3,0.6,0.4
603231,FFF,2013J,0.35,0.22580645161290322,0.2745098039215686
603270,BBB,2013J,0.1,0.14285714285714285,0.11764705882352941
603287,BBB,2013J,0.1,0.2222222222222222,0.13793103448275865
603300,FFF,2013J,0.35,0.1206896551724138,0.1794871794871795
603302,DDD,2014B,0.05,0.01818181818181818,0.02666666666666667
603303,DDD,2014J,0.25,0.20833333333333334,0.22727272727272727
603309,EEE,2013J,0.25,0.8333333333333334,0.3846153846153846
603325,CCC,2014J,0.2,0.4444444444444444,0.2758620689655173
603325,DDD,2013J,0.15,0.1111111111111111,0.12765957446808512
603327,FFF,2013J,0.2,0.14285714285714285,0.16666666666666666
603328,GGG,2013J,0.5,0.5555555555555556,0.5263157894736842
603341,FFF,2013J,0.3,0.2857142857142857,0.2926829268292683
603389,FFF,2013J,0.2,0.10810810810810811,0.14035087719298245
603398,BBB,2013J,0.1,0.4,0.16000000000000003
603406,DDD,2014J,0.25,0.17857142857142858,0.20833333333333331
603431,DDD,2013J,0.0,0.0,0.0
603437,FFF,2013J,0.15,0.13636363636363635,0.14285714285714282
603440,BBB,2013J,0.45,0.34615384615384615,0.3913043478260869
603446,BBB,2013J,0.0,0.0,0.0
603455,EEE,2013J,0.1,0.4,0.16000000000000003
603469,DDD,2013J,0.05,0.043478260869565216,0.046511627906976744
603477,CCC,2014B,0.15,0.16666666666666666,0.15789473684210525
603477,EEE,2013J,0.45,0.6428571428571429,0.5294117647058824
603498,DDD,2013J,0.05,0.125,0.07142857142857144
603503,CCC,2014J,0.0,0.0,0.0
603503,EEE,2013J,0.45,0.8181818181818182,0.5806451612903226
603513,DDD,2013J,0.1,0.10526315789473684,0.10256410256410256
603529,CCC,2014J,0.1,0.08695652173913043,0.09302325581395349
603529,FFF,2013J,0.3,0.10344827586206896,0.15384615384615385
603531,EEE,2014B,0.5,0.5,0.5
603539,FFF,2014B,0.35,0.16279069767441862,0.22222222222222227
603576,FFF,2013J,0.4,0.24242424242424243,0.30188679245283023
603579,GGG,2013J,0.0,0.0,0.0
603580,BBB,2014J,0.2,0.2857142857142857,0.23529411764705882
603585,GGG,2014J,0.1,0.5,0.16666666666666669
603597,FFF,2013J,0.15,0.10714285714285714,0.125
603600,FFF,2013J,0.4,0.13114754098360656,0.19753086419753088
603601,BBB,2013J,0.15,0.15789473684210525,0.15384615384615385
603611,FFF,2013J,0.5,0.23809523809523808,0.3225806451612903
603612,GGG,2014B,0.35,0.3684210526315789,0.358974358974359
603620,CCC,2014J,0.15,0.25,0.18749999999999997
603627,BBB,2013J,0.2,0.17391304347826086,0.18604651162790697
603639,EEE,2013J,0.35,0.6363636363636364,0.45161290322580644
603648,FFF,2014J,0.45,0.140625,0.2142857142857143
603651,FFF,2013J,0.2,0.15384615384615385,0.17391304347826086
603661,BBB,2013J,0.15,0.14285714285714285,0.14634146341463414
603685,GGG,2013J,0.25,0.3125,0.2777777777777778
603690,DDD,2014B,0.15,0.08823529411764706,0.11111111111111112
603694,FFF,2014B,0.35,0.175,0.23333333333333334
603731,BBB,2014J,0.4,0.4,0.4000000000000001
603733,FFF,2013J,0.3,0.14285714285714285,0.19354838709677416
603740,GGG,2013J,0.2,0.5,0.28571428571428575
603746,BBB,2014J,0.05,0.2,0.08000000000000002
603762,BBB,2014B,0.0,0.0,0.0
603763,GGG,2013J,0.35,0.5833333333333334,0.4375
603819,FFF,2013J,0.15,0.09090909090909091,0.11320754716981132
603832,EEE,2014B,0.35,0.7777777777777778,0.48275862068965514
603834,AAA,2014J,0.0,0.0,0.0
603848,FFF,2014B,0.05,0.041666666666666664,0.04545454545454545
603859,CCC,2014B,0.25,0.12195121951219512,0.16393442622950818
603861,AAA,2013J,0.15,0.5,0.23076923076923075
603908,BBB,2013J,0.1,0.6666666666666666,0.1739130434782609
603912,BBB,2013J,0.25,0.16666666666666666,0.2
603913,GGG,2013J,0.15,0.17647058823529413,0.16216216216216214
603918,GGG,2013J,0.2,0.2222222222222222,0.2105263157894737
603921,BBB,2014J,0.1,0.2222222222222222,0.13793103448275865
603921,GGG,2014B,0.25,0.625,0.35714285714285715
603931,FFF,2013J,0.0,0.0,0.0
603961,DDD,2014J,0.1,0.09090909090909091,0.09523809523809525
603972,FFF,2014B,0.05,0.05,0.05000000000000001
604050,EEE,2013J,0.25,0.4166666666666667,0.3125
604055,DDD,2013J,0.15,0.1111111111111111,0.12765957446808512
604057,CCC,2014J,0.55,0.4074074074074074,0.46808510638297873
604057,EEE,2014J,0.4,0.32,0.35555555555555557
604061,GGG,2014J,0.25,0.45454545454545453,0.3225806451612903
604064,GGG,2013J,0.7,0.6666666666666666,0.6829268292682926
604072,DDD,2013J,0.0,0.0,0.0
604087,FFF,2013J,0.45,0.16981132075471697,0.2465753424657534
604095,BBB,2013J,0.05,0.3333333333333333,0.08695652173913045
604096,GGG,2013J,0.2,0.2,0.20000000000000004
604106,BBB,2014B,0.0,0.0,0.0
604110,GGG,2013J,0.05,0.06666666666666667,0.05714285714285715
604116,BBB,2013J,0.05,0.07142857142857142,0.058823529411764705
604147,BBB,2013J,0.1,1.0,0.18181818181818182
604151,BBB,2013J,0.05,0.08333333333333333,0.0625
604153,GGG,2013J,0.45,0.6428571428571429,0.5294117647058824
604154,BBB,2013J,0.15,1.0,0.2608695652173913
604156,DDD,2013J,0.25,0.125,0.16666666666666666
604164,CCC,2014J,0.15,0.07894736842105263,0.10344827586206896
604172,EEE,2014B,0.1,0.5,0.16666666666666669
604174,FFF,2014B,0.2,0.16,0.17777777777777778
604184,FFF,2013J,0.0,0.0,0.0
604187,BBB,2013J,0.25,0.3333333333333333,0.28571428571428575
604196,BBB,2013J,0.15,0.2727272727272727,0.19354838709677416
604200,BBB,2013J,0.1,0.06666666666666667,0.08
604204,BBB,2013J,0.2,0.23529411764705882,0.2162162162162162
604213,GGG,2013J,0.5,0.6666666666666666,0.5714285714285715
604238,BBB,2013J,0.35,0.28,0.3111111111111111
604270,EEE,2014B,0.3,0.6666666666666666,0.41379310344827586
604281,DDD,2013J,0.2,0.08695652173913043,0.12121212121212122
604292,BBB,2013J,0.1,0.08,0.08888888888888889
604293,FFF,2014B,0.3,0.16666666666666666,0.21428571428571427
604315,BBB,2013J,0.05,0.05,0.05000000000000001
604317,DDD,2013J,0.15,0.09090909090909091,0.11320754716981132
604336,GGG,2013J,0.25,0.5555555555555556,0.3448275862068966
604338,FFF,2014B,0.05,0.125,0.07142857142857144
604356,BBB,2013J,0.15,0.1875,0.16666666666666663
604358,BBB,2014J,0.4,0.3333333333333333,0.3636363636363636
604378,EEE,2013J,0.3,0.6666666666666666,0.41379310344827586
604379,FFF,2013J,0.4,0.26666666666666666,0.32
604393,EEE,2013J,0.4,0.8888888888888888,0.5517241379310346
604416,FFF,2013J,0.25,0.23809523809523808,0.24390243902439024
604423,GGG,2013J,0.2,0.23529411764705882,0.2162162162162162
604427,FFF,2013J,0.2,0.14285714285714285,0.16666666666666666
604462,DDD,2013J,0.05,0.023255813953488372,0.031746031746031744
604478,FFF,2013J,0.65,0.14444444444444443,0.23636363636363633
604498,GGG,2013J,0.25,0.29411764705882354,0.27027027027027023
604500,DDD,2014J,0.1,0.09523809523809523,0.0975609756097561
604502,EEE,2014B,0.35,0.4117647058823529,0.37837837837837834
604504,GGG,2014B,0.4,0.5,0.4444444444444445
604517,CCC,2014B,0.05,0.1,0.06666666666666667
604517,EEE,2013J,0.3,0.6666666666666666,0.41379310344827586
604534,GGG,2013J,0.1,1.0,0.18181818181818182
604536,GGG,2013J,0.2,0.25,0.22222222222222224
604539,GGG,2013J,0.3,0.24,0.2666666666666666
604543,BBB,2013J,0.2,0.2857142857142857,0.23529411764705882
604556,BBB,2013J,0.2,0.16666666666666666,0.1818181818181818
604567,FFF,2014J,0.2,0.14285714285714285,0.16666666666666666
604571,CCC,2014B,0.0,0.0,0.0
604571,EEE,2014B,0.1,0.2222222222222222,0.13793103448275865
604588,GGG,2013J,0.2,0.5,0.28571428571428575
604614,FFF,2014J,0.8,0.2857142857142857,0.4210526315789473
604627,DDD,2013J,0.15,0.3,0.2
604633,FFF,2013J,0.0,0.0,0.0
604635,FFF,2013J,0.05,0.0625,0.05555555555555556
604655,DDD,2013J,0.05,1.0,0.09523809523809523
604671,DDD,2014J,0.1,0.25,0.14285714285714288
604685,EEE,2013J,0.3,0.8571428571428571,0.4444444444444444
604698,FFF,2014B,0.15,0.15789473684210525,0.15384615384615385
604700,FFF,2013J,0.15,0.09090909090909091,0.11320754716981132
604709,DDD,2014J,0.05,0.3333333333333333,0.08695652173913045
604721,GGG,2013J,0.15,0.25,0.18749999999999997
604723,CCC,2014B,0.0,0.0,0.0
604723,DDD,2013J,0.15,0.1875,0.16666666666666663
604725,BBB,2014J,0.3,0.25,0.2727272727272727
604731,BBB,2013J,0.05,0.25,0.08333333333333334
604741,FFF,2013J,0.35,0.21875,0.2692307692307692
604755,FFF,2013J,0.55,0.44,0.48888888888888893
604766,FFF,2013J,0.3,0.1276595744680851,0.17910447761194026
604789,EEE,2014B,0.1,0.5,0.16666666666666669
604799,FFF,2013J,0.25,0.17857142857142858,0.20833333333333331
604854,DDD,2013J,0.0,0.0,0.0
604879,FFF,2013J,0.5,0.11363636363636363,0.18518518518518517
604901,GGG,2014B,0.35,0.5,0.4117647058823529
604905,DDD,2014B,0.1,0.125,0.11111111111111112
604906,CCC,2014J,0.0,0.0,0.0
604906,EEE,2013J,0.35,0.5,0.4117647058823529
604907,FFF,2014J,0.0,0.0,0.0
604916,BBB,2013J,0.15,0.17647058823529413,0.16216216216216214
604917,BBB,2013J,0.25,0.17857142857142858,0.20833333333333331
604919,BBB,2013J,0.2,0.15384615384615385,0.17391304347826086
604921,BBB,2013J,0.05,0.0625,0.05555555555555556
604930,GGG,2013J,0.15,0.15,0.15
604932,BBB,2013J,0.2,0.6666666666666666,0.30769230769230765
604939,BBB,2013J,0.15,0.42857142857142855,0.2222222222222222
604942,BBB,2013J,0.05,0.1,0.06666666666666667
604945,FFF,2013J,0.05,0.1111111111111111,0.06896551724137932
604950,BBB,2014J,0.55,0.6111111111111112,0.5789473684210527
604962,BBB,2014B,0.0,0.0,0.0
604966,BBB,2013J,0.0,0.0,0.0
604969,FFF,2014B,0.1,0.5,0.16666666666666669
604980,GGG,2013J,0.2,0.4,0.26666666666666666
604982,BBB,2013J,0.15,0.3,0.2
604990,BBB,2014J,0.05,0.08333333333333333,0.0625
604997,CCC,2014B,0.05,0.05555555555555555,0.052631578947368425
605009,BBB,2013J,0.15,0.1875,0.16666666666666663
605012,FFF,2013J,0.75,0.3191489361702128,0.4477611940298508
605027,GGG,2013J,0.45,0.6428571428571429,0.5294117647058824
605048,FFF,2013J,0.4,0.17777777777777778,0.24615384615384614
605068,BBB,2014J,0.5,0.4166666666666667,0.45454545454545453
605069,FFF,2013J,0.45,0.2647058823529412,0.33333333333333337
605070,DDD,2014J,0.1,0.15384615384615385,0.12121212121212123
605072,GGG,2013J,0.45,0.5625,0.5
605089,BBB,2014J,0.05,0.06666666666666667,0.05714285714285715
605102,BBB,2013J,0.25,0.4166666666666667,0.3125
605105,DDD,2013J,0.0,0.0,0.0
605111,CCC,2014J,0.45,0.32142857142857145,0.375
605111,EEE,2013J,0.1,0.5,0.16666666666666669
605118,DDD,2013J,0.4,0.19047619047619047,0.25806451612903225
605118,DDD,2014J,0.1,0.06666666666666667,0.08
605125,EEE,2014J,0.05,0.25,0.08333333333333334
605129,EEE,2014J,0.2,1.0,0.33333333333333337
605144,CCC,2014B,0.1,0.10526315789473684,0.10256410256410256
605144,DDD,2013J,0.25,0.13157894736842105,0.1724137931034483
605156,GGG,2013J,0.35,0.3684210526315789,0.358974358974359
605180,EEE,2013J,0.15,0.6,0.24
605180,FFF,2014J,0.2,0.25,0.22222222222222224
605195,FFF,2013J,0.55,0.1746031746031746,0.2650602409638554
605207,BBB,2013J,0.15,0.42857142857142855,0.2222222222222222
605225,GGG,2013J,0.25,0.3125,0.2777777777777778
605228,FFF,2014J,0.0,0.0,0.0
605243,BBB,2014J,0.45,0.3103448275862069,0.3673469387755102
605246,BBB,2013J,0.2,0.25,0.22222222222222224
605255,BBB,2013J,0.1,0.4,0.16000000000000003
605264,EEE,2013J,0.3,0.5454545454545454,0.3870967741935483
605265,FFF,2013J,0.0,0.0,0.0
605266,CCC,2014B,0.2,0.10810810810810811,0.14035087719298245
605266,DDD,2013J,0.3,0.15,0.2
605269,FFF,2013J,0.05,0.5,0.09090909090909091
605294,EEE,2014J,0.45,0.8181818181818182,0.5806451612903226
605301,GGG,2013J,0.15,0.16666666666666666,0.15789473684210525
605306,GGG,2013J,0.3,1.0,0.4615384615384615
605312,FFF,2014B,0.25,0.2631578947368421,0.25641025641025644
605325,GGG,2013J,0.15,0.75,0.24999999999999997
605361,EEE,2013J,0.15,0.42857142857142855,0.2222222222222222
605367,CCC,2014J,0.1,0.08695652173913043,0.09302325581395349
605367,EEE,2014B,0.25,0.7142857142857143,0.37037037037037035
605375,GGG,2014B,0.25,0.5555555555555556,0.3448275862068966
605390,BBB,2013J,0.2,0.18181818181818182,0.1904761904761905
605394,FFF,2014J,0.15,0.07142857142857142,0.09677419354838708
605409,FFF,2013J,0.3,0.10714285714285714,0.15789473684210525
605438,BBB,2013J,0.1,0.2857142857142857,0.14814814814814817
605445,GGG,2014B,0.3,0.2857142857142857,0.2926829268292683
605459,FFF,2013J,0.35,0.30434782608695654,0.3255813953488372
605475,FFF,2014B,0.4,0.2,0.26666666666666666
605476,DDD,2013J,0.2,0.3076923076923077,0.24242424242424246
605488,DDD,2014J,0.15,0.11538461538461539,0.13043478260869565
605493,FFF,2014B,0.0,0.0,0.0
605505,BBB,2013J,0.15,0.2,0.17142857142857143
605521,GGG,2013J,0.05,0.2,0.08000000000000002
605538,FFF,2013J,0.15,0.125,0.13636363636363635
605540,CCC,2014J,0.35,0.5833333333333334,0.4375
605540,DDD,2013J,0.2,0.16,0.17777777777777778
605556,GGG,2014B,0.25,0.45454545454545453,0.3225806451612903
605571,CCC,2014B,0.2,0.1,0.13333333333333333
605571,FFF,2013J,0.25,0.08064516129032258,0.12195121951219512
605589,FFF,2013J,0.2,0.17391304347826086,0.18604651162790697
605594,BBB,2013J,0.05,1.0,0.09523809523809523
605595,BBB,2013J,0.05,0.2,0.08000000000000002
605596,DDD,2014B,0.1,0.08333333333333333,0.0909090909090909
605597,BBB,2014B,0.05,0.5,0.09090909090909091
605598,FFF,2013J,0.2,0.10526315789473684,0.13793103448275862
605621,FFF,2013J,0.15,0.1111111111111111,0.12765957446808512
605652,DDD,2014B,0.0,0.0,0.0
605666,CCC,2014J,0.1,0.18181818181818182,0.12903225806451613
605666,FFF,2013J,0.05,0.058823529411764705,0.05405405405405405
605672,BBB,2014B,0.0,0.0,0.0
605679,BBB,2013J,0.1,0.5,0.16666666666666669
605682,FFF,2014J,0.3,0.13333333333333333,0.18461538461538463
605688,CCC,2014B,0.05,0.047619047619047616,0.04878048780487805
605688,EEE,2014B,0.35,0.7777777777777778,0.48275862068965514
605692,GGG,2013J,0.15,0.2,0.17142857142857143
605693,BBB,2014B,0.05,0.16666666666666666,0.07692307692307691
605695,DDD,2014B,0.2,0.17391304347826086,0.18604651162790697
605702,GGG,2014B,0.25,0.5,0.3333333333333333
605703,CCC,2014B,0.0,0.0,0.0
605703,DDD,2013J,0.05,0.037037037037037035,0.0425531914893617
605733,GGG,2013J,0.05,0.16666666666666666,0.07692307692307691
605756,FFF,2013J,0.25,0.1724137931034483,0.20408163265306123
605759,DDD,2014B,0.1,0.2222222222222222,0.13793103448275865
605759,DDD,2014J,0.0,0.0,0.0
605770,BBB,2014J,0.1,0.3333333333333333,0.15384615384615383
605771,BBB,2014J,0.5,0.3448275862068966,0.40816326530612246
605781,DDD,2014B,0.0,0.0,0.0
605828,GGG,2014B,0.1,0.3333333333333333,0.15384615384615383
605832,BBB,2013J,0.1,0.6666666666666666,0.1739130434782609
605836,EEE,2014J,0.5,0.6666666666666666,0.5714285714285715
605840,CCC,2014J,0.05,0.1,0.06666666666666667
605854,BBB,2013J,0.25,0.35714285714285715,0.2941176470588235
605868,CCC,2014J,0.3,0.25,0.2727272727272727
605876,DDD,2014J,0.15,0.09090909090909091,0.11320754716981132
605886,FFF,2013J,0.0,0.0,0.0
605901,GGG,2013J,0.35,0.3684210526315789,0.358974358974359
605916,BBB,2013J,0.2,0.13793103448275862,0.16326530612244897
605920,GGG,2013J,0.2,0.3333333333333333,0.25
605930,BBB,2013J,0.15,0.3333333333333333,0.20689655172413793
605941,DDD,2013J,0.15,0.14285714285714285,0.14634146341463414
605954,FFF,2013J,0.1,0.08,0.08888888888888889
605974,FFF,2013J,0.25,0.10638297872340426,0.1492537313432836
605977,GGG,2013J,0.1,0.16666666666666666,0.125
605988,FFF,2013J,0.35,0.10144927536231885,0.15730337078651685
605993,FFF,2013J,0.35,0.15217391304347827,0.21212121212121213
605996,BBB,2014B,0.0,0.0,0.0
606002,FFF,2013J,0.6,0.2727272727272727,0.37499999999999994
606027,BBB,2014J,0.2,0.3076923076923077,0.24242424242424246
606028,GGG,2013J,0.35,0.5,0.4117647058823529
606047,EEE,2013J,0.45,0.8181818181818182,0.5806451612903226
606052,GGG,2013J,0.05,0.2,0.08000000000000002
606062,FFF,2013J,0.5,0.15625,0.23809523809523808
606064,CCC,2014J,0.15,0.16666666666666666,0.15789473684210525
606069,BBB,2014B,0.35,0.28,0.3111111111111111
606082,DDD,2013J,0.15,0.21428571428571427,0.1764705882352941
606097,BBB,2013J,0.25,0.2,0.22222222222222224
606101,GGG,2014B,0.55,0.5238095238095238,0.5365853658536585
606104,FFF,2013J,0.3,0.08,0.12631578947368421
606105,BBB,2014J,0.1,0.6666666666666666,0.1739130434782609
606134,BBB,2014J,0.15,0.21428571428571427,0.1764705882352941
606167,FFF,2013J,0.25,0.29411764705882354,0.27027027027027023
606170,CCC,2014J,0.2,0.23529411764705882,0.2162162162162162
606175,GGG,2014B,0.15,0.2727272727272727,0.19354838709677416
606179,BBB,2013J,0.15,0.1875,0.16666666666666663
606182,EEE,2014B,0.3,0.75,0.4285714285714285
606194,BBB,2013J,0.25,0.2777777777777778,0.2631578947368421
606206,CCC,2014B,0.0,0.0,0.0
606206,EEE,2013J,0.4,0.6666666666666666,0.5
606229,BBB,2013J,0.1,0.25,0.14285714285714288
606233,GGG,2013J,0.2,0.5714285714285714,0.29629629629629634
606239,BBB,2014J,0.05,0.09090909090909091,0.06451612903225806
606245,GGG,2013J,0.1,0.16666666666666666,0.125
606257,FFF,2014J,0.2,0.0784313725490196,0.11267605633802816
606282,CCC,2014B,0.4,0.38095238095238093,0.3902439024390244
606296,GGG,2014B,0.45,0.5,0.4736842105263158
606304,FFF,2013J,0.5,0.24390243902439024,0.32786885245901637
606313,BBB,2014B,0.1,0.08333333333333333,0.0909090909090909
606319,DDD,2013J,0.2,0.10526315789473684,0.13793103448275862
606322,DDD,2013J,0.1,0.1111111111111111,0.10526315789473685
606344,DDD,2013J,0.05,0.1111111111111111,0.06896551724137932
606345,CCC,2014J,0.5,0.35714285714285715,0.41666666666666663
606350,CCC,2014B,0.05,0.16666666666666666,0.07692307692307691
606355,BBB,2013J,0.0,0.0,0.0
606373,EEE,2013J,0.15,0.375,0.21428571428571425
606377,BBB,2013J,0.1,0.25,0.14285714285714288
606386,FFF,2013J,0.2,0.12121212121212122,0.15094339622641512
606389,GGG,2014B,0.55,0.5238095238095238,0.5365853658536585
606391,BBB,2014J,0.4,0.25,0.3076923076923077
606391,GGG,2013J,0.6,0.5714285714285714,0.5853658536585366
606409,GGG,2013J,0.25,0.5555555555555556,0.3448275862068966
606410,BBB,2013J,0.05,0.25,0.08333333333333334
606412,BBB,2013J,0.15,0.375,0.21428571428571425
606414,BBB,2013J,0.2,0.5714285714285714,0.29629629629629634
606420,BBB,2013J,0.2,0.4444444444444444,0.2758620689655173
606422,BBB,2013J,0.15,0.15,0.15
606435,GGG,2013J,0.45,0.5,0.4736842105263158
606442,BBB,2014J,0.2,0.2857142857142857,0.23529411764705882
606444,CCC,2014B,0.1,0.07692307692307693,0.08695652173913043
606444,FFF,2013J,0.7,0.1686746987951807,0.27184466019417475
606450,BBB,2013J,0.1,0.3333333333333333,0.15384615384615383
606458,BBB,2013J,0.1,0.4,0.16000000000000003
606463,GGG,2013J,0.15,0.16666666666666666,0.15789473684210525
606465,BBB,2013J,0.2,0.36363636363636365,0.25806451612903225
606471,GGG,2013J,0.35,0.4375,0.38888888888888884
606517,BBB,2014J,0.0,0.0,0.0
606535,BBB,2014J,0.55,0.4583333333333333,0.5
606546,BBB,2013J,0.1,0.6666666666666666,0.1739130434782609
606562,BBB,2013J,0.1,0.07692307692307693,0.08695652173913043
606570,GGG,2013J,0.5,0.5555555555555556,0.5263157894736842
606572,BBB,2013J,0.3,0.2222222222222222,0.25531914893617025
606634,BBB,2014B,0.05,0.1111111111111111,0.06896551724137932
606665,CCC,2014B,0.25,0.29411764705882354,0.27027027027027023
606665,DDD,2013J,0.1,0.07407407407407407,0.0851063829787234
606685,BBB,2013J,0.2,1.0,0.33333333333333337
606690,BBB,2014B,0.15,0.07692307692307693,0.1016949152542373
606697,BBB,2013J,0.45,0.2647058823529412,0.33333333333333337
606707,GGG,2014B,0.35,0.5833333333333334,0.4375
606711,FFF,2013J,0.2,0.18181818181818182,0.1904761904761905
606712,FFF,2013J,0.15,0.15,0.15
606713,FFF,2014B,0.5,0.20833333333333334,0.29411764705882354
606724,CCC,2014B,0.15,0.1875,0.16666666666666663
606724,EEE,2013J,0.25,0.35714285714285715,0.2941176470588235
606743,EEE,2013J,0.0,0.0,0.0
606757,DDD,2014J,0.15,0.08108108108108109,0.10526315789473685
606788,DDD,2013J,0.15,0.07894736842105263,0.10344827586206896
606815,GGG,2013J,0.05,0.058823529411764705,0.05405405405405405
606835,FFF,2013J,0.6,0.17391304347826086,0.2696629213483146
606837,DDD,2014J,0.05,0.14285714285714285,0.07407407407407408
606856,GGG,2014J,0.05,0.5,0.09090909090909091
606858,GGG,2014B,0.15,0.375,0.21428571428571425
606861,BBB,2014J,0.25,0.2631578947368421,0.25641025641025644
606864,BBB,2014J,0.05,0.3333333333333333,0.08695652173913045
606864,GGG,2013J,0.45,0.6923076923076923,0.5454545454545455
606869,GGG,2013J,0.1,0.16666666666666666,0.125
606870,FFF,2014B,0.15,0.14285714285714285,0.14634146341463414
606884,DDD,2014B,0.15,0.15,0.15
606903,FFF,2013J,0.2,0.15384615384615385,0.17391304347826086
606904,FFF,2014J,0.15,0.16666666666666666,0.15789473684210525
606908,DDD,2013J,0.1,0.0625,0.07692307692307693
606918,EEE,2013J,0.3,0.6,0.4
606939,FFF,2013J,0.2,0.125,0.15384615384615385
606966,FFF,2013J,0.05,0.04,0.044444444444444446
606976,FFF,2014B,0.45,0.2903225806451613,0.3529411764705882
606977,FFF,2014B,0.2,0.17391304347826086,0.18604651162790697
606990,FFF,2013J,0.1,0.13333333333333333,0.1142857142857143
607018,GGG,2013J,0.1,0.3333333333333333,0.15384615384615383
607047,CCC,2014J,0.0,0.0,0.0
607047,FFF,2013J,0.3,0.2,0.24
607052,CCC,2014B,0.05,0.043478260869565216,0.046511627906976744
607052,FFF,2013J,0.0,0.0,0.0
607061,CCC,2014B,0.0,0.0,0.0
607061,DDD,2013J,0.0,0.0,0.0
607062,BBB,2014J,0.0,0.0,0.0
607073,DDD,2013J,0.25,0.1282051282051282,0.1694915254237288
607085,CCC,2014J,0.0,0.0,0.0
607085,EEE,2013J,0.3,0.6,0.4
607094,CCC,2014J,0.0,0.0,0.0
607097,BBB,2013J,0.0,0.0,0.0
607108,BBB,2014B,0.0,0.0,0.0
607118,FFF,2013J,0.45,0.3103448275862069,0.3673469387755102
607130,DDD,2014B,0.1,0.05,0.06666666666666667
607143,EEE,2013J,0.3,0.8571428571428571,0.4444444444444444
607151,DDD,2013J,0.2,0.0784313725490196,0.11267605633802816
607163,GGG,2013J,0.2,0.8,0.32000000000000006
607176,BBB,2014J,0.05,0.2,0.08000000000000002
607178,EEE,2013J,0.2,0.5,0.28571428571428575
607196,DDD,2013J,0.05,0.07692307692307693,0.060606060606060615
607220,BBB,2014B,0.1,0.5,0.16666666666666669
607235,GGG,2014B,0.3,0.2608695652173913,0.27906976744186046
607243,FFF,2014J,0.45,0.24324324324324326,0.3157894736842105
607247,FFF,2013J,0.4,0.12903225806451613,0.1951219512195122
607256,GGG,2013J,0.25,0.25,0.25
607293,GGG,2013J,0.5,0.37037037037037035,0.425531914893617
607300,BBB,2013J,0.2,0.14285714285714285,0.16666666666666666
607303,FFF,2014J,0.35,0.11290322580645161,0.17073170731707316
607316,DDD,2013J,0.15,0.125,0.13636363636363635
607342,GGG,2014J,0.25,0.2777777777777778,0.2631578947368421
607387,GGG,2014J,0.35,0.4375,0.38888888888888884
607398,BBB,2013J,0.05,0.09090909090909091,0.06451612903225806
607429,CCC,2014J,0.25,0.3333333333333333,0.28571428571428575
607443,GGG,2013J,0.4,0.5333333333333333,0.4571428571428572
607453,CCC,2014J,0.05,0.04,0.044444444444444446
607453,FFF,2014B,0.15,0.06,0.08571428571428572
607462,DDD,2014B,0.15,0.2727272727272727,0.19354838709677416
607483,DDD,2014J,0.15,0.075,0.1
607483,GGG,2013J,0.4,0.32,0.35555555555555557
607485,DDD,2013J,0.05,0.2,0.08000000000000002
607493,BBB,2013J,0.15,0.3333333333333333,0.20689655172413793
607498,DDD,2013J,0.1,0.07407407407407407,0.0851063829787234
607501,FFF,2014J,0.2,0.0975609756097561,0.13114754098360656
607507,GGG,2013J,0.25,0.29411764705882354,0.27027027027027023
607525,DDD,2014J,0.2,0.14814814814814814,0.1702127659574468
607529,BBB,2014B,0.15,0.3333333333333333,0.20689655172413793
607530,GGG,2014B,0.15,0.2,0.17142857142857143
607536,GGG,2014B,0.35,0.5384615384615384,0.4242424242424242
607538,FFF,2013J,0.35,0.14583333333333334,0.20588235294117646
607547,GGG,2014B,0.25,0.5,0.3333333333333333
607548,GGG,2013J,0.55,0.6875,0.6111111111111112
607555,CCC,2014J,0.35,0.30434782608695654,0.3255813953488372
607555,DDD,2013J,0.2,0.09090909090909091,0.12500000000000003
607572,DDD,2014B,0.05,0.14285714285714285,0.07407407407407408
607600,EEE,2013J,0.35,0.7,0.4666666666666667
607603,BBB,2014J,0.15,0.25,0.18749999999999997
607622,DDD,2013J,0.0,0.0,0.0
607636,CCC,2014B,0.0,0.0,0.0
607636,EEE,2013J,0.35,0.7777777777777778,0.48275862068965514
607638,DDD,2014J,0.1,0.0625,0.07692307692307693
607642,BBB,2013J,0.05,0.125,0.07142857142857144
607650,FFF,2013J,0.1,0.07407407407407407,0.0851063829787234
607668,CCC,2014J,0.35,0.2,0.2545454545454545
607670,DDD,2013J,0.05,0.16666666666666666,0.07692307692307691
607678,BBB,2014B,0.15,0.3333333333333333,0.20689655172413793
607679,FFF,2014J,0.3,0.1935483870967742,0.23529411764705882
607696,FFF,2013J,0.05,0.16666666666666666,0.07692307692307691
607699,BBB,2013J,0.05,1.0,0.09523809523809523
607700,FFF,2014J,0.2,0.14814814814814814,0.1702127659574468
607725,BBB,2013J,0.4,0.3333333333333333,0.3636363636363636
607735,BBB,2013J,0.35,0.3333333333333333,0.3414634146341463
607754,GGG,2013J,0.3,0.21428571428571427,0.25
607762,GGG,2014B,0.2,0.3333333333333333,0.25
607767,DDD,2014J,0.1,0.1111111111111111,0.10526315789473685
607778,BBB,2013J,0.35,0.2,0.2545454545454545
607794,FFF,2013J,0.3,0.13043478260869565,0.18181818181818182
607797,GGG,2013J,0.45,0.6428571428571429,0.5294117647058824
607800,DDD,2013J,0.25,0.13157894736842105,0.1724137931034483
607804,BBB,2013J,0.15,0.6,0.24
607812,CCC,2014J,0.1,0.0625,0.07692307692307693
607814,EEE,2013J,0.05,1.0,0.09523809523809523
607835,CCC,2014B,0.1,0.06060606060606061,0.07547169811320756
607835,EEE,2013J,0.3,0.6,0.4
607849,GGG,2013J,0.35,0.6363636363636364,0.45161290322580644
607854,DDD,2013J,0.1,0.11764705882352941,0.1081081081081081
607866,FFF,2014J,0.1,0.05714285714285714,0.07272727272727272
607887,BBB,2013J,0.2,0.4,0.26666666666666666
607889,BBB,2013J,0.15,0.15789473684210525,0.15384615384615385
607892,BBB,2013J,0.0,0.0,0.0
607896,FFF,2014B,0.05,0.08333333333333333,0.0625
607899,FFF,2014B,0.1,0.0625,0.07692307692307693
607900,DDD,2013J,0.35,0.1320754716981132,0.19178082191780824
607909,BBB,2013J,0.1,0.2857142857142857,0.14814814814814817
607912,GGG,2013J,0.2,0.2,0.20000000000000004
607914,BBB,2013J,0.1,0.10526315789473684,0.10256410256410256
607923,BBB,2014J,0.3,0.25,0.2727272727272727
607927,CCC,2014B,0.0,0.0,0.0
607927,DDD,2013J,0.2,0.26666666666666666,0.2285714285714286
607937,BBB,2013J,0.0,0.0,0.0
607938,FFF,2013J,0.2,0.16,0.17777777777777778
607947,CCC,2014J,0.0,0.0,0.0
607947,EEE,2013J,0.35,0.875,0.4999999999999999
607953,BBB,2014B,0.1,0.2222222222222222,0.13793103448275865
607957,GGG,2013J,0.25,0.8333333333333334,0.3846153846153846
607966,DDD,2013J,0.0,0.0,0.0
607975,DDD,2014J,0.4,0.23529411764705882,0.29629629629629634
607979,FFF,2013J,0.4,0.14545454545454545,0.21333333333333335
608000,BBB,2013J,0.25,0.21739130434782608,0.23255813953488372
608008,FFF,2013J,0.2,0.14814814814814814,0.1702127659574468
608024,EEE,2013J,0.15,0.5,0.23076923076923075
608041,BBB,2013J,0.15,0.375,0.21428571428571425
608043,FFF,2013J,0.6,0.15789473684210525,0.25
608047,BBB,2013J,0.15,0.16666666666666666,0.15789473684210525
608062,DDD,2013J,0.0,0.0,0.0
608068,BBB,2014J,0.05,1.0,0.09523809523809523
608104,BBB,2014B,0.0,0.0,0.0
608109,GGG,2014B,0.35,0.5,0.4117647058823529
608110,BBB,2014B,0.1,0.6666666666666666,0.1739130434782609
608115,GGG,2013J,0.3,0.35294117647058826,0.3243243243243243
608130,EEE,2013J,0.45,0.47368421052631576,0.46153846153846156
608134,BBB,2014J,0.35,0.5,0.4117647058823529
608144,FFF,2013J,0.1,0.08,0.08888888888888889
608152,CCC,2014B,0.1,0.14285714285714285,0.11764705882352941
608152,EEE,2014B,0.15,0.375,0.21428571428571425
608164,BBB,2014B,0.0,0.0,0.0
608169,FFF,2013J,0.0,0.0,0.0
608178,DDD,2013J,0.05,0.09090909090909091,0.06451612903225806
608195,BBB,2014J,0.3,0.3333333333333333,0.3157894736842105
608195,GGG,2013J,0.75,0.5,0.6
608217,DDD,2013J,0.15,0.1111111111111111,0.12765957446808512
608221,GGG,2014B,0.05,0.25,0.08333333333333334
608231,FFF,2013J,0.65,0.20634920634920634,0.3132530120481927
608238,DDD,2013J,0.1,0.05405405405405406,0.07017543859649122
608243,CCC,2014B,0.1,0.13333333333333333,0.1142857142857143
608243,EEE,2013J,0.2,0.4,0.26666666666666666
608263,GGG,2014B,0.3,0.24,0.2666666666666666
608264,BBB,2013J,0.25,0.29411764705882354,0.27027027027027023
608267,DDD,2013J,0.15,0.2,0.17142857142857143
608292,GGG,2014B,0.3,0.35294117647058826,0.3243243243243243
608322,DDD,2014B,0.4,0.24242424242424243,0.30188679245283023
608349,FFF,2013J,0.25,0.29411764705882354,0.27027027027027023
608356,FFF,2013J,0.25,0.10204081632653061,0.14492753623188406
608407,BBB,2014B,0.0,0.0,0.0
608417,DDD,2013J,0.05,0.05555555555555555,0.052631578947368425
608419,BBB,2013J,0.25,0.29411764705882354,0.27027027027027023
608421,FFF,2013J,0.3,0.10909090909090909,0.16
608422,CCC,2014J,0.1,0.25,0.14285714285714288
608422,FFF,2013J,0.1,0.044444444444444446,0.061538461538461535
608423,CCC,2014J,0.0,0.0,0.0
608448,BBB,2014J,0.45,0.391304347826087,0.4186046511627907
608449,DDD,2013J,0.2,0.09090909090909091,0.12500000000000003
608464,CCC,2014B,0.05,0.05,0.05000000000000001
608472,EEE,2013J,0.1,0.6666666666666666,0.1739130434782609
608477,FFF,2013J,0.2,0.18181818181818182,0.1904761904761905
608487,DDD,2014B,0.0,0.0,0.0
608488,EEE,2014J,0.05,0.3333333333333333,0.08695652173913045
608504,EEE,2013J,0.1,0.4,0.16000000000000003
608536,GGG,2014J,0.15,0.25,0.18749999999999997
608577,CCC,2014B,0.0,0.0,0.0
608578,BBB,2013J,0.35,0.3888888888888889,0.36842105263157887
608596,GGG,2014B,0.3,0.375,0.33333333333333326
608623,BBB,2013J,0.15,0.375,0.21428571428571425
608643,DDD,2013J,0.2,0.1,0.13333333333333333
608647,BBB,2013J,0.3,0.5,0.37499999999999994
608672,GGG,2013J,0.35,0.2692307692307692,0.3043478260869565
608681,CCC,2014J,0.05,0.14285714285714285,0.07407407407407408
608681,FFF,2013J,0.1,0.08695652173913043,0.09302325581395349
608693,GGG,2013J,0.2,0.3333333333333333,0.25
608698,FFF,2013J,0.1,0.125,0.11111111111111112
608724,DDD,2014B,0.05,0.034482758620689655,0.04081632653061224
608733,DDD,2013J,0.25,0.1724137931034483,0.20408163265306123
608735,CCC,2014B,0.0,0.0,0.0
608737,FFF,2013J,0.0,0.0,0.0
608738,BBB,2013J,0.2,0.4,0.26666666666666666
608744,EEE,2013J,0.35,0.6363636363636364,0.45161290322580644
608745,DDD,2013J,0.3,0.13043478260869565,0.18181818181818182
608746,CCC,2014J,0.1,0.07142857142857142,0.08333333333333333
608746,DDD,2014J,0.05,0.045454545454545456,0.04761904761904762
608747,FFF,2013J,0.35,0.14893617021276595,0.208955223880597
608753,CCC,2014B,0.0,0.0,0.0
608753,FFF,2013J,0.05,0.045454545454545456,0.04761904761904762
608766,BBB,2013J,0.3,0.2608695652173913,0.27906976744186046
608775,DDD,2014J,0.1,0.05,0.06666666666666667
608815,DDD,2013J,0.35,0.17073170731707318,0.22950819672131145
608827,FFF,2013J,0.2,0.26666666666666666,0.2285714285714286
608842,DDD,2014J,0.15,0.10714285714285714,0.125
608851,BBB,2014J,0.2,0.21052631578947367,0.20512820512820512
608853,EEE,2014J,0.4,0.8,0.5333333333333333
608884,EEE,2013J,0.2,0.5,0.28571428571428575
608891,FFF,2014B,0.15,0.15789473684210525,0.15384615384615385
608904,CCC,2014B,0.35,0.3181818181818182,0.3333333333333333
608907,GGG,2014B,0.35,0.5833333333333334,0.4375
608909,FFF,2013J,0.15,0.17647058823529413,0.16216216216216214
608913,FFF,2013J,0.3,0.23076923076923078,0.2608695652173913
608923,DDD,2013J,0.1,0.14285714285714285,0.11764705882352941
608966,FFF,2013J,0.45,0.24324324324324326,0.3157894736842105
608978,CCC,2014J,0.25,0.14285714285714285,0.18181818181818182
608983,DDD,2013J,0.15,0.1,0.12
609010,BBB,2013J,0.05,0.25,0.08333333333333334
609019,DDD,2014B,0.2,0.12903225806451613,0.1568627450980392
609025,EEE,2013J,0.25,0.8333333333333334,0.3846153846153846
609031,CCC,2014J,0.2,0.125,0.15384615384615385
609031,DDD,2013J,0.25,0.10869565217391304,0.15151515151515152
609045,CCC,2014B,0.05,0.041666666666666664,0.04545454545454545
609046,BBB,2013J,0.25,0.14285714285714285,0.18181818181818182
609047,BBB,2013J,0.15,0.3,0.2
609097,FFF,2013J,0.2,0.0975609756097561,0.13114754098360656
609142,FFF,2014J,0.25,0.09615384615384616,0.1388888888888889
609192,EEE,2013J,0.4,0.5714285714285714,0.47058823529411764
609194,BBB,2014J,0.0,0.0,0.0
609194,DDD,2014B,0.05,0.02857142857142857,0.03636363636363636
609203,BBB,2014J,0.2,0.18181818181818182,0.1904761904761905
609220,FFF,2013J,0.75,0.13513513513513514,0.22900763358778628
609221,FFF,2013J,0.2,0.11764705882352941,0.14814814814814817
609229,CCC,2014B,0.05,0.03225806451612903,0.0392156862745098
609229,FFF,2013J,0.2,0.2857142857142857,0.23529411764705882
609235,CCC,2014J,0.0,0.0,0.0
609240,FFF,2014J,0.3,0.13953488372093023,0.1904761904761905
609245,DDD,2014J,0.2,0.13793103448275862,0.16326530612244897
609257,GGG,2014J,0.15,0.3,0.2
609265,DDD,2014B,0.0,0.0,0.0
609277,FFF,2013J,0.6,0.15,0.24
609297,GGG,2014B,0.6,0.46153846153846156,0.5217391304347826
609307,BBB,2013J,0.1,0.13333333333333333,0.1142857142857143
609326,GGG,2014B,0.1,0.5,0.16666666666666669
609330,GGG,2013J,0.2,0.18181818181818182,0.1904761904761905
609354,DDD,2014B,0.1,0.5,0.16666666666666669
609383,EEE,2014B,0.05,0.5,0.09090909090909091
609399,GGG,2013J,0.35,0.5833333333333334,0.4375
609403,BBB,2014J,0.2,0.16666666666666666,0.1818181818181818
609403,GGG,2013J,0.6,0.5714285714285714,0.5853658536585366
609416,FFF,2013J,0.25,0.15625,0.19230769230769232
609422,BBB,2014B,0.1,0.6666666666666666,0.1739130434782609
609426,BBB,2014B,0.1,0.16666666666666666,0.125
609439,FFF,2013J,0.2,0.12903225806451613,0.1568627450980392
609450,EEE,2014B,0.0,0.0,0.0
609456,CCC,2014J,0.1,0.07142857142857142,0.08333333333333333
609510,BBB,2013J,0.0,0.0,0.0
609515,CCC,2014B,0.05,0.058823529411764705,0.05405405405405405
609527,EEE,2013J,0.4,0.8888888888888888,0.5517241379310346
609535,GGG,2013J,0.05,0.3333333333333333,0.08695652173913045
609537,CCC,2014J,0.05,0.02564102564102564,0.033898305084745756
609537,FFF,2013J,0.25,0.09433962264150944,0.13698630136986303
609538,GGG,2013J,0.3,0.3333333333333333,0.3157894736842105
609556,DDD,2014J,0.3,0.13043478260869565,0.18181818181818182
609557,GGG,2013J,0.3,0.375,0.33333333333333326
609573,DDD,2014B,0.1,0.06451612903225806,0.0784313725490196
609593,DDD,2013J,0.15,0.12,0.1333333333333333
609596,BBB,2014B,0.0,0.0,0.0
609602,CCC,2014B,0.05,0.1111111111111111,0.06896551724137932
609605,CCC,2014J,0.0,0.0,0.0
609605,EEE,2014J,0.15,0.42857142857142855,0.2222222222222222
609645,CCC,2014B,0.2,0.15384615384615385,0.17391304347826086
609645,EEE,2014B,0.4,0.7272727272727273,0.5161290322580645
609679,BBB,2013J,0.35,0.3181818181818182,0.3333333333333333
609682,EEE,2013J,0.4,0.6666666666666666,0.5
609704,BBB,2013J,0.1,0.4,0.16000000000000003
609743,FFF,2013J,0.1,0.07692307692307693,0.08695652173913043
609754,GGG,2014B,0.35,0.30434782608695654,0.3255813953488372
609761,GGG,2013J,0.15,0.17647058823529413,0.16216216216216214
609797,DDD,2013J,0.0,0.0,0.0
609804,BBB,2013J,0.2,0.8,0.32000000000000006
609811,BBB,2013J,0.35,0.28,0.3111111111111111
609812,BBB,2013J,0.15,0.3,0.2
609815,BBB,2013J,0.1,0.14285714285714285,0.11764705882352941
609817,BBB,2013J,0.1,0.08695652173913043,0.09302325581395349
609837,GGG,2013J,0.2,0.6666666666666666,0.30769230769230765
609852,CCC,2014J,0.25,0.25,0.25
609852,DDD,2014B,0.1,0.02857142857142857,0.04444444444444444
609864,BBB,2013J,0.25,0.35714285714285715,0.2941176470588235
609871,BBB,2013J,0.05,0.16666666666666666,0.07692307692307691
609882,FFF,2013J,0.35,0.1076923076923077,0.16470588235294117
609891,CCC,2014J,0.2,0.17391304347826086,0.18604651162790697
609891,FFF,2014B,0.15,0.08823529411764706,0.11111111111111112
609900,GGG,2013J,0.15,0.3,0.2
609908,FFF,2013J,0.2,0.09090909090909091,0.12500000000000003
609912,GGG,2013J,0.45,0.3103448275862069,0.3673469387755102
609927,BBB,2014J,0.15,0.23076923076923078,0.18181818181818185
609932,DDD,2013J,0.15,0.10714285714285714,0.125
609969,CCC,2014J,0.15,0.13043478260869565,0.13953488372093023
609969,DDD,2013J,0.15,0.15,0.15
609985,FFF,2013J,0.15,0.12,0.1333333333333333
610012,GGG,2013J,0.25,0.35714285714285715,0.2941176470588235
610019,CCC,2014J,0.2,0.16,0.17777777777777778
610019,DDD,2013J,0.15,0.08108108108108109,0.10526315789473685
610025,EEE,2013J,0.0,0.0,0.0
610032,BBB,2013J,0.15,0.42857142857142855,0.2222222222222222
610033,CCC,2014J,0.0,0.0,0.0
610057,GGG,2013J,0.05,0.07692307692307693,0.060606060606060615
610059,BBB,2013J,0.15,0.21428571428571427,0.1764705882352941
610094,FFF,2014B,0.05,0.05555555555555555,0.052631578947368425
610097,FFF,2013J,0.2,0.1,0.13333333333333333
610099,CCC,2014B,0.5,0.2857142857142857,0.36363636363636365
610099,FFF,2013J,0.05,0.017241379310344827,0.025641025641025644
610127,GGG,2014B,0.35,0.6363636363636364,0.45161290322580644
610158,EEE,2013J,0.2,0.5,0.28571428571428575
610172,FFF,2013J,0.1,0.058823529411764705,0.07407407407407408
610188,EEE,2013J,0.25,0.45454545454545453,0.3225806451612903
610197,DDD,2014J,0.1,0.05714285714285714,0.07272727272727272
610220,DDD,2013J,0.15,0.1111111111111111,0.12765957446808512
610234,CCC,2014J,0.05,0.021739130434782608,0.030303030303030304
610234,EEE,2014B,0.3,0.6666666666666666,0.41379310344827586
610244,FFF,2013J,0.15,0.05660377358490566,0.0821917808219178
610257,DDD,2013J,0.2,0.07407407407407407,0.10810810810810811
610258,FFF,2013J,0.05,0.06666666666666667,0.05714285714285715
610260,BBB,2013J,0.25,0.2,0.22222222222222224
610266,FFF,2013J,0.05,0.04,0.044444444444444446
610272,FFF,2014B,0.1,0.14285714285714285,0.11764705882352941
610273,FFF,2014B,0.65,0.3611111111111111,0.4642857142857143
610275,EEE,2014J,0.4,0.7272727272727273,0.5161290322580645
610278,FFF,2013J,0.3,0.18181818181818182,0.22641509433962265
610279,CCC,2014J,0.0,0.0,0.0
610279,DDD,2013J,0.05,0.07142857142857142,0.058823529411764705
610285,DDD,2014B,0.5,0.21739130434782608,0.30303030303030304
610287,CCC,2014J,0.0,0.0,0.0
610287,EEE,2014B,0.25,0.7142857142857143,0.37037037037037035
610287,EEE,2014J,0.15,0.1875,0.16666666666666663
610302,GGG,2014J,0.45,0.47368421052631576,0.46153846153846156
610312,FFF,2013J,0.45,0.1267605633802817,0.1978021978021978
610324,FFF,2013J,0.15,0.13636363636363635,0.14285714285714282
610326,DDD,2014B,0.1,0.13333333333333333,0.1142857142857143
610347,GGG,2013J,0.0,0.0,0.0
610362,BBB,2013J,0.1,0.14285714285714285,0.11764705882352941
610373,EEE,2014J,0.4,0.6153846153846154,0.4848484848484849
610380,GGG,2013J,0.2,0.36363636363636365,0.25806451612903225
610385,BBB,2014J,0.2,0.25,0.22222222222222224
610398,GGG,2014B,0.15,0.2,0.17142857142857143
610400,FFF,2013J,0.0,0.0,0.0
610405,BBB,2014J,0.3,0.3,0.3
610405,GGG,2013J,0.5,0.6666666666666666,0.5714285714285715
610416,BBB,2014B,0.15,0.2727272727272727,0.19354838709677416
610428,BBB,2013J,0.15,0.16666666666666666,0.15789473684210525
610453,EEE,2013J,0.4,0.7272727272727273,0.5161290322580645
610470,BBB,2014J,0.15,0.17647058823529413,0.16216216216216214
610503,EEE,2013J,0.1,0.6666666666666666,0.1739130434782609
610515,DDD,2014B,0.1,0.058823529411764705,0.07407407407407408
610530,GGG,2013J,0.1,0.6666666666666666,0.1739130434782609
610537,DDD,2013J,0.0,0.0,0.0
610545,BBB,2014J,0.15,0.17647058823529413,0.16216216216216214
610549,EEE,2013J,0.0,0.0,0.0
610553,BBB,2013J,0.1,0.6666666666666666,0.1739130434782609
610557,GGG,2013J,0.1,1.0,0.18181818181818182
610569,GGG,2013J,0.4,0.3333333333333333,0.3636363636363636
610575,CCC,2014B,0.05,0.125,0.07142857142857144
610575,EEE,2013J,0.45,0.8181818181818182,0.5806451612903226
610595,DDD,2013J,0.2,0.08163265306122448,0.11594202898550723
610597,GGG,2013J,0.45,0.5294117647058824,0.48648648648648646
610603,DDD,2013J,0.15,0.21428571428571427,0.1764705882352941
610637,FFF,2013J,0.25,0.21739130434782608,0.23255813953488372
610643,CCC,2014J,0.0,0.0,0.0
610643,FFF,2013J,0.05,0.038461538461538464,0.043478260869565216
610650,CCC,2014J,0.0,0.0,0.0
610672,EEE,2014J,0.45,0.5625,0.5
610681,CCC,2014J,0.0,0.0,0.0
610684,EEE,2014B,0.55,0.7333333333333333,0.6285714285714286
610687,FFF,2013J,0.2,0.10526315789473684,0.13793103448275862
610725,BBB,2013J,0.0,0.0,0.0
610739,GGG,2013J,0.2,0.4,0.26666666666666666
610745,BBB,2013J,0.15,0.2,0.17142857142857143
610746,FFF,2013J,0.6,0.15789473684210525,0.25
610749,GGG,2013J,0.15,0.15789473684210525,0.15384615384615385
610750,BBB,2013J,0.15,0.15,0.15
610759,BBB,2014B,0.05,0.05555555555555555,0.052631578947368425
610763,BBB,2013J,0.05,0.25,0.08333333333333334
610771,FFF,2014B,0.3,0.24,0.2666666666666666
610775,FFF,2014B,0.05,0.037037037037037035,0.0425531914893617
610780,BBB,2013J,0.1,1.0,0.18181818181818182
610802,BBB,2014B,0.0,0.0,0.0
610828,DDD,2014J,0.2,0.18181818181818182,0.1904761904761905
610855,EEE,2013J,0.35,0.7777777777777778,0.48275862068965514
610870,DDD,2013J,0.0,0.0,0.0
610873,EEE,2013J,0.4,0.8888888888888888,0.5517241379310346
610881,CCC,2014J,0.05,0.038461538461538464,0.043478260869565216
610904,CCC,2014J,0.0,0.0,0.0
610904,EEE,2014J,0.45,0.9,0.6
610906,BBB,2013J,0.15,0.23076923076923078,0.18181818181818185
610931,DDD,2014B,0.4,0.21052631578947367,0.27586206896551724
610933,FFF,2013J,0.05,0.043478260869565216,0.046511627906976744
610992,FFF,2014B,0.15,0.12,0.1333333333333333
611012,BBB,2013J,0.1,0.13333333333333333,0.1142857142857143
611013,DDD,2014J,0.0,0.0,0.0
611017,BBB,2013J,0.4,0.4,0.4000000000000001
611023,BBB,2013J,0.3,0.46153846153846156,0.3636363636363637
611024,EEE,2014B,0.3,0.6,0.4
611033,CCC,2014J,0.05,0.14285714285714285,0.07407407407407408
611033,EEE,2013J,0.3,0.42857142857142855,0.3529411764705882
611039,FFF,2013J,0.2,0.16666666666666666,0.1818181818181818
611049,EEE,2013J,0.3,0.6,0.4
611060,BBB,2013J,0.3,0.23076923076923078,0.2608695652173913
611062,EEE,2013J,0.15,0.5,0.23076923076923075
611159,DDD,2014J,0.05,0.05,0.05000000000000001
611162,DDD,2013J,0.15,0.12,0.1333333333333333
611162,EEE,2014J,0.45,0.47368421052631576,0.46153846153846156
611173,CCC,2014J,0.0,0.0,0.0
611176,CCC,2014B,0.0,0.0,0.0
611177,GGG,2013J,0.0,0.0,0.0
611185,FFF,2014B,0.25,0.12195121951219512,0.16393442622950818
611195,GGG,2014B,0.25,0.5555555555555556,0.3448275862068966
611202,EEE,2013J,0.35,0.875,0.4999999999999999
611215,GGG,2013J,0.4,0.36363636363636365,0.380952380952381
611218,GGG,2013J,0.05,0.058823529411764705,0.05405405405405405
611226,FFF,2013J,0.4,0.11428571428571428,0.17777777777777776
611228,BBB,2013J,0.1,0.6666666666666666,0.1739130434782609
611241,BBB,2014J,0.25,0.29411764705882354,0.27027027027027023
611241,GGG,2013J,0.35,0.6363636363636364,0.45161290322580644
611244,DDD,2013J,0.05,0.2,0.08000000000000002
611255,CCC,2014J,0.0,0.0,0.0
611255,EEE,2013J,0.35,0.7777777777777778,0.48275862068965514
611259,DDD,2013J,0.15,0.09375,0.11538461538461538
611260,CCC,2014B,0.05,0.07692307692307693,0.060606060606060615
611268,BBB,2013J,0.15,0.15,0.15
611268,BBB,2014J,0.4,0.3333333333333333,0.3636363636363636
611271,DDD,2013J,0.15,0.1875,0.16666666666666663
611284,DDD,2013J,0.1,0.047619047619047616,0.06451612903225806
611309,FFF,2013J,0.05,1.0,0.09523809523809523
611315,BBB,2013J,0.0,0.0,0.0
611329,BBB,2014J,0.4,0.36363636363636365,0.380952380952381
611344,EEE,2013J,0.45,0.9,0.6
611348,BBB,2014B,0.3,0.375,0.33333333333333326
611350,FFF,2014B,0.25,0.10416666666666667,0.14705882352941177
611377,DDD,2014B,0.15,0.11538461538461539,0.13043478260869565
611383,BBB,2013J,0.25,0.2631578947368421,0.25641025641025644
611396,FFF,2013J,0.25,0.15625,0.19230769230769232
611402,CCC,2014B,0.35,0.3333333333333333,0.3414634146341463
611402,EEE,2013J,0.55,0.6875,0.6111111111111112
611405,EEE,2014J,0.6,0.8,0.6857142857142857
611407,CCC,2014J,0.0,0.0,0.0
611407,EEE,2014B,0.3,0.75,0.4285714285714285
611408,DDD,2013J,0.05,0.058823529411764705,0.05405405405405405
611417,CCC,2014J,0.2,0.13793103448275862,0.16326530612244897
611464,DDD,2013J,0.2,0.14285714285714285,0.16666666666666666
611475,BBB,2014B,0.0,0.0,0.0
611478,DDD,2013J,0.15,0.17647058823529413,0.16216216216216214
611489,GGG,2014B,0.3,0.35294117647058826,0.3243243243243243
611496,GGG,2014B,0.35,0.4666666666666667,0.4
611502,EEE,2014B,0.35,0.7,0.4666666666666667
611517,FFF,2014B,0.05,1.0,0.09523809523809523
611531,BBB,2013J,0.15,0.125,0.13636363636363635
611542,CCC,2014J,0.0,0.0,0.0
611542,FFF,2014B,0.05,0.05263157894736842,0.05128205128205128
611564,EEE,2013J,0.4,0.8,0.5333333333333333
611580,GGG,2013J,0.3,0.375,0.33333333333333326
611588,DDD,2014J,0.05,0.5,0.09090909090909091
611593,CCC,2014J,0.1,0.1,0.10000000000000002
611593,DDD,2013J,0.05,0.045454545454545456,0.04761904761904762
611595,FFF,2014B,0.15,0.1,0.12
611603,FFF,2014J,0.05,0.03571428571428571,0.041666666666666664
611612,GGG,2014B,0.6,0.6,0.6
611635,FFF,2014B,0.15,0.06521739130434782,0.09090909090909091
611639,EEE,2013J,0.0,0.0,0.0
611688,BBB,2013J,0.05,0.06666666666666667,0.05714285714285715
611690,BBB,2013J,0.25,0.25,0.25
611763,FFF,2014B,0.1,0.06666666666666667,0.08
611790,DDD,2014J,0.2,0.10256410256410256,0.13559322033898302
611800,DDD,2014J,0.1,0.05,0.06666666666666667
611813,CCC,2014J,0.05,0.027777777777777776,0.03571428571428571
611813,FFF,2014B,0.2,0.08695652173913043,0.12121212121212122
611821,BBB,2014J,0.15,0.25,0.18749999999999997
611845,DDD,2014B,0.05,0.02631578947368421,0.034482758620689655
611879,DDD,2014B,0.2,0.1111111111111111,0.14285714285714285
611961,EEE,2014J,0.35,0.7,0.4666666666666667
611962,GGG,2014B,0.4,0.25806451612903225,0.3137254901960784
611967,GGG,2014J,0.15,0.23076923076923078,0.18181818181818185
611982,DDD,2014J,0.0,0.0,0.0
611999,EEE,2014B,0.3,0.5454545454545454,0.3870967741935483
612000,DDD,2014B,0.05,0.030303030303030304,0.03773584905660378
612002,GGG,2014B,0.5,0.5882352941176471,0.5405405405405405
612023,EEE,2014B,0.15,0.5,0.23076923076923075
612039,GGG,2014B,0.35,0.6363636363636364,0.45161290322580644
612048,EEE,2013J,0.45,0.6428571428571429,0.5294117647058824
612082,BBB,2014B,0.15,0.10714285714285714,0.125
612089,GGG,2014B,0.3,0.75,0.4285714285714285
612119,CCC,2014B,0.0,0.0,0.0
612127,EEE,2014B,0.25,0.7142857142857143,0.37037037037037035
612135,BBB,2014J,0.3,0.3333333333333333,0.3157894736842105
612136,DDD,2014B,0.2,0.10810810810810811,0.14035087719298245
612177,CCC,2014J,0.0,0.0,0.0
612177,EEE,2013J,0.0,0.0,0.0
612179,CCC,2014J,0.05,0.058823529411764705,0.05405405405405405
612183,CCC,2014J,0.6,0.2553191489361702,0.3582089552238805
612183,EEE,2013J,0.55,0.8461538461538461,0.6666666666666667
612187,CCC,2014J,0.35,0.4117647058823529,0.37837837837837834
612187,EEE,2013J,0.35,0.875,0.4999999999999999
612210,BBB,2013J,0.35,0.30434782608695654,0.3255813953488372
612217,BBB,2013J,0.15,0.5,0.23076923076923075
612230,BBB,2014J,0.0,0.0,0.0
612235,GGG,2014J,0.4,0.5333333333333333,0.4571428571428572
612247,BBB,2014J,0.3,0.2727272727272727,0.28571428571428564
612248,FFF,2014B,0.15,0.16666666666666666,0.15789473684210525
612252,BBB,2013J,0.1,0.2222222222222222,0.13793103448275865
612255,BBB,2013J,0.15,0.13636363636363635,0.14285714285714282
612319,GGG,2014B,0.25,0.5555555555555556,0.3448275862068966
612326,DDD,2014B,0.4,0.10126582278481013,0.16161616161616163
612327,CCC,2014J,0.3,0.13953488372093023,0.1904761904761905
612327,EEE,2014B,0.25,0.625,0.35714285714285715
612355,BBB,2013J,0.2,0.19047619047619047,0.1951219512195122
612361,BBB,2013J,0.2,0.21052631578947367,0.20512820512820512
612370,BBB,2014B,0.0,0.0,0.0
612429,GGG,2014J,0.55,0.3235294117647059,0.4074074074074075
612439,DDD,2014B,0.05,0.08333333333333333,0.0625
612443,DDD,2014J,0.0,0.0,0.0
612449,EEE,2014B,0.25,0.5555555555555556,0.3448275862068966
612484,BBB,2013J,0.1,0.14285714285714285,0.11764705882352941
612488,BBB,2013J,0.1,0.18181818181818182,0.12903225806451613
612517,BBB,2013J,0.05,0.25,0.08333333333333334
612528,FFF,2014B,0.15,0.0967741935483871,0.11764705882352941
612530,FFF,2014B,0.15,0.0967741935483871,0.11764705882352941
612535,FFF,2014B,0.05,0.05555555555555555,0.052631578947368425
612538,FFF,2014B,0.0,0.0,0.0
612539,FFF,2014B,0.1,0.08,0.08888888888888889
612540,FFF,2014B,0.2,0.13333333333333333,0.16
612542,FFF,2014B,0.15,0.13636363636363635,0.14285714285714282
612543,FFF,2014B,0.05,0.07142857142857142,0.058823529411764705
612545,FFF,2014B,0.05,0.14285714285714285,0.07407407407407408
612547,FFF,2014B,0.05,0.037037037037037035,0.0425531914893617
612549,FFF,2014B,0.05,0.05555555555555555,0.052631578947368425
612565,GGG,2014B,0.4,0.6153846153846154,0.4848484848484849
612566,BBB,2014J,0.2,0.25,0.22222222222222224
612621,GGG,2014B,0.2,0.25,0.22222222222222224
612644,CCC,2014B,0.0,0.0,0.0
612644,EEE,2014B,0.05,0.25,0.08333333333333334
612656,BBB,2013J,0.2,0.26666666666666666,0.2285714285714286
612658,BBB,2013J,0.15,0.16666666666666666,0.15789473684210525
612661,BBB,2013J,0.05,0.058823529411764705,0.05405405405405405
612684,BBB,2013J,0.2,0.17391304347826086,0.18604651162790697
612690,GGG,2014B,0.1,0.2,0.13333333333333333
612717,DDD,2014J,0.1,0.0625,0.07692307692307693
612721,BBB,2014B,0.15,0.11538461538461539,0.13043478260869565
612740,FFF,2014B,0.75,0.2631578947368421,0.38961038961038963
612750,BBB,2014J,0.3,0.3157894736842105,0.3076923076923077
612756,BBB,2014B,0.0,0.0,0.0
612757,BBB,2013J,0.05,0.04,0.044444444444444446
612797,GGG,2014B,0.15,0.21428571428571427,0.1764705882352941
612798,CCC,2014J,0.1,0.06896551724137931,0.08163265306122448
612814,CCC,2014B,0.05,0.047619047619047616,0.04878048780487805
612841,BBB,2014B,0.1,0.6666666666666666,0.1739130434782609
612842,FFF,2014J,0.2,0.2,0.20000000000000004
612860,CCC,2014J,0.2,0.2857142857142857,0.23529411764705882
612862,BBB,2014B,0.0,0.0,0.0
612870,GGG,2014B,0.45,0.4090909090909091,0.4285714285714286
612891,BBB,2013J,0.3,0.13333333333333333,0.18461538461538463
612903,GGG,2014B,0.4,0.6666666666666666,0.5
612919,BBB,2014B,0.05,0.0625,0.05555555555555556
612929,GGG,2014B,0.15,0.21428571428571427,0.1764705882352941
612982,FFF,2014B,0.35,0.30434782608695654,0.3255813953488372
612986,GGG,2013J,0.25,0.25,0.25
613015,GGG,2014B,0.15,0.2727272727272727,0.19354838709677416
613027,GGG,2014J,0.35,0.6363636363636364,0.45161290322580644
613038,BBB,2014B,0.15,1.0,0.2608695652173913
613047,BBB,2014B,0.2,0.8,0.32000000000000006
613059,GGG,2014J,0.2,0.21052631578947367,0.20512820512820512
613093,BBB,2014B,0.0,0.0,0.0
613102,BBB,2014J,0.25,0.8333333333333334,0.3846153846153846
613107,DDD,2014B,0.3,0.14285714285714285,0.19354838709677416
613122,CCC,2014J,0.5,0.7142857142857143,0.588235294117647
613122,EEE,2014B,0.45,0.6428571428571429,0.5294117647058824
613131,GGG,2014B,0.2,0.2,0.20000000000000004
613133,CCC,2014B,0.25,0.22727272727272727,0.23809523809523808
613133,EEE,2014B,0.35,0.875,0.4999999999999999
613135,BBB,2014J,0.05,1.0,0.09523809523809523
613158,BBB,2013J,0.4,0.32,0.35555555555555557
613160,BBB,2013J,0.1,0.5,0.16666666666666669
613162,BBB,2014B,0.25,0.5,0.3333333333333333
613164,BBB,2013J,0.2,0.5714285714285714,0.29629629629629634
613165,FFF,2014J,0.2,0.3333333333333333,0.25
613170,BBB,2014B,0.1,0.3333333333333333,0.15384615384615383
613171,BBB,2013J,0.2,0.12903225806451613,0.1568627450980392
613173,BBB,2013J,0.05,0.07692307692307693,0.060606060606060615
613175,BBB,2013J,0.0,0.0,0.0
613177,BBB,2013J,0.15,0.11538461538461539,0.13043478260869565
613196,BBB,2013J,0.0,0.0,0.0
613199,BBB,2014B,0.0,0.0,0.0
613200,BBB,2013J,0.05,0.08333333333333333,0.0625
613203,BBB,2013J,0.25,0.45454545454545453,0.3225806451612903
613205,BBB,2014B,0.0,0.0,0.0
613208,BBB,2013J,0.15,0.75,0.24999999999999997
613213,EEE,2014B,0.0,0.0,0.0
613235,GGG,2014B,0.45,0.4090909090909091,0.4285714285714286
613237,CCC,2014J,0.15,0.10344827586206896,0.12244897959183673
613255,FFF,2014B,0.55,0.4230769230769231,0.47826086956521735
613293,BBB,2013J,0.1,0.25,0.14285714285714288
613300,GGG,2014B,0.4,0.5333333333333333,0.4571428571428572
613313,DDD,2014B,0.1,0.07692307692307693,0.08695652173913043
613330,FFF,2014J,0.1,0.1111111111111111,0.10526315789473685
613355,BBB,2014B,0.0,0.0,0.0
613370,CCC,2014J,0.1,0.08333333333333333,0.0909090909090909
613370,DDD,2014B,0.2,0.10256410256410256,0.13559322033898302
613416,BBB,2013J,0.05,0.2,0.08000000000000002
613418,BBB,2013J,0.1,0.15384615384615385,0.12121212121212123
613426,BBB,2014B,0.0,0.0,0.0
613461,CCC,2014B,0.15,0.375,0.21428571428571425
613461,FFF,2014B,0.25,0.1724137931034483,0.20408163265306123
613464,FFF,2014B,0.0,0.0,0.0
613466,DDD,2014B,0.7,0.27450980392156865,0.3943661971830986
613501,CCC,2014B,0.0,0.0,0.0
613501,EEE,2014B,0.35,0.7,0.4666666666666667
613593,FFF,2014B,0.3,0.2727272727272727,0.28571428571428564
613611,GGG,2014B,0.05,1.0,0.09523809523809523
613616,GGG,2014B,0.2,0.2222222222222222,0.2105263157894737
613630,FFF,2014B,0.85,0.17708333333333334,0.29310344827586204
613634,FFF,2014J,0.35,0.15217391304347827,0.21212121212121213
613646,GGG,2014B,0.45,0.6428571428571429,0.5294117647058824
613667,CCC,2014J,0.0,0.0,0.0
613667,DDD,2014B,0.1,0.14285714285714285,0.11764705882352941
613677,FFF,2014B,0.0,0.0,0.0
613683,GGG,2014B,0.3,0.5,0.37499999999999994
613691,GGG,2014B,0.15,0.21428571428571427,0.1764705882352941
613703,BBB,2014B,0.0,0.0,0.0
613718,BBB,2014B,0.05,0.3333333333333333,0.08695652173913045
613720,GGG,2014B,0.25,0.2631578947368421,0.25641025641025644
613722,BBB,2014B,0.0,0.0,0.0
613728,GGG,2014J,0.25,0.5555555555555556,0.3448275862068966
613735,BBB,2013J,0.1,0.5,0.16666666666666669
613738,BBB,2013J,0.35,0.23333333333333334,0.28
613743,BBB,2014B,0.15,0.1111111111111111,0.12765957446808512
613806,CCC,2014J,0.2,0.1,0.13333333333333333
613834,DDD,2014B,0.05,0.041666666666666664,0.04545454545454545
613856,BBB,2014B,0.0,0.0,0.0
613865,FFF,2014B,0.05,0.037037037037037035,0.0425531914893617
613874,BBB,2014B,0.2,0.2857142857142857,0.23529411764705882
613881,BBB,2014B,0.0,0.0,0.0
613899,FFF,2014J,0.55,0.22,0.3142857142857143
613900,FFF,2014B,0.05,0.1,0.06666666666666667
613909,BBB,2014J,0.4,0.4444444444444444,0.4210526315789474
613928,FFF,2014B,0.1,0.05555555555555555,0.07142857142857142
613946,BBB,2014B,0.1,0.15384615384615385,0.12121212121212123
613952,FFF,2014B,0.0,0.0,0.0
613953,EEE,2014J,0.5,0.7142857142857143,0.588235294117647
613954,CCC,2014J,0.15,0.21428571428571427,0.1764705882352941
613981,GGG,2014B,0.2,0.3076923076923077,0.24242424242424246
613988,GGG,2014B,0.6,0.48,0.5333333333333332
614013,BBB,2013J,0.45,0.225,0.3
614039,BBB,2014B,0.1,0.2857142857142857,0.14814814814814817
614059,CCC,2014B,0.0,0.0,0.0
614059,FFF,2014J,0.05,0.02857142857142857,0.03636363636363636
614064,BBB,2013J,0.35,0.35,0.35
614072,BBB,2013J,0.3,0.1935483870967742,0.23529411764705882
614074,DDD,2014B,0.3,0.15384615384615385,0.2033898305084746
614117,BBB,2014B,0.0,0.0,0.0
614129,GGG,2014B,0.1,0.3333333333333333,0.15384615384615383
614130,BBB,2014B,0.1,0.3333333333333333,0.15384615384615383
614142,GGG,2014B,0.1,1.0,0.18181818181818182
614159,BBB,2014J,0.05,0.3333333333333333,0.08695652173913045
614162,GGG,2014B,0.2,0.5714285714285714,0.29629629629629634
614163,FFF,2014B,0.2,0.16666666666666666,0.1818181818181818
614176,DDD,2014B,0.1,0.15384615384615385,0.12121212121212123
614181,EEE,2014J,0.45,0.6428571428571429,0.5294117647058824
614181,FFF,2014B,0.4,0.1951219512195122,0.26229508196721313
614204,GGG,2014B,0.55,0.55,0.55
614212,BBB,2014B,0.0,0.0,0.0
614234,EEE,2014B,0.4,0.6666666666666666,0.5
614241,DDD,2014B,0.15,0.23076923076923078,0.18181818181818185
614245,EEE,2014B,0.1,0.4,0.16000000000000003
614265,CCC,2014J,0.25,0.1724137931034483,0.20408163265306123
614265,DDD,2014B,0.05,0.038461538461538464,0.043478260869565216
614300,CCC,2014J,0.15,0.12,0.1333333333333333
614300,EEE,2014J,0.15,0.75,0.24999999999999997
614357,BBB,2014B,0.0,0.0,0.0
614381,FFF,2014B,0.15,0.375,0.21428571428571425
614398,GGG,2014B,0.1,0.2222222222222222,0.13793103448275865
614419,GGG,2014B,0.15,0.21428571428571427,0.1764705882352941
614424,GGG,2014B,0.4,0.6153846153846154,0.4848484848484849
614458,CCC,2014J,0.15,0.07894736842105263,0.10344827586206896
614471,DDD,2014J,0.05,0.2,0.08000000000000002
614477,CCC,2014B,0.05,0.06666666666666667,0.05714285714285715
614495,BBB,2013J,0.05,0.1111111111111111,0.06896551724137932
614546,BBB,2013J,0.2,0.15384615384615385,0.17391304347826086
614556,BBB,2013J,0.1,0.13333333333333333,0.1142857142857143
614571,GGG,2014B,0.1,0.2,0.13333333333333333
614582,GGG,2014B,0.15,0.3,0.2
614583,BBB,2014B,0.0,0.0,0.0
614601,BBB,2014B,0.0,0.0,0.0
614629,BBB,2014B,0.0,0.0,0.0
614668,BBB,2014B,0.0,0.0,0.0
614693,BBB,2014B,0.05,0.09090909090909091,0.06451612903225806
614728,BBB,2014B,0.05,0.09090909090909091,0.06451612903225806
614732,BBB,2014B,0.1,0.15384615384615385,0.12121212121212123
614734,BBB,2014B,0.05,1.0,0.09523809523809523
614738,BBB,2014B,0.0,0.0,0.0
614741,BBB,2014B,0.0,0.0,0.0
614742,BBB,2014B,0.0,0.0,0.0
614744,BBB,2014B,0.05,1.0,0.09523809523809523
614754,EEE,2014B,0.25,0.5555555555555556,0.3448275862068966
614764,FFF,2014B,0.05,0.06666666666666667,0.05714285714285715
614791,DDD,2014J,0.1,0.10526315789473684,0.10256410256410256
614798,GGG,2014J,0.55,0.7857142857142857,0.6470588235294117
614801,FFF,2014B,0.1,0.16666666666666666,0.125
614804,CCC,2014J,0.1,0.2222222222222222,0.13793103448275865
614804,DDD,2014B,0.15,0.08108108108108109,0.10526315789473685
614808,DDD,2014B,0.1,0.08,0.08888888888888889
614812,FFF,2014B,0.15,0.2727272727272727,0.19354838709677416
614844,CCC,2014B,0.25,0.19230769230769232,0.2173913043478261
614871,BBB,2014B,0.0,0.0,0.0
614887,FFF,2014B,0.05,0.07142857142857142,0.058823529411764705
614892,GGG,2014B,0.15,0.17647058823529413,0.16216216216216214
614893,GGG,2014B,0.2,0.2857142857142857,0.23529411764705882
614909,BBB,2014B,0.05,0.0625,0.05555555555555556
614949,DDD,2014B,0.15,0.1,0.12
614984,FFF,2014J,0.05,0.1111111111111111,0.06896551724137932
615001,GGG,2014B,0.4,0.8,0.5333333333333333
615025,BBB,2014B,0.05,0.2,0.08000000000000002
615028,BBB,2014B,0.05,0.125,0.07142857142857144
615031,CCC,2014B,0.0,0.0,0.0
615075,CCC,2014J,0.05,0.1111111111111111,0.06896551724137932
615075,DDD,2014B,0.05,0.045454545454545456,0.04761904761904762
615078,GGG,2014B,0.35,0.4666666666666667,0.4
615090,BBB,2014B,0.1,0.6666666666666666,0.1739130434782609
615103,GGG,2014B,0.2,0.26666666666666666,0.2285714285714286
615127,BBB,2013J,0.15,0.23076923076923078,0.18181818181818185
615173,BBB,2014B,0.0,0.0,0.0
615225,FFF,2014B,0.1,0.06666666666666667,0.08
615229,CCC,2014B,0.4,0.4,0.4000000000000001
615229,EEE,2014B,0.25,0.5,0.3333333333333333
615241,CCC,2014J,0.05,0.058823529411764705,0.05405405405405405
615241,FFF,2014B,0.1,0.09090909090909091,0.09523809523809525
615242,EEE,2014B,0.05,0.3333333333333333,0.08695652173913045
615249,CCC,2014B,0.05,0.07692307692307693,0.060606060606060615
615259,BBB,2014B,0.0,0.0,0.0
615266,FFF,2014J,0.15,0.15,0.15
615283,GGG,2014B,0.4,0.4444444444444444,0.4210526315789474
615299,FFF,2014J,0.3,0.16666666666666666,0.21428571428571427
615300,GGG,2014B,0.25,0.3333333333333333,0.28571428571428575
615301,FFF,2014J,0.2,0.1,0.13333333333333333
615302,FFF,2014J,0.25,0.23809523809523808,0.24390243902439024
615306,FFF,2014J,0.15,0.10344827586206896,0.12244897959183673
615327,GGG,2014B,0.3,0.3157894736842105,0.3076923076923077
615328,FFF,2014J,0.05,0.25,0.08333333333333334
615340,FFF,2014J,0.3,0.2,0.24
615342,FFF,2014J,0.25,0.3333333333333333,0.28571428571428575
615356,FFF,2014J,0.3,0.2608695652173913,0.27906976744186046
615377,GGG,2014B,0.35,0.30434782608695654,0.3255813953488372
615425,GGG,2014B,0.15,0.5,0.23076923076923075
615429,EEE,2014J,0.15,1.0,0.2608695652173913
615437,CCC,2014B,0.1,0.13333333333333333,0.1142857142857143
615439,FFF,2014B,0.05,0.0625,0.05555555555555556
615443,BBB,2014B,0.0,0.0,0.0
616334,DDD,2014B,0.0,0.0,0.0
616338,GGG,2014B,0.1,0.5,0.16666666666666669
616342,BBB,2013J,0.25,0.3125,0.2777777777777778
616377,BBB,2014B,0.0,0.0,0.0
616383,FFF,2014B,0.2,0.12121212121212122,0.15094339622641512
616386,CCC,2014J,0.2,0.11428571428571428,0.14545454545454545
616386,EEE,2014B,0.15,0.5,0.23076923076923075
616407,EEE,2014B,0.05,0.25,0.08333333333333334
616439,CCC,2014J,0.25,0.625,0.35714285714285715
616439,EEE,2014B,0.35,0.7777777777777778,0.48275862068965514
616453,FFF,2014B,0.05,0.5,0.09090909090909091
616457,GGG,2014B,0.05,0.125,0.07142857142857144
616511,BBB,2014B,0.0,0.0,0.0
616512,GGG,2014B,0.1,0.16666666666666666,0.125
616517,FFF,2014J,0.25,0.15151515151515152,0.18867924528301888
616536,BBB,2014B,0.15,0.2727272727272727,0.19354838709677416
616542,DDD,2014B,0.05,0.3333333333333333,0.08695652173913045
616595,GGG,2014B,0.2,0.25,0.22222222222222224
616629,GGG,2014B,0.3,0.2857142857142857,0.2926829268292683
616646,FFF,2014B,0.0,0.0,0.0
616658,CCC,2014J,0.2,0.12903225806451613,0.1568627450980392
616658,DDD,2014B,0.05,0.043478260869565216,0.046511627906976744
616660,BBB,2014J,0.5,0.47619047619047616,0.4878048780487805
616670,BBB,2014B,0.0,0.0,0.0
616672,GGG,2014B,0.1,0.16666666666666666,0.125
616688,FFF,2014B,0.0,0.0,0.0
616706,GGG,2014B,0.35,0.35,0.35
616727,GGG,2014B,0.1,0.18181818181818182,0.12903225806451613
616735,BBB,2013J,0.2,0.2222222222222222,0.2105263157894737
616739,BBB,2014B,0.25,0.7142857142857143,0.37037037037037035
616742,GGG,2014B,0.25,0.2777777777777778,0.2631578947368421
616789,CCC,2014J,0.1,0.09523809523809523,0.0975609756097561
616789,FFF,2014B,0.1,0.07142857142857142,0.08333333333333333
616794,FFF,2014B,0.25,0.16666666666666666,0.2
616831,CCC,2014B,0.0,0.0,0.0
616831,EEE,2014B,0.35,0.5,0.4117647058823529
616851,GGG,2014B,0.45,0.6,0.5142857142857143
616866,GGG,2014B,0.55,0.5,0.5238095238095238
616870,CCC,2014J,0.1,0.11764705882352941,0.1081081081081081
616870,DDD,2014B,0.25,0.09803921568627451,0.14084507042253522
616909,FFF,2014B,0.15,0.5,0.23076923076923075
616912,FFF,2014J,0.15,0.14285714285714285,0.14634146341463414
616913,FFF,2014B,0.0,0.0,0.0
616914,BBB,2014B,0.05,0.06666666666666667,0.05714285714285715
616919,BBB,2014B,0.0,0.0,0.0
616952,DDD,2014B,0.8,0.2909090909090909,0.4266666666666667
617010,FFF,2014J,0.55,0.4074074074074074,0.46808510638297873
617012,BBB,2014B,0.0,0.0,0.0
617014,FFF,2014B,0.4,0.2,0.26666666666666666
617018,FFF,2014B,0.2,0.4444444444444444,0.2758620689655173
617116,BBB,2013J,0.15,0.75,0.24999999999999997
617119,FFF,2014J,0.25,0.1282051282051282,0.1694915254237288
617130,CCC,2014J,0.0,0.0,0.0
617130,FFF,2014B,0.0,0.0,0.0
617190,BBB,2014B,0.0,0.0,0.0
617201,FFF,2014B,0.1,0.08695652173913043,0.09302325581395349
617225,BBB,2014B,0.0,0.0,0.0
617238,GGG,2014B,0.05,1.0,0.09523809523809523
617287,BBB,2014B,0.2,0.3333333333333333,0.25
617297,BBB,2014J,0.0,0.0,0.0
617318,FFF,2014B,0.4,0.20512820512820512,0.27118644067796605
617327,DDD,2014B,0.15,0.2,0.17142857142857143
617348,CCC,2014B,0.15,0.21428571428571427,0.1764705882352941
617355,CCC,2014B,0.0,0.0,0.0
617355,EEE,2014B,0.3,0.75,0.4285714285714285
617365,CCC,2014B,0.1,0.2,0.13333333333333333
617365,EEE,2014B,0.2,0.5714285714285714,0.29629629629629634
617382,FFF,2014B,0.15,0.0967741935483871,0.11764705882352941
617391,GGG,2014B,0.05,0.14285714285714285,0.07407407407407408
617416,CCC,2014B,0.0,0.0,0.0
617418,EEE,2014B,0.05,0.3333333333333333,0.08695652173913045
617442,DDD,2014B,0.05,0.05263157894736842,0.05128205128205128
617455,EEE,2014B,0.55,0.5238095238095238,0.5365853658536585
617470,GGG,2014B,0.15,0.3,0.2
617472,BBB,2013J,0.1,0.1,0.10000000000000002
617521,BBB,2014J,0.15,0.11538461538461539,0.13043478260869565
617525,BBB,2014J,0.05,0.5,0.09090909090909091
617530,BBB,2014J,0.05,0.07142857142857142,0.058823529411764705
617531,EEE,2014B,0.1,0.5,0.16666666666666669
617534,FFF,2014B,0.1,0.07692307692307693,0.08695652173913043
617560,BBB,2014B,0.05,0.2,0.08000000000000002
617576,BBB,2014B,0.1,0.14285714285714285,0.11764705882352941
617578,GGG,2014B,0.3,0.5454545454545454,0.3870967741935483
617580,FFF,2014J,0.1,0.05128205128205128,0.06779661016949151
617678,FFF,2014B,0.1,0.125,0.11111111111111112
617699,DDD,2014B,0.1,0.07142857142857142,0.08333333333333333
617700,GGG,2014B,0.35,0.5,0.4117647058823529
617717,BBB,2014B,0.0,0.0,0.0
617734,FFF,2014B,0.35,0.2413793103448276,0.2857142857142857
617740,CCC,2014J,0.0,0.0,0.0
617740,FFF,2014B,0.1,0.1111111111111111,0.10526315789473685
617745,GGG,2014B,0.25,0.21739130434782608,0.23255813953488372
617751,FFF,2014B,0.0,0.0,0.0
617764,BBB,2014B,0.1,0.25,0.14285714285714288
617781,CCC,2014B,0.0,0.0,0.0
617781,DDD,2014B,0.15,0.15,0.15
617792,BBB,2014B,0.0,0.0,0.0
617801,DDD,2014B,0.15,0.09375,0.11538461538461538
617805,FFF,2014B,0.5,0.2222222222222222,0.30769230769230765
617813,BBB,2014B,0.25,0.7142857142857143,0.37037037037037035
617829,FFF,2014B,0.0,0.0,0.0
617850,DDD,2014J,0.15,0.3333333333333333,0.20689655172413793
617868,FFF,2014B,0.35,0.28,0.3111111111111111
617880,DDD,2014B,0.05,0.07142857142857142,0.058823529411764705
617886,GGG,2014B,0.3,0.3,0.3
617888,EEE,2014J,0.45,0.6,0.5142857142857143
617909,GGG,2014B,0.2,0.26666666666666666,0.2285714285714286
617922,FFF,2014J,0.35,0.22580645161290322,0.2745098039215686
617952,DDD,2014J,0.05,0.09090909090909091,0.06451612903225806
617962,GGG,2014J,0.35,0.5384615384615384,0.4242424242424242
617965,FFF,2014B,0.15,0.15,0.15
617976,FFF,2014B,0.15,0.0967741935483871,0.11764705882352941
617998,FFF,2014B,0.1,0.041666666666666664,0.058823529411764705
618004,FFF,2014B,0.25,0.1724137931034483,0.20408163265306123
618005,FFF,2014B,0.05,0.047619047619047616,0.04878048780487805
618015,FFF,2014B,0.0,0.0,0.0
618078,EEE,2014B,0.2,0.5,0.28571428571428575
618088,GGG,2014B,0.4,0.42105263157894735,0.41025641025641024
618096,CCC,2014B,0.1,0.09523809523809523,0.0975609756097561
618124,FFF,2014B,0.1,0.2857142857142857,0.14814814814814817
618129,CCC,2014B,0.05,0.041666666666666664,0.04545454545454545
618145,BBB,2014B,0.1,0.2857142857142857,0.14814814814814817
618151,BBB,2014B,0.15,0.42857142857142855,0.2222222222222222
618176,GGG,2014B,0.45,0.6,0.5142857142857143
618197,BBB,2014J,0.2,0.21052631578947367,0.20512820512820512
618205,BBB,2014B,0.15,0.2,0.17142857142857143
618216,FFF,2014B,0.1,0.04081632653061224,0.05797101449275362
618244,GGG,2014B,0.3,0.3333333333333333,0.3157894736842105
618258,BBB,2014B,0.0,0.0,0.0
618280,FFF,2014B,0.3,0.12244897959183673,0.17391304347826086
618293,FFF,2014B,0.5,0.35714285714285715,0.41666666666666663
618295,DDD,2014B,0.05,0.03125,0.038461538461538464
618338,GGG,2014B,0.5,0.3225806451612903,0.39215686274509803
618377,DDD,2014B,0.05,0.125,0.07142857142857144
618390,FFF,2014B,0.35,0.14,0.2
618397,FFF,2014B,0.05,0.045454545454545456,0.04761904761904762
618399,BBB,2014B,0.0,0.0,0.0
618412,FFF,2014B,0.1,0.08333333333333333,0.0909090909090909
618513,CCC,2014J,0.1,0.1111111111111111,0.10526315789473685
618513,FFF,2014B,0.05,0.037037037037037035,0.0425531914893617
618519,FFF,2014B,0.15,0.13636363636363635,0.14285714285714282
618571,CCC,2014B,0.1,0.13333333333333333,0.1142857142857143
618571,EEE,2014B,0.3,0.8571428571428571,0.4444444444444444
618579,GGG,2014B,0.1,0.18181818181818182,0.12903225806451613
618583,EEE,2014B,0.4,0.8,0.5333333333333333
618589,BBB,2014J,0.3,0.2727272727272727,0.28571428571428564
618590,FFF,2014B,0.35,0.21875,0.2692307692307692
618606,EEE,2014B,0.15,0.6,0.24
618621,GGG,2014B,0.3,0.46153846153846156,0.3636363636363637
618632,BBB,2014B,0.0,0.0,0.0
618649,CCC,2014J,0.15,0.17647058823529413,0.16216216216216214
618649,DDD,2014B,0.0,0.0,0.0
618662,FFF,2014B,0.1,0.058823529411764705,0.07407407407407408
618663,FFF,2014J,0.25,0.2,0.22222222222222224
618665,FFF,2014B,0.1,0.0425531914893617,0.05970149253731343
618667,FFF,2014B,0.05,0.3333333333333333,0.08695652173913045
618670,BBB,2014B,0.15,0.25,0.18749999999999997
618675,DDD,2014B,0.1,0.14285714285714285,0.11764705882352941
618683,CCC,2014J,0.1,0.10526315789473684,0.10256410256410256
618683,DDD,2014B,0.05,0.029411764705882353,0.03703703703703704
618734,BBB,2014J,0.05,1.0,0.09523809523809523
618737,DDD,2014J,0.45,0.2727272727272727,0.339622641509434
618767,GGG,2014B,0.35,0.5,0.4117647058823529
618777,CCC,2014J,0.05,0.09090909090909091,0.06451612903225806
618777,EEE,2014B,0.25,0.8333333333333334,0.3846153846153846
618824,CCC,2014B,0.05,0.05263157894736842,0.05128205128205128
618824,EEE,2014B,0.5,0.625,0.5555555555555556
618845,DDD,2014B,0.1,0.0625,0.07692307692307693
618846,GGG,2014B,0.15,1.0,0.2608695652173913
618849,CCC,2014J,0.0,0.0,0.0
618865,CCC,2014J,0.0,0.0,0.0
618869,BBB,2014B,0.15,0.5,0.23076923076923075
618875,CCC,2014J,0.1,0.06451612903225806,0.0784313725490196
618875,FFF,2014B,0.35,0.175,0.23333333333333334
618882,BBB,2014B,0.05,0.1,0.06666666666666667
618887,GGG,2014B,0.2,0.2,0.20000000000000004
618893,GGG,2014B,0.4,0.5,0.4444444444444445
618914,FFF,2014B,0.05,0.05263157894736842,0.05128205128205128
618937,DDD,2014B,0.0,0.0,0.0
618940,DDD,2014B,0.1,0.07692307692307693,0.08695652173913043
618951,BBB,2014B,0.0,0.0,0.0
618981,BBB,2014B,0.1,0.09523809523809523,0.0975609756097561
618982,EEE,2014B,0.45,0.6923076923076923,0.5454545454545455
618989,DDD,2014J,0.3,0.18181818181818182,0.22641509433962265
618994,BBB,2014J,0.5,0.5555555555555556,0.5263157894736842
619013,GGG,2014B,0.3,0.6,0.4
619014,CCC,2014B,0.05,0.06666666666666667,0.05714285714285715
619014,EEE,2014B,0.0,0.0,0.0
619082,BBB,2013J,0.1,0.1111111111111111,0.10526315789473685
619168,EEE,2014J,0.35,0.5384615384615384,0.4242424242424242
619196,BBB,2014B,0.1,0.10526315789473684,0.10256410256410256
619204,FFF,2014J,0.45,0.225,0.3
619212,GGG,2014B,0.2,0.36363636363636365,0.25806451612903225
619288,BBB,2014B,0.05,0.3333333333333333,0.08695652173913045
619292,EEE,2014B,0.35,0.7,0.4666666666666667
619292,FFF,2014J,0.25,0.16129032258064516,0.19607843137254902
619297,DDD,2014B,0.3,0.11538461538461539,0.16666666666666669
619303,CCC,2014B,0.0,0.0,0.0
619321,FFF,2014J,0.3,0.23076923076923078,0.2608695652173913
619341,FFF,2014B,0.15,0.14285714285714285,0.14634146341463414
619359,CCC,2014J,0.05,0.3333333333333333,0.08695652173913045
619359,DDD,2014B,0.0,0.0,0.0
619363,GGG,2014B,0.25,0.45454545454545453,0.3225806451612903
619380,CCC,2014J,0.15,0.1875,0.16666666666666663
619380,EEE,2014B,0.25,0.45454545454545453,0.3225806451612903
619403,DDD,2014B,0.15,0.125,0.13636363636363635
619410,FFF,2014B,0.25,0.12195121951219512,0.16393442622950818
619447,CCC,2014B,0.1,0.14285714285714285,0.11764705882352941
619461,FFF,2014B,0.25,0.1388888888888889,0.17857142857142858
619471,BBB,2014B,0.05,0.1111111111111111,0.06896551724137932
619478,GGG,2014B,0.1,0.25,0.14285714285714288
619481,GGG,2014B,0.0,0.0,0.0
619483,GGG,2014B,0.25,0.3125,0.2777777777777778
619502,FFF,2014J,0.45,0.21428571428571427,0.29032258064516125
619503,EEE,2014B,0.3,0.42857142857142855,0.3529411764705882
619520,GGG,2014B,0.2,0.5,0.28571428571428575
619851,DDD,2014J,0.8,0.060836501901140684,0.11307420494699648
619870,CCC,2014B,0.05,0.07142857142857142,0.058823529411764705
619907,DDD,2014J,0.15,0.10344827586206896,0.12244897959183673
619910,DDD,2014J,0.1,0.06896551724137931,0.08163265306122448
619926,GGG,2014B,0.45,0.5294117647058824,0.48648648648648646
619927,CCC,2014J,0.05,0.07142857142857142,0.058823529411764705
619927,EEE,2014B,0.0,0.0,0.0
619928,CCC,2014J,0.05,0.1111111111111111,0.06896551724137932
619928,EEE,2014B,0.0,0.0,0.0
619935,BBB,2014J,0.15,0.1875,0.16666666666666663
619941,BBB,2013J,0.1,0.14285714285714285,0.11764705882352941
619952,GGG,2014B,0.1,0.125,0.11111111111111112
620000,BBB,2014J,0.1,0.11764705882352941,0.1081081081081081
620072,BBB,2014B,0.05,0.125,0.07142857142857144
620073,BBB,2014B,0.05,0.06666666666666667,0.05714285714285715
620081,FFF,2014B,0.0,0.0,0.0
620092,BBB,2014B,0.1,0.25,0.14285714285714288
620094,FFF,2014J,0.9,0.1978021978021978,0.3243243243243243
620128,BBB,2014B,0.0,0.0,0.0
620129,BBB,2014B,0.25,0.625,0.35714285714285715
620148,CCC,2014B,0.0,0.0,0.0
620159,DDD,2014B,0.0,0.0,0.0
620179,GGG,2014B,0.15,0.1875,0.16666666666666663
620190,GGG,2014B,0.5,0.5555555555555556,0.5263157894736842
620197,GGG,2014B,0.25,0.35714285714285715,0.2941176470588235
620200,FFF,2014B,0.75,0.39473684210526316,0.5172413793103448
620215,EEE,2014B,0.45,0.6923076923076923,0.5454545454545455
620231,CCC,2014J,0.05,0.06666666666666667,0.05714285714285715
620231,DDD,2014B,0.0,0.0,0.0
620239,GGG,2014J,0.25,0.3125,0.2777777777777778
620243,CCC,2014J,0.0,0.0,0.0
620243,DDD,2014B,0.0,0.0,0.0
620257,BBB,2014B,0.0,0.0,0.0
620269,FFF,2014J,0.1,0.15384615384615385,0.12121212121212123
620277,FFF,2014B,0.2,0.25,0.22222222222222224
620317,GGG,2014B,0.4,0.47058823529411764,0.4324324324324324
620337,DDD,2014B,0.3,0.17647058823529413,0.22222222222222224
620343,EEE,2014J,0.3,1.0,0.4615384615384615
620354,BBB,2014B,0.0,0.0,0.0
620368,CCC,2014B,0.05,0.041666666666666664,0.04545454545454545
620369,CCC,2014B,0.05,0.14285714285714285,0.07407407407407408
620369,EEE,2014B,0.1,0.5,0.16666666666666669
620408,BBB,2014B,0.0,0.0,0.0
620409,BBB,2014B,0.15,0.375,0.21428571428571425
620414,EEE,2014B,0.0,0.0,0.0
620427,BBB,2014B,0.0,0.0,0.0
620431,FFF,2014J,0.2,0.09090909090909091,0.12500000000000003
620437,DDD,2014B,0.0,0.0,0.0
620460,GGG,2014B,0.25,0.29411764705882354,0.27027027027027023
620473,FFF,2014B,0.1,0.06451612903225806,0.0784313725490196
620484,CCC,2014J,0.2,0.3076923076923077,0.24242424242424246
620490,GGG,2014B,0.25,0.5,0.3333333333333333
620507,BBB,2014B,0.05,1.0,0.09523809523809523
620519,EEE,2014J,0.1,0.25,0.14285714285714288
620522,GGG,2014B,0.3,0.6666666666666666,0.41379310344827586
620552,GGG,2014B,0.2,0.5714285714285714,0.29629629629629634
620561,GGG,2014B,0.5,0.5263157894736842,0.5128205128205129
620564,GGG,2014B,0.25,0.5,0.3333333333333333
620573,BBB,2014B,0.05,0.05263157894736842,0.05128205128205128
620590,GGG,2014B,0.4,0.5714285714285714,0.47058823529411764
620608,DDD,2014B,0.0,0.0,0.0
620629,GGG,2014B,0.25,0.29411764705882354,0.27027027027027023
620630,DDD,2014B,0.75,0.18292682926829268,0.2941176470588236
620646,CCC,2014B,0.0,0.0,0.0
620646,EEE,2014B,0.0,0.0,0.0
620694,BBB,2014B,0.1,0.6666666666666666,0.1739130434782609
620698,BBB,2014J,0.15,0.15,0.15
620716,CCC,2014J,0.3,0.3157894736842105,0.3076923076923077
620716,EEE,2014B,0.05,0.5,0.09090909090909091
620726,GGG,2014B,0.2,0.3333333333333333,0.25
620734,DDD,2014B,0.15,0.125,0.13636363636363635
620740,FFF,2014J,0.5,0.19607843137254902,0.28169014084507044
620782,EEE,2014J,0.25,0.5555555555555556,0.3448275862068966
620801,FFF,2014B,0.6,0.35294117647058826,0.4444444444444445
620808,GGG,2014B,0.0,0.0,0.0
620810,FFF,2014J,0.2,0.11428571428571428,0.14545454545454545
620819,FFF,2014B,0.1,0.06451612903225806,0.0784313725490196
620820,DDD,2014B,0.05,0.043478260869565216,0.046511627906976744
620889,BBB,2014B,0.0,0.0,0.0
620915,GGG,2014B,0.05,0.5,0.09090909090909091
620916,EEE,2014B,0.05,0.3333333333333333,0.08695652173913045
620922,BBB,2014B,0.0,0.0,0.0
620923,BBB,2014B,0.2,0.6666666666666666,0.30769230769230765
620946,GGG,2014B,0.1,0.5,0.16666666666666669
620980,BBB,2014B,0.1,0.09523809523809523,0.0975609756097561
620982,GGG,2014B,0.2,0.2857142857142857,0.23529411764705882
621004,DDD,2014B,0.0,0.0,0.0
621010,DDD,2014B,0.05,0.03333333333333333,0.04
621300,CCC,2014J,0.0,0.0,0.0
621300,DDD,2014B,0.0,0.0,0.0
621301,BBB,2014B,0.0,0.0,0.0
621303,BBB,2014B,0.05,0.5,0.09090909090909091
621319,GGG,2014B,0.2,0.5714285714285714,0.29629629629629634
621322,BBB,2014B,0.05,0.16666666666666666,0.07692307692307691
621342,GGG,2014B,0.15,0.3333333333333333,0.20689655172413793
621345,FFF,2014B,0.05,0.045454545454545456,0.04761904761904762
621369,BBB,2014B,0.15,0.25,0.18749999999999997
621380,EEE,2014J,0.2,0.5,0.28571428571428575
621394,BBB,2014B,0.1,0.14285714285714285,0.11764705882352941
621414,EEE,2014B,0.25,0.5555555555555556,0.3448275862068966
621433,FFF,2014B,0.05,0.09090909090909091,0.06451612903225806
621436,FFF,2014B,0.2,0.13793103448275862,0.16326530612244897
621441,FFF,2014B,0.4,0.13793103448275862,0.20512820512820515
621442,CCC,2014J,0.05,0.14285714285714285,0.07407407407407408
621442,DDD,2014B,0.05,0.05263157894736842,0.05128205128205128
621457,DDD,2014B,0.05,0.03225806451612903,0.0392156862745098
621459,GGG,2014B,0.05,0.5,0.09090909090909091
621473,GGG,2014B,0.45,0.45,0.45
621475,FFF,2014B,0.3,0.11538461538461539,0.16666666666666669
621485,GGG,2014J,0.15,0.21428571428571427,0.1764705882352941
621487,BBB,2014J,0.0,0.0,0.0
621508,BBB,2014B,0.1,1.0,0.18181818181818182
621531,FFF,2014B,0.55,0.2972972972972973,0.38596491228070173
621580,FFF,2014B,0.0,0.0,0.0
621605,CCC,2014J,0.1,0.08333333333333333,0.0909090909090909
621615,DDD,2014B,0.15,0.13043478260869565,0.13953488372093023
621655,EEE,2014B,0.4,0.7272727272727273,0.5161290322580645
621656,CCC,2014B,0.25,0.16666666666666666,0.2
621659,DDD,2014B,0.15,0.1875,0.16666666666666663
621659,DDD,2014J,0.05,0.25,0.08333333333333334
621696,CCC,2014J,0.0,0.0,0.0
621696,FFF,2014B,0.3,0.13333333333333333,0.18461538461538463
621699,DDD,2014B,0.0,0.0,0.0
621716,GGG,2014B,0.15,0.1875,0.16666666666666663
621722,FFF,2014B,0.3,0.15789473684210525,0.20689655172413793
621755,GGG,2014B,0.45,0.4090909090909091,0.4285714285714286
621826,BBB,2014J,0.0,0.0,0.0
621881,FFF,2014B,0.25,0.22727272727272727,0.23809523809523808
621883,DDD,2014B,0.35,0.125,0.18421052631578946
621884,CCC,2014J,0.0,0.0,0.0
621894,BBB,2014B,0.1,0.6666666666666666,0.1739130434782609
621905,BBB,2014B,0.0,0.0,0.0
621906,EEE,2014B,0.1,0.25,0.14285714285714288
621908,DDD,2014B,0.05,0.045454545454545456,0.04761904761904762
621923,GGG,2014B,0.15,0.375,0.21428571428571425
621952,FFF,2014B,0.0,0.0,0.0
621971,FFF,2014B,0.4,0.25806451612903225,0.3137254901960784
621998,FFF,2014B,0.2,0.1111111111111111,0.14285714285714285
622007,BBB,2014J,0.0,0.0,0.0
622027,CCC,2014J,0.0,0.0,0.0
622037,EEE,2014B,0.0,0.0,0.0
622074,GGG,2014B,0.35,0.6363636363636364,0.45161290322580644
622086,DDD,2014B,0.1,0.11764705882352941,0.1081081081081081
622096,FFF,2014B,0.0,0.0,0.0
622118,GGG,2014J,0.1,1.0,0.18181818181818182
622129,EEE,2014J,0.35,0.5,0.4117647058823529
622132,BBB,2014B,0.05,0.029411764705882353,0.03703703703703704
622166,GGG,2014B,0.3,0.42857142857142855,0.3529411764705882
622175,DDD,2014B,0.05,0.3333333333333333,0.08695652173913045
622192,CCC,2014J,0.15,0.21428571428571427,0.1764705882352941
622192,DDD,2014B,0.1,0.05263157894736842,0.06896551724137931
622208,BBB,2014B,0.0,0.0,0.0
622215,CCC,2014B,0.0,0.0,0.0
622215,DDD,2014B,0.3,0.42857142857142855,0.3529411764705882
622245,GGG,2014B,0.35,0.3888888888888889,0.36842105263157887
622246,DDD,2014J,0.0,0.0,0.0
622278,FFF,2014B,0.25,0.1724137931034483,0.20408163265306123
622302,CCC,2014B,0.05,0.07142857142857142,0.058823529411764705
622313,BBB,2014J,0.1,0.25,0.14285714285714288
622315,EEE,2014J,0.35,0.5833333333333334,0.4375
622345,BBB,2014B,0.05,0.1,0.06666666666666667
622352,GGG,2014B,0.05,0.14285714285714285,0.07407407407407408
622368,CCC,2014B,0.1,0.2,0.13333333333333333
622368,EEE,2014B,0.4,0.6153846153846154,0.4848484848484849
622374,CCC,2014J,0.0,0.0,0.0
622374,FFF,2014B,0.65,0.3170731707317073,0.42622950819672134
622382,GGG,2014B,0.25,0.3125,0.2777777777777778
622386,CCC,2014B,0.1,0.1111111111111111,0.10526315789473685
622392,FFF,2014B,0.0,0.0,0.0
622413,DDD,2014B,0.35,0.14285714285714285,0.20289855072463767
622425,EEE,2014B,0.5,0.7142857142857143,0.588235294117647
622430,FFF,2014B,0.0,0.0,0.0
622432,GGG,2014B,0.25,0.3125,0.2777777777777778
622433,GGG,2014B,0.15,0.375,0.21428571428571425
622435,DDD,2014B,0.0,0.0,0.0
622442,FFF,2014B,0.4,0.2222222222222222,0.2857142857142857
622466,BBB,2014B,0.05,0.09090909090909091,0.06451612903225806
622481,FFF,2014J,0.4,0.23529411764705882,0.29629629629629634
622500,GGG,2014B,0.35,0.4117647058823529,0.37837837837837834
622505,BBB,2014B,0.05,0.03571428571428571,0.041666666666666664
622516,GGG,2014B,0.05,0.125,0.07142857142857144
622541,CCC,2014J,0.0,0.0,0.0
622541,DDD,2014B,0.0,0.0,0.0
622555,DDD,2014J,0.05,0.05,0.05000000000000001
622570,GGG,2014B,0.5,0.5,0.5
622571,DDD,2014B,0.1,0.5,0.16666666666666669
622573,BBB,2014J,0.35,0.4117647058823529,0.37837837837837834
622597,DDD,2014J,0.0,0.0,0.0
622604,BBB,2014B,0.0,0.0,0.0
622609,EEE,2014B,0.2,0.6666666666666666,0.30769230769230765
622626,DDD,2014J,0.25,0.21739130434782608,0.23255813953488372
622646,GGG,2014B,0.05,1.0,0.09523809523809523
622652,CCC,2014B,0.0,0.0,0.0
622686,FFF,2014B,0.45,0.17647058823529413,0.25352112676056343
622701,FFF,2014B,0.1,0.13333333333333333,0.1142857142857143
622715,BBB,2014B,0.0,0.0,0.0
622720,BBB,2014B,0.0,0.0,0.0
622724,DDD,2014B,0.15,0.13636363636363635,0.14285714285714282
622760,FFF,2014J,0.45,0.16363636363636364,0.24
622764,DDD,2014B,0.05,0.038461538461538464,0.043478260869565216
622766,BBB,2014B,0.0,0.0,0.0
622773,CCC,2014B,0.05,0.05555555555555555,0.052631578947368425
622787,CCC,2014B,0.2,0.2222222222222222,0.2105263157894737
622812,CCC,2014J,0.2,0.15384615384615385,0.17391304347826086
622812,EEE,2014B,0.35,0.7777777777777778,0.48275862068965514
622838,BBB,2014B,0.05,1.0,0.09523809523809523
622859,FFF,2014B,0.2,0.21052631578947367,0.20512820512820512
622867,BBB,2014B,0.0,0.0,0.0
622934,FFF,2014J,0.25,0.08196721311475409,0.12345679012345678
622935,CCC,2014J,0.0,0.0,0.0
622935,FFF,2014B,0.6,0.23076923076923078,0.33333333333333337
622948,CCC,2014B,0.0,0.0,0.0
622948,EEE,2014B,0.25,0.625,0.35714285714285715
622974,BBB,2014B,0.1,0.25,0.14285714285714288
622976,CCC,2014J,0.05,0.02857142857142857,0.03636363636363636
622976,FFF,2014B,0.45,0.13636363636363635,0.20930232558139533
622982,BBB,2014B,0.1,0.2,0.13333333333333333
623008,DDD,2014B,0.05,0.05263157894736842,0.05128205128205128
623010,GGG,2014B,0.2,0.2857142857142857,0.23529411764705882
623042,BBB,2014J,0.15,0.5,0.23076923076923075
623052,CCC,2014B,0.05,0.125,0.07142857142857144
623055,BBB,2014B,0.0,0.0,0.0
623072,GGG,2014B,0.4,0.6153846153846154,0.4848484848484849
623073,DDD,2014B,0.2,0.11428571428571428,0.14545454545454545
623079,EEE,2014B,0.35,0.5833333333333334,0.4375
623081,GGG,2014B,0.05,0.3333333333333333,0.08695652173913045
623097,BBB,2014J,0.05,0.25,0.08333333333333334
623100,CCC,2014J,0.05,0.020833333333333332,0.029411764705882353
623100,EEE,2014B,0.4,0.8,0.5333333333333333
623124,CCC,2014J,0.2,0.13333333333333333,0.16
623164,DDD,2014B,0.15,0.125,0.13636363636363635
623168,BBB,2014B,0.15,0.2727272727272727,0.19354838709677416
623169,BBB,2014B,0.1,0.2,0.13333333333333333
623177,BBB,2014B,0.05,1.0,0.09523809523809523
623178,GGG,2014J,0.1,0.2222222222222222,0.13793103448275865
623180,FFF,2014B,0.2,0.36363636363636365,0.25806451612903225
623190,DDD,2014J,0.05,0.16666666666666666,0.07692307692307691
623210,DDD,2014B,0.3,0.23076923076923078,0.2608695652173913
623221,CCC,2014J,0.15,0.12,0.1333333333333333
623225,DDD,2014J,0.25,0.11627906976744186,0.15873015873015872
623230,FFF,2014J,0.05,1.0,0.09523809523809523
623240,BBB,2014B,0.1,0.4,0.16000000000000003
623250,CCC,2014B,0.1,0.125,0.11111111111111112
623250,EEE,2014B,0.4,0.6153846153846154,0.4848484848484849
623276,DDD,2014J,0.05,0.04,0.044444444444444446
623289,DDD,2014J,0.2,0.10526315789473684,0.13793103448275862
623290,CCC,2014B,0.05,0.3333333333333333,0.08695652173913045
623295,BBB,2014B,0.05,0.16666666666666666,0.07692307692307691
623314,FFF,2014B,0.3,0.2727272727272727,0.28571428571428564
623333,BBB,2014B,0.05,0.08333333333333333,0.0625
623335,GGG,2014B,0.4,0.4444444444444444,0.4210526315789474
623347,CCC,2014B,0.2,0.3076923076923077,0.24242424242424246
623347,DDD,2014B,0.1,0.07142857142857142,0.08333333333333333
623376,BBB,2014J,0.45,0.375,0.4090909090909091
623406,BBB,2014B,0.05,0.05263157894736842,0.05128205128205128
623416,GGG,2014B,0.25,0.625,0.35714285714285715
623421,CCC,2014B,0.0,0.0,0.0
623421,EEE,2014B,0.1,0.6666666666666666,0.1739130434782609
623433,FFF,2014B,0.05,0.05263157894736842,0.05128205128205128
623438,FFF,2014B,0.3,0.15789473684210525,0.20689655172413793
623442,GGG,2014B,0.3,0.4,0.34285714285714286
623457,GGG,2014B,0.25,0.2777777777777778,0.2631578947368421
623467,EEE,2014J,0.5,0.5882352941176471,0.5405405405405405
623471,FFF,2014J,0.3,0.13636363636363635,0.18749999999999997
623475,GGG,2014J,0.15,0.5,0.23076923076923075
623484,CCC,2014J,0.3,0.1276595744680851,0.17910447761194026
623495,GGG,2014B,0.15,0.5,0.23076923076923075
623496,FFF,2014B,0.35,0.35,0.35
623511,CCC,2014J,0.05,0.034482758620689655,0.04081632653061224
623514,DDD,2014B,0.6,0.2926829268292683,0.39344262295081966
623519,BBB,2014J,0.35,0.4375,0.38888888888888884
623537,FFF,2014B,0.25,0.15625,0.19230769230769232
623541,DDD,2014B,0.0,0.0,0.0
623554,FFF,2014B,0.0,0.0,0.0
623562,CCC,2014B,0.05,0.25,0.08333333333333334
623562,EEE,2014B,0.05,0.3333333333333333,0.08695652173913045
623575,GGG,2014B,0.05,0.125,0.07142857142857144
623579,FFF,2014B,0.25,0.09259259259259259,0.13513513513513514
623585,DDD,2014B,0.05,0.2,0.08000000000000002
623588,GGG,2014J,0.3,0.35294117647058826,0.3243243243243243
623589,FFF,2014J,0.55,0.15714285714285714,0.24444444444444446
623602,GGG,2014B,0.2,0.4,0.26666666666666666
623622,BBB,2014B,0.1,0.6666666666666666,0.1739130434782609
623641,DDD,2014J,0.1,0.06896551724137931,0.08163265306122448
623648,BBB,2014J,0.1,0.15384615384615385,0.12121212121212123
623654,BBB,2014B,0.0,0.0,0.0
623660,BBB,2014B,0.05,0.043478260869565216,0.046511627906976744
623667,CCC,2014B,0.0,0.0,0.0
623667,EEE,2014B,0.35,0.7,0.4666666666666667
623687,FFF,2014B,0.15,0.10714285714285714,0.125
623689,BBB,2014J,0.0,0.0,0.0
623732,CCC,2014B,0.1,0.1111111111111111,0.10526315789473685
623738,EEE,2014B,0.15,0.6,0.24
623765,FFF,2014J,0.3,0.13953488372093023,0.1904761904761905
623778,GGG,2014B,0.55,0.4074074074074074,0.46808510638297873
623780,EEE,2014B,0.15,0.6,0.24
623797,CCC,2014B,0.0,0.0,0.0
623797,EEE,2014B,0.05,0.5,0.09090909090909091
623804,GGG,2014B,0.1,0.2222222222222222,0.13793103448275865
623812,GGG,2014J,0.4,0.6153846153846154,0.4848484848484849
623815,DDD,2014B,0.3,0.15,0.2
623826,DDD,2014B,0.35,0.14,0.2
623831,GGG,2014B,0.0,0.0,0.0
623840,AAA,2014J,0.25,0.2777777777777778,0.2631578947368421
623845,BBB,2014B,0.1,0.11764705882352941,0.1081081081081081
623857,BBB,2014B,0.0,0.0,0.0
623859,GGG,2014B,0.2,0.26666666666666666,0.2285714285714286
623864,DDD,2014J,0.15,0.21428571428571427,0.1764705882352941
623864,EEE,2014B,0.25,0.45454545454545453,0.3225806451612903
623882,BBB,2014B,0.05,0.09090909090909091,0.06451612903225806
623889,EEE,2014J,0.3,0.75,0.4285714285714285
623903,GGG,2014B,0.25,0.3125,0.2777777777777778
623919,GGG,2014B,0.2,0.2222222222222222,0.2105263157894737
623924,FFF,2014B,0.2,0.10256410256410256,0.13559322033898302
623931,DDD,2014B,0.05,0.05555555555555555,0.052631578947368425
623935,BBB,2014B,0.2,0.2222222222222222,0.2105263157894737
623937,DDD,2014J,0.3,0.12244897959183673,0.17391304347826086
623948,FFF,2014B,0.6,0.23529411764705882,0.33802816901408456
623968,DDD,2014J,0.05,0.023809523809523808,0.03225806451612903
623988,GGG,2014B,0.3,0.35294117647058826,0.3243243243243243
623989,EEE,2014J,0.45,0.8181818181818182,0.5806451612903226
624007,DDD,2014B,0.1,0.05714285714285714,0.07272727272727272
624011,BBB,2014B,0.0,0.0,0.0
624046,BBB,2014B,0.05,0.034482758620689655,0.04081632653061224
624052,DDD,2014B,0.1,0.05,0.06666666666666667
624060,CCC,2014B,0.1,0.2857142857142857,0.14814814814814817
624060,CCC,2014J,0.45,0.1836734693877551,0.2608695652173913
624069,BBB,2014B,0.05,0.3333333333333333,0.08695652173913045
624077,DDD,2014B,0.05,0.020833333333333332,0.029411764705882353
624092,EEE,2014B,0.05,0.3333333333333333,0.08695652173913045
624127,CCC,2014B,0.0,0.0,0.0
624153,EEE,2014B,0.0,0.0,0.0
624156,CCC,2014J,0.05,0.0625,0.05555555555555556
624156,DDD,2014B,0.2,0.14285714285714285,0.16666666666666666
624164,CCC,2014B,0.0,0.0,0.0
624178,FFF,2014B,0.1,0.08695652173913043,0.09302325581395349
624196,BBB,2014B,0.05,0.1111111111111111,0.06896551724137932
624197,FFF,2014B,0.4,0.16666666666666666,0.23529411764705882
624209,CCC,2014J,0.25,0.14285714285714285,0.18181818181818182
624222,EEE,2014J,0.4,0.8888888888888888,0.5517241379310346
624226,GGG,2014B,0.3,0.5454545454545454,0.3870967741935483
624230,GGG,2014B,0.05,0.16666666666666666,0.07692307692307691
624256,CCC,2014J,0.05,0.03571428571428571,0.041666666666666664
624282,FFF,2014J,0.05,0.03225806451612903,0.0392156862745098
624306,BBB,2014B,0.0,0.0,0.0
624321,GGG,2014B,0.0,0.0,0.0
624342,BBB,2014J,0.45,0.45,0.45
624344,FFF,2014B,0.3,0.23076923076923078,0.2608695652173913
624354,CCC,2014J,0.0,0.0,0.0
624358,DDD,2014B,0.2,0.0975609756097561,0.13114754098360656
624406,BBB,2014B,0.0,0.0,0.0
624407,DDD,2014B,0.0,0.0,0.0
624415,BBB,2014B,0.15,0.6,0.24
624433,GGG,2014B,0.1,0.16666666666666666,0.125
624441,CCC,2014B,0.0,0.0,0.0
624441,EEE,2014B,0.1,0.4,0.16000000000000003
624445,CCC,2014B,0.05,0.1,0.06666666666666667
624469,EEE,2014B,0.35,0.7,0.4666666666666667
624476,DDD,2014B,0.0,0.0,0.0
624483,CCC,2014B,0.35,0.3333333333333333,0.3414634146341463
624493,CCC,2014J,0.05,0.125,0.07142857142857144
624493,DDD,2014B,0.3,0.24,0.2666666666666666
624499,FFF,2014B,0.1,0.15384615384615385,0.12121212121212123
624522,GGG,2014B,0.2,0.4444444444444444,0.2758620689655173
624556,FFF,2014B,0.15,0.21428571428571427,0.1764705882352941
624563,GGG,2014J,0.25,0.4166666666666667,0.3125
624569,GGG,2014B,0.35,0.4666666666666667,0.4
624570,DDD,2014B,0.05,0.05,0.05000000000000001
624585,DDD,2014B,0.05,0.0625,0.05555555555555556
624586,FFF,2014B,0.15,0.14285714285714285,0.14634146341463414
624591,CCC,2014B,0.05,0.045454545454545456,0.04761904761904762
624591,FFF,2014B,0.45,0.375,0.4090909090909091
624592,BBB,2014B,0.05,0.25,0.08333333333333334
624610,DDD,2014B,0.1,0.2,0.13333333333333333
624653,BBB,2014B,0.1,0.2,0.13333333333333333
624661,BBB,2014B,0.05,0.08333333333333333,0.0625
624679,GGG,2014B,0.1,0.5,0.16666666666666669
624714,GGG,2014B,0.3,0.42857142857142855,0.3529411764705882
624727,GGG,2014B,0.3,0.46153846153846156,0.3636363636363637
624730,DDD,2014B,0.1,0.5,0.16666666666666669
624738,BBB,2014B,0.2,0.13793103448275862,0.16326530612244897
624751,FFF,2014B,0.25,0.15151515151515152,0.18867924528301888
624763,FFF,2014B,0.2,0.12903225806451613,0.1568627450980392
624767,GGG,2014B,0.15,0.25,0.18749999999999997
624773,FFF,2014B,0.1,0.05,0.06666666666666667
624777,GGG,2014B,0.1,0.4,0.16000000000000003
624782,CCC,2014B,0.05,0.125,0.07142857142857144
624782,EEE,2014B,0.0,0.0,0.0
624789,CCC,2014J,0.2,0.3333333333333333,0.25
624789,DDD,2014B,0.15,0.13636363636363635,0.14285714285714282
624795,GGG,2014B,0.2,0.2857142857142857,0.23529411764705882
624810,CCC,2014B,0.0,0.0,0.0
624839,DDD,2014B,0.1,0.13333333333333333,0.1142857142857143
624847,BBB,2014B,0.05,0.2,0.08000000000000002
624864,FFF,2014J,0.2,0.13793103448275862,0.16326530612244897
624875,CCC,2014B,0.1,0.16666666666666666,0.125
624881,DDD,2014B,0.45,0.16363636363636364,0.24
624891,DDD,2014J,0.05,0.030303030303030304,0.03773584905660378
624906,GGG,2014B,0.5,0.5555555555555556,0.5263157894736842
624912,GGG,2014B,0.05,1.0,0.09523809523809523
624927,CCC,2014J,0.05,0.07692307692307693,0.060606060606060615
624927,DDD,2014B,0.05,0.05263157894736842,0.05128205128205128
624938,GGG,2014B,0.2,0.4,0.26666666666666666
624946,FFF,2014B,0.3,0.13953488372093023,0.1904761904761905
624957,CCC,2014J,0.0,0.0,0.0
624970,CCC,2014B,0.0,0.0,0.0
624970,FFF,2014J,0.2,0.17391304347826086,0.18604651162790697
624972,BBB,2014B,0.1,0.16666666666666666,0.125
624981,FFF,2014B,0.15,0.07894736842105263,0.10344827586206896
624997,BBB,2014B,0.05,0.14285714285714285,0.07407407407407408
625014,CCC,2014B,0.15,0.23076923076923078,0.18181818181818185
625021,BBB,2014B,0.0,0.0,0.0
625024,BBB,2014B,0.0,0.0,0.0
625028,CCC,2014B,0.0,0.0,0.0
625033,GGG,2014B,0.25,0.38461538461538464,0.30303030303030304
625035,DDD,2014B,0.6,0.16,0.25263157894736843
625067,CCC,2014J,0.15,0.08333333333333333,0.10714285714285714
625067,EEE,2014B,0.3,0.5,0.37499999999999994
625071,BBB,2014B,0.1,0.4,0.16000000000000003
625075,FFF,2014B,0.0,0.0,0.0
625077,CCC,2014B,0.05,0.125,0.07142857142857144
625089,GGG,2014B,0.5,0.5882352941176471,0.5405405405405405
625094,BBB,2014B,0.05,0.07692307692307693,0.060606060606060615
625098,DDD,2014B,0.0,0.0,0.0
625100,CCC,2014J,0.0,0.0,0.0
625106,GGG,2014B,0.15,0.5,0.23076923076923075
625108,CCC,2014B,0.05,0.0625,0.05555555555555556
625124,BBB,2014B,0.0,0.0,0.0
625126,EEE,2014B,0.15,0.75,0.24999999999999997
625167,BBB,2014B,0.05,0.5,0.09090909090909091
625174,EEE,2014B,0.35,0.5,0.4117647058823529
625185,BBB,2014B,0.3,0.25,0.2727272727272727
625191,FFF,2014B,0.2,0.11764705882352941,0.14814814814814817
625213,EEE,2014B,0.35,0.7777777777777778,0.48275862068965514
625218,DDD,2014B,0.25,0.08620689655172414,0.12820512820512822
625241,GGG,2014J,0.35,0.4666666666666667,0.4
625245,FFF,2014J,0.3,0.15789473684210525,0.20689655172413793
625249,BBB,2014B,0.15,0.25,0.18749999999999997
625251,BBB,2014B,0.05,0.1111111111111111,0.06896551724137932
625263,CCC,2014J,0.1,0.09523809523809523,0.0975609756097561
625263,DDD,2014B,0.2,0.11428571428571428,0.14545454545454545
625283,DDD,2014J,0.2,0.11428571428571428,0.14545454545454545
625291,FFF,2014B,0.4,0.27586206896551724,0.32653061224489793
625303,FFF,2014B,0.2,0.12903225806451613,0.1568627450980392
625306,FFF,2014B,0.1,0.06896551724137931,0.08163265306122448
625330,CCC,2014B,0.4,0.36363636363636365,0.380952380952381
625349,FFF,2014B,0.25,0.2,0.22222222222222224
625357,CCC,2014J,0.1,0.09523809523809523,0.0975609756097561
625376,GGG,2014B,0.3,0.35294117647058826,0.3243243243243243
625383,BBB,2014B,0.15,0.6,0.24
625390,BBB,2014B,0.05,0.25,0.08333333333333334
625406,FFF,2014B,0.2,0.18181818181818182,0.1904761904761905
625411,GGG,2014J,0.4,0.4,0.4000000000000001
625427,DDD,2014B,0.1,0.04878048780487805,0.06557377049180328
625444,BBB,2014B,0.0,0.0,0.0
625446,GGG,2014B,0.15,0.2727272727272727,0.19354838709677416
625453,CCC,2014B,0.05,0.07142857142857142,0.058823529411764705
625467,DDD,2014J,0.0,0.0,0.0
625476,CCC,2014B,0.0,0.0,0.0
625476,EEE,2014B,0.2,0.8,0.32000000000000006
625477,BBB,2014B,0.0,0.0,0.0
625494,GGG,2014B,0.2,0.3076923076923077,0.24242424242424246
625514,BBB,2014B,0.0,0.0,0.0
625515,FFF,2014J,0.05,0.09090909090909091,0.06451612903225806
625527,EEE,2014B,0.2,0.5714285714285714,0.29629629629629634
625530,GGG,2014J,0.35,0.28,0.3111111111111111
625536,FFF,2014B,0.5,0.2,0.28571428571428575
625541,CCC,2014J,0.15,0.1875,0.16666666666666663
625541,EEE,2014B,0.4,0.8,0.5333333333333333
625544,GGG,2014B,0.2,0.6666666666666666,0.30769230769230765
625545,GGG,2014B,0.4,0.4,0.4000000000000001
625548,FFF,2014B,0.1,0.09523809523809523,0.0975609756097561
625552,CCC,2014B,0.0,0.0,0.0
625555,DDD,2014J,0.05,0.06666666666666667,0.05714285714285715
625566,FFF,2014B,0.3,0.16216216216216217,0.2105263157894737
625574,CCC,2014B,0.2,0.16,0.17777777777777778
625588,FFF,2014B,0.35,0.14285714285714285,0.20289855072463767
625603,GGG,2014B,0.35,0.4666666666666667,0.4
625609,FFF,2014B,0.05,1.0,0.09523809523809523
625614,EEE,2014J,0.55,0.6111111111111112,0.5789473684210527
625615,DDD,2014B,0.0,0.0,0.0
625649,GGG,2014B,0.05,0.125,0.07142857142857144
625651,GGG,2014B,0.35,0.5,0.4117647058823529
625666,BBB,2014J,0.35,0.4666666666666667,0.4
625676,GGG,2014B,0.25,0.35714285714285715,0.2941176470588235
625713,BBB,2014B,0.0,0.0,0.0
625714,CCC,2014B,0.0,0.0,0.0
625722,GGG,2014B,0.15,0.1875,0.16666666666666663
625724,BBB,2014B,0.05,0.09090909090909091,0.06451612903225806
625740,CCC,2014B,0.0,0.0,0.0
625740,EEE,2014B,0.3,0.5454545454545454,0.3870967741935483
625743,FFF,2014J,0.4,0.1951219512195122,0.26229508196721313
625745,CCC,2014B,0.1,0.1111111111111111,0.10526315789473685
625748,DDD,2014B,0.0,0.0,0.0
625753,FFF,2014B,0.15,0.075,0.1
625765,DDD,2014J,0.05,0.125,0.07142857142857144
625768,BBB,2014B,0.1,0.6666666666666666,0.1739130434782609
625775,GGG,2014B,0.3,0.5454545454545454,0.3870967741935483
625782,CCC,2014B,0.2,0.17391304347826086,0.18604651162790697
625785,EEE,2014J,0.4,0.36363636363636365,0.380952380952381
625790,EEE,2014B,0.0,0.0,0.0
625794,FFF,2014B,0.2,0.16666666666666666,0.1818181818181818
625797,EEE,2014J,0.15,1.0,0.2608695652173913
625802,FFF,2014J,0.05,0.08333333333333333,0.0625
625816,BBB,2014B,0.15,0.2727272727272727,0.19354838709677416
625822,CCC,2014B,0.05,0.07142857142857142,0.058823529411764705
625826,BBB,2014J,0.15,0.1875,0.16666666666666663
625833,BBB,2014B,0.1,0.4,0.16000000000000003
625838,CCC,2014B,0.1,0.10526315789473684,0.10256410256410256
625838,FFF,2014J,0.1,0.09523809523809523,0.0975609756097561
625861,EEE,2014B,0.15,0.75,0.24999999999999997
625864,DDD,2014B,0.1,0.06896551724137931,0.08163265306122448
625875,GGG,2014B,0.05,0.1,0.06666666666666667
625903,GGG,2014B,0.5,0.47619047619047616,0.4878048780487805
625912,GGG,2014B,0.25,0.29411764705882354,0.27027027027027023
625919,BBB,2014B,0.05,0.08333333333333333,0.0625
625953,EEE,2014B,0.1,0.5,0.16666666666666669
625977,FFF,2014B,0.15,0.125,0.13636363636363635
626005,GGG,2014J,0.5,0.5263157894736842,0.5128205128205129
626012,BBB,2014J,0.3,0.3157894736842105,0.3076923076923077
626018,DDD,2014B,0.05,0.1111111111111111,0.06896551724137932
626022,EEE,2014B,0.05,0.5,0.09090909090909091
626023,GGG,2014B,0.35,0.5,0.4117647058823529
626033,FFF,2014J,0.15,0.375,0.21428571428571425
626040,DDD,2014B,0.0,0.0,0.0
626046,BBB,2014B,0.0,0.0,0.0
626061,DDD,2014B,0.1,0.2,0.13333333333333333
626075,BBB,2014J,0.2,0.25,0.22222222222222224
626091,GGG,2014B,0.4,0.5333333333333333,0.4571428571428572
626092,GGG,2014B,0.1,0.5,0.16666666666666669
626103,CCC,2014J,0.0,0.0,0.0
626103,FFF,2014B,0.5,0.22727272727272727,0.3125
626114,DDD,2014B,0.4,0.13793103448275862,0.20512820512820515
626123,BBB,2014B,0.1,0.16666666666666666,0.125
626126,BBB,2014B,0.0,0.0,0.0
626128,FFF,2014B,0.6,0.22641509433962265,0.3287671232876712
626132,DDD,2014J,0.1,0.047619047619047616,0.06451612903225806
626138,BBB,2014B,0.05,0.09090909090909091,0.06451612903225806
626139,BBB,2014J,0.3,0.4,0.34285714285714286
626145,GGG,2014B,0.35,0.6363636363636364,0.45161290322580644
626146,DDD,2014B,0.1,0.06666666666666667,0.08
626159,BBB,2014J,0.3,0.3333333333333333,0.3157894736842105
626159,GGG,2014B,0.5,0.5555555555555556,0.5263157894736842
626164,BBB,2014B,0.2,0.3333333333333333,0.25
626172,DDD,2014B,0.45,0.23076923076923078,0.3050847457627119
626179,DDD,2014J,0.3,0.21428571428571427,0.25
626183,CCC,2014B,0.0,0.0,0.0
626183,EEE,2014B,0.15,0.6,0.24
626192,DDD,2014B,0.2,0.0975609756097561,0.13114754098360656
626195,BBB,2014J,0.55,0.4074074074074074,0.46808510638297873
626198,FFF,2014B,0.55,0.4230769230769231,0.47826086956521735
626217,DDD,2014B,0.0,0.0,0.0
626231,FFF,2014B,0.1,0.07692307692307693,0.08695652173913043
626238,DDD,2014B,0.2,0.10810810810810811,0.14035087719298245
626240,AAA,2014J,0.2,0.3076923076923077,0.24242424242424246
626245,BBB,2014B,0.05,0.5,0.09090909090909091
626252,CCC,2014B,0.35,0.20588235294117646,0.25925925925925924
626254,BBB,2014B,0.0,0.0,0.0
626256,GGG,2014B,0.25,0.4166666666666667,0.3125
626259,FFF,2014B,0.25,0.19230769230769232,0.2173913043478261
626282,GGG,2014B,0.15,0.42857142857142855,0.2222222222222222
626287,GGG,2014B,0.35,0.5384615384615384,0.4242424242424242
626296,CCC,2014J,0.0,0.0,0.0
626296,EEE,2014B,0.35,0.6363636363636364,0.45161290322580644
626297,BBB,2014B,0.1,1.0,0.18181818181818182
626306,GGG,2014B,0.6,0.631578947368421,0.6153846153846154
626307,GGG,2014B,0.15,1.0,0.2608695652173913
626317,GGG,2014B,0.1,1.0,0.18181818181818182
626326,FFF,2014B,0.2,0.13793103448275862,0.16326530612244897
626348,DDD,2014B,0.0,0.0,0.0
626349,FFF,2014J,0.1,0.2857142857142857,0.14814814814814817
626352,BBB,2014B,0.15,0.15789473684210525,0.15384615384615385
626365,BBB,2014B,0.0,0.0,0.0
626372,GGG,2014B,0.25,0.625,0.35714285714285715
626379,GGG,2014B,0.2,0.23529411764705882,0.2162162162162162
626384,GGG,2014J,0.15,0.375,0.21428571428571425
626407,CCC,2014J,0.1,0.11764705882352941,0.1081081081081081
626407,EEE,2014B,0.4,0.7272727272727273,0.5161290322580645
626416,FFF,2014J,0.2,0.08695652173913043,0.12121212121212122
626417,CCC,2014J,0.05,0.1111111111111111,0.06896551724137932
626417,DDD,2014B,0.0,0.0,0.0
626419,FFF,2014B,0.45,0.16363636363636364,0.24
626448,FFF,2014B,0.15,0.1111111111111111,0.12765957446808512
626450,DDD,2014B,0.6,0.25,0.35294117647058826
626454,FFF,2014J,0.55,0.16176470588235295,0.25000000000000006
626463,CCC,2014J,0.15,0.42857142857142855,0.2222222222222222
626473,FFF,2014B,0.5,0.5,0.5
626477,FFF,2014J,0.25,0.17857142857142858,0.20833333333333331
626491,BBB,2014B,0.0,0.0,0.0
626501,CCC,2014B,0.05,0.5,0.09090909090909091
626514,FFF,2014J,0.15,0.13043478260869565,0.13953488372093023
626516,EEE,2014B,0.2,0.6666666666666666,0.30769230769230765
626519,CCC,2014J,0.15,0.05172413793103448,0.07692307692307693
626519,EEE,2014B,0.3,0.6666666666666666,0.41379310344827586
626530,FFF,2014B,0.05,0.038461538461538464,0.043478260869565216
626537,FFF,2014B,0.35,0.25925925925925924,0.29787234042553196
626551,DDD,2014B,0.25,0.11363636363636363,0.15625
626552,FFF,2014J,0.05,0.16666666666666666,0.07692307692307691
626555,BBB,2014B,0.0,0.0,0.0
626556,DDD,2014B,0.35,0.2,0.2545454545454545
626579,FFF,2014J,0.4,0.21052631578947367,0.27586206896551724
626585,GGG,2014B,0.3,0.5454545454545454,0.3870967741935483
626589,GGG,2014B,0.3,0.46153846153846156,0.3636363636363637
626604,BBB,2014B,0.0,0.0,0.0
626607,DDD,2014B,0.15,0.14285714285714285,0.14634146341463414
626614,CCC,2014B,0.05,0.2,0.08000000000000002
626618,GGG,2014B,0.1,0.3333333333333333,0.15384615384615383
626625,EEE,2014B,0.3,0.5454545454545454,0.3870967741935483
626629,GGG,2014B,0.05,0.14285714285714285,0.07407407407407408
626630,DDD,2014J,0.15,0.23076923076923078,0.18181818181818185
626642,BBB,2014B,0.05,0.25,0.08333333333333334
626644,FFF,2014B,0.5,0.22727272727272727,0.3125
626646,BBB,2014J,0.5,0.4,0.4444444444444445
626675,GGG,2014B,0.0,0.0,0.0
626708,GGG,2014B,0.4,0.5333333333333333,0.4571428571428572
626714,CCC,2014B,0.0,0.0,0.0
626714,EEE,2014B,0.0,0.0,0.0
626740,BBB,2014J,0.15,0.3333333333333333,0.20689655172413793
626749,EEE,2014B,0.1,0.5,0.16666666666666669
626753,EEE,2014B,0.1,0.5,0.16666666666666669
626757,CCC,2014J,0.3,0.23076923076923078,0.2608695652173913
626763,CCC,2014B,0.2,0.21052631578947367,0.20512820512820512
626765,FFF,2014B,0.0,0.0,0.0
626768,EEE,2014B,0.3,0.8571428571428571,0.4444444444444444
626778,FFF,2014B,0.55,0.20754716981132076,0.30136986301369867
626828,FFF,2014B,0.3,0.15789473684210525,0.20689655172413793
626841,BBB,2014B,0.0,0.0,0.0
626843,BBB,2014B,0.05,0.3333333333333333,0.08695652173913045
626852,DDD,2014B,0.05,0.047619047619047616,0.04878048780487805
626857,CCC,2014B,0.05,0.125,0.07142857142857144
626862,CCC,2014B,0.35,0.28,0.3111111111111111
626877,CCC,2014B,0.0,0.0,0.0
626877,EEE,2014B,0.0,0.0,0.0
626878,CCC,2014J,0.0,0.0,0.0
626878,FFF,2014B,0.5,0.35714285714285715,0.41666666666666663
626881,FFF,2014B,0.25,0.18518518518518517,0.2127659574468085
626885,DDD,2014B,0.0,0.0,0.0
626889,DDD,2014B,0.05,0.05263157894736842,0.05128205128205128
626890,FFF,2014B,0.15,0.08108108108108109,0.10526315789473685
626917,BBB,2014B,0.0,0.0,0.0
626928,BBB,2014B,0.05,0.125,0.07142857142857144
626951,BBB,2014B,0.0,0.0,0.0
626966,BBB,2014B,0.3,0.3333333333333333,0.3157894736842105
626979,DDD,2014B,0.2,0.16,0.17777777777777778
626982,GGG,2014B,0.45,0.6,0.5142857142857143
626987,FFF,2014B,0.45,0.18,0.2571428571428572
626998,CCC,2014B,0.05,0.1111111111111111,0.06896551724137932
626998,EEE,2014J,0.15,0.3,0.2
627000,BBB,2014B,0.1,0.15384615384615385,0.12121212121212123
627021,DDD,2014B,0.0,0.0,0.0
627022,FFF,2014B,0.05,0.07692307692307693,0.060606060606060615
627027,BBB,2014B,0.05,0.5,0.09090909090909091
627050,GGG,2014B,0.25,0.3125,0.2777777777777778
627057,GGG,2014B,0.15,0.3333333333333333,0.20689655172413793
627061,FFF,2014B,0.15,0.1,0.12
627067,FFF,2014B,0.15,0.1111111111111111,0.12765957446808512
627097,DDD,2014J,0.05,0.1,0.06666666666666667
627100,DDD,2014B,0.15,0.1111111111111111,0.12765957446808512
627115,BBB,2014B,0.1,0.2857142857142857,0.14814814814814817
627118,BBB,2014B,0.05,0.09090909090909091,0.06451612903225806
627126,FFF,2014B,0.0,0.0,0.0
627136,CCC,2014B,0.1,0.16666666666666666,0.125
627145,FFF,2014B,0.05,0.03225806451612903,0.0392156862745098
627173,DDD,2014B,0.05,0.1111111111111111,0.06896551724137932
627176,FFF,2014B,0.0,0.0,0.0
627179,BBB,2014B,0.1,0.5,0.16666666666666669
627184,CCC,2014J,0.15,0.1,0.12
627184,DDD,2014B,0.0,0.0,0.0
627185,BBB,2014B,0.1,0.4,0.16000000000000003
627190,BBB,2014B,0.0,0.0,0.0
627217,GGG,2014B,0.2,0.26666666666666666,0.2285714285714286
627236,DDD,2014J,0.35,0.19444444444444445,0.25
627244,BBB,2014B,0.05,0.05263157894736842,0.05128205128205128
627247,FFF,2014B,0.2,0.06666666666666667,0.1
627251,GGG,2014B,0.35,0.2916666666666667,0.31818181818181823
627253,CCC,2014B,0.1,0.2,0.13333333333333333
627264,GGG,2014B,0.15,0.1875,0.16666666666666663
627269,BBB,2014J,0.25,0.2777777777777778,0.2631578947368421
627270,BBB,2014B,0.05,0.06666666666666667,0.05714285714285715
627276,DDD,2014B,0.3,0.21428571428571427,0.25
627283,CCC,2014J,0.1,0.10526315789473684,0.10256410256410256
627283,EEE,2014J,0.4,0.5333333333333333,0.4571428571428572
627285,BBB,2014B,0.05,0.07142857142857142,0.058823529411764705
627290,CCC,2014J,0.0,0.0,0.0
627290,EEE,2014B,0.05,0.3333333333333333,0.08695652173913045
627295,DDD,2014J,0.05,0.02631578947368421,0.034482758620689655
627307,FFF,2014B,0.05,0.047619047619047616,0.04878048780487805
627312,EEE,2014J,0.25,0.38461538461538464,0.30303030303030304
627322,DDD,2014B,0.3,0.13043478260869565,0.18181818181818182
627327,GGG,2014B,0.55,0.5,0.5238095238095238
627330,GGG,2014B,0.15,0.2,0.17142857142857143
627333,DDD,2014B,0.3,0.10344827586206896,0.15384615384615385
627343,CCC,2014B,0.1,0.10526315789473684,0.10256410256410256
627348,CCC,2014B,0.0,0.0,0.0
627365,FFF,2014J,0.25,0.09433962264150944,0.13698630136986303
627367,DDD,2014J,0.0,0.0,0.0
627374,CCC,2014B,0.0,0.0,0.0
627380,BBB,2014B,0.0,0.0,0.0
627386,CCC,2014B,0.0,0.0,0.0
627387,CCC,2014B,0.0,0.0,0.0
627387,EEE,2014B,0.1,0.4,0.16000000000000003
627388,BBB,2014B,0.1,0.4,0.16000000000000003
627397,DDD,2014B,0.15,0.1,0.12
627399,CCC,2014B,0.1,0.05714285714285714,0.07272727272727272
627399,EEE,2014B,0.0,0.0,0.0
627401,CCC,2014J,0.0,0.0,0.0
627401,EEE,2014B,0.3,0.75,0.4285714285714285
627403,BBB,2014B,0.1,0.25,0.14285714285714288
627417,CCC,2014J,0.25,0.11904761904761904,0.16129032258064516
627417,FFF,2014B,0.5,0.17543859649122806,0.2597402597402597
627442,FFF,2014B,0.1,0.18181818181818182,0.12903225806451613
627450,CCC,2014J,0.25,0.2631578947368421,0.25641025641025644
627450,EEE,2014B,0.0,0.0,0.0
627453,DDD,2014J,0.35,0.2413793103448276,0.2857142857142857
627468,FFF,2014B,0.2,0.14285714285714285,0.16666666666666666
627471,CCC,2014J,0.05,0.029411764705882353,0.03703703703703704
627471,EEE,2014B,0.25,0.7142857142857143,0.37037037037037035
627476,DDD,2014J,0.0,0.0,0.0
627481,GGG,2014J,0.15,0.5,0.23076923076923075
627509,BBB,2014B,0.05,1.0,0.09523809523809523
627516,EEE,2014B,0.35,0.5384615384615384,0.4242424242424242
627521,FFF,2014B,0.1,0.1,0.10000000000000002
627527,CCC,2014J,0.0,0.0,0.0
627530,GGG,2014B,0.35,0.7777777777777778,0.48275862068965514
627536,DDD,2014B,0.0,0.0,0.0
627549,BBB,2014B,0.15,0.23076923076923078,0.18181818181818185
627550,BBB,2014B,0.05,0.125,0.07142857142857144
627563,BBB,2014J,0.2,0.25,0.22222222222222224
627581,DDD,2014B,0.0,0.0,0.0
627595,FFF,2014B,0.25,0.2,0.22222222222222224
627597,GGG,2014B,0.1,0.16666666666666666,0.125
627618,DDD,2014J,0.2,0.2222222222222222,0.2105263157894737
627620,FFF,2014B,0.05,0.05263157894736842,0.05128205128205128
627622,FFF,2014B,0.1,0.16666666666666666,0.125
627636,EEE,2014B,0.2,0.6666666666666666,0.30769230769230765
627638,DDD,2014B,0.0,0.0,0.0
627647,BBB,2014B,0.0,0.0,0.0
627659,BBB,2014B,0.2,0.4,0.26666666666666666
627660,BBB,2014J,0.45,0.391304347826087,0.4186046511627907
627661,GGG,2014B,0.25,0.4166666666666667,0.3125
627679,FFF,2014B,0.05,0.05,0.05000000000000001
627685,BBB,2014B,0.05,0.09090909090909091,0.06451612903225806
627691,CCC,2014B,0.15,0.1875,0.16666666666666663
627692,FFF,2014B,0.15,0.12,0.1333333333333333
627695,DDD,2014J,0.25,0.29411764705882354,0.27027027027027023
627711,EEE,2014B,0.0,0.0,0.0
627717,FFF,2014B,0.05,0.14285714285714285,0.07407407407407408
627747,CCC,2014B,0.05,0.08333333333333333,0.0625
627750,CCC,2014B,0.0,0.0,0.0
627750,EEE,2014B,0.15,0.5,0.23076923076923075
627764,GGG,2014B,0.1,0.6666666666666666,0.1739130434782609
627772,DDD,2014B,0.3,0.24,0.2666666666666666
627773,GGG,2014B,0.1,0.10526315789473684,0.10256410256410256
627777,BBB,2014B,0.4,0.25,0.3076923076923077
627787,GGG,2014B,0.3,0.5,0.37499999999999994
627809,GGG,2014J,0.2,0.5,0.28571428571428575
627812,GGG,2014J,0.2,0.4,0.26666666666666666
627821,GGG,2014B,0.3,0.35294117647058826,0.3243243243243243
627827,GGG,2014B,0.35,0.5384615384615384,0.4242424242424242
627829,FFF,2014J,0.45,0.1875,0.26470588235294124
627834,GGG,2014B,0.4,0.5714285714285714,0.47058823529411764
627860,FFF,2014B,0.05,0.06666666666666667,0.05714285714285715
627879,DDD,2014B,0.0,0.0,0.0
627882,DDD,2014B,0.1,0.05263157894736842,0.06896551724137931
627886,FFF,2014B,0.15,0.1111111111111111,0.12765957446808512
627891,DDD,2014B,0.05,0.09090909090909091,0.06451612903225806
627895,GGG,2014B,0.4,0.6666666666666666,0.5
627901,GGG,2014B,0.1,0.2222222222222222,0.13793103448275865
627907,EEE,2014B,0.35,0.875,0.4999999999999999
627924,DDD,2014B,0.0,0.0,0.0
627933,CCC,2014B,0.0,0.0,0.0
627948,BBB,2014B,0.05,0.2,0.08000000000000002
627968,BBB,2014J,0.05,0.3333333333333333,0.08695652173913045
628004,FFF,2014B,0.05,0.1111111111111111,0.06896551724137932
628006,BBB,2014B,0.0,0.0,0.0
628008,DDD,2014B,0.05,0.058823529411764705,0.05405405405405405
628029,CCC,2014B,0.1,0.18181818181818182,0.12903225806451613
628034,CCC,2014J,0.2,0.1,0.13333333333333333
628034,FFF,2014B,0.55,0.14102564102564102,0.22448979591836735
628038,FFF,2014B,0.15,0.13636363636363635,0.14285714285714282
628054,EEE,2014B,0.0,0.0,0.0
628054,EEE,2014J,0.15,0.21428571428571427,0.1764705882352941
628058,FFF,2014B,0.15,0.08108108108108109,0.10526315789473685
628086,CCC,2014B,0.2,0.26666666666666666,0.2285714285714286
628098,FFF,2014B,0.05,0.09090909090909091,0.06451612903225806
628099,DDD,2014B,0.1,0.058823529411764705,0.07407407407407408
628114,CCC,2014J,0.1,0.09523809523809523,0.0975609756097561
628114,FFF,2014B,0.05,0.027777777777777776,0.03571428571428571
628117,FFF,2014B,0.35,0.2,0.2545454545454545
628119,BBB,2014B,0.05,0.2,0.08000000000000002
628140,FFF,2014B,0.15,0.09375,0.11538461538461538
628141,FFF,2014B,0.0,0.0,0.0
628143,FFF,2014B,0.15,0.1875,0.16666666666666663
628149,FFF,2014J,0.35,0.11666666666666667,0.175
628152,FFF,2014B,0.5,0.19607843137254902,0.28169014084507044
628157,CCC,2014B,0.1,0.10526315789473684,0.10256410256410256
628157,FFF,2014J,0.1,0.09090909090909091,0.09523809523809525
628174,FFF,2014B,0.25,0.1724137931034483,0.20408163265306123
628176,BBB,2014B,0.1,0.15384615384615385,0.12121212121212123
628178,BBB,2014B,0.05,0.041666666666666664,0.04545454545454545
628180,BBB,2014B,0.0,0.0,0.0
628181,BBB,2014B,0.0,0.0,0.0
628189,GGG,2014B,0.15,0.42857142857142855,0.2222222222222222
628190,BBB,2014B,0.25,0.23809523809523808,0.24390243902439024
628216,CCC,2014J,0.15,0.3333333333333333,0.20689655172413793
628216,DDD,2014B,0.0,0.0,0.0
628217,GGG,2014B,0.2,0.8,0.32000000000000006
628227,GGG,2014B,0.2,0.4444444444444444,0.2758620689655173
628246,DDD,2014B,0.05,0.04,0.044444444444444446
628259,DDD,2014J,0.2,0.12121212121212122,0.15094339622641512
628280,GGG,2014B,0.4,0.6153846153846154,0.4848484848484849
628287,BBB,2014B,0.0,0.0,0.0
628293,CCC,2014B,0.05,0.07142857142857142,0.058823529411764705
628299,GGG,2014J,0.55,0.55,0.55
628300,CCC,2014J,0.0,0.0,0.0
628300,EEE,2014B,0.4,0.6666666666666666,0.5
628301,BBB,2014B,0.2,0.2857142857142857,0.23529411764705882
628307,FFF,2014B,0.1,0.1111111111111111,0.10526315789473685
628316,GGG,2014B,0.4,0.5714285714285714,0.47058823529411764
628328,BBB,2014B,0.2,0.19047619047619047,0.1951219512195122
628333,DDD,2014B,0.15,0.09090909090909091,0.11320754716981132
628347,DDD,2014B,0.1,0.07142857142857142,0.08333333333333333
628361,CCC,2014J,0.0,0.0,0.0
628361,FFF,2014B,0.25,0.22727272727272727,0.23809523809523808
628367,GGG,2014B,0.3,0.42857142857142855,0.3529411764705882
628369,GGG,2014B,0.15,0.2,0.17142857142857143
628370,FFF,2014B,0.35,0.3888888888888889,0.36842105263157887
628376,CCC,2014J,0.0,0.0,0.0
628376,DDD,2014B,0.25,0.21739130434782608,0.23255813953488372
628383,CCC,2014B,0.1,0.1111111111111111,0.10526315789473685
628383,FFF,2014J,0.35,0.2413793103448276,0.2857142857142857
628386,DDD,2014B,0.15,0.13043478260869565,0.13953488372093023
628388,BBB,2014J,0.0,0.0,0.0
628389,BBB,2014B,0.05,0.0625,0.05555555555555556
628390,DDD,2014J,0.05,0.037037037037037035,0.0425531914893617
628407,CCC,2014J,0.0,0.0,0.0
628411,BBB,2014B,0.0,0.0,0.0
628423,BBB,2014B,0.1,0.1111111111111111,0.10526315789473685
628437,DDD,2014J,0.15,0.12,0.1333333333333333
628443,FFF,2014B,0.0,0.0,0.0
628455,GGG,2014B,0.15,0.21428571428571427,0.1764705882352941
628476,FFF,2014B,0.15,0.25,0.18749999999999997
628480,EEE,2014J,0.4,0.5333333333333333,0.4571428571428572
628495,GGG,2014B,0.2,0.36363636363636365,0.25806451612903225
628502,DDD,2014B,0.1,0.06896551724137931,0.08163265306122448
628506,CCC,2014B,0.0,0.0,0.0
628511,BBB,2014B,0.0,0.0,0.0
628516,BBB,2014B,0.05,0.08333333333333333,0.0625
628519,DDD,2014J,0.2,0.13793103448275862,0.16326530612244897
628521,FFF,2014J,0.25,0.13157894736842105,0.1724137931034483
628530,GGG,2014B,0.1,0.125,0.11111111111111112
628545,GGG,2014B,0.25,0.2777777777777778,0.2631578947368421
628561,FFF,2014B,0.25,0.0684931506849315,0.10752688172043011
628575,CCC,2014B,0.1,0.13333333333333333,0.1142857142857143
628575,DDD,2014B,0.1,0.08,0.08888888888888889
628580,BBB,2014B,0.05,0.05555555555555555,0.052631578947368425
628586,BBB,2014B,0.15,0.125,0.13636363636363635
628593,DDD,2014J,0.3,0.1875,0.23076923076923075
628598,GGG,2014B,0.3,0.5,0.37499999999999994
628616,BBB,2014B,0.0,0.0,0.0
628618,CCC,2014J,0.0,0.0,0.0
628630,GGG,2014B,0.25,0.5,0.3333333333333333
628631,DDD,2014J,0.15,0.14285714285714285,0.14634146341463414
628635,BBB,2014B,0.0,0.0,0.0
628642,DDD,2014B,0.0,0.0,0.0
628656,BBB,2014J,0.35,0.28,0.3111111111111111
628663,CCC,2014B,0.1,0.15384615384615385,0.12121212121212123
628669,GGG,2014B,0.1,0.3333333333333333,0.15384615384615383
628679,BBB,2014J,0.3,0.3333333333333333,0.3157894736842105
628712,GGG,2014B,0.2,0.2857142857142857,0.23529411764705882
628718,EEE,2014B,0.05,1.0,0.09523809523809523
628720,FFF,2014B,0.65,0.3611111111111111,0.4642857142857143
628741,EEE,2014J,0.1,0.2857142857142857,0.14814814814814817
628751,BBB,2014B,0.0,0.0,0.0
628766,EEE,2014J,0.1,0.5,0.16666666666666669
628777,CCC,2014J,0.15,0.10344827586206896,0.12244897959183673
628777,EEE,2014B,0.25,0.45454545454545453,0.3225806451612903
628803,FFF,2014B,0.95,0.34545454545454546,0.5066666666666667
628806,DDD,2014B,0.05,0.14285714285714285,0.07407407407407408
628835,DDD,2014B,0.25,0.14705882352941177,0.18518518518518517
628837,FFF,2014B,0.0,0.0,0.0
628841,FFF,2014B,0.0,0.0,0.0
628846,CCC,2014J,0.0,0.0,0.0
628846,FFF,2014B,0.1,0.2,0.13333333333333333
628869,GGG,2014B,0.3,0.4,0.34285714285714286
628870,GGG,2014B,0.3,0.35294117647058826,0.3243243243243243
628881,GGG,2014B,0.15,0.17647058823529413,0.16216216216216214
628888,FFF,2014J,0.15,0.1,0.12
628910,CCC,2014J,0.55,0.28205128205128205,0.3728813559322034
628910,EEE,2014B,0.35,0.7777777777777778,0.48275862068965514
628915,DDD,2014B,0.05,0.05263157894736842,0.05128205128205128
628925,FFF,2014B,0.35,0.23333333333333334,0.28
628929,GGG,2014B,0.45,0.47368421052631576,0.46153846153846156
628931,GGG,2014B,0.35,0.5384615384615384,0.4242424242424242
628941,BBB,2014B,0.05,1.0,0.09523809523809523
628954,BBB,2014B,0.0,0.0,0.0
628956,DDD,2014B,0.1,0.0425531914893617,0.05970149253731343
628959,EEE,2014B,0.25,0.5555555555555556,0.3448275862068966
628964,FFF,2014J,0.3,0.07894736842105263,0.125
628972,FFF,2014B,0.15,0.11538461538461539,0.13043478260869565
628982,BBB,2014B,0.05,0.3333333333333333,0.08695652173913045
628991,BBB,2014J,0.45,0.42857142857142855,0.4390243902439024
628995,FFF,2014B,0.1,0.07407407407407407,0.0851063829787234
629000,DDD,2014B,0.05,0.5,0.09090909090909091
629014,EEE,2014J,0.2,0.8,0.32000000000000006
629022,FFF,2014B,0.45,0.3,0.36000000000000004
629026,BBB,2014B,0.25,0.2,0.22222222222222224
629029,FFF,2014J,0.2,0.13333333333333333,0.16
629037,BBB,2014B,0.1,0.2857142857142857,0.14814814814814817
629044,BBB,2014B,0.1,0.4,0.16000000000000003
629053,BBB,2014J,0.35,0.4117647058823529,0.37837837837837834
629055,DDD,2014B,0.0,0.0,0.0
629056,CCC,2014J,0.0,0.0,0.0
629060,BBB,2014B,0.2,0.36363636363636365,0.25806451612903225
629094,BBB,2014B,0.1,1.0,0.18181818181818182
629096,FFF,2014B,0.1,0.09090909090909091,0.09523809523809525
629101,EEE,2014J,0.1,0.2857142857142857,0.14814814814814817
629103,BBB,2014B,0.05,0.5,0.09090909090909091
629127,BBB,2014J,0.5,0.4,0.4444444444444445
629153,GGG,2014B,0.4,0.5714285714285714,0.47058823529411764
629164,CCC,2014B,0.1,0.06896551724137931,0.08163265306122448
629182,FFF,2014J,0.0,0.0,0.0
629198,GGG,2014B,0.4,0.5333333333333333,0.4571428571428572
629202,EEE,2014B,0.3,0.5454545454545454,0.3870967741935483
629240,BBB,2014B,0.0,0.0,0.0
629244,FFF,2014B,0.2,0.14814814814814814,0.1702127659574468
629245,BBB,2014J,0.45,0.36,0.39999999999999997
629258,GGG,2014J,0.2,0.25,0.22222222222222224
629267,FFF,2014B,0.05,0.16666666666666666,0.07692307692307691
629274,BBB,2014B,0.1,0.6666666666666666,0.1739130434782609
629291,FFF,2014B,0.45,0.12162162162162163,0.19148936170212766
629303,FFF,2014B,0.05,0.041666666666666664,0.04545454545454545
629309,DDD,2014J,0.15,0.06666666666666667,0.09230769230769231
629310,GGG,2014B,0.3,0.6,0.4
629342,CCC,2014B,0.2,0.36363636363636365,0.25806451612903225
629342,EEE,2014B,0.15,0.6,0.24
629379,DDD,2014J,0.25,0.10416666666666667,0.14705882352941177
629400,EEE,2014J,0.4,0.6666666666666666,0.5
629405,CCC,2014J,0.15,0.375,0.21428571428571425
629405,DDD,2014B,0.7,0.19718309859154928,0.3076923076923077
629414,FFF,2014B,0.15,0.10344827586206896,0.12244897959183673
629452,DDD,2014B,0.25,0.13513513513513514,0.1754385964912281
629490,BBB,2014B,0.0,0.0,0.0
629491,FFF,2014J,0.2,0.15384615384615385,0.17391304347826086
629500,EEE,2014B,0.1,0.6666666666666666,0.1739130434782609
629504,BBB,2014B,0.0,0.0,0.0
629506,EEE,2014B,0.1,0.6666666666666666,0.1739130434782609
629507,BBB,2014B,0.0,0.0,0.0
629514,GGG,2014B,0.0,0.0,0.0
629522,FFF,2014B,0.05,0.5,0.09090909090909091
629522,FFF,2014J,0.0,0.0,0.0
629523,CCC,2014J,0.0,0.0,0.0
629535,CCC,2014J,0.0,0.0,0.0
629535,EEE,2014J,0.0,0.0,0.0
629540,FFF,2014B,0.35,0.2,0.2545454545454545
629541,FFF,2014B,0.25,0.10416666666666667,0.14705882352941177
629553,BBB,2014J,0.0,0.0,0.0
629554,BBB,2014B,0.05,1.0,0.09523809523809523
629560,CCC,2014J,0.0,0.0,0.0
629601,EEE,2014B,0.4,0.8888888888888888,0.5517241379310346
629603,FFF,2014B,0.3,0.125,0.17647058823529413
629607,CCC,2014J,0.15,0.14285714285714285,0.14634146341463414
629619,BBB,2014B,0.0,0.0,0.0
629632,DDD,2014B,0.15,0.16666666666666666,0.15789473684210525
629633,GGG,2014B,0.2,0.2857142857142857,0.23529411764705882
629642,EEE,2014J,0.05,1.0,0.09523809523809523
629654,CCC,2014B,0.1,0.3333333333333333,0.15384615384615383
629654,EEE,2014B,0.05,0.3333333333333333,0.08695652173913045
629692,CCC,2014J,0.1,0.08,0.08888888888888889
629692,FFF,2014B,0.15,0.12,0.1333333333333333
629693,FFF,2014B,0.3,0.18181818181818182,0.22641509433962265
629696,CCC,2014J,0.1,0.125,0.11111111111111112
629696,DDD,2014B,0.1,0.0425531914893617,0.05970149253731343
629699,DDD,2014B,0.15,0.3,0.2
629703,DDD,2014J,0.0,0.0,0.0
629710,CCC,2014B,0.25,0.22727272727272727,0.23809523809523808
629710,DDD,2014B,0.45,0.08490566037735849,0.14285714285714285
629725,DDD,2014B,0.1,0.08695652173913043,0.09302325581395349
629736,GGG,2014B,0.25,0.38461538461538464,0.30303030303030304
629739,FFF,2014B,0.6,0.3157894736842105,0.41379310344827586
629745,GGG,2014B,0.3,0.42857142857142855,0.3529411764705882
629753,EEE,2014B,0.35,0.875,0.4999999999999999
629766,CCC,2014B,0.05,0.04,0.044444444444444446
629772,GGG,2014B,0.25,0.3333333333333333,0.28571428571428575
629777,GGG,2014B,0.2,0.4444444444444444,0.2758620689655173
629779,GGG,2014B,0.2,0.4,0.26666666666666666
629813,GGG,2014B,0.05,0.3333333333333333,0.08695652173913045
629818,FFF,2014J,0.2,0.09523809523809523,0.12903225806451613
629820,GGG,2014B,0.45,0.8181818181818182,0.5806451612903226
629822,DDD,2014B,0.0,0.0,0.0
629835,BBB,2014B,0.15,0.6,0.24
629853,GGG,2014B,0.1,0.16666666666666666,0.125
629862,CCC,2014B,0.0,0.0,0.0
629862,EEE,2014J,0.35,0.7,0.4666666666666667
629873,FFF,2014B,0.25,0.14285714285714285,0.18181818181818182
629876,DDD,2014B,0.0,0.0,0.0
629877,DDD,2014B,0.05,0.022222222222222223,0.030769230769230767
629878,DDD,2014J,0.1,0.05128205128205128,0.06779661016949151
629881,FFF,2014B,0.2,0.1111111111111111,0.14285714285714285
629886,BBB,2014B,0.0,0.0,0.0
629891,BBB,2014B,0.05,0.05555555555555555,0.052631578947368425
629898,DDD,2014B,0.1,0.06896551724137931,0.08163265306122448
629906,EEE,2014B,0.1,0.6666666666666666,0.1739130434782609
629921,DDD,2014B,0.2,0.12903225806451613,0.1568627450980392
629922,FFF,2014J,0.25,0.14705882352941177,0.18518518518518517
629923,BBB,2014B,0.0,0.0,0.0
629938,FFF,2014B,0.15,0.08823529411764706,0.11111111111111112
629944,FFF,2014J,0.15,0.08333333333333333,0.10714285714285714
629961,GGG,2014B,0.05,1.0,0.09523809523809523
629978,GGG,2014B,0.25,0.5555555555555556,0.3448275862068966
629993,FFF,2014B,0.0,0.0,0.0
630012,CCC,2014B,0.05,0.05555555555555555,0.052631578947368425
630013,CCC,2014J,0.25,0.1388888888888889,0.17857142857142858
630013,FFF,2014B,0.0,0.0,0.0
630015,FFF,2014B,0.55,0.2619047619047619,0.3548387096774194
630028,BBB,2014B,0.05,0.05263157894736842,0.05128205128205128
630029,BBB,2014B,0.15,0.3,0.2
630030,BBB,2014B,0.15,0.21428571428571427,0.1764705882352941
630045,FFF,2014B,0.4,0.17391304347826086,0.24242424242424243
630047,CCC,2014B,0.05,0.1111111111111111,0.06896551724137932
630047,EEE,2014B,0.35,0.7,0.4666666666666667
630052,BBB,2014B,0.0,0.0,0.0
630053,BBB,2014B,0.0,0.0,0.0
630073,DDD,2014B,0.15,0.13636363636363635,0.14285714285714282
630083,FFF,2014B,0.15,0.1,0.12
630086,CCC,2014B,0.05,0.06666666666666667,0.05714285714285715
630086,EEE,2014B,0.1,0.4,0.16000000000000003
630090,BBB,2014B,0.0,0.0,0.0
630099,GGG,2014B,0.35,0.3333333333333333,0.3414634146341463
630105,EEE,2014J,0.5,0.7692307692307693,0.6060606060606061
630106,EEE,2014J,0.35,0.7777777777777778,0.48275862068965514
630108,GGG,2014B,0.45,0.42857142857142855,0.4390243902439024
630109,FFF,2014J,0.15,0.12,0.1333333333333333
630137,DDD,2014B,0.15,0.125,0.13636363636363635
630142,AAA,2014J,0.05,0.5,0.09090909090909091
630157,CCC,2014B,0.15,0.2,0.17142857142857143
630158,FFF,2014J,0.8,0.11678832116788321,0.20382165605095542
630165,EEE,2014B,0.35,0.5384615384615384,0.4242424242424242
630168,FFF,2014B,0.15,0.23076923076923078,0.18181818181818185
630177,CCC,2014J,0.35,0.18421052631578946,0.24137931034482757
630177,FFF,2014B,0.55,0.16176470588235295,0.25000000000000006
630178,CCC,2014B,0.15,0.23076923076923078,0.18181818181818185
630178,DDD,2014B,0.15,0.1111111111111111,0.12765957446808512
630200,CCC,2014J,0.0,0.0,0.0
630200,DDD,2014B,0.1,0.1,0.10000000000000002
630211,CCC,2014B,0.1,0.25,0.14285714285714288
630219,GGG,2014B,0.2,0.5714285714285714,0.29629629629629634
630221,GGG,2014B,0.2,0.26666666666666666,0.2285714285714286
630242,GGG,2014B,0.05,1.0,0.09523809523809523
630260,BBB,2014B,0.1,0.3333333333333333,0.15384615384615383
630264,FFF,2014B,0.2,0.14814814814814814,0.1702127659574468
630315,BBB,2014B,0.05,0.05263157894736842,0.05128205128205128
630326,FFF,2014B,0.5,0.20408163265306123,0.2898550724637681
630328,DDD,2014J,0.0,0.0,0.0
630333,BBB,2014B,0.05,0.5,0.09090909090909091
630345,BBB,2014B,0.2,0.6666666666666666,0.30769230769230765
630354,DDD,2014J,0.0,0.0,0.0
630372,BBB,2014B,0.25,0.2631578947368421,0.25641025641025644
630380,DDD,2014J,0.05,0.047619047619047616,0.04878048780487805
630393,BBB,2014B,0.05,0.0625,0.05555555555555556
630404,BBB,2014J,0.3,0.3,0.3
630415,BBB,2014B,0.1,0.09523809523809523,0.0975609756097561
630430,CCC,2014J,0.2,0.12903225806451613,0.1568627450980392
630432,DDD,2014B,0.25,0.1388888888888889,0.17857142857142858
630443,BBB,2014B,0.2,0.2222222222222222,0.2105263157894737
630446,GGG,2014B,0.3,0.42857142857142855,0.3529411764705882
630449,CCC,2014B,0.05,0.1,0.06666666666666667
630449,EEE,2014B,0.3,0.5454545454545454,0.3870967741935483
630451,BBB,2014B,0.1,0.10526315789473684,0.10256410256410256
630452,CCC,2014J,0.0,0.0,0.0
630452,FFF,2014B,0.0,0.0,0.0
630467,CCC,2014J,0.2,0.09090909090909091,0.12500000000000003
630479,CCC,2014J,0.15,0.11538461538461539,0.13043478260869565
630479,FFF,2014B,0.1,0.04878048780487805,0.06557377049180328
630488,FFF,2014B,0.05,0.03333333333333333,0.04
630496,GGG,2014B,0.25,0.2631578947368421,0.25641025641025644
630519,CCC,2014J,0.2,0.18181818181818182,0.1904761904761905
630519,EEE,2014J,0.45,0.5,0.4736842105263158
630522,GGG,2014B,0.15,0.375,0.21428571428571425
630540,CCC,2014B,0.0,0.0,0.0
630540,EEE,2014B,0.05,0.5,0.09090909090909091
630541,EEE,2014J,0.35,1.0,0.5185185185185185
630549,BBB,2014B,0.0,0.0,0.0
630561,BBB,2014B,0.1,0.6666666666666666,0.1739130434782609
630569,GGG,2014B,0.45,0.5294117647058824,0.48648648648648646
630585,CCC,2014B,0.0,0.0,0.0
630585,EEE,2014B,0.05,1.0,0.09523809523809523
630586,BBB,2014B,0.0,0.0,0.0
630596,DDD,2014B,0.65,0.19696969696969696,0.3023255813953488
630597,BBB,2014J,0.05,0.5,0.09090909090909091
630606,CCC,2014B,0.05,0.16666666666666666,0.07692307692307691
630606,EEE,2014B,0.05,0.2,0.08000000000000002
630608,BBB,2014B,0.0,0.0,0.0
630613,CCC,2014B,0.2,0.21052631578947367,0.20512820512820512
630613,DDD,2014B,0.1,0.034482758620689655,0.05128205128205129
630634,FFF,2014B,0.0,0.0,0.0
630635,CCC,2014B,0.15,0.13636363636363635,0.14285714285714282
630635,EEE,2014B,0.05,0.25,0.08333333333333334
630653,FFF,2014B,0.05,0.037037037037037035,0.0425531914893617
630654,FFF,2014B,0.2,0.10810810810810811,0.14035087719298245
630655,FFF,2014B,0.3,0.2857142857142857,0.2926829268292683
630671,FFF,2014B,0.05,0.06666666666666667,0.05714285714285715
630697,BBB,2014J,0.1,0.2222222222222222,0.13793103448275865
630716,BBB,2014J,0.15,0.17647058823529413,0.16216216216216214
630718,BBB,2014B,0.2,0.2857142857142857,0.23529411764705882
630722,EEE,2014B,0.3,0.75,0.4285714285714285
630730,CCC,2014B,0.35,0.25,0.2916666666666667
630734,FFF,2014B,0.55,0.13924050632911392,0.22222222222222224
630736,BBB,2014B,0.0,0.0,0.0
630759,FFF,2014B,0.0,0.0,0.0
630762,GGG,2014B,0.0,0.0,0.0
630763,BBB,2014B,0.15,0.375,0.21428571428571425
630770,GGG,2014B,0.3,0.35294117647058826,0.3243243243243243
630774,DDD,2014B,0.2,0.15384615384615385,0.17391304347826086
630778,BBB,2014B,0.1,0.06060606060606061,0.07547169811320756
630787,GGG,2014B,0.15,0.3333333333333333,0.20689655172413793
630788,GGG,2014B,0.1,0.125,0.11111111111111112
630794,BBB,2014B,0.0,0.0,0.0
630818,DDD,2014B,0.35,0.14,0.2
630823,BBB,2014B,0.05,0.1111111111111111,0.06896551724137932
630830,FFF,2014B,0.1,0.07407407407407407,0.0851063829787234
630834,BBB,2014J,0.4,0.3076923076923077,0.34782608695652173
630834,GGG,2014B,0.45,0.5625,0.5
630835,FFF,2014J,0.1,0.16666666666666666,0.125
630841,GGG,2014B,0.65,0.48148148148148145,0.553191489361702
630854,FFF,2014B,0.05,0.0625,0.05555555555555556
630858,DDD,2014J,0.05,0.034482758620689655,0.04081632653061224
630859,FFF,2014B,0.15,0.08571428571428572,0.10909090909090909
630863,GGG,2014B,0.3,0.3157894736842105,0.3076923076923077
630876,BBB,2014B,0.05,0.07142857142857142,0.058823529411764705
630881,GGG,2014B,0.2,0.2,0.20000000000000004
630888,EEE,2014B,0.2,0.5714285714285714,0.29629629629629634
630891,FFF,2014B,0.3,0.13953488372093023,0.1904761904761905
630896,CCC,2014B,0.1,0.16666666666666666,0.125
630900,DDD,2014J,0.15,0.3,0.2
630900,EEE,2014B,0.4,0.5333333333333333,0.4571428571428572
630905,CCC,2014J,0.2,0.10526315789473684,0.13793103448275862
630905,FFF,2014J,0.7,0.17721518987341772,0.2828282828282828
630910,FFF,2014J,0.2,0.0975609756097561,0.13114754098360656
630912,CCC,2014B,0.0,0.0,0.0
630912,FFF,2014B,0.0,0.0,0.0
630924,FFF,2014B,0.05,0.058823529411764705,0.05405405405405405
630935,CCC,2014J,0.25,0.25,0.25
630935,DDD,2014B,0.45,0.21428571428571427,0.29032258064516125
630937,FFF,2014B,0.1,0.05263157894736842,0.06896551724137931
630944,BBB,2014B,0.0,0.0,0.0
630946,GGG,2014B,0.4,0.5,0.4444444444444445
630948,DDD,2014B,0.3,0.16216216216216217,0.2105263157894737
630966,FFF,2014B,0.55,0.15492957746478872,0.24175824175824173
630992,FFF,2014J,0.1,0.2222222222222222,0.13793103448275865
631016,EEE,2014B,0.3,0.5454545454545454,0.3870967741935483
631023,FFF,2014B,0.4,0.12307692307692308,0.18823529411764708
631029,DDD,2014B,0.05,0.5,0.09090909090909091
631033,GGG,2014B,0.3,0.46153846153846156,0.3636363636363637
631044,CCC,2014B,0.2,0.16666666666666666,0.1818181818181818
631055,DDD,2014J,0.3,0.13636363636363635,0.18749999999999997
631073,CCC,2014J,0.1,0.2,0.13333333333333333
631073,EEE,2014B,0.4,0.8888888888888888,0.5517241379310346
631075,FFF,2014J,0.05,0.5,0.09090909090909091
631081,BBB,2014B,0.0,0.0,0.0
631086,BBB,2014B,0.0,0.0,0.0
631099,FFF,2014B,0.3,0.23076923076923078,0.2608695652173913
631104,FFF,2014B,0.25,0.14285714285714285,0.18181818181818182
631108,BBB,2014B,0.15,0.1875,0.16666666666666663
631109,BBB,2014B,0.1,0.15384615384615385,0.12121212121212123
631113,EEE,2014J,0.2,0.4444444444444444,0.2758620689655173
631117,CCC,2014J,0.1,0.05405405405405406,0.07017543859649122
631117,EEE,2014B,0.25,0.8333333333333334,0.3846153846153846
631122,CCC,2014B,0.0,0.0,0.0
631131,DDD,2014B,0.45,0.13043478260869565,0.20224719101123598
631132,BBB,2014B,0.05,0.125,0.07142857142857144
631189,GGG,2014B,0.15,0.42857142857142855,0.2222222222222222
631201,GGG,2014B,0.35,0.35,0.35
631207,DDD,2014B,0.0,0.0,0.0
631225,BBB,2014B,0.05,0.25,0.08333333333333334
631230,BBB,2014J,0.25,0.19230769230769232,0.2173913043478261
631235,FFF,2014B,0.05,0.0625,0.05555555555555556
631240,DDD,2014B,0.0,0.0,0.0
631240,DDD,2014J,0.05,0.05555555555555555,0.052631578947368425
631247,CCC,2014J,0.05,0.05,0.05000000000000001
631247,FFF,2014B,0.15,0.06521739130434782,0.09090909090909091
631248,BBB,2014J,0.45,0.3,0.36000000000000004
631257,DDD,2014B,0.2,0.1,0.13333333333333333
631277,GGG,2014B,0.25,0.35714285714285715,0.2941176470588235
631290,GGG,2014B,0.1,0.1111111111111111,0.10526315789473685
631299,DDD,2014B,0.05,0.1111111111111111,0.06896551724137932
631300,FFF,2014B,0.0,0.0,0.0
631311,FFF,2014B,0.1,0.10526315789473684,0.10256410256410256
631322,DDD,2014B,0.2,0.08888888888888889,0.12307692307692307
631327,FFF,2014B,0.05,0.125,0.07142857142857144
631334,CCC,2014B,0.05,0.06666666666666667,0.05714285714285715
631334,EEE,2014B,0.45,0.6428571428571429,0.5294117647058824
631341,BBB,2014B,0.1,1.0,0.18181818181818182
631356,EEE,2014B,0.2,0.5714285714285714,0.29629629629629634
631384,BBB,2014B,0.2,0.3076923076923077,0.24242424242424246
631388,DDD,2014B,0.15,0.05084745762711865,0.0759493670886076
631392,GGG,2014B,0.2,0.25,0.22222222222222224
631416,BBB,2014J,0.0,0.0,0.0
631439,DDD,2014B,0.1,0.06666666666666667,0.08
631441,BBB,2014B,0.0,0.0,0.0
631445,BBB,2014B,0.05,0.3333333333333333,0.08695652173913045
631446,GGG,2014B,0.3,0.5454545454545454,0.3870967741935483
631453,CCC,2014B,0.0,0.0,0.0
631453,EEE,2014B,0.3,0.6666666666666666,0.41379310344827586
631454,GGG,2014B,0.35,0.5,0.4117647058823529
631455,CCC,2014B,0.05,0.058823529411764705,0.05405405405405405
631467,FFF,2014B,0.05,0.038461538461538464,0.043478260869565216
631473,CCC,2014B,0.45,0.21951219512195122,0.29508196721311475
631473,FFF,2014B,0.55,0.19298245614035087,0.2857142857142857
631491,CCC,2014J,0.3,0.13333333333333333,0.18461538461538463
631492,BBB,2014B,0.05,0.25,0.08333333333333334
631509,EEE,2014B,0.1,0.6666666666666666,0.1739130434782609
631514,DDD,2014B,0.45,0.18,0.2571428571428572
631515,BBB,2014B,0.0,0.0,0.0
631530,BBB,2014B,0.2,0.5,0.28571428571428575
631542,GGG,2014B,0.15,0.2727272727272727,0.19354838709677416
631561,BBB,2014B,0.1,1.0,0.18181818181818182
631569,DDD,2014B,0.25,0.12195121951219512,0.16393442622950818
631573,CCC,2014J,0.3,0.17142857142857143,0.21818181818181817
631583,CCC,2014B,0.0,0.0,0.0
631603,DDD,2014J,0.05,0.05,0.05000000000000001
631613,BBB,2014B,0.0,0.0,0.0
631639,DDD,2014B,0.1,0.13333333333333333,0.1142857142857143
631640,BBB,2014J,0.1,0.4,0.16000000000000003
631650,BBB,2014B,0.0,0.0,0.0
631655,CCC,2014B,0.05,0.043478260869565216,0.046511627906976744
631655,EEE,2014B,0.1,0.3333333333333333,0.15384615384615383
631658,FFF,2014J,0.55,0.13253012048192772,0.21359223300970878
631663,CCC,2014J,0.2,0.14285714285714285,0.16666666666666666
631670,DDD,2014B,0.1,0.05714285714285714,0.07272727272727272
631673,FFF,2014B,0.35,0.2692307692307692,0.3043478260869565
631679,BBB,2014B,0.0,0.0,0.0
631680,FFF,2014B,0.35,0.20588235294117646,0.25925925925925924
631681,FFF,2014J,0.05,0.06666666666666667,0.05714285714285715
631699,CCC,2014B,0.05,0.037037037037037035,0.0425531914893617
631715,CCC,2014B,0.15,0.14285714285714285,0.14634146341463414
631715,FFF,2014J,0.15,0.10714285714285714,0.125
631719,FFF,2014B,0.05,0.0625,0.05555555555555556
631723,GGG,2014J,0.45,0.6428571428571429,0.5294117647058824
631724,BBB,2014B,0.0,0.0,0.0
631740,FFF,2014J,0.2,0.19047619047619047,0.1951219512195122
631753,GGG,2014B,0.2,0.5714285714285714,0.29629629629629634
631765,FFF,2014B,0.15,0.15789473684210525,0.15384615384615385
631766,BBB,2014B,0.15,0.25,0.18749999999999997
631771,CCC,2014J,0.4,0.18604651162790697,0.25396825396825395
631771,DDD,2014B,0.2,0.07692307692307693,0.1111111111111111
631772,CCC,2014B,0.05,0.05263157894736842,0.05128205128205128
631777,BBB,2014B,0.1,0.14285714285714285,0.11764705882352941
631786,GGG,2014B,0.3,0.6666666666666666,0.41379310344827586
631835,DDD,2014J,0.1,0.058823529411764705,0.07407407407407408
631837,FFF,2014J,0.4,0.09090909090909091,0.14814814814814814
631848,BBB,2014B,0.0,0.0,0.0
631850,CCC,2014B,0.0,0.0,0.0
631851,CCC,2014J,0.25,0.19230769230769232,0.2173913043478261
631851,DDD,2014B,0.2,0.125,0.15384615384615385
631853,FFF,2014B,0.15,0.16666666666666666,0.15789473684210525
631860,FFF,2014B,0.65,0.23636363636363636,0.3466666666666666
631870,CCC,2014J,0.0,0.0,0.0
631880,FFF,2014B,0.2,0.1111111111111111,0.14285714285714285
631884,FFF,2014B,0.4,0.21052631578947367,0.27586206896551724
631913,FFF,2014B,0.2,0.25,0.22222222222222224
631924,CCC,2014J,0.05,0.038461538461538464,0.043478260869565216
631924,FFF,2014J,0.2,0.18181818181818182,0.1904761904761905
631935,GGG,2014B,0.3,0.3157894736842105,0.3076923076923077
631953,GGG,2014B,0.35,0.7,0.4666666666666667
631954,BBB,2014J,0.3,0.35294117647058826,0.3243243243243243
631981,CCC,2014B,0.0,0.0,0.0
631998,DDD,2014J,0.05,0.05263157894736842,0.05128205128205128
632004,CCC,2014J,0.0,0.0,0.0
632004,EEE,2014B,0.25,0.7142857142857143,0.37037037037037035
632017,CCC,2014B,0.0,0.0,0.0
632019,FFF,2014B,0.15,0.125,0.13636363636363635
632044,FFF,2014B,0.15,0.15789473684210525,0.15384615384615385
632074,CCC,2014B,0.05,0.05555555555555555,0.052631578947368425
632074,EEE,2014B,0.25,0.7142857142857143,0.37037037037037035
632074,FFF,2014J,0.25,0.10638297872340426,0.1492537313432836
632078,FFF,2014B,0.15,0.17647058823529413,0.16216216216216214
632083,CCC,2014J,0.15,0.3,0.2
632083,EEE,2014B,0.05,0.3333333333333333,0.08695652173913045
632084,BBB,2014B,0.1,0.25,0.14285714285714288
632093,DDD,2014J,0.1,0.07142857142857142,0.08333333333333333
632111,CCC,2014B,0.0,0.0,0.0
632111,EEE,2014B,0.1,0.2222222222222222,0.13793103448275865
632114,FFF,2014B,0.1,0.125,0.11111111111111112
632125,DDD,2014B,0.05,0.2,0.08000000000000002
632148,BBB,2014B,0.1,0.5,0.16666666666666669
632153,GGG,2014B,0.2,0.5,0.28571428571428575
632161,GGG,2014J,0.35,0.35,0.35
632195,DDD,2014B,0.05,0.1111111111111111,0.06896551724137932
632205,DDD,2014B,0.05,0.1,0.06666666666666667
632215,DDD,2014B,0.15,0.08823529411764706,0.11111111111111112
632254,BBB,2014B,0.05,0.07142857142857142,0.058823529411764705
632255,BBB,2014J,0.0,0.0,0.0
632258,FFF,2014B,0.3,0.1016949152542373,0.1518987341772152
632266,GGG,2014J,0.4,0.5714285714285714,0.47058823529411764
632281,BBB,2014J,0.05,0.3333333333333333,0.08695652173913045
632290,FFF,2014J,0.35,0.20588235294117646,0.25925925925925924
632302,BBB,2014B,0.05,0.07692307692307693,0.060606060606060615
632305,DDD,2014B,0.0,0.0,0.0
632306,FFF,2014B,0.15,0.09375,0.11538461538461538
632313,CCC,2014B,0.05,0.041666666666666664,0.04545454545454545
632314,DDD,2014J,0.1,0.18181818181818182,0.12903225806451613
632316,FFF,2014B,0.25,0.16666666666666666,0.2
632339,FFF,2014B,0.5,0.19607843137254902,0.28169014084507044
632363,FFF,2014B,0.1,0.2222222222222222,0.13793103448275865
632365,GGG,2014J,0.45,0.5294117647058824,0.48648648648648646
632368,GGG,2014J,0.3,0.75,0.4285714285714285
632378,CCC,2014J,0.1,0.14285714285714285,0.11764705882352941
632379,FFF,2014B,0.1,0.1111111111111111,0.10526315789473685
632380,FFF,2014B,0.1,0.2,0.13333333333333333
632389,EEE,2014B,0.3,0.6,0.4
632402,FFF,2014B,0.45,0.2647058823529412,0.33333333333333337
632451,CCC,2014J,0.5,0.38461538461538464,0.4347826086956522
632454,BBB,2014B,0.25,0.5555555555555556,0.3448275862068966
632458,FFF,2014J,0.25,0.08771929824561403,0.12987012987012986
632459,CCC,2014B,0.1,0.125,0.11111111111111112
632459,EEE,2014B,0.45,0.75,0.5625000000000001
632475,GGG,2014B,0.4,0.6153846153846154,0.4848484848484849
632482,DDD,2014B,0.05,0.5,0.09090909090909091
632483,GGG,2014B,0.1,0.15384615384615385,0.12121212121212123
632485,GGG,2014B,0.45,0.5625,0.5
632503,BBB,2014B,0.25,0.13513513513513514,0.1754385964912281
632506,CCC,2014B,0.0,0.0,0.0
632512,GGG,2014B,0.5,0.5882352941176471,0.5405405405405405
632513,FFF,2014B,0.4,0.16,0.22857142857142856
632514,GGG,2014B,0.2,0.2857142857142857,0.23529411764705882
632526,GGG,2014B,0.65,0.5909090909090909,0.6190476190476191
632543,GGG,2014B,0.15,0.21428571428571427,0.1764705882352941
632544,FFF,2014B,0.4,0.16,0.22857142857142856
632546,CCC,2014B,0.0,0.0,0.0
632551,DDD,2014B,0.2,0.26666666666666666,0.2285714285714286
632554,CCC,2014B,0.4,0.27586206896551724,0.32653061224489793
632556,FFF,2014J,0.25,0.14705882352941177,0.18518518518518517
632559,GGG,2014B,0.3,0.4,0.34285714285714286
632569,GGG,2014B,0.5,0.5882352941176471,0.5405405405405405
632571,CCC,2014B,0.0,0.0,0.0
632575,CCC,2014J,0.15,0.15789473684210525,0.15384615384615385
632577,GGG,2014B,0.6,0.631578947368421,0.6153846153846154
632578,BBB,2014B,0.05,0.14285714285714285,0.07407407407407408
632588,FFF,2014B,0.25,0.125,0.16666666666666666
632597,CCC,2014B,0.0,0.0,0.0
632597,FFF,2014J,0.1,0.15384615384615385,0.12121212121212123
632605,BBB,2014J,0.15,0.6,0.24
632619,GGG,2014B,0.05,0.25,0.08333333333333334
632620,FFF,2014B,0.05,0.041666666666666664,0.04545454545454545
632623,FFF,2014B,0.0,0.0,0.0
632626,EEE,2014J,0.5,0.625,0.5555555555555556
632632,BBB,2014J,0.2,0.2,0.20000000000000004
632635,EEE,2014J,0.45,0.5625,0.5
632637,CCC,2014J,0.05,0.1,0.06666666666666667
632638,GGG,2014B,0.0,0.0,0.0
632640,GGG,2014B,0.15,0.42857142857142855,0.2222222222222222
632641,EEE,2014B,0.4,0.5,0.4444444444444445
632645,DDD,2014J,0.2,0.0975609756097561,0.13114754098360656
632658,BBB,2014B,0.05,0.2,0.08000000000000002
632667,GGG,2014B,0.5,0.5882352941176471,0.5405405405405405
632673,GGG,2014B,0.3,0.46153846153846156,0.3636363636363637
632675,GGG,2014B,0.3,0.4,0.34285714285714286
632680,DDD,2014B,0.15,0.06976744186046512,0.09523809523809525
632682,BBB,2014B,0.0,0.0,0.0
632687,GGG,2014B,0.15,0.16666666666666666,0.15789473684210525
632691,FFF,2014B,0.0,0.0,0.0
632698,FFF,2014B,0.2,0.18181818181818182,0.1904761904761905
632700,EEE,2014B,0.35,0.875,0.4999999999999999
632704,BBB,2014B,0.0,0.0,0.0
632705,FFF,2014B,0.1,0.07142857142857142,0.08333333333333333
632709,CCC,2014J,0.2,0.17391304347826086,0.18604651162790697
632712,BBB,2014B,0.05,0.3333333333333333,0.08695652173913045
632741,DDD,2014B,0.15,0.075,0.1
632752,BBB,2014B,0.0,0.0,0.0
632756,CCC,2014J,0.25,0.17857142857142858,0.20833333333333331
632790,DDD,2014B,0.3,0.11764705882352941,0.16901408450704228
632800,EEE,2014B,0.35,0.7777777777777778,0.48275862068965514
632823,BBB,2014B,0.0,0.0,0.0
632826,FFF,2014J,0.35,0.125,0.18421052631578946
632831,DDD,2014J,0.2,0.2857142857142857,0.23529411764705882
632836,CCC,2014B,0.05,0.04,0.044444444444444446
632836,FFF,2014J,0.4,0.10526315789473684,0.16666666666666666
632840,FFF,2014B,0.1,0.125,0.11111111111111112
632845,DDD,2014B,0.05,0.037037037037037035,0.0425531914893617
632848,FFF,2014B,0.4,0.1951219512195122,0.26229508196721313
632866,CCC,2014J,0.1,0.2222222222222222,0.13793103448275865
632869,BBB,2014B,0.0,0.0,0.0
632877,DDD,2014J,0.1,0.05128205128205128,0.06779661016949151
632883,EEE,2014B,0.15,0.6,0.24
632895,FFF,2014B,0.05,0.07142857142857142,0.058823529411764705
632900,CCC,2014B,0.05,0.125,0.07142857142857144
632904,EEE,2014B,0.35,0.6363636363636364,0.45161290322580644
632929,FFF,2014B,0.15,0.0967741935483871,0.11764705882352941
632936,GGG,2014B,0.15,0.15789473684210525,0.15384615384615385
632947,FFF,2014B,0.05,0.04,0.044444444444444446
632950,EEE,2014J,0.5,0.6666666666666666,0.5714285714285715
632955,BBB,2014J,0.1,0.14285714285714285,0.11764705882352941
632959,GGG,2014B,0.25,0.2631578947368421,0.25641025641025644
632966,GGG,2014B,0.05,1.0,0.09523809523809523
632977,EEE,2014B,0.35,0.7777777777777778,0.48275862068965514
632989,GGG,2014B,0.2,0.23529411764705882,0.2162162162162162
632991,FFF,2014B,0.3,0.16216216216216217,0.2105263157894737
633008,CCC,2014J,0.3,0.42857142857142855,0.3529411764705882
633008,DDD,2014B,0.1,0.05128205128205128,0.06779661016949151
633024,BBB,2014B,0.05,0.06666666666666667,0.05714285714285715
633026,GGG,2014B,0.3,0.5454545454545454,0.3870967741935483
633047,FFF,2014B,0.2,0.10526315789473684,0.13793103448275862
633060,GGG,2014J,0.15,0.3333333333333333,0.20689655172413793
633069,CCC,2014J,0.2,0.16666666666666666,0.1818181818181818
633077,FFF,2014B,0.2,0.14814814814814814,0.1702127659574468
633079,FFF,2014J,0.2,0.16,0.17777777777777778
633093,GGG,2014J,0.6,0.42857142857142855,0.5
633096,GGG,2014B,0.2,1.0,0.33333333333333337
633098,GGG,2014B,0.35,0.4117647058823529,0.37837837837837834
633107,EEE,2014B,0.25,0.7142857142857143,0.37037037037037035
633112,CCC,2014B,0.1,0.15384615384615385,0.12121212121212123
633118,GGG,2014B,0.05,0.16666666666666666,0.07692307692307691
633123,GGG,2014B,0.2,0.5714285714285714,0.29629629629629634
633130,BBB,2014B,0.1,0.15384615384615385,0.12121212121212123
633157,FFF,2014B,0.05,0.125,0.07142857142857144
633178,CCC,2014B,0.0,0.0,0.0
633179,CCC,2014J,0.0,0.0,0.0
633179,FFF,2014B,0.35,0.21212121212121213,0.26415094339622636
633193,BBB,2014B,0.15,0.2727272727272727,0.19354838709677416
633205,FFF,2014B,0.15,0.3,0.2
633208,BBB,2014B,0.05,0.25,0.08333333333333334
633209,GGG,2014B,0.1,0.3333333333333333,0.15384615384615383
633212,BBB,2014B,0.05,0.16666666666666666,0.07692307692307691
633214,DDD,2014B,0.05,0.2,0.08000000000000002
633219,FFF,2014B,0.35,0.2413793103448276,0.2857142857142857
633221,FFF,2014B,0.35,0.09210526315789473,0.14583333333333331
633238,FFF,2014B,0.15,0.07317073170731707,0.09836065573770492
633250,CCC,2014B,0.1,0.07692307692307693,0.08695652173913043
633256,CCC,2014B,0.0,0.0,0.0
633257,BBB,2014B,0.0,0.0,0.0
633270,CCC,2014B,0.0,0.0,0.0
633270,EEE,2014B,0.3,0.75,0.4285714285714285
633273,DDD,2014B,0.05,0.3333333333333333,0.08695652173913045
633281,CCC,2014B,0.05,0.06666666666666667,0.05714285714285715
633285,GGG,2014B,0.05,0.5,0.09090909090909091
633295,DDD,2014J,0.0,0.0,0.0
633303,CCC,2014J,0.0,0.0,0.0
633303,FFF,2014B,0.25,0.19230769230769232,0.2173913043478261
633304,EEE,2014B,0.05,0.25,0.08333333333333334
633310,CCC,2014B,0.05,0.2,0.08000000000000002
633310,EEE,2014B,0.1,1.0,0.18181818181818182
633319,FFF,2014B,0.35,0.11666666666666667,0.175
633325,DDD,2014B,0.1,0.1111111111111111,0.10526315789473685
633328,CCC,2014J,0.0,0.0,0.0
633328,FFF,2014B,0.55,0.1375,0.22000000000000003
633331,DDD,2014J,0.05,0.041666666666666664,0.04545454545454545
633334,EEE,2014B,0.05,0.3333333333333333,0.08695652173913045
633341,CCC,2014B,0.0,0.0,0.0
633341,DDD,2014B,0.0,0.0,0.0
633355,DDD,2014B,0.05,0.037037037037037035,0.0425531914893617
633368,DDD,2014B,0.1,0.07407407407407407,0.0851063829787234
633384,DDD,2014B,0.0,0.0,0.0
633386,BBB,2014B,0.0,0.0,0.0
633388,FFF,2014B,0.45,0.23076923076923078,0.3050847457627119
633409,DDD,2014J,0.05,0.05555555555555555,0.052631578947368425
633414,DDD,2014J,0.2,0.09523809523809523,0.12903225806451613
633417,GGG,2014B,0.15,0.5,0.23076923076923075
633424,GGG,2014J,0.45,0.5625,0.5
633429,GGG,2014B,0.25,0.2777777777777778,0.2631578947368421
633432,EEE,2014B,0.2,0.4444444444444444,0.2758620689655173
633447,CCC,2014B,0.05,0.3333333333333333,0.08695652173913045
633453,GGG,2014B,0.5,0.7142857142857143,0.588235294117647
633455,EEE,2014B,0.3,0.6,0.4
633459,GGG,2014B,0.3,0.2857142857142857,0.2926829268292683
633464,GGG,2014B,0.35,0.5384615384615384,0.4242424242424242
633467,DDD,2014B,0.15,0.10344827586206896,0.12244897959183673
633472,BBB,2014B,0.1,0.16666666666666666,0.125
633474,GGG,2014B,0.25,0.3333333333333333,0.28571428571428575
633491,BBB,2014B,0.0,0.0,0.0
633493,CCC,2014B,0.1,0.15384615384615385,0.12121212121212123
633498,GGG,2014B,0.1,1.0,0.18181818181818182
633499,BBB,2014B,0.0,0.0,0.0
633504,CCC,2014J,0.0,0.0,0.0
633504,FFF,2014B,0.05,0.1111111111111111,0.06896551724137932
633505,FFF,2014B,0.2,0.2857142857142857,0.23529411764705882
633511,CCC,2014J,0.3,0.3157894736842105,0.3076923076923077
633511,EEE,2014B,0.4,0.5714285714285714,0.47058823529411764
633514,GGG,2014B,0.25,0.5555555555555556,0.3448275862068966
633516,FFF,2014J,0.65,0.20634920634920634,0.3132530120481927
633530,EEE,2014B,0.25,0.8333333333333334,0.3846153846153846
633544,CCC,2014J,0.0,0.0,0.0
633544,EEE,2014B,0.25,0.5,0.3333333333333333
633555,FFF,2014J,0.3,0.1276595744680851,0.17910447761194026
633560,BBB,2014B,0.1,0.5,0.16666666666666669
633561,GGG,2014J,0.3,0.4,0.34285714285714286
633568,FFF,2014J,0.0,0.0,0.0
633570,BBB,2014B,0.1,0.15384615384615385,0.12121212121212123
633574,DDD,2014J,0.2,0.11428571428571428,0.14545454545454545
633585,GGG,2014B,0.0,0.0,0.0
633588,GGG,2014B,0.2,0.2857142857142857,0.23529411764705882
633590,BBB,2014B,0.05,0.2,0.08000000000000002
633591,DDD,2014B,0.2,0.19047619047619047,0.1951219512195122
633603,BBB,2014B,0.05,0.058823529411764705,0.05405405405405405
633605,EEE,2014B,0.2,0.4444444444444444,0.2758620689655173
633608,GGG,2014B,0.25,0.4166666666666667,0.3125
633609,GGG,2014B,0.2,0.26666666666666666,0.2285714285714286
633618,CCC,2014J,0.0,0.0,0.0
633618,DDD,2014J,0.1,0.125,0.11111111111111112
633625,FFF,2014B,0.0,0.0,0.0
633634,CCC,2014J,0.0,0.0,0.0
633634,EEE,2014B,0.25,0.625,0.35714285714285715
633643,GGG,2014B,0.4,0.4444444444444444,0.4210526315789474
633646,BBB,2014B,0.1,0.1111111111111111,0.10526315789473685
633647,CCC,2014J,0.4,0.3076923076923077,0.34782608695652173
633650,BBB,2014B,0.05,0.07142857142857142,0.058823529411764705
633655,CCC,2014J,0.1,0.0625,0.07692307692307693
633660,GGG,2014B,0.15,0.25,0.18749999999999997
633666,GGG,2014B,0.3,0.3157894736842105,0.3076923076923077
633669,BBB,2014B,0.1,0.4,0.16000000000000003
633682,GGG,2014B,0.35,0.4375,0.38888888888888884
633683,GGG,2014B,0.4,0.5,0.4444444444444445
633685,GGG,2014B,0.35,0.3333333333333333,0.3414634146341463
633690,GGG,2014B,0.1,0.25,0.14285714285714288
633691,FFF,2014B,0.0,0.0,0.0
633695,CCC,2014B,0.05,0.06666666666666667,0.05714285714285715
633695,EEE,2014B,0.35,0.875,0.4999999999999999
633716,EEE,2014B,0.3,0.46153846153846156,0.3636363636363637
633717,FFF,2014B,0.0,0.0,0.0
633722,CCC,2014B,0.25,0.14285714285714285,0.18181818181818182
633745,FFF,2014B,0.05,0.05555555555555555,0.052631578947368425
633746,CCC,2014J,0.15,0.08571428571428572,0.10909090909090909
633746,EEE,2014B,0.4,0.8,0.5333333333333333
633747,GGG,2014B,0.5,0.45454545454545453,0.47619047619047616
633756,FFF,2014B,0.1,0.09523809523809523,0.0975609756097561
633763,DDD,2014B,0.1,0.0625,0.07692307692307693
633764,DDD,2014B,0.15,0.21428571428571427,0.1764705882352941
633773,FFF,2014B,0.4,0.2222222222222222,0.2857142857142857
633818,GGG,2014J,0.15,0.1875,0.16666666666666663
633824,EEE,2014J,0.5,0.7142857142857143,0.588235294117647
633857,CCC,2014B,0.1,0.2222222222222222,0.13793103448275865
633864,DDD,2014B,0.05,0.05263157894736842,0.05128205128205128
633867,FFF,2014J,0.15,0.08571428571428572,0.10909090909090909
633902,BBB,2014J,0.4,0.3333333333333333,0.3636363636363636
633914,CCC,2014J,0.15,0.1111111111111111,0.12765957446808512
633914,EEE,2014J,0.5,0.7692307692307693,0.6060606060606061
633921,DDD,2014B,0.15,0.11538461538461539,0.13043478260869565
633923,GGG,2014B,0.2,0.36363636363636365,0.25806451612903225
633924,FFF,2014B,0.2,0.25,0.22222222222222224
633929,BBB,2014B,0.1,0.1111111111111111,0.10526315789473685
633931,FFF,2014J,0.7,0.2153846153846154,0.32941176470588235
633935,BBB,2014B,0.05,0.25,0.08333333333333334
633942,CCC,2014B,0.1,0.1111111111111111,0.10526315789473685
633949,BBB,2014J,0.3,0.18181818181818182,0.22641509433962265
633956,GGG,2014B,0.1,0.15384615384615385,0.12121212121212123
633960,CCC,2014J,0.15,0.375,0.21428571428571425
633960,DDD,2014B,0.2,0.09523809523809523,0.12903225806451613
633979,GGG,2014B,0.25,0.3125,0.2777777777777778
633983,FFF,2014B,0.05,0.05263157894736842,0.05128205128205128
633987,GGG,2014J,0.15,0.21428571428571427,0.1764705882352941
633998,CCC,2014B,0.05,0.08333333333333333,0.0625
633998,EEE,2014B,0.4,0.6666666666666666,0.5
634018,GGG,2014B,0.1,0.11764705882352941,0.1081081081081081
634019,GGG,2014J,0.55,0.4782608695652174,0.5116279069767442
634037,DDD,2014J,0.25,0.16129032258064516,0.19607843137254902
634047,DDD,2014J,0.1,0.125,0.11111111111111112
634057,FFF,2014B,0.05,1.0,0.09523809523809523
634058,BBB,2014B,0.0,0.0,0.0
634061,GGG,2014B,0.3,0.46153846153846156,0.3636363636363637
634070,FFF,2014B,0.55,0.1746031746031746,0.2650602409638554
634075,BBB,2014B,0.05,0.07692307692307693,0.060606060606060615
634076,GGG,2014B,0.15,0.1875,0.16666666666666663
634077,BBB,2014B,0.0,0.0,0.0
634088,FFF,2014J,0.3,0.15,0.2
634094,DDD,2014B,0.15,0.15789473684210525,0.15384615384615385
634094,EEE,2014J,0.15,0.3,0.2
634106,DDD,2014B,0.35,0.2,0.2545454545454545
634111,FFF,2014B,0.0,0.0,0.0
634119,CCC,2014J,0.25,0.3333333333333333,0.28571428571428575
634128,CCC,2014B,0.1,0.4,0.16000000000000003
634139,FFF,2014B,0.1,0.06060606060606061,0.07547169811320756
634155,FFF,2014B,0.15,0.05454545454545454,0.08
634157,CCC,2014B,0.1,0.13333333333333333,0.1142857142857143
634165,FFF,2014B,0.35,0.175,0.23333333333333334
634167,CCC,2014B,0.05,0.07692307692307693,0.060606060606060615
634178,DDD,2014B,0.2,0.08333333333333333,0.11764705882352941
634188,BBB,2014B,0.1,0.6666666666666666,0.1739130434782609
634193,EEE,2014B,0.35,0.6363636363636364,0.45161290322580644
634200,CCC,2014J,0.0,0.0,0.0
634200,FFF,2014B,0.05,0.058823529411764705,0.05405405405405405
634209,FFF,2014B,0.15,0.08108108108108109,0.10526315789473685
634216,CCC,2014B,0.25,0.29411764705882354,0.27027027027027023
634216,EEE,2014B,0.4,0.8,0.5333333333333333
634217,CCC,2014B,0.15,0.1875,0.16666666666666663
634230,BBB,2014B,0.15,0.2,0.17142857142857143
634234,GGG,2014B,0.25,0.45454545454545453,0.3225806451612903
634241,CCC,2014B,0.15,0.16666666666666666,0.15789473684210525
634241,EEE,2014B,0.2,0.6666666666666666,0.30769230769230765
634246,DDD,2014B,0.25,0.22727272727272727,0.23809523809523808
634247,BBB,2014J,0.05,0.25,0.08333333333333334
634258,GGG,2014B,0.0,0.0,0.0
634260,FFF,2014B,0.3,0.23076923076923078,0.2608695652173913
634265,BBB,2014B,0.0,0.0,0.0
634280,BBB,2014B,0.0,0.0,0.0
634286,BBB,2014B,0.15,0.2727272727272727,0.19354838709677416
634304,BBB,2014B,0.2,0.19047619047619047,0.1951219512195122
634305,DDD,2014J,0.05,0.02631578947368421,0.034482758620689655
634309,EEE,2014B,0.45,0.8181818181818182,0.5806451612903226
634316,GGG,2014B,0.25,0.38461538461538464,0.30303030303030304
634318,EEE,2014B,0.05,0.5,0.09090909090909091
634320,GGG,2014B,0.2,0.4,0.26666666666666666
634323,GGG,2014B,0.15,0.17647058823529413,0.16216216216216214
634343,FFF,2014B,0.15,0.05263157894736842,0.0779220779220779
634345,GGG,2014B,0.1,1.0,0.18181818181818182
634351,CCC,2014J,0.1,0.15384615384615385,0.12121212121212123
634351,DDD,2014B,0.05,0.05,0.05000000000000001
634365,CCC,2014J,0.25,0.1724137931034483,0.20408163265306123
634367,EEE,2014J,0.5,0.625,0.5555555555555556
634369,GGG,2014B,0.3,0.5454545454545454,0.3870967741935483
634383,DDD,2014B,0.15,0.06,0.08571428571428572
634404,GGG,2014B,0.55,0.6875,0.6111111111111112
634412,BBB,2014B,0.0,0.0,0.0
634420,DDD,2014B,0.65,0.16049382716049382,0.25742574257425743
634426,FFF,2014B,0.1,0.13333333333333333,0.1142857142857143
634427,FFF,2014B,0.05,0.06666666666666667,0.05714285714285715
634429,FFF,2014B,0.05,0.047619047619047616,0.04878048780487805
634430,FFF,2014B,0.1,0.15384615384615385,0.12121212121212123
634431,FFF,2014B,0.1,0.14285714285714285,0.11764705882352941
634435,FFF,2014B,0.05,0.045454545454545456,0.04761904761904762
634444,GGG,2014B,0.15,0.3,0.2
634461,GGG,2014B,0.05,0.3333333333333333,0.08695652173913045
634470,GGG,2014B,0.4,0.7272727272727273,0.5161290322580645
634472,BBB,2014B,0.0,0.0,0.0
634477,BBB,2014B,0.0,0.0,0.0
634479,FFF,2014B,0.05,0.5,0.09090909090909091
634481,BBB,2014B,0.1,0.6666666666666666,0.1739130434782609
634483,BBB,2014B,0.3,0.13953488372093023,0.1904761904761905
634491,BBB,2014B,0.0,0.0,0.0
634498,GGG,2014B,0.2,0.3333333333333333,0.25
634500,CCC,2014B,0.2,0.14285714285714285,0.16666666666666666
634500,FFF,2014B,0.05,0.0625,0.05555555555555556
634503,GGG,2014B,0.45,0.45,0.45
634507,CCC,2014B,0.1,0.1111111111111111,0.10526315789473685
634508,DDD,2014B,0.0,0.0,0.0
634508,DDD,2014J,0.1,0.2,0.13333333333333333
634512,CCC,2014B,0.35,0.21212121212121213,0.26415094339622636
634512,FFF,2014J,0.25,0.1724137931034483,0.20408163265306123
634526,FFF,2014J,0.5,0.15151515151515152,0.23255813953488375
634529,GGG,2014B,0.55,0.5789473684210527,0.5641025641025641
634530,GGG,2014B,0.45,0.5,0.4736842105263158
634536,CCC,2014J,0.0,0.0,0.0
634536,FFF,2014B,0.15,0.075,0.1
634539,FFF,2014B,0.0,0.0,0.0
634547,GGG,2014B,0.15,0.3333333333333333,0.20689655172413793
634551,GGG,2014B,0.35,0.4117647058823529,0.37837837837837834
634552,CCC,2014J,0.0,0.0,0.0
634552,EEE,2014J,0.3,0.42857142857142855,0.3529411764705882
634569,GGG,2014B,0.4,0.5714285714285714,0.47058823529411764
634570,CCC,2014B,0.2,0.3076923076923077,0.24242424242424246
634570,EEE,2014B,0.35,0.6363636363636364,0.45161290322580644
634583,GGG,2014B,0.3,0.6,0.4
634589,CCC,2014B,0.05,0.03333333333333333,0.04
634596,DDD,2014B,0.1,0.18181818181818182,0.12903225806451613
634600,CCC,2014J,0.0,0.0,0.0
634600,EEE,2014B,0.4,0.7272727272727273,0.5161290322580645
634606,BBB,2014B,0.0,0.0,0.0
634616,FFF,2014B,0.65,0.2653061224489796,0.3768115942028986
634618,CCC,2014B,0.0,0.0,0.0
634635,FFF,2014B,0.35,0.3333333333333333,0.3414634146341463
634636,BBB,2014J,0.15,0.23076923076923078,0.18181818181818185
634636,FFF,2014B,0.05,0.05555555555555555,0.052631578947368425
634646,DDD,2014J,0.05,0.037037037037037035,0.0425531914893617
634648,CCC,2014J,0.0,0.0,0.0
634648,DDD,2014B,0.0,0.0,0.0
634671,CCC,2014B,0.05,0.047619047619047616,0.04878048780487805
634681,DDD,2014B,0.1,0.06666666666666667,0.08
634693,DDD,2014J,0.05,1.0,0.09523809523809523
634715,BBB,2014B,0.1,0.2222222222222222,0.13793103448275865
634721,CCC,2014J,0.05,0.030303030303030304,0.03773584905660378
634721,EEE,2014J,0.4,0.4,0.4000000000000001
634737,EEE,2014B,0.15,0.75,0.24999999999999997
634746,GGG,2014B,0.55,0.6111111111111112,0.5789473684210527
634749,FFF,2014J,0.25,0.2777777777777778,0.2631578947368421
634751,GGG,2014B,0.2,0.36363636363636365,0.25806451612903225
634772,BBB,2014J,0.4,0.47058823529411764,0.4324324324324324
634776,EEE,2014J,0.15,0.15789473684210525,0.15384615384615385
634816,CCC,2014B,0.1,0.05263157894736842,0.06896551724137931
634817,EEE,2014B,0.35,0.7777777777777778,0.48275862068965514
634820,FFF,2014B,0.05,0.14285714285714285,0.07407407407407408
634824,CCC,2014J,0.05,0.05,0.05000000000000001
634824,DDD,2014B,0.1,0.05,0.06666666666666667
634833,BBB,2014B,0.05,0.06666666666666667,0.05714285714285715
634848,GGG,2014B,0.1,0.4,0.16000000000000003
634851,BBB,2014B,0.1,0.2222222222222222,0.13793103448275865
634853,CCC,2014B,0.35,0.23333333333333334,0.28
634862,CCC,2014B,0.25,0.21739130434782608,0.23255813953488372
634862,EEE,2014B,0.15,0.5,0.23076923076923075
634869,EEE,2014B,0.35,0.7,0.4666666666666667
634876,BBB,2014B,0.05,0.5,0.09090909090909091
634878,CCC,2014B,0.0,0.0,0.0
634879,EEE,2014J,0.4,0.47058823529411764,0.4324324324324324
634905,DDD,2014B,0.15,0.16666666666666666,0.15789473684210525
634909,DDD,2014B,0.0,0.0,0.0
634919,FFF,2014B,0.25,0.2777777777777778,0.2631578947368421
634924,FFF,2014B,0.7,0.3181818181818182,0.4375
634928,BBB,2014B,0.05,0.08333333333333333,0.0625
634940,EEE,2014J,0.45,0.75,0.5625000000000001
634944,BBB,2014B,0.1,0.09090909090909091,0.09523809523809525
634966,DDD,2014J,0.25,0.14285714285714285,0.18181818181818182
634976,BBB,2014B,0.15,0.21428571428571427,0.1764705882352941
634986,GGG,2014B,0.25,0.2631578947368421,0.25641025641025644
634999,FFF,2014B,0.25,0.14285714285714285,0.18181818181818182
635011,BBB,2014B,0.05,0.5,0.09090909090909091
635034,CCC,2014B,0.0,0.0,0.0
635034,FFF,2014B,0.05,0.0625,0.05555555555555556
635035,GGG,2014B,0.3,0.3157894736842105,0.3076923076923077
635041,EEE,2014B,0.1,0.4,0.16000000000000003
635043,CCC,2014B,0.1,0.14285714285714285,0.11764705882352941
635043,EEE,2014B,0.35,0.6363636363636364,0.45161290322580644
635052,GGG,2014B,0.1,0.3333333333333333,0.15384615384615383
635058,DDD,2014B,0.4,0.13559322033898305,0.20253164556962028
635100,DDD,2014B,0.0,0.0,0.0
635109,CCC,2014B,0.0,0.0,0.0
635109,EEE,2014B,0.15,0.75,0.24999999999999997
635113,BBB,2014B,0.15,0.6,0.24
635122,BBB,2014B,0.15,0.25,0.18749999999999997
635136,BBB,2014B,0.1,0.1111111111111111,0.10526315789473685
635141,DDD,2014B,0.05,0.07692307692307693,0.060606060606060615
635170,DDD,2014J,0.1,0.125,0.11111111111111112
635173,BBB,2014B,0.1,0.10526315789473684,0.10256410256410256
635184,FFF,2014J,0.0,0.0,0.0
635228,BBB,2014B,0.0,0.0,0.0
635230,BBB,2014B,0.1,0.14285714285714285,0.11764705882352941
635233,GGG,2014B,0.2,0.5,0.28571428571428575
635241,BBB,2014B,0.3,0.35294117647058826,0.3243243243243243
635244,BBB,2014B,0.05,0.2,0.08000000000000002
635246,BBB,2014B,0.0,0.0,0.0
635247,BBB,2014B,0.2,0.2222222222222222,0.2105263157894737
635255,DDD,2014J,0.0,0.0,0.0
635279,GGG,2014J,0.3,0.5,0.37499999999999994
635325,EEE,2014J,0.2,0.36363636363636365,0.25806451612903225
635328,BBB,2014J,0.15,0.375,0.21428571428571425
635334,GGG,2014J,0.4,0.6153846153846154,0.4848484848484849
635416,CCC,2014B,0.15,0.15,0.15
635418,DDD,2014J,0.0,0.0,0.0
635433,BBB,2014B,0.15,0.5,0.23076923076923075
635435,BBB,2014B,0.05,0.1,0.06666666666666667
635452,BBB,2014J,0.35,0.4666666666666667,0.4
635473,BBB,2014B,0.05,1.0,0.09523809523809523
635506,GGG,2014B,0.35,0.5384615384615384,0.4242424242424242
635564,EEE,2014J,0.3,0.6666666666666666,0.41379310344827586
635573,CCC,2014J,0.25,0.19230769230769232,0.2173913043478261
635591,BBB,2014B,0.05,0.08333333333333333,0.0625
635703,GGG,2014J,0.15,0.23076923076923078,0.18181818181818185
635711,CCC,2014J,0.2,0.2,0.20000000000000004
635719,GGG,2014J,0.3,0.21428571428571427,0.25
635720,EEE,2014J,0.4,0.7272727272727273,0.5161290322580645
635751,FFF,2014J,0.5,0.25,0.3333333333333333
635755,BBB,2014B,0.0,0.0,0.0
635761,BBB,2014B,0.0,0.0,0.0
635764,BBB,2014B,0.0,0.0,0.0
635771,BBB,2014B,0.05,0.2,0.08000000000000002
635773,BBB,2014B,0.0,0.0,0.0
635774,BBB,2014B,0.3,0.1935483870967742,0.23529411764705882
635777,BBB,2014J,0.35,0.30434782608695654,0.3255813953488372
635779,GGG,2014J,0.45,0.5625,0.5
635788,BBB,2014B,0.15,0.0967741935483871,0.11764705882352941
635795,FFF,2014J,0.3,0.0967741935483871,0.14634146341463414
635802,CCC,2014J,0.4,0.6153846153846154,0.4848484848484849
635813,GGG,2014B,0.25,0.4166666666666667,0.3125
635885,GGG,2014B,0.05,1.0,0.09523809523809523
635890,BBB,2014J,0.15,0.42857142857142855,0.2222222222222222
635903,FFF,2014J,0.05,0.1111111111111111,0.06896551724137932
635921,BBB,2014J,0.0,0.0,0.0
635924,BBB,2014J,0.2,0.2,0.20000000000000004
635953,EEE,2014J,0.55,0.7333333333333333,0.6285714285714286
635972,GGG,2014J,0.4,0.42105263157894735,0.41025641025641024
635988,GGG,2014J,0.25,1.0,0.4
635992,DDD,2014J,0.05,0.02702702702702703,0.03508771929824561
636000,CCC,2014J,0.3,0.23076923076923078,0.2608695652173913
636018,GGG,2014J,0.5,0.5882352941176471,0.5405405405405405
636124,CCC,2014J,0.0,0.0,0.0
636124,EEE,2014J,0.35,0.5833333333333334,0.4375
636282,GGG,2014J,0.35,0.4666666666666667,0.4
636283,GGG,2014J,0.25,0.5555555555555556,0.3448275862068966
636302,BBB,2014J,0.6,0.46153846153846156,0.5217391304347826
636314,FFF,2014J,0.25,0.1282051282051282,0.1694915254237288
636364,CCC,2014J,0.35,0.14583333333333334,0.20588235294117646
636364,DDD,2014J,0.0,0.0,0.0
636387,CCC,2014J,0.2,0.13333333333333333,0.16
636400,FFF,2014J,0.15,0.1,0.12
636408,FFF,2014J,0.45,0.47368421052631576,0.46153846153846156
636422,CCC,2014J,0.2,0.125,0.15384615384615385
636443,EEE,2014J,0.1,0.5,0.16666666666666669
636451,DDD,2014J,0.35,0.19444444444444445,0.25
636464,GGG,2014J,0.25,0.25,0.25
636467,EEE,2014J,0.45,0.8181818181818182,0.5806451612903226
636469,FFF,2014J,0.35,0.22580645161290322,0.2745098039215686
636484,DDD,2014J,0.1,0.16666666666666666,0.125
636503,DDD,2014J,0.15,0.15,0.15
636525,BBB,2014J,0.05,0.06666666666666667,0.05714285714285715
636547,FFF,2014J,0.2,0.4,0.26666666666666666
636554,GGG,2014J,0.15,0.16666666666666666,0.15789473684210525
636565,FFF,2014J,0.0,0.0,0.0
636594,DDD,2014J,0.0,0.0,0.0
636656,FFF,2014J,0.15,0.12,0.1333333333333333
636697,DDD,2014J,0.05,0.09090909090909091,0.06451612903225806
636704,FFF,2014J,0.3,0.21428571428571427,0.25
636716,CCC,2014J,0.05,0.3333333333333333,0.08695652173913045
636732,CCC,2014J,0.0,0.0,0.0
636783,CCC,2014J,0.05,0.05,0.05000000000000001
636783,FFF,2014J,0.2,0.17391304347826086,0.18604651162790697
636830,FFF,2014J,0.15,0.09375,0.11538461538461538
636832,FFF,2014J,0.3,0.1276595744680851,0.17910447761194026
636875,DDD,2014J,0.1,0.2857142857142857,0.14814814814814817
636996,CCC,2014J,0.35,0.25925925925925924,0.29787234042553196
636996,EEE,2014J,0.4,0.7272727272727273,0.5161290322580645
637003,BBB,2014J,0.35,0.3888888888888889,0.36842105263157887
637004,FFF,2014J,0.2,0.14285714285714285,0.16666666666666666
637063,BBB,2014J,0.45,0.32142857142857145,0.375
637067,GGG,2014J,0.35,0.5384615384615384,0.4242424242424242
637070,CCC,2014J,0.15,0.07317073170731707,0.09836065573770492
637123,EEE,2014J,0.25,0.45454545454545453,0.3225806451612903
637203,GGG,2014J,0.15,0.23076923076923078,0.18181818181818185
637206,GGG,2014J,0.4,0.5333333333333333,0.4571428571428572
637238,BBB,2014J,0.4,0.2857142857142857,0.3333333333333333
637279,BBB,2014J,0.3,0.75,0.4285714285714285
637280,GGG,2014J,0.5,0.47619047619047616,0.4878048780487805
637347,DDD,2014J,0.0,0.0,0.0
637348,BBB,2014J,0.0,0.0,0.0
637358,FFF,2014J,0.2,0.12903225806451613,0.1568627450980392
637370,BBB,2014J,0.45,0.45,0.45
637374,DDD,2014J,0.1,0.16666666666666666,0.125
637382,BBB,2014J,0.05,0.25,0.08333333333333334
637388,BBB,2014J,0.35,0.2916666666666667,0.31818181818181823
637401,EEE,2014J,0.35,1.0,0.5185185185185185
637414,BBB,2014J,0.2,0.23529411764705882,0.2162162162162162
637468,GGG,2014J,0.4,0.5714285714285714,0.47058823529411764
637473,DDD,2014J,0.25,0.09803921568627451,0.14084507042253522
637476,GGG,2014J,0.25,0.23809523809523808,0.24390243902439024
637496,GGG,2014J,0.15,0.23076923076923078,0.18181818181818185
637582,FFF,2014J,0.25,0.16129032258064516,0.19607843137254902
637586,BBB,2014J,0.25,0.2777777777777778,0.2631578947368421
637621,GGG,2014J,0.05,0.07692307692307693,0.060606060606060615
637624,EEE,2014J,0.15,0.23076923076923078,0.18181818181818185
637665,AAA,2014J,0.55,0.6875,0.6111111111111112
637691,CCC,2014J,0.15,0.15789473684210525,0.15384615384615385
637691,DDD,2014J,0.1,0.11764705882352941,0.1081081081081081
637708,CCC,2014J,0.0,0.0,0.0
637708,FFF,2014J,0.2,0.11764705882352941,0.14814814814814817
637715,BBB,2014J,0.25,0.22727272727272727,0.23809523809523808
637722,GGG,2014J,0.25,0.29411764705882354,0.27027027027027023
637754,CCC,2014J,0.15,0.10714285714285714,0.125
637810,BBB,2014J,0.2,0.5,0.28571428571428575
637815,BBB,2014J,0.45,0.375,0.4090909090909091
637820,BBB,2014J,0.05,0.25,0.08333333333333334
637906,FFF,2014J,0.15,0.14285714285714285,0.14634146341463414
637939,FFF,2014J,0.05,0.5,0.09090909090909091
637980,FFF,2014J,0.2,0.11428571428571428,0.14545454545454545
638007,GGG,2014J,0.4,0.2962962962962963,0.3404255319148936
638018,CCC,2014J,0.1,0.09090909090909091,0.09523809523809525
638018,EEE,2014J,0.15,0.3333333333333333,0.20689655172413793
638034,FFF,2014J,0.05,0.047619047619047616,0.04878048780487805
638051,DDD,2014J,0.0,0.0,0.0
638228,GGG,2014J,0.2,0.2,0.20000000000000004
638254,CCC,2014J,0.05,0.047619047619047616,0.04878048780487805
638257,EEE,2014J,0.15,0.5,0.23076923076923075
638384,DDD,2014J,0.05,0.030303030303030304,0.03773584905660378
638388,FFF,2014J,0.1,0.15384615384615385,0.12121212121212123
638411,FFF,2014J,0.55,0.12790697674418605,0.20754716981132076
638498,FFF,2014J,0.15,0.10714285714285714,0.125
638503,GGG,2014J,0.2,0.4,0.26666666666666666
638515,FFF,2014J,0.25,0.16129032258064516,0.19607843137254902
638516,BBB,2014J,0.85,0.40476190476190477,0.5483870967741935
638604,EEE,2014J,0.45,0.8181818181818182,0.5806451612903226
638625,FFF,2014J,0.5,0.14925373134328357,0.22988505747126436
638655,FFF,2014J,0.25,0.20833333333333334,0.22727272727272727
638677,FFF,2014J,0.0,0.0,0.0
638699,GGG,2014J,0.1,0.3333333333333333,0.15384615384615383
638756,BBB,2014J,0.0,0.0,0.0
638771,CCC,2014J,0.1,0.0625,0.07692307692307693
638831,FFF,2014J,0.05,0.08333333333333333,0.0625
638970,EEE,2014J,0.1,0.3333333333333333,0.15384615384615383
638997,BBB,2014J,0.35,0.3888888888888889,0.36842105263157887
639012,CCC,2014J,0.15,0.14285714285714285,0.14634146341463414
639012,EEE,2014J,0.2,0.5,0.28571428571428575
639028,FFF,2014J,0.5,0.23809523809523808,0.3225806451612903
639053,AAA,2014J,0.0,0.0,0.0
639181,GGG,2014J,0.45,0.5,0.4736842105263158
639194,EEE,2014J,0.2,0.6666666666666666,0.30769230769230765
639231,FFF,2014J,0.1,0.13333333333333333,0.1142857142857143
639234,FFF,2014J,0.1,0.6666666666666666,0.1739130434782609
639243,EEE,2014J,0.05,0.5,0.09090909090909091
639251,GGG,2014J,0.4,0.38095238095238093,0.3902439024390244
639253,EEE,2014J,0.65,0.43333333333333335,0.5199999999999999
639461,GGG,2014J,0.15,0.3,0.2
639514,DDD,2014J,0.2,0.10810810810810811,0.14035087719298245
639522,FFF,2014J,0.45,0.20454545454545456,0.28125000000000006
639663,BBB,2014J,0.2,0.3076923076923077,0.24242424242424246
639724,BBB,2014J,0.2,0.25,0.22222222222222224
639766,DDD,2014J,0.1,0.05555555555555555,0.07142857142857142
640098,FFF,2014J,0.1,0.07692307692307693,0.08695652173913043
640178,DDD,2014J,0.1,0.058823529411764705,0.07407407407407408
640225,BBB,2014J,0.15,0.23076923076923078,0.18181818181818185
640278,FFF,2014J,0.7,0.19444444444444445,0.30434782608695654
640307,EEE,2014J,0.3,0.6666666666666666,0.41379310344827586
640329,FFF,2014J,0.2,0.23529411764705882,0.2162162162162162
640425,BBB,2014J,0.05,0.3333333333333333,0.08695652173913045
640429,FFF,2014J,0.1,0.06896551724137931,0.08163265306122448
640439,EEE,2014J,0.1,0.2,0.13333333333333333
640455,BBB,2014J,0.05,0.2,0.08000000000000002
640505,GGG,2014J,0.2,0.2222222222222222,0.2105263157894737
640701,BBB,2014J,0.15,0.375,0.21428571428571425
640711,FFF,2014J,0.15,0.14285714285714285,0.14634146341463414
640752,FFF,2014J,0.35,0.175,0.23333333333333334
640753,BBB,2014J,0.05,0.5,0.09090909090909091
640773,CCC,2014J,0.1,0.10526315789473684,0.10256410256410256
640773,DDD,2014J,0.0,0.0,0.0
640836,DDD,2014J,0.15,0.15,0.15
640848,FFF,2014J,0.5,0.22727272727272727,0.3125
640892,FFF,2014J,0.35,0.15555555555555556,0.21538461538461537
640913,FFF,2014J,0.3,0.1276595744680851,0.17910447761194026
640927,FFF,2014J,0.4,0.16326530612244897,0.23188405797101447
640942,DDD,2014J,0.2,0.0975609756097561,0.13114754098360656
640975,DDD,2014J,0.1,0.05,0.06666666666666667
640982,DDD,2014J,0.1,0.08,0.08888888888888889
640995,GGG,2014J,0.1,0.25,0.14285714285714288
641073,GGG,2014J,0.05,1.0,0.09523809523809523
641085,FFF,2014J,0.0,0.0,0.0
641112,GGG,2014J,0.4,0.5333333333333333,0.4571428571428572
641116,EEE,2014J,0.45,0.75,0.5625000000000001
641134,GGG,2014J,0.05,1.0,0.09523809523809523
641137,FFF,2014J,0.3,0.21428571428571427,0.25
641200,EEE,2014J,0.5,0.8333333333333334,0.625
641253,DDD,2014J,0.1,0.05405405405405406,0.07017543859649122
641309,FFF,2014J,0.2,0.12121212121212122,0.15094339622641512
641311,FFF,2014J,0.5,0.19230769230769232,0.2777777777777778
641315,DDD,2014J,0.05,0.03333333333333333,0.04
641329,BBB,2014J,0.0,0.0,0.0
641363,CCC,2014J,0.0,0.0,0.0
641363,FFF,2014J,0.5,0.3225806451612903,0.39215686274509803
641401,FFF,2014J,0.1,0.08,0.08888888888888889
641434,GGG,2014J,0.15,0.2,0.17142857142857143
641452,GGG,2014J,0.1,0.3333333333333333,0.15384615384615383
641461,FFF,2014J,0.1,0.09523809523809523,0.0975609756097561
641547,FFF,2014J,0.1,0.07692307692307693,0.08695652173913043
641566,EEE,2014J,0.4,0.8,0.5333333333333333
641569,EEE,2014J,0.3,0.6,0.4
641609,DDD,2014J,0.05,0.14285714285714285,0.07407407407407408
641616,BBB,2014J,0.15,0.23076923076923078,0.18181818181818185
641696,CCC,2014J,0.05,0.04,0.044444444444444446
641744,DDD,2014J,0.25,0.0847457627118644,0.12658227848101267
641804,CCC,2014J,0.05,1.0,0.09523809523809523
641840,BBB,2014J,0.25,0.21739130434782608,0.23255813953488372
641864,FFF,2014J,0.35,0.14583333333333334,0.20588235294117646
641896,DDD,2014J,0.0,0.0,0.0
641899,EEE,2014J,0.4,0.8,0.5333333333333333
641914,FFF,2014J,0.2,0.12903225806451613,0.1568627450980392
642029,FFF,2014J,0.25,0.25,0.25
642056,FFF,2014J,0.25,0.19230769230769232,0.2173913043478261
642066,EEE,2014J,0.1,1.0,0.18181818181818182
642067,BBB,2014J,0.2,0.26666666666666666,0.2285714285714286
642083,BBB,2014J,0.35,0.35,0.35
642139,DDD,2014J,0.15,0.1875,0.16666666666666663
642181,GGG,2014J,0.1,0.25,0.14285714285714288
642196,GGG,2014J,0.2,0.6666666666666666,0.30769230769230765
642201,BBB,2014J,0.05,0.07142857142857142,0.058823529411764705
642291,CCC,2014J,0.25,0.35714285714285715,0.2941176470588235
642310,DDD,2014J,0.0,0.0,0.0
642342,EEE,2014J,0.45,0.9,0.6
642375,FFF,2014J,0.4,0.24242424242424243,0.30188679245283023
642396,EEE,2014J,0.0,0.0,0.0
642405,BBB,2014J,0.3,0.2857142857142857,0.2926829268292683
642413,BBB,2014J,0.25,0.35714285714285715,0.2941176470588235
642439,BBB,2014J,0.05,0.3333333333333333,0.08695652173913045
642443,DDD,2014J,0.05,0.047619047619047616,0.04878048780487805
642448,FFF,2014J,0.25,0.2,0.22222222222222224
642449,FFF,2014J,0.35,0.15217391304347827,0.21212121212121213
642474,DDD,2014J,0.1,0.08333333333333333,0.0909090909090909
642493,FFF,2014J,0.1,0.14285714285714285,0.11764705882352941
642498,FFF,2014J,0.15,0.15,0.15
642501,DDD,2014J,0.1,0.05714285714285714,0.07272727272727272
642512,EEE,2014J,0.05,1.0,0.09523809523809523
642528,GGG,2014J,0.2,0.2857142857142857,0.23529411764705882
642550,BBB,2014J,0.45,0.36,0.39999999999999997
642551,FFF,2014J,0.35,0.09333333333333334,0.14736842105263157
642561,GGG,2014J,0.15,0.21428571428571427,0.1764705882352941
642591,CCC,2014J,0.05,0.018867924528301886,0.027397260273972605
642591,EEE,2014J,0.4,0.6666666666666666,0.5
642595,BBB,2014J,0.4,0.2962962962962963,0.3404255319148936
642600,BBB,2014J,0.25,0.5,0.3333333333333333
642625,DDD,2014J,0.05,0.5,0.09090909090909091
642656,EEE,2014J,0.35,0.7,0.4666666666666667
642694,GGG,2014J,0.05,0.14285714285714285,0.07407407407407408
642698,BBB,2014J,0.35,0.3333333333333333,0.3414634146341463
642740,FFF,2014J,0.6,0.14634146341463414,0.23529411764705882
642750,FFF,2014J,0.4,0.18604651162790697,0.25396825396825395
642817,CCC,2014J,0.2,0.23529411764705882,0.2162162162162162
642821,GGG,2014J,0.5,0.5,0.5
642834,BBB,2014J,0.2,0.26666666666666666,0.2285714285714286
642838,CCC,2014J,0.05,0.25,0.08333333333333334
642838,DDD,2014J,0.0,0.0,0.0
642839,EEE,2014J,0.15,0.75,0.24999999999999997
642843,FFF,2014J,0.35,0.09333333333333334,0.14736842105263157
642850,CCC,2014J,0.1,0.25,0.14285714285714288
642851,GGG,2014J,0.55,0.6470588235294118,0.5945945945945946
642872,FFF,2014J,0.15,0.15789473684210525,0.15384615384615385
642879,GGG,2014J,0.15,0.2,0.17142857142857143
642883,GGG,2014J,0.3,0.5,0.37499999999999994
642900,GGG,2014J,0.1,0.18181818181818182,0.12903225806451613
642902,CCC,2014J,0.5,0.3125,0.38461538461538464
642905,GGG,2014J,0.2,0.2857142857142857,0.23529411764705882
642909,FFF,2014J,0.15,0.11538461538461539,0.13043478260869565
642949,GGG,2014J,0.1,0.18181818181818182,0.12903225806451613
642953,GGG,2014J,0.6,0.5714285714285714,0.5853658536585366
642968,GGG,2014J,0.05,0.25,0.08333333333333334
642989,GGG,2014J,0.4,0.5333333333333333,0.4571428571428572
643006,DDD,2014J,0.25,0.09803921568627451,0.14084507042253522
643036,DDD,2014J,0.1,0.14285714285714285,0.11764705882352941
643069,FFF,2014J,0.2,0.10256410256410256,0.13559322033898302
643077,EEE,2014J,0.5,0.6666666666666666,0.5714285714285715
643118,EEE,2014J,0.45,0.5625,0.5
643126,DDD,2014J,0.1,0.044444444444444446,0.061538461538461535
643168,EEE,2014J,0.3,0.5454545454545454,0.3870967741935483
643172,BBB,2014J,0.3,0.3333333333333333,0.3157894736842105
643199,CCC,2014J,0.0,0.0,0.0
643199,DDD,2014J,0.05,0.5,0.09090909090909091
643202,FFF,2014J,0.35,0.16666666666666666,0.22580645161290322
643206,GGG,2014J,0.2,0.3076923076923077,0.24242424242424246
643208,BBB,2014J,0.4,0.36363636363636365,0.380952380952381
643220,FFF,2014J,0.2,0.16666666666666666,0.1818181818181818
643267,EEE,2014J,0.3,0.6,0.4
643270,EEE,2014J,0.0,0.0,0.0
643273,FFF,2014J,0.05,0.043478260869565216,0.046511627906976744
643280,DDD,2014J,0.25,0.19230769230769232,0.2173913043478261
643285,DDD,2014J,0.15,0.09090909090909091,0.11320754716981132
643321,BBB,2014J,0.4,0.42105263157894735,0.41025641025641024
643323,GGG,2014J,0.45,0.4090909090909091,0.4285714285714286
643326,FFF,2014J,0.25,0.09259259259259259,0.13513513513513514
643354,BBB,2014J,0.3,0.5,0.37499999999999994
643403,CCC,2014J,0.25,0.1282051282051282,0.1694915254237288
643404,EEE,2014J,0.1,1.0,0.18181818181818182
643406,GGG,2014J,0.45,0.45,0.45
643416,EEE,2014J,0.2,0.6666666666666666,0.30769230769230765
643434,EEE,2014J,0.1,0.25,0.14285714285714288
643457,EEE,2014J,0.45,0.8181818181818182,0.5806451612903226
643466,FFF,2014J,0.1,0.08,0.08888888888888889
643477,FFF,2014J,0.4,0.21621621621621623,0.2807017543859649
643481,EEE,2014J,0.1,1.0,0.18181818181818182
643484,EEE,2014J,0.3,0.6,0.4
643496,FFF,2014J,0.2,0.25,0.22222222222222224
643502,FFF,2014J,0.35,0.22580645161290322,0.2745098039215686
643510,EEE,2014J,0.5,0.7142857142857143,0.588235294117647
643514,EEE,2014J,0.3,0.6666666666666666,0.41379310344827586
643529,GGG,2014J,0.2,0.5,0.28571428571428575
643531,EEE,2014J,0.35,0.7777777777777778,0.48275862068965514
643568,CCC,2014J,0.2,0.2,0.20000000000000004
643587,BBB,2014J,0.35,0.30434782608695654,0.3255813953488372
643591,FFF,2014J,0.15,0.125,0.13636363636363635
643619,GGG,2014J,0.5,0.5263157894736842,0.5128205128205129
643653,FFF,2014J,0.05,0.04,0.044444444444444446
643672,GGG,2014J,0.05,0.06666666666666667,0.05714285714285715
643705,EEE,2014J,0.4,0.47058823529411764,0.4324324324324324
643729,DDD,2014J,0.1,0.05555555555555555,0.07142857142857142
643751,FFF,2014J,0.5,0.14084507042253522,0.21978021978021978
643754,FFF,2014J,0.4,0.3076923076923077,0.34782608695652173
643757,FFF,2014J,0.15,0.6,0.24
643758,CCC,2014J,0.2,0.2222222222222222,0.2105263157894737
643758,DDD,2014J,0.05,0.25,0.08333333333333334
643770,EEE,2014J,0.3,0.6,0.4
643771,EEE,2014J,0.5,0.5882352941176471,0.5405405405405405
643970,GGG,2014J,0.5,0.5,0.5
643986,BBB,2014J,0.2,0.2857142857142857,0.23529411764705882
644025,FFF,2014J,0.2,0.125,0.15384615384615385
644061,GGG,2014J,0.5,0.6666666666666666,0.5714285714285715
644069,BBB,2014J,0.0,0.0,0.0
644072,EEE,2014J,0.4,0.7272727272727273,0.5161290322580645
644093,CCC,2014J,0.25,0.18518518518518517,0.2127659574468085
644105,GGG,2014J,0.2,1.0,0.33333333333333337
644113,EEE,2014J,0.4,1.0,0.5714285714285715
644144,GGG,2014J,0.35,0.35,0.35
644160,GGG,2014J,0.2,0.2857142857142857,0.23529411764705882
644164,BBB,2014J,0.3,0.2608695652173913,0.27906976744186046
644172,BBB,2014J,0.25,0.3333333333333333,0.28571428571428575
644188,GGG,2014J,0.2,0.4,0.26666666666666666
644210,FFF,2014J,0.2,0.16,0.17777777777777778
644226,GGG,2014J,0.3,0.6,0.4
644229,DDD,2014J,0.05,0.043478260869565216,0.046511627906976744
644242,CCC,2014J,0.2,0.13333333333333333,0.16
644246,CCC,2014J,0.2,0.16,0.17777777777777778
644246,EEE,2014J,0.55,0.7857142857142857,0.6470588235294117
644301,GGG,2014J,0.3,0.3,0.3
644343,FFF,2014J,0.3,0.23076923076923078,0.2608695652173913
644361,FFF,2014J,0.25,0.22727272727272727,0.23809523809523808
644362,BBB,2014J,0.35,0.2692307692307692,0.3043478260869565
644369,CCC,2014J,0.05,0.05555555555555555,0.052631578947368425
644369,FFF,2014J,0.25,0.2777777777777778,0.2631578947368421
644384,GGG,2014J,0.1,0.11764705882352941,0.1081081081081081
644409,DDD,2014J,0.35,0.14,0.2
644416,CCC,2014J,0.3,0.24,0.2666666666666666
644441,GGG,2014J,0.2,0.36363636363636365,0.25806451612903225
644450,FFF,2014J,0.7,0.18181818181818182,0.28865979381443296
644457,DDD,2014J,0.15,0.1111111111111111,0.12765957446808512
644470,GGG,2014J,0.3,0.42857142857142855,0.3529411764705882
644474,DDD,2014J,0.1,0.16666666666666666,0.125
644480,CCC,2014J,0.0,0.0,0.0
644480,EEE,2014J,0.35,0.7777777777777778,0.48275862068965514
644484,BBB,2014J,0.4,0.4,0.4000000000000001
644508,FFF,2014J,0.15,0.1875,0.16666666666666663
644514,EEE,2014J,0.55,0.4782608695652174,0.5116279069767442
644525,DDD,2014J,0.05,0.02702702702702703,0.03508771929824561
644742,EEE,2014J,0.35,0.7,0.4666666666666667
644743,GGG,2014J,0.2,0.3333333333333333,0.25
644761,FFF,2014J,0.2,0.16666666666666666,0.1818181818181818
644784,FFF,2014J,0.35,0.20588235294117646,0.25925925925925924
644791,FFF,2014J,0.4,0.16666666666666666,0.23529411764705882
644793,BBB,2014J,0.2,0.2222222222222222,0.2105263157894737
644794,EEE,2014J,0.15,0.375,0.21428571428571425
644818,FFF,2014J,0.15,0.13636363636363635,0.14285714285714282
644822,BBB,2014J,0.15,0.2727272727272727,0.19354838709677416
644828,CCC,2014J,0.0,0.0,0.0
644847,FFF,2014J,0.2,0.14285714285714285,0.16666666666666666
644863,BBB,2014J,0.0,0.0,0.0
644904,GGG,2014J,0.25,0.29411764705882354,0.27027027027027023
644936,FFF,2014J,0.65,0.2765957446808511,0.3880597014925373
644951,CCC,2014J,0.0,0.0,0.0
644956,DDD,2014J,0.2,0.1111111111111111,0.14285714285714285
644964,DDD,2014J,0.1,0.08695652173913043,0.09302325581395349
644974,CCC,2014J,0.0,0.0,0.0
644974,FFF,2014J,0.15,0.07142857142857142,0.09677419354838708
644990,GGG,2014J,0.4,0.5333333333333333,0.4571428571428572
644993,BBB,2014J,0.45,0.32142857142857145,0.375
645003,FFF,2014J,0.0,0.0,0.0
645020,FFF,2014J,0.15,0.15789473684210525,0.15384615384615385
645031,DDD,2014J,0.05,0.1111111111111111,0.06896551724137932
645047,BBB,2014J,0.5,0.3448275862068966,0.40816326530612246
645054,DDD,2014J,0.15,0.11538461538461539,0.13043478260869565
645078,FFF,2014J,0.25,0.1388888888888889,0.17857142857142858
645081,DDD,2014J,0.05,0.034482758620689655,0.04081632653061224
645098,BBB,2014J,0.45,0.32142857142857145,0.375
645124,CCC,2014J,0.4,0.36363636363636365,0.380952380952381
645126,EEE,2014J,0.55,1.0,0.7096774193548387
645144,CCC,2014J,0.4,0.24242424242424243,0.30188679245283023
645147,DDD,2014J,0.05,0.2,0.08000000000000002
645157,GGG,2014J,0.6,0.6666666666666666,0.631578947368421
645170,EEE,2014J,0.4,0.5714285714285714,0.47058823529411764
645174,CCC,2014J,0.0,0.0,0.0
645216,CCC,2014J,0.05,0.07142857142857142,0.058823529411764705
645219,DDD,2014J,0.2,0.10810810810810811,0.14035087719298245
645231,GGG,2014J,0.1,0.18181818181818182,0.12903225806451613
645232,GGG,2014J,0.55,0.6875,0.6111111111111112
645256,BBB,2014J,0.2,0.17391304347826086,0.18604651162790697
645319,EEE,2014J,0.35,0.7777777777777778,0.48275862068965514
645326,GGG,2014J,0.3,0.6,0.4
645334,CCC,2014J,0.15,0.13636363636363635,0.14285714285714282
645359,BBB,2014J,0.3,0.2727272727272727,0.28571428571428564
645369,CCC,2014J,0.1,0.08333333333333333,0.0909090909090909
645370,BBB,2014J,0.15,0.3333333333333333,0.20689655172413793
645377,GGG,2014J,0.35,0.3888888888888889,0.36842105263157887
645405,FFF,2014J,0.15,0.1,0.12
645425,DDD,2014J,0.0,0.0,0.0
645434,DDD,2014J,0.05,0.03125,0.038461538461538464
645451,EEE,2014J,0.6,0.5714285714285714,0.5853658536585366
645496,FFF,2014J,0.0,0.0,0.0
645499,DDD,2014J,0.05,0.045454545454545456,0.04761904761904762
645518,FFF,2014J,0.1,0.2,0.13333333333333333
645542,EEE,2014J,0.35,0.5384615384615384,0.4242424242424242
645551,DDD,2014J,0.1,0.07692307692307693,0.08695652173913043
645586,CCC,2014J,0.0,0.0,0.0
645586,FFF,2014J,0.4,0.2,0.26666666666666666
645598,GGG,2014J,0.4,0.4444444444444444,0.4210526315789474
645607,GGG,2014J,0.3,0.35294117647058826,0.3243243243243243
645639,BBB,2014J,0.1,0.4,0.16000000000000003
645678,BBB,2014J,0.2,0.36363636363636365,0.25806451612903225
645698,CCC,2014J,0.0,0.0,0.0
645705,FFF,2014J,0.1,0.058823529411764705,0.07407407407407408
645730,GGG,2014J,0.25,0.3125,0.2777777777777778
645732,FFF,2014J,0.15,0.23076923076923078,0.18181818181818185
645753,BBB,2014J,0.05,0.16666666666666666,0.07692307692307691
645770,CCC,2014J,0.2,0.2,0.20000000000000004
645784,FFF,2014J,0.45,0.10975609756097561,0.1764705882352941
645792,CCC,2014J,0.4,0.24242424242424243,0.30188679245283023
645792,DDD,2014J,0.25,0.13157894736842105,0.1724137931034483
645801,GGG,2014J,0.2,0.23529411764705882,0.2162162162162162
645818,DDD,2014J,0.0,0.0,0.0
645831,EEE,2014J,0.4,0.8,0.5333333333333333
645835,CCC,2014J,0.1,0.3333333333333333,0.15384615384615383
645840,FFF,2014J,0.3,0.0821917808219178,0.12903225806451613
645864,DDD,2014J,0.05,0.06666666666666667,0.05714285714285715
645876,GGG,2014J,0.15,0.1875,0.16666666666666663
645880,FFF,2014J,0.5,0.2702702702702703,0.3508771929824562
645889,EEE,2014J,0.15,0.25,0.18749999999999997
645928,GGG,2014J,0.25,0.3333333333333333,0.28571428571428575
645939,DDD,2014J,0.2,0.1,0.13333333333333333
645948,FFF,2014J,0.0,0.0,0.0
645950,BBB,2014J,0.3,0.5,0.37499999999999994
645960,FFF,2014J,0.35,0.25925925925925924,0.29787234042553196
645962,DDD,2014J,0.0,0.0,0.0
645969,GGG,2014J,0.25,0.3125,0.2777777777777778
645997,FFF,2014J,0.4,0.13333333333333333,0.2
646005,EEE,2014J,0.35,1.0,0.5185185185185185
646006,DDD,2014J,0.05,0.16666666666666666,0.07692307692307691
646015,FFF,2014J,0.15,0.125,0.13636363636363635
646017,FFF,2014J,0.2,0.13333333333333333,0.16
646040,EEE,2014J,0.25,0.5555555555555556,0.3448275862068966
646053,FFF,2014J,0.2,0.16666666666666666,0.1818181818181818
646063,BBB,2014J,0.3,0.42857142857142855,0.3529411764705882
646070,EEE,2014J,0.4,0.8888888888888888,0.5517241379310346
646071,CCC,2014J,0.4,0.26666666666666666,0.32
646071,EEE,2014J,0.3,0.5,0.37499999999999994
646074,FFF,2014J,0.35,0.18421052631578946,0.24137931034482757
646085,FFF,2014J,0.2,0.10526315789473684,0.13793103448275862
646090,DDD,2014J,0.2,0.10810810810810811,0.14035087719298245
646097,EEE,2014J,0.0,0.0,0.0
646119,BBB,2014J,0.25,0.2631578947368421,0.25641025641025644
646131,GGG,2014J,0.4,0.38095238095238093,0.3902439024390244
646138,FFF,2014J,0.1,0.07142857142857142,0.08333333333333333
646169,GGG,2014J,0.15,0.23076923076923078,0.18181818181818185
646173,CCC,2014J,0.15,0.08571428571428572,0.10909090909090909
646184,EEE,2014J,0.4,0.5,0.4444444444444445
646197,EEE,2014J,0.45,0.6,0.5142857142857143
646202,BBB,2014J,0.45,0.42857142857142855,0.4390243902439024
646260,BBB,2014J,0.2,0.8,0.32000000000000006
646313,FFF,2014J,0.1,0.05405405405405406,0.07017543859649122
646322,DDD,2014J,0.3,0.16216216216216217,0.2105263157894737
646342,GGG,2014J,0.2,0.6666666666666666,0.30769230769230765
646344,DDD,2014J,0.15,0.1,0.12
646351,CCC,2014J,0.2,0.17391304347826086,0.18604651162790697
646357,FFF,2014J,0.3,0.15789473684210525,0.20689655172413793
646359,DDD,2014J,0.1,0.09523809523809523,0.0975609756097561
646361,EEE,2014J,0.25,0.4166666666666667,0.3125
646363,CCC,2014J,0.0,0.0,0.0
646367,GGG,2014J,0.2,0.23529411764705882,0.2162162162162162
646402,FFF,2014J,0.1,0.125,0.11111111111111112
646406,CCC,2014J,0.15,0.14285714285714285,0.14634146341463414
646413,CCC,2014J,0.05,0.1111111111111111,0.06896551724137932
646415,BBB,2014J,0.1,1.0,0.18181818181818182
646418,BBB,2014J,0.15,0.5,0.23076923076923075
646430,GGG,2014J,0.35,0.5,0.4117647058823529
646432,GGG,2014J,0.15,0.3,0.2
646460,FFF,2014J,0.2,0.12121212121212122,0.15094339622641512
646481,CCC,2014J,0.0,0.0,0.0
646482,BBB,2014J,0.2,0.25,0.22222222222222224
646484,BBB,2014J,0.45,0.34615384615384615,0.3913043478260869
646489,DDD,2014J,0.0,0.0,0.0
646502,EEE,2014J,0.3,0.6666666666666666,0.41379310344827586
646508,GGG,2014J,0.3,0.46153846153846156,0.3636363636363637
646520,EEE,2014J,0.6,0.8571428571428571,0.7058823529411764
646539,FFF,2014J,0.3,0.2727272727272727,0.28571428571428564
646540,FFF,2014J,0.25,0.1388888888888889,0.17857142857142858
646547,EEE,2014J,0.1,0.25,0.14285714285714288
646551,FFF,2014J,0.15,0.09375,0.11538461538461538
646572,GGG,2014J,0.35,0.4117647058823529,0.37837837837837834
646576,GGG,2014J,0.3,0.24,0.2666666666666666
646579,BBB,2014J,0.4,0.36363636363636365,0.380952380952381
646581,EEE,2014J,0.3,0.8571428571428571,0.4444444444444444
646589,CCC,2014J,0.25,0.45454545454545453,0.3225806451612903
646589,DDD,2014J,0.05,0.07692307692307693,0.060606060606060615
646618,BBB,2014J,0.35,0.4117647058823529,0.37837837837837834
646638,FFF,2014J,0.1,0.09090909090909091,0.09523809523809525
646659,BBB,2014J,0.25,0.5,0.3333333333333333
646670,FFF,2014J,0.35,0.1891891891891892,0.24561403508771934
646685,GGG,2014J,0.25,0.5555555555555556,0.3448275862068966
646729,GGG,2014J,0.25,0.38461538461538464,0.30303030303030304
646734,FFF,2014J,0.05,1.0,0.09523809523809523
646750,FFF,2014J,0.25,0.19230769230769232,0.2173913043478261
646776,BBB,2014J,0.05,0.08333333333333333,0.0625
646778,FFF,2014J,0.2,0.23529411764705882,0.2162162162162162
646781,BBB,2014J,0.2,0.25,0.22222222222222224
646798,BBB,2014J,0.2,0.2857142857142857,0.23529411764705882
646815,EEE,2014J,0.05,0.5,0.09090909090909091
646836,DDD,2014J,0.05,0.3333333333333333,0.08695652173913045
646844,BBB,2014J,0.25,0.29411764705882354,0.27027027027027023
646852,BBB,2014J,0.1,1.0,0.18181818181818182
646857,GGG,2014J,0.45,0.5294117647058824,0.48648648648648646
646901,BBB,2014J,0.0,0.0,0.0
646903,EEE,2014J,0.55,0.5789473684210527,0.5641025641025641
646905,GGG,2014J,0.1,0.16666666666666666,0.125
646952,DDD,2014J,0.1,0.13333333333333333,0.1142857142857143
646953,GGG,2014J,0.0,0.0,0.0
646957,DDD,2014J,0.0,0.0,0.0
646990,FFF,2014J,0.25,0.16666666666666666,0.2
646998,CCC,2014J,0.05,0.09090909090909091,0.06451612903225806
646998,EEE,2014J,0.25,0.625,0.35714285714285715
647040,FFF,2014J,0.15,0.12,0.1333333333333333
647043,EEE,2014J,0.4,0.8,0.5333333333333333
647054,GGG,2014J,0.4,0.5,0.4444444444444445
647056,BBB,2014J,0.45,0.375,0.4090909090909091
647067,GGG,2014J,0.1,0.6666666666666666,0.1739130434782609
647083,CCC,2014J,0.0,0.0,0.0
647083,EEE,2014J,0.05,0.5,0.09090909090909091
647102,GGG,2014J,0.45,0.6,0.5142857142857143
647148,CCC,2014J,0.0,0.0,0.0
647148,EEE,2014J,0.4,0.6666666666666666,0.5
647154,FFF,2014J,0.3,0.2222222222222222,0.25531914893617025
647166,DDD,2014J,0.1,0.11764705882352941,0.1081081081081081
647169,FFF,2014J,0.4,0.1509433962264151,0.21917808219178084
647195,CCC,2014J,0.1,0.09090909090909091,0.09523809523809525
647200,BBB,2014J,0.25,0.23809523809523808,0.24390243902439024
647215,DDD,2014J,0.0,0.0,0.0
647218,DDD,2014J,0.0,0.0,0.0
647227,DDD,2014J,0.1,0.25,0.14285714285714288
647305,DDD,2014J,0.0,0.0,0.0
647320,FFF,2014J,0.2,0.17391304347826086,0.18604651162790697
647324,FFF,2014J,0.15,0.10344827586206896,0.12244897959183673
647346,BBB,2014J,0.35,0.30434782608695654,0.3255813953488372
647373,DDD,2014J,0.25,0.23809523809523808,0.24390243902439024
647385,BBB,2014J,0.4,0.34782608695652173,0.37209302325581395
647391,FFF,2014J,0.6,0.3076923076923077,0.4067796610169492
647393,BBB,2014J,0.35,0.28,0.3111111111111111
647395,BBB,2014J,0.2,0.4,0.26666666666666666
647398,FFF,2014J,0.2,0.2,0.20000000000000004
647399,FFF,2014J,0.4,0.24242424242424243,0.30188679245283023
647425,FFF,2014J,0.45,0.1111111111111111,0.1782178217821782
647464,CCC,2014J,0.1,0.15384615384615385,0.12121212121212123
647464,DDD,2014J,0.0,0.0,0.0
647466,EEE,2014J,0.35,0.7777777777777778,0.48275862068965514
647479,CCC,2014J,0.15,0.13636363636363635,0.14285714285714282
647485,FFF,2014J,0.55,0.2619047619047619,0.3548387096774194
647488,DDD,2014J,0.05,0.07142857142857142,0.058823529411764705
647496,FFF,2014J,0.1,0.16666666666666666,0.125
647553,BBB,2014J,0.1,0.11764705882352941,0.1081081081081081
647593,CCC,2014J,0.1,0.11764705882352941,0.1081081081081081
647605,DDD,2014J,0.3,0.14634146341463414,0.19672131147540983
647612,DDD,2014J,0.0,0.0,0.0
647645,EEE,2014J,0.4,0.7272727272727273,0.5161290322580645
647647,DDD,2014J,0.05,0.08333333333333333,0.0625
647761,GGG,2014J,0.55,0.5789473684210527,0.5641025641025641
647762,BBB,2014J,0.4,0.3076923076923077,0.34782608695652173
647763,CCC,2014J,0.15,0.10714285714285714,0.125
647764,BBB,2014J,0.45,0.375,0.4090909090909091
647765,FFF,2014J,0.1,0.06896551724137931,0.08163265306122448
647803,BBB,2014J,0.0,0.0,0.0
647841,FFF,2014J,0.55,0.21568627450980393,0.30985915492957744
647850,GGG,2014J,0.25,0.4166666666666667,0.3125
647865,CCC,2014J,0.0,0.0,0.0
647865,EEE,2014J,0.15,0.3,0.2
647879,DDD,2014J,0.15,0.1,0.12
647883,BBB,2014J,0.5,0.4166666666666667,0.45454545454545453
647888,CCC,2014J,0.0,0.0,0.0
647888,EEE,2014J,0.25,0.45454545454545453,0.3225806451612903
647893,GGG,2014J,0.25,0.38461538461538464,0.30303030303030304
647898,FFF,2014J,0.2,0.17391304347826086,0.18604651162790697
647910,FFF,2014J,0.0,0.0,0.0
647916,EEE,2014J,0.2,0.4444444444444444,0.2758620689655173
647919,EEE,2014J,0.45,0.8181818181818182,0.5806451612903226
647937,DDD,2014J,0.0,0.0,0.0
647945,FFF,2014J,0.1,0.13333333333333333,0.1142857142857143
647967,BBB,2014J,0.15,0.6,0.24
647982,BBB,2014J,0.1,0.14285714285714285,0.11764705882352941
647983,EEE,2014J,0.3,0.6666666666666666,0.41379310344827586
647986,GGG,2014J,0.25,0.2777777777777778,0.2631578947368421
647987,FFF,2014J,0.0,0.0,0.0
647988,EEE,2014J,0.3,0.375,0.33333333333333326
648001,EEE,2014J,0.5,0.7142857142857143,0.588235294117647
648023,GGG,2014J,0.05,0.5,0.09090909090909091
648027,FFF,2014J,0.3,0.17647058823529413,0.22222222222222224
648037,FFF,2014J,0.15,0.11538461538461539,0.13043478260869565
648038,FFF,2014J,0.1,0.10526315789473684,0.10256410256410256
648040,FFF,2014J,0.15,0.13636363636363635,0.14285714285714282
648049,GGG,2014J,0.2,0.5714285714285714,0.29629629629629634
648063,BBB,2014J,0.0,0.0,0.0
648083,GGG,2014J,0.55,0.5789473684210527,0.5641025641025641
648085,CCC,2014J,0.05,0.125,0.07142857142857144
648086,FFF,2014J,0.3,0.3157894736842105,0.3076923076923077
648090,EEE,2014J,0.45,0.6923076923076923,0.5454545454545455
648091,EEE,2014J,0.3,0.6666666666666666,0.41379310344827586
648100,GGG,2014J,0.4,0.4444444444444444,0.4210526315789474
648105,FFF,2014J,0.2,0.1111111111111111,0.14285714285714285
648114,FFF,2014J,0.25,0.2,0.22222222222222224
648116,FFF,2014J,0.1,0.18181818181818182,0.12903225806451613
648117,GGG,2014J,0.45,0.6923076923076923,0.5454545454545455
648130,AAA,2014J,0.05,0.2,0.08000000000000002
648135,BBB,2014J,0.1,0.16666666666666666,0.125
648136,EEE,2014J,0.05,0.25,0.08333333333333334
648140,CCC,2014J,0.0,0.0,0.0
648140,FFF,2014J,0.15,0.13636363636363635,0.14285714285714282
648161,CCC,2014J,0.15,0.17647058823529413,0.16216216216216214
648172,DDD,2014J,0.1,0.046511627906976744,0.06349206349206349
648178,GGG,2014J,0.15,0.3,0.2
648182,BBB,2014J,0.2,0.19047619047619047,0.1951219512195122
648183,DDD,2014J,0.1,0.05,0.06666666666666667
648194,BBB,2014J,0.3,0.24,0.2666666666666666
648201,BBB,2014J,0.15,1.0,0.2608695652173913
648207,GGG,2014J,0.2,0.3333333333333333,0.25
648254,FFF,2014J,0.15,0.11538461538461539,0.13043478260869565
648262,BBB,2014J,0.25,0.625,0.35714285714285715
648269,DDD,2014J,0.1,0.15384615384615385,0.12121212121212123
648274,GGG,2014J,0.2,0.18181818181818182,0.1904761904761905
648279,GGG,2014J,0.5,0.625,0.5555555555555556
648285,CCC,2014J,0.0,0.0,0.0
648285,EEE,2014J,0.15,0.5,0.23076923076923075
648287,FFF,2014J,0.3,0.2,0.24
648310,BBB,2014J,0.4,0.32,0.35555555555555557
648311,BBB,2014J,0.2,0.23529411764705882,0.2162162162162162
648321,CCC,2014J,0.15,0.6,0.24
648321,DDD,2014J,0.05,0.047619047619047616,0.04878048780487805
648354,EEE,2014J,0.3,0.6,0.4
648363,CCC,2014J,0.15,0.08823529411764706,0.11111111111111112
648365,FFF,2014J,0.6,0.15584415584415584,0.24742268041237114
648366,FFF,2014J,0.25,0.12195121951219512,0.16393442622950818
648369,CCC,2014J,0.1,0.05128205128205128,0.06779661016949151
648369,EEE,2014J,0.35,0.4375,0.38888888888888884
648370,EEE,2014J,0.55,0.6875,0.6111111111111112
648380,GGG,2014J,0.55,0.6875,0.6111111111111112
648416,BBB,2014J,0.1,0.15384615384615385,0.12121212121212123
648422,EEE,2014J,0.4,0.5333333333333333,0.4571428571428572
648428,DDD,2014J,0.0,0.0,0.0
648436,EEE,2014J,0.35,1.0,0.5185185185185185
648445,GGG,2014J,0.15,0.6,0.24
648449,BBB,2014J,0.6,0.4444444444444444,0.5106382978723405
648457,FFF,2014J,0.15,0.14285714285714285,0.14634146341463414
648469,EEE,2014J,0.4,0.6666666666666666,0.5
648470,FFF,2014J,0.3,0.20689655172413793,0.24489795918367346
648476,BBB,2014J,0.05,0.3333333333333333,0.08695652173913045
648487,BBB,2014J,0.0,0.0,0.0
648498,GGG,2014J,0.2,0.4444444444444444,0.2758620689655173
648522,GGG,2014J,0.4,0.5333333333333333,0.4571428571428572
648528,GGG,2014J,0.55,0.55,0.55
648531,FFF,2014J,0.15,0.08571428571428572,0.10909090909090909
648536,FFF,2014J,0.3,0.18181818181818182,0.22641509433962265
648537,BBB,2014J,0.15,0.16666666666666666,0.15789473684210525
648543,BBB,2014J,0.2,0.3076923076923077,0.24242424242424246
648549,BBB,2014J,0.25,0.23809523809523808,0.24390243902439024
648553,BBB,2014J,0.3,0.2608695652173913,0.27906976744186046
648564,FFF,2014J,0.1,0.125,0.11111111111111112
648570,DDD,2014J,0.05,0.09090909090909091,0.06451612903225806
648571,FFF,2014J,0.15,0.09090909090909091,0.11320754716981132
648585,BBB,2014J,0.05,0.1111111111111111,0.06896551724137932
648590,CCC,2014J,0.1,0.2857142857142857,0.14814814814814817
648590,FFF,2014J,0.05,0.09090909090909091,0.06451612903225806
648613,FFF,2014J,0.3,0.24,0.2666666666666666
648649,CCC,2014J,0.05,0.0625,0.05555555555555556
648654,EEE,2014J,0.15,0.5,0.23076923076923075
648676,BBB,2014J,0.05,1.0,0.09523809523809523
648685,FFF,2014J,0.15,0.08108108108108109,0.10526315789473685
648687,EEE,2014J,0.55,0.6875,0.6111111111111112
648693,BBB,2014J,0.3,0.4,0.34285714285714286
648713,BBB,2014J,0.55,0.36666666666666664,0.43999999999999995
648728,BBB,2014J,0.25,0.29411764705882354,0.27027027027027023
648750,GGG,2014J,0.0,0.0,0.0
648751,BBB,2014J,0.2,0.16666666666666666,0.1818181818181818
648760,BBB,2014J,0.15,0.3333333333333333,0.20689655172413793
648766,DDD,2014J,0.0,0.0,0.0
648778,BBB,2014J,0.4,0.42105263157894735,0.41025641025641024
648781,CCC,2014J,0.3,0.17142857142857143,0.21818181818181817
648787,EEE,2014J,0.45,0.6923076923076923,0.5454545454545455
648804,FFF,2014J,0.0,0.0,0.0
648807,BBB,2014J,0.3,0.2857142857142857,0.2926829268292683
648815,FFF,2014J,0.85,0.19767441860465115,0.32075471698113206
648818,CCC,2014J,0.1,0.125,0.11111111111111112
648841,DDD,2014J,0.15,0.42857142857142855,0.2222222222222222
648843,EEE,2014J,0.35,0.875,0.4999999999999999
648845,BBB,2014J,0.25,0.29411764705882354,0.27027027027027023
648854,CCC,2014J,0.15,0.13043478260869565,0.13953488372093023
648854,DDD,2014J,0.25,0.1724137931034483,0.20408163265306123
648898,DDD,2014J,0.05,0.034482758620689655,0.04081632653061224
648902,EEE,2014J,0.35,0.3888888888888889,0.36842105263157887
648903,FFF,2014J,0.2,0.13333333333333333,0.16
648920,DDD,2014J,0.15,0.0967741935483871,0.11764705882352941
648942,EEE,2014J,0.25,0.4166666666666667,0.3125
648951,BBB,2014J,0.2,0.4444444444444444,0.2758620689655173
648972,FFF,2014J,0.15,0.13636363636363635,0.14285714285714282
648983,GGG,2014J,0.4,0.5,0.4444444444444445
649004,FFF,2014J,0.6,0.17142857142857143,0.26666666666666666
649009,FFF,2014J,0.0,0.0,0.0
649014,DDD,2014J,0.1,0.08333333333333333,0.0909090909090909
649018,BBB,2014J,0.0,0.0,0.0
649025,BBB,2014J,0.3,0.3157894736842105,0.3076923076923077
649041,DDD,2014J,0.15,0.5,0.23076923076923075
649069,EEE,2014J,0.3,0.6666666666666666,0.41379310344827586
649078,DDD,2014J,0.0,0.0,0.0
649079,FFF,2014J,0.2,0.06779661016949153,0.10126582278481014
649084,FFF,2014J,0.45,0.16666666666666666,0.24324324324324323
649090,DDD,2014J,0.05,0.1,0.06666666666666667
649093,FFF,2014J,0.45,0.2571428571428571,0.32727272727272727
649095,GGG,2014J,0.35,0.35,0.35
649105,CCC,2014J,0.05,0.034482758620689655,0.04081632653061224
649110,BBB,2014J,0.2,0.26666666666666666,0.2285714285714286
649118,FFF,2014J,0.45,0.23684210526315788,0.3103448275862069
649119,BBB,2014J,0.5,0.47619047619047616,0.4878048780487805
649129,CCC,2014J,0.05,0.09090909090909091,0.06451612903225806
649141,CCC,2014J,0.05,0.5,0.09090909090909091
649141,FFF,2014J,0.15,0.5,0.23076923076923075
649159,FFF,2014J,0.1,0.15384615384615385,0.12121212121212123
649165,FFF,2014J,0.55,0.3793103448275862,0.4489795918367347
649171,EEE,2014J,0.45,0.6923076923076923,0.5454545454545455
649189,BBB,2014J,0.35,0.30434782608695654,0.3255813953488372
649194,GGG,2014J,0.2,0.18181818181818182,0.1904761904761905
649206,GGG,2014J,0.5,0.625,0.5555555555555556
649207,FFF,2014J,0.2,0.08,0.11428571428571428
649212,FFF,2014J,0.15,0.11538461538461539,0.13043478260869565
649214,DDD,2014J,0.05,0.03571428571428571,0.041666666666666664
649215,EEE,2014J,0.35,0.7777777777777778,0.48275862068965514
649221,BBB,2014J,0.3,0.2608695652173913,0.27906976744186046
649231,BBB,2014J,0.3,0.2857142857142857,0.2926829268292683
649255,EEE,2014J,0.1,0.4,0.16000000000000003
649258,FFF,2014J,0.2,0.13333333333333333,0.16
649284,FFF,2014J,0.05,0.041666666666666664,0.04545454545454545
649291,BBB,2014J,0.45,0.47368421052631576,0.46153846153846156
649321,DDD,2014J,0.1,0.1111111111111111,0.10526315789473685
649339,EEE,2014J,0.75,0.75,0.75
649343,CCC,2014J,0.15,0.11538461538461539,0.13043478260869565
649343,EEE,2014J,0.15,0.2727272727272727,0.19354838709677416
649345,BBB,2014J,0.15,0.25,0.18749999999999997
649379,FFF,2014J,0.4,0.23529411764705882,0.29629629629629634
649383,DDD,2014J,0.1,0.2857142857142857,0.14814814814814817
649400,FFF,2014J,0.2,0.23529411764705882,0.2162162162162162
649413,DDD,2014J,0.35,0.175,0.23333333333333334
649434,FFF,2014J,0.35,0.2413793103448276,0.2857142857142857
649435,FFF,2014J,0.25,0.2,0.22222222222222224
649457,FFF,2014J,0.2,0.21052631578947367,0.20512820512820512
649514,DDD,2014J,0.15,0.15,0.15
649518,BBB,2014J,0.1,0.15384615384615385,0.12121212121212123
649552,DDD,2014J,0.05,0.25,0.08333333333333334
649578,BBB,2014J,0.15,0.6,0.24
649592,CCC,2014J,0.05,0.0625,0.05555555555555556
649604,CCC,2014J,0.05,0.2,0.08000000000000002
649614,DDD,2014J,0.2,0.14285714285714285,0.16666666666666666
649619,FFF,2014J,0.2,0.12903225806451613,0.1568627450980392
649621,BBB,2014J,0.25,0.5,0.3333333333333333
649637,EEE,2014J,0.3,0.5454545454545454,0.3870967741935483
649654,BBB,2014J,0.35,0.3181818181818182,0.3333333333333333
649667,EEE,2014J,0.5,0.7692307692307693,0.6060606060606061
649688,DDD,2014J,0.05,0.058823529411764705,0.05405405405405405
649713,EEE,2014J,0.2,0.4444444444444444,0.2758620689655173
649718,EEE,2014J,0.3,0.6666666666666666,0.41379310344827586
649735,FFF,2014J,0.05,0.06666666666666667,0.05714285714285715
649738,EEE,2014J,0.4,0.5,0.4444444444444445
649742,BBB,2014J,0.25,0.3333333333333333,0.28571428571428575
649745,DDD,2014J,0.4,0.21052631578947367,0.27586206896551724
649749,BBB,2014J,0.5,0.38461538461538464,0.4347826086956522
649761,CCC,2014J,0.3,0.2727272727272727,0.28571428571428564
649780,DDD,2014J,0.1,0.0625,0.07692307692307693
649795,BBB,2014J,0.4,0.4,0.4000000000000001
649806,FFF,2014J,0.0,0.0,0.0
649816,CCC,2014J,0.15,0.1875,0.16666666666666663
649819,DDD,2014J,0.05,0.14285714285714285,0.07407407407407408
649824,BBB,2014J,0.2,0.23529411764705882,0.2162162162162162
649840,CCC,2014J,0.4,0.25,0.3076923076923077
649843,EEE,2014J,0.2,0.4444444444444444,0.2758620689655173
649867,GGG,2014J,0.35,0.30434782608695654,0.3255813953488372
649868,CCC,2014J,0.1,0.3333333333333333,0.15384615384615383
649880,DDD,2014J,0.05,0.1,0.06666666666666667
649905,BBB,2014J,0.05,0.1,0.06666666666666667
649909,GGG,2014J,0.45,0.6,0.5142857142857143
649943,EEE,2014J,0.3,0.6666666666666666,0.41379310344827586
649949,DDD,2014J,0.1,0.2222222222222222,0.13793103448275865
649952,FFF,2014J,0.7,0.2692307692307692,0.3888888888888889
649962,BBB,2014J,0.1,0.2222222222222222,0.13793103448275865
649979,FFF,2014J,0.1,0.1111111111111111,0.10526315789473685
650010,DDD,2014J,0.05,0.09090909090909091,0.06451612903225806
650027,EEE,2014J,0.45,0.6923076923076923,0.5454545454545455
650031,FFF,2014J,0.05,0.25,0.08333333333333334
650054,FFF,2014J,0.15,0.5,0.23076923076923075
650091,DDD,2014J,0.05,1.0,0.09523809523809523
650099,CCC,2014J,0.0,0.0,0.0
650105,CCC,2014J,0.0,0.0,0.0
650108,FFF,2014J,0.3,0.11320754716981132,0.1643835616438356
650114,BBB,2014J,0.2,0.36363636363636365,0.25806451612903225
650145,CCC,2014J,0.0,0.0,0.0
650145,EEE,2014J,0.3,1.0,0.4615384615384615
650160,FFF,2014J,0.2,0.14814814814814814,0.1702127659574468
650161,BBB,2014J,0.55,0.4782608695652174,0.5116279069767442
650164,EEE,2014J,0.45,0.5,0.4736842105263158
650232,DDD,2014J,0.1,0.18181818181818182,0.12903225806451613
650247,BBB,2014J,0.25,0.29411764705882354,0.27027027027027023
650251,FFF,2014J,0.1,0.058823529411764705,0.07407407407407408
650268,GGG,2014J,0.45,0.47368421052631576,0.46153846153846156
650269,BBB,2014J,0.3,0.5,0.37499999999999994
650279,DDD,2014J,0.4,0.21621621621621623,0.2807017543859649
650316,GGG,2014J,0.25,0.4166666666666667,0.3125
650330,EEE,2014J,0.5,0.7142857142857143,0.588235294117647
650341,CCC,2014J,0.0,0.0,0.0
650341,EEE,2014J,0.1,0.16666666666666666,0.125
650363,FFF,2014J,0.3,0.11320754716981132,0.1643835616438356
650370,CCC,2014J,0.0,0.0,0.0
650370,FFF,2014J,0.15,0.08823529411764706,0.11111111111111112
650371,BBB,2014J,0.15,0.2727272727272727,0.19354838709677416
650376,DDD,2014J,0.0,0.0,0.0
650388,GGG,2014J,0.1,0.4,0.16000000000000003
650420,DDD,2014J,0.2,0.16,0.17777777777777778
650424,FFF,2014J,0.25,0.11904761904761904,0.16129032258064516
650434,DDD,2014J,0.35,0.15217391304347827,0.21212121212121213
650442,DDD,2014J,0.1,0.06451612903225806,0.0784313725490196
650461,FFF,2014J,0.15,0.13636363636363635,0.14285714285714282
650469,FFF,2014J,0.15,0.17647058823529413,0.16216216216216214
650471,EEE,2014J,0.35,0.875,0.4999999999999999
650473,FFF,2014J,0.15,0.1,0.12
650478,DDD,2014J,0.5,0.20833333333333334,0.29411764705882354
650503,GGG,2014J,0.05,0.1111111111111111,0.06896551724137932
650504,EEE,2014J,0.35,0.3888888888888889,0.36842105263157887
650511,CCC,2014J,0.05,0.09090909090909091,0.06451612903225806
650533,EEE,2014J,0.45,0.75,0.5625000000000001
650565,BBB,2014J,0.25,0.5555555555555556,0.3448275862068966
650570,FFF,2014J,0.3,0.13333333333333333,0.18461538461538463
650575,EEE,2014J,0.45,0.9,0.6
650592,EEE,2014J,0.3,0.6,0.4
650606,BBB,2014J,0.15,0.15789473684210525,0.15384615384615385
650630,GGG,2014J,0.05,0.05555555555555555,0.052631578947368425
650642,DDD,2014J,0.4,0.24242424242424243,0.30188679245283023
650652,GGG,2014J,0.25,0.3125,0.2777777777777778
650666,EEE,2014J,0.5,0.9090909090909091,0.6451612903225806
650684,DDD,2014J,0.1,0.08333333333333333,0.0909090909090909
650698,GGG,2014J,0.0,0.0,0.0
650711,DDD,2014J,0.1,0.08695652173913043,0.09302325581395349
650734,EEE,2014J,0.3,0.6666666666666666,0.41379310344827586
650751,GGG,2014J,0.2,0.4444444444444444,0.2758620689655173
650752,EEE,2014J,0.05,1.0,0.09523809523809523
650770,EEE,2014J,0.15,0.5,0.23076923076923075
650787,CCC,2014J,0.0,0.0,0.0
650797,BBB,2014J,0.1,0.15384615384615385,0.12121212121212123
650816,EEE,2014J,0.45,0.5625,0.5
650850,DDD,2014J,0.05,0.5,0.09090909090909091
650856,CCC,2014J,0.05,0.07692307692307693,0.060606060606060615
650856,EEE,2014J,0.5,0.625,0.5555555555555556
650863,CCC,2014J,0.2,0.18181818181818182,0.1904761904761905
650866,FFF,2014J,0.5,0.1282051282051282,0.2040816326530612
650901,GGG,2014J,0.45,0.6428571428571429,0.5294117647058824
650923,FFF,2014J,0.2,0.10810810810810811,0.14035087719298245
650926,EEE,2014J,0.3,0.6,0.4
650927,EEE,2014J,0.5,0.35714285714285715,0.41666666666666663
650946,DDD,2014J,0.2,0.11764705882352941,0.14814814814814817
650947,DDD,2014J,0.1,0.07142857142857142,0.08333333333333333
650953,BBB,2014J,0.05,0.2,0.08000000000000002
650957,DDD,2014J,0.1,0.13333333333333333,0.1142857142857143
650958,BBB,2014J,0.45,0.4090909090909091,0.4285714285714286
650960,FFF,2014J,0.35,0.15555555555555556,0.21538461538461537
650979,BBB,2014J,0.0,0.0,0.0
650987,EEE,2014J,0.05,0.5,0.09090909090909091
650993,DDD,2014J,0.1,0.043478260869565216,0.06060606060606061
651008,BBB,2014J,0.25,0.2777777777777778,0.2631578947368421
651015,EEE,2014J,0.35,0.7,0.4666666666666667
651027,BBB,2014J,0.1,0.4,0.16000000000000003
651040,FFF,2014J,0.3,0.1875,0.23076923076923075
651061,DDD,2014J,0.05,0.0625,0.05555555555555556
651065,BBB,2014J,0.1,0.2,0.13333333333333333
651120,DDD,2014J,0.6,0.2608695652173913,0.36363636363636365
651121,FFF,2014J,0.1,0.09090909090909091,0.09523809523809525
651126,FFF,2014J,0.2,0.1111111111111111,0.14285714285714285
651148,BBB,2014J,0.3,0.3333333333333333,0.3157894736842105
651155,EEE,2014J,0.4,0.6666666666666666,0.5
651159,CCC,2014J,0.15,0.1875,0.16666666666666663
651177,BBB,2014J,0.4,0.36363636363636365,0.380952380952381
651182,FFF,2014J,0.35,0.3181818181818182,0.3333333333333333
651200,FFF,2014J,0.0,0.0,0.0
651209,BBB,2014J,0.0,0.0,0.0
651238,FFF,2014J,0.05,0.1111111111111111,0.06896551724137932
651245,EEE,2014J,0.55,0.6470588235294118,0.5945945945945946
651257,BBB,2014J,0.25,0.3125,0.2777777777777778
651259,GGG,2014J,0.05,0.3333333333333333,0.08695652173913045
651278,BBB,2014J,0.0,0.0,0.0
651281,GGG,2014J,0.6,0.631578947368421,0.6153846153846154
651319,GGG,2014J,0.25,0.38461538461538464,0.30303030303030304
651324,BBB,2014J,0.1,0.09523809523809523,0.0975609756097561
651337,EEE,2014J,0.45,0.75,0.5625000000000001
651354,FFF,2014J,0.15,0.09090909090909091,0.11320754716981132
651359,BBB,2014J,0.1,0.2,0.13333333333333333
651381,FFF,2014J,0.15,0.1875,0.16666666666666663
651415,BBB,2014J,0.45,0.42857142857142855,0.4390243902439024
651419,FFF,2014J,0.15,0.17647058823529413,0.16216216216216214
651423,CCC,2014J,0.1,0.15384615384615385,0.12121212121212123
651429,BBB,2014J,0.05,0.041666666666666664,0.04545454545454545
651436,GGG,2014J,0.35,0.5833333333333334,0.4375
651478,FFF,2014J,0.25,0.13157894736842105,0.1724137931034483
651493,DDD,2014J,0.05,0.07142857142857142,0.058823529411764705
651495,CCC,2014J,0.5,0.2702702702702703,0.3508771929824562
651495,DDD,2014J,0.05,0.0625,0.05555555555555556
651498,FFF,2014J,0.5,0.18518518518518517,0.2702702702702703
651507,DDD,2014J,0.05,0.14285714285714285,0.07407407407407408
651508,CCC,2014J,0.1,0.058823529411764705,0.07407407407407408
651508,DDD,2014J,0.05,0.037037037037037035,0.0425531914893617
651533,EEE,2014J,0.45,0.75,0.5625000000000001
651534,EEE,2014J,0.35,0.875,0.4999999999999999
651544,BBB,2014J,0.1,0.2,0.13333333333333333
651555,FFF,2014J,0.45,0.24324324324324326,0.3157894736842105
651561,DDD,2014J,0.0,0.0,0.0
651579,DDD,2014J,0.0,0.0,0.0
651598,FFF,2014J,0.55,0.1864406779661017,0.2784810126582279
651605,BBB,2014J,0.15,0.17647058823529413,0.16216216216216214
651619,DDD,2014J,0.05,0.047619047619047616,0.04878048780487805
651624,GGG,2014J,0.05,0.07692307692307693,0.060606060606060615
651627,DDD,2014J,0.1,0.08,0.08888888888888889
651628,GGG,2014J,0.15,0.21428571428571427,0.1764705882352941
651635,EEE,2014J,0.5,0.7142857142857143,0.588235294117647
651648,EEE,2014J,0.25,0.7142857142857143,0.37037037037037035
651655,BBB,2014J,0.35,0.3333333333333333,0.3414634146341463
651659,BBB,2014J,0.15,0.2,0.17142857142857143
651660,GGG,2014J,0.1,0.2,0.13333333333333333
651672,DDD,2014J,0.05,0.0625,0.05555555555555556
651678,BBB,2014J,0.0,0.0,0.0
651693,FFF,2014J,0.05,0.3333333333333333,0.08695652173913045
651728,DDD,2014J,0.05,0.3333333333333333,0.08695652173913045
651740,GGG,2014J,0.05,0.07692307692307693,0.060606060606060615
651759,CCC,2014J,0.1,0.058823529411764705,0.07407407407407408
651759,DDD,2014J,0.0,0.0,0.0
651764,CCC,2014J,0.05,0.045454545454545456,0.04761904761904762
651766,EEE,2014J,0.45,0.47368421052631576,0.46153846153846156
651775,BBB,2014J,0.3,0.4,0.34285714285714286
651804,DDD,2014J,0.1,0.1111111111111111,0.10526315789473685
651823,CCC,2014J,0.2,0.2222222222222222,0.2105263157894737
651828,EEE,2014J,0.6,0.631578947368421,0.6153846153846154
651850,CCC,2014J,0.0,0.0,0.0
651850,EEE,2014J,0.25,0.5,0.3333333333333333
651863,BBB,2014J,0.35,0.35,0.35
651881,FFF,2014J,0.05,0.2,0.08000000000000002
651883,BBB,2014J,0.2,0.2222222222222222,0.2105263157894737
651925,BBB,2014J,0.45,0.5,0.4736842105263158
651927,FFF,2014J,0.3,0.13636363636363635,0.18749999999999997
651930,EEE,2014J,0.4,0.8,0.5333333333333333
651933,EEE,2014J,0.45,0.45,0.45
651935,CCC,2014J,0.15,0.21428571428571427,0.1764705882352941
651935,EEE,2014J,0.3,0.6666666666666666,0.41379310344827586
651939,BBB,2014J,0.15,0.25,0.18749999999999997
651942,DDD,2014J,0.25,0.20833333333333334,0.22727272727272727
651943,GGG,2014J,0.5,0.5882352941176471,0.5405405405405405
651950,EEE,2014J,0.2,0.4444444444444444,0.2758620689655173
651972,FFF,2014J,0.1,1.0,0.18181818181818182
651979,BBB,2014J,0.05,0.2,0.08000000000000002
651980,BBB,2014J,0.45,0.45,0.45
651990,FFF,2014J,0.15,0.1,0.12
651991,BBB,2014J,0.15,0.17647058823529413,0.16216216216216214
651995,EEE,2014J,0.35,0.7777777777777778,0.48275862068965514
652008,FFF,2014J,0.15,0.2,0.17142857142857143
652023,CCC,2014J,0.15,0.42857142857142855,0.2222222222222222
652044,BBB,2014J,0.55,0.6111111111111112,0.5789473684210527
652054,EEE,2014J,0.35,0.7777777777777778,0.48275862068965514
652064,FFF,2014J,0.45,0.15789473684210525,0.23376623376623376
652087,FFF,2014J,0.25,0.15625,0.19230769230769232
652090,BBB,2014J,0.45,0.391304347826087,0.4186046511627907
652103,DDD,2014J,0.1,0.08333333333333333,0.0909090909090909
652149,BBB,2014J,0.4,0.42105263157894735,0.41025641025641024
652156,BBB,2014J,0.05,0.14285714285714285,0.07407407407407408
652158,BBB,2014J,0.0,0.0,0.0
652226,BBB,2014J,0.25,0.2777777777777778,0.2631578947368421
652267,DDD,2014J,0.05,0.1111111111111111,0.06896551724137932
652281,GGG,2014J,0.2,0.2857142857142857,0.23529411764705882
652285,EEE,2014J,0.5,0.8333333333333334,0.625
652292,DDD,2014J,0.3,0.42857142857142855,0.3529411764705882
652293,DDD,2014J,0.15,0.3333333333333333,0.20689655172413793
652302,EEE,2014J,0.45,0.6923076923076923,0.5454545454545455
652318,DDD,2014J,0.2,0.1,0.13333333333333333
652333,FFF,2014J,0.35,0.1891891891891892,0.24561403508771934
652335,FFF,2014J,0.35,0.20588235294117646,0.25925925925925924
652390,BBB,2014J,0.0,0.0,0.0
652414,GGG,2014J,0.2,0.23529411764705882,0.2162162162162162
652428,DDD,2014J,0.05,0.125,0.07142857142857144
652435,GGG,2014J,0.5,0.5882352941176471,0.5405405405405405
652438,FFF,2014J,0.35,0.3888888888888889,0.36842105263157887
652460,EEE,2014J,0.3,0.8571428571428571,0.4444444444444444
652462,GGG,2014J,0.15,0.17647058823529413,0.16216216216216214
652476,EEE,2014J,0.4,0.4444444444444444,0.4210526315789474
652501,CCC,2014J,0.05,0.07692307692307693,0.060606060606060615
652501,EEE,2014J,0.4,0.6153846153846154,0.4848484848484849
652539,GGG,2014J,0.3,0.5,0.37499999999999994
652553,BBB,2014J,0.05,1.0,0.09523809523809523
652556,BBB,2014J,0.1,0.3333333333333333,0.15384615384615383
652572,BBB,2014J,0.2,0.2222222222222222,0.2105263157894737
652576,FFF,2014J,0.15,0.16666666666666666,0.15789473684210525
652586,BBB,2014J,0.5,0.3448275862068966,0.40816326530612246
652605,BBB,2014J,0.0,0.0,0.0
652617,DDD,2014J,0.15,0.13043478260869565,0.13953488372093023
652619,DDD,2014J,0.25,0.2,0.22222222222222224
652625,FFF,2014J,0.25,0.13157894736842105,0.1724137931034483
652659,FFF,2014J,0.05,0.07692307692307693,0.060606060606060615
652672,FFF,2014J,0.15,0.09090909090909091,0.11320754716981132
652680,DDD,2014J,0.05,0.05555555555555555,0.052631578947368425
652684,FFF,2014J,0.55,0.2037037037037037,0.2972972972972973
652711,FFF,2014J,0.3,0.1875,0.23076923076923075
652732,DDD,2014J,0.1,0.16666666666666666,0.125
652753,FFF,2014J,0.15,0.08333333333333333,0.10714285714285714
652788,FFF,2014J,0.25,0.18518518518518517,0.2127659574468085
652818,BBB,2014J,0.05,0.5,0.09090909090909091
652861,EEE,2014J,0.2,0.4444444444444444,0.2758620689655173
652880,EEE,2014J,0.2,0.6666666666666666,0.30769230769230765
652887,FFF,2014J,0.1,0.14285714285714285,0.11764705882352941
652890,FFF,2014J,0.0,0.0,0.0
652898,FFF,2014J,0.25,0.1111111111111111,0.15384615384615383
652902,CCC,2014J,0.15,0.12,0.1333333333333333
652902,EEE,2014J,0.2,0.3076923076923077,0.24242424242424246
652965,DDD,2014J,0.1,0.07692307692307693,0.08695652173913043
652969,BBB,2014J,0.15,0.15789473684210525,0.15384615384615385
652971,EEE,2014J,0.45,1.0,0.6206896551724138
652994,FFF,2014J,0.2,0.2222222222222222,0.2105263157894737
653027,BBB,2014J,0.0,0.0,0.0
653045,FFF,2014J,0.3,0.18181818181818182,0.22641509433962265
653051,DDD,2014J,0.15,0.5,0.23076923076923075
653052,BBB,2014J,0.05,0.5,0.09090909090909091
653068,BBB,2014J,0.1,0.25,0.14285714285714288
653086,BBB,2014J,0.25,0.2631578947368421,0.25641025641025644
653115,CCC,2014J,0.05,0.1,0.06666666666666667
653115,FFF,2014J,0.55,0.22,0.3142857142857143
653127,CCC,2014J,0.05,0.037037037037037035,0.0425531914893617
653157,GGG,2014J,0.25,0.5555555555555556,0.3448275862068966
653210,EEE,2014J,0.6,0.6666666666666666,0.631578947368421
653239,BBB,2014J,0.3,0.5454545454545454,0.3870967741935483
653240,BBB,2014J,0.0,0.0,0.0
653248,EEE,2014J,0.25,1.0,0.4
653252,GGG,2014J,0.1,0.4,0.16000000000000003
653262,BBB,2014J,0.0,0.0,0.0
653278,CCC,2014J,0.05,0.038461538461538464,0.043478260869565216
653297,FFF,2014J,0.3,0.15789473684210525,0.20689655172413793
653301,FFF,2014J,0.35,0.11666666666666667,0.175
653319,DDD,2014J,0.15,0.07692307692307693,0.1016949152542373
653352,EEE,2014J,0.1,0.5,0.16666666666666669
653374,GGG,2014J,0.1,0.15384615384615385,0.12121212121212123
653381,FFF,2014J,0.25,0.19230769230769232,0.2173913043478261
653384,BBB,2014J,0.2,0.8,0.32000000000000006
653412,DDD,2014J,0.0,0.0,0.0
653417,FFF,2014J,0.6,0.25,0.35294117647058826
653435,GGG,2014J,0.1,0.25,0.14285714285714288
653440,EEE,2014J,0.3,0.5,0.37499999999999994
653452,CCC,2014J,0.0,0.0,0.0
653452,DDD,2014J,0.35,0.18421052631578946,0.24137931034482757
653495,GGG,2014J,0.35,0.4666666666666667,0.4
653536,FFF,2014J,0.1,0.125,0.11111111111111112
653550,DDD,2014J,0.2,0.125,0.15384615384615385
653558,FFF,2014J,0.3,0.15384615384615385,0.2033898305084746
653567,FFF,2014J,0.3,0.09230769230769231,0.1411764705882353
653569,DDD,2014J,0.05,0.07692307692307693,0.060606060606060615
653577,BBB,2014J,0.5,0.4166666666666667,0.45454545454545453
653587,EEE,2014J,0.3,0.6666666666666666,0.41379310344827586
653595,FFF,2014J,0.3,0.13953488372093023,0.1904761904761905
653653,FFF,2014J,0.1,0.125,0.11111111111111112
653664,BBB,2014J,0.1,0.13333333333333333,0.1142857142857143
653665,EEE,2014J,0.4,0.4444444444444444,0.4210526315789474
653688,EEE,2014J,0.35,0.7777777777777778,0.48275862068965514
653702,BBB,2014J,0.15,0.42857142857142855,0.2222222222222222
653711,DDD,2014J,0.2,0.09302325581395349,0.12698412698412698
653718,EEE,2014J,0.4,0.8888888888888888,0.5517241379310346
653729,DDD,2014J,0.1,0.16666666666666666,0.125
653759,DDD,2014J,0.25,0.23809523809523808,0.24390243902439024
653762,BBB,2014J,0.2,0.26666666666666666,0.2285714285714286
653768,DDD,2014J,0.1,0.25,0.14285714285714288
653773,FFF,2014J,0.15,0.05660377358490566,0.0821917808219178
653793,DDD,2014J,0.15,0.08108108108108109,0.10526315789473685
653801,EEE,2014J,0.55,0.6470588235294118,0.5945945945945946
653821,CCC,2014J,0.05,0.1111111111111111,0.06896551724137932
653824,GGG,2014J,0.2,0.3076923076923077,0.24242424242424246
653840,BBB,2014J,0.35,0.30434782608695654,0.3255813953488372
653841,FFF,2014J,0.0,0.0,0.0
653857,FFF,2014J,0.15,0.23076923076923078,0.18181818181818185
653867,GGG,2014J,0.35,0.35,0.35
653870,BBB,2014J,0.15,0.16666666666666666,0.15789473684210525
653887,EEE,2014J,0.35,0.6363636363636364,0.45161290322580644
653914,DDD,2014J,0.1,0.125,0.11111111111111112
653943,GGG,2014J,0.15,0.2,0.17142857142857143
653951,BBB,2014J,0.4,0.36363636363636365,0.380952380952381
653958,BBB,2014J,0.1,0.2222222222222222,0.13793103448275865
653998,EEE,2014J,0.1,0.6666666666666666,0.1739130434782609
654000,CCC,2014J,0.15,0.08823529411764706,0.11111111111111112
654002,CCC,2014J,0.0,0.0,0.0
654005,BBB,2014J,0.1,0.6666666666666666,0.1739130434782609
654016,CCC,2014J,0.1,0.08695652173913043,0.09302325581395349
654031,CCC,2014J,0.0,0.0,0.0
654031,EEE,2014J,0.35,0.5384615384615384,0.4242424242424242
654043,BBB,2014J,0.0,0.0,0.0
654045,FFF,2014J,0.75,0.12295081967213115,0.21126760563380279
654062,GGG,2014J,0.25,0.5555555555555556,0.3448275862068966
654064,GGG,2014J,0.5,0.5882352941176471,0.5405405405405405
654110,DDD,2014J,0.15,0.08823529411764706,0.11111111111111112
654114,CCC,2014J,0.1,0.14285714285714285,0.11764705882352941
654114,FFF,2014J,0.2,0.10810810810810811,0.14035087719298245
654169,FFF,2014J,0.3,0.08823529411764706,0.13636363636363635
654188,CCC,2014J,0.0,0.0,0.0
654198,EEE,2014J,0.45,0.6923076923076923,0.5454545454545455
654206,BBB,2014J,0.15,0.21428571428571427,0.1764705882352941
654213,EEE,2014J,0.15,0.3333333333333333,0.20689655172413793
654217,FFF,2014J,0.3,0.16216216216216217,0.2105263157894737
654236,FFF,2014J,0.15,0.2,0.17142857142857143
654240,EEE,2014J,0.2,0.4,0.26666666666666666
654260,FFF,2014J,0.2,0.16,0.17777777777777778
654322,CCC,2014J,0.2,0.23529411764705882,0.2162162162162162
654339,FFF,2014J,0.25,0.15625,0.19230769230769232
654341,DDD,2014J,0.0,0.0,0.0
654369,GGG,2014J,0.25,0.5,0.3333333333333333
654397,EEE,2014J,0.3,0.75,0.4285714285714285
654401,DDD,2014J,0.05,0.038461538461538464,0.043478260869565216
654404,BBB,2014J,0.0,0.0,0.0
654414,DDD,2014J,0.0,0.0,0.0
654415,BBB,2014J,0.15,0.2727272727272727,0.19354838709677416
654441,FFF,2014J,0.25,0.09803921568627451,0.14084507042253522
654443,DDD,2014J,0.15,0.3,0.2
654485,EEE,2014J,0.2,0.4444444444444444,0.2758620689655173
654504,CCC,2014J,0.0,0.0,0.0
654504,DDD,2014J,0.05,0.1111111111111111,0.06896551724137932
654524,BBB,2014J,0.3,0.375,0.33333333333333326
654539,CCC,2014J,0.1,0.07407407407407407,0.0851063829787234
654547,EEE,2014J,0.65,0.7222222222222222,0.6842105263157895
654565,FFF,2014J,0.0,0.0,0.0
654578,FFF,2014J,0.35,0.2916666666666667,0.31818181818181823
654597,FFF,2014J,0.25,0.20833333333333334,0.22727272727272727
654646,CCC,2014J,0.35,0.1891891891891892,0.24561403508771934
654657,BBB,2014J,0.15,0.3333333333333333,0.20689655172413793
654668,EEE,2014J,0.45,0.6923076923076923,0.5454545454545455
654676,EEE,2014J,0.45,0.5625,0.5
654681,GGG,2014J,0.15,0.17647058823529413,0.16216216216216214
654684,FFF,2014J,0.05,0.16666666666666666,0.07692307692307691
654692,FFF,2014J,0.4,0.25,0.3076923076923077
654801,EEE,2014J,0.45,0.6,0.5142857142857143
654807,DDD,2014J,0.1,0.0625,0.07692307692307693
654817,CCC,2014J,0.05,0.3333333333333333,0.08695652173913045
654819,FFF,2014J,0.15,0.13636363636363635,0.14285714285714282
654822,EEE,2014J,0.4,0.6153846153846154,0.4848484848484849
654824,FFF,2014J,0.25,0.14705882352941177,0.18518518518518517
654834,FFF,2014J,0.6,0.20689655172413793,0.3076923076923077
654856,BBB,2014J,0.15,0.2,0.17142857142857143
654867,FFF,2014J,0.65,0.16455696202531644,0.26262626262626265
654891,EEE,2014J,0.55,0.6470588235294118,0.5945945945945946
654914,GGG,2014J,0.3,0.42857142857142855,0.3529411764705882
654915,CCC,2014J,0.2,0.26666666666666666,0.2285714285714286
654945,GGG,2014J,0.5,0.5882352941176471,0.5405405405405405
654947,FFF,2014J,0.0,0.0,0.0
654965,GGG,2014J,0.6,0.7058823529411765,0.6486486486486486
655039,DDD,2014J,0.2,0.17391304347826086,0.18604651162790697
655051,CCC,2014J,0.0,0.0,0.0
655084,BBB,2014J,0.5,0.5,0.5
655108,CCC,2014J,0.15,0.21428571428571427,0.1764705882352941
655115,FFF,2014J,0.4,0.13793103448275862,0.20512820512820515
655124,FFF,2014J,0.05,0.3333333333333333,0.08695652173913045
655127,FFF,2014J,0.25,0.13513513513513514,0.1754385964912281
655128,DDD,2014J,0.15,0.1,0.12
655136,DDD,2014J,0.15,0.16666666666666666,0.15789473684210525
655201,GGG,2014J,0.1,0.4,0.16000000000000003
655230,BBB,2014J,0.05,1.0,0.09523809523809523
655242,EEE,2014J,0.25,0.4166666666666667,0.3125
655296,BBB,2014J,0.0,0.0,0.0
655314,BBB,2014J,0.15,0.15,0.15
655342,BBB,2014J,0.4,0.3076923076923077,0.34782608695652173
655353,CCC,2014J,0.3,0.3333333333333333,0.3157894736842105
655353,FFF,2014J,0.05,0.1111111111111111,0.06896551724137932
655362,DDD,2014J,0.0,0.0,0.0
655376,GGG,2014J,0.2,0.2857142857142857,0.23529411764705882
655378,CCC,2014J,0.1,0.15384615384615385,0.12121212121212123
655386,FFF,2014J,0.55,0.14285714285714285,0.2268041237113402
655390,CCC,2014J,0.2,0.2,0.20000000000000004
655396,EEE,2014J,0.3,0.42857142857142855,0.3529411764705882
655412,FFF,2014J,0.25,0.1388888888888889,0.17857142857142858
655445,FFF,2014J,0.3,0.17647058823529413,0.22222222222222224
655460,BBB,2014J,0.05,1.0,0.09523809523809523
655471,BBB,2014J,0.25,0.4166666666666667,0.3125
655498,CCC,2014J,0.05,0.037037037037037035,0.0425531914893617
655498,EEE,2014J,0.5,0.7142857142857143,0.588235294117647
655546,BBB,2014J,0.5,0.43478260869565216,0.46511627906976744
655547,BBB,2014J,0.0,0.0,0.0
655556,GGG,2014J,0.0,0.0,0.0
655569,FFF,2014J,0.4,0.2,0.26666666666666666
655585,DDD,2014J,0.1,0.07692307692307693,0.08695652173913043
655600,DDD,2014J,0.0,0.0,0.0
655609,EEE,2014J,0.7,0.56,0.6222222222222222
655613,BBB,2014J,0.0,0.0,0.0
655668,BBB,2014J,0.1,0.4,0.16000000000000003
655680,EEE,2014J,0.4,0.8,0.5333333333333333
655764,EEE,2014J,0.45,0.9,0.6
655794,EEE,2014J,0.5,0.6666666666666666,0.5714285714285715
655796,FFF,2014J,0.0,0.0,0.0
655806,DDD,2014J,0.05,0.25,0.08333333333333334
655816,DDD,2014J,0.2,0.09302325581395349,0.12698412698412698
655828,BBB,2014J,0.15,0.1875,0.16666666666666663
655834,DDD,2014J,0.35,0.19444444444444445,0.25
655865,EEE,2014J,0.35,0.5833333333333334,0.4375
655869,EEE,2014J,0.4,0.6666666666666666,0.5
655890,CCC,2014J,0.4,0.27586206896551724,0.32653061224489793
655919,CCC,2014J,0.2,0.15384615384615385,0.17391304347826086
655924,EEE,2014J,0.55,0.7857142857142857,0.6470588235294117
655927,CCC,2014J,0.3,0.15789473684210525,0.20689655172413793
655927,FFF,2014J,0.3,0.17142857142857143,0.21818181818181817
655930,DDD,2014J,0.1,0.05405405405405406,0.07017543859649122
655954,GGG,2014J,0.1,0.2,0.13333333333333333
655973,CCC,2014J,0.3,0.20689655172413793,0.24489795918367346
655973,EEE,2014J,0.4,0.5333333333333333,0.4571428571428572
655981,FFF,2014J,0.2,0.18181818181818182,0.1904761904761905
656010,EEE,2014J,0.15,0.6,0.24
656014,GGG,2014J,0.15,0.75,0.24999999999999997
656053,GGG,2014J,0.35,0.4117647058823529,0.37837837837837834
656057,EEE,2014J,0.5,0.5882352941176471,0.5405405405405405
656065,FFF,2014J,0.25,0.17857142857142858,0.20833333333333331
656073,DDD,2014J,0.05,0.3333333333333333,0.08695652173913045
656092,FFF,2014J,0.2,0.10526315789473684,0.13793103448275862
656131,FFF,2014J,0.35,0.11290322580645161,0.17073170731707316
656134,EEE,2014J,0.45,0.6,0.5142857142857143
656158,FFF,2014J,0.25,0.14285714285714285,0.18181818181818182
656159,FFF,2014J,0.35,0.19444444444444445,0.25
656164,DDD,2014J,0.1,0.11764705882352941,0.1081081081081081
656165,FFF,2014J,0.4,0.21621621621621623,0.2807017543859649
656183,DDD,2014J,0.0,0.0,0.0
656187,BBB,2014J,0.05,0.125,0.07142857142857144
656190,BBB,2014J,0.0,0.0,0.0
656193,DDD,2014J,0.15,0.1875,0.16666666666666663
656194,BBB,2014J,0.0,0.0,0.0
656196,BBB,2014J,0.0,0.0,0.0
656197,BBB,2014J,0.45,0.34615384615384615,0.3913043478260869
656200,BBB,2014J,0.05,1.0,0.09523809523809523
656203,CCC,2014J,0.0,0.0,0.0
656204,BBB,2014J,0.05,0.5,0.09090909090909091
656206,BBB,2014J,0.15,0.375,0.21428571428571425
656208,BBB,2014J,0.0,0.0,0.0
656217,BBB,2014J,0.0,0.0,0.0
656227,BBB,2014J,0.35,0.3888888888888889,0.36842105263157887
656234,FFF,2014J,0.6,0.14457831325301204,0.23300970873786409
656253,BBB,2014J,0.0,0.0,0.0
656277,CCC,2014J,0.3,0.23076923076923078,0.2608695652173913
656287,CCC,2014J,0.0,0.0,0.0
656323,FFF,2014J,0.0,0.0,0.0
656340,CCC,2014J,0.1,0.09090909090909091,0.09523809523809525
656347,CCC,2014J,0.0,0.0,0.0
656347,EEE,2014J,0.4,0.8,0.5333333333333333
656352,BBB,2014J,0.45,0.2647058823529412,0.33333333333333337
656353,FFF,2014J,0.1,0.125,0.11111111111111112
656373,BBB,2014J,0.35,0.3181818181818182,0.3333333333333333
656386,BBB,2014J,0.3,0.4,0.34285714285714286
656393,DDD,2014J,0.05,0.3333333333333333,0.08695652173913045
656414,FFF,2014J,0.25,0.29411764705882354,0.27027027027027023
656436,FFF,2014J,0.15,0.1875,0.16666666666666663
656438,GGG,2014J,0.1,0.2222222222222222,0.13793103448275865
656446,EEE,2014J,0.15,0.2727272727272727,0.19354838709677416
656454,DDD,2014J,0.1,0.14285714285714285,0.11764705882352941
656475,BBB,2014J,0.0,0.0,0.0
656481,BBB,2014J,0.25,0.2777777777777778,0.2631578947368421
656494,BBB,2014J,0.15,0.2727272727272727,0.19354838709677416
656496,DDD,2014J,0.3,0.15789473684210525,0.20689655172413793
656506,GGG,2014J,0.45,0.6428571428571429,0.5294117647058824
656526,DDD,2014J,0.1,0.06451612903225806,0.0784313725490196
656529,FFF,2014J,0.15,0.15,0.15
656540,BBB,2014J,0.2,0.21052631578947367,0.20512820512820512
656543,GGG,2014J,0.55,0.5238095238095238,0.5365853658536585
656549,BBB,2014J,0.0,0.0,0.0
656553,EEE,2014J,0.2,0.5,0.28571428571428575
656557,BBB,2014J,0.15,0.25,0.18749999999999997
656566,BBB,2014J,0.1,0.2222222222222222,0.13793103448275865
656578,EEE,2014J,0.55,0.7333333333333333,0.6285714285714286
656579,FFF,2014J,0.2,0.16666666666666666,0.1818181818181818
656607,FFF,2014J,0.4,0.19047619047619047,0.25806451612903225
656642,CCC,2014J,0.0,0.0,0.0
656651,FFF,2014J,0.2,0.17391304347826086,0.18604651162790697
656681,BBB,2014J,0.25,0.4166666666666667,0.3125
656683,CCC,2014J,0.2,0.10810810810810811,0.14035087719298245
656698,BBB,2014J,0.4,0.36363636363636365,0.380952380952381
656711,BBB,2014J,0.1,0.2222222222222222,0.13793103448275865
656734,FFF,2014J,0.55,0.21153846153846154,0.3055555555555555
656756,GGG,2014J,0.3,0.3157894736842105,0.3076923076923077
656766,DDD,2014J,0.15,0.07142857142857142,0.09677419354838708
656791,FFF,2014J,0.3,0.2727272727272727,0.28571428571428564
656815,EEE,2014J,0.25,0.625,0.35714285714285715
656854,EEE,2014J,0.4,0.5714285714285714,0.47058823529411764
656873,BBB,2014J,0.3,0.35294117647058826,0.3243243243243243
656882,FFF,2014J,0.3,0.3157894736842105,0.3076923076923077
656915,BBB,2014J,0.2,0.19047619047619047,0.1951219512195122
656929,CCC,2014J,0.0,0.0,0.0
656929,EEE,2014J,0.1,0.6666666666666666,0.1739130434782609
656934,DDD,2014J,0.0,0.0,0.0
656936,GGG,2014J,0.2,0.21052631578947367,0.20512820512820512
656987,DDD,2014J,0.2,0.2222222222222222,0.2105263157894737
656988,FFF,2014J,0.0,0.0,0.0
656990,BBB,2014J,0.45,0.4090909090909091,0.4285714285714286
656996,FFF,2014J,0.2,0.2,0.20000000000000004
657002,EEE,2014J,0.15,0.2727272727272727,0.19354838709677416
657032,BBB,2014J,0.2,0.21052631578947367,0.20512820512820512
657045,GGG,2014J,0.35,0.6363636363636364,0.45161290322580644
657048,CCC,2014J,0.0,0.0,0.0
657048,FFF,2014J,0.25,0.14285714285714285,0.18181818181818182
657050,CCC,2014J,0.15,0.09090909090909091,0.11320754716981132
657062,EEE,2014J,0.6,0.5454545454545454,0.5714285714285713
657077,DDD,2014J,0.0,0.0,0.0
657099,BBB,2014J,0.0,0.0,0.0
657128,EEE,2014J,0.25,0.625,0.35714285714285715
657145,CCC,2014J,0.25,0.25,0.25
657194,EEE,2014J,0.55,0.6470588235294118,0.5945945945945946
657196,EEE,2014J,0.3,0.6,0.4
657209,EEE,2014J,0.05,1.0,0.09523809523809523
657220,FFF,2014J,0.25,0.12195121951219512,0.16393442622950818
657226,EEE,2014J,0.15,0.3,0.2
657231,GGG,2014J,0.25,0.38461538461538464,0.30303030303030304
657245,DDD,2014J,0.15,0.12,0.1333333333333333
657285,CCC,2014J,0.25,0.45454545454545453,0.3225806451612903
657290,BBB,2014J,0.2,0.21052631578947367,0.20512820512820512
657293,BBB,2014J,0.3,0.35294117647058826,0.3243243243243243
657319,EEE,2014J,0.05,0.16666666666666666,0.07692307692307691
657330,FFF,2014J,0.1,0.09090909090909091,0.09523809523809525
657344,FFF,2014J,0.25,0.14285714285714285,0.18181818181818182
657352,CCC,2014J,0.05,0.2,0.08000000000000002
665414,CCC,2014J,0.05,0.3333333333333333,0.08695652173913045
669530,CCC,2014J,0.25,0.19230769230769232,0.2173913043478261
669530,DDD,2014B,0.05,0.05,0.05000000000000001
674206,DDD,2014J,0.0,0.0,0.0
674214,BBB,2014J,0.35,0.3333333333333333,0.3414634146341463
674222,FFF,2014J,0.15,0.0967741935483871,0.11764705882352941
674226,FFF,2014J,0.25,0.22727272727272727,0.23809523809523808
674236,FFF,2014J,0.4,0.16666666666666666,0.23529411764705882
674253,EEE,2014J,0.25,0.5555555555555556,0.3448275862068966
674262,FFF,2014J,0.45,0.14285714285714285,0.21686746987951805
674276,BBB,2014J,0.35,0.3181818181818182,0.3333333333333333
674290,BBB,2014J,0.25,0.29411764705882354,0.27027027027027023
674320,FFF,2014J,0.15,0.11538461538461539,0.13043478260869565
674322,BBB,2014J,0.05,0.16666666666666666,0.07692307692307691
674340,GGG,2014J,0.05,1.0,0.09523809523809523
674349,BBB,2014J,0.5,0.4166666666666667,0.45454545454545453
674359,GGG,2014J,0.05,0.3333333333333333,0.08695652173913045
674387,FFF,2014J,0.55,0.1506849315068493,0.23655913978494625
674388,DDD,2014J,0.05,0.06666666666666667,0.05714285714285715
674406,FFF,2014J,0.05,0.047619047619047616,0.04878048780487805
674430,EEE,2014J,0.05,0.5,0.09090909090909091
674437,DDD,2014J,0.1,0.18181818181818182,0.12903225806451613
674440,DDD,2014J,0.05,0.08333333333333333,0.0625
674451,FFF,2014J,0.15,0.07317073170731707,0.09836065573770492
674471,GGG,2014J,0.25,0.5555555555555556,0.3448275862068966
674481,GGG,2014J,0.35,0.5384615384615384,0.4242424242424242
674484,FFF,2014J,0.3,0.10344827586206896,0.15384615384615385
674495,BBB,2014J,0.15,0.375,0.21428571428571425
674497,CCC,2014J,0.05,0.05555555555555555,0.052631578947368425
674497,FFF,2014J,0.2,0.10526315789473684,0.13793103448275862
674509,FFF,2014J,0.4,0.16,0.22857142857142856
674541,CCC,2014J,0.25,0.21739130434782608,0.23255813953488372
674563,GGG,2014J,0.1,0.10526315789473684,0.10256410256410256
674568,GGG,2014J,0.25,0.5,0.3333333333333333
674576,BBB,2014J,0.2,0.25,0.22222222222222224
674584,FFF,2014J,0.2,0.1,0.13333333333333333
674594,FFF,2014J,0.05,0.3333333333333333,0.08695652173913045
674605,BBB,2014J,0.3,0.8571428571428571,0.4444444444444444
674616,BBB,2014J,0.1,0.5,0.16666666666666669
674640,GGG,2014J,0.5,0.6666666666666666,0.5714285714285715
674644,FFF,2014J,0.05,0.1111111111111111,0.06896551724137932
674651,DDD,2014J,0.05,0.14285714285714285,0.07407407407407408
674657,FFF,2014J,0.15,0.14285714285714285,0.14634146341463414
674671,FFF,2014J,0.3,0.14634146341463414,0.19672131147540983
674691,FFF,2014J,0.4,0.12307692307692308,0.18823529411764708
674694,FFF,2014J,0.05,0.16666666666666666,0.07692307692307691
674699,CCC,2014J,0.0,0.0,0.0
674699,FFF,2014J,0.45,0.1956521739130435,0.2727272727272727
674710,GGG,2014J,0.1,0.25,0.14285714285714288
674747,EEE,2014J,0.15,0.6,0.24
674751,FFF,2014J,0.4,0.25,0.3076923076923077
674766,GGG,2014J,0.05,0.1111111111111111,0.06896551724137932
674784,BBB,2014J,0.05,0.058823529411764705,0.05405405405405405
674808,CCC,2014J,0.05,0.09090909090909091,0.06451612903225806
674808,EEE,2014J,0.45,0.5,0.4736842105263158
674831,FFF,2014J,0.2,0.16666666666666666,0.1818181818181818
674853,EEE,2014J,0.35,0.5,0.4117647058823529
674870,FFF,2014J,0.3,0.1875,0.23076923076923075
674879,DDD,2014J,0.2,0.10256410256410256,0.13559322033898302
674882,CCC,2014J,0.15,0.15,0.15
674882,EEE,2014J,0.2,0.2857142857142857,0.23529411764705882
674889,EEE,2014J,0.3,0.46153846153846156,0.3636363636363637
674890,GGG,2014J,0.55,0.5,0.5238095238095238
674921,FFF,2014J,0.3,0.17647058823529413,0.22222222222222224
674922,BBB,2014J,0.1,0.16666666666666666,0.125
674927,GGG,2014J,0.3,0.75,0.4285714285714285
674941,EEE,2014J,0.35,0.7,0.4666666666666667
674960,BBB,2014J,0.05,0.16666666666666666,0.07692307692307691
674965,CCC,2014J,0.05,0.034482758620689655,0.04081632653061224
674989,DDD,2014J,0.15,0.25,0.18749999999999997
674997,DDD,2014J,0.05,0.3333333333333333,0.08695652173913045
675021,FFF,2014J,0.4,0.1509433962264151,0.21917808219178084
675042,BBB,2014J,0.2,0.2222222222222222,0.2105263157894737
675054,CCC,2014J,0.15,0.16666666666666666,0.15789473684210525
675054,FFF,2014J,0.6,0.24489795918367346,0.34782608695652173
675062,DDD,2014J,0.2,0.1,0.13333333333333333
675063,CCC,2014J,0.0,0.0,0.0
675085,BBB,2014J,0.1,0.08695652173913043,0.09302325581395349
675096,BBB,2014J,0.2,1.0,0.33333333333333337
675111,CCC,2014J,0.25,0.2777777777777778,0.2631578947368421
675159,BBB,2014J,0.4,0.34782608695652173,0.37209302325581395
675162,EEE,2014J,0.25,0.625,0.35714285714285715
675193,FFF,2014J,0.15,0.16666666666666666,0.15789473684210525
675223,BBB,2014J,0.15,0.3,0.2
675225,FFF,2014J,0.2,0.12903225806451613,0.1568627450980392
675231,BBB,2014J,0.2,0.4,0.26666666666666666
675233,FFF,2014J,0.3,0.16666666666666666,0.21428571428571427
675242,GGG,2014J,0.3,0.5,0.37499999999999994
675247,GGG,2014J,0.35,0.2916666666666667,0.31818181818181823
675256,DDD,2014J,0.1,0.14285714285714285,0.11764705882352941
675261,FFF,2014J,0.4,0.2222222222222222,0.2857142857142857
675264,GGG,2014J,0.4,0.5,0.4444444444444445
675273,FFF,2014J,0.05,0.045454545454545456,0.04761904761904762
675279,FFF,2014J,0.1,0.125,0.11111111111111112
675315,FFF,2014J,0.25,0.16666666666666666,0.2
675328,FFF,2014J,0.2,0.2,0.20000000000000004
675365,EEE,2014J,0.5,0.8333333333333334,0.625
675374,CCC,2014J,0.1,0.25,0.14285714285714288
675374,EEE,2014J,0.3,0.6,0.4
675383,CCC,2014J,0.25,0.3125,0.2777777777777778
675396,CCC,2014J,0.25,0.38461538461538464,0.30303030303030304
675450,EEE,2014J,0.4,0.47058823529411764,0.4324324324324324
675474,FFF,2014J,0.1,0.125,0.11111111111111112
675477,CCC,2014J,0.15,0.1,0.12
675493,DDD,2014J,0.25,0.1724137931034483,0.20408163265306123
675495,CCC,2014J,0.0,0.0,0.0
675504,CCC,2014J,0.05,0.041666666666666664,0.04545454545454545
675516,DDD,2014J,0.2,0.2222222222222222,0.2105263157894737
675526,BBB,2014J,0.15,0.6,0.24
675537,EEE,2014J,0.25,0.3333333333333333,0.28571428571428575
675539,DDD,2014J,0.25,0.1111111111111111,0.15384615384615383
675566,FFF,2014J,0.15,0.13636363636363635,0.14285714285714282
675576,BBB,2014J,0.3,0.20689655172413793,0.24489795918367346
675578,GGG,2014J,0.4,0.42105263157894735,0.41025641025641024
675636,FFF,2014J,0.2,0.1,0.13333333333333333
675638,CCC,2014J,0.1,0.07142857142857142,0.08333333333333333
675663,EEE,2014J,0.15,0.6,0.24
675710,FFF,2014J,0.25,0.12195121951219512,0.16393442622950818
675728,BBB,2014J,0.05,0.5,0.09090909090909091
675760,CCC,2014J,0.15,0.13636363636363635,0.14285714285714282
675773,EEE,2014J,0.2,0.5,0.28571428571428575
675807,BBB,2014J,0.25,0.5,0.3333333333333333
675811,GGG,2014J,0.3,0.35294117647058826,0.3243243243243243
675823,CCC,2014J,0.05,0.08333333333333333,0.0625
675840,EEE,2014J,0.45,0.6923076923076923,0.5454545454545455
675848,GGG,2014J,0.15,0.3,0.2
675875,CCC,2014J,0.15,0.12,0.1333333333333333
675891,GGG,2014J,0.45,0.5,0.4736842105263158
675902,CCC,2014J,0.25,0.45454545454545453,0.3225806451612903
675915,CCC,2014J,0.1,0.4,0.16000000000000003
675919,DDD,2014J,0.35,0.23333333333333334,0.28
675924,GGG,2014J,0.0,0.0,0.0
675929,BBB,2014J,0.0,0.0,0.0
675949,GGG,2014J,0.6,0.6,0.6
675989,FFF,2014J,0.35,0.1044776119402985,0.16091954022988506
675993,DDD,2014J,0.1,0.08695652173913043,0.09302325581395349
676007,FFF,2014J,0.25,0.16129032258064516,0.19607843137254902
676034,GGG,2014J,0.2,0.3076923076923077,0.24242424242424246
676064,FFF,2014J,0.2,0.10256410256410256,0.13559322033898302
676071,GGG,2014J,0.1,0.25,0.14285714285714288
676084,EEE,2014J,0.55,0.7857142857142857,0.6470588235294117
676087,DDD,2014J,0.1,0.08333333333333333,0.0909090909090909
676103,FFF,2014J,0.2,0.13333333333333333,0.16
676138,DDD,2014J,0.05,1.0,0.09523809523809523
676151,BBB,2014J,0.35,0.35,0.35
676155,DDD,2014J,0.05,0.5,0.09090909090909091
676169,BBB,2014J,0.0,0.0,0.0
676176,BBB,2014J,0.25,0.21739130434782608,0.23255813953488372
676190,FFF,2014J,0.3,0.15789473684210525,0.20689655172413793
676265,FFF,2014J,0.25,0.1388888888888889,0.17857142857142858
676272,FFF,2014J,0.15,0.11538461538461539,0.13043478260869565
676303,FFF,2014J,0.45,0.225,0.3
676322,BBB,2014J,0.1,0.2,0.13333333333333333
676333,EEE,2014J,0.3,0.6,0.4
676373,DDD,2014J,0.05,0.05263157894736842,0.05128205128205128
676378,FFF,2014J,0.3,0.08823529411764706,0.13636363636363635
676387,GGG,2014J,0.5,0.5263157894736842,0.5128205128205129
676390,CCC,2014J,0.35,0.4666666666666667,0.4
676401,BBB,2014J,0.4,0.2857142857142857,0.3333333333333333
676428,BBB,2014J,0.4,0.36363636363636365,0.380952380952381
676444,FFF,2014J,0.35,0.1076923076923077,0.16470588235294117
676458,FFF,2014J,0.1,0.07142857142857142,0.08333333333333333
676459,FFF,2014J,0.25,0.09803921568627451,0.14084507042253522
676469,CCC,2014J,0.0,0.0,0.0
676478,FFF,2014J,0.35,0.1044776119402985,0.16091954022988506
676482,EEE,2014J,0.35,0.875,0.4999999999999999
676492,FFF,2014J,0.15,0.07317073170731707,0.09836065573770492
676498,DDD,2014J,0.05,0.08333333333333333,0.0625
676503,CCC,2014J,0.2,0.16,0.17777777777777778
676516,DDD,2014J,0.25,0.2,0.22222222222222224
676538,CCC,2014J,0.3,0.16216216216216217,0.2105263157894737
676538,DDD,2014J,0.0,0.0,0.0
676553,DDD,2014J,0.1,0.10526315789473684,0.10256410256410256
676589,DDD,2014J,0.05,0.037037037037037035,0.0425531914893617
676596,DDD,2014J,0.1,0.1,0.10000000000000002
676610,FFF,2014J,0.25,0.1388888888888889,0.17857142857142858
676611,EEE,2014J,0.2,0.5714285714285714,0.29629629629629634
676626,FFF,2014J,0.2,0.14814814814814814,0.1702127659574468
676633,BBB,2014J,0.3,0.3157894736842105,0.3076923076923077
676650,CCC,2014J,0.3,0.1935483870967742,0.23529411764705882
676676,EEE,2014J,0.3,0.5454545454545454,0.3870967741935483
676705,BBB,2014J,0.65,0.41935483870967744,0.5098039215686274
676722,EEE,2014J,0.6,0.6666666666666666,0.631578947368421
676724,EEE,2014J,0.35,0.6363636363636364,0.45161290322580644
676750,BBB,2014J,0.15,0.21428571428571427,0.1764705882352941
676766,DDD,2014J,0.05,0.5,0.09090909090909091
676787,DDD,2014J,0.15,0.12,0.1333333333333333
676805,EEE,2014J,0.4,0.5714285714285714,0.47058823529411764
676807,DDD,2014J,0.1,0.15384615384615385,0.12121212121212123
676809,DDD,2014J,0.15,0.17647058823529413,0.16216216216216214
676834,EEE,2014J,0.5,1.0,0.6666666666666666
676852,DDD,2014J,0.1,0.06896551724137931,0.08163265306122448
676865,DDD,2014J,0.15,0.08823529411764706,0.11111111111111112
676866,FFF,2014J,0.15,0.2,0.17142857142857143
676882,FFF,2014J,0.1,0.18181818181818182,0.12903225806451613
676898,BBB,2014J,0.25,0.5,0.3333333333333333
676903,DDD,2014J,0.05,0.1111111111111111,0.06896551724137932
676909,CCC,2014J,0.2,0.14285714285714285,0.16666666666666666
676916,CCC,2014J,0.35,0.23333333333333334,0.28
676948,BBB,2014J,0.0,0.0,0.0
676962,BBB,2014J,0.05,0.2,0.08000000000000002
676963,DDD,2014J,0.2,0.15384615384615385,0.17391304347826086
676964,CCC,2014J,0.4,0.19047619047619047,0.25806451612903225
676964,DDD,2014J,0.2,0.08888888888888889,0.12307692307692307
677006,CCC,2014J,0.1,0.2,0.13333333333333333
677018,CCC,2014J,0.2,0.19047619047619047,0.1951219512195122
677018,EEE,2014J,0.2,0.4444444444444444,0.2758620689655173
677025,GGG,2014J,0.1,0.13333333333333333,0.1142857142857143
677040,EEE,2014J,0.5,0.6666666666666666,0.5714285714285715
677066,GGG,2014J,0.25,0.45454545454545453,0.3225806451612903
677085,CCC,2014J,0.0,0.0,0.0
677085,FFF,2014J,0.25,0.19230769230769232,0.2173913043478261
677089,CCC,2014J,0.25,0.2,0.22222222222222224
677111,FFF,2014J,0.35,0.18421052631578946,0.24137931034482757
677138,FFF,2014J,0.1,0.06896551724137931,0.08163265306122448
677155,FFF,2014J,0.15,0.09375,0.11538461538461538
677167,FFF,2014J,0.2,0.13793103448275862,0.16326530612244897
677186,AAA,2014J,0.1,0.25,0.14285714285714288
677189,EEE,2014J,0.35,0.4666666666666667,0.4
677197,EEE,2014J,0.15,0.375,0.21428571428571425
677201,BBB,2014J,0.1,0.18181818181818182,0.12903225806451613
677203,BBB,2014J,0.25,0.3333333333333333,0.28571428571428575
677206,FFF,2014J,0.15,0.09090909090909091,0.11320754716981132
677216,GGG,2014J,0.25,0.29411764705882354,0.27027027027027023
677221,FFF,2014J,0.3,0.13953488372093023,0.1904761904761905
677235,FFF,2014J,0.0,0.0,0.0
677349,CCC,2014J,0.0,0.0,0.0
677356,GGG,2014J,0.25,0.45454545454545453,0.3225806451612903
677382,FFF,2014J,0.05,0.07142857142857142,0.058823529411764705
677400,FFF,2014J,0.05,0.037037037037037035,0.0425531914893617
677436,FFF,2014J,0.15,0.15,0.15
677456,FFF,2014J,0.25,0.10416666666666667,0.14705882352941177
677457,EEE,2014J,0.55,0.55,0.55
677459,CCC,2014J,0.05,0.038461538461538464,0.043478260869565216
677459,EEE,2014J,0.5,0.5555555555555556,0.5263157894736842
677462,BBB,2014J,0.35,0.2916666666666667,0.31818181818181823
677463,GGG,2014J,0.4,0.36363636363636365,0.380952380952381
677486,FFF,2014J,0.1,0.2857142857142857,0.14814814814814817
677491,GGG,2014J,0.55,0.6470588235294118,0.5945945945945946
677498,BBB,2014J,0.35,0.7,0.4666666666666667
677546,FFF,2014J,0.1,0.11764705882352941,0.1081081081081081
677579,DDD,2014J,0.15,0.17647058823529413,0.16216216216216214
677606,DDD,2014J,0.0,0.0,0.0
677641,CCC,2014J,0.05,0.06666666666666667,0.05714285714285715
677655,FFF,2014J,0.15,0.07894736842105263,0.10344827586206896
677687,FFF,2014J,0.0,0.0,0.0
677741,CCC,2014J,0.05,0.06666666666666667,0.05714285714285715
677741,EEE,2014J,0.15,0.3333333333333333,0.20689655172413793
677748,FFF,2014J,0.15,0.1,0.12
677767,FFF,2014J,0.15,0.08571428571428572,0.10909090909090909
677832,DDD,2014J,0.2,0.14285714285714285,0.16666666666666666
677833,FFF,2014J,0.1,0.09090909090909091,0.09523809523809525
677846,BBB,2014J,0.45,0.375,0.4090909090909091
677869,FFF,2014J,0.15,0.25,0.18749999999999997
677873,BBB,2014J,0.3,0.4,0.34285714285714286
677879,BBB,2014J,0.0,0.0,0.0
677892,BBB,2014J,0.25,0.38461538461538464,0.30303030303030304
677897,EEE,2014J,0.25,0.45454545454545453,0.3225806451612903
677900,EEE,2014J,0.45,0.5625,0.5
677922,BBB,2014J,0.3,0.5,0.37499999999999994
677928,GGG,2014J,0.25,0.35714285714285715,0.2941176470588235
678004,GGG,2014J,0.3,0.35294117647058826,0.3243243243243243
678009,GGG,2014J,0.15,0.25,0.18749999999999997
678015,EEE,2014J,0.45,0.6923076923076923,0.5454545454545455
678025,BBB,2014J,0.5,0.43478260869565216,0.46511627906976744
678026,EEE,2014J,0.45,0.6428571428571429,0.5294117647058824
678038,BBB,2014J,0.05,0.14285714285714285,0.07407407407407408
678041,DDD,2014J,0.2,0.09302325581395349,0.12698412698412698
678057,BBB,2014J,0.4,0.5333333333333333,0.4571428571428572
678065,DDD,2014J,0.2,0.14285714285714285,0.16666666666666666
678080,BBB,2014J,0.0,0.0,0.0
678088,FFF,2014J,0.2,0.16666666666666666,0.1818181818181818
678089,CCC,2014J,0.05,0.05263157894736842,0.05128205128205128
678102,DDD,2014J,0.4,0.19047619047619047,0.25806451612903225
678105,BBB,2014J,0.55,0.4230769230769231,0.47826086956521735
678110,BBB,2014J,0.15,0.17647058823529413,0.16216216216216214
678194,CCC,2014J,0.0,0.0,0.0
678194,EEE,2014J,0.5,0.7142857142857143,0.588235294117647
678203,CCC,2014J,0.0,0.0,0.0
678203,FFF,2014J,0.35,0.19444444444444445,0.25
678204,CCC,2014J,0.0,0.0,0.0
678233,DDD,2014J,0.15,0.3333333333333333,0.20689655172413793
678235,FFF,2014J,0.25,0.12195121951219512,0.16393442622950818
678240,DDD,2014J,0.3,0.14285714285714285,0.19354838709677416
678244,BBB,2014J,0.1,0.1,0.10000000000000002
678246,BBB,2014J,0.3,0.3,0.3
678255,GGG,2014J,0.15,0.3,0.2
678261,GGG,2014J,0.25,0.35714285714285715,0.2941176470588235
678267,EEE,2014J,0.6,0.75,0.6666666666666665
678270,FFF,2014J,0.15,0.2727272727272727,0.19354838709677416
678278,BBB,2014J,0.05,0.3333333333333333,0.08695652173913045
678314,BBB,2014J,0.15,0.23076923076923078,0.18181818181818185
678339,CCC,2014J,0.0,0.0,0.0
678341,EEE,2014J,0.2,0.8,0.32000000000000006
678373,BBB,2014J,0.3,0.25,0.2727272727272727
678381,FFF,2014J,0.55,0.2682926829268293,0.36065573770491804
678393,CCC,2014J,0.05,0.16666666666666666,0.07692307692307691
678395,CCC,2014J,0.0,0.0,0.0
678408,CCC,2014J,0.3,0.35294117647058826,0.3243243243243243
678419,CCC,2014J,0.05,0.1111111111111111,0.06896551724137932
678419,EEE,2014J,0.25,0.38461538461538464,0.30303030303030304
678432,GGG,2014J,0.2,0.5,0.28571428571428575
678452,FFF,2014J,0.25,0.13513513513513514,0.1754385964912281
678490,DDD,2014J,0.05,0.1,0.06666666666666667
678508,EEE,2014J,0.45,0.5625,0.5
678528,FFF,2014J,0.35,0.10606060606060606,0.1627906976744186
678538,EEE,2014J,0.5,1.0,0.6666666666666666
678575,BBB,2014J,0.15,0.5,0.23076923076923075
678605,DDD,2014J,0.05,0.07142857142857142,0.058823529411764705
678618,GGG,2014J,0.4,0.5333333333333333,0.4571428571428572
678623,BBB,2014J,0.05,0.5,0.09090909090909091
678628,FFF,2014J,0.35,0.20588235294117646,0.25925925925925924
678659,FFF,2014J,0.15,0.08571428571428572,0.10909090909090909
678661,BBB,2014J,0.1,0.16666666666666666,0.125
678680,BBB,2014J,0.35,0.3684210526315789,0.358974358974359
678688,BBB,2014J,0.3,0.46153846153846156,0.3636363636363637
678701,EEE,2014J,0.3,0.75,0.4285714285714285
678715,EEE,2014J,0.05,1.0,0.09523809523809523
678762,GGG,2014J,0.35,0.5,0.4117647058823529
678774,GGG,2014J,0.5,0.5882352941176471,0.5405405405405405
678777,BBB,2014J,0.0,0.0,0.0
678790,CCC,2014J,0.1,0.25,0.14285714285714288
678790,DDD,2014J,0.2,0.2857142857142857,0.23529411764705882
678815,BBB,2014J,0.3,0.375,0.33333333333333326
678819,FFF,2014J,0.2,0.0851063829787234,0.11940298507462686
678844,DDD,2014J,0.1,0.09523809523809523,0.0975609756097561
678859,FFF,2014J,0.3,0.15789473684210525,0.20689655172413793
678860,CCC,2014J,0.0,0.0,0.0
678860,EEE,2014J,0.3,0.8571428571428571,0.4444444444444444
678906,BBB,2014J,0.4,0.4,0.4000000000000001
678929,EEE,2014J,0.55,0.7857142857142857,0.6470588235294117
678941,DDD,2014J,0.15,0.09090909090909091,0.11320754716981132
678946,FFF,2014J,0.2,0.13333333333333333,0.16
678954,FFF,2014J,0.25,0.1724137931034483,0.20408163265306123
678955,BBB,2014J,0.25,0.35714285714285715,0.2941176470588235
678970,EEE,2014J,0.15,0.375,0.21428571428571425
678995,BBB,2014J,0.5,0.4166666666666667,0.45454545454545453
679036,FFF,2014J,0.0,0.0,0.0
679039,CCC,2014J,0.1,0.125,0.11111111111111112
679059,BBB,2014J,0.3,0.2857142857142857,0.2926829268292683
679114,EEE,2014J,0.3,0.6666666666666666,0.41379310344827586
679127,GGG,2014J,0.3,0.35294117647058826,0.3243243243243243
679128,CCC,2014J,0.15,0.15789473684210525,0.15384615384615385
679174,BBB,2014J,0.25,0.20833333333333334,0.22727272727272727
679189,FFF,2014J,0.4,0.23529411764705882,0.29629629629629634
679207,EEE,2014J,0.4,0.8,0.5333333333333333
679218,BBB,2014J,0.05,0.1,0.06666666666666667
679227,FFF,2014J,0.3,0.13953488372093023,0.1904761904761905
679232,BBB,2014J,0.45,0.42857142857142855,0.4390243902439024
679237,FFF,2014J,0.3,0.2222222222222222,0.25531914893617025
679251,FFF,2014J,0.15,0.15789473684210525,0.15384615384615385
679262,FFF,2014J,0.15,0.14285714285714285,0.14634146341463414
679278,FFF,2014J,0.2,0.17391304347826086,0.18604651162790697
679327,GGG,2014J,0.5,0.5555555555555556,0.5263157894736842
679384,FFF,2014J,0.3,0.17142857142857143,0.21818181818181817
679386,CCC,2014J,0.15,0.2,0.17142857142857143
679386,FFF,2014J,0.4,0.25,0.3076923076923077
679395,DDD,2014J,0.05,0.14285714285714285,0.07407407407407408
679402,FFF,2014J,0.25,0.16129032258064516,0.19607843137254902
679409,GGG,2014J,0.25,0.38461538461538464,0.30303030303030304
679431,CCC,2014J,0.35,0.2,0.2545454545454545
679445,FFF,2014J,0.2,0.13793103448275862,0.16326530612244897
679448,FFF,2014J,0.2,0.08163265306122448,0.11594202898550723
679451,CCC,2014J,0.15,0.17647058823529413,0.16216216216216214
679454,DDD,2014J,0.2,0.14814814814814814,0.1702127659574468
679498,FFF,2014J,0.2,0.13333333333333333,0.16
679509,FFF,2014J,0.1,0.10526315789473684,0.10256410256410256
679525,DDD,2014J,0.0,0.0,0.0
679541,EEE,2014J,0.15,0.375,0.21428571428571425
679559,BBB,2014J,0.05,0.2,0.08000000000000002
679569,CCC,2014J,0.0,0.0,0.0
679569,EEE,2014J,0.3,0.42857142857142855,0.3529411764705882
679594,FFF,2014J,0.2,0.12903225806451613,0.1568627450980392
679631,EEE,2014J,0.2,0.5714285714285714,0.29629629629629634
679663,CCC,2014J,0.0,0.0,0.0
679676,FFF,2014J,0.05,0.125,0.07142857142857144
679716,BBB,2014J,0.0,0.0,0.0
679733,CCC,2014J,0.1,0.16666666666666666,0.125
679750,CCC,2014J,0.1,0.09090909090909091,0.09523809523809525
679769,GGG,2014J,0.45,0.5625,0.5
679777,DDD,2014J,0.0,0.0,0.0
679788,FFF,2014J,0.05,0.125,0.07142857142857144
679790,FFF,2014J,0.25,0.10204081632653061,0.14492753623188406
679798,BBB,2014J,0.4,0.4,0.4000000000000001
679801,EEE,2014J,0.65,0.5,0.5652173913043479
679828,BBB,2014J,0.15,0.14285714285714285,0.14634146341463414
679840,GGG,2014J,0.2,0.3333333333333333,0.25
679854,DDD,2014J,0.0,0.0,0.0
679886,CCC,2014J,0.1,0.06060606060606061,0.07547169811320756
679897,DDD,2014J,0.2,0.13793103448275862,0.16326530612244897
679918,BBB,2014J,0.0,0.0,0.0
679921,GGG,2014J,0.2,0.25,0.22222222222222224
679939,CCC,2014J,0.05,0.125,0.07142857142857144
679939,FFF,2014J,0.65,0.35135135135135137,0.456140350877193
679959,CCC,2014J,0.15,0.23076923076923078,0.18181818181818185
679967,BBB,2014J,0.15,0.2,0.17142857142857143
679971,BBB,2014J,0.0,0.0,0.0
680002,CCC,2014J,0.15,0.16666666666666666,0.15789473684210525
680009,BBB,2014J,0.25,0.2777777777777778,0.2631578947368421
680014,FFF,2014J,0.25,0.16666666666666666,0.2
680017,DDD,2014J,0.1,0.1,0.10000000000000002
680025,DDD,2014J,0.15,0.11538461538461539,0.13043478260869565
680027,CCC,2014J,0.15,0.10714285714285714,0.125
680027,FFF,2014J,0.0,0.0,0.0
680063,GGG,2014J,0.25,0.5555555555555556,0.3448275862068966
680080,FFF,2014J,0.15,0.2,0.17142857142857143
680087,DDD,2014J,0.1,0.18181818181818182,0.12903225806451613
680133,CCC,2014J,0.1,0.13333333333333333,0.1142857142857143
680133,EEE,2014J,0.45,0.9,0.6
680145,FFF,2014J,0.35,0.12962962962962962,0.18918918918918917
680146,BBB,2014J,0.05,0.041666666666666664,0.04545454545454545
680162,BBB,2014J,0.15,0.6,0.24
680174,BBB,2014J,0.25,0.29411764705882354,0.27027027027027023
680176,GGG,2014J,0.1,0.4,0.16000000000000003
680187,CCC,2014J,0.15,0.09375,0.11538461538461538
680212,FFF,2014J,0.05,0.07692307692307693,0.060606060606060615
680219,BBB,2014J,0.3,0.3157894736842105,0.3076923076923077
680261,GGG,2014J,0.25,0.625,0.35714285714285715
680266,FFF,2014J,0.35,0.11666666666666667,0.175
680267,CCC,2014J,0.05,0.3333333333333333,0.08695652173913045
680267,EEE,2014J,0.05,0.09090909090909091,0.06451612903225806
680270,FFF,2014J,0.2,0.21052631578947367,0.20512820512820512
680290,BBB,2014J,0.25,0.38461538461538464,0.30303030303030304
680322,FFF,2014J,0.3,0.23076923076923078,0.2608695652173913
680331,DDD,2014J,0.05,0.2,0.08000000000000002
680343,FFF,2014J,0.65,0.1111111111111111,0.1897810218978102
680348,FFF,2014J,0.15,0.1,0.12
680427,GGG,2014J,0.3,0.35294117647058826,0.3243243243243243
680431,DDD,2014J,0.2,0.23529411764705882,0.2162162162162162
680443,FFF,2014J,0.1,0.125,0.11111111111111112
680453,BBB,2014J,0.1,0.25,0.14285714285714288
680464,FFF,2014J,0.3,0.1935483870967742,0.23529411764705882
680471,BBB,2014J,0.3,0.2857142857142857,0.2926829268292683
680483,EEE,2014J,0.5,0.9090909090909091,0.6451612903225806
680492,CCC,2014J,0.3,0.13333333333333333,0.18461538461538463
680492,DDD,2014J,0.25,0.11904761904761904,0.16129032258064516
680506,FFF,2014J,0.65,0.23214285714285715,0.3421052631578948
680530,BBB,2014J,0.05,1.0,0.09523809523809523
680541,BBB,2014J,0.05,0.1111111111111111,0.06896551724137932
680545,BBB,2014J,0.35,0.25925925925925924,0.29787234042553196
680559,BBB,2014J,0.15,0.17647058823529413,0.16216216216216214
680569,GGG,2014J,0.2,0.5,0.28571428571428575
680572,FFF,2014J,0.2,0.2,0.20000000000000004
680602,CCC,2014J,0.15,0.14285714285714285,0.14634146341463414
680626,DDD,2014J,0.0,0.0,0.0
680644,EEE,2014J,0.05,1.0,0.09523809523809523
680687,CCC,2014J,0.2,0.13793103448275862,0.16326530612244897
680708,FFF,2014J,0.25,0.13157894736842105,0.1724137931034483
680713,FFF,2014J,0.4,0.14814814814814814,0.21621621621621623
680723,BBB,2014J,0.35,0.30434782608695654,0.3255813953488372
680728,DDD,2014J,0.05,0.3333333333333333,0.08695652173913045
680747,FFF,2014J,0.1,0.14285714285714285,0.11764705882352941
680765,CCC,2014J,0.05,0.09090909090909091,0.06451612903225806
680765,EEE,2014J,0.4,0.8,0.5333333333333333
680775,FFF,2014J,0.2,0.14285714285714285,0.16666666666666666
680787,BBB,2014J,0.35,0.4375,0.38888888888888884
680798,BBB,2014J,0.3,0.35294117647058826,0.3243243243243243
680804,CCC,2014J,0.05,0.05555555555555555,0.052631578947368425
680804,EEE,2014J,0.3,0.3157894736842105,0.3076923076923077
680810,FFF,2014J,0.3,0.125,0.17647058823529413
680812,DDD,2014J,0.05,1.0,0.09523809523809523
680817,DDD,2014J,0.25,0.16666666666666666,0.2
680862,BBB,2014J,0.0,0.0,0.0
680872,FFF,2014J,0.1,0.08333333333333333,0.0909090909090909
680894,EEE,2014J,0.15,0.375,0.21428571428571425
680912,FFF,2014J,0.05,0.05263157894736842,0.05128205128205128
680918,BBB,2014J,0.15,0.23076923076923078,0.18181818181818185
680926,BBB,2014J,0.2,0.23529411764705882,0.2162162162162162
680955,FFF,2014J,0.25,0.14705882352941177,0.18518518518518517
680966,GGG,2014J,0.45,0.6428571428571429,0.5294117647058824
680970,BBB,2014J,0.1,0.2,0.13333333333333333
680974,FFF,2014J,0.55,0.2391304347826087,0.33333333333333337
680988,GGG,2014J,0.2,1.0,0.33333333333333337
680996,DDD,2014J,0.1,0.1111111111111111,0.10526315789473685
681001,EEE,2014J,0.55,0.6111111111111112,0.5789473684210527
681004,FFF,2014J,0.3,0.15789473684210525,0.20689655172413793
681059,DDD,2014J,0.15,0.13636363636363635,0.14285714285714282
681065,GGG,2014J,0.5,0.5882352941176471,0.5405405405405405
681107,GGG,2014J,0.25,0.45454545454545453,0.3225806451612903
681150,BBB,2014J,0.35,0.35,0.35
681154,GGG,2014J,0.1,0.2,0.13333333333333333
681165,CCC,2014J,0.15,0.13636363636363635,0.14285714285714282
681174,CCC,2014J,0.05,0.047619047619047616,0.04878048780487805
681200,EEE,2014J,0.5,0.7692307692307693,0.6060606060606061
681211,DDD,2014J,0.1,0.14285714285714285,0.11764705882352941
681222,BBB,2014J,0.65,0.43333333333333335,0.5199999999999999
681235,CCC,2014J,0.05,0.03571428571428571,0.041666666666666664
681235,FFF,2014J,0.3,0.2222222222222222,0.25531914893617025
681241,DDD,2014J,0.05,0.058823529411764705,0.05405405405405405
681268,GGG,2014J,0.25,0.5555555555555556,0.3448275862068966
681289,BBB,2014J,0.4,0.5,0.4444444444444445
681302,CCC,2014J,0.05,0.037037037037037035,0.0425531914893617
681302,EEE,2014J,0.1,0.2222222222222222,0.13793103448275865
681327,EEE,2014J,0.4,0.8,0.5333333333333333
681328,FFF,2014J,0.35,0.17073170731707318,0.22950819672131145
681341,FFF,2014J,0.05,0.07692307692307693,0.060606060606060615
681352,FFF,2014J,0.3,0.23076923076923078,0.2608695652173913
681354,FFF,2014J,0.15,0.1111111111111111,0.12765957446808512
681356,DDD,2014J,0.35,0.14583333333333334,0.20588235294117646
681369,EEE,2014J,0.4,0.7272727272727273,0.5161290322580645
681379,EEE,2014J,0.1,0.5,0.16666666666666669
681416,EEE,2014J,0.45,0.6428571428571429,0.5294117647058824
681421,GGG,2014J,0.15,0.17647058823529413,0.16216216216216214
681425,DDD,2014J,0.1,0.09090909090909091,0.09523809523809525
681440,DDD,2014J,0.05,0.06666666666666667,0.05714285714285715
681447,GGG,2014J,0.3,0.42857142857142855,0.3529411764705882
681452,FFF,2014J,0.6,0.26666666666666666,0.36923076923076925
681490,FFF,2014J,0.2,0.1111111111111111,0.14285714285714285
681528,DDD,2014J,0.0,0.0,0.0
681566,BBB,2014J,0.25,0.3333333333333333,0.28571428571428575
681581,BBB,2014J,0.45,0.391304347826087,0.4186046511627907
681608,FFF,2014J,0.35,0.21875,0.2692307692307692
681633,FFF,2014J,0.3,0.10909090909090909,0.16
681642,CCC,2014J,0.05,0.5,0.09090909090909091
681652,FFF,2014J,0.15,0.13043478260869565,0.13953488372093023
681655,FFF,2014J,0.25,0.14705882352941177,0.18518518518518517
681658,FFF,2014J,0.25,0.19230769230769232,0.2173913043478261
681696,GGG,2014J,0.45,0.47368421052631576,0.46153846153846156
681716,BBB,2014J,0.1,0.11764705882352941,0.1081081081081081
681729,DDD,2014J,0.1,0.05405405405405406,0.07017543859649122
681731,CCC,2014J,0.05,0.07692307692307693,0.060606060606060615
681746,DDD,2014J,0.15,0.13043478260869565,0.13953488372093023
681755,FFF,2014J,0.3,0.12,0.17142857142857143
681763,FFF,2014J,0.1,0.09523809523809523,0.0975609756097561
681798,BBB,2014J,0.25,0.3125,0.2777777777777778
681799,DDD,2014J,0.15,0.10344827586206896,0.12244897959183673
681876,GGG,2014J,0.15,0.21428571428571427,0.1764705882352941
681923,DDD,2014J,0.15,0.1111111111111111,0.12765957446808512
681938,FFF,2014J,0.1,0.07142857142857142,0.08333333333333333
681973,FFF,2014J,0.4,0.22857142857142856,0.2909090909090909
682001,GGG,2014J,0.2,0.2,0.20000000000000004
682019,FFF,2014J,0.15,0.42857142857142855,0.2222222222222222
682022,DDD,2014J,0.05,0.0625,0.05555555555555556
682051,BBB,2014J,0.0,0.0,0.0
682070,FFF,2014J,0.25,0.1388888888888889,0.17857142857142858
682100,GGG,2014J,0.5,0.5555555555555556,0.5263157894736842
682107,BBB,2014J,0.2,0.16666666666666666,0.1818181818181818
682117,DDD,2014J,0.05,0.25,0.08333333333333334
682123,GGG,2014J,0.3,0.2857142857142857,0.2926829268292683
682223,BBB,2014J,0.2,0.3076923076923077,0.24242424242424246
682239,EEE,2014J,0.05,1.0,0.09523809523809523
682259,CCC,2014J,0.0,0.0,0.0
682259,EEE,2014J,0.05,0.5,0.09090909090909091
682294,DDD,2014J,0.05,0.043478260869565216,0.046511627906976744
682298,FFF,2014J,0.25,0.17857142857142858,0.20833333333333331
682299,DDD,2014J,0.15,0.14285714285714285,0.14634146341463414
682301,CCC,2014J,0.05,0.125,0.07142857142857144
682306,DDD,2014J,0.05,0.022727272727272728,0.03125000000000001
682316,BBB,2014J,0.25,0.23809523809523808,0.24390243902439024
682321,GGG,2014J,0.2,0.25,0.22222222222222224
682343,BBB,2014J,0.35,0.28,0.3111111111111111
682355,EEE,2014J,0.25,0.5555555555555556,0.3448275862068966
682367,CCC,2014J,0.2,0.23529411764705882,0.2162162162162162
682385,DDD,2014J,0.0,0.0,0.0
682390,FFF,2014J,0.45,0.23684210526315788,0.3103448275862069
682409,BBB,2014J,0.25,0.38461538461538464,0.30303030303030304
682413,GGG,2014J,0.4,0.5333333333333333,0.4571428571428572
682436,FFF,2014J,0.35,0.14,0.2
682437,FFF,2014J,0.2,0.13333333333333333,0.16
682440,GGG,2014J,0.0,0.0,0.0
682480,BBB,2014J,0.0,0.0,0.0
682483,BBB,2014J,0.15,0.3,0.2
682511,CCC,2014J,0.0,0.0,0.0
682511,FFF,2014J,0.25,0.16666666666666666,0.2
682539,FFF,2014J,0.45,0.14754098360655737,0.22222222222222224
682541,DDD,2014J,0.05,0.1111111111111111,0.06896551724137932
682543,GGG,2014J,0.2,0.5714285714285714,0.29629629629629634
682569,CCC,2014J,0.05,0.16666666666666666,0.07692307692307691
682569,FFF,2014J,0.25,0.09615384615384616,0.1388888888888889
682588,FFF,2014J,0.1,0.15384615384615385,0.12121212121212123
682613,FFF,2014J,0.2,0.13793103448275862,0.16326530612244897
682625,GGG,2014J,0.4,0.5714285714285714,0.47058823529411764
682627,BBB,2014J,0.45,0.375,0.4090909090909091
682632,FFF,2014J,0.4,0.17777777777777778,0.24615384615384614
682660,DDD,2014J,0.1,0.07142857142857142,0.08333333333333333
682684,DDD,2014J,0.1,0.18181818181818182,0.12903225806451613
682692,DDD,2014J,0.15,0.10714285714285714,0.125
682695,FFF,2014J,0.35,0.14285714285714285,0.20289855072463767
682740,DDD,2014J,0.2,0.13793103448275862,0.16326530612244897
682753,FFF,2014J,0.2,0.25,0.22222222222222224
682819,DDD,2014J,0.05,1.0,0.09523809523809523
682839,FFF,2014J,0.35,0.16666666666666666,0.22580645161290322
682887,BBB,2014J,0.05,0.3333333333333333,0.08695652173913045
682894,FFF,2014J,0.1,0.0625,0.07692307692307693
682897,DDD,2014J,0.15,0.14285714285714285,0.14634146341463414
682913,BBB,2014J,0.1,1.0,0.18181818181818182
682961,CCC,2014J,0.2,0.14814814814814814,0.1702127659574468
682963,FFF,2014J,0.3,0.14285714285714285,0.19354838709677416
682968,DDD,2014J,0.0,0.0,0.0
682981,FFF,2014J,0.3,0.11320754716981132,0.1643835616438356
682983,FFF,2014J,0.35,0.175,0.23333333333333334
682985,FFF,2014J,0.05,1.0,0.09523809523809523
682990,FFF,2014J,0.25,0.23809523809523808,0.24390243902439024
683002,BBB,2014J,0.3,0.2857142857142857,0.2926829268292683
683005,GGG,2014J,0.5,0.5263157894736842,0.5128205128205129
683033,FFF,2014J,0.2,0.13793103448275862,0.16326530612244897
683079,EEE,2014J,0.5,0.8333333333333334,0.625
683091,DDD,2014J,0.1,0.0625,0.07692307692307693
683094,FFF,2014J,0.65,0.22033898305084745,0.3291139240506329
683120,BBB,2014J,0.45,0.391304347826087,0.4186046511627907
683140,BBB,2014J,0.25,0.38461538461538464,0.30303030303030304
683145,BBB,2014J,0.4,0.6666666666666666,0.5
683164,BBB,2014J,0.0,0.0,0.0
683178,FFF,2014J,0.35,0.12727272727272726,0.18666666666666665
683202,BBB,2014J,0.35,0.4117647058823529,0.37837837837837834
683243,FFF,2014J,0.2,0.21052631578947367,0.20512820512820512
683256,GGG,2014J,0.05,0.25,0.08333333333333334
683270,EEE,2014J,0.45,0.4090909090909091,0.4285714285714286
683275,BBB,2014J,0.0,0.0,0.0
683305,FFF,2014J,0.45,0.2571428571428571,0.32727272727272727
683323,FFF,2014J,0.05,0.3333333333333333,0.08695652173913045
683336,GGG,2014J,0.05,0.125,0.07142857142857144
683346,FFF,2014J,0.15,0.09375,0.11538461538461538
683352,FFF,2014J,0.2,0.06557377049180328,0.09876543209876544
683353,FFF,2014J,0.4,0.13333333333333333,0.2
683373,CCC,2014J,0.05,0.2,0.08000000000000002
683375,FFF,2014J,0.45,0.23076923076923078,0.3050847457627119
683396,DDD,2014J,0.2,0.2222222222222222,0.2105263157894737
683403,FFF,2014J,0.35,0.125,0.18421052631578946
683420,BBB,2014J,0.35,0.5384615384615384,0.4242424242424242
683423,GGG,2014J,0.4,0.4444444444444444,0.4210526315789474
683467,FFF,2014J,0.75,0.25,0.375
683492,EEE,2014J,0.1,1.0,0.18181818181818182
683503,CCC,2014J,0.05,0.5,0.09090909090909091
683530,FFF,2014J,0.4,0.14545454545454545,0.21333333333333335
683548,BBB,2014J,0.05,0.5,0.09090909090909091
683550,FFF,2014J,0.15,0.11538461538461539,0.13043478260869565
683592,BBB,2014J,0.3,0.6666666666666666,0.41379310344827586
683604,FFF,2014J,0.3,0.09523809523809523,0.14457831325301204
683618,BBB,2014J,0.35,0.6363636363636364,0.45161290322580644
683624,FFF,2014J,0.2,0.10256410256410256,0.13559322033898302
683625,CCC,2014J,0.15,0.14285714285714285,0.14634146341463414
683630,BBB,2014J,0.2,0.26666666666666666,0.2285714285714286
683633,GGG,2014J,0.1,0.18181818181818182,0.12903225806451613
683648,DDD,2014J,0.0,0.0,0.0
683653,DDD,2014J,0.15,0.2,0.17142857142857143
683664,BBB,2014J,0.4,0.5714285714285714,0.47058823529411764
683668,CCC,2014J,0.3,0.2222222222222222,0.25531914893617025
683705,BBB,2014J,0.7,0.42424242424242425,0.5283018867924527
683713,DDD,2014J,0.05,0.023255813953488372,0.031746031746031744
683718,DDD,2014J,0.05,0.047619047619047616,0.04878048780487805
683728,EEE,2014J,0.55,0.6875,0.6111111111111112
683742,BBB,2014J,0.35,0.2916666666666667,0.31818181818181823
683777,CCC,2014J,0.1,0.25,0.14285714285714288
683779,BBB,2014J,0.35,0.4666666666666667,0.4
683783,BBB,2014J,0.3,0.2857142857142857,0.2926829268292683
683817,BBB,2014J,0.15,0.23076923076923078,0.18181818181818185
683820,FFF,2014J,0.1,0.06896551724137931,0.08163265306122448
683838,BBB,2014J,0.1,0.2,0.13333333333333333
683841,GGG,2014J,0.1,0.3333333333333333,0.15384615384615383
683902,FFF,2014J,0.0,0.0,0.0
683934,FFF,2014J,0.25,0.125,0.16666666666666666
683935,BBB,2014J,0.2,0.2222222222222222,0.2105263157894737
683974,GGG,2014J,0.5,0.6666666666666666,0.5714285714285715
683987,BBB,2014J,0.45,0.3333333333333333,0.3829787234042553
684013,FFF,2014J,0.25,0.13513513513513514,0.1754385964912281
684050,EEE,2014J,0.45,0.75,0.5625000000000001
684055,BBB,2014J,0.05,0.25,0.08333333333333334
684064,EEE,2014J,0.3,0.42857142857142855,0.3529411764705882
684072,BBB,2014J,0.35,0.3181818181818182,0.3333333333333333
684095,DDD,2014J,0.4,0.24242424242424243,0.30188679245283023
684111,CCC,2014J,0.0,0.0,0.0
684116,GGG,2014J,0.3,0.4,0.34285714285714286
684141,DDD,2014J,0.05,0.06666666666666667,0.05714285714285715
684146,GGG,2014J,0.4,0.4444444444444444,0.4210526315789474
684169,GGG,2014J,0.4,0.6153846153846154,0.4848484848484849
684183,FFF,2014J,0.2,0.07272727272727272,0.10666666666666667
684184,BBB,2014J,0.15,0.16666666666666666,0.15789473684210525
684217,DDD,2014J,0.05,0.07142857142857142,0.058823529411764705
684225,EEE,2014J,0.3,0.2857142857142857,0.2926829268292683
684233,DDD,2014J,0.2,0.16,0.17777777777777778
684241,DDD,2014J,0.15,0.08333333333333333,0.10714285714285714
684250,BBB,2014J,0.05,0.07692307692307693,0.060606060606060615
684270,CCC,2014J,0.2,0.23529411764705882,0.2162162162162162
684273,BBB,2014J,0.3,0.2857142857142857,0.2926829268292683
684305,DDD,2014J,0.0,0.0,0.0
684311,FFF,2014J,0.3,0.2,0.24
684319,BBB,2014J,0.55,0.4782608695652174,0.5116279069767442
684329,BBB,2014J,0.35,0.3684210526315789,0.358974358974359
684341,GGG,2014J,0.1,0.25,0.14285714285714288
684357,EEE,2014J,0.45,0.6,0.5142857142857143
684375,BBB,2014J,0.05,0.14285714285714285,0.07407407407407408
684383,FFF,2014J,0.1,0.09090909090909091,0.09523809523809525
684386,FFF,2014J,0.25,0.1111111111111111,0.15384615384615383
684393,GGG,2014J,0.35,0.3181818181818182,0.3333333333333333
684407,DDD,2014J,0.15,0.11538461538461539,0.13043478260869565
684441,DDD,2014J,0.2,0.16666666666666666,0.1818181818181818
684444,CCC,2014J,0.1,0.2,0.13333333333333333
684456,GGG,2014J,0.25,0.22727272727272727,0.23809523809523808
684480,DDD,2014J,0.1,0.0625,0.07692307692307693
684498,CCC,2014J,0.0,0.0,0.0
684504,EEE,2014J,0.3,0.75,0.4285714285714285
684511,EEE,2014J,0.5,0.8333333333333334,0.625
684514,CCC,2014J,0.2,0.26666666666666666,0.2285714285714286
684526,FFF,2014J,0.0,0.0,0.0
684532,EEE,2014J,0.65,0.52,0.5777777777777778
684567,EEE,2014J,0.45,0.5294117647058824,0.48648648648648646
684592,FFF,2014J,0.15,0.16666666666666666,0.15789473684210525
684610,EEE,2014J,0.55,0.7857142857142857,0.6470588235294117
684615,BBB,2014J,0.2,0.13333333333333333,0.16
684632,DDD,2014J,0.0,0.0,0.0
684669,CCC,2014J,0.3,0.21428571428571427,0.25
684669,EEE,2014J,0.05,0.1111111111111111,0.06896551724137932
684671,FFF,2014J,0.15,0.16666666666666666,0.15789473684210525
684675,FFF,2014J,0.35,0.23333333333333334,0.28
684676,FFF,2014J,0.0,0.0,0.0
684687,BBB,2014J,0.15,0.2,0.17142857142857143
684704,BBB,2014J,0.1,0.18181818181818182,0.12903225806451613
684709,CCC,2014J,0.15,0.2,0.17142857142857143
684802,GGG,2014J,0.4,0.5,0.4444444444444445
684811,GGG,2014J,0.4,0.6153846153846154,0.4848484848484849
684825,EEE,2014J,0.0,0.0,0.0
684833,BBB,2014J,0.35,0.3333333333333333,0.3414634146341463
684854,DDD,2014J,0.1,0.07142857142857142,0.08333333333333333
684882,FFF,2014J,0.15,0.3,0.2
684905,CCC,2014J,0.05,0.058823529411764705,0.05405405405405405
684905,EEE,2014J,0.45,0.8181818181818182,0.5806451612903226
684907,EEE,2014J,0.45,0.6923076923076923,0.5454545454545455
684931,BBB,2014J,0.1,0.16666666666666666,0.125
684971,BBB,2014J,0.0,0.0,0.0
684981,FFF,2014J,0.1,0.2,0.13333333333333333
684987,GGG,2014J,0.05,1.0,0.09523809523809523
685004,FFF,2014J,0.0,0.0,0.0
685009,BBB,2014J,0.3,0.35294117647058826,0.3243243243243243
685015,DDD,2014J,0.2,0.11428571428571428,0.14545454545454545
685060,EEE,2014J,0.4,0.47058823529411764,0.4324324324324324
685069,DDD,2014J,0.05,0.3333333333333333,0.08695652173913045
685079,BBB,2014J,0.2,0.4444444444444444,0.2758620689655173
685085,DDD,2014J,0.05,0.3333333333333333,0.08695652173913045
685098,CCC,2014J,0.05,0.05263157894736842,0.05128205128205128
685105,FFF,2014J,0.5,0.2564102564102564,0.3389830508474576
685128,FFF,2014J,0.3,0.21428571428571427,0.25
685140,FFF,2014J,0.0,0.0,0.0
685152,EEE,2014J,0.35,0.7,0.4666666666666667
685155,FFF,2014J,0.3,0.13333333333333333,0.18461538461538463
685191,DDD,2014J,0.05,0.058823529411764705,0.05405405405405405
685199,EEE,2014J,0.5,0.8333333333333334,0.625
685201,BBB,2014J,0.4,0.2962962962962963,0.3404255319148936
685206,CCC,2014J,0.25,0.35714285714285715,0.2941176470588235
685212,CCC,2014J,0.05,0.05555555555555555,0.052631578947368425
685212,FFF,2014J,0.6,0.11320754716981132,0.1904761904761905
685224,DDD,2014J,0.35,0.18421052631578946,0.24137931034482757
685228,BBB,2014J,0.25,0.2631578947368421,0.25641025641025644
685267,BBB,2014J,0.3,0.6666666666666666,0.41379310344827586
685272,GGG,2014J,0.25,0.625,0.35714285714285715
685276,FFF,2014J,0.15,0.13636363636363635,0.14285714285714282
685284,EEE,2014J,0.2,0.6666666666666666,0.30769230769230765
685285,GGG,2014J,0.2,0.5714285714285714,0.29629629629629634
685287,CCC,2014J,0.05,0.2,0.08000000000000002
685287,EEE,2014J,0.3,0.5,0.37499999999999994
685292,EEE,2014J,0.4,0.36363636363636365,0.380952380952381
685294,DDD,2014J,0.0,0.0,0.0
685318,BBB,2014J,0.1,0.3333333333333333,0.15384615384615383
685330,FFF,2014J,0.1,0.25,0.14285714285714288
685338,GGG,2014J,0.45,0.5294117647058824,0.48648648648648646
685339,FFF,2014J,0.4,0.24242424242424243,0.30188679245283023
685370,EEE,2014J,0.55,0.5789473684210527,0.5641025641025641
685373,FFF,2014J,0.3,0.1935483870967742,0.23529411764705882
685378,FFF,2014J,0.3,0.17647058823529413,0.22222222222222224
685391,BBB,2014J,0.3,0.3,0.3
685410,FFF,2014J,0.2,0.16,0.17777777777777778
685412,CCC,2014J,0.3,0.20689655172413793,0.24489795918367346
685412,DDD,2014J,0.1,0.07692307692307693,0.08695652173913043
685436,GGG,2014J,0.45,0.4090909090909091,0.4285714285714286
685453,BBB,2014J,0.05,1.0,0.09523809523809523
685458,CCC,2014J,0.3,0.21428571428571427,0.25
685458,DDD,2014J,0.05,0.034482758620689655,0.04081632653061224
685487,CCC,2014J,0.05,0.02857142857142857,0.03636363636363636
685487,EEE,2014J,0.5,0.5555555555555556,0.5263157894736842
685499,EEE,2014J,0.45,0.75,0.5625000000000001
685514,CCC,2014J,0.4,0.2857142857142857,0.3333333333333333
685517,EEE,2014J,0.25,0.625,0.35714285714285715
685535,GGG,2014J,0.1,0.2222222222222222,0.13793103448275865
685545,GGG,2014J,0.1,0.2857142857142857,0.14814814814814817
685572,CCC,2014J,0.1,0.25,0.14285714285714288
685575,GGG,2014J,0.25,0.3333333333333333,0.28571428571428575
685592,BBB,2014J,0.4,0.3076923076923077,0.34782608695652173
685597,CCC,2014J,0.0,0.0,0.0
685611,DDD,2014J,0.0,0.0,0.0
685615,DDD,2014J,0.35,0.25925925925925924,0.29787234042553196
685619,CCC,2014J,0.0,0.0,0.0
685619,FFF,2014J,0.65,0.3611111111111111,0.4642857142857143
685623,DDD,2014J,0.1,0.15384615384615385,0.12121212121212123
685627,GGG,2014J,0.35,0.6363636363636364,0.45161290322580644
685668,EEE,2014J,0.35,1.0,0.5185185185185185
685676,GGG,2014J,0.4,0.5714285714285714,0.47058823529411764
685697,DDD,2014J,0.2,0.23529411764705882,0.2162162162162162
685702,BBB,2014J,0.2,0.18181818181818182,0.1904761904761905
685705,FFF,2014J,0.25,0.2,0.22222222222222224
685708,FFF,2014J,0.05,0.05263157894736842,0.05128205128205128
685772,FFF,2014J,0.15,0.13043478260869565,0.13953488372093023
685779,BBB,2014J,0.2,0.2857142857142857,0.23529411764705882
685804,EEE,2014J,0.15,0.42857142857142855,0.2222222222222222
685812,BBB,2014J,0.25,0.2631578947368421,0.25641025641025644
685829,BBB,2014J,0.3,0.4,0.34285714285714286
685830,BBB,2014J,0.55,0.4583333333333333,0.5
685831,FFF,2014J,0.1,0.11764705882352941,0.1081081081081081
685842,BBB,2014J,0.1,0.18181818181818182,0.12903225806451613
685843,DDD,2014J,0.25,0.1724137931034483,0.20408163265306123
685849,CCC,2014J,0.05,0.125,0.07142857142857144
685871,CCC,2014J,0.05,0.041666666666666664,0.04545454545454545
685910,DDD,2014J,0.15,0.17647058823529413,0.16216216216216214
685950,CCC,2014J,0.0,0.0,0.0
685950,EEE,2014J,0.4,0.4444444444444444,0.4210526315789474
685964,CCC,2014J,0.05,0.043478260869565216,0.046511627906976744
685964,DDD,2014J,0.05,0.05,0.05000000000000001
686001,CCC,2014J,0.0,0.0,0.0
686018,CCC,2014J,0.0,0.0,0.0
686018,DDD,2014J,0.0,0.0,0.0
686038,DDD,2014J,0.15,0.08823529411764706,0.11111111111111112
686051,EEE,2014J,0.5,0.7692307692307693,0.6060606060606061
686058,CCC,2014J,0.05,0.029411764705882353,0.03703703703703704
686058,EEE,2014J,0.5,0.5882352941176471,0.5405405405405405
686065,FFF,2014J,0.2,0.09302325581395349,0.12698412698412698
686074,BBB,2014J,0.4,0.36363636363636365,0.380952380952381
686110,CCC,2014J,0.0,0.0,0.0
686110,EEE,2014J,0.25,0.8333333333333334,0.3846153846153846
686112,GGG,2014J,0.25,0.22727272727272727,0.23809523809523808
686128,BBB,2014J,0.25,0.4166666666666667,0.3125
686182,BBB,2014J,0.4,0.5,0.4444444444444445
686194,GGG,2014J,0.45,0.45,0.45
686200,BBB,2014J,0.55,0.4782608695652174,0.5116279069767442
686207,GGG,2014J,0.35,0.5833333333333334,0.4375
686267,GGG,2014J,0.45,0.6428571428571429,0.5294117647058824
686268,CCC,2014J,0.45,0.225,0.3
686268,DDD,2014J,0.25,0.10638297872340426,0.1492537313432836
686287,EEE,2014J,0.2,1.0,0.33333333333333337
686312,DDD,2014J,0.1,0.05263157894736842,0.06896551724137931
686314,FFF,2014J,0.15,0.15,0.15
686317,FFF,2014J,0.6,0.2857142857142857,0.3870967741935483
686344,FFF,2014J,0.2,0.19047619047619047,0.1951219512195122
686348,FFF,2014J,0.1,0.1,0.10000000000000002
686370,DDD,2014J,0.3,0.2608695652173913,0.27906976744186046
686378,BBB,2014J,0.15,0.2727272727272727,0.19354838709677416
686399,DDD,2014J,0.1,0.11764705882352941,0.1081081081081081
686402,BBB,2014J,0.0,0.0,0.0
686411,CCC,2014J,0.0,0.0,0.0
686447,EEE,2014J,0.4,0.7272727272727273,0.5161290322580645
686476,EEE,2014J,0.1,0.6666666666666666,0.1739130434782609
686498,FFF,2014J,0.15,0.09090909090909091,0.11320754716981132
686515,CCC,2014J,0.0,0.0,0.0
686522,FFF,2014J,0.25,0.07936507936507936,0.12048192771084337
686525,EEE,2014J,0.45,0.5,0.4736842105263158
686558,CCC,2014J,0.0,0.0,0.0
686558,FFF,2014J,0.45,0.32142857142857145,0.375
686564,EEE,2014J,0.55,0.7857142857142857,0.6470588235294117
686584,CCC,2014J,0.15,0.1,0.12
686584,DDD,2014J,0.1,0.09090909090909091,0.09523809523809525
686593,EEE,2014J,0.35,0.5384615384615384,0.4242424242424242
686596,BBB,2014J,0.15,0.6,0.24
686598,GGG,2014J,0.15,0.2,0.17142857142857143
686645,CCC,2014J,0.3,0.18181818181818182,0.22641509433962265
686650,GGG,2014J,0.05,0.16666666666666666,0.07692307692307691
686667,BBB,2014J,0.55,0.4583333333333333,0.5
686670,BBB,2014J,0.4,0.34782608695652173,0.37209302325581395
686700,FFF,2014J,0.3,0.1875,0.23076923076923075
686705,FFF,2014J,0.25,0.20833333333333334,0.22727272727272727
686708,EEE,2014J,0.35,0.7777777777777778,0.48275862068965514
686725,BBB,2014J,0.1,0.25,0.14285714285714288
686753,EEE,2014J,0.45,0.6,0.5142857142857143
686762,BBB,2014J,0.15,0.17647058823529413,0.16216216216216214
686766,DDD,2014J,0.3,0.20689655172413793,0.24489795918367346
686786,FFF,2014J,0.05,0.25,0.08333333333333334
686791,BBB,2014J,0.15,0.14285714285714285,0.14634146341463414
686822,BBB,2014J,0.4,0.42105263157894735,0.41025641025641024
686837,BBB,2014J,0.05,0.1,0.06666666666666667
686854,DDD,2014J,0.05,0.3333333333333333,0.08695652173913045
686871,DDD,2014J,0.05,0.1,0.06666666666666667
686872,EEE,2014J,0.3,0.5454545454545454,0.3870967741935483
686907,CCC,2014J,0.15,0.21428571428571427,0.1764705882352941
686913,EEE,2014J,0.3,0.6,0.4
686918,GGG,2014J,0.55,0.4782608695652174,0.5116279069767442
686921,GGG,2014J,0.15,0.1875,0.16666666666666663
686938,BBB,2014J,0.15,0.23076923076923078,0.18181818181818185
686940,BBB,2014J,0.3,0.25,0.2727272727272727
686946,FFF,2014J,0.3,0.17142857142857143,0.21818181818181817
686957,CCC,2014J,0.3,0.24,0.2666666666666666
686987,BBB,2014J,0.3,0.42857142857142855,0.3529411764705882
687023,CCC,2014J,0.0,0.0,0.0
687023,EEE,2014J,0.15,0.6,0.24
687037,BBB,2014J,0.45,0.391304347826087,0.4186046511627907
687050,DDD,2014J,0.0,0.0,0.0
687060,BBB,2014J,0.25,0.4166666666666667,0.3125
687112,FFF,2014J,0.15,0.2,0.17142857142857143
687115,FFF,2014J,0.35,0.2692307692307692,0.3043478260869565
687122,BBB,2014J,0.4,0.38095238095238093,0.3902439024390244
687157,BBB,2014J,0.35,0.3181818181818182,0.3333333333333333
687160,CCC,2014J,0.1,0.1111111111111111,0.10526315789473685
687173,BBB,2014J,0.5,0.47619047619047616,0.4878048780487805
687185,BBB,2014J,0.0,0.0,0.0
687190,CCC,2014J,0.2,0.17391304347826086,0.18604651162790697
687194,EEE,2014J,0.15,0.5,0.23076923076923075
687206,CCC,2014J,0.25,0.21739130434782608,0.23255813953488372
687216,CCC,2014J,0.15,0.1111111111111111,0.12765957446808512
687217,BBB,2014J,0.05,0.09090909090909091,0.06451612903225806
687242,EEE,2014J,0.4,0.8888888888888888,0.5517241379310346
687244,DDD,2014J,0.0,0.0,0.0
687301,BBB,2014J,0.05,0.1,0.06666666666666667
687302,GGG,2014J,0.2,0.2857142857142857,0.23529411764705882
687326,BBB,2014J,0.35,0.21875,0.2692307692307692
687345,FFF,2014J,0.05,0.3333333333333333,0.08695652173913045
687351,FFF,2014J,0.25,0.20833333333333334,0.22727272727272727
687370,EEE,2014J,0.4,0.7272727272727273,0.5161290322580645
687378,BBB,2014J,0.4,0.36363636363636365,0.380952380952381
687379,BBB,2014J,0.4,0.26666666666666666,0.32
687384,DDD,2014J,0.0,0.0,0.0
687402,BBB,2014J,0.15,0.42857142857142855,0.2222222222222222
687406,BBB,2014J,0.05,0.0625,0.05555555555555556
687410,FFF,2014J,0.25,0.18518518518518517,0.2127659574468085
687411,DDD,2014J,0.1,0.07142857142857142,0.08333333333333333
687421,BBB,2014J,0.3,0.3157894736842105,0.3076923076923077
687434,FFF,2014J,0.25,0.15151515151515152,0.18867924528301888
687446,DDD,2014J,0.25,0.14705882352941177,0.18518518518518517
687468,FFF,2014J,0.1,0.06896551724137931,0.08163265306122448
687485,FFF,2014J,0.1,0.10526315789473684,0.10256410256410256
687503,FFF,2014J,0.5,0.35714285714285715,0.41666666666666663
687523,GGG,2014J,0.25,0.3333333333333333,0.28571428571428575
687533,BBB,2014J,0.3,0.2857142857142857,0.2926829268292683
687563,EEE,2014J,0.45,0.9,0.6
687566,BBB,2014J,0.35,0.35,0.35
687574,EEE,2014J,0.35,0.5,0.4117647058823529
687575,BBB,2014J,0.15,0.25,0.18749999999999997
687600,DDD,2014J,0.1,0.1111111111111111,0.10526315789473685
687620,GGG,2014J,0.3,0.2608695652173913,0.27906976744186046
687653,GGG,2014J,0.0,0.0,0.0
687683,BBB,2014J,0.35,0.25,0.2916666666666667
687686,CCC,2014J,0.05,0.125,0.07142857142857144
687686,FFF,2014J,0.25,0.20833333333333334,0.22727272727272727
687688,BBB,2014J,0.3,0.3,0.3
687698,AAA,2014J,0.1,0.3333333333333333,0.15384615384615383
687720,DDD,2014J,0.15,0.1875,0.16666666666666663
687722,GGG,2014J,0.3,0.4,0.34285714285714286
687757,EEE,2014J,0.55,0.7333333333333333,0.6285714285714286
687766,EEE,2014J,0.3,0.5454545454545454,0.3870967741935483
687769,BBB,2014J,0.05,0.058823529411764705,0.05405405405405405
687772,CCC,2014J,0.1,0.16666666666666666,0.125
687772,EEE,2014J,0.5,0.7692307692307693,0.6060606060606061
687780,GGG,2014J,0.25,0.25,0.25
687781,DDD,2014J,0.3,0.10714285714285714,0.15789473684210525
687792,DDD,2014J,0.25,0.23809523809523808,0.24390243902439024
687821,GGG,2014J,0.25,0.3333333333333333,0.28571428571428575
687823,DDD,2014J,0.4,0.14814814814814814,0.21621621621621623
687835,DDD,2014J,0.1,0.1111111111111111,0.10526315789473685
687844,EEE,2014J,0.3,0.46153846153846156,0.3636363636363637
687846,FFF,2014J,0.15,0.17647058823529413,0.16216216216216214
687861,DDD,2014J,0.25,0.22727272727272727,0.23809523809523808
687877,CCC,2014J,0.3,0.1276595744680851,0.17910447761194026
687910,FFF,2014J,0.25,0.10638297872340426,0.1492537313432836
687930,FFF,2014J,0.05,0.03225806451612903,0.0392156862745098
687931,FFF,2014J,0.05,0.05263157894736842,0.05128205128205128
687945,EEE,2014J,0.45,0.8181818181818182,0.5806451612903226
687975,DDD,2014J,0.4,0.23529411764705882,0.29629629629629634
687981,CCC,2014J,0.25,0.3125,0.2777777777777778
687981,DDD,2014J,0.2,0.19047619047619047,0.1951219512195122
687988,FFF,2014J,0.25,0.16129032258064516,0.19607843137254902
688008,FFF,2014J,0.1,0.044444444444444446,0.061538461538461535
688011,BBB,2014J,0.4,0.42105263157894735,0.41025641025641024
688033,CCC,2014J,0.1,0.15384615384615385,0.12121212121212123
688038,GGG,2014J,0.1,0.15384615384615385,0.12121212121212123
688118,EEE,2014J,0.25,0.8333333333333334,0.3846153846153846
688127,FFF,2014J,0.1,0.1,0.10000000000000002
688130,BBB,2014J,0.1,0.3333333333333333,0.15384615384615383
688133,EEE,2014J,0.25,0.5555555555555556,0.3448275862068966
688135,BBB,2014J,0.2,0.5714285714285714,0.29629629629629634
688136,FFF,2014J,0.25,0.18518518518518517,0.2127659574468085
688167,BBB,2014J,0.4,0.47058823529411764,0.4324324324324324
688175,DDD,2014J,0.1,0.13333333333333333,0.1142857142857143
688192,FFF,2014J,0.25,0.125,0.16666666666666666
688199,GGG,2014J,0.45,0.5294117647058824,0.48648648648648646
688208,BBB,2014J,0.0,0.0,0.0
688265,FFF,2014J,0.05,0.2,0.08000000000000002
688281,CCC,2014J,0.15,0.10714285714285714,0.125
688284,DDD,2014J,0.05,0.5,0.09090909090909091
688287,EEE,2014J,0.25,0.5,0.3333333333333333
688310,EEE,2014J,0.65,0.5909090909090909,0.6190476190476191
688337,CCC,2014J,0.15,0.21428571428571427,0.1764705882352941
688337,FFF,2014J,0.15,0.16666666666666666,0.15789473684210525
688356,CCC,2014J,0.0,0.0,0.0
688376,BBB,2014J,0.35,0.4117647058823529,0.37837837837837834
688379,GGG,2014J,0.4,0.4444444444444444,0.4210526315789474
688388,GGG,2014J,0.4,0.6153846153846154,0.4848484848484849
688401,GGG,2014J,0.25,0.45454545454545453,0.3225806451612903
688437,DDD,2014J,0.15,0.1111111111111111,0.12765957446808512
688451,EEE,2014J,0.55,0.8461538461538461,0.6666666666666667
688470,FFF,2014J,0.2,0.36363636363636365,0.25806451612903225
688513,BBB,2014J,0.15,0.17647058823529413,0.16216216216216214
688519,BBB,2014J,0.45,0.4090909090909091,0.4285714285714286
688521,CCC,2014J,0.1,0.14285714285714285,0.11764705882352941
688525,DDD,2014J,0.35,0.22580645161290322,0.2745098039215686
688543,FFF,2014J,0.15,0.1,0.12
688571,DDD,2014J,0.2,0.14814814814814814,0.1702127659574468
688592,DDD,2014J,0.1,0.18181818181818182,0.12903225806451613
688608,DDD,2014J,0.0,0.0,0.0
688638,BBB,2014J,0.35,0.3684210526315789,0.358974358974359
688662,EEE,2014J,0.5,0.625,0.5555555555555556
688667,FFF,2014J,0.2,0.23529411764705882,0.2162162162162162
688685,FFF,2014J,0.5,0.20408163265306123,0.2898550724637681
688707,CCC,2014J,0.0,0.0,0.0
688722,DDD,2014J,0.1,0.06896551724137931,0.08163265306122448
688727,FFF,2014J,0.3,0.18181818181818182,0.22641509433962265
688742,EEE,2014J,0.45,0.5,0.4736842105263158
688763,EEE,2014J,0.35,0.7777777777777778,0.48275862068965514
688770,CCC,2014J,0.0,0.0,0.0
688811,GGG,2014J,0.05,0.125,0.07142857142857144
688819,GGG,2014J,0.3,0.46153846153846156,0.3636363636363637
688843,DDD,2014J,0.05,0.1111111111111111,0.06896551724137932
688870,EEE,2014J,0.2,0.6666666666666666,0.30769230769230765
688891,FFF,2014J,0.05,0.08333333333333333,0.0625
688895,FFF,2014J,0.2,0.09302325581395349,0.12698412698412698
688911,DDD,2014J,0.2,0.13793103448275862,0.16326530612244897
688924,EEE,2014J,0.4,0.3333333333333333,0.3636363636363636
688954,BBB,2014J,0.0,0.0,0.0
689004,CCC,2014J,0.0,0.0,0.0
689005,FFF,2014J,0.45,0.3,0.36000000000000004
689017,DDD,2014J,0.15,0.08823529411764706,0.11111111111111112
689038,DDD,2014J,0.3,0.25,0.2727272727272727
689050,CCC,2014J,0.15,0.15789473684210525,0.15384615384615385
689050,DDD,2014J,0.05,0.043478260869565216,0.046511627906976744
689056,FFF,2014J,0.0,0.0,0.0
689065,GGG,2014J,0.65,0.6190476190476191,0.6341463414634146
689089,BBB,2014J,0.0,0.0,0.0
689094,BBB,2014J,0.15,0.2,0.17142857142857143
689095,BBB,2014J,0.2,0.21052631578947367,0.20512820512820512
689097,BBB,2014J,0.3,0.5454545454545454,0.3870967741935483
689101,CCC,2014J,0.1,0.14285714285714285,0.11764705882352941
689113,BBB,2014J,0.25,0.4166666666666667,0.3125
689124,BBB,2014J,0.15,0.6,0.24
689129,BBB,2014J,0.0,0.0,0.0
689131,BBB,2014J,0.3,0.4,0.34285714285714286
689132,BBB,2014J,0.15,0.25,0.18749999999999997
689135,DDD,2014J,0.2,0.08333333333333333,0.11764705882352941
689139,BBB,2014J,0.25,0.35714285714285715,0.2941176470588235
689141,BBB,2014J,0.05,0.3333333333333333,0.08695652173913045
689147,BBB,2014J,0.15,0.3,0.2
689148,BBB,2014J,0.35,0.4117647058823529,0.37837837837837834
689157,BBB,2014J,0.3,0.2727272727272727,0.28571428571428564
689161,EEE,2014J,0.35,0.875,0.4999999999999999
689164,CCC,2014J,0.1,0.1,0.10000000000000002
689187,BBB,2014J,0.2,0.21052631578947367,0.20512820512820512
689190,CCC,2014J,0.05,0.05,0.05000000000000001
689190,DDD,2014J,0.3,0.20689655172413793,0.24489795918367346
689217,CCC,2014J,0.25,0.15151515151515152,0.18867924528301888
689217,EEE,2014J,0.25,0.5555555555555556,0.3448275862068966
689230,BBB,2014J,0.2,0.3076923076923077,0.24242424242424246
689231,DDD,2014J,0.4,0.09411764705882353,0.1523809523809524
689246,CCC,2014J,0.2,0.25,0.22222222222222224
689250,EEE,2014J,0.55,0.6470588235294118,0.5945945945945946
689260,FFF,2014J,0.2,0.2,0.20000000000000004
689265,BBB,2014J,0.05,0.16666666666666666,0.07692307692307691
689267,BBB,2014J,0.1,0.16666666666666666,0.125
689274,BBB,2014J,0.2,0.19047619047619047,0.1951219512195122
689280,FFF,2014J,0.35,0.11290322580645161,0.17073170731707316
689287,BBB,2014J,0.35,0.3888888888888889,0.36842105263157887
689288,EEE,2014J,0.45,0.75,0.5625000000000001
689329,BBB,2014J,0.05,1.0,0.09523809523809523
689333,BBB,2014J,0.25,0.4166666666666667,0.3125
689335,GGG,2014J,0.3,0.375,0.33333333333333326
689347,FFF,2014J,0.25,0.12195121951219512,0.16393442622950818
689370,EEE,2014J,0.35,0.7,0.4666666666666667
689371,GGG,2014J,0.3,0.46153846153846156,0.3636363636363637
689389,EEE,2014J,0.25,0.7142857142857143,0.37037037037037035
689397,BBB,2014J,0.0,0.0,0.0
689399,CCC,2014J,0.3,0.23076923076923078,0.2608695652173913
689406,BBB,2014J,0.1,1.0,0.18181818181818182
689418,DDD,2014J,0.15,0.13636363636363635,0.14285714285714282
689433,GGG,2014J,0.2,0.2222222222222222,0.2105263157894737
689444,FFF,2014J,0.1,0.2,0.13333333333333333
689485,GGG,2014J,0.25,0.29411764705882354,0.27027027027027023
689493,BBB,2014J,0.1,1.0,0.18181818181818182
689503,GGG,2014J,0.15,0.21428571428571427,0.1764705882352941
689563,BBB,2014J,0.3,0.3157894736842105,0.3076923076923077
689574,DDD,2014J,0.25,0.18518518518518517,0.2127659574468085
689594,GGG,2014J,0.45,0.6428571428571429,0.5294117647058824
689636,GGG,2014J,0.35,0.3684210526315789,0.358974358974359
689637,CCC,2014J,0.3,0.24,0.2666666666666666
689650,DDD,2014J,0.15,0.17647058823529413,0.16216216216216214
689662,BBB,2014J,0.35,0.30434782608695654,0.3255813953488372
689665,BBB,2014J,0.45,0.3333333333333333,0.3829787234042553
689727,BBB,2014J,0.0,0.0,0.0
689754,GGG,2014J,0.25,0.25,0.25
689759,CCC,2014J,0.2,0.2,0.20000000000000004
689759,DDD,2014J,0.05,0.037037037037037035,0.0425531914893617
689763,EEE,2014J,0.1,0.16666666666666666,0.125
689768,BBB,2014J,0.05,0.07142857142857142,0.058823529411764705
689786,EEE,2014J,0.15,0.5,0.23076923076923075
689792,CCC,2014J,0.05,0.07142857142857142,0.058823529411764705
689796,FFF,2014J,0.2,0.1,0.13333333333333333
689828,BBB,2014J,0.05,1.0,0.09523809523809523
689832,FFF,2014J,0.1,0.16666666666666666,0.125
689838,GGG,2014J,0.25,0.3125,0.2777777777777778
689839,GGG,2014J,0.2,0.3076923076923077,0.24242424242424246
689840,EEE,2014J,0.4,0.8888888888888888,0.5517241379310346
689855,CCC,2014J,0.45,0.2727272727272727,0.339622641509434
689855,FFF,2014J,0.0,0.0,0.0
689878,GGG,2014J,0.35,0.4117647058823529,0.37837837837837834
689921,DDD,2014J,0.1,0.1,0.10000000000000002
689924,FFF,2014J,0.15,0.17647058823529413,0.16216216216216214
689936,BBB,2014J,0.0,0.0,0.0
689956,DDD,2014J,0.1,0.4,0.16000000000000003
689975,BBB,2014J,0.2,0.5714285714285714,0.29629629629629634
689983,EEE,2014J,0.45,0.9,0.6
689990,DDD,2014J,0.3,0.11320754716981132,0.1643835616438356
690003,BBB,2014J,0.15,0.2727272727272727,0.19354838709677416
690016,EEE,2014J,0.15,0.3,0.2
690029,GGG,2014J,0.3,0.3157894736842105,0.3076923076923077
690044,GGG,2014J,0.5,0.6666666666666666,0.5714285714285715
690046,CCC,2014J,0.0,0.0,0.0
690057,GGG,2014J,0.15,0.3333333333333333,0.20689655172413793
690062,CCC,2014J,0.3,0.12,0.17142857142857143
690075,FFF,2014J,0.5,0.3125,0.38461538461538464
690089,BBB,2014J,0.25,0.2,0.22222222222222224
690095,EEE,2014J,0.35,0.7,0.4666666666666667
690116,BBB,2014J,0.35,0.4117647058823529,0.37837837837837834
690133,DDD,2014J,0.25,0.3125,0.2777777777777778
690168,DDD,2014J,0.05,0.037037037037037035,0.0425531914893617
690192,DDD,2014J,0.25,0.1724137931034483,0.20408163265306123
690198,FFF,2014J,0.25,0.15151515151515152,0.18867924528301888
690211,BBB,2014J,0.15,0.15789473684210525,0.15384615384615385
690225,DDD,2014J,0.05,0.08333333333333333,0.0625
690241,EEE,2014J,0.5,0.9090909090909091,0.6451612903225806
690318,BBB,2014J,0.4,0.4444444444444444,0.4210526315789474
690319,BBB,2014J,0.2,0.21052631578947367,0.20512820512820512
690359,BBB,2014J,0.2,0.16,0.17777777777777778
690365,CCC,2014J,0.55,0.275,0.3666666666666667
690365,DDD,2014J,0.0,0.0,0.0
690366,BBB,2014J,0.0,0.0,0.0
690370,EEE,2014J,0.35,0.7,0.4666666666666667
690382,FFF,2014J,0.55,0.2391304347826087,0.33333333333333337
690384,BBB,2014J,0.0,0.0,0.0
690404,CCC,2014J,0.3,0.18181818181818182,0.22641509433962265
690469,BBB,2014J,0.4,0.3333333333333333,0.3636363636363636
690471,GGG,2014J,0.1,0.6666666666666666,0.1739130434782609
690507,CCC,2014J,0.05,0.03125,0.038461538461538464
690507,EEE,2014J,0.4,0.5,0.4444444444444445
690525,EEE,2014J,0.4,0.8,0.5333333333333333
690553,EEE,2014J,0.5,0.5882352941176471,0.5405405405405405
690579,GGG,2014J,0.55,0.5,0.5238095238095238
690586,EEE,2014J,0.35,0.7,0.4666666666666667
690589,CCC,2014J,0.35,0.175,0.23333333333333334
690628,FFF,2014J,0.3,0.16666666666666666,0.21428571428571427
690635,FFF,2014J,0.1,0.07692307692307693,0.08695652173913043
690644,CCC,2014J,0.0,0.0,0.0
690695,CCC,2014J,0.1,0.4,0.16000000000000003
690711,DDD,2014J,0.35,0.16666666666666666,0.22580645161290322
690724,EEE,2014J,0.05,0.5,0.09090909090909091
690733,CCC,2014J,0.2,0.23529411764705882,0.2162162162162162
690733,DDD,2014J,0.05,0.06666666666666667,0.05714285714285715
690746,FFF,2014J,0.55,0.1527777777777778,0.2391304347826087
690766,BBB,2014J,0.1,0.16666666666666666,0.125
690767,BBB,2014J,0.1,0.5,0.16666666666666669
690832,FFF,2014J,0.05,0.125,0.07142857142857144
690872,FFF,2014J,0.15,0.1875,0.16666666666666663
690882,DDD,2014J,0.2,0.14814814814814814,0.1702127659574468
690884,DDD,2014J,0.05,0.06666666666666667,0.05714285714285715
690902,BBB,2014J,0.45,0.391304347826087,0.4186046511627907
690917,EEE,2014J,0.35,0.7777777777777778,0.48275862068965514
690948,CCC,2014J,0.1,0.125,0.11111111111111112
690967,BBB,2014J,0.1,0.1111111111111111,0.10526315789473685
691026,BBB,2014J,0.0,0.0,0.0
691069,CCC,2014J,0.1,0.13333333333333333,0.1142857142857143
691069,DDD,2014J,0.05,0.1,0.06666666666666667
691078,EEE,2014J,0.15,0.5,0.23076923076923075
691088,DDD,2014J,0.1,0.15384615384615385,0.12121212121212123
691094,BBB,2014J,0.1,0.18181818181818182,0.12903225806451613
691122,BBB,2014J,0.2,0.5,0.28571428571428575
691127,GGG,2014J,0.45,0.42857142857142855,0.4390243902439024
691189,EEE,2014J,0.4,0.6666666666666666,0.5
691195,CCC,2014J,0.0,0.0,0.0
691202,DDD,2014J,0.1,0.07692307692307693,0.08695652173913043
691207,DDD,2014J,0.05,0.09090909090909091,0.06451612903225806
691218,CCC,2014J,0.0,0.0,0.0
691218,EEE,2014J,0.2,0.5,0.28571428571428575
691229,GGG,2014J,0.1,0.10526315789473684,0.10256410256410256
691248,EEE,2014J,0.1,0.6666666666666666,0.1739130434782609
691269,FFF,2014J,0.3,0.2222222222222222,0.25531914893617025
691280,FFF,2014J,0.2,0.36363636363636365,0.25806451612903225
691281,GGG,2014J,0.35,0.5384615384615384,0.4242424242424242
691312,BBB,2014J,0.25,0.2631578947368421,0.25641025641025644
691326,FFF,2014J,0.2,0.18181818181818182,0.1904761904761905
691371,GGG,2014J,0.25,0.2631578947368421,0.25641025641025644
691413,BBB,2014J,0.35,0.35,0.35
691428,DDD,2014J,0.0,0.0,0.0
691444,DDD,2014J,0.1,0.11764705882352941,0.1081081081081081
691465,FFF,2014J,0.2,0.15384615384615385,0.17391304347826086
691501,GGG,2014J,0.3,0.42857142857142855,0.3529411764705882
691514,BBB,2014J,0.0,0.0,0.0
691519,GGG,2014J,0.35,0.5,0.4117647058823529
691536,EEE,2014J,0.4,0.5714285714285714,0.47058823529411764
691550,CCC,2014J,0.05,0.05263157894736842,0.05128205128205128
691556,GGG,2014J,0.35,0.28,0.3111111111111111
691683,BBB,2014J,0.3,0.2857142857142857,0.2926829268292683
691699,FFF,2014J,0.4,0.24242424242424243,0.30188679245283023
691701,EEE,2014J,0.25,0.5,0.3333333333333333
691717,BBB,2014J,0.5,0.5,0.5
691722,FFF,2014J,0.35,0.14,0.2
691761,DDD,2014J,0.1,0.07142857142857142,0.08333333333333333
691782,DDD,2014J,0.0,0.0,0.0
691790,EEE,2014J,0.45,0.8181818181818182,0.5806451612903226
691834,DDD,2014J,0.05,0.07142857142857142,0.058823529411764705
691835,BBB,2014J,0.05,0.5,0.09090909090909091
691843,CCC,2014J,0.2,0.26666666666666666,0.2285714285714286
691851,BBB,2014J,0.2,0.26666666666666666,0.2285714285714286
691856,BBB,2014J,0.05,0.25,0.08333333333333334
691869,BBB,2014J,0.15,0.2727272727272727,0.19354838709677416
691873,FFF,2014J,0.05,0.05263157894736842,0.05128205128205128
691875,EEE,2014J,0.5,0.5555555555555556,0.5263157894736842
691907,BBB,2014J,0.2,0.25,0.22222222222222224
691926,CCC,2014J,0.05,0.058823529411764705,0.05405405405405405
691931,CCC,2014J,0.0,0.0,0.0
691932,FFF,2014J,0.25,0.12195121951219512,0.16393442622950818
691997,BBB,2014J,0.0,0.0,0.0
692010,FFF,2014J,0.4,0.14814814814814814,0.21621621621621623
692018,GGG,2014J,0.3,0.3333333333333333,0.3157894736842105
692097,FFF,2014J,0.2,0.16,0.17777777777777778
692105,CCC,2014J,0.1,0.08,0.08888888888888889
692164,BBB,2014J,0.4,0.38095238095238093,0.3902439024390244
692171,GGG,2014J,0.5,0.625,0.5555555555555556
692175,BBB,2014J,0.3,0.35294117647058826,0.3243243243243243
692181,BBB,2014J,0.1,0.15384615384615385,0.12121212121212123
692196,BBB,2014J,0.25,0.29411764705882354,0.27027027027027023
692206,GGG,2014J,0.2,0.4,0.26666666666666666
692207,BBB,2014J,0.0,0.0,0.0
692215,BBB,2014J,0.25,0.20833333333333334,0.22727272727272727
692220,FFF,2014J,0.25,0.20833333333333334,0.22727272727272727
692256,GGG,2014J,0.2,0.2857142857142857,0.23529411764705882
692301,FFF,2014J,0.45,0.25,0.32142857142857145
692334,FFF,2014J,0.3,0.20689655172413793,0.24489795918367346
692354,EEE,2014J,0.1,0.6666666666666666,0.1739130434782609
692355,BBB,2014J,0.3,0.3157894736842105,0.3076923076923077
692426,DDD,2014J,0.1,0.16666666666666666,0.125
692454,FFF,2014J,0.2,0.2222222222222222,0.2105263157894737
692473,BBB,2014J,0.0,0.0,0.0
692474,BBB,2014J,0.0,0.0,0.0
692477,DDD,2014J,0.2,0.125,0.15384615384615385
692484,BBB,2014J,0.2,0.2222222222222222,0.2105263157894737
692490,CCC,2014J,0.15,0.15789473684210525,0.15384615384615385
692502,BBB,2014J,0.35,0.30434782608695654,0.3255813953488372
692518,BBB,2014J,0.3,0.3,0.3
692521,BBB,2014J,0.1,0.5,0.16666666666666669
692522,BBB,2014J,0.05,1.0,0.09523809523809523
692525,BBB,2014J,0.1,0.25,0.14285714285714288
692534,EEE,2014J,0.2,0.4,0.26666666666666666
692544,BBB,2014J,0.1,0.3333333333333333,0.15384615384615383
692572,BBB,2014J,0.3,0.2608695652173913,0.27906976744186046
692603,CCC,2014J,0.1,0.125,0.11111111111111112
692603,DDD,2014J,0.1,0.13333333333333333,0.1142857142857143
692609,BBB,2014J,0.45,0.4090909090909091,0.4285714285714286
692612,FFF,2014J,0.7,0.15217391304347827,0.25
692646,EEE,2014J,0.45,0.8181818181818182,0.5806451612903226
692652,DDD,2014J,0.0,0.0,0.0
692654,CCC,2014J,0.1,0.11764705882352941,0.1081081081081081
692805,BBB,2014J,0.45,0.42857142857142855,0.4390243902439024
692827,BBB,2014J,0.65,0.4482758620689655,0.5306122448979592
692828,GGG,2014J,0.35,0.4375,0.38888888888888884
692893,FFF,2014J,0.55,0.2894736842105263,0.37931034482758624
692907,BBB,2014J,0.2,0.17391304347826086,0.18604651162790697
692908,BBB,2014J,0.0,0.0,0.0
692918,BBB,2014J,0.35,0.4375,0.38888888888888884
692920,BBB,2014J,0.2,0.5714285714285714,0.29629629629629634
692924,EEE,2014J,0.5,0.6666666666666666,0.5714285714285715
692928,CCC,2014J,0.1,0.1,0.10000000000000002
692928,EEE,2014J,0.35,0.5384615384615384,0.4242424242424242
692943,BBB,2014J,0.4,0.3333333333333333,0.3636363636363636
692946,FFF,2014J,0.0,0.0,0.0
692962,FFF,2014J,0.1,0.06666666666666667,0.08
692968,FFF,2014J,0.6,0.3,0.4
692972,GGG,2014J,0.15,0.2727272727272727,0.19354838709677416
692991,EEE,2014J,0.1,0.25,0.14285714285714288
693053,GGG,2014J,0.1,0.2222222222222222,0.13793103448275865
693058,CCC,2014J,0.25,0.15625,0.19230769230769232
693058,DDD,2014J,0.05,0.022727272727272728,0.03125000000000001
693069,EEE,2014J,0.5,0.625,0.5555555555555556
693085,DDD,2014J,0.05,0.038461538461538464,0.043478260869565216
693091,BBB,2014J,0.25,0.5555555555555556,0.3448275862068966
693098,BBB,2014J,0.1,0.5,0.16666666666666669
693141,CCC,2014J,0.0,0.0,0.0
693145,DDD,2014J,0.1,0.16666666666666666,0.125
693160,FFF,2014J,0.25,0.20833333333333334,0.22727272727272727
693161,DDD,2014J,0.1,0.25,0.14285714285714288
693162,FFF,2014J,0.45,0.14516129032258066,0.2195121951219512
693182,CCC,2014J,0.05,0.14285714285714285,0.07407407407407408
693197,FFF,2014J,0.25,0.125,0.16666666666666666
693204,CCC,2014J,0.15,0.3333333333333333,0.20689655172413793
693213,BBB,2014J,0.0,0.0,0.0
693221,EEE,2014J,0.45,0.45,0.45
693230,BBB,2014J,0.0,0.0,0.0
693235,EEE,2014J,0.4,1.0,0.5714285714285715
693236,FFF,2014J,0.25,0.1282051282051282,0.1694915254237288
693294,DDD,2014J,0.1,0.13333333333333333,0.1142857142857143
693297,BBB,2014J,0.1,0.6666666666666666,0.1739130434782609
693302,CCC,2014J,0.3,0.17647058823529413,0.22222222222222224
693308,EEE,2014J,0.15,0.21428571428571427,0.1764705882352941
693345,FFF,2014J,0.55,0.21568627450980393,0.30985915492957744
693364,GGG,2014J,0.3,0.3333333333333333,0.3157894736842105
693373,FFF,2014J,0.15,0.125,0.13636363636363635
693387,GGG,2014J,0.1,0.2857142857142857,0.14814814814814817
693416,EEE,2014J,0.15,0.3333333333333333,0.20689655172413793
693421,GGG,2014J,0.25,0.2777777777777778,0.2631578947368421
693441,DDD,2014J,0.15,0.1,0.12
693452,DDD,2014J,0.1,0.07142857142857142,0.08333333333333333
693478,EEE,2014J,0.2,0.2857142857142857,0.23529411764705882
693488,DDD,2014J,0.15,0.058823529411764705,0.08450704225352114
693497,FFF,2014J,0.1,0.1,0.10000000000000002
693501,DDD,2014J,0.15,0.08823529411764706,0.11111111111111112
693514,BBB,2014J,0.0,0.0,0.0
693519,FFF,2014J,0.0,0.0,0.0
693569,DDD,2014J,0.3,0.13953488372093023,0.1904761904761905
693606,DDD,2014J,0.2,0.12903225806451613,0.1568627450980392
693616,GGG,2014J,0.15,0.2727272727272727,0.19354838709677416
693628,FFF,2014J,0.15,0.08823529411764706,0.11111111111111112
693635,BBB,2014J,0.05,0.25,0.08333333333333334
693640,EEE,2014J,0.5,0.7692307692307693,0.6060606060606061
693682,BBB,2014J,0.35,0.25,0.2916666666666667
693747,CCC,2014J,0.35,0.23333333333333334,0.28
693752,BBB,2014J,0.05,0.5,0.09090909090909091
693763,GGG,2014J,0.15,0.15,0.15
693764,FFF,2014J,0.25,0.1724137931034483,0.20408163265306123
693788,GGG,2014J,0.25,0.3333333333333333,0.28571428571428575
693793,BBB,2014J,0.0,0.0,0.0
693806,FFF,2014J,0.35,0.14893617021276595,0.208955223880597
693843,GGG,2014J,0.3,0.2857142857142857,0.2926829268292683
693873,FFF,2014J,0.05,0.14285714285714285,0.07407407407407408
693902,DDD,2014J,0.05,0.05263157894736842,0.05128205128205128
693903,FFF,2014J,0.2,0.14285714285714285,0.16666666666666666
693907,FFF,2014J,0.15,0.0967741935483871,0.11764705882352941
693910,EEE,2014J,0.1,0.3333333333333333,0.15384615384615383
693938,CCC,2014J,0.45,0.5625,0.5
693959,EEE,2014J,0.3,0.8571428571428571,0.4444444444444444
694006,DDD,2014J,0.1,0.18181818181818182,0.12903225806451613
694009,GGG,2014J,0.25,0.3333333333333333,0.28571428571428575
694010,DDD,2014J,0.1,0.043478260869565216,0.06060606060606061
694070,GGG,2014J,0.1,0.2857142857142857,0.14814814814814817
694078,BBB,2014J,0.5,0.4166666666666667,0.45454545454545453
694082,GGG,2014J,0.1,0.125,0.11111111111111112
694103,CCC,2014J,0.0,0.0,0.0
694128,FFF,2014J,0.35,0.21212121212121213,0.26415094339622636
694132,EEE,2014J,0.15,0.75,0.24999999999999997
694144,FFF,2014J,0.55,0.16923076923076924,0.2588235294117647
694152,EEE,2014J,0.25,1.0,0.4
694155,BBB,2014J,0.3,0.6,0.4
694190,BBB,2014J,0.0,0.0,0.0
694218,EEE,2014J,0.4,0.6666666666666666,0.5
694221,FFF,2014J,0.0,0.0,0.0
694246,EEE,2014J,0.25,0.5555555555555556,0.3448275862068966
694292,GGG,2014J,0.45,0.75,0.5625000000000001
694338,BBB,2014J,0.2,0.5714285714285714,0.29629629629629634
694341,BBB,2014J,0.3,0.25,0.2727272727272727
694342,BBB,2014J,0.25,0.38461538461538464,0.30303030303030304
694349,BBB,2014J,0.15,0.3333333333333333,0.20689655172413793
694359,GGG,2014J,0.25,0.3333333333333333,0.28571428571428575
694361,EEE,2014J,0.15,0.42857142857142855,0.2222222222222222
694362,CCC,2014J,0.0,0.0,0.0
694384,DDD,2014J,0.05,0.2,0.08000000000000002
694428,FFF,2014J,0.15,0.08333333333333333,0.10714285714285714
694456,FFF,2014J,0.05,0.06666666666666667,0.05714285714285715
694457,EEE,2014J,0.3,0.6,0.4
694470,GGG,2014J,0.15,0.17647058823529413,0.16216216216216214
694472,CCC,2014J,0.05,0.1,0.06666666666666667
694473,BBB,2014J,0.35,0.30434782608695654,0.3255813953488372
694490,BBB,2014J,0.25,0.3125,0.2777777777777778
694510,CCC,2014J,0.0,0.0,0.0
694523,CCC,2014J,0.0,0.0,0.0
694526,BBB,2014J,0.0,0.0,0.0
694561,BBB,2014J,0.0,0.0,0.0
694563,CCC,2014J,0.05,1.0,0.09523809523809523
694571,EEE,2014J,0.35,0.7,0.4666666666666667
694576,BBB,2014J,0.35,0.4117647058823529,0.37837837837837834
694579,CCC,2014J,0.1,0.09090909090909091,0.09523809523809525
694579,EEE,2014J,0.25,0.5555555555555556,0.3448275862068966
694589,EEE,2014J,0.15,0.6,0.24
694622,FFF,2014J,0.05,0.14285714285714285,0.07407407407407408
694634,DDD,2014J,0.0,0.0,0.0
694673,DDD,2014J,0.0,0.0,0.0
694677,DDD,2014J,0.1,0.16666666666666666,0.125
694680,CCC,2014J,0.1,0.045454545454545456,0.06250000000000001
694680,EEE,2014J,0.35,0.5384615384615384,0.4242424242424242
694698,DDD,2014J,0.2,0.1,0.13333333333333333
694706,BBB,2014J,0.0,0.0,0.0
694716,FFF,2014J,0.35,0.1590909090909091,0.21875
694723,GGG,2014J,0.2,0.4,0.26666666666666666
694726,CCC,2014J,0.2,0.36363636363636365,0.25806451612903225
694729,GGG,2014J,0.15,0.25,0.18749999999999997
694779,EEE,2014J,0.25,0.38461538461538464,0.30303030303030304
694782,GGG,2014J,0.3,0.5454545454545454,0.3870967741935483
694792,BBB,2014J,0.35,0.5833333333333334,0.4375
694823,BBB,2014J,0.15,0.16666666666666666,0.15789473684210525
694827,FFF,2014J,0.25,0.23809523809523808,0.24390243902439024
694836,FFF,2014J,0.15,0.10714285714285714,0.125
694848,FFF,2014J,0.1,0.06896551724137931,0.08163265306122448
694854,EEE,2014J,0.25,0.5555555555555556,0.3448275862068966
694860,CCC,2014J,0.2,0.14285714285714285,0.16666666666666666
694871,CCC,2014J,0.0,0.0,0.0
694871,DDD,2014J,0.1,0.07142857142857142,0.08333333333333333
694872,DDD,2014J,0.05,0.022222222222222223,0.030769230769230767
694974,BBB,2014J,0.0,0.0,0.0
694976,DDD,2014J,0.1,0.05555555555555555,0.07142857142857142
694981,BBB,2014J,0.0,0.0,0.0
694983,BBB,2014J,0.4,0.4444444444444444,0.4210526315789474
695001,BBB,2014J,0.3,0.75,0.4285714285714285
695014,BBB,2014J,0.45,0.3103448275862069,0.3673469387755102
695021,BBB,2014J,0.0,0.0,0.0
695027,BBB,2014J,0.2,0.25,0.22222222222222224
695031,BBB,2014J,0.15,0.3333333333333333,0.20689655172413793
695044,BBB,2014J,0.2,0.2857142857142857,0.23529411764705882
695047,BBB,2014J,0.1,0.13333333333333333,0.1142857142857143
695054,BBB,2014J,0.3,0.2857142857142857,0.2926829268292683
695070,BBB,2014J,0.4,0.38095238095238093,0.3902439024390244
695075,BBB,2014J,0.2,0.2,0.20000000000000004
695084,BBB,2014J,0.1,0.18181818181818182,0.12903225806451613
695090,FFF,2014J,0.15,0.09090909090909091,0.11320754716981132
695122,EEE,2014J,0.35,0.5384615384615384,0.4242424242424242
695144,BBB,2014J,0.05,0.1,0.06666666666666667
695148,BBB,2014J,0.15,0.1875,0.16666666666666663
695169,FFF,2014J,0.4,0.2222222222222222,0.2857142857142857
695183,DDD,2014J,0.0,0.0,0.0
695201,DDD,2014J,0.05,0.047619047619047616,0.04878048780487805
695205,BBB,2014J,0.4,0.4,0.4000000000000001
695232,CCC,2014J,0.1,0.2857142857142857,0.14814814814814817
695235,BBB,2014J,0.3,0.2857142857142857,0.2926829268292683
695247,BBB,2014J,0.5,0.4,0.4444444444444445
695256,BBB,2014J,0.0,0.0,0.0
695259,BBB,2014J,0.2,0.3076923076923077,0.24242424242424246
695270,CCC,2014J,0.0,0.0,0.0
695270,DDD,2014J,0.1,0.1111111111111111,0.10526315789473685
695278,BBB,2014J,0.2,0.2857142857142857,0.23529411764705882
695354,CCC,2014J,0.1,0.13333333333333333,0.1142857142857143
695432,DDD,2014J,0.05,0.07142857142857142,0.058823529411764705
695434,BBB,2014J,0.35,0.4117647058823529,0.37837837837837834
695435,EEE,2014J,0.35,0.7,0.4666666666666667
695471,FFF,2014J,0.35,0.19444444444444445,0.25
695475,BBB,2014J,0.3,0.17647058823529413,0.22222222222222224
695484,BBB,2014J,0.15,0.2727272727272727,0.19354838709677416
695485,FFF,2014J,0.3,0.18181818181818182,0.22641509433962265
695503,DDD,2014J,0.15,0.2,0.17142857142857143
695509,GGG,2014J,0.1,0.4,0.16000000000000003
695510,BBB,2014J,0.1,0.4,0.16000000000000003
695518,CCC,2014J,0.1,0.25,0.14285714285714288
695535,BBB,2014J,0.15,0.15,0.15
695613,BBB,2014J,0.0,0.0,0.0
695631,BBB,2014J,0.4,0.4444444444444444,0.4210526315789474
695637,FFF,2014J,0.25,0.17857142857142858,0.20833333333333331
695644,EEE,2014J,0.55,0.5789473684210527,0.5641025641025641
695651,DDD,2014J,0.25,0.11904761904761904,0.16129032258064516
695653,CCC,2014J,0.0,0.0,0.0
695653,EEE,2014J,0.05,0.25,0.08333333333333334
695654,BBB,2014J,0.0,0.0,0.0
695655,GGG,2014J,0.25,0.3125,0.2777777777777778
695668,EEE,2014J,0.2,0.6666666666666666,0.30769230769230765
695673,CCC,2014J,0.0,0.0,0.0
695729,FFF,2014J,0.6,0.12244897959183673,0.20338983050847456
695732,CCC,2014J,0.2,0.13793103448275862,0.16326530612244897
695735,DDD,2014J,0.0,0.0,0.0
695739,DDD,2014J,0.4,0.27586206896551724,0.32653061224489793
695759,DDD,2014J,0.25,0.19230769230769232,0.2173913043478261
695803,FFF,2014J,0.35,0.17073170731707318,0.22950819672131145
695855,EEE,2014J,0.4,0.6153846153846154,0.4848484848484849
695869,FFF,2014J,0.25,0.13157894736842105,0.1724137931034483
695913,GGG,2014J,0.35,0.5,0.4117647058823529
695916,DDD,2014J,0.1,0.07692307692307693,0.08695652173913043
695919,EEE,2014J,0.3,0.5,0.37499999999999994
695932,EEE,2014J,0.15,0.6,0.24
695944,EEE,2014J,0.1,0.3333333333333333,0.15384615384615383
695946,CCC,2014J,0.05,0.038461538461538464,0.043478260869565216
695951,GGG,2014J,0.3,0.375,0.33333333333333326
695972,BBB,2014J,0.25,0.4166666666666667,0.3125
696007,BBB,2014J,0.45,0.42857142857142855,0.4390243902439024
696039,FFF,2014J,0.2,0.12121212121212122,0.15094339622641512
696043,FFF,2014J,0.2,0.13793103448275862,0.16326530612244897
696072,DDD,2014J,0.0,0.0,0.0
696073,AAA,2014J,0.4,0.5714285714285714,0.47058823529411764
696082,FFF,2014J,0.25,0.17857142857142858,0.20833333333333331
696128,EEE,2014J,0.3,0.46153846153846156,0.3636363636363637
696132,DDD,2014J,0.1,0.05555555555555555,0.07142857142857142
696152,BBB,2014J,0.25,0.22727272727272727,0.23809523809523808
696157,GGG,2014J,0.55,0.6111111111111112,0.5789473684210527
696188,FFF,2014J,0.4,0.18181818181818182,0.25000000000000006
696192,EEE,2014J,0.35,0.5,0.4117647058823529
696203,BBB,2014J,0.3,0.5,0.37499999999999994
696271,CCC,2014J,0.15,0.075,0.1
696275,FFF,2014J,0.3,0.13953488372093023,0.1904761904761905
696301,BBB,2014J,0.2,0.3333333333333333,0.25
696318,FFF,2014J,0.2,0.15384615384615385,0.17391304347826086
696324,DDD,2014J,0.05,0.5,0.09090909090909091
696329,FFF,2014J,0.1,0.07692307692307693,0.08695652173913043
696347,FFF,2014J,0.2,0.14285714285714285,0.16666666666666666
696357,CCC,2014J,0.3,0.3157894736842105,0.3076923076923077
696361,EEE,2014J,0.5,0.7692307692307693,0.6060606060606061
696364,FFF,2014J,0.15,0.17647058823529413,0.16216216216216214
696415,DDD,2014J,0.0,0.0,0.0
696440,BBB,2014J,0.0,0.0,0.0
696469,CCC,2014J,0.05,0.0625,0.05555555555555556
696485,EEE,2014J,0.55,0.8461538461538461,0.6666666666666667
696501,CCC,2014J,0.0,0.0,0.0
696514,GGG,2014J,0.35,0.6363636363636364,0.45161290322580644
696515,CCC,2014J,0.0,0.0,0.0
696577,EEE,2014J,0.2,0.4444444444444444,0.2758620689655173
696583,FFF,2014J,0.05,0.1111111111111111,0.06896551724137932
696616,BBB,2014J,0.1,0.1111111111111111,0.10526315789473685
696659,FFF,2014J,0.1,0.2,0.13333333333333333
696662,FFF,2014J,0.25,0.10416666666666667,0.14705882352941177
696666,FFF,2014J,0.05,0.045454545454545456,0.04761904761904762
696671,FFF,2014J,0.1,0.11764705882352941,0.1081081081081081
696672,FFF,2014J,0.2,0.14814814814814814,0.1702127659574468
696674,FFF,2014J,0.2,0.17391304347826086,0.18604651162790697
696678,FFF,2014J,0.55,0.1774193548387097,0.2682926829268293
696684,BBB,2014J,0.3,0.35294117647058826,0.3243243243243243
696696,CCC,2014J,0.25,0.25,0.25
696706,GGG,2014J,0.15,0.25,0.18749999999999997
696712,GGG,2014J,0.2,0.5,0.28571428571428575
696713,GGG,2014J,0.2,0.21052631578947367,0.20512820512820512
696724,BBB,2014J,0.35,0.3888888888888889,0.36842105263157887
696729,FFF,2014J,0.25,0.25,0.25
696789,DDD,2014J,0.05,0.07142857142857142,0.058823529411764705
696804,BBB,2014J,0.2,0.18181818181818182,0.1904761904761905
696833,CCC,2014J,0.15,0.11538461538461539,0.13043478260869565
696844,BBB,2014J,0.05,0.16666666666666666,0.07692307692307691
696850,BBB,2014J,0.2,0.25,0.22222222222222224
696869,CCC,2014J,0.1,0.08333333333333333,0.0909090909090909
696876,GGG,2014J,0.3,0.3333333333333333,0.3157894736842105
697027,FFF,2014J,0.1,0.5,0.16666666666666669
697041,EEE,2014J,0.3,0.6666666666666666,0.41379310344827586
697045,DDD,2014J,0.15,0.13636363636363635,0.14285714285714282
697101,DDD,2014J,0.1,0.08333333333333333,0.0909090909090909
697113,EEE,2014J,0.45,0.6,0.5142857142857143
697114,FFF,2014J,0.15,0.07894736842105263,0.10344827586206896
697253,CCC,2014J,0.1,1.0,0.18181818181818182
697253,EEE,2014J,0.35,0.5833333333333334,0.4375
697255,FFF,2014J,0.1,0.125,0.11111111111111112
697314,GGG,2014J,0.25,0.2777777777777778,0.2631578947368421
697325,GGG,2014J,0.3,0.42857142857142855,0.3529411764705882
697328,GGG,2014J,0.2,0.4444444444444444,0.2758620689655173
697417,BBB,2014J,0.45,0.3333333333333333,0.3829787234042553
697438,FFF,2014J,0.0,0.0,0.0
697461,EEE,2014J,0.5,0.7142857142857143,0.588235294117647
697474,DDD,2014J,0.05,0.058823529411764705,0.05405405405405405
697478,FFF,2014J,0.2,0.16,0.17777777777777778
697492,GGG,2014J,0.15,0.6,0.24
697561,BBB,2014J,0.35,0.7777777777777778,0.48275862068965514
697562,BBB,2014J,0.3,0.6666666666666666,0.41379310344827586
697567,CCC,2014J,0.85,0.37777777777777777,0.523076923076923
697574,BBB,2014J,0.75,0.2542372881355932,0.37974683544303794
697578,BBB,2014J,0.4,0.21621621621621623,0.2807017543859649
697649,BBB,2014J,0.25,0.19230769230769232,0.2173913043478261
697653,BBB,2014J,0.15,0.5,0.23076923076923075
697658,EEE,2014J,0.25,0.7142857142857143,0.37037037037037035
697674,DDD,2014J,0.25,0.17857142857142858,0.20833333333333331
697754,BBB,2014J,0.1,0.18181818181818182,0.12903225806451613
697781,EEE,2014J,0.25,0.4166666666666667,0.3125
697857,BBB,2014J,0.4,0.38095238095238093,0.3902439024390244
697878,FFF,2014J,0.4,0.25,0.3076923076923077
697948,DDD,2014J,0.05,0.16666666666666666,0.07692307692307691
697959,BBB,2014J,0.1,0.18181818181818182,0.12903225806451613
697960,BBB,2014J,0.3,0.42857142857142855,0.3529411764705882
697964,BBB,2014J,0.05,0.09090909090909091,0.06451612903225806
697998,CCC,2014J,0.0,0.0,0.0
697998,FFF,2014J,0.15,0.09090909090909091,0.11320754716981132
698002,CCC,2014J,0.2,0.11764705882352941,0.14814814814814817
698010,BBB,2014J,0.0,0.0,0.0
698011,EEE,2014J,0.55,0.55,0.55
698015,FFF,2014J,0.5,0.2777777777777778,0.35714285714285715
698016,DDD,2014J,0.15,0.375,0.21428571428571425
698092,EEE,2014J,0.05,0.5,0.09090909090909091
698163,GGG,2014J,0.35,0.4666666666666667,0.4
698170,BBB,2014J,0.25,0.35714285714285715,0.2941176470588235
698180,BBB,2014J,0.3,0.35294117647058826,0.3243243243243243
698199,BBB,2014J,0.1,0.4,0.16000000000000003
698201,BBB,2014J,0.4,0.36363636363636365,0.380952380952381
698203,BBB,2014J,0.0,0.0,0.0
698206,BBB,2014J,0.0,0.0,0.0
698207,BBB,2014J,0.45,0.36,0.39999999999999997
698208,BBB,2014J,0.05,1.0,0.09523809523809523
698256,BBB,2014J,0.45,0.34615384615384615,0.3913043478260869
698299,CCC,2014J,0.2,0.13333333333333333,0.16
698300,EEE,2014J,0.5,0.625,0.5555555555555556
698345,BBB,2014J,0.4,0.34782608695652173,0.37209302325581395
698347,DDD,2014J,0.1,0.125,0.11111111111111112
698355,CCC,2014J,0.1,0.08695652173913043,0.09302325581395349
698355,EEE,2014J,0.35,0.5384615384615384,0.4242424242424242
698357,BBB,2014J,0.0,0.0,0.0
698359,CCC,2014J,0.15,0.13636363636363635,0.14285714285714282
698362,BBB,2014J,0.35,0.35,0.35
698369,BBB,2014J,0.45,0.375,0.4090909090909091
698384,FFF,2014J,0.2,0.13333333333333333,0.16
698407,FFF,2014J,0.05,0.5,0.09090909090909091
698413,EEE,2014J,0.3,0.5,0.37499999999999994
698417,EEE,2014J,0.3,0.8571428571428571,0.4444444444444444
698420,BBB,2014J,0.1,0.2222222222222222,0.13793103448275865
698460,GGG,2014J,0.45,0.5,0.4736842105263158
698463,BBB,2014J,0.0,0.0,0.0
698471,BBB,2014J,0.4,0.38095238095238093,0.3902439024390244
698485,FFF,2014J,0.2,0.16,0.17777777777777778
698494,BBB,2014J,0.0,0.0,0.0
698507,BBB,2014J,0.3,0.3157894736842105,0.3076923076923077
698509,BBB,2014J,0.2,0.17391304347826086,0.18604651162790697
698548,GGG,2014J,0.25,0.35714285714285715,0.2941176470588235
698598,EEE,2014J,0.0,0.0,0.0
698656,FFF,2014J,0.25,0.18518518518518517,0.2127659574468085
699007,BBB,2014J,0.65,0.41935483870967744,0.5098039215686274
699126,FFF,2014J,0.1,0.08695652173913043,0.09302325581395349
699127,FFF,2014J,0.4,0.3333333333333333,0.3636363636363636
699128,FFF,2014J,0.2,0.21052631578947367,0.20512820512820512
699134,EEE,2014J,0.65,0.65,0.65
699153,BBB,2014J,0.0,0.0,0.0
699170,EEE,2014J,0.3,0.75,0.4285714285714285
699417,DDD,2014J,0.1,0.09090909090909091,0.09523809523809525
699435,BBB,2014J,0.45,0.6428571428571429,0.5294117647058824
699436,BBB,2014J,0.35,0.4117647058823529,0.37837837837837834
699437,BBB,2014J,0.2,0.3076923076923077,0.24242424242424246
699440,EEE,2014J,0.4,1.0,0.5714285714285715
699461,GGG,2014J,0.5,0.45454545454545453,0.47619047619047616
699488,BBB,2014J,0.25,0.2777777777777778,0.2631578947368421
699498,BBB,2014J,0.45,0.32142857142857145,0.375
699503,BBB,2014J,0.35,0.4666666666666667,0.4
699628,GGG,2014J,0.25,0.625,0.35714285714285715
699651,BBB,2014J,0.3,0.2727272727272727,0.28571428571428564
699656,BBB,2014J,0.35,0.28,0.3111111111111111
700079,BBB,2014J,0.25,0.38461538461538464,0.30303030303030304
700086,BBB,2014J,0.25,0.3125,0.2777777777777778
700441,BBB,2014J,0.45,0.391304347826087,0.4186046511627907
700815,BBB,2014J,0.05,1.0,0.09523809523809523
700820,BBB,2014J,0.3,0.2857142857142857,0.2926829268292683
704156,AAA,2013J,0.4,0.36363636363636365,0.380952380952381
705379,AAA,2013J,0.75,0.46875,0.5769230769230769
749412,AAA,2013J,0.55,0.6111111111111112,0.5789473684210527
760729,AAA,2013J,0.3,0.46153846153846156,0.3636363636363637
879295,DDD,2014B,0.0,0.0,0.0
895524,FFF,2014J,0.35,0.175,0.23333333333333334
898594,FFF,2013J,0.15,0.05454545454545454,0.08
905042,AAA,2013J,0.3,0.2727272727272727,0.28571428571428564
907261,DDD,2013B,0.15,0.057692307692307696,0.08333333333333334
909056,DDD,2014B,0.2,0.12121212121212122,0.15094339622641512
917586,CCC,2014B,0.0,0.0,0.0
925553,CCC,2014B,0.1,0.07692307692307693,0.08695652173913043
928248,FFF,2013B,0.1,0.05555555555555555,0.07142857142857142
941282,CCC,2014J,0.45,0.24324324324324326,0.3157894736842105
943374,CCC,2014J,0.0,0.0,0.0
943374,EEE,2013J,0.45,0.9,0.6
949548,CCC,2014B,0.15,0.10714285714285714,0.125
949618,AAA,2013J,0.05,0.16666666666666666,0.07692307692307691
957467,DDD,2013B,0.1,0.11764705882352941,0.1081081081081081
958987,AAA,2013J,0.3,0.3333333333333333,0.3157894736842105
965763,EEE,2013J,0.35,0.5833333333333334,0.4375
968578,AAA,2013J,0.35,0.4666666666666667,0.4
969076,AAA,2013J,0.0,0.0,0.0
971027,AAA,2013J,0.35,0.4666666666666667,0.4
973526,CCC,2014J,0.05,0.5,0.09090909090909091
978739,AAA,2013J,0.3,0.3157894736842105,0.3076923076923077
983970,DDD,2013J,0.05,0.125,0.07142857142857144
984347,FFF,2013J,0.25,0.19230769230769232,0.2173913043478261
984619,CCC,2014B,0.2,0.18181818181818182,0.1904761904761905
985062,FFF,2013J,0.45,0.25,0.32142857142857145
986561,CCC,2014J,0.25,0.23809523809523808,0.24390243902439024
988019,FFF,2013J,0.1,0.08333333333333333,0.0909090909090909
990155,FFF,2013J,0.2,0.14285714285714285,0.16666666666666666
991843,EEE,2013J,0.4,0.8,0.5333333333333333
992544,CCC,2014B,0.0,0.0,0.0
996047,EEE,2014B,0.2,0.8,0.32000000000000006
998493,AAA,2014J,0.55,0.6470588235294118,0.5945945945945946
999174,FFF,2013B,0.4,0.16,0.22857142857142856
1008675,BBB,2013B,0.2,0.17391304347826086,0.18604651162790697
1021350,FFF,2014J,0.05,1.0,0.09523809523809523
1023623,CCC,2014J,0.15,0.125,0.13636363636363635
1031884,CCC,2014J,0.35,0.25,0.2916666666666667
1031884,DDD,2014B,0.05,0.03225806451612903,0.0392156862745098
1034674,FFF,2013B,0.55,0.16666666666666666,0.2558139534883721
1035023,AAA,2013J,0.5,0.6666666666666666,0.5714285714285715
1038161,CCC,2014B,0.0,0.0,0.0
1042726,FFF,2014J,0.2,0.25,0.22222222222222224
1044992,DDD,2013B,0.05,0.047619047619047616,0.04878048780487805
1045203,AAA,2014J,0.15,0.6,0.24
1049036,DDD,2014B,0.0,0.0,0.0
1053702,EEE,2013J,0.45,0.8181818181818182,0.5806451612903226
1057883,CCC,2014B,0.05,0.16666666666666666,0.07692307692307691
1064492,FFF,2013J,0.15,0.10714285714285714,0.125
1065824,FFF,2013J,0.15,0.23076923076923078,0.18181818181818185
1068316,CCC,2014J,0.05,0.058823529411764705,0.05405405405405405
1068316,DDD,2013B,0.1,0.07407407407407407,0.0851063829787234
1072259,FFF,2014B,0.1,0.11764705882352941,0.1081081081081081
1073766,CCC,2014B,0.2,0.15384615384615385,0.17391304347826086
1073766,EEE,2013J,0.3,0.375,0.33333333333333326
1073767,FFF,2013B,0.3,0.25,0.2727272727272727
1076015,CCC,2014J,0.05,0.125,0.07142857142857144
1078701,CCC,2014J,0.4,0.32,0.35555555555555557
1078701,DDD,2014J,0.2,0.17391304347826086,0.18604651162790697
1080206,DDD,2013J,0.1,0.058823529411764705,0.07407407407407408
1082062,DDD,2014J,0.05,0.05555555555555555,0.052631578947368425
1090738,FFF,2013B,0.2,0.23529411764705882,0.2162162162162162
1091274,CCC,2014J,0.3,0.15384615384615385,0.2033898305084746
1095916,CCC,2014B,0.05,0.1,0.06666666666666667
1095916,DDD,2013B,0.1,0.08695652173913043,0.09302325581395349
1097354,FFF,2013B,0.05,0.025,0.03333333333333333
1098728,BBB,2013B,0.15,0.6,0.24
1100143,FFF,2013J,0.45,0.1267605633802817,0.1978021978021978
1100639,CCC,2014B,0.0,0.0,0.0
1101190,CCC,2014J,0.2,0.12903225806451613,0.1568627450980392
1103608,DDD,2013J,0.2,0.13333333333333333,0.16
1105438,BBB,2013J,0.1,0.2857142857142857,0.14814814814814817
1105478,AAA,2013J,0.15,0.2727272727272727,0.19354838709677416
1112555,AAA,2014J,0.6,0.42857142857142855,0.5
1115623,CCC,2014B,0.05,0.03571428571428571,0.041666666666666664
1118284,FFF,2013B,0.15,0.05660377358490566,0.0821917808219178
1118432,BBB,2014J,0.25,0.2631578947368421,0.25641025641025644
1127413,BBB,2014B,0.05,0.14285714285714285,0.07407407407407408
1170618,BBB,2013J,0.35,0.25,0.2916666666666667
1173473,DDD,2014J,0.0,0.0,0.0
1183831,AAA,2014J,0.55,0.9166666666666666,0.6874999999999999
1187586,CCC,2014B,0.65,0.41935483870967744,0.5098039215686274
1187586,DDD,2013J,0.2,0.07272727272727272,0.10666666666666667
1268696,AAA,2014J,0.0,0.0,0.0
1268772,EEE,2014B,0.1,0.13333333333333333,0.1142857142857143
1270832,CCC,2014B,0.05,0.05555555555555555,0.052631578947368425
1282596,DDD,2013J,0.0,0.0,0.0
1301103,CCC,2014J,0.05,0.04,0.044444444444444446
1311171,CCC,2014B,0.5,0.23809523809523808,0.3225806451612903
1311171,DDD,2013B,0.3,0.1111111111111111,0.16216216216216217
1318759,FFF,2014J,0.3,0.17647058823529413,0.22222222222222224
1319732,GGG,2013J,0.4,0.4444444444444444,0.4210526315789474
1319999,FFF,2013J,0.45,0.1875,0.26470588235294124
1332356,CCC,2014J,0.3,0.2,0.24
1332356,DDD,2014B,0.05,0.07142857142857142,0.058823529411764705
1332999,BBB,2014B,0.0,0.0,0.0
1334225,EEE,2014J,0.5,0.5555555555555556,0.5263157894736842
1336190,AAA,2014J,0.15,0.375,0.21428571428571425
1337055,FFF,2013B,0.35,0.1794871794871795,0.23728813559322035
1340760,CCC,2014J,0.0,0.0,0.0
1340760,FFF,2014B,0.4,0.18604651162790697,0.25396825396825395
1340766,BBB,2013J,0.1,0.25,0.14285714285714288
1341096,GGG,2013J,0.35,0.5833333333333334,0.4375
1341507,BBB,2014B,0.1,0.2,0.13333333333333333
1345808,CCC,2014J,0.05,0.25,0.08333333333333334
1345808,DDD,2013J,0.5,0.16666666666666666,0.25
1347198,FFF,2013B,0.25,0.10638297872340426,0.1492537313432836
1347253,GGG,2013J,0.4,0.5333333333333333,0.4571428571428572
1347447,DDD,2013B,0.1,0.09523809523809523,0.0975609756097561
1348205,FFF,2014J,0.55,0.1774193548387097,0.2682926829268293
1351739,DDD,2013B,0.2,0.125,0.15384615384615385
1352733,CCC,2014J,0.15,0.0967741935483871,0.11764705882352941
1352868,AAA,2013J,0.15,1.0,0.2608695652173913
1352868,AAA,2014J,0.35,0.35,0.35
1354095,EEE,2014J,0.45,0.9,0.6
1355699,DDD,2013J,0.1,0.09090909090909091,0.09523809523809525
1359554,FFF,2013J,0.15,0.5,0.23076923076923075
1360878,DDD,2014J,0.0,0.0,0.0
1360953,CCC,2014J,0.2,0.2,0.20000000000000004
1375851,DDD,2013J,0.2,0.07142857142857142,0.10526315789473682
1380308,DDD,2014J,0.15,0.14285714285714285,0.14634146341463414
1382719,DDD,2014J,0.15,0.14285714285714285,0.14634146341463414
1391717,FFF,2014J,0.25,0.19230769230769232,0.2173913043478261
1392016,DDD,2013B,0.0,0.0,0.0
1393589,BBB,2014B,0.1,0.13333333333333333,0.1142857142857143
1397617,FFF,2013J,0.25,0.2,0.22222222222222224
1397662,FFF,2013B,0.25,0.07352941176470588,0.11363636363636363
1398489,FFF,2014B,0.25,0.12195121951219512,0.16393442622950818
1398979,AAA,2014J,0.1,0.125,0.11111111111111112
1399285,BBB,2013J,0.2,0.2222222222222222,0.2105263157894737
1402638,AAA,2013J,0.2,0.26666666666666666,0.2285714285714286
1405453,GGG,2014J,0.25,0.4166666666666667,0.3125
1405594,BBB,2013J,0.0,0.0,0.0
1406920,BBB,2014B,0.05,0.25,0.08333333333333334
1409532,FFF,2014J,0.0,0.0,0.0
1410398,EEE,2014B,0.05,0.14285714285714285,0.07407407407407408
1411627,BBB,2013J,0.0,0.0,0.0
1413027,GGG,2014B,0.25,0.5,0.3333333333333333
1413902,FFF,2014J,0.3,0.17142857142857143,0.21818181818181817
1414443,AAA,2013J,0.15,0.42857142857142855,0.2222222222222222
1416784,CCC,2014B,0.2,0.4,0.26666666666666666
1417707,FFF,2013J,0.15,0.12,0.1333333333333333
1420537,FFF,2013J,0.2,0.10526315789473684,0.13793103448275862
1420575,GGG,2014J,0.45,0.6,0.5142857142857143
1421720,BBB,2013J,0.0,0.0,0.0
1422737,GGG,2014B,0.4,0.6666666666666666,0.5
1425806,FFF,2014B,0.2,0.10810810810810811,0.14035087719298245
1429504,EEE,2014J,0.45,0.45,0.45
1432518,BBB,2014J,0.0,0.0,0.0
1436558,FFF,2013B,0.1,0.11764705882352941,0.1081081081081081
1436591,BBB,2013B,0.15,0.23076923076923078,0.18181818181818185
1440072,FFF,2013B,0.1,0.07692307692307693,0.08695652173913043
1440341,BBB,2013J,0.55,0.2558139534883721,0.34920634920634924
1440467,CCC,2014B,0.3,0.4,0.34285714285714286
1440467,DDD,2013J,0.15,0.1,0.12
1442215,DDD,2014J,0.05,0.125,0.07142857142857144
1442981,CCC,2014J,0.05,0.2,0.08000000000000002
1442991,CCC,2014B,0.05,0.06666666666666667,0.05714285714285715
1442991,DDD,2013J,0.05,0.047619047619047616,0.04878048780487805
1444134,DDD,2013B,0.3,0.15,0.2
1444520,FFF,2013B,0.3,0.15789473684210525,0.20689655172413793
1448966,FFF,2014J,0.5,0.20408163265306123,0.2898550724637681
1449692,DDD,2013J,0.15,0.12,0.1333333333333333
1450604,FFF,2014J,0.15,0.17647058823529413,0.16216216216216214
1453691,BBB,2014B,0.05,1.0,0.09523809523809523
1457691,EEE,2014B,0.0,0.0,0.0
1461795,CCC,2014J,0.0,0.0,0.0
1464952,FFF,2013B,0.2,0.16,0.17777777777777778
1465407,FFF,2014B,0.15,0.09090909090909091,0.11320754716981132
1465690,AAA,2013J,0.45,0.6428571428571429,0.5294117647058824
1467014,BBB,2013J,0.4,0.1568627450980392,0.22535211267605632
1470291,CCC,2014B,0.0,0.0,0.0
1470291,DDD,2013B,0.1,0.09090909090909091,0.09523809523809525
1471214,AAA,2014J,0.55,0.44,0.48888888888888893
1472925,AAA,2013J,0.15,0.2,0.17142857142857143
1472925,AAA,2014J,0.15,0.375,0.21428571428571425
1473878,FFF,2014J,0.15,0.1111111111111111,0.12765957446808512
1474869,CCC,2014B,0.15,0.1875,0.16666666666666663
1474903,CCC,2014J,0.05,0.027777777777777776,0.03571428571428571
1478030,CCC,2014J,0.0,0.0,0.0
1478775,CCC,2014J,0.1,0.2222222222222222,0.13793103448275865
1480800,BBB,2013B,0.15,0.21428571428571427,0.1764705882352941
1482413,DDD,2014J,0.05,0.25,0.08333333333333334
1483632,CCC,2014J,0.0,0.0,0.0
1483814,EEE,2014J,0.35,0.7,0.4666666666666667
1484804,AAA,2014J,0.2,0.2222222222222222,0.2105263157894737
1485702,CCC,2014J,0.05,0.07692307692307693,0.060606060606060615
1487084,EEE,2013J,0.3,0.75,0.4285714285714285
1488959,AAA,2013J,0.25,0.23809523809523808,0.24390243902439024
1490624,CCC,2014J,0.0,0.0,0.0
1490624,EEE,2014J,0.5,0.7692307692307693,0.6060606060606061
1492571,FFF,2013J,0.35,0.08235294117647059,0.13333333333333333
1493476,BBB,2013B,0.05,0.1111111111111111,0.06896551724137932
1493739,CCC,2014B,0.3,0.46153846153846156,0.3636363636363637
1494577,FFF,2013J,0.0,0.0,0.0
1497822,EEE,2014J,0.4,0.7272727272727273,0.5161290322580645
1498979,GGG,2013J,0.15,0.17647058823529413,0.16216216216216214
1500410,FFF,2013B,0.05,0.038461538461538464,0.043478260869565216
1500950,EEE,2014B,0.25,0.7142857142857143,0.37037037037037035
1501577,CCC,2014J,0.2,0.2,0.20000000000000004
1501577,FFF,2014J,0.05,0.038461538461538464,0.043478260869565216
1501614,CCC,2014J,0.0,0.0,0.0
1502193,BBB,2014B,0.05,0.08333333333333333,0.0625
1503056,BBB,2013J,0.05,0.2,0.08000000000000002
1504653,FFF,2013J,0.35,0.1346153846153846,0.19444444444444445
1507503,DDD,2013J,0.15,0.06818181818181818,0.09374999999999999
1509881,DDD,2013J,0.4,0.13793103448275862,0.20512820512820515
1510198,DDD,2013B,0.15,0.13636363636363635,0.14285714285714282
1510285,FFF,2013B,0.15,0.0967741935483871,0.11764705882352941
1511033,AAA,2014J,0.35,0.4375,0.38888888888888884
1513001,FFF,2013J,0.25,0.10204081632653061,0.14492753623188406
1515509,FFF,2013J,0.3,0.1276595744680851,0.17910447761194026
1518989,AAA,2013J,0.45,0.5625,0.5
1521540,BBB,2013B,0.15,0.125,0.13636363636363635
1522631,DDD,2013J,0.3,0.12244897959183673,0.17391304347826086
1525567,BBB,2014B,0.0,0.0,0.0
1526059,FFF,2014B,0.05,0.03225806451612903,0.0392156862745098
1526210,DDD,2014J,0.15,0.15,0.15
1526770,BBB,2014J,0.2,0.18181818181818182,0.1904761904761905
1530521,DDD,2013J,0.2,0.12121212121212122,0.15094339622641512
1531287,FFF,2013B,0.2,0.2,0.20000000000000004
1532840,FFF,2013B,0.05,0.047619047619047616,0.04878048780487805
1533277,BBB,2014J,0.3,0.35294117647058826,0.3243243243243243
1534494,CCC,2014B,0.2,0.17391304347826086,0.18604651162790697
1534560,FFF,2013B,0.25,0.18518518518518517,0.2127659574468085
1534854,DDD,2013B,0.05,0.0625,0.05555555555555556
1536122,BBB,2014J,0.3,0.42857142857142855,0.3529411764705882
1536138,FFF,2013B,0.45,0.23684210526315788,0.3103448275862069
1536774,BBB,2013J,0.1,0.08695652173913043,0.09302325581395349
1540042,BBB,2014B,0.25,0.2631578947368421,0.25641025641025644
1541133,BBB,2013J,0.0,0.0,0.0
1541472,FFF,2013J,0.15,0.15789473684210525,0.15384615384615385
1547646,BBB,2014J,0.5,0.35714285714285715,0.41666666666666663
1549107,DDD,2014B,0.55,0.23404255319148937,0.3283582089552239
1552044,CCC,2014J,0.45,0.36,0.39999999999999997
1552044,DDD,2014B,0.05,0.03571428571428571,0.041666666666666664
1554143,FFF,2013B,0.0,0.0,0.0
1559964,FFF,2013J,0.45,0.12857142857142856,0.19999999999999998
1560989,BBB,2014J,0.0,0.0,0.0
1561431,CCC,2014B,0.0,0.0,0.0
1561750,CCC,2014J,0.0,0.0,0.0
1561750,EEE,2013J,0.3,0.6666666666666666,0.41379310344827586
1563696,BBB,2014J,0.05,0.058823529411764705,0.05405405405405405
1564630,CCC,2014J,0.25,0.38461538461538464,0.30303030303030304
1564630,DDD,2013J,0.1,0.09523809523809523,0.0975609756097561
1564706,BBB,2014J,0.3,0.3333333333333333,0.3157894736842105
1567505,EEE,2013J,0.3,0.5,0.37499999999999994
1568828,CCC,2014B,0.1,0.08333333333333333,0.0909090909090909
1569426,DDD,2013J,0.05,0.01818181818181818,0.02666666666666667
1573624,EEE,2014B,0.35,0.875,0.4999999999999999
1574398,BBB,2013B,0.05,0.08333333333333333,0.0625
1576513,AAA,2014J,0.35,0.3888888888888889,0.36842105263157887
1577134,DDD,2013B,0.25,0.2,0.22222222222222224
1578222,FFF,2014B,0.2,0.13333333333333333,0.16
1581243,DDD,2013J,0.1,0.1,0.10000000000000002
1585671,FFF,2014J,0.25,0.09090909090909091,0.13333333333333333
1589066,DDD,2014J,0.2,0.14285714285714285,0.16666666666666666
1591864,DDD,2014B,0.1,0.07407407407407407,0.0851063829787234
1591864,DDD,2014J,0.0,0.0,0.0
1592048,CCC,2014J,0.65,0.20634920634920634,0.3132530120481927
1592048,DDD,2014B,0.4,0.1509433962264151,0.21917808219178084
1593442,CCC,2014J,0.15,0.0967741935483871,0.11764705882352941
1593730,DDD,2014J,0.35,0.12280701754385964,0.1818181818181818
1594621,BBB,2013J,0.25,0.16666666666666666,0.2
1603549,FFF,2014J,0.3,0.10344827586206896,0.15384615384615385
1609002,AAA,2014J,0.4,0.6153846153846154,0.4848484848484849
1611842,DDD,2013B,0.2,0.15384615384615385,0.17391304347826086
1611973,BBB,2014B,0.0,0.0,0.0
1612600,DDD,2014B,0.55,0.25,0.34375
1614181,FFF,2013B,0.15,0.11538461538461539,0.13043478260869565
1615392,FFF,2014B,0.35,0.2413793103448276,0.2857142857142857
1618172,EEE,2014B,0.3,0.6,0.4
1618738,AAA,2013J,0.0,0.0,0.0
1622020,DDD,2013B,0.2,0.037037037037037035,0.0625
1623795,BBB,2014J,0.25,0.17857142857142858,0.20833333333333331
1624025,DDD,2014J,0.55,0.16176470588235295,0.25000000000000006
1624443,BBB,2014B,0.15,0.21428571428571427,0.1764705882352941
1624707,BBB,2013J,0.2,0.26666666666666666,0.2285714285714286
1625718,BBB,2014B,0.1,0.1111111111111111,0.10526315789473685
1626021,BBB,2014B,0.05,0.06666666666666667,0.05714285714285715
1626418,DDD,2013B,0.05,0.06666666666666667,0.05714285714285715
1626710,AAA,2013J,0.65,0.6190476190476191,0.6341463414634146
1627017,BBB,2013J,0.1,0.1111111111111111,0.10526315789473685
1627052,FFF,2014B,0.2,0.11764705882352941,0.14814814814814817
1629771,AAA,2014J,0.0,0.0,0.0
1631797,FFF,2014J,0.15,0.125,0.13636363636363635
1632487,CCC,2014B,0.1,0.13333333333333333,0.1142857142857143
1633695,BBB,2014B,0.0,0.0,0.0
1634278,CCC,2014J,0.05,0.5,0.09090909090909091
1634278,FFF,2013J,0.2,0.057971014492753624,0.0898876404494382
1636725,FFF,2013J,0.25,0.22727272727272727,0.23809523809523808
1638119,DDD,2013B,0.3,0.1276595744680851,0.17910447761194026
1638548,EEE,2013J,0.3,0.8571428571428571,0.4444444444444444
1639699,FFF,2014J,0.15,0.06666666666666667,0.09230769230769231
1640609,AAA,2013J,0.6,0.6666666666666666,0.631578947368421
1640680,FFF,2014J,0.3,0.16666666666666666,0.21428571428571427
1640773,DDD,2013B,0.05,0.047619047619047616,0.04878048780487805
1641117,FFF,2014B,0.05,0.045454545454545456,0.04761904761904762
1641344,FFF,2013J,0.55,0.16176470588235295,0.25000000000000006
1644647,FFF,2013J,0.15,0.08571428571428572,0.10909090909090909
1646172,CCC,2014J,0.15,0.23076923076923078,0.18181818181818185
1651198,DDD,2013B,0.05,0.047619047619047616,0.04878048780487805
1656486,CCC,2014J,0.05,0.5,0.09090909090909091
1656979,BBB,2014J,0.05,0.5,0.09090909090909091
1658963,CCC,2014J,0.1,0.15384615384615385,0.12121212121212123
1658963,FFF,2014J,0.0,0.0,0.0
1659662,BBB,2013B,0.15,0.13636363636363635,0.14285714285714282
1661490,DDD,2014J,0.15,0.08333333333333333,0.10714285714285714
1661805,EEE,2014B,0.35,0.7777777777777778,0.48275862068965514
1664280,BBB,2014J,0.05,0.5,0.09090909090909091
1664920,DDD,2013B,0.05,0.041666666666666664,0.04545454545454545
1667087,DDD,2014J,0.1,0.05128205128205128,0.06779661016949151
1667346,EEE,2013J,0.4,0.8,0.5333333333333333
1668372,DDD,2014B,0.0,0.0,0.0
1668504,FFF,2013B,0.5,0.22727272727272727,0.3125
1671022,CCC,2014J,0.0,0.0,0.0
1671811,CCC,2014B,0.1,0.16666666666666666,0.125
1671811,DDD,2014B,0.0,0.0,0.0
1674799,CCC,2014J,0.75,0.3333333333333333,0.46153846153846156
1674799,EEE,2014J,0.75,0.5769230769230769,0.6521739130434783
1674804,GGG,2013J,0.45,0.4090909090909091,0.4285714285714286
1677677,FFF,2014J,0.25,0.16666666666666666,0.2
1678401,BBB,2013B,0.05,0.1,0.06666666666666667
1678445,GGG,2013J,0.0,0.0,0.0
1678800,CCC,2014B,0.25,0.15151515151515152,0.18867924528301888
1678800,DDD,2013J,0.1,0.09523809523809523,0.0975609756097561
1679610,EEE,2014J,0.65,0.8666666666666667,0.7428571428571429
1679727,DDD,2013J,0.05,0.05555555555555555,0.052631578947368425
1679862,DDD,2013J,0.0,0.0,0.0
1683803,FFF,2014B,0.8,0.12698412698412698,0.2191780821917808
1684787,DDD,2014J,0.15,0.09090909090909091,0.11320754716981132
1687996,DDD,2013J,0.0,0.0,0.0
1687996,DDD,2014J,0.2,0.4444444444444444,0.2758620689655173
1689069,DDD,2013J,0.2,0.07272727272727272,0.10666666666666667
1689081,GGG,2014J,0.4,0.5714285714285714,0.47058823529411764
1689730,FFF,2013B,0.2,0.16666666666666666,0.1818181818181818
1690836,DDD,2013B,0.4,0.1702127659574468,0.23880597014925373
1692156,CCC,2014J,0.05,0.037037037037037035,0.0425531914893617
1694120,FFF,2013J,0.1,0.07407407407407407,0.0851063829787234
1695710,BBB,2013J,0.15,0.21428571428571427,0.1764705882352941
1696174,DDD,2013B,0.2,0.0975609756097561,0.13114754098360656
1699264,GGG,2013J,0.5,0.625,0.5555555555555556
1699445,FFF,2013B,0.1,0.08,0.08888888888888889
1700371,EEE,2014B,0.35,0.7777777777777778,0.48275862068965514
1713615,DDD,2013J,0.1,0.06666666666666667,0.08
1715237,CCC,2014B,0.1,0.08,0.08888888888888889
1715896,AAA,2014J,0.35,0.6363636363636364,0.45161290322580644
1716492,DDD,2013J,0.2,0.12903225806451613,0.1568627450980392
1719114,BBB,2014B,0.15,0.3,0.2
1719566,DDD,2013B,0.15,0.07894736842105263,0.10344827586206896
1720448,GGG,2013J,0.4,0.5,0.4444444444444445
1720712,FFF,2013B,0.15,0.125,0.13636363636363635
1721270,AAA,2014J,0.05,0.1111111111111111,0.06896551724137932
1721462,BBB,2013B,0.05,0.05555555555555555,0.052631578947368425
1721891,DDD,2013J,0.05,0.0625,0.05555555555555556
1722493,FFF,2014J,0.1,0.07407407407407407,0.0851063829787234
1723019,DDD,2013J,0.0,0.0,0.0
1723564,DDD,2014J,0.3,0.15789473684210525,0.20689655172413793
1723749,BBB,2014J,0.05,0.05555555555555555,0.052631578947368425
1725109,EEE,2013J,0.35,0.7,0.4666666666666667
1726951,BBB,2013J,0.3,0.2608695652173913,0.27906976744186046
1728437,BBB,2013B,0.05,0.25,0.08333333333333334
1729319,AAA,2013J,0.45,0.45,0.45
1729833,GGG,2013J,0.4,0.4444444444444444,0.4210526315789474
1731564,BBB,2013J,0.1,0.16666666666666666,0.125
1732219,BBB,2014B,0.2,0.2222222222222222,0.2105263157894737
1732956,BBB,2014J,0.55,0.4074074074074074,0.46808510638297873
1733023,BBB,2014J,0.45,0.3333333333333333,0.3829787234042553
1733160,DDD,2014J,0.05,0.16666666666666666,0.07692307692307691
1734156,GGG,2014J,0.35,0.5384615384615384,0.4242424242424242
1735651,DDD,2014B,0.05,0.03333333333333333,0.04
1735653,DDD,2014B,0.05,0.08333333333333333,0.0625
1738364,FFF,2014B,0.25,0.11904761904761904,0.16129032258064516
1738582,CCC,2014J,0.0,0.0,0.0
1739026,CCC,2014B,0.2,0.26666666666666666,0.2285714285714286
1742834,FFF,2013B,0.35,0.15217391304347827,0.21212121212121213
1744817,FFF,2014B,0.2,0.23529411764705882,0.2162162162162162
1746134,AAA,2013J,0.4,0.5,0.4444444444444445
1747824,DDD,2014J,0.2,0.17391304347826086,0.18604651162790697
1747892,BBB,2013B,0.25,0.15151515151515152,0.18867924528301888
1752098,CCC,2014J,0.05,0.3333333333333333,0.08695652173913045
1752813,CCC,2014J,0.2,0.12121212121212122,0.15094339622641512
1752834,BBB,2014J,0.3,0.3,0.3
1752994,FFF,2014J,0.35,0.16666666666666666,0.22580645161290322
1753458,CCC,2014B,0.1,0.14285714285714285,0.11764705882352941
1753965,BBB,2013B,0.25,0.15625,0.19230769230769232
1755594,FFF,2014J,0.05,0.05263157894736842,0.05128205128205128
1756165,DDD,2013J,0.5,0.16666666666666666,0.25
1756915,GGG,2013J,0.35,0.3684210526315789,0.358974358974359
1757548,DDD,2014J,0.05,0.045454545454545456,0.04761904761904762
1757662,FFF,2014B,0.2,0.10526315789473684,0.13793103448275862
1757766,AAA,2014J,0.5,0.625,0.5555555555555556
1759799,FFF,2013J,0.3,0.1016949152542373,0.1518987341772152
1759851,BBB,2014B,0.05,0.25,0.08333333333333334
1761013,FFF,2013B,0.0,0.0,0.0
1762336,EEE,2013J,0.05,0.5,0.09090909090909091
1763186,DDD,2014B,0.1,0.11764705882352941,0.1081081081081081
1763653,BBB,2014B,0.1,0.2222222222222222,0.13793103448275865
1763786,EEE,2014B,0.25,0.5555555555555556,0.3448275862068966
1765788,AAA,2013J,0.6,0.6666666666666666,0.631578947368421
1766513,DDD,2013J,0.2,0.0975609756097561,0.13114754098360656
1768223,FFF,2014B,0.05,0.043478260869565216,0.046511627906976744
1770733,BBB,2013B,0.0,0.0,0.0
1771775,FFF,2014J,0.4,0.21621621621621623,0.2807017543859649
1772429,FFF,2013B,0.1,0.08695652173913043,0.09302325581395349
1773377,AAA,2014J,0.15,0.23076923076923078,0.18181818181818185
1773925,CCC,2014J,0.05,0.05555555555555555,0.052631578947368425
1774297,DDD,2014J,0.05,0.1111111111111111,0.06896551724137932
1777511,DDD,2013J,0.25,0.08064516129032258,0.12195121951219512
1777563,GGG,2014J,0.1,0.18181818181818182,0.12903225806451613
1778145,BBB,2013J,0.05,0.058823529411764705,0.05405405405405405
1780949,BBB,2014B,0.1,0.2,0.13333333333333333
1781834,CCC,2014B,0.2,0.14285714285714285,0.16666666666666666
1781834,EEE,2013J,0.5,0.7142857142857143,0.588235294117647
1782236,GGG,2014J,0.3,0.42857142857142855,0.3529411764705882
1784775,FFF,2013B,0.5,0.1724137931034483,0.25641025641025644
1784816,BBB,2014J,0.05,0.5,0.09090909090909091
1786380,BBB,2014B,0.0,0.0,0.0
1789199,BBB,2013B,0.25,0.10638297872340426,0.1492537313432836
1789319,EEE,2014B,0.25,0.5555555555555556,0.3448275862068966
1796402,FFF,2014J,0.1,0.1111111111111111,0.10526315789473685
1797068,EEE,2014J,0.6,0.8571428571428571,0.7058823529411764
1797168,BBB,2013J,0.15,0.3333333333333333,0.20689655172413793
1797614,BBB,2013B,0.0,0.0,0.0
1799111,AAA,2014J,0.25,0.3333333333333333,0.28571428571428575
1801229,AAA,2013J,0.4,0.24242424242424243,0.30188679245283023
1801641,AAA,2013J,0.05,0.25,0.08333333333333334
1804143,DDD,2014B,0.0,0.0,0.0
1804143,DDD,2014J,0.05,0.125,0.07142857142857144
1808622,CCC,2014J,0.15,0.15,0.15
1809578,FFF,2013B,0.25,0.14705882352941177,0.18518518518518517
1810414,CCC,2014J,0.0,0.0,0.0
1810414,EEE,2014B,0.2,0.4,0.26666666666666666
1810759,FFF,2014J,0.25,0.1,0.14285714285714288
1813493,BBB,2014J,0.25,0.25,0.25
1813731,GGG,2013J,0.45,0.6,0.5142857142857143
1816458,FFF,2014J,0.15,0.10714285714285714,0.125
1817515,CCC,2014J,0.25,0.2631578947368421,0.25641025641025644
1817710,FFF,2014J,0.2,0.07017543859649122,0.10389610389610389
1818385,FFF,2014J,0.1,0.11764705882352941,0.1081081081081081
1818677,DDD,2013J,0.0,0.0,0.0
1819994,DDD,2013J,0.25,0.10869565217391304,0.15151515151515152
1822731,DDD,2014J,0.2,0.16666666666666666,0.1818181818181818
1826729,DDD,2014B,0.0,0.0,0.0
1826819,CCC,2014J,0.1,0.14285714285714285,0.11764705882352941
1827650,GGG,2014J,0.4,0.5333333333333333,0.4571428571428572
1828078,GGG,2013J,0.0,0.0,0.0
1828753,CCC,2014J,0.0,0.0,0.0
1829654,BBB,2014B,0.05,0.045454545454545456,0.04761904761904762
1832218,BBB,2014J,0.75,0.5357142857142857,0.6250000000000001
1832492,DDD,2014J,0.1,0.2222222222222222,0.13793103448275865
1835389,BBB,2014J,0.35,0.22580645161290322,0.2745098039215686
1835411,DDD,2013J,0.0,0.0,0.0
1836241,FFF,2014J,0.35,0.14,0.2
1837138,FFF,2014J,0.05,0.045454545454545456,0.04761904761904762
1839012,FFF,2013B,0.15,0.07317073170731707,0.09836065573770492
1839181,EEE,2014B,0.3,0.5,0.37499999999999994
1840034,BBB,2014B,0.05,0.09090909090909091,0.06451612903225806
1843026,DDD,2013B,0.0,0.0,0.0
1843123,BBB,2014J,0.25,0.29411764705882354,0.27027027027027023
1844150,FFF,2013B,0.05,0.04,0.044444444444444446
1846751,FFF,2013B,0.45,0.1836734693877551,0.2608695652173913
1847146,BBB,2013B,0.3,0.3333333333333333,0.3157894736842105
1847481,DDD,2013J,0.1,0.07692307692307693,0.08695652173913043
1847830,AAA,2013J,0.5,0.45454545454545453,0.47619047619047616
1850818,EEE,2013J,0.05,0.5,0.09090909090909091
1851108,CCC,2014J,0.2,0.14814814814814814,0.1702127659574468
1852968,FFF,2013J,0.35,0.1891891891891892,0.24561403508771934
1855583,CCC,2014B,0.0,0.0,0.0
1855583,DDD,2014J,0.0,0.0,0.0
1858523,BBB,2013B,0.05,0.5,0.09090909090909091
1859038,FFF,2013J,0.15,0.25,0.18749999999999997
1860171,GGG,2014B,0.3,0.375,0.33333333333333326
1860318,AAA,2013J,0.55,0.6875,0.6111111111111112
1861793,EEE,2013J,0.45,0.8181818181818182,0.5806451612903226
1861830,EEE,2014B,0.35,0.6363636363636364,0.45161290322580644
1864086,FFF,2013J,0.3,0.13333333333333333,0.18461538461538463
1864697,BBB,2014B,0.0,0.0,0.0
1866742,BBB,2014B,0.05,0.2,0.08000000000000002
1870830,FFF,2013B,0.4,0.2857142857142857,0.3333333333333333
1871598,FFF,2014J,0.45,0.21428571428571427,0.29032258064516125
1871684,FFF,2014J,0.2,0.21052631578947367,0.20512820512820512
1873505,GGG,2013J,0.2,0.21052631578947367,0.20512820512820512
1874160,CCC,2014J,0.25,0.16666666666666666,0.2
1874160,DDD,2014B,0.05,0.02631578947368421,0.034482758620689655
1874363,DDD,2013J,0.15,0.12,0.1333333333333333
1874935,BBB,2014J,0.15,0.21428571428571427,0.1764705882352941
1875728,FFF,2014B,0.4,0.25,0.3076923076923077
1876636,CCC,2014B,0.1,0.2222222222222222,0.13793103448275865
1876636,FFF,2013J,0.3,0.18181818181818182,0.22641509433962265
1877634,BBB,2014B,0.05,0.3333333333333333,0.08695652173913045
1877902,FFF,2014J,0.15,0.16666666666666666,0.15789473684210525
1878648,EEE,2014J,0.45,0.6428571428571429,0.5294117647058824
1878918,FFF,2013B,0.2,0.05263157894736842,0.08333333333333333
1879321,FFF,2014J,0.35,0.12280701754385964,0.1818181818181818
1879751,DDD,2014J,0.05,0.04,0.044444444444444446
1881062,DDD,2014J,0.05,0.047619047619047616,0.04878048780487805
1881231,FFF,2014J,0.1,0.09090909090909091,0.09523809523809525
1882021,GGG,2014B,0.25,0.3125,0.2777777777777778
1882255,FFF,2013B,0.2,0.14814814814814814,0.1702127659574468
1886295,BBB,2013J,0.1,0.1,0.10000000000000002
1887108,FFF,2014J,0.25,0.08333333333333333,0.125
1887928,DDD,2013J,0.3,0.1276595744680851,0.17910447761194026
1888343,CCC,2014B,0.0,0.0,0.0
1889511,AAA,2013J,0.45,0.34615384615384615,0.3913043478260869
1889565,BBB,2013J,0.3,0.3,0.3
1889577,AAA,2013J,0.2,0.3076923076923077,0.24242424242424246
1889752,FFF,2014J,0.35,0.15555555555555556,0.21538461538461537
1891323,CCC,2014B,0.15,0.2,0.17142857142857143
1894188,AAA,2013J,0.35,0.7777777777777778,0.48275862068965514
1894419,CCC,2014B,0.0,0.0,0.0
1894419,EEE,2014B,0.3,0.6,0.4
1894634,DDD,2013J,0.2,0.07407407407407407,0.10810810810810811
1895288,EEE,2014J,0.45,1.0,0.6206896551724138
1897054,CCC,2014J,0.4,0.25,0.3076923076923077
1897611,GGG,2014B,0.35,0.5,0.4117647058823529
1901764,DDD,2014J,0.0,0.0,0.0
1902240,CCC,2014J,0.1,0.06060606060606061,0.07547169811320756
1902240,EEE,2013J,0.25,0.7142857142857143,0.37037037037037035
1903095,BBB,2014J,0.35,0.3181818181818182,0.3333333333333333
1903477,DDD,2013J,0.1,0.13333333333333333,0.1142857142857143
1903527,BBB,2013B,0.0,0.0,0.0
1903677,BBB,2013J,0.1,0.6666666666666666,0.1739130434782609
1904916,FFF,2013B,0.25,0.22727272727272727,0.23809523809523808
1905259,FFF,2013B,0.1,0.058823529411764705,0.07407407407407408
1906003,CCC,2014J,0.1,0.16666666666666666,0.125
1906919,CCC,2014B,0.0,0.0,0.0
1906919,DDD,2013B,0.3,0.2222222222222222,0.25531914893617025
1907755,FFF,2013B,0.45,0.15789473684210525,0.23376623376623376
1910049,FFF,2013J,0.15,0.25,0.18749999999999997
1910175,BBB,2013J,0.25,0.25,0.25
1910737,EEE,2014J,0.3,0.6,0.4
1911513,CCC,2014B,0.0,0.0,0.0
1912438,BBB,2013B,0.15,0.13043478260869565,0.13953488372093023
1913166,FFF,2013J,0.25,0.16129032258064516,0.19607843137254902
1913435,FFF,2013B,0.2,0.23529411764705882,0.2162162162162162
1913872,DDD,2013J,0.1,0.18181818181818182,0.12903225806451613
1915408,EEE,2013J,0.5,0.8333333333333334,0.625
1915795,GGG,2014J,0.4,0.6153846153846154,0.4848484848484849
1915824,CCC,2014J,0.4,0.18604651162790697,0.25396825396825395
1916140,DDD,2014B,0.0,0.0,0.0
1917311,DDD,2014J,0.05,0.08333333333333333,0.0625
1917335,FFF,2013J,0.4,0.17777777777777778,0.24615384615384614
1917796,FFF,2013B,0.25,0.22727272727272727,0.23809523809523808
1919240,FFF,2014B,0.05,0.2,0.08000000000000002
1919940,FFF,2013B,0.15,0.075,0.1
1923618,BBB,2013B,0.0,0.0,0.0
1924641,CCC,2014B,0.0,0.0,0.0
1924641,EEE,2013J,0.5,0.5,0.5
1925789,DDD,2014J,0.05,0.09090909090909091,0.06451612903225806
1926542,BBB,2014J,0.0,0.0,0.0
1926668,AAA,2014J,0.5,0.5555555555555556,0.5263157894736842
1928947,FFF,2014B,0.15,0.08333333333333333,0.10714285714285714
1930019,GGG,2013J,0.6,0.48,0.5333333333333332
1930146,CCC,2014B,0.25,0.2631578947368421,0.25641025641025644
1930367,BBB,2013B,0.05,0.25,0.08333333333333334
1930644,EEE,2013J,0.15,0.375,0.21428571428571425
1931810,GGG,2014J,0.05,1.0,0.09523809523809523
1932474,BBB,2014B,0.05,0.05,0.05000000000000001
1933534,FFF,2014B,0.05,0.14285714285714285,0.07407407407407408
1934810,FFF,2013B,0.15,0.125,0.13636363636363635
1935155,DDD,2014J,0.2,0.0975609756097561,0.13114754098360656
1935735,FFF,2013J,0.55,0.20754716981132076,0.30136986301369867
1935774,DDD,2014J,0.05,0.2,0.08000000000000002
1936285,CCC,2014J,0.3,0.17142857142857143,0.21818181818181817
1936679,FFF,2013B,0.15,0.08333333333333333,0.10714285714285714
1937822,BBB,2014J,0.6,0.46153846153846156,0.5217391304347826
1937864,BBB,2013B,0.1,0.4,0.16000000000000003
1938355,AAA,2013J,0.5,0.6666666666666666,0.5714285714285715
1939179,DDD,2014B,0.6,0.35294117647058826,0.4444444444444445
1939193,FFF,2014B,0.6,0.36363636363636365,0.4528301886792453
1939695,BBB,2013J,0.25,0.17857142857142858,0.20833333333333331
1941248,BBB,2013J,0.25,0.25,0.25
1942396,AAA,2013J,0.3,0.5454545454545454,0.3870967741935483
1942491,CCC,2014J,0.15,0.15789473684210525,0.15384615384615385
1942870,CCC,2014J,0.3,0.2608695652173913,0.27906976744186046
1943214,EEE,2014J,0.05,0.5,0.09090909090909091
1944130,DDD,2013B,0.2,0.11428571428571428,0.14545454545454545
1945240,DDD,2013B,0.3,0.20689655172413793,0.24489795918367346
1945434,DDD,2014B,0.05,0.030303030303030304,0.03773584905660378
1945945,FFF,2013J,0.2,0.10810810810810811,0.14035087719298245
1946308,BBB,2013J,0.2,0.21052631578947367,0.20512820512820512
1947156,AAA,2014J,0.2,0.3333333333333333,0.25
1947911,CCC,2014B,0.15,0.3333333333333333,0.20689655172413793
1948159,FFF,2014J,0.2,0.1,0.13333333333333333
1950911,GGG,2014J,0.2,0.21052631578947367,0.20512820512820512
1950923,FFF,2013J,0.1,0.1,0.10000000000000002
1951080,CCC,2014B,0.05,0.07692307692307693,0.060606060606060615
1951127,FFF,2013J,0.05,0.07692307692307693,0.060606060606060615
1951139,CCC,2014B,0.35,0.21875,0.2692307692307692
1951727,DDD,2014B,0.05,0.05263157894736842,0.05128205128205128
1954147,FFF,2013J,0.2,0.19047619047619047,0.1951219512195122
1954230,EEE,2013J,0.25,0.625,0.35714285714285715
1955634,BBB,2014B,0.05,0.05,0.05000000000000001
1957682,BBB,2014B,0.0,0.0,0.0
1958121,CCC,2014J,0.1,0.11764705882352941,0.1081081081081081
1960479,CCC,2014J,0.25,0.18518518518518517,0.2127659574468085
1961938,CCC,2014J,0.15,0.15789473684210525,0.15384615384615385
1962049,FFF,2014J,0.3,0.10344827586206896,0.15384615384615385
1962062,FFF,2014J,0.05,0.25,0.08333333333333334
1962854,DDD,2014B,0.05,0.015625,0.023809523809523808
1963677,DDD,2013J,0.05,0.1,0.06666666666666667
1966591,FFF,2013B,0.2,0.25,0.22222222222222224
1966597,CCC,2014J,0.0,0.0,0.0
1967783,AAA,2014J,0.5,0.8333333333333334,0.625
1968757,DDD,2013B,0.1,0.06896551724137931,0.08163265306122448
1969407,CCC,2014B,0.0,0.0,0.0
1969985,GGG,2013J,0.3,0.35294117647058826,0.3243243243243243
1970390,AAA,2013J,0.2,0.2857142857142857,0.23529411764705882
1970390,AAA,2014J,0.3,0.3,0.3
1971393,BBB,2013B,0.15,0.25,0.18749999999999997
1972092,FFF,2014J,0.3,0.15789473684210525,0.20689655172413793
1972832,BBB,2014J,0.4,0.24242424242424243,0.30188679245283023
1974271,FFF,2013B,0.45,0.2647058823529412,0.33333333333333337
1975209,AAA,2014J,0.3,0.42857142857142855,0.3529411764705882
1976139,AAA,2013J,0.45,0.6428571428571429,0.5294117647058824
1976350,DDD,2013B,0.35,0.16666666666666666,0.22580645161290322
1976350,EEE,2013J,0.2,0.23529411764705882,0.2162162162162162
1977701,GGG,2014J,0.2,0.26666666666666666,0.2285714285714286
1980822,FFF,2013J,0.3,0.16216216216216217,0.2105263157894737
1981053,FFF,2013J,0.0,0.0,0.0
1982166,CCC,2014J,0.0,0.0,0.0
1982166,FFF,2013J,0.25,0.09615384615384616,0.1388888888888889
1982833,DDD,2013J,0.1,0.4,0.16000000000000003
1982845,DDD,2013B,0.15,0.06976744186046512,0.09523809523809525
1983921,FFF,2013J,0.35,0.16279069767441862,0.22222222222222227
1986180,DDD,2014J,0.2,0.26666666666666666,0.2285714285714286
1989014,BBB,2014J,0.3,0.3157894736842105,0.3076923076923077
1990127,FFF,2013B,0.3,0.13953488372093023,0.1904761904761905
1990650,BBB,2013J,0.25,0.7142857142857143,0.37037037037037035
1991399,CCC,2014J,0.15,0.08823529411764706,0.11111111111111112
1991399,DDD,2014J,0.15,0.07894736842105263,0.10344827586206896
1991903,EEE,2013J,0.4,0.7272727272727273,0.5161290322580645
1992145,FFF,2013J,0.25,0.17857142857142858,0.20833333333333331
1993672,BBB,2013J,0.05,0.3333333333333333,0.08695652173913045
1993905,GGG,2013J,0.15,0.125,0.13636363636363635
1993955,EEE,2013J,0.25,0.7142857142857143,0.37037037037037035
1994632,GGG,2014B,0.55,0.4782608695652174,0.5116279069767442
1995177,FFF,2014J,0.25,0.13157894736842105,0.1724137931034483
1995239,EEE,2013J,0.05,1.0,0.09523809523809523
1995532,EEE,2013J,0.25,0.7142857142857143,0.37037037037037035
1997164,CCC,2014B,0.0,0.0,0.0
1997164,FFF,2013B,0.2,0.09523809523809523,0.12903225806451613
1997796,BBB,2013B,0.1,0.2222222222222222,0.13793103448275865
1998790,BBB,2013J,0.0,0.0,0.0
1998834,FFF,2014J,0.6,0.3076923076923077,0.4067796610169492
1999952,FFF,2014B,0.1,0.07142857142857142,0.08333333333333333
2000491,FFF,2013B,0.05,0.02702702702702703,0.03508771929824561
2001461,DDD,2014J,0.25,0.15625,0.19230769230769232
2001665,FFF,2013B,0.3,0.10714285714285714,0.15789473684210525
2001687,BBB,2013J,0.1,0.13333333333333333,0.1142857142857143
2002046,BBB,2013J,0.25,0.3333333333333333,0.28571428571428575
2002415,BBB,2014B,0.05,0.02564102564102564,0.033898305084745756
2002664,EEE,2014B,0.35,0.5,0.4117647058823529
2004143,GGG,2014J,0.1,0.2857142857142857,0.14814814814814817
2006283,BBB,2013J,0.2,0.5,0.28571428571428575
2006894,DDD,2013B,0.05,0.041666666666666664,0.04545454545454545
2008795,DDD,2014J,0.05,0.125,0.07142857142857144
2009239,BBB,2014J,0.35,0.5833333333333334,0.4375
2009279,DDD,2014J,0.1,0.16666666666666666,0.125
2010232,AAA,2014J,0.75,0.5,0.6
2010245,FFF,2014B,0.2,0.2222222222222222,0.2105263157894737
2011876,AAA,2013J,0.4,0.47058823529411764,0.4324324324324324
2012966,AAA,2013J,0.05,0.5,0.09090909090909091
2013403,CCC,2014J,0.2,0.09090909090909091,0.12500000000000003
2014252,DDD,2013J,0.0,0.0,0.0
2016517,CCC,2014B,0.0,0.0,0.0
2017487,FFF,2014J,0.6,0.15384615384615385,0.2448979591836735
2019921,GGG,2013J,0.25,0.8333333333333334,0.3846153846153846
2020628,FFF,2014J,0.15,0.1111111111111111,0.12765957446808512
2020916,CCC,2014J,0.1,0.15384615384615385,0.12121212121212123
2020916,DDD,2013B,0.0,0.0,0.0
2022801,BBB,2014B,0.0,0.0,0.0
2023366,BBB,2013B,0.25,0.21739130434782608,0.23255813953488372
2025233,FFF,2014B,0.3,0.4,0.34285714285714286
2025354,DDD,2014J,0.0,0.0,0.0
2026075,FFF,2014J,0.1,0.15384615384615385,0.12121212121212123
2026585,CCC,2014J,0.05,0.03225806451612903,0.0392156862745098
2026585,EEE,2014B,0.2,0.5,0.28571428571428575
2028388,DDD,2013B,0.0,0.0,0.0
2029037,BBB,2013J,0.2,0.16,0.17777777777777778
2029571,FFF,2014J,0.0,0.0,0.0
2030117,CCC,2014J,0.05,0.16666666666666666,0.07692307692307691
2031252,FFF,2013B,0.1,0.06451612903225806,0.0784313725490196
2032057,DDD,2013J,0.0,0.0,0.0
2032882,DDD,2013J,0.15,0.16666666666666666,0.15789473684210525
2032882,DDD,2014J,0.3,0.15,0.2
2033951,EEE,2013J,0.4,0.5714285714285714,0.47058823529411764
2034300,BBB,2013J,0.25,0.25,0.25
2034802,DDD,2013J,0.2,0.3076923076923077,0.24242424242424246
2035022,BBB,2013B,0.2,0.3333333333333333,0.25
2035574,BBB,2014J,0.1,0.1111111111111111,0.10526315789473685
2035700,FFF,2014J,0.25,0.16129032258064516,0.19607843137254902
2035700,GGG,2013J,0.5,0.5263157894736842,0.5128205128205129
2039190,DDD,2013J,0.1,0.043478260869565216,0.06060606060606061
2039810,DDD,2014J,0.2,0.13793103448275862,0.16326530612244897
2043939,DDD,2014J,0.1,0.047619047619047616,0.06451612903225806
2045440,FFF,2013B,0.15,0.09375,0.11538461538461538
2045818,FFF,2013B,0.15,0.14285714285714285,0.14634146341463414
2047421,CCC,2014B,0.0,0.0,0.0
2047575,FFF,2014J,0.1,0.06451612903225806,0.0784313725490196
2049668,CCC,2014B,0.25,0.2,0.22222222222222224
2050179,CCC,2014J,0.2,0.13793103448275862,0.16326530612244897
2051035,FFF,2013B,0.15,0.10714285714285714,0.125
2051699,AAA,2013J,0.25,0.2631578947368421,0.25641025641025644
2052942,GGG,2014J,0.4,0.6666666666666666,0.5
2053381,FFF,2013J,0.15,0.3333333333333333,0.20689655172413793
2053521,GGG,2014J,0.25,0.38461538461538464,0.30303030303030304
2054019,FFF,2013B,0.6,0.2727272727272727,0.37499999999999994
2056416,FFF,2013J,0.3,0.15384615384615385,0.2033898305084746
2056486,FFF,2013J,0.1,0.03636363636363636,0.05333333333333334
2056643,CCC,2014B,0.15,0.17647058823529413,0.16216216216216214
2056643,EEE,2013J,0.4,0.6153846153846154,0.4848484848484849
2057105,FFF,2013B,0.2,0.07142857142857142,0.10526315789473682
2057803,AAA,2014J,0.0,0.0,0.0
2057959,DDD,2014J,0.1,0.046511627906976744,0.06349206349206349
2060467,FFF,2013B,0.05,0.043478260869565216,0.046511627906976744
2061889,BBB,2013J,0.0,0.0,0.0
2062879,AAA,2013J,0.45,0.6,0.5142857142857143
2062995,BBB,2013J,0.15,0.13043478260869565,0.13953488372093023
2063578,CCC,2014B,0.1,0.15384615384615385,0.12121212121212123
2063578,DDD,2013B,0.4,0.2222222222222222,0.2857142857142857
2064873,CCC,2014B,0.15,0.10714285714285714,0.125
2064873,EEE,2014B,0.25,0.625,0.35714285714285715
2065756,EEE,2014J,0.35,0.875,0.4999999999999999
2065972,FFF,2014J,0.15,0.12,0.1333333333333333
2067377,CCC,2014J,0.15,0.11538461538461539,0.13043478260869565
2067555,GGG,2014B,0.1,0.16666666666666666,0.125
2067799,FFF,2014J,0.05,0.125,0.07142857142857144
2067969,EEE,2014J,0.4,0.7272727272727273,0.5161290322580645
2070517,CCC,2014J,0.05,0.037037037037037035,0.0425531914893617
2072166,BBB,2013J,0.1,1.0,0.18181818181818182
2072671,EEE,2014J,0.15,0.375,0.21428571428571425
2073016,AAA,2014J,0.15,0.16666666666666666,0.15789473684210525
2074627,FFF,2014B,0.2,0.2857142857142857,0.23529411764705882
2075945,DDD,2014J,0.1,0.04878048780487805,0.06557377049180328
2077023,DDD,2014B,0.05,0.0625,0.05555555555555556
2078353,CCC,2014J,0.05,0.1,0.06666666666666667
2078479,BBB,2013J,0.0,0.0,0.0
2078768,BBB,2013J,0.3,0.3157894736842105,0.3076923076923077
2080474,AAA,2013J,0.15,0.21428571428571427,0.1764705882352941
2080539,DDD,2013B,0.0,0.0,0.0
2080885,BBB,2014B,0.1,0.2222222222222222,0.13793103448275865
2081123,FFF,2014J,0.4,0.22857142857142856,0.2909090909090909
2081937,GGG,2014B,0.45,0.5625,0.5
2081955,BBB,2014B,0.05,0.0625,0.05555555555555556
2082180,DDD,2013J,0.1,0.2857142857142857,0.14814814814814817
2082180,DDD,2014J,0.0,0.0,0.0
2082318,BBB,2014B,0.0,0.0,0.0
2082945,GGG,2014B,0.55,0.5238095238095238,0.5365853658536585
2083576,BBB,2013J,0.15,0.2727272727272727,0.19354838709677416
2083701,CCC,2014J,0.05,0.043478260869565216,0.046511627906976744
2083877,AAA,2013J,0.0,0.0,0.0
2084066,AAA,2013J,0.1,0.18181818181818182,0.12903225806451613
2084711,CCC,2014J,0.05,0.03125,0.038461538461538464
2085209,AAA,2014J,0.6,0.46153846153846156,0.5217391304347826
2086400,AAA,2014J,0.3,0.5,0.37499999999999994
2087100,FFF,2013B,0.25,0.18518518518518517,0.2127659574468085
2087182,CCC,2014B,0.0,0.0,0.0
2087698,DDD,2014B,0.1,0.05555555555555555,0.07142857142857142
2087747,BBB,2014B,0.05,0.2,0.08000000000000002
2088765,CCC,2014B,0.3,0.2727272727272727,0.28571428571428564
2088765,DDD,2013B,0.4,0.10810810810810811,0.1702127659574468
2088982,FFF,2014J,0.05,1.0,0.09523809523809523
2089582,DDD,2013J,0.15,0.10714285714285714,0.125
2090053,FFF,2013B,0.1,0.058823529411764705,0.07407407407407408
2091096,BBB,2014J,0.25,0.25,0.25
2091193,BBB,2014J,0.3,0.3,0.3
2091230,CCC,2014J,0.4,0.3333333333333333,0.3636363636363636
2091387,DDD,2014B,0.1,0.08695652173913043,0.09302325581395349
2093150,CCC,2014J,0.3,0.15789473684210525,0.20689655172413793
2094350,BBB,2014B,0.05,1.0,0.09523809523809523
2094849,EEE,2013J,0.0,0.0,0.0
2095379,BBB,2013J,0.2,0.5714285714285714,0.29629629629629634
2095576,FFF,2014B,0.1,0.13333333333333333,0.1142857142857143
2096251,FFF,2014J,0.2,0.12903225806451613,0.1568627450980392
2096918,CCC,2014J,0.1,0.125,0.11111111111111112
2097046,FFF,2014B,0.3,0.25,0.2727272727272727
2097916,BBB,2013B,0.0,0.0,0.0
2098108,DDD,2014J,0.0,0.0,0.0
2098405,DDD,2013J,0.1,0.08333333333333333,0.0909090909090909
2103552,FFF,2014J,0.1,0.13333333333333333,0.1142857142857143
2104123,FFF,2013J,0.1,0.09523809523809523,0.0975609756097561
2104426,BBB,2014B,0.1,0.16666666666666666,0.125
2104505,AAA,2013J,0.35,0.4666666666666667,0.4
2105230,FFF,2013J,0.2,0.125,0.15384615384615385
2106955,FFF,2014J,0.35,0.1,0.15555555555555556
2108614,BBB,2014B,0.15,0.16666666666666666,0.15789473684210525
2108821,FFF,2013B,0.15,0.06818181818181818,0.09374999999999999
2109119,CCC,2014B,0.35,0.4117647058823529,0.37837837837837834
2109119,EEE,2013J,0.3,0.5,0.37499999999999994
2111015,BBB,2013J,0.25,0.2777777777777778,0.2631578947368421
2111313,DDD,2014J,0.3,0.15789473684210525,0.20689655172413793
2112088,DDD,2013J,0.15,0.06818181818181818,0.09374999999999999
2112670,CCC,2014J,0.0,0.0,0.0
2114529,FFF,2014B,0.45,0.2571428571428571,0.32727272727272727
2115250,BBB,2014J,0.4,0.38095238095238093,0.3902439024390244
2115711,BBB,2013J,0.1,0.16666666666666666,0.125
2122180,AAA,2013J,0.55,0.5238095238095238,0.5365853658536585
2127889,CCC,2014J,0.15,0.2727272727272727,0.19354838709677416
2128283,FFF,2014J,0.3,0.20689655172413793,0.24489795918367346
2128304,BBB,2013J,0.25,0.625,0.35714285714285715
2131008,FFF,2014B,0.55,0.3055555555555556,0.39285714285714285
2131908,CCC,2014B,0.1,0.07407407407407407,0.0851063829787234
2132811,BBB,2013B,0.0,0.0,0.0
2132966,BBB,2013J,0.05,0.16666666666666666,0.07692307692307691
2133207,BBB,2014B,0.0,0.0,0.0
2133242,DDD,2013B,0.15,0.12,0.1333333333333333
2134237,EEE,2013J,0.15,0.3,0.2
2134304,EEE,2013J,0.3,1.0,0.4615384615384615
2135315,GGG,2014B,0.25,0.35714285714285715,0.2941176470588235
2137171,CCC,2014J,0.05,0.043478260869565216,0.046511627906976744
2137171,FFF,2013J,0.35,0.17073170731707318,0.22950819672131145
2137785,EEE,2014J,0.25,0.4166666666666667,0.3125
2138146,EEE,2013J,0.15,0.6,0.24
2138970,FFF,2014J,0.4,0.26666666666666666,0.32
2139037,CCC,2014B,0.0,0.0,0.0
2139037,FFF,2013B,0.15,0.075,0.1
2139273,EEE,2014B,0.1,0.2857142857142857,0.14814814814814817
2139353,AAA,2013J,0.05,0.3333333333333333,0.08695652173913045
2139353,AAA,2014J,0.3,0.25,0.2727272727272727
2140087,FFF,2013B,0.05,0.05,0.05000000000000001
2140300,FFF,2014J,0.35,0.18421052631578946,0.24137931034482757
2140311,DDD,2013B,0.15,0.13043478260869565,0.13953488372093023
2140444,BBB,2013J,0.05,0.3333333333333333,0.08695652173913045
2141085,FFF,2013B,0.2,0.10256410256410256,0.13559322033898302
2142055,CCC,2014J,0.0,0.0,0.0
2142243,DDD,2014J,0.15,0.0967741935483871,0.11764705882352941
2142516,CCC,2014J,0.35,0.21212121212121213,0.26415094339622636
2143065,FFF,2013B,0.15,0.07894736842105263,0.10344827586206896
2143312,FFF,2014J,0.6,0.2,0.3
2143440,FFF,2014J,0.25,0.125,0.16666666666666666
2143739,FFF,2013J,0.25,0.08771929824561403,0.12987012987012986
2143752,AAA,2013J,0.25,0.29411764705882354,0.27027027027027023
2143922,DDD,2014J,0.15,0.125,0.13636363636363635
2145940,FFF,2013J,0.35,0.21212121212121213,0.26415094339622636
2146277,CCC,2014B,0.15,0.1,0.12
2146277,FFF,2013J,0.6,0.14457831325301204,0.23300970873786409
2146792,AAA,2013J,0.65,0.5652173913043478,0.6046511627906976
2146936,DDD,2013B,0.55,0.19642857142857142,0.2894736842105263
2147620,CCC,2014B,0.2,0.25,0.22222222222222224
2147713,CCC,2014B,0.0,0.0,0.0
2147929,BBB,2013J,0.05,0.16666666666666666,0.07692307692307691
2148540,FFF,2013J,0.2,0.12903225806451613,0.1568627450980392
2148681,AAA,2014J,0.3,0.5,0.37499999999999994
2148859,BBB,2014B,0.0,0.0,0.0
2149487,BBB,2014J,0.4,0.38095238095238093,0.3902439024390244
2149735,FFF,2013J,0.05,0.14285714285714285,0.07407407407407408
2153153,AAA,2013J,0.5,0.5555555555555556,0.5263157894736842
2154361,DDD,2013B,0.0,0.0,0.0
2154361,FFF,2014J,0.45,0.3103448275862069,0.3673469387755102
2155014,AAA,2013J,0.55,0.6470588235294118,0.5945945945945946
2156058,CCC,2014B,0.0,0.0,0.0
2156514,DDD,2013B,0.0,0.0,0.0
2157412,DDD,2013J,0.35,0.16279069767441862,0.22222222222222227
2158399,FFF,2013B,0.2,0.08333333333333333,0.11764705882352941
2159868,CCC,2014J,0.05,0.08333333333333333,0.0625
2160316,FFF,2014J,0.6,0.14285714285714285,0.23076923076923073
2160453,BBB,2013J,0.25,0.35714285714285715,0.2941176470588235
2161710,FFF,2014B,0.15,0.2727272727272727,0.19354838709677416
2161710,FFF,2014J,0.15,0.17647058823529413,0.16216216216216214
2162410,FFF,2013J,0.15,0.05555555555555555,0.08108108108108109
2164251,BBB,2014B,0.05,0.0625,0.05555555555555556
2164266,FFF,2014B,0.0,0.0,0.0
2164944,BBB,2013J,0.05,0.25,0.08333333333333334
2165164,AAA,2014J,0.3,0.35294117647058826,0.3243243243243243
2171627,AAA,2013J,0.35,0.3888888888888889,0.36842105263157887
2171834,CCC,2014B,0.05,0.05263157894736842,0.05128205128205128
2171834,EEE,2013J,0.4,0.8,0.5333333333333333
2172136,CCC,2014J,0.1,0.15384615384615385,0.12121212121212123
2172136,DDD,2014B,0.05,0.08333333333333333,0.0625
2172163,BBB,2014J,0.0,0.0,0.0
2172709,DDD,2014J,0.1,0.18181818181818182,0.12903225806451613
2173572,BBB,2013B,0.1,0.25,0.14285714285714288
2173643,EEE,2014J,0.55,0.6111111111111112,0.5789473684210527
2173721,FFF,2013J,0.0,0.0,0.0
2174129,GGG,2013J,0.4,0.5,0.4444444444444445
2174835,BBB,2013J,0.15,0.2,0.17142857142857143
2176759,FFF,2014B,0.0,0.0,0.0
2177871,DDD,2013B,0.1,0.08,0.08888888888888889
2178466,FFF,2013J,0.05,0.125,0.07142857142857144
2178686,CCC,2014J,0.2,0.2,0.20000000000000004
2178837,FFF,2014J,0.3,0.18181818181818182,0.22641509433962265
2178929,CCC,2014B,0.25,0.15625,0.19230769230769232
2180090,FFF,2014J,0.2,0.09523809523809523,0.12903225806451613
2180710,FFF,2013J,0.1,0.14285714285714285,0.11764705882352941
2180994,GGG,2013J,0.35,0.30434782608695654,0.3255813953488372
2181205,BBB,2014B,0.0,0.0,0.0
2181700,GGG,2013J,0.4,0.38095238095238093,0.3902439024390244
2182255,FFF,2013B,0.0,0.0,0.0
2182333,FFF,2013J,0.2,0.16666666666666666,0.1818181818181818
2182846,AAA,2013J,0.55,0.55,0.55
2185729,FFF,2014J,0.45,0.16666666666666666,0.24324324324324323
2186992,FFF,2014B,0.2,0.125,0.15384615384615385
2187146,BBB,2013J,0.1,0.10526315789473684,0.10256410256410256
2187308,BBB,2014J,0.0,0.0,0.0
2187422,CCC,2014B,0.3,0.2727272727272727,0.28571428571428564
2187588,EEE,2014B,0.2,0.6666666666666666,0.30769230769230765
2189002,FFF,2013B,0.1,0.06896551724137931,0.08163265306122448
2189620,DDD,2014J,0.05,0.2,0.08000000000000002
2192061,EEE,2014J,0.45,0.6428571428571429,0.5294117647058824
2193185,FFF,2013J,0.3,0.20689655172413793,0.24489795918367346
2194100,AAA,2013J,0.15,0.23076923076923078,0.18181818181818185
2195318,FFF,2013B,0.1,0.06060606060606061,0.07547169811320756
2195445,DDD,2013B,0.15,0.21428571428571427,0.1764705882352941
2196054,BBB,2013J,0.1,0.16666666666666666,0.125
2196923,DDD,2014J,0.1,0.16666666666666666,0.125
2197016,AAA,2013J,0.4,0.47058823529411764,0.4324324324324324
2197175,FFF,2013J,0.25,0.07575757575757576,0.11627906976744187
2197511,FFF,2013B,0.2,0.13333333333333333,0.16
2197766,FFF,2014J,0.25,0.1388888888888889,0.17857142857142858
2198914,EEE,2014B,0.2,0.4444444444444444,0.2758620689655173
2198952,DDD,2013J,0.3,0.08955223880597014,0.13793103448275862
2199455,EEE,2013J,0.2,0.6666666666666666,0.30769230769230765
2201235,DDD,2014J,0.05,0.047619047619047616,0.04878048780487805
2202076,DDD,2013J,0.05,0.06666666666666667,0.05714285714285715
2204293,DDD,2013J,0.15,0.10714285714285714,0.125
2204389,EEE,2014J,0.5,0.625,0.5555555555555556
2205383,BBB,2013B,0.15,0.2727272727272727,0.19354838709677416
2207474,BBB,2014J,0.35,0.4117647058823529,0.37837837837837834
2207874,AAA,2014J,0.05,1.0,0.09523809523809523
2208424,AAA,2013J,0.25,0.4166666666666667,0.3125
2209728,DDD,2013B,0.1,0.07142857142857142,0.08333333333333333
2210318,BBB,2013B,0.05,0.25,0.08333333333333334
2210989,DDD,2014B,0.05,0.037037037037037035,0.0425531914893617
2211797,CCC,2014B,0.15,0.15789473684210525,0.15384615384615385
2211797,EEE,2014J,0.0,0.0,0.0
2213424,BBB,2014B,0.0,0.0,0.0
2214631,BBB,2013J,0.2,0.36363636363636365,0.25806451612903225
2214722,GGG,2014J,0.05,1.0,0.09523809523809523
2215898,DDD,2013J,0.15,0.06521739130434782,0.09090909090909091
2216442,DDD,2014J,0.1,1.0,0.18181818181818182
2216682,BBB,2014J,0.5,0.35714285714285715,0.41666666666666663
2216778,BBB,2014J,0.25,0.22727272727272727,0.23809523809523808
2218693,FFF,2013J,0.2,0.16,0.17777777777777778
2221654,EEE,2014J,0.35,0.7,0.4666666666666667
2221869,BBB,2014B,0.1,0.16666666666666666,0.125
2222615,FFF,2014B,0.1,0.05405405405405406,0.07017543859649122
2224174,DDD,2014J,0.3,0.14285714285714285,0.19354838709677416
2226202,DDD,2014J,0.05,0.07142857142857142,0.058823529411764705
2226301,BBB,2013J,0.1,0.2857142857142857,0.14814814814814817
2227568,BBB,2014J,0.45,0.2903225806451613,0.3529411764705882
2227786,DDD,2013B,0.05,0.07692307692307693,0.060606060606060615
2228010,BBB,2014J,0.2,0.3333333333333333,0.25
2228601,BBB,2014J,0.4,0.4,0.4000000000000001
2229389,EEE,2014J,0.35,0.35,0.35
2229783,BBB,2013J,0.15,0.6,0.24
2229783,BBB,2014J,0.35,0.23333333333333334,0.28
2229865,AAA,2013J,0.6,0.42857142857142855,0.5
2230251,EEE,2014J,0.2,0.4444444444444444,0.2758620689655173
2231018,DDD,2014B,0.35,0.14893617021276595,0.208955223880597
2231512,DDD,2014J,0.55,0.24444444444444444,0.3384615384615384
2231614,BBB,2013B,0.15,0.21428571428571427,0.1764705882352941
2231810,FFF,2013B,0.2,0.16,0.17777777777777778
2231961,DDD,2013B,0.15,0.1,0.12
2232218,DDD,2013B,0.0,0.0,0.0
2232218,DDD,2013J,0.2,0.14285714285714285,0.16666666666666666
2232340,DDD,2014J,0.1,0.04081632653061224,0.05797101449275362
2236738,BBB,2013B,0.0,0.0,0.0
2237567,BBB,2014J,0.1,0.16666666666666666,0.125
2238148,FFF,2013J,0.25,0.10638297872340426,0.1492537313432836
2239650,DDD,2013J,0.35,0.2,0.2545454545454545
2239746,FFF,2013J,0.0,0.0,0.0
2239848,CCC,2014B,0.1,0.125,0.11111111111111112
2240349,AAA,2014J,0.35,0.5,0.4117647058823529
2242067,BBB,2014J,0.45,0.45,0.45
2242595,FFF,2014B,0.05,0.14285714285714285,0.07407407407407408
2242732,FFF,2014B,0.2,0.1,0.13333333333333333
2243505,FFF,2013J,0.0,0.0,0.0
2243551,BBB,2013B,0.1,0.5,0.16666666666666669
2243703,BBB,2014B,0.0,0.0,0.0
2244285,FFF,2014B,0.1,0.09523809523809523,0.0975609756097561
2244332,AAA,2014J,0.5,0.5555555555555556,0.5263157894736842
2244724,BBB,2013B,0.0,0.0,0.0
2246073,GGG,2013J,0.15,0.23076923076923078,0.18181818181818185
2247222,CCC,2014B,0.15,0.13636363636363635,0.14285714285714282
2248072,GGG,2013J,0.5,0.45454545454545453,0.47619047619047616
2248122,BBB,2014B,0.05,0.07142857142857142,0.058823529411764705
2248243,BBB,2014J,0.2,0.2222222222222222,0.2105263157894737
2248715,DDD,2013B,0.05,0.09090909090909091,0.06451612903225806
2248789,GGG,2013J,0.2,0.2222222222222222,0.2105263157894737
2249143,EEE,2014B,0.25,0.38461538461538464,0.30303030303030304
2249372,BBB,2013B,0.25,0.16129032258064516,0.19607843137254902
2250842,FFF,2013J,0.15,0.09090909090909091,0.11320754716981132
2251500,BBB,2014J,0.55,0.34375,0.42307692307692313
2252437,EEE,2013J,0.5,0.625,0.5555555555555556
2252750,DDD,2013J,0.1,0.047619047619047616,0.06451612903225806
2252765,FFF,2013J,0.05,0.024390243902439025,0.03278688524590164
2252963,GGG,2014B,0.45,0.6428571428571429,0.5294117647058824
2254252,FFF,2013B,0.2,0.15384615384615385,0.17391304347826086
2254271,GGG,2013J,0.25,0.18518518518518517,0.2127659574468085
2254619,BBB,2013B,0.25,0.45454545454545453,0.3225806451612903
2254637,FFF,2014J,0.3,0.15,0.2
2255516,EEE,2013J,0.35,1.0,0.5185185185185185
2255601,AAA,2013J,0.45,0.8181818181818182,0.5806451612903226
2256318,FFF,2014B,0.0,0.0,0.0
2257112,CCC,2014J,0.25,0.45454545454545453,0.3225806451612903
2257112,FFF,2014B,0.2,0.18181818181818182,0.1904761904761905
2257400,EEE,2014J,0.35,0.6363636363636364,0.45161290322580644
2257740,CCC,2014J,0.15,0.1,0.12
2257853,DDD,2014J,0.0,0.0,0.0
2258124,EEE,2014J,0.5,0.3125,0.38461538461538464
2259662,EEE,2014J,0.05,0.5,0.09090909090909091
2260861,DDD,2014J,0.05,0.020833333333333332,0.029411764705882353
2261142,DDD,2014B,0.0,0.0,0.0
2262510,GGG,2014B,0.25,0.35714285714285715,0.2941176470588235
2264054,FFF,2014B,0.2,0.13333333333333333,0.16
2265935,DDD,2014B,0.05,0.5,0.09090909090909091
2266889,DDD,2014B,0.05,0.07692307692307693,0.060606060606060615
2268379,AAA,2013J,0.3,0.35294117647058826,0.3243243243243243
2268380,GGG,2014J,0.15,0.23076923076923078,0.18181818181818185
2269480,BBB,2013B,0.3,0.42857142857142855,0.3529411764705882
2270562,GGG,2014J,0.15,0.16666666666666666,0.15789473684210525
2270880,FFF,2014B,0.2,0.4444444444444444,0.2758620689655173
2271264,GGG,2013J,0.3,0.46153846153846156,0.3636363636363637
2271644,BBB,2013J,0.1,0.6666666666666666,0.1739130434782609
2271766,GGG,2014J,0.45,0.5,0.4736842105263158
2272474,GGG,2014B,0.3,0.3157894736842105,0.3076923076923077
2273828,BBB,2013B,0.05,0.25,0.08333333333333334
2273828,BBB,2014B,0.6,0.11009174311926606,0.186046511627907
2274542,FFF,2014J,0.1,0.06060606060606061,0.07547169811320756
2277009,CCC,2014J,0.35,0.14583333333333334,0.20588235294117646
2277857,AAA,2014J,0.4,0.7272727272727273,0.5161290322580645
2278095,DDD,2014J,0.2,0.14814814814814814,0.1702127659574468
2278101,FFF,2014J,0.1,0.06451612903225806,0.0784313725490196
2278390,BBB,2014J,0.2,0.2857142857142857,0.23529411764705882
2278464,AAA,2013J,0.1,0.3333333333333333,0.15384615384615383
2279403,DDD,2014J,0.25,0.13157894736842105,0.1724137931034483
2279449,DDD,2013B,0.05,0.037037037037037035,0.0425531914893617
2280038,BBB,2013B,0.0,0.0,0.0
2280314,BBB,2013J,0.05,0.25,0.08333333333333334
2280643,GGG,2013J,0.3,0.3,0.3
2281286,BBB,2014J,0.2,0.2857142857142857,0.23529411764705882
2281292,DDD,2013B,0.05,0.03225806451612903,0.0392156862745098
2281441,EEE,2014J,0.55,0.6470588235294118,0.5945945945945946
2281483,FFF,2013B,0.35,0.1891891891891892,0.24561403508771934
2282040,DDD,2013J,0.05,0.08333333333333333,0.0625
2284294,DDD,2013J,0.15,0.06,0.08571428571428572
2284583,BBB,2013J,0.15,0.13636363636363635,0.14285714285714282
2285156,GGG,2013J,0.35,0.4117647058823529,0.37837837837837834
2285405,DDD,2014J,0.05,0.16666666666666666,0.07692307692307691
2285527,CCC,2014J,0.2,0.36363636363636365,0.25806451612903225
2285527,DDD,2014J,0.05,0.043478260869565216,0.046511627906976744
2286312,FFF,2013J,0.4,0.15384615384615385,0.2222222222222222
2286544,EEE,2014J,0.45,0.75,0.5625000000000001
2286574,FFF,2013J,0.0,0.0,0.0
2288454,FFF,2013B,0.05,0.024390243902439025,0.03278688524590164
2288607,BBB,2013B,0.0,0.0,0.0
2289071,EEE,2014J,0.3,0.2857142857142857,0.2926829268292683
2289145,CCC,2014J,0.25,0.20833333333333334,0.22727272727272727
2289847,DDD,2013J,0.2,0.17391304347826086,0.18604651162790697
2290090,BBB,2013B,0.1,0.5,0.16666666666666669
2290267,FFF,2013J,0.15,0.10344827586206896,0.12244897959183673
2290604,DDD,2014J,0.2,0.11764705882352941,0.14814814814814817
2290883,FFF,2013J,0.3,0.08955223880597014,0.13793103448275862
2290886,EEE,2014J,0.35,0.5384615384615384,0.4242424242424242
2291598,BBB,2013B,0.2,0.15384615384615385,0.17391304347826086
2291760,BBB,2014B,0.15,0.21428571428571427,0.1764705882352941
2292724,DDD,2013J,0.1,0.06896551724137931,0.08163265306122448
2293443,BBB,2013B,0.1,0.09523809523809523,0.0975609756097561
2293511,FFF,2014J,0.1,0.125,0.11111111111111112
2293923,AAA,2013J,0.0,0.0,0.0
2296163,DDD,2013J,0.05,0.06666666666666667,0.05714285714285715
2296749,BBB,2013B,0.2,0.23529411764705882,0.2162162162162162
2297016,EEE,2014J,0.4,0.5,0.4444444444444445
2297896,AAA,2014J,0.05,0.16666666666666666,0.07692307692307691
2298106,FFF,2014J,0.25,0.13513513513513514,0.1754385964912281
2298895,CCC,2014B,0.05,0.07692307692307693,0.060606060606060615
2298895,FFF,2014J,0.3,0.12244897959183673,0.17391304347826086
2299338,BBB,2013J,0.15,0.12,0.1333333333333333
2299808,FFF,2014B,0.2,0.12121212121212122,0.15094339622641512
2301511,DDD,2014B,0.1,0.5,0.16666666666666669
2301830,FFF,2014J,0.1,0.06451612903225806,0.0784313725490196
2303413,FFF,2014B,0.35,0.21212121212121213,0.26415094339622636
2304417,FFF,2013J,0.2,0.18181818181818182,0.1904761904761905
2306016,FFF,2014B,0.1,0.1111111111111111,0.10526315789473685
2306410,FFF,2014J,0.2,0.14285714285714285,0.16666666666666666
2306519,DDD,2014B,0.25,0.14285714285714285,0.18181818181818182
2308026,BBB,2014B,0.05,0.25,0.08333333333333334
2308528,BBB,2013B,0.05,0.09090909090909091,0.06451612903225806
2308564,BBB,2014B,0.05,0.5,0.09090909090909091
2310615,DDD,2014J,0.3,0.17647058823529413,0.22222222222222224
2311714,GGG,2014J,0.45,0.4090909090909091,0.4285714285714286
2312279,FFF,2013J,0.25,0.14285714285714285,0.18181818181818182
2312620,AAA,2013J,0.5,0.8333333333333334,0.625
2312809,DDD,2014B,0.0,0.0,0.0
2314761,DDD,2014J,0.05,0.03125,0.038461538461538464
2316201,CCC,2014J,0.05,0.03225806451612903,0.0392156862745098
2317273,BBB,2014B,0.1,1.0,0.18181818181818182
2318055,AAA,2014J,0.35,0.4666666666666667,0.4
2318161,BBB,2014J,0.1,0.5,0.16666666666666669
2318763,BBB,2013J,0.05,0.3333333333333333,0.08695652173913045
2320306,BBB,2013J,0.25,0.21739130434782608,0.23255813953488372
2321660,BBB,2014J,0.05,0.0625,0.05555555555555556
2322342,BBB,2013B,0.05,0.09090909090909091,0.06451612903225806
2323944,FFF,2013J,0.3,0.13043478260869565,0.18181818181818182
2326041,CCC,2014J,0.95,0.11949685534591195,0.21229050279329612
2326475,FFF,2013J,0.2,0.25,0.22222222222222224
2326597,EEE,2013J,0.2,0.3076923076923077,0.24242424242424246
2327045,DDD,2013J,0.3,0.13333333333333333,0.18461538461538463
2327072,BBB,2013B,0.15,1.0,0.2608695652173913
2327472,CCC,2014J,0.6,0.2222222222222222,0.32432432432432434
2327472,DDD,2013J,0.1,0.07407407407407407,0.0851063829787234
2327494,FFF,2013B,0.2,0.3076923076923077,0.24242424242424246
2327494,FFF,2014B,0.15,0.08333333333333333,0.10714285714285714
2329342,AAA,2013J,0.1,0.14285714285714285,0.11764705882352941
2330254,AAA,2014J,0.1,0.3333333333333333,0.15384615384615383
2330534,DDD,2013B,0.0,0.0,0.0
2331750,EEE,2013J,0.5,0.8333333333333334,0.625
2332060,DDD,2013B,0.15,0.09090909090909091,0.11320754716981132
2332934,FFF,2014J,0.1,0.125,0.11111111111111112
2333156,CCC,2014J,0.2,0.13793103448275862,0.16326530612244897
2333244,DDD,2014J,0.15,0.14285714285714285,0.14634146341463414
2333415,BBB,2014J,0.3,0.2608695652173913,0.27906976744186046
2334319,BBB,2013J,0.15,0.16666666666666666,0.15789473684210525
2334930,BBB,2014B,0.1,0.16666666666666666,0.125
2336550,BBB,2013B,0.2,0.3333333333333333,0.25
2336922,DDD,2014B,0.5,0.2,0.28571428571428575
2337362,FFF,2014B,0.1,0.06896551724137931,0.08163265306122448
2337889,FFF,2013J,0.2,0.13333333333333333,0.16
2338255,FFF,2013B,0.0,0.0,0.0
2338290,DDD,2014J,0.25,0.05747126436781609,0.09345794392523364
2338422,FFF,2013B,0.55,0.16417910447761194,0.2528735632183908
2338586,BBB,2013J,0.1,0.13333333333333333,0.1142857142857143
2339267,FFF,2014J,0.25,0.16129032258064516,0.19607843137254902
2339333,CCC,2014J,0.0,0.0,0.0
2339528,AAA,2013J,0.25,0.3125,0.2777777777777778
2339789,DDD,2014J,0.0,0.0,0.0
2340165,BBB,2014B,0.2,0.2857142857142857,0.23529411764705882
2340230,DDD,2013J,0.15,0.07692307692307693,0.1016949152542373
2340746,FFF,2013J,0.1,0.16666666666666666,0.125
2340786,CCC,2014J,0.65,0.3023255813953488,0.4126984126984127
2340786,DDD,2013J,0.4,0.14035087719298245,0.20779220779220778
2341415,FFF,2013B,0.25,0.21739130434782608,0.23255813953488372
2341420,FFF,2014J,0.2,0.23529411764705882,0.2162162162162162
2341830,DDD,2014J,0.25,0.15151515151515152,0.18867924528301888
2342399,DDD,2013J,0.05,0.09090909090909091,0.06451612903225806
2342426,AAA,2013J,0.4,0.5714285714285714,0.47058823529411764
2343293,FFF,2013B,0.0,0.0,0.0
2343337,FFF,2013J,0.2,0.18181818181818182,0.1904761904761905
2343354,GGG,2013J,0.25,0.5555555555555556,0.3448275862068966
2343413,BBB,2014B,0.0,0.0,0.0
2343785,FFF,2014J,0.15,0.0967741935483871,0.11764705882352941
2343809,DDD,2014B,0.15,0.21428571428571427,0.1764705882352941
2344901,AAA,2013J,0.1,0.4,0.16000000000000003
2344957,FFF,2013J,0.5,0.125,0.2
2345438,FFF,2014B,0.1,0.07142857142857142,0.08333333333333333
2345751,CCC,2014J,0.4,0.25806451612903225,0.3137254901960784
2345900,FFF,2013J,0.4,0.18181818181818182,0.25000000000000006
2346145,BBB,2014J,0.4,0.36363636363636365,0.380952380952381
2346679,FFF,2013B,0.2,0.11428571428571428,0.14545454545454545
2347802,CCC,2014B,0.25,0.22727272727272727,0.23809523809523808
2348111,DDD,2013B,0.0,0.0,0.0
2348961,DDD,2014B,0.15,0.1111111111111111,0.12765957446808512
2350300,DDD,2013B,0.1,0.6666666666666666,0.1739130434782609
2351589,GGG,2014B,0.25,0.29411764705882354,0.27027027027027023
2351969,FFF,2014J,0.65,0.22033898305084745,0.3291139240506329
2352280,FFF,2013B,0.25,0.13157894736842105,0.1724137931034483
2352407,EEE,2014J,0.6,0.8571428571428571,0.7058823529411764
2353764,BBB,2014J,0.25,0.4166666666666667,0.3125
2354732,FFF,2013B,0.05,0.2,0.08000000000000002
2355274,EEE,2014J,0.7,0.5833333333333334,0.6363636363636365
2355470,AAA,2014J,0.15,0.2727272727272727,0.19354838709677416
2356318,DDD,2014B,0.05,0.16666666666666666,0.07692307692307691
2356801,DDD,2013J,0.25,0.07936507936507936,0.12048192771084337
2356809,BBB,2013J,0.2,0.16666666666666666,0.1818181818181818
2357019,DDD,2014J,0.1,0.09523809523809523,0.0975609756097561
2357629,FFF,2013J,0.2,0.10256410256410256,0.13559322033898302
2358056,AAA,2013J,0.2,0.1111111111111111,0.14285714285714285
2358258,CCC,2014J,0.15,0.23076923076923078,0.18181818181818185
2358423,DDD,2013B,0.0,0.0,0.0
2358707,DDD,2013J,0.1,0.0625,0.07692307692307693
2358969,AAA,2014J,0.2,0.5,0.28571428571428575
2359191,DDD,2013J,0.05,0.058823529411764705,0.05405405405405405
2360322,FFF,2013J,0.35,0.23333333333333334,0.28
2360559,FFF,2014J,0.1,0.1,0.10000000000000002
2361633,CCC,2014J,0.2,0.0975609756097561,0.13114754098360656
2362169,FFF,2013B,0.15,0.17647058823529413,0.16216216216216214
2363168,BBB,2014J,0.3,0.2727272727272727,0.28571428571428564
2363863,AAA,2014J,0.65,0.3170731707317073,0.42622950819672134
2363875,BBB,2013J,0.1,0.1,0.10000000000000002
2364160,FFF,2013J,0.1,0.09523809523809523,0.0975609756097561
2364471,AAA,2013J,0.6,0.48,0.5333333333333332
2364565,FFF,2013B,0.2,0.13333333333333333,0.16
2364637,EEE,2014B,0.1,0.4,0.16000000000000003
2364905,FFF,2013J,0.3,0.15789473684210525,0.20689655172413793
2365602,GGG,2013J,0.6,0.3870967741935484,0.47058823529411764
2366024,DDD,2013J,0.05,0.3333333333333333,0.08695652173913045
2366117,CCC,2014J,0.45,0.28125,0.34615384615384615
2366656,FFF,2014J,0.25,0.17857142857142858,0.20833333333333331
2367155,AAA,2013J,0.45,0.47368421052631576,0.46153846153846156
2369187,GGG,2013J,0.0,0.0,0.0
2369266,AAA,2013J,0.5,0.5555555555555556,0.5263157894736842
2369415,AAA,2014J,0.0,0.0,0.0
2372788,FFF,2013J,0.0,0.0,0.0
2373245,GGG,2014J,0.15,0.2727272727272727,0.19354838709677416
2374002,FFF,2013J,0.5,0.15625,0.23809523809523808
2374404,DDD,2013B,0.05,0.08333333333333333,0.0625
2375123,DDD,2013B,0.0,0.0,0.0
2375123,DDD,2013J,0.1,0.08695652173913043,0.09302325581395349
2375627,DDD,2013J,0.1,0.06060606060606061,0.07547169811320756
2375759,BBB,2014J,0.65,0.3611111111111111,0.4642857142857143
2375975,AAA,2014J,0.3,0.75,0.4285714285714285
2376496,AAA,2013J,0.3,0.46153846153846156,0.3636363636363637
2376512,CCC,2014J,0.15,0.25,0.18749999999999997
2376512,EEE,2014B,0.3,0.8571428571428571,0.4444444444444444
2376628,BBB,2013B,0.05,0.0625,0.05555555555555556
2377567,BBB,2013B,0.05,0.041666666666666664,0.04545454545454545
2377623,DDD,2013B,0.25,0.1388888888888889,0.17857142857142858
2377769,DDD,2013J,0.2,0.09523809523809523,0.12903225806451613
2378208,FFF,2014J,0.25,0.08928571428571429,0.13157894736842105
2378591,GGG,2014J,0.05,0.25,0.08333333333333334
2379431,GGG,2013J,0.05,1.0,0.09523809523809523
2379512,FFF,2013J,0.15,0.07894736842105263,0.10344827586206896
2380539,BBB,2013B,0.15,0.09375,0.11538461538461538
2381845,DDD,2013B,0.0,0.0,0.0
2382048,DDD,2013J,0.05,0.047619047619047616,0.04878048780487805
2382253,BBB,2013J,0.05,0.2,0.08000000000000002
2383036,DDD,2013J,0.2,0.09523809523809523,0.12903225806451613
2383307,FFF,2014B,0.3,0.09836065573770492,0.14814814814814814
2383780,FFF,2013J,0.15,0.12,0.1333333333333333
2383921,FFF,2013B,0.2,0.13793103448275862,0.16326530612244897
2383983,CCC,2014J,0.3,0.15384615384615385,0.2033898305084746
2384819,BBB,2013B,0.05,0.14285714285714285,0.07407407407407408
2385665,BBB,2014J,0.25,0.38461538461538464,0.30303030303030304
2386281,GGG,2013J,0.25,0.5,0.3333333333333333
2386732,FFF,2014J,0.4,0.14285714285714285,0.21052631578947364
2387054,FFF,2013B,0.2,0.16,0.17777777777777778
2388623,CCC,2014J,0.0,0.0,0.0
2388623,DDD,2013B,0.05,0.1,0.06666666666666667
2389267,FFF,2013B,0.3,0.13636363636363635,0.18749999999999997
2389754,EEE,2013J,0.25,0.5555555555555556,0.3448275862068966
2390117,BBB,2013J,0.1,0.1111111111111111,0.10526315789473685
2391004,CCC,2014B,0.15,0.09375,0.11538461538461538
2391004,EEE,2014B,0.1,0.16666666666666666,0.125
2391689,DDD,2014J,0.25,0.3125,0.2777777777777778
2391984,AAA,2013J,0.15,0.3,0.2
2392327,FFF,2013B,0.0,0.0,0.0
2392554,GGG,2014B,0.2,0.4444444444444444,0.2758620689655173
2392789,BBB,2014B,0.15,0.23076923076923078,0.18181818181818185
2392824,BBB,2013J,0.25,0.2777777777777778,0.2631578947368421
2393230,FFF,2013J,0.1,0.08,0.08888888888888889
2393261,FFF,2013J,0.2,0.21052631578947367,0.20512820512820512
2393945,CCC,2014J,0.15,0.08823529411764706,0.11111111111111112
2394090,CCC,2014J,0.2,0.10526315789473684,0.13793103448275862
2394090,DDD,2014B,0.15,0.05,0.075
2395804,FFF,2013B,0.0,0.0,0.0
2396381,FFF,2013J,0.2,0.18181818181818182,0.1904761904761905
2396471,DDD,2014J,0.0,0.0,0.0
2396643,DDD,2014J,0.05,1.0,0.09523809523809523
2396985,CCC,2014J,0.5,0.23809523809523808,0.3225806451612903
2397661,AAA,2014J,0.55,0.2972972972972973,0.38596491228070173
2398313,AAA,2014J,0.4,0.6153846153846154,0.4848484848484849
2399758,FFF,2014J,0.1,0.06451612903225806,0.0784313725490196
2400764,DDD,2013B,0.05,0.125,0.07142857142857144
2400764,DDD,2014J,0.05,0.25,0.08333333333333334
2400851,BBB,2013J,0.5,0.38461538461538464,0.4347826086956522
2401304,BBB,2014J,0.45,0.3333333333333333,0.3829787234042553
2403701,FFF,2014J,0.5,0.14492753623188406,0.22471910112359553
2405934,CCC,2014J,0.15,0.14285714285714285,0.14634146341463414
2406709,DDD,2013B,0.05,0.05555555555555555,0.052631578947368425
2407594,BBB,2014J,0.3,0.35294117647058826,0.3243243243243243
2408307,EEE,2013J,0.4,0.7272727272727273,0.5161290322580645
2410519,CCC,2014B,0.0,0.0,0.0
2410519,FFF,2014B,0.5,0.19230769230769232,0.2777777777777778
2410544,BBB,2014J,0.25,0.38461538461538464,0.30303030303030304
2410609,CCC,2014J,0.0,0.0,0.0
2410632,EEE,2014J,0.15,0.5,0.23076923076923075
2411595,BBB,2013J,0.25,0.3333333333333333,0.28571428571428575
2411661,AAA,2013J,0.15,0.6,0.24
2411773,FFF,2013J,0.2,0.13333333333333333,0.16
2412002,AAA,2013J,0.5,0.6666666666666666,0.5714285714285715
2412152,FFF,2013J,0.6,0.10344827586206896,0.17647058823529413
2412967,AAA,2013J,0.3,0.375,0.33333333333333326
2413037,CCC,2014J,0.1,0.6666666666666666,0.1739130434782609
2413191,FFF,2013B,0.05,0.024390243902439025,0.03278688524590164
2414973,DDD,2014B,0.2,0.25,0.22222222222222224
2415414,BBB,2013J,0.05,0.038461538461538464,0.043478260869565216
2415436,FFF,2013J,0.0,0.0,0.0
2415480,DDD,2014B,0.25,0.12195121951219512,0.16393442622950818
2415526,CCC,2014J,0.15,0.125,0.13636363636363635
2416024,DDD,2013J,0.15,0.12,0.1333333333333333
2416424,DDD,2014B,0.0,0.0,0.0
2416501,DDD,2014B,0.35,0.12962962962962962,0.18918918918918917
2416774,BBB,2013J,0.25,0.45454545454545453,0.3225806451612903
2417433,FFF,2014J,0.0,0.0,0.0
2417702,GGG,2013J,0.45,0.5625,0.5
2417975,FFF,2014J,0.3,0.18181818181818182,0.22641509433962265
2418045,DDD,2013B,0.15,0.11538461538461539,0.13043478260869565
2418277,DDD,2014J,0.2,0.21052631578947367,0.20512820512820512
2418580,DDD,2013B,0.05,0.045454545454545456,0.04761904761904762
2418732,CCC,2014B,0.05,0.05,0.05000000000000001
2418732,EEE,2013J,0.3,0.46153846153846156,0.3636363636363637
2419115,CCC,2014B,0.1,0.06896551724137931,0.08163265306122448
2419926,FFF,2013B,0.15,0.10344827586206896,0.12244897959183673
2420364,GGG,2013J,0.2,0.5,0.28571428571428575
2420725,BBB,2014B,0.05,0.5,0.09090909090909091
2420909,BBB,2013J,0.15,0.21428571428571427,0.1764705882352941
2421961,CCC,2014B,0.0,0.0,0.0
2421961,CCC,2014J,0.1,0.25,0.14285714285714288
2421961,DDD,2013J,0.15,0.14285714285714285,0.14634146341463414
2423002,FFF,2013J,0.3,0.13043478260869565,0.18181818181818182
2423655,DDD,2014J,0.1,0.2857142857142857,0.14814814814814817
2424257,FFF,2014J,0.2,0.2,0.20000000000000004
2424750,FFF,2013B,0.0,0.0,0.0
2425156,BBB,2013J,0.1,0.125,0.11111111111111112
2425993,AAA,2014J,0.2,0.25,0.22222222222222224
2426332,FFF,2014B,0.1,0.08333333333333333,0.0909090909090909
2426864,BBB,2014J,0.1,0.18181818181818182,0.12903225806451613
2427845,FFF,2014J,0.25,0.10869565217391304,0.15151515151515152
2428341,BBB,2014J,0.0,0.0,0.0
2430070,DDD,2013J,0.1,0.0625,0.07692307692307693
2430405,DDD,2013J,0.1,0.09090909090909091,0.09523809523809525
2432551,BBB,2014J,0.0,0.0,0.0
2432655,DDD,2014J,0.25,0.3333333333333333,0.28571428571428575
2432796,AAA,2014J,0.05,0.1111111111111111,0.06896551724137932
2433069,CCC,2014B,0.35,0.2692307692307692,0.3043478260869565
2433221,CCC,2014B,0.25,0.18518518518518517,0.2127659574468085
2434159,AAA,2014J,0.15,0.42857142857142855,0.2222222222222222
2434339,EEE,2014B,0.4,0.8,0.5333333333333333
2434369,DDD,2013J,0.4,0.12307692307692308,0.18823529411764708
2434666,CCC,2014J,0.0,0.0,0.0
2435726,EEE,2013J,0.45,0.8181818181818182,0.5806451612903226
2435795,FFF,2013J,0.2,0.12903225806451613,0.1568627450980392
2436400,DDD,2014B,0.15,0.06,0.08571428571428572
2436711,BBB,2014J,0.55,0.4230769230769231,0.47826086956521735
2436812,AAA,2014J,0.1,0.6666666666666666,0.1739130434782609
2437065,DDD,2013J,0.15,0.11538461538461539,0.13043478260869565
2437591,EEE,2014J,0.5,0.8333333333333334,0.625
2437837,AAA,2013J,0.45,0.45,0.45
2437930,FFF,2014B,0.05,0.2,0.08000000000000002
2438784,FFF,2014J,0.25,0.18518518518518517,0.2127659574468085
2439201,BBB,2013B,0.1,0.4,0.16000000000000003
2439239,FFF,2013B,0.1,0.14285714285714285,0.11764705882352941
2440301,FFF,2013J,0.3,0.20689655172413793,0.24489795918367346
2440756,BBB,2014B,0.05,0.16666666666666666,0.07692307692307691
2441910,FFF,2013B,0.4,0.6153846153846154,0.4848484848484849
2442423,EEE,2014J,0.25,0.625,0.35714285714285715
2442685,BBB,2013B,0.1,0.3333333333333333,0.15384615384615383
2444088,BBB,2013B,0.2,0.2,0.20000000000000004
2444501,BBB,2014B,0.05,0.5,0.09090909090909091
2444632,DDD,2013B,0.2,0.16666666666666666,0.1818181818181818
2444641,BBB,2013J,0.1,0.16666666666666666,0.125
2444705,BBB,2014J,0.05,0.045454545454545456,0.04761904761904762
2445085,FFF,2013J,0.25,0.29411764705882354,0.27027027027027023
2445410,FFF,2013B,0.15,0.07142857142857142,0.09677419354838708
2445562,GGG,2014B,0.55,0.44,0.48888888888888893
2446109,DDD,2013J,0.15,0.09090909090909091,0.11320754716981132
2446144,BBB,2013B,0.0,0.0,0.0
2446599,BBB,2014B,0.0,0.0,0.0
2446694,BBB,2014J,0.1,0.6666666666666666,0.1739130434782609
2449399,BBB,2014J,0.35,0.35,0.35
2449819,FFF,2013J,0.2,0.19047619047619047,0.1951219512195122
2449878,AAA,2013J,0.3,0.1875,0.23076923076923075
2450600,DDD,2014B,0.7,0.3111111111111111,0.43076923076923074
2450650,DDD,2014B,0.15,0.17647058823529413,0.16216216216216214
2451003,DDD,2014B,0.0,0.0,0.0
2451269,BBB,2013J,0.1,0.16666666666666666,0.125
2451523,CCC,2014J,0.15,0.12,0.1333333333333333
2451672,DDD,2013B,0.05,0.1111111111111111,0.06896551724137932
2451726,EEE,2013J,0.2,0.6666666666666666,0.30769230769230765
2452045,GGG,2014B,0.1,0.6666666666666666,0.1739130434782609
2452289,BBB,2013J,0.2,0.1111111111111111,0.14285714285714285
2452606,FFF,2013J,0.05,0.1111111111111111,0.06896551724137932
2452902,DDD,2014B,0.05,0.037037037037037035,0.0425531914893617
2453691,EEE,2014J,0.4,0.6153846153846154,0.4848484848484849
2454653,FFF,2013J,0.2,0.14814814814814814,0.1702127659574468
2454878,FFF,2013J,0.25,0.09259259259259259,0.13513513513513514
2454933,DDD,2013B,0.0,0.0,0.0
2455066,BBB,2013J,0.35,0.2692307692307692,0.3043478260869565
2455578,BBB,2013J,0.25,0.20833333333333334,0.22727272727272727
2455893,EEE,2014B,0.35,0.5833333333333334,0.4375
2456431,GGG,2014J,0.1,0.2857142857142857,0.14814814814814817
2456480,AAA,2013J,0.05,1.0,0.09523809523809523
2456612,DDD,2013B,0.2,0.08163265306122448,0.11594202898550723
2457147,FFF,2013B,0.55,0.2682926829268293,0.36065573770491804
2457256,AAA,2013J,0.4,0.4444444444444444,0.4210526315789474
2457440,FFF,2014J,0.05,0.05263157894736842,0.05128205128205128
2457907,DDD,2013J,0.1,0.07142857142857142,0.08333333333333333
2458203,GGG,2013J,0.05,0.07142857142857142,0.058823529411764705
2458355,AAA,2013J,0.5,0.5,0.5
2458925,CCC,2014J,0.5,0.38461538461538464,0.4347826086956522
2458984,BBB,2013B,0.05,1.0,0.09523809523809523
2459292,FFF,2014J,0.2,0.21052631578947367,0.20512820512820512
2459418,DDD,2014J,0.0,0.0,0.0
2459878,DDD,2013B,0.0,0.0,0.0
2460080,AAA,2013J,0.65,0.4642857142857143,0.5416666666666667
2460752,DDD,2013B,0.2,0.10810810810810811,0.14035087719298245
2460775,DDD,2014B,0.0,0.0,0.0
2461936,DDD,2013J,0.05,0.029411764705882353,0.03703703703703704
2462576,BBB,2014J,0.25,0.45454545454545453,0.3225806451612903
2462584,GGG,2013J,0.45,0.5,0.4736842105263158
2462607,CCC,2014J,0.15,0.1111111111111111,0.12765957446808512
2462628,CCC,2014J,0.0,0.0,0.0
2462628,DDD,2013J,0.1,0.08,0.08888888888888889
2462862,CCC,2014J,0.0,0.0,0.0
2463213,BBB,2013J,0.0,0.0,0.0
2463950,BBB,2013J,0.1,0.2222222222222222,0.13793103448275865
2464118,CCC,2014J,0.0,0.0,0.0
2464118,EEE,2014J,0.3,0.6,0.4
2464386,CCC,2014J,0.1,0.13333333333333333,0.1142857142857143
2464683,BBB,2013J,0.0,0.0,0.0
2464963,BBB,2013B,0.15,0.2,0.17142857142857143
2465105,FFF,2013J,0.0,0.0,0.0
2465589,FFF,2013J,0.1,0.2,0.13333333333333333
2465876,DDD,2013B,0.15,0.06976744186046512,0.09523809523809525
2467267,AAA,2014J,0.05,0.25,0.08333333333333334
2468232,FFF,2013J,0.1,0.11764705882352941,0.1081081081081081
2468280,BBB,2013J,0.05,0.5,0.09090909090909091
2468706,BBB,2013J,0.15,0.1875,0.16666666666666663
2469321,FFF,2013J,0.35,0.10294117647058823,0.1590909090909091
2469673,AAA,2013J,0.1,0.18181818181818182,0.12903225806451613
2469688,CCC,2014J,0.0,0.0,0.0
2469688,FFF,2013J,0.2,0.14285714285714285,0.16666666666666666
2470326,FFF,2014J,0.05,0.3333333333333333,0.08695652173913045
2470672,BBB,2013B,0.0,0.0,0.0
2470694,AAA,2013J,0.1,0.14285714285714285,0.11764705882352941
2470694,AAA,2014J,0.0,0.0,0.0
2471283,CCC,2014B,0.05,0.041666666666666664,0.04545454545454545
2471673,DDD,2014J,0.1,0.125,0.11111111111111112
2472033,FFF,2013J,0.3,0.18181818181818182,0.22641509433962265
2472132,FFF,2013J,0.7,0.32558139534883723,0.44444444444444453
2472145,DDD,2013J,0.05,0.1,0.06666666666666667
2472178,EEE,2014B,0.25,0.5555555555555556,0.3448275862068966
2473025,DDD,2014B,0.1,0.0625,0.07692307692307693
2473456,DDD,2013J,0.35,0.14893617021276595,0.208955223880597
2473538,AAA,2014J,0.7,0.4,0.509090909090909
2473780,BBB,2013J,0.1,0.08695652173913043,0.09302325581395349
2474006,EEE,2013J,0.1,1.0,0.18181818181818182
2474995,EEE,2013J,0.3,1.0,0.4615384615384615
2475591,BBB,2014J,0.55,0.3548387096774194,0.43137254901960786
2475780,BBB,2013B,0.2,0.4444444444444444,0.2758620689655173
2476144,BBB,2014B,0.25,0.2777777777777778,0.2631578947368421
2476409,DDD,2014J,0.1,0.08,0.08888888888888889
2476649,BBB,2013B,0.0,0.0,0.0
2476998,DDD,2013B,0.1,0.125,0.11111111111111112
2477052,DDD,2013J,0.25,0.11627906976744186,0.15873015873015872
2477792,DDD,2013J,0.0,0.0,0.0
2479413,FFF,2013B,0.3,0.15,0.2
2479954,AAA,2013J,0.05,0.16666666666666666,0.07692307692307691
2480886,FFF,2014J,0.2,0.3076923076923077,0.24242424242424246
2481224,BBB,2013B,0.1,0.11764705882352941,0.1081081081081081
2481482,FFF,2014B,0.1,0.125,0.11111111111111112
2481629,DDD,2014J,0.0,0.0,0.0
2481646,FFF,2013B,0.1,0.06896551724137931,0.08163265306122448
2481765,BBB,2013B,0.1,0.15384615384615385,0.12121212121212123
2481901,AAA,2013J,0.25,0.35714285714285715,0.2941176470588235
2482700,AAA,2013J,0.3,0.42857142857142855,0.3529411764705882
2482710,FFF,2014J,0.35,0.12280701754385964,0.1818181818181818
2482885,GGG,2013J,0.5,1.0,0.6666666666666666
2482994,BBB,2014B,0.1,0.2,0.13333333333333333
2483179,BBB,2013B,0.0,0.0,0.0
2483568,BBB,2013B,0.05,0.125,0.07142857142857144
2484726,DDD,2014J,0.2,0.11428571428571428,0.14545454545454545
2485582,DDD,2013J,0.3,0.20689655172413793,0.24489795918367346
2485655,EEE,2013J,0.35,0.4375,0.38888888888888884
2486127,AAA,2013J,0.1,0.13333333333333333,0.1142857142857143
2486159,BBB,2014J,0.15,0.25,0.18749999999999997
2486769,DDD,2013J,0.1,0.05405405405405406,0.07017543859649122
2486930,FFF,2014J,0.05,0.0625,0.05555555555555556
2487430,BBB,2014J,0.05,0.5,0.09090909090909091
2487541,BBB,2013B,0.1,0.5,0.16666666666666669
2487573,BBB,2014J,0.35,0.3684210526315789,0.358974358974359
2487785,BBB,2014B,0.1,0.25,0.14285714285714288
2487982,FFF,2013J,0.2,0.06666666666666667,0.1
2487990,EEE,2013J,0.1,0.4,0.16000000000000003
2488251,FFF,2013B,0.0,0.0,0.0
2488382,CCC,2014B,0.0,0.0,0.0
2492219,FFF,2014B,0.15,0.11538461538461539,0.13043478260869565
2492787,FFF,2014B,0.1,0.058823529411764705,0.07407407407407408
2492827,EEE,2014B,0.1,0.2222222222222222,0.13793103448275865
2494258,BBB,2014J,0.15,0.16666666666666666,0.15789473684210525
2494306,DDD,2014J,0.1,0.16666666666666666,0.125
2494507,CCC,2014B,0.05,0.09090909090909091,0.06451612903225806
2494700,AAA,2014J,0.5,0.5263157894736842,0.5128205128205129
2494999,DDD,2013J,0.15,0.13636363636363635,0.14285714285714282
2496748,FFF,2013B,0.05,0.0625,0.05555555555555556
2497624,BBB,2014J,0.3,0.35294117647058826,0.3243243243243243
2498139,GGG,2013J,0.25,0.4166666666666667,0.3125
2498299,BBB,2013B,0.0,0.0,0.0
2498388,CCC,2014B,0.1,0.08,0.08888888888888889
2498388,DDD,2013B,0.15,0.125,0.13636363636363635
2498614,EEE,2014J,0.05,1.0,0.09523809523809523
2498700,AAA,2013J,0.55,0.39285714285714285,0.45833333333333337
2499307,DDD,2013B,0.05,0.1111111111111111,0.06896551724137932
2499307,FFF,2014J,0.3,0.15384615384615385,0.2033898305084746
2499525,DDD,2014J,0.1,0.05263157894736842,0.06896551724137931
2499779,CCC,2014J,0.1,0.09090909090909091,0.09523809523809525
2500064,CCC,2014J,0.05,0.16666666666666666,0.07692307692307691
2500149,FFF,2013J,0.4,0.21052631578947367,0.27586206896551724
2500258,AAA,2014J,0.5,0.7142857142857143,0.588235294117647
2501768,DDD,2013B,0.1,0.07407407407407407,0.0851063829787234
2502127,BBB,2014B,0.05,0.08333333333333333,0.0625
2502504,DDD,2013B,0.0,0.0,0.0
2502516,DDD,2014B,0.25,0.15625,0.19230769230769232
2502707,DDD,2014B,0.0,0.0,0.0
2503063,CCC,2014B,0.0,0.0,0.0
2503063,FFF,2013J,0.05,0.05,0.05000000000000001
2503273,DDD,2014B,0.3,0.15,0.2
2503799,FFF,2014B,0.35,0.21212121212121213,0.26415094339622636
2505299,EEE,2013J,0.35,0.7777777777777778,0.48275862068965514
2505501,DDD,2013B,0.0,0.0,0.0
2505859,DDD,2013J,0.2,0.13793103448275862,0.16326530612244897
2507993,DDD,2014J,0.1,0.14285714285714285,0.11764705882352941
2508153,GGG,2014J,0.15,0.21428571428571427,0.1764705882352941
2508785,DDD,2013B,0.05,0.041666666666666664,0.04545454545454545
2509321,DDD,2014J,0.1,0.09090909090909091,0.09523809523809525
2509639,AAA,2014J,0.75,0.35714285714285715,0.48387096774193544
2510414,BBB,2013J,0.05,0.16666666666666666,0.07692307692307691
2510667,FFF,2013B,0.15,0.075,0.1
2511519,BBB,2014J,0.15,0.2727272727272727,0.19354838709677416
2511859,GGG,2013J,0.35,0.5833333333333334,0.4375
2512392,BBB,2013B,0.05,0.3333333333333333,0.08695652173913045
2512392,BBB,2013J,0.3,0.1935483870967742,0.23529411764705882
2513245,DDD,2013B,0.05,0.05,0.05000000000000001
2513954,BBB,2014B,0.0,0.0,0.0
2513997,CCC,2014B,0.0,0.0,0.0
2514044,BBB,2014B,0.05,0.25,0.08333333333333334
2514368,AAA,2014J,0.1,0.4,0.16000000000000003
2514379,BBB,2013J,0.05,0.3333333333333333,0.08695652173913045
2514431,FFF,2013B,0.1,0.05714285714285714,0.07272727272727272
2514898,AAA,2014J,0.65,0.41935483870967744,0.5098039215686274
2514949,FFF,2013B,0.15,0.07894736842105263,0.10344827586206896
2516163,FFF,2014B,0.2,0.08163265306122448,0.11594202898550723
2516503,AAA,2013J,0.55,0.6111111111111112,0.5789473684210527
2516931,GGG,2013J,0.1,1.0,0.18181818181818182
2516939,DDD,2014J,0.2,0.23529411764705882,0.2162162162162162
2517389,CCC,2014J,0.0,0.0,0.0
2517864,BBB,2013B,0.05,0.08333333333333333,0.0625
2518069,AAA,2013J,0.45,0.5625,0.5
2518653,BBB,2013B,0.0,0.0,0.0
2519138,FFF,2014J,0.4,0.1951219512195122,0.26229508196721313
2519972,GGG,2013J,0.35,0.2916666666666667,0.31818181818181823
2520290,BBB,2014J,0.45,0.3333333333333333,0.3829787234042553
2520539,CCC,2014J,0.25,0.20833333333333334,0.22727272727272727
2520649,BBB,2014J,0.2,0.26666666666666666,0.2285714285714286
2520868,DDD,2013J,0.05,0.045454545454545456,0.04761904761904762
2521459,AAA,2013J,0.25,0.2,0.22222222222222224
2521655,FFF,2013B,0.15,0.11538461538461539,0.13043478260869565
2521745,BBB,2013B,0.15,0.17647058823529413,0.16216216216216214
2521865,AAA,2014J,0.35,0.4375,0.38888888888888884
2522093,BBB,2013B,0.05,0.047619047619047616,0.04878048780487805
2522335,FFF,2013B,0.3,0.17142857142857143,0.21818181818181817
2522927,AAA,2014J,0.4,0.7272727272727273,0.5161290322580645
2522932,CCC,2014B,0.05,0.5,0.09090909090909091
2522932,CCC,2014J,0.05,1.0,0.09523809523809523
2522932,DDD,2013J,0.2,0.21052631578947367,0.20512820512820512
2523035,FFF,2013J,0.3,0.21428571428571427,0.25
2523350,BBB,2014B,0.05,0.2,0.08000000000000002
2523736,AAA,2013J,0.2,0.36363636363636365,0.25806451612903225
2523915,FFF,2014B,0.3,0.2857142857142857,0.2926829268292683
2523989,BBB,2014B,0.05,0.05555555555555555,0.052631578947368425
2524127,BBB,2013B,0.1,0.16666666666666666,0.125
2524295,BBB,2014B,0.05,1.0,0.09523809523809523
2525062,FFF,2013B,0.15,0.11538461538461539,0.13043478260869565
2525964,DDD,2014J,0.0,0.0,0.0
2526485,GGG,2014B,0.15,0.21428571428571427,0.1764705882352941
2526493,CCC,2014B,0.0,0.0,0.0
2526537,FFF,2013J,0.0,0.0,0.0
2526784,BBB,2014B,0.05,0.14285714285714285,0.07407407407407408
2527066,DDD,2014J,0.1,0.043478260869565216,0.06060606060606061
2528966,BBB,2013B,0.2,0.2,0.20000000000000004
2529279,AAA,2013J,0.2,0.3076923076923077,0.24242424242424246
2529306,BBB,2013J,0.15,0.6,0.24
2529419,FFF,2014J,0.15,0.10714285714285714,0.125
2529663,CCC,2014B,0.25,0.3333333333333333,0.28571428571428575
2530976,FFF,2014J,0.1,0.25,0.14285714285714288
2531031,BBB,2013B,0.25,0.1724137931034483,0.20408163265306123
2532302,AAA,2013J,0.45,0.4090909090909091,0.4285714285714286
2532320,FFF,2013B,0.4,0.16666666666666666,0.23529411764705882
2532322,DDD,2013B,0.1,0.1111111111111111,0.10526315789473685
2532323,FFF,2013B,0.2,0.2222222222222222,0.2105263157894737
2532647,BBB,2013J,0.1,0.3333333333333333,0.15384615384615383
2532785,FFF,2014B,0.15,0.07317073170731707,0.09836065573770492
2533195,GGG,2014J,0.05,0.125,0.07142857142857144
2533383,EEE,2014J,0.25,0.5555555555555556,0.3448275862068966
2533391,BBB,2014B,0.1,0.16666666666666666,0.125
2533407,GGG,2014B,0.3,0.4,0.34285714285714286
2533504,FFF,2013B,0.15,0.08108108108108109,0.10526315789473685
2534165,FFF,2013J,0.35,0.14,0.2
2534954,BBB,2014B,0.0,0.0,0.0
2535666,EEE,2014J,0.5,0.7142857142857143,0.588235294117647
2536991,AAA,2013J,0.0,0.0,0.0
2537695,DDD,2013B,0.0,0.0,0.0
2537777,FFF,2014J,0.15,0.08333333333333333,0.10714285714285714
2537898,EEE,2013J,0.2,0.6666666666666666,0.30769230769230765
2538792,EEE,2014J,0.05,0.14285714285714285,0.07407407407407408
2539641,BBB,2014B,0.1,1.0,0.18181818181818182
2539858,BBB,2013J,0.25,0.16666666666666666,0.2
2540168,AAA,2014J,0.15,0.42857142857142855,0.2222222222222222
2540195,DDD,2013J,0.05,0.2,0.08000000000000002
2540362,BBB,2013B,0.1,0.5,0.16666666666666669
2540724,BBB,2013J,0.0,0.0,0.0
2540871,FFF,2014J,0.0,0.0,0.0
2540922,DDD,2013B,0.0,0.0,0.0
2541120,BBB,2013B,0.1,0.15384615384615385,0.12121212121212123
2541388,BBB,2014B,0.0,0.0,0.0
2542116,DDD,2014J,0.15,0.16666666666666666,0.15789473684210525
2542182,EEE,2014J,0.4,0.7272727272727273,0.5161290322580645
2542209,FFF,2014J,0.25,0.1282051282051282,0.1694915254237288
2542291,GGG,2013J,0.35,0.5,0.4117647058823529
2542431,FFF,2013J,0.05,0.043478260869565216,0.046511627906976744
2542803,DDD,2013J,0.25,0.3125,0.2777777777777778
2542803,DDD,2014J,0.2,0.8,0.32000000000000006
2543208,FFF,2013J,0.25,0.15625,0.19230769230769232
2543600,DDD,2013B,0.2,0.08695652173913043,0.12121212121212122
2544448,BBB,2013J,0.05,1.0,0.09523809523809523
2544643,FFF,2014J,0.35,0.175,0.23333333333333334
2544766,FFF,2014J,0.1,0.0425531914893617,0.05970149253731343
2545047,BBB,2014J,0.3,0.2857142857142857,0.2926829268292683
2545113,CCC,2014B,0.25,0.29411764705882354,0.27027027027027023
2545629,FFF,2014B,0.3,0.21428571428571427,0.25
2545923,FFF,2013J,0.25,0.17857142857142858,0.20833333333333331
2546095,FFF,2013B,0.0,0.0,0.0
2546315,FFF,2014J,0.25,0.16666666666666666,0.2
2547321,DDD,2013B,0.05,0.037037037037037035,0.0425531914893617
2547402,DDD,2013B,0.0,0.0,0.0
2548055,FFF,2013J,0.25,0.08064516129032258,0.12195121951219512
2548877,CCC,2014B,0.15,0.17647058823529413,0.16216216216216214
2549875,DDD,2013B,0.15,0.13043478260869565,0.13953488372093023
2549939,DDD,2013B,0.25,0.13513513513513514,0.1754385964912281
2550054,DDD,2013J,0.05,0.08333333333333333,0.0625
2550279,AAA,2013J,0.55,0.5,0.5238095238095238
2550946,DDD,2014B,0.3,0.18181818181818182,0.22641509433962265
2550960,EEE,2014J,0.1,0.4,0.16000000000000003
2551220,AAA,2013J,0.35,0.4666666666666667,0.4
2551797,AAA,2014J,0.0,0.0,0.0
2551932,AAA,2014J,0.1,0.25,0.14285714285714288
2552412,CCC,2014J,0.15,0.15789473684210525,0.15384615384615385
2552472,AAA,2013J,0.1,0.3333333333333333,0.15384615384615383
2552672,DDD,2013J,0.15,0.07894736842105263,0.10344827586206896
2552708,BBB,2014J,0.55,0.5238095238095238,0.5365853658536585
2553363,FFF,2013B,0.15,0.06818181818181818,0.09374999999999999
2553890,BBB,2013J,0.1,0.2857142857142857,0.14814814814814817
2554552,FFF,2014B,0.3,0.14285714285714285,0.19354838709677416
2554973,DDD,2013J,0.35,0.175,0.23333333333333334
2555225,FFF,2013J,0.2,0.12903225806451613,0.1568627450980392
2555340,AAA,2013J,0.55,0.7333333333333333,0.6285714285714286
2555596,DDD,2013J,0.1,0.07692307692307693,0.08695652173913043
2556060,CCC,2014B,0.15,0.1,0.12
2556345,DDD,2013J,0.1,0.4,0.16000000000000003
2557008,FFF,2014J,0.15,0.09375,0.11538461538461538
2557283,AAA,2013J,0.6,0.6,0.6
2557563,CCC,2014J,0.0,0.0,0.0
2558071,CCC,2014J,0.35,0.1891891891891892,0.24561403508771934
2558365,FFF,2014J,0.0,0.0,0.0
2558463,DDD,2014B,0.45,0.17647058823529413,0.25352112676056343
2559144,CCC,2014J,0.05,0.030303030303030304,0.03773584905660378
2559144,FFF,2014J,0.65,0.18571428571428572,0.28888888888888886
2559575,AAA,2013J,0.3,0.46153846153846156,0.3636363636363637
2560520,DDD,2014J,0.15,0.09375,0.11538461538461538
2560595,FFF,2013B,0.25,0.15625,0.19230769230769232
2560868,DDD,2013J,0.05,0.05263157894736842,0.05128205128205128
2561313,FFF,2014B,0.15,0.13043478260869565,0.13953488372093023
2561811,DDD,2013J,0.15,0.25,0.18749999999999997
2561811,DDD,2014J,0.15,0.1111111111111111,0.12765957446808512
2561862,FFF,2014B,0.35,0.13725490196078433,0.1971830985915493
2561971,GGG,2013J,0.55,0.4583333333333333,0.5
2562034,AAA,2013J,0.0,0.0,0.0
2563095,FFF,2014J,0.3,0.10526315789473684,0.1558441558441558
2563715,GGG,2014B,0.25,0.21739130434782608,0.23255813953488372
2564333,EEE,2013J,0.2,0.36363636363636365,0.25806451612903225
2564619,FFF,2014B,0.05,0.045454545454545456,0.04761904761904762
2564711,CCC,2014B,0.1,0.11764705882352941,0.1081081081081081
2564744,BBB,2013J,0.1,0.6666666666666666,0.1739130434782609
2566163,AAA,2013J,0.4,0.5,0.4444444444444445
2566592,AAA,2013J,0.35,0.3888888888888889,0.36842105263157887
2567038,CCC,2014B,0.05,0.07142857142857142,0.058823529411764705
2567038,EEE,2014B,0.0,0.0,0.0
2567054,FFF,2013B,0.25,0.1388888888888889,0.17857142857142858
2567158,BBB,2013J,0.0,0.0,0.0
2567561,FFF,2013B,0.15,0.16666666666666666,0.15789473684210525
2567571,FFF,2013J,0.5,0.18518518518518517,0.2702702702702703
2567715,BBB,2014J,0.2,0.4444444444444444,0.2758620689655173
2568059,BBB,2014B,0.1,0.14285714285714285,0.11764705882352941
2569051,DDD,2013J,0.05,0.1,0.06666666666666667
2569163,BBB,2013B,0.1,0.4,0.16000000000000003
2569324,AAA,2014J,0.05,0.1,0.06666666666666667
2569416,DDD,2013J,0.1,0.08,0.08888888888888889
2569834,EEE,2013J,0.05,0.2,0.08000000000000002
2569942,FFF,2014B,0.35,0.22580645161290322,0.2745098039215686
2570092,BBB,2014B,0.1,0.2,0.13333333333333333
2570253,DDD,2013J,0.15,0.08333333333333333,0.10714285714285714
2570274,DDD,2014J,0.0,0.0,0.0
2570396,BBB,2014J,0.35,0.4117647058823529,0.37837837837837834
2570929,FFF,2014B,0.35,0.16279069767441862,0.22222222222222227
2571054,BBB,2014B,0.05,0.08333333333333333,0.0625
2571497,DDD,2013B,0.2,0.15384615384615385,0.17391304347826086
2572441,FFF,2013J,0.2,0.17391304347826086,0.18604651162790697
2574365,BBB,2014B,0.1,0.25,0.14285714285714288
2574528,AAA,2013J,0.2,0.17391304347826086,0.18604651162790697
2574583,AAA,2013J,0.45,1.0,0.6206896551724138
2574909,EEE,2013J,0.05,0.07692307692307693,0.060606060606060615
2574990,AAA,2014J,0.15,0.3,0.2
2575119,FFF,2014B,0.15,0.6,0.24
2575914,BBB,2013B,0.0,0.0,0.0
2575914,BBB,2014B,0.05,0.125,0.07142857142857144
2575994,BBB,2013J,0.25,0.4166666666666667,0.3125
2576637,BBB,2014J,0.45,0.45,0.45
2577893,EEE,2014B,0.45,0.6428571428571429,0.5294117647058824
2578532,BBB,2014J,0.2,0.5,0.28571428571428575
2578676,AAA,2014J,0.3,0.5454545454545454,0.3870967741935483
2578802,BBB,2013J,0.1,0.14285714285714285,0.11764705882352941
2578992,FFF,2013B,0.2,0.18181818181818182,0.1904761904761905
2578995,AAA,2013J,0.2,0.4444444444444444,0.2758620689655173
2578996,FFF,2013B,0.05,0.05,0.05000000000000001
2579401,FFF,2013J,0.2,0.12121212121212122,0.15094339622641512
2579459,BBB,2013B,0.15,0.23076923076923078,0.18181818181818185
2579673,BBB,2013J,0.05,1.0,0.09523809523809523
2579891,FFF,2014J,0.2,0.09090909090909091,0.12500000000000003
2580196,FFF,2013J,0.05,0.3333333333333333,0.08695652173913045
2580439,BBB,2013B,0.2,0.3076923076923077,0.24242424242424246
2580545,FFF,2013J,0.3,0.13953488372093023,0.1904761904761905
2580626,BBB,2014J,0.3,0.3157894736842105,0.3076923076923077
2581477,AAA,2014J,0.45,0.3333333333333333,0.3829787234042553
2581528,BBB,2013B,0.1,0.08695652173913043,0.09302325581395349
2581536,FFF,2014B,0.3,0.1935483870967742,0.23529411764705882
2581603,CCC,2014B,0.05,0.125,0.07142857142857144
2581654,FFF,2014B,0.05,0.045454545454545456,0.04761904761904762
2581779,DDD,2013J,0.1,0.0425531914893617,0.05970149253731343
2581822,DDD,2013B,0.1,0.4,0.16000000000000003
2581822,DDD,2013J,0.25,0.18518518518518517,0.2127659574468085
2583791,BBB,2013J,0.25,0.2,0.22222222222222224
2584244,FFF,2014J,0.35,0.21212121212121213,0.26415094339622636
2584834,BBB,2013J,0.05,0.1,0.06666666666666667
2584873,AAA,2014J,0.3,0.35294117647058826,0.3243243243243243
2585270,DDD,2013J,0.1,0.045454545454545456,0.06250000000000001
2585285,DDD,2013B,0.15,0.08823529411764706,0.11111111111111112
2585330,FFF,2014B,0.2,0.125,0.15384615384615385
2585937,BBB,2013J,0.15,0.3,0.2
2586560,AAA,2013J,0.3,0.46153846153846156,0.3636363636363637
2587329,BBB,2013J,0.0,0.0,0.0
2588201,CCC,2014B,0.0,0.0,0.0
2588201,EEE,2013J,0.5,0.9090909090909091,0.6451612903225806
2588215,DDD,2014B,0.05,1.0,0.09523809523809523
2588543,DDD,2014B,0.1,0.07407407407407407,0.0851063829787234
2588655,DDD,2014J,0.0,0.0,0.0
2588742,BBB,2013J,0.05,0.14285714285714285,0.07407407407407408
2589352,FFF,2014B,0.15,0.06666666666666667,0.09230769230769231
2590189,EEE,2013J,0.25,0.625,0.35714285714285715
2590564,BBB,2014B,0.25,0.19230769230769232,0.2173913043478261
2590864,DDD,2014J,0.15,0.15,0.15
2590999,FFF,2013B,0.05,0.07692307692307693,0.060606060606060615
2591421,BBB,2013B,0.05,1.0,0.09523809523809523
2591421,BBB,2013J,0.1,0.09090909090909091,0.09523809523809525
2591974,BBB,2014B,0.05,0.2,0.08000000000000002
2592923,BBB,2014B,0.1,1.0,0.18181818181818182
2592973,EEE,2014J,0.2,0.4,0.26666666666666666
2593689,CCC,2014J,0.05,0.16666666666666666,0.07692307692307691
2593755,CCC,2014J,0.15,0.21428571428571427,0.1764705882352941
2593920,CCC,2014J,0.0,0.0,0.0
2594139,AAA,2013J,0.35,0.6363636363636364,0.45161290322580644
2594368,BBB,2014J,0.05,0.058823529411764705,0.05405405405405405
2594888,DDD,2013B,0.1,0.1,0.10000000000000002
2595204,CCC,2014J,0.2,0.26666666666666666,0.2285714285714286
2595457,DDD,2014J,0.05,1.0,0.09523809523809523
2595641,FFF,2013J,0.1,0.13333333333333333,0.1142857142857143
2595665,EEE,2014B,0.1,0.5,0.16666666666666669
2595730,DDD,2014J,0.3,0.16216216216216217,0.2105263157894737
2595841,AAA,2014J,0.2,0.2857142857142857,0.23529411764705882
2596553,CCC,2014J,0.0,0.0,0.0
2596621,AAA,2014J,0.55,0.7333333333333333,0.6285714285714286
2596621,FFF,2013J,0.4,0.13333333333333333,0.2
2597117,FFF,2014J,0.3,0.09836065573770492,0.14814814814814814
2597543,BBB,2014B,0.0,0.0,0.0
2598509,EEE,2013J,0.05,0.25,0.08333333333333334
2598871,AAA,2013J,0.5,0.6666666666666666,0.5714285714285715
2598961,CCC,2014J,0.3,0.17647058823529413,0.22222222222222224
2598961,EEE,2013J,0.55,0.6470588235294118,0.5945945945945946
2599179,EEE,2014J,0.5,0.7142857142857143,0.588235294117647
2599352,AAA,2013J,0.55,0.44,0.48888888888888893
2599784,BBB,2014J,0.3,0.23076923076923078,0.2608695652173913
2599817,GGG,2013J,0.2,0.21052631578947367,0.20512820512820512
2599883,CCC,2014J,0.05,0.041666666666666664,0.04545454545454545
2599883,FFF,2014J,0.15,0.15789473684210525,0.15384615384615385
2600688,AAA,2013J,0.2,0.2857142857142857,0.23529411764705882
2600862,EEE,2014B,0.2,0.8,0.32000000000000006
2600887,FFF,2013B,0.65,0.22033898305084745,0.3291139240506329
2601889,AAA,2014J,0.2,0.5714285714285714,0.29629629629629634
2602235,DDD,2013J,0.15,0.2727272727272727,0.19354838709677416
2602264,CCC,2014B,0.0,0.0,0.0
2602264,FFF,2013J,0.25,0.1282051282051282,0.1694915254237288
2602338,AAA,2014J,0.15,0.75,0.24999999999999997
2602486,DDD,2013B,0.1,0.07407407407407407,0.0851063829787234
2602542,FFF,2014J,0.2,0.13333333333333333,0.16
2602679,BBB,2014B,0.1,0.3333333333333333,0.15384615384615383
2602809,BBB,2013B,0.1,0.16666666666666666,0.125
2603027,FFF,2014J,0.3,0.15,0.2
2603195,CCC,2014B,0.0,0.0,0.0
2603195,EEE,2014B,0.15,0.75,0.24999999999999997
2604212,FFF,2013B,0.1,0.04,0.05714285714285714
2604856,EEE,2013J,0.35,0.7777777777777778,0.48275862068965514
2604975,FFF,2014B,0.1,0.06666666666666667,0.08
2605337,DDD,2014J,0.1,0.07407407407407407,0.0851063829787234
2606098,AAA,2013J,0.25,0.25,0.25
2606636,FFF,2014B,0.1,0.05128205128205128,0.06779661016949151
2606765,GGG,2014J,0.15,0.25,0.18749999999999997
2606802,AAA,2014J,0.15,0.3,0.2
2606871,DDD,2013J,0.0,0.0,0.0
2606890,FFF,2014B,0.2,0.07547169811320754,0.10958904109589042
2607641,BBB,2013J,0.15,0.2727272727272727,0.19354838709677416
2607824,EEE,2013J,0.55,0.7857142857142857,0.6470588235294117
2607849,CCC,2014B,0.4,0.22857142857142856,0.2909090909090909
2608235,BBB,2013B,0.25,0.23809523809523808,0.24390243902439024
2608453,BBB,2013B,0.3,0.42857142857142855,0.3529411764705882
2608626,DDD,2014B,0.1,0.047619047619047616,0.06451612903225806
2608828,EEE,2013J,0.4,0.5714285714285714,0.47058823529411764
2609069,CCC,2014J,0.0,0.0,0.0
2609908,CCC,2014B,0.0,0.0,0.0
2609908,DDD,2014B,0.0,0.0,0.0
2610745,BBB,2014J,0.2,0.4444444444444444,0.2758620689655173
2611371,DDD,2014B,0.2,0.23529411764705882,0.2162162162162162
2611512,BBB,2014J,0.05,0.2,0.08000000000000002
2611779,DDD,2013B,0.0,0.0,0.0
2612069,DDD,2014J,0.1,0.25,0.14285714285714288
2612102,FFF,2014J,0.45,0.15254237288135594,0.22784810126582278
2612342,DDD,2014J,0.1,0.15384615384615385,0.12121212121212123
2612483,BBB,2013B,0.15,0.17647058823529413,0.16216216216216214
2612561,DDD,2013J,0.15,0.07317073170731707,0.09836065573770492
2613116,AAA,2013J,0.4,0.5,0.4444444444444445
2613219,EEE,2014B,0.0,0.0,0.0
2613296,DDD,2013J,0.15,0.13636363636363635,0.14285714285714282
2613331,CCC,2014B,0.35,0.3684210526315789,0.358974358974359
2613746,FFF,2013J,0.35,0.2,0.2545454545454545
2613930,FFF,2013B,0.15,0.07317073170731707,0.09836065573770492
2614093,CCC,2014J,0.15,0.2727272727272727,0.19354838709677416
2614277,FFF,2013J,0.1,0.15384615384615385,0.12121212121212123
2614777,BBB,2014J,0.4,0.4444444444444444,0.4210526315789474
2615169,DDD,2014J,0.2,0.2,0.20000000000000004
2615849,EEE,2013J,0.35,0.7777777777777778,0.48275862068965514
2615892,DDD,2013B,0.65,0.17333333333333334,0.2736842105263158
2615956,DDD,2014J,0.1,0.18181818181818182,0.12903225806451613
2616787,BBB,2013B,0.15,0.14285714285714285,0.14634146341463414
2616950,CCC,2014B,0.0,0.0,0.0
2616950,EEE,2013J,0.4,0.8,0.5333333333333333
2616978,FFF,2014B,0.45,0.24324324324324326,0.3157894736842105
2617002,AAA,2013J,0.45,0.34615384615384615,0.3913043478260869
2617541,FFF,2013B,0.35,0.175,0.23333333333333334
2617596,BBB,2013B,0.2,0.11764705882352941,0.14814814814814817
2617635,EEE,2013J,0.15,0.375,0.21428571428571425
2617839,BBB,2013J,0.15,0.3,0.2
2617999,BBB,2013B,0.1,0.16666666666666666,0.125
2619025,CCC,2014J,0.2,0.08163265306122448,0.11594202898550723
2619025,EEE,2013J,0.3,0.75,0.4285714285714285
2619107,BBB,2013J,0.2,0.2,0.20000000000000004
2619496,DDD,2014B,0.0,0.0,0.0
2620178,BBB,2013B,0.05,0.16666666666666666,0.07692307692307691
2620661,CCC,2014J,0.0,0.0,0.0
2620661,EEE,2014B,0.25,0.45454545454545453,0.3225806451612903
2620930,FFF,2014B,0.5,0.2564102564102564,0.3389830508474576
2620947,GGG,2014J,0.4,0.32,0.35555555555555557
2621695,GGG,2013J,0.2,0.3333333333333333,0.25
2621734,FFF,2013J,0.6,0.375,0.4615384615384615
2622441,CCC,2014J,0.25,0.11627906976744186,0.15873015873015872
2622441,DDD,2014J,0.15,0.16666666666666666,0.15789473684210525
2622465,BBB,2013B,0.15,0.125,0.13636363636363635
2622627,EEE,2014J,0.0,0.0,0.0
2622652,BBB,2014J,0.5,0.3448275862068966,0.40816326530612246
2623196,FFF,2013B,0.55,0.19298245614035087,0.2857142857142857
2623263,CCC,2014B,0.15,0.15789473684210525,0.15384615384615385
2623263,EEE,2013J,0.2,0.8,0.32000000000000006
2623427,FFF,2013B,0.1,0.038461538461538464,0.05555555555555555
2623496,FFF,2013J,0.0,0.0,0.0
2623656,BBB,2014J,0.2,0.17391304347826086,0.18604651162790697
2624028,FFF,2014J,0.2,0.14814814814814814,0.1702127659574468
2624040,DDD,2013J,0.0,0.0,0.0
2624720,DDD,2013B,0.0,0.0,0.0
2624961,AAA,2014J,0.05,0.16666666666666666,0.07692307692307691
2625693,EEE,2013J,0.4,0.6666666666666666,0.5
2626179,DDD,2013B,0.1,0.13333333333333333,0.1142857142857143
2626779,EEE,2014J,0.25,0.5555555555555556,0.3448275862068966
2627449,DDD,2013J,0.2,0.1,0.13333333333333333
2627992,EEE,2014J,0.45,0.45,0.45
2631298,BBB,2014J,0.05,1.0,0.09523809523809523
2631703,CCC,2014B,0.05,0.07692307692307693,0.060606060606060615
2632165,EEE,2014B,0.1,0.2222222222222222,0.13793103448275865
2633226,AAA,2014J,0.5,0.47619047619047616,0.4878048780487805
2633235,DDD,2013B,0.05,0.027777777777777776,0.03571428571428571
2634319,BBB,2014J,0.25,0.25,0.25
2634868,FFF,2013J,0.4,0.15384615384615385,0.2222222222222222
2635163,DDD,2013J,0.0,0.0,0.0
2635505,BBB,2013B,0.0,0.0,0.0
2635829,BBB,2013B,0.0,0.0,0.0
2636225,DDD,2013B,0.1,0.1111111111111111,0.10526315789473685
2636696,BBB,2014B,0.05,0.3333333333333333,0.08695652173913045
2636885,DDD,2013J,0.2,0.12121212121212122,0.15094339622641512
2637000,EEE,2014J,0.1,1.0,0.18181818181818182
2637219,DDD,2014B,0.1,0.08333333333333333,0.0909090909090909
2637912,CCC,2014J,0.0,0.0,0.0
2638377,BBB,2013J,0.0,0.0,0.0
2638403,BBB,2014J,0.15,0.2,0.17142857142857143
2638532,GGG,2013J,0.25,0.38461538461538464,0.30303030303030304
2638818,BBB,2013J,0.0,0.0,0.0
2639115,EEE,2014J,0.4,0.6666666666666666,0.5
2639310,CCC,2014B,0.15,0.12,0.1333333333333333
2639310,DDD,2013J,0.0,0.0,0.0
2639319,FFF,2013J,0.35,0.21212121212121213,0.26415094339622636
2639449,AAA,2013J,0.35,0.35,0.35
2639451,DDD,2013B,0.15,0.15789473684210525,0.15384615384615385
2639540,AAA,2013J,0.25,0.25,0.25
2639611,BBB,2013B,0.05,0.045454545454545456,0.04761904761904762
2639641,AAA,2013J,0.3,0.5,0.37499999999999994
2640992,DDD,2013B,0.15,0.42857142857142855,0.2222222222222222
2641155,AAA,2013J,0.45,0.6,0.5142857142857143
2641156,FFF,2014J,0.2,0.12903225806451613,0.1568627450980392
2641254,EEE,2013J,0.3,0.75,0.4285714285714285
2641364,EEE,2013J,0.3,0.46153846153846156,0.3636363636363637
2641393,BBB,2013B,0.1,0.09523809523809523,0.0975609756097561
2641486,CCC,2014B,0.05,0.2,0.08000000000000002
2641657,BBB,2014B,0.0,0.0,0.0
2641682,BBB,2014B,0.05,0.09090909090909091,0.06451612903225806
2641935,DDD,2014J,0.1,0.06896551724137931,0.08163265306122448
2642029,BBB,2013B,0.0,0.0,0.0
2642532,FFF,2014J,0.1,0.08,0.08888888888888889
2642616,AAA,2014J,0.35,0.4666666666666667,0.4
2642697,EEE,2014B,0.3,0.6666666666666666,0.41379310344827586
2642717,BBB,2013J,0.05,0.125,0.07142857142857144
2642830,DDD,2013B,0.05,0.037037037037037035,0.0425531914893617
2642935,AAA,2014J,0.65,0.7222222222222222,0.6842105263157895
2643002,AAA,2013J,0.65,0.4642857142857143,0.5416666666666667
2643007,BBB,2014B,0.3,0.10714285714285714,0.15789473684210525
2643028,DDD,2014B,0.2,0.13333333333333333,0.16
2643122,GGG,2013J,0.1,0.14285714285714285,0.11764705882352941
2643472,FFF,2014J,0.25,0.1388888888888889,0.17857142857142858
2643555,DDD,2013J,0.25,0.16129032258064516,0.19607843137254902
2643574,FFF,2013B,0.15,0.07142857142857142,0.09677419354838708
2643777,DDD,2013B,0.1,0.10526315789473684,0.10256410256410256
2644404,CCC,2014B,0.3,0.375,0.33333333333333326
2644404,EEE,2014J,0.2,0.4444444444444444,0.2758620689655173
2645061,BBB,2013B,0.15,0.17647058823529413,0.16216216216216214
2645731,GGG,2014J,0.55,0.44,0.48888888888888893
2645733,AAA,2013J,0.6,0.4444444444444444,0.5106382978723405
2646291,DDD,2013J,0.2,0.13333333333333333,0.16
2646317,FFF,2013B,0.7,0.10852713178294573,0.18791946308724833
2646737,DDD,2014J,0.0,0.0,0.0
2647043,FFF,2013B,0.2,0.2222222222222222,0.2105263157894737
2647226,DDD,2013B,0.25,0.10869565217391304,0.15151515151515152
2647314,EEE,2014B,0.4,0.6153846153846154,0.4848484848484849
2647893,CCC,2014J,0.15,0.06976744186046512,0.09523809523809525
2648035,DDD,2014B,0.2,0.16666666666666666,0.1818181818181818
2648187,GGG,2014J,0.2,0.3333333333333333,0.25
2648611,AAA,2014J,0.4,0.8,0.5333333333333333
2649800,AAA,2014J,0.4,0.5333333333333333,0.4571428571428572
2649826,AAA,2013J,0.4,0.6153846153846154,0.4848484848484849
2649914,GGG,2014B,0.4,0.5,0.4444444444444445
2649947,BBB,2013B,0.05,0.06666666666666667,0.05714285714285715
2649948,FFF,2014J,0.5,0.2631578947368421,0.3448275862068966
2650282,AAA,2013J,0.2,0.3076923076923077,0.24242424242424246
2650337,DDD,2014J,0.1,0.15384615384615385,0.12121212121212123
2650555,FFF,2013J,0.0,0.0,0.0
2650741,CCC,2014J,0.1,0.14285714285714285,0.11764705882352941
2650741,DDD,2013J,0.15,0.15789473684210525,0.15384615384615385
2652209,BBB,2014B,0.25,0.35714285714285715,0.2941176470588235
2654302,BBB,2013B,0.05,0.1,0.06666666666666667
2654409,FFF,2013B,0.35,0.1111111111111111,0.1686746987951807
2654628,AAA,2014J,0.15,0.3333333333333333,0.20689655172413793
2654928,EEE,2014J,0.4,0.6666666666666666,0.5
2655370,FFF,2013J,0.25,0.14285714285714285,0.18181818181818182
2655683,DDD,2013B,0.0,0.0,0.0
2655763,CCC,2014J,0.0,0.0,0.0
2656100,GGG,2013J,0.15,0.17647058823529413,0.16216216216216214
2657781,FFF,2013B,0.65,0.19402985074626866,0.29885057471264365
2657913,FFF,2014J,0.05,0.05263157894736842,0.05128205128205128
2657915,EEE,2013J,0.35,0.7,0.4666666666666667
2658277,GGG,2014B,0.15,0.42857142857142855,0.2222222222222222
2658314,CCC,2014J,0.15,0.15789473684210525,0.15384615384615385
2658856,FFF,2014J,0.15,0.09090909090909091,0.11320754716981132
2658898,DDD,2013J,0.15,0.09375,0.11538461538461538
2659042,BBB,2014B,0.1,0.13333333333333333,0.1142857142857143
2659530,DDD,2014B,0.0,0.0,0.0
2659556,CCC,2014B,0.05,0.3333333333333333,0.08695652173913045
2659650,FFF,2014B,0.0,0.0,0.0
2660408,DDD,2014B,0.05,0.043478260869565216,0.046511627906976744
2660510,BBB,2014J,0.0,0.0,0.0
2661162,DDD,2014B,0.05,0.037037037037037035,0.0425531914893617
2661827,FFF,2014B,0.35,0.25925925925925924,0.29787234042553196
2661870,DDD,2013B,0.0,0.0,0.0
2662152,DDD,2014J,0.05,0.03333333333333333,0.04
2662178,DDD,2013J,0.15,0.08571428571428572,0.10909090909090909
2663010,DDD,2013J,0.15,0.17647058823529413,0.16216216216216214
2663131,FFF,2013J,0.15,0.15,0.15
2663195,EEE,2014J,0.05,0.25,0.08333333333333334
2664024,AAA,2013J,0.1,0.2,0.13333333333333333
2665399,CCC,2014B,0.0,0.0,0.0
2666213,FFF,2014B,0.25,0.16129032258064516,0.19607843137254902
2666246,AAA,2013J,0.25,0.3125,0.2777777777777778
2666577,DDD,2013B,0.15,0.10344827586206896,0.12244897959183673
2666831,FFF,2014B,0.2,0.11764705882352941,0.14814814814814817
2667478,FFF,2014J,0.1,0.14285714285714285,0.11764705882352941
2668106,CCC,2014J,0.35,0.28,0.3111111111111111
2668945,DDD,2013J,0.0,0.0,0.0
2668945,DDD,2014J,0.05,0.07692307692307693,0.060606060606060615
2669206,DDD,2013B,0.15,0.0967741935483871,0.11764705882352941
2669736,DDD,2014B,0.3,0.14285714285714285,0.19354838709677416
2669816,AAA,2013J,0.1,0.2222222222222222,0.13793103448275865
2669995,DDD,2014B,0.2,0.12903225806451613,0.1568627450980392
2670300,BBB,2014J,0.25,0.3333333333333333,0.28571428571428575
2670570,GGG,2013J,0.25,0.29411764705882354,0.27027027027027023
2671132,AAA,2013J,0.3,0.5454545454545454,0.3870967741935483
2671469,DDD,2013J,0.0,0.0,0.0
2672138,GGG,2014B,0.35,0.3684210526315789,0.358974358974359
2672686,DDD,2013B,0.65,0.29545454545454547,0.40625
2674773,FFF,2014B,0.25,0.125,0.16666666666666666
2675343,DDD,2014B,0.0,0.0,0.0
2676920,FFF,2013B,0.15,0.08571428571428572,0.10909090909090909
2677097,DDD,2013J,0.25,0.1388888888888889,0.17857142857142858
2677135,GGG,2014B,0.2,0.26666666666666666,0.2285714285714286
2677210,DDD,2014J,0.2,0.11428571428571428,0.14545454545454545
2677541,BBB,2014B,0.1,0.5,0.16666666666666669
2677541,BBB,2014J,0.3,0.3,0.3
2677624,AAA,2014J,0.6,0.75,0.6666666666666665
2677955,DDD,2013B,0.0,0.0,0.0
2678380,DDD,2014J,0.1,0.125,0.11111111111111112
2678429,FFF,2013B,0.15,0.13636363636363635,0.14285714285714282
2678643,AAA,2013J,0.5,0.5,0.5
2679386,GGG,2013J,0.15,0.17647058823529413,0.16216216216216214
2680312,AAA,2014J,0.4,0.5333333333333333,0.4571428571428572
2680344,BBB,2013J,0.15,0.15789473684210525,0.15384615384615385
2680380,FFF,2013J,0.4,0.2857142857142857,0.3333333333333333
2680742,CCC,2014B,0.0,0.0,0.0
2680885,BBB,2013J,0.15,0.75,0.24999999999999997
2680988,DDD,2014J,0.05,0.5,0.09090909090909091
2681198,DDD,2013J,0.0,0.0,0.0
2681198,FFF,2014J,0.35,0.2413793103448276,0.2857142857142857
2681270,FFF,2014B,0.15,0.06666666666666667,0.09230769230769231
2681471,DDD,2013J,0.05,1.0,0.09523809523809523
2681783,BBB,2014B,0.1,0.13333333333333333,0.1142857142857143
2681940,BBB,2014J,0.2,0.2857142857142857,0.23529411764705882
2682002,GGG,2014B,0.6,0.5714285714285714,0.5853658536585366
2682682,FFF,2014J,0.3,0.16666666666666666,0.21428571428571427
2683836,DDD,2013B,0.1,0.09090909090909091,0.09523809523809525
2683857,FFF,2014J,0.2,0.10810810810810811,0.14035087719298245
2684003,GGG,2014J,0.25,0.5555555555555556,0.3448275862068966
2684043,DDD,2014J,0.1,0.1111111111111111,0.10526315789473685
2684847,DDD,2014B,0.05,0.09090909090909091,0.06451612903225806
2684993,FFF,2013B,0.2,0.23529411764705882,0.2162162162162162
2685247,BBB,2014J,0.15,0.42857142857142855,0.2222222222222222
2685827,DDD,2014B,0.15,0.09375,0.11538461538461538
2685831,BBB,2013B,0.1,0.14285714285714285,0.11764705882352941
2685863,DDD,2014J,0.15,0.06,0.08571428571428572
2685865,AAA,2013J,0.5,0.625,0.5555555555555556
2686035,FFF,2014J,0.15,0.3,0.2
2686053,EEE,2014J,0.4,0.8,0.5333333333333333
2686074,FFF,2013B,0.2,0.11428571428571428,0.14545454545454545
2686536,FFF,2013J,0.2,0.17391304347826086,0.18604651162790697
2686578,CCC,2014B,0.35,0.25925925925925924,0.29787234042553196
2686578,DDD,2013J,0.15,0.06818181818181818,0.09374999999999999
2686609,FFF,2013J,0.1,0.06666666666666667,0.08
2686712,CCC,2014J,0.0,0.0,0.0
2686712,EEE,2014J,0.05,1.0,0.09523809523809523
2686865,DDD,2014B,0.05,0.05555555555555555,0.052631578947368425
2686875,FFF,2013B,0.3,0.2222222222222222,0.25531914893617025
2687378,BBB,2014B,0.05,0.05263157894736842,0.05128205128205128
2687858,BBB,2014J,0.35,0.3684210526315789,0.358974358974359
2687989,FFF,2013J,0.15,0.13043478260869565,0.13953488372093023
2688067,AAA,2013J,0.1,0.125,0.11111111111111112
2688166,AAA,2014J,0.0,0.0,0.0
2688495,BBB,2014J,0.45,0.375,0.4090909090909091
2688692,DDD,2014B,0.15,0.15789473684210525,0.15384615384615385
2688945,BBB,2014J,0.15,0.23076923076923078,0.18181818181818185
2689210,FFF,2014B,0.25,0.15625,0.19230769230769232
2689480,GGG,2014B,0.25,0.2631578947368421,0.25641025641025644
2689536,DDD,2013B,0.0,0.0,0.0
2689863,DDD,2014J,0.0,0.0,0.0
2689958,AAA,2013J,0.45,0.36,0.39999999999999997
2691100,BBB,2013J,0.15,0.15,0.15
2691206,AAA,2013J,0.45,0.5,0.4736842105263158
2691244,AAA,2013J,0.0,0.0,0.0
2691267,CCC,2014J,0.25,0.16666666666666666,0.2
2691566,BBB,2013J,0.25,0.5555555555555556,0.3448275862068966
2691740,FFF,2013B,0.1,0.125,0.11111111111111112
2691861,CCC,2014J,0.0,0.0,0.0
2692186,DDD,2013J,0.1,0.15384615384615385,0.12121212121212123
2692327,CCC,2014B,0.1,0.10526315789473684,0.10256410256410256
2692384,BBB,2013B,0.05,0.3333333333333333,0.08695652173913045
2692514,AAA,2014J,0.1,0.3333333333333333,0.15384615384615383
2692577,DDD,2014B,0.05,0.05263157894736842,0.05128205128205128
2692948,DDD,2014B,0.25,0.13513513513513514,0.1754385964912281
2692969,BBB,2014J,0.1,0.10526315789473684,0.10256410256410256
2693243,DDD,2013B,0.5,0.18867924528301888,0.27397260273972607
2693932,FFF,2014J,0.1,0.125,0.11111111111111112
2694424,AAA,2013J,0.25,0.38461538461538464,0.30303030303030304
2694886,DDD,2014B,0.2,0.11428571428571428,0.14545454545454545
2694919,BBB,2014J,0.05,0.1111111111111111,0.06896551724137932
2694933,DDD,2013B,0.1,0.05263157894736842,0.06896551724137931
2695362,GGG,2014B,0.1,0.2,0.13333333333333333
2695608,DDD,2013J,0.15,0.06382978723404255,0.08955223880597013
2696376,DDD,2014B,0.05,0.125,0.07142857142857144
2697181,CCC,2014B,0.0,0.0,0.0
2697630,FFF,2014B,0.35,0.2916666666666667,0.31818181818181823
2697885,FFF,2014B,0.05,0.041666666666666664,0.04545454545454545
2697921,FFF,2013J,0.15,0.12,0.1333333333333333
2697921,FFF,2014J,0.2,0.16,0.17777777777777778
2698125,FFF,2013J,0.25,0.2631578947368421,0.25641025641025644
2698251,DDD,2014B,0.35,0.21875,0.2692307692307692
2698257,AAA,2013J,0.3,0.4,0.34285714285714286
2698535,EEE,2013J,0.0,0.0,0.0
2698577,BBB,2014J,0.2,0.3333333333333333,0.25
2698588,BBB,2014J,0.25,0.3125,0.2777777777777778
