id_student,code_module,code_presentation,precision,recall
6516,AAA,2014J,0.5,0.2857142857142857
8462,DDD,2013J,0.05,0.2
11391,AAA,2013J,0.2,0.2222222222222222
23698,CCC,2014J,0.2,0.17391304347826086
23798,BBB,2013J,0.35,0.25
24186,GGG,2014B,0.0,0.0
24213,DDD,2014B,0.5,0.1388888888888889
24391,GGG,2013J,0.1,0.07407407407407407
24734,AAA,2014J,0.35,0.30434782608695654
25107,BBB,2013B,0.3,0.23076923076923078
25150,EEE,2014B,0.4,0.4
26023,GGG,2013J,0.1,0.07407407407407407
26192,AAA,2014J,0.6,0.46153846153846156
26211,FFF,2014B,0.85,0.1297709923664122
26315,BBB,2014J,0.5,0.22727272727272727
26734,BBB,2014J,0.0,0.0
27116,CCC,2014J,0.05,0.022222222222222223
27189,FFF,2014B,0.2,0.1
27417,DDD,2013J,0.1,0.15384615384615385
27417,DDD,2014J,0.0,0.0
27683,FFF,2014B,0.05,0.015384615384615385
27759,BBB,2013J,0.0,0.0
27780,EEE,2014B,0.3,0.375
27891,BBB,2013B,0.05,0.3333333333333333
27935,DDD,2013J,0.15,0.125
28046,DDD,2013J,0.15,0.06666666666666667
28061,AAA,2014J,0.5,0.37037037037037035
28400,AAA,2013J,0.65,0.3333333333333333
28418,CCC,2014B,0.0,0.0
28787,CCC,2014J,0.05,0.043478260869565216
28897,FFF,2014B,0.4,0.08333333333333333
29144,BBB,2013B,0.45,0.12
29335,FFF,2013J,0.5,0.10204081632653061
29411,DDD,2013J,0.2,0.056338028169014086
29420,CCC,2014J,0.15,0.075
29639,CCC,2014J,0.0,0.0
29639,EEE,2014B,0.55,0.4782608695652174
29764,CCC,2014B,0.35,0.18421052631578946
29769,FFF,2013J,0.0,0.0
29820,CCC,2014B,0.25,0.14285714285714285
29820,EEE,2014B,0.0,0.0
29985,GGG,2014B,0.05,0.03225806451612903
30091,BBB,2013J,0.0,0.0
30096,CCC,2014J,0.4,0.2857142857142857
30531,FFF,2014B,0.05,0.2
30549,DDD,2013J,0.05,0.25
30850,CCC,2014J,0.05,0.03125
31107,GGG,2014B,0.0,0.0
31161,CCC,2014J,0.0,0.0
31173,DDD,2013J,0.15,0.08571428571428572
31205,GGG,2014J,0.0,0.0
31296,FFF,2014J,0.25,0.1282051282051282
31600,AAA,2014J,0.1,0.4
31604,AAA,2013J,0.6,0.3333333333333333
31663,BBB,2013B,0.2,0.10810810810810811
31849,BBB,2013J,0.0,0.0
32221,FFF,2013J,0.0,0.0
32239,GGG,2013J,0.1,0.06666666666666667
32327,BBB,2014J,0.15,0.2727272727272727
32885,AAA,2013J,0.3,0.2608695652173913
32930,BBB,2014J,0.2,0.15384615384615385
33387,DDD,2013J,0.0,0.0
33666,BBB,2013B,0.05,0.14285714285714285
33681,DDD,2013J,0.2,0.14285714285714285
33796,DDD,2014J,0.05,0.038461538461538464
33915,FFF,2013B,0.3,0.07058823529411765
33930,DDD,2013J,0.15,0.11538461538461539
34087,DDD,2013J,0.0,0.0
34087,DDD,2014J,0.0,0.0
34229,BBB,2013B,0.05,0.08333333333333333
34353,BBB,2013B,0.0,0.0
34653,DDD,2013J,0.05,0.25
34662,BBB,2014J,0.1,0.25
34863,BBB,2013B,0.05,0.16666666666666666
35001,GGG,2013J,0.05,0.16666666666666666
35340,EEE,2014B,0.45,0.5
35355,CCC,2014J,0.0,0.0
35355,EEE,2013J,0.7,0.4666666666666667
35508,CCC,2014J,0.0,0.0
35508,EEE,2014B,0.0,0.0
35544,FFF,2013B,0.15,0.030303030303030304
35860,FFF,2013B,0.1,0.024691358024691357
36347,FFF,2014B,0.2,0.08888888888888889
37298,FFF,2013B,0.2,0.05555555555555555
37622,BBB,2013J,0.05,0.04
37652,CCC,2014J,0.05,0.05263157894736842
38053,AAA,2013J,0.6,0.2926829268292683
38234,BBB,2013J,0.0,0.0
38711,BBB,2014J,0.1,0.18181818181818182
39208,BBB,2014J,0.3,0.15
39655,BBB,2013B,0.0,0.0
39660,DDD,2014B,0.0,0.0
39882,FFF,2014B,0.3,0.15789473684210525
40184,DDD,2013J,0.15,0.07692307692307693
40419,DDD,2013B,0.0,0.0
40419,DDD,2013J,0.1,0.03773584905660377
40563,DDD,2013J,0.0,0.0
40604,CCC,2014B,0.05,0.1111111111111111
40857,FFF,2014J,0.0,0.0
40878,FFF,2014J,0.3,0.11320754716981132
41060,DDD,2013B,0.1,0.09523809523809523
41414,GGG,2014B,0.05,0.047619047619047616
41547,BBB,2014J,0.3,0.1935483870967742
42552,FFF,2014J,0.65,0.17105263157894737
42616,FFF,2013J,0.35,0.08974358974358974
42638,CCC,2014B,0.85,0.22972972972972974
42638,EEE,2013J,0.0,0.0
42668,FFF,2013B,0.2,0.05555555555555555
42746,CCC,2014J,0.0,0.0
42746,FFF,2014B,0.8,0.11764705882352941
43273,FFF,2013B,0.0,0.0
43284,DDD,2013B,0.15,0.08823529411764706
43430,FFF,2013B,0.3,0.06451612903225806
43564,EEE,2013J,0.65,0.41935483870967744
43958,FFF,2013J,0.0,0.0
43958,FFF,2014J,0.0,0.0
45423,FFF,2014J,0.35,0.09333333333333334
45462,AAA,2013J,0.55,0.4074074074074074
45642,AAA,2013J,0.3,0.18181818181818182
45664,CCC,2014B,0.0,0.0
45664,DDD,2013B,0.35,0.23333333333333334
46016,DDD,2014J,0.0,0.0
46148,FFF,2014B,0.5,0.16129032258064516
46605,CCC,2014B,0.15,0.08333333333333333
46705,CCC,2014J,0.0,0.0
46753,DDD,2014B,0.0,0.0
46844,AAA,2014J,0.15,0.3
47061,EEE,2014J,0.45,0.5
47063,DDD,2013J,0.0,0.0
47861,FFF,2014J,0.45,0.13636363636363635
47891,BBB,2014J,0.0,0.0
48040,BBB,2013J,0.85,0.22077922077922077
48152,DDD,2013J,0.05,0.02631578947368421
48503,BBB,2013J,0.2,0.26666666666666666
48635,FFF,2014B,0.3,0.07894736842105263
49119,CCC,2014B,0.4,0.15384615384615385
49123,GGG,2014B,0.05,0.04
50069,BBB,2014B,0.1,0.08333333333333333
50263,FFF,2013B,0.1,0.041666666666666664
50476,DDD,2014B,0.0,0.0
50487,FFF,2013J,0.25,0.0847457627118644
50993,BBB,2013B,0.0,0.0
51030,DDD,2014B,0.35,0.125
51033,DDD,2014J,0.0,0.0
51153,DDD,2014J,0.0,0.0
51163,DDD,2013J,0.3,0.05172413793103448
51485,FFF,2013J,0.65,0.10833333333333334
51576,FFF,2013J,0.5,0.08196721311475409
51955,DDD,2014J,0.0,0.0
52014,DDD,2013B,0.1,0.09523809523809523
52130,AAA,2013J,0.55,0.28205128205128205
52702,GGG,2014J,0.1,0.16666666666666666
52765,AAA,2014J,0.85,0.5151515151515151
52797,BBB,2013J,0.05,0.05
52899,BBB,2013B,0.0,0.0
52899,BBB,2013J,0.2,0.14285714285714285
53025,AAA,2013J,0.5,0.3333333333333333
53136,FFF,2014B,0.2,0.08695652173913043
53166,FFF,2013J,0.1,0.04
53197,FFF,2013B,0.0,0.0
53300,CCC,2014J,0.0,0.0
53488,DDD,2013B,0.15,0.057692307692307696
53632,DDD,2014B,0.1,0.10526315789473684
53632,DDD,2014J,0.0,0.0
53709,FFF,2013B,0.05,0.045454545454545456
53709,FFF,2014B,0.0,0.0
54062,EEE,2013J,0.7,0.42424242424242425
54391,CCC,2014B,0.05,0.2
54810,DDD,2014J,0.0,0.0
54882,FFF,2013J,0.0,0.0
55013,FFF,2013J,0.05,0.058823529411764705
55026,BBB,2013J,0.0,0.0
55104,AAA,2014J,0.45,0.391304347826087
55450,FFF,2013B,0.1,0.14285714285714285
55968,BBB,2014B,0.0,0.0
56637,FFF,2014J,0.55,0.14666666666666667
56667,FFF,2014J,0.15,0.1
56789,BBB,2013J,0.05,0.058823529411764705
57079,BBB,2013J,0.35,0.1794871794871795
57227,DDD,2013J,0.1,0.05405405405405406
57285,BBB,2014J,0.0,0.0
57340,CCC,2014B,0.1,0.0625
57506,AAA,2013J,0.4,0.20512820512820512
57818,DDD,2013J,0.3,0.06382978723404255
57844,FFF,2013J,0.35,0.0945945945945946
58071,AAA,2014J,0.95,0.475
58316,AAA,2014J,0.25,0.2631578947368421
58549,FFF,2013B,0.05,0.017543859649122806
58617,DDD,2014B,0.0,0.0
58640,FFF,2013J,0.1,0.03571428571428571
58653,BBB,2014J,0.2,0.16666666666666666
58731,DDD,2014J,0.0,0.0
58873,AAA,2013J,0.55,0.3142857142857143
58884,FFF,2014J,0.6,0.1016949152542373
59185,AAA,2013J,0.25,0.23809523809523808
59272,BBB,2014J,0.4,0.25
59275,DDD,2013J,0.05,0.09090909090909091
59370,DDD,2013J,0.2,0.08163265306122448
59725,BBB,2014B,0.05,0.03333333333333333
60135,DDD,2013B,0.15,0.0967741935483871
60162,GGG,2014J,0.3,0.1935483870967742
60405,GGG,2013J,0.2,0.13333333333333333
60416,BBB,2014B,0.0,0.0
60809,CCC,2014J,0.0,0.0
60809,EEE,2014J,0.05,0.06666666666666667
60830,BBB,2014B,0.0,0.0
61227,CCC,2014J,0.3,0.10344827586206896
61911,DDD,2014B,0.0,0.0
62034,EEE,2014J,0.35,0.3684210526315789
62155,AAA,2013J,0.7,0.3181818181818182
62278,CCC,2014B,0.4,0.25806451612903225
62487,AAA,2014J,0.15,0.14285714285714285
62631,BBB,2013B,0.05,0.25
62975,GGG,2013J,0.0,0.0
63015,DDD,2014J,0.15,0.07894736842105263
63044,BBB,2013J,0.0,0.0
63112,EEE,2013J,0.2,0.16
63112,FFF,2014J,0.0,0.0
63165,AAA,2014J,0.3,0.5
63295,FFF,2013J,0.05,0.05
63371,CCC,2014J,0.1,0.07142857142857142
63400,AAA,2013J,0.55,0.3333333333333333
63467,BBB,2014J,0.35,0.21875
63566,DDD,2013J,0.15,0.0410958904109589
63721,BBB,2014B,0.1,0.06060606060606061
63827,DDD,2014J,0.0,0.0
63856,DDD,2013J,0.2,0.06451612903225806
63949,GGG,2014J,0.4,0.5714285714285714
64275,BBB,2014B,0.05,0.1111111111111111
64296,CCC,2014B,0.0,0.0
64388,FFF,2013J,0.3,0.07692307692307693
64427,FFF,2014J,0.8,0.125
64450,DDD,2014B,0.1,0.06896551724137931
64767,DDD,2014B,0.0,0.0
64901,GGG,2014B,0.05,0.03225806451612903
65656,FFF,2013B,0.05,0.021739130434782608
66254,CCC,2014B,0.25,0.15151515151515152
66451,FFF,2013J,0.6,0.21428571428571427
66579,DDD,2013B,0.15,0.13043478260869565
66713,EEE,2013J,0.45,0.5
67182,GGG,2013J,0.05,0.047619047619047616
67471,DDD,2013J,0.35,0.11290322580645161
67505,DDD,2013J,0.05,0.029411764705882353
67539,EEE,2014J,0.45,0.47368421052631576
67602,DDD,2013B,0.1,0.0425531914893617
67685,EEE,2014J,0.75,0.46875
67781,DDD,2014B,0.65,0.16666666666666666
67785,DDD,2013B,0.25,0.07936507936507936
68107,FFF,2013J,0.55,0.125
68208,FFF,2013B,0.2,0.03669724770642202
68376,DDD,2013J,0.35,0.15217391304347827
68417,DDD,2014J,0.0,0.0
69491,DDD,2013B,0.0,0.0
69494,CCC,2014J,0.0,0.0
69703,CCC,2014B,0.1,0.10526315789473684
70011,AAA,2014J,0.95,0.48717948717948717
70214,EEE,2013J,0.65,0.3611111111111111
70381,CCC,2014B,0.0,0.0
70464,AAA,2013J,0.5,0.5
70495,CCC,2014J,0.0,0.0
70495,FFF,2013J,0.3,0.06593406593406594
70537,EEE,2014B,0.55,0.36666666666666664
70569,BBB,2014J,0.45,0.2903225806451613
70608,BBB,2013B,0.05,0.058823529411764705
71159,FFF,2014J,0.15,0.030303030303030304
71209,DDD,2013J,0.15,0.125
71252,FFF,2013J,0.25,0.08064516129032258
71361,AAA,2013J,0.55,0.3055555555555556
71504,BBB,2014J,0.6,0.2857142857142857
71578,FFF,2013B,0.1,0.058823529411764705
71676,DDD,2014J,0.25,0.07462686567164178
71723,CCC,2014J,0.0,0.0
71723,DDD,2014B,0.0,0.0
72114,FFF,2014B,0.6,0.10526315789473684
72400,BBB,2014B,0.15,0.06976744186046512
72609,CCC,2014J,0.4,0.125
72693,FFF,2013B,0.15,0.057692307692307696
72864,FFF,2013J,0.3,0.1016949152542373
73019,DDD,2014J,0.0,0.0
73489,BBB,2013J,0.1,0.08695652173913043
73664,DDD,2014J,0.0,0.0
73874,BBB,2014J,0.1,0.18181818181818182
74113,FFF,2013B,0.05,0.09090909090909091
74165,FFF,2014J,0.45,0.23076923076923078
74372,AAA,2013J,0.0,0.0
74502,DDD,2013J,0.3,0.11538461538461539
74521,FFF,2014B,0.05,0.02564102564102564
74585,BBB,2013J,0.3,0.23076923076923078
74695,BBB,2013B,0.35,0.15217391304347827
74734,BBB,2013B,0.0,0.0
75091,AAA,2013J,0.6,0.3157894736842105
75107,FFF,2014J,0.85,0.11971830985915492
75255,AAA,2014J,0.35,0.3888888888888889
75399,BBB,2013B,0.15,0.10344827586206896
75427,DDD,2014J,0.0,0.0
75454,CCC,2014B,0.3,0.12244897959183673
75728,CCC,2014B,0.0,0.0
76081,DDD,2014B,0.0,0.0
76081,DDD,2014J,0.0,0.0
76579,EEE,2013J,0.25,0.625
76579,EEE,2014J,0.0,0.0
76949,CCC,2014J,0.1,0.03278688524590164
77241,DDD,2013J,0.0,0.0
77367,AAA,2013J,0.2,0.2222222222222222
77692,FFF,2014J,0.5,0.18867924528301888
77744,FFF,2013J,0.1,0.0425531914893617
77763,DDD,2013B,0.15,0.046875
77845,FFF,2014B,0.0,0.0
77995,FFF,2014J,0.05,0.041666666666666664
77998,FFF,2013B,0.05,0.045454545454545456
77998,FFF,2014B,0.0,0.0
78170,DDD,2013J,0.2,0.10256410256410256
78645,BBB,2013B,0.0,0.0
79261,FFF,2013J,0.25,0.07246376811594203
79403,AAA,2014J,0.5,0.5
79461,CCC,2014B,0.1,0.08
79610,FFF,2014J,0.1,0.05714285714285714
79683,FFF,2014B,0.0,0.0
80329,CCC,2014J,0.0,0.0
80329,DDD,2013J,0.0,0.0
80329,DDD,2014J,0.1,0.06666666666666667
80358,EEE,2014J,0.5,0.45454545454545453
80438,FFF,2014J,0.4,0.14035087719298245
80448,GGG,2013J,0.45,0.36
80491,CCC,2014J,0.0,0.0
80717,BBB,2013J,0.65,0.24528301886792453
80745,FFF,2013B,0.1,0.06060606060606061
80775,DDD,2014J,0.05,0.023809523809523808
80868,CCC,2014J,0.65,0.17333333333333334
80868,DDD,2013J,0.0,0.0
81351,DDD,2013B,0.15,0.08108108108108109
81754,GGG,2014B,0.0,0.0
82088,DDD,2013J,0.1,0.4
82341,GGG,2013J,0.1,0.08695652173913043
82535,BBB,2013B,0.0,0.0
82575,CCC,2014B,0.35,0.1590909090909091
82741,BBB,2013B,0.3,0.125
82817,FFF,2013B,0.05,0.025
83219,CCC,2014B,0.1,0.07692307692307693
83219,EEE,2014B,0.0,0.0
83254,BBB,2013B,0.6,0.15384615384615385
83453,CCC,2014B,0.15,0.17647058823529413
83553,DDD,2014J,0.0,0.0
83603,FFF,2014B,0.05,0.019230769230769232
84051,FFF,2013B,0.15,0.17647058823529413
84245,BBB,2013B,0.35,0.175
84299,CCC,2014B,0.0,0.0
84299,FFF,2014B,0.0,0.0
84576,DDD,2014B,0.35,0.14583333333333334
84604,FFF,2014J,0.75,0.13043478260869565
84605,DDD,2013J,0.05,0.2
84605,DDD,2014B,0.0,0.0
84664,BBB,2013B,0.05,0.1111111111111111
84812,BBB,2013J,0.0,0.0
85092,AAA,2014J,0.45,0.391304347826087
85144,AAA,2014J,0.35,0.35
85302,AAA,2014J,0.55,0.34375
86047,DDD,2013B,0.25,0.11627906976744186
86291,BBB,2013J,0.05,0.125
86538,FFF,2013B,0.0,0.0
86669,FFF,2013J,0.25,0.10638297872340426
87107,DDD,2013B,0.1,0.05128205128205128
87152,FFF,2013B,0.25,0.11363636363636363
87264,FFF,2014J,0.75,0.10204081632653061
87322,FFF,2014J,0.45,0.14754098360655737
87431,AAA,2014J,0.35,0.4375
87732,BBB,2013B,0.2,0.14814814814814814
87929,GGG,2013J,0.15,0.125
88439,DDD,2014J,0.1,0.03636363636363636
88490,DDD,2014B,0.1,0.029850746268656716
88568,EEE,2013J,0.7,0.4375
88781,FFF,2013J,0.05,0.02564102564102564
88910,DDD,2014B,0.05,0.05263157894736842
89051,DDD,2013B,0.1,0.046511627906976744
89092,BBB,2014B,0.0,0.0
89188,DDD,2013J,0.35,0.08860759493670886
89545,EEE,2014J,0.45,0.32142857142857145
89727,DDD,2013J,0.05,0.034482758620689655
89778,BBB,2014B,0.05,0.08333333333333333
89850,BBB,2014J,0.35,0.2692307692307692
89895,FFF,2013B,0.2,0.04040404040404041
89904,DDD,2014B,0.1,0.08695652173913043
90243,BBB,2013J,0.0,0.0
90361,BBB,2014B,0.0,0.0
90537,DDD,2014B,0.55,0.14102564102564102
90836,DDD,2013B,0.0,0.0
90901,FFF,2013J,0.2,0.07017543859649122
90979,DDD,2013J,0.0,0.0
91040,CCC,2014J,0.0,0.0
91265,AAA,2013J,0.45,0.34615384615384615
91322,BBB,2013B,0.1,0.1111111111111111
91354,DDD,2013J,0.0,0.0
91470,DDD,2014J,0.3,0.09523809523809523
92274,BBB,2013B,0.0,0.0
92341,BBB,2014B,0.0,0.0
92391,DDD,2013J,0.05,0.06666666666666667
92775,DDD,2013B,0.15,0.2
92832,BBB,2013B,0.35,0.21875
92947,BBB,2013B,0.05,0.04
92993,BBB,2013B,0.0,0.0
94484,CCC,2014B,0.1,0.08
94616,BBB,2013B,0.0,0.0
94749,FFF,2014J,0.05,0.058823529411764705
94923,DDD,2013B,0.05,0.2
94961,AAA,2014J,0.2,0.23529411764705882
94978,CCC,2014J,0.0,0.0
95356,DDD,2013B,0.1,0.07692307692307693
95746,FFF,2013J,0.1,0.03508771929824561
95906,CCC,2014B,0.0,0.0
96117,GGG,2013J,0.0,0.0
96423,GGG,2014B,0.15,0.11538461538461539
96475,BBB,2013J,0.0,0.0
96538,CCC,2014B,0.1,0.2
96592,DDD,2013B,0.1,0.03508771929824561
96729,FFF,2013B,0.1,0.03389830508474576
96873,EEE,2013J,0.05,0.3333333333333333
96874,CCC,2014J,0.0,0.0
96874,DDD,2014J,0.0,0.0
97006,BBB,2014B,0.1,0.2222222222222222
97154,BBB,2013B,0.05,0.02702702702702703
97567,BBB,2013J,0.15,0.14285714285714285
98094,AAA,2013J,0.75,0.46875
98268,BBB,2013J,0.2,0.36363636363636365
98313,BBB,2013B,0.05,0.05555555555555555
98720,BBB,2013J,0.0,0.0
98842,BBB,2014J,0.05,0.037037037037037035
99075,DDD,2014J,0.0,0.0
99088,BBB,2014J,0.05,0.14285714285714285
99670,FFF,2014B,0.1,0.045454545454545456
99799,BBB,2014B,0.0,0.0
99993,FFF,2013B,0.1,0.031746031746031744
100064,FFF,2013J,0.7,0.09722222222222222
100561,DDD,2014J,0.1,0.034482758620689655
100788,CCC,2014J,0.0,0.0
100788,FFF,2013J,0.35,0.07216494845360824
100893,AAA,2013J,0.2,0.2857142857142857
101116,AAA,2014J,0.3,0.24
101217,FFF,2014J,0.0,0.0
101306,FFF,2013B,0.0,0.0
101420,FFF,2013J,0.45,0.08490566037735849
101781,AAA,2013J,0.8,0.3902439024390244
102028,FFF,2013J,0.65,0.10236220472440945
102209,CCC,2014J,0.0,0.0
102221,DDD,2014J,0.05,0.034482758620689655
102343,FFF,2013J,0.3,0.12
102806,AAA,2013J,0.6,0.34285714285714286
102850,DDD,2013J,0.4,0.12121212121212122
102854,FFF,2014J,0.55,0.12941176470588237
102952,AAA,2013J,0.45,0.23684210526315788
103496,BBB,2014J,0.3,0.10909090909090909
103535,BBB,2014B,0.0,0.0
103800,DDD,2013J,0.0,0.0
103904,DDD,2013B,0.2,0.0851063829787234
104054,BBB,2013B,0.0,0.0
104213,FFF,2013J,0.15,0.0625
104316,FFF,2014B,0.25,0.07692307692307693
104476,AAA,2013J,0.8,0.32653061224489793
104480,CCC,2014J,0.05,0.16666666666666666
104643,DDD,2013J,0.2,0.06451612903225806
104772,DDD,2014J,0.0,0.0
105168,CCC,2014J,0.0,0.0
105168,EEE,2013J,0.0,0.0
105413,CCC,2014J,0.4,0.10810810810810811
105523,CCC,2014B,0.0,0.0
105523,DDD,2013J,0.2,0.08163265306122448
105527,BBB,2013J,0.25,0.19230769230769232
105629,FFF,2013J,0.5,0.09009009009009009
105851,BBB,2013J,0.1,0.13333333333333333
105883,BBB,2013J,0.15,0.125
105939,FFF,2014J,0.4,0.12903225806451613
106095,BBB,2014J,0.7,0.34146341463414637
106247,AAA,2013J,0.05,0.25
106553,DDD,2014J,0.05,0.027777777777777776
106577,AAA,2013J,0.15,0.15789473684210525
106588,BBB,2013J,0.0,0.0
106793,BBB,2014J,0.15,0.2727272727272727
107028,FFF,2013J,0.25,0.16666666666666666
107084,FFF,2013J,0.1,0.038461538461538464
107162,FFF,2013B,0.35,0.0707070707070707
107339,CCC,2014B,0.15,0.075
107339,EEE,2013J,0.0,0.0
107455,FFF,2014J,0.1,0.058823529411764705
107489,AAA,2014J,0.8,0.43243243243243246
108118,BBB,2013J,0.0,0.0
108207,FFF,2014B,0.35,0.10294117647058823
108281,EEE,2014J,0.65,0.40625
108330,FFF,2013B,0.05,0.02564102564102564
108377,BBB,2013B,0.0,0.0
108497,EEE,2014J,0.55,0.5
108589,BBB,2013B,0.1,0.1
108760,BBB,2013J,0.1,0.25
108799,BBB,2014B,0.0,0.0
108822,FFF,2014B,0.6,0.1348314606741573
108834,CCC,2014B,0.15,0.21428571428571427
108859,BBB,2014J,0.0,0.0
108872,AAA,2014J,0.35,0.25
108949,FFF,2014J,0.0,0.0
109155,AAA,2014J,0.75,0.5
109372,BBB,2013J,0.0,0.0
109441,BBB,2014J,0.4,0.1951219512195122
109577,CCC,2014J,0.0,0.0
109577,FFF,2014J,0.2,0.08
109772,GGG,2014B,0.15,0.23076923076923078
109782,BBB,2013J,0.0,0.0
109938,BBB,2013B,0.05,0.05263157894736842
110085,FFF,2013B,0.35,0.125
110116,FFF,2013B,0.2,0.06060606060606061
110175,AAA,2013J,0.55,0.44
110200,DDD,2013B,0.0,0.0
110524,DDD,2014J,0.15,0.046875
110529,FFF,2014B,0.05,0.3333333333333333
110640,DDD,2014J,0.2,0.08333333333333333
110789,EEE,2014J,0.2,0.17391304347826086
110881,BBB,2013B,0.0,0.0
110881,FFF,2013J,0.25,0.06493506493506493
110911,BBB,2014J,0.2,0.3076923076923077
111360,DDD,2013B,0.0,0.0
111360,DDD,2013J,0.0,0.0
111548,DDD,2013J,0.0,0.0
111717,AAA,2013J,0.6,0.35294117647058826
111775,FFF,2013B,0.2,0.07407407407407407
111926,DDD,2013J,0.05,0.045454545454545456
111926,DDD,2014J,0.0,0.0
111942,BBB,2013J,0.65,0.18055555555555555
111959,DDD,2014B,0.1,0.25
112245,DDD,2013B,0.45,0.1232876712328767
112441,GGG,2014B,0.15,0.08571428571428572
112454,CCC,2014J,0.1,0.041666666666666664
113295,AAA,2013J,0.75,0.3409090909090909
113565,FFF,2013J,0.25,0.06097560975609756
113702,FFF,2014J,0.0,0.0
113824,EEE,2013J,0.15,0.5
114017,AAA,2013J,0.05,0.09090909090909091
114367,CCC,2014J,0.2,0.11428571428571428
114402,BBB,2014J,0.1,0.09090909090909091
114500,FFF,2013J,0.2,0.0547945205479452
114558,DDD,2013J,0.3,0.09375
114999,AAA,2013J,0.6,0.2857142857142857
115373,FFF,2013B,0.05,0.0196078431372549
115452,BBB,2014B,0.0,0.0
116319,GGG,2014B,0.0,0.0
116518,CCC,2014B,0.25,0.22727272727272727
116529,FFF,2013J,0.0,0.0
116529,FFF,2014J,0.0,0.0
116541,AAA,2013J,0.55,0.2972972972972973
116603,BBB,2013B,0.15,0.0967741935483871
116606,BBB,2014J,0.2,0.25
116621,FFF,2014B,0.15,0.05454545454545454
116692,AAA,2013J,0.5,0.47619047619047616
116808,FFF,2013J,0.9,0.10909090909090909
117197,EEE,2013J,0.4,0.3333333333333333
117232,CCC,2014B,0.35,0.18421052631578946
117232,FFF,2013J,0.0,0.0
117281,DDD,2014B,0.15,0.05660377358490566
117435,DDD,2013B,0.2,0.12121212121212122
117510,FFF,2014B,0.55,0.102803738317757
117544,BBB,2014J,0.45,0.2727272727272727
117545,BBB,2014J,0.05,0.125
117699,BBB,2014B,0.0,0.0
117818,AAA,2014J,0.65,0.35135135135135137
117939,DDD,2013B,0.0,0.0
118050,FFF,2013J,0.0,0.0
118098,CCC,2014B,0.1,0.18181818181818182
118213,BBB,2014J,0.0,0.0
118474,GGG,2014B,0.0,0.0
118479,DDD,2014B,0.5,0.20408163265306123
118532,FFF,2013B,0.3,0.08695652173913043
118578,DDD,2014J,0.0,0.0
118668,FFF,2013B,0.2,0.05714285714285714
118983,AAA,2013J,0.05,0.05555555555555555
119310,FFF,2014J,0.2,0.05970149253731343
119353,FFF,2013B,0.15,0.04
119444,GGG,2014B,0.0,0.0
119471,BBB,2014B,0.05,0.02631578947368421
119865,FFF,2014J,0.55,0.1774193548387097
119898,BBB,2013J,0.1,0.14285714285714285
119902,AAA,2014J,0.7,0.4375
120236,CCC,2014J,0.1,0.08
120611,GGG,2014B,0.05,0.2
120994,BBB,2013B,0.0,0.0
120999,DDD,2013J,0.0,0.0
121056,GGG,2013J,0.0,0.0
121163,EEE,2014J,0.25,0.625
121349,AAA,2014J,0.7,0.3888888888888889
122337,GGG,2014B,0.1,0.07407407407407407
122392,CCC,2014B,0.25,0.29411764705882354
122459,GGG,2013J,0.05,0.058823529411764705
122739,DDD,2013J,0.0,0.0
122846,GGG,2013J,0.1,0.08695652173913043
122928,GGG,2013J,0.05,0.0625
123044,AAA,2013J,0.45,0.25
123053,DDD,2014J,0.0,0.0
123087,BBB,2014J,0.05,0.045454545454545456
123183,DDD,2014J,0.2,0.046511627906976744
123462,BBB,2014B,0.0,0.0
123598,CCC,2014B,0.25,0.2631578947368421
123598,CCC,2014J,0.0,0.0
123598,DDD,2013J,0.0,0.0
123716,BBB,2013J,0.0,0.0
123860,BBB,2013B,0.2,0.06896551724137931
123957,DDD,2013J,0.0,0.0
123957,DDD,2014J,0.0,0.0
124006,DDD,2013J,0.1,0.043478260869565216
124064,AAA,2014J,0.4,0.3333333333333333
124134,DDD,2014B,0.1,0.06666666666666667
124193,CCC,2014B,0.05,0.0625
124304,EEE,2014J,0.75,0.625
124728,DDD,2014J,0.0,0.0
124909,BBB,2013J,0.0,0.0
124944,GGG,2014B,0.0,0.0
125018,AAA,2014J,0.4,0.3333333333333333
125055,BBB,2014B,0.0,0.0
125063,FFF,2014J,0.2,0.04395604395604396
125407,GGG,2014J,0.0,0.0
125535,BBB,2014J,0.0,0.0
125830,DDD,2014J,0.05,0.03333333333333333
125996,FFF,2013B,0.2,0.05714285714285714
126088,FFF,2013B,0.1,0.11764705882352941
126322,BBB,2013B,0.0,0.0
126337,EEE,2013J,0.35,0.3888888888888889
126394,CCC,2014B,0.0,0.0
126394,DDD,2013J,0.0,0.0
126395,CCC,2014B,0.55,0.2391304347826087
126450,EEE,2014J,0.65,0.4482758620689655
126608,BBB,2014B,0.0,0.0
126713,BBB,2014B,0.0,0.0
126769,BBB,2014J,0.25,0.18518518518518517
126800,BBB,2014J,0.4,0.3076923076923077
126812,CCC,2014J,0.0,0.0
126812,DDD,2013J,0.2,0.09523809523809523
127580,DDD,2014B,0.4,0.14814814814814814
127582,AAA,2013J,0.2,0.15384615384615385
127642,FFF,2013J,0.15,0.04
127988,DDD,2013J,0.1,0.06896551724137931
128132,FFF,2014B,0.3,0.16216216216216217
128142,FFF,2013B,0.2,0.3333333333333333
128348,DDD,2014B,0.05,0.3333333333333333
128386,BBB,2013J,0.0,0.0
128510,CCC,2014J,0.0,0.0
128656,DDD,2013J,0.0,0.0
128678,DDD,2013B,0.1,0.05128205128205128
128791,FFF,2013B,0.05,0.05555555555555555
128889,BBB,2013J,0.3,0.16216216216216217
128929,EEE,2013J,0.75,0.5
128965,DDD,2013J,0.25,0.09090909090909091
128968,FFF,2014B,0.1,0.04
128971,EEE,2014B,0.55,0.39285714285714285
129198,CCC,2014B,0.1,0.2857142857142857
129198,CCC,2014J,0.0,0.0
129212,GGG,2013J,0.05,0.03225806451612903
129878,CCC,2014B,0.0,0.0
129907,FFF,2014J,0.65,0.125
129955,AAA,2013J,0.05,0.25
129955,AAA,2014J,0.0,0.0
129989,DDD,2014J,0.1,0.038461538461538464
130003,DDD,2013B,0.05,0.14285714285714285
130013,BBB,2014B,0.2,0.19047619047619047
130034,AAA,2014J,0.5,0.30303030303030304
130403,FFF,2013B,0.0,0.0
130409,FFF,2014J,0.25,0.08333333333333333
130467,DDD,2013J,0.25,0.09803921568627451
130547,AAA,2014J,0.7,0.4375
130636,AAA,2014J,0.25,0.2631578947368421
130658,FFF,2013J,0.3,0.08695652173913043
130671,DDD,2013J,0.05,0.03125
130992,FFF,2014B,0.0,0.0
131051,BBB,2013J,0.35,0.16279069767441862
131145,CCC,2014B,0.0,0.0
131145,DDD,2013B,0.35,0.1320754716981132
131152,DDD,2014J,0.05,0.041666666666666664
131222,CCC,2014J,0.0,0.0
131222,DDD,2013J,0.2,0.0625
131272,FFF,2013B,0.25,0.07042253521126761
131314,GGG,2014J,0.15,0.25
131538,FFF,2014B,0.15,0.08823529411764706
131597,FFF,2014J,0.35,0.11475409836065574
131612,DDD,2014J,0.1,0.037037037037037035
131776,EEE,2014J,0.65,0.5909090909090909
131820,GGG,2014B,0.0,0.0
131933,CCC,2014B,0.05,0.09090909090909091
131933,CCC,2014J,0.0,0.0
132123,EEE,2013J,0.3,0.375
132157,DDD,2014J,0.0,0.0
132157,FFF,2014B,0.4,0.1509433962264151
132401,DDD,2013J,0.1,0.07407407407407407
132453,FFF,2013J,0.15,0.10714285714285714
132475,FFF,2014J,0.55,0.15492957746478872
132477,FFF,2014B,0.05,0.034482758620689655
132511,DDD,2014J,0.05,0.25
132626,BBB,2013J,0.0,0.0
132932,GGG,2014J,0.1,0.2
132972,BBB,2014B,0.0,0.0
132976,AAA,2013J,0.25,0.15151515151515152
133019,FFF,2013J,0.55,0.12643678160919541
133068,GGG,2014B,0.6,0.5
133104,CCC,2014B,0.15,0.15
133104,FFF,2014B,0.0,0.0
133155,BBB,2013B,0.0,0.0
133185,FFF,2013J,0.25,0.06578947368421052
133322,FFF,2014B,0.15,0.075
133365,DDD,2014J,0.1,0.03278688524590164
133748,BBB,2013B,0.0,0.0
133816,AAA,2014J,0.7,0.4375
133922,AAA,2014J,0.3,0.3333333333333333
134025,CCC,2014B,0.0,0.0
134025,DDD,2013B,0.35,0.08333333333333333
134123,GGG,2014B,0.6,0.5
134143,AAA,2013J,0.75,0.4411764705882353
134188,DDD,2013B,0.1,0.05263157894736842
134212,EEE,2014J,0.6,0.5454545454545454
134243,DDD,2014J,0.0,0.0
134260,FFF,2013B,0.05,0.030303030303030304
134336,DDD,2013B,0.0,0.0
134563,BBB,2013J,0.0,0.0
134847,FFF,2014B,0.0,0.0
134851,FFF,2014B,0.7,0.125
134920,DDD,2014J,0.0,0.0
134982,EEE,2013J,0.45,0.391304347826087
135075,FFF,2013B,0.75,0.10067114093959731
135280,FFF,2014J,0.85,0.11564625850340136
135385,DDD,2013J,0.4,0.08602150537634409
135400,AAA,2014J,0.0,0.0
135471,AAA,2014J,0.85,0.5151515151515151
135763,EEE,2014J,0.3,0.375
136054,FFF,2014B,0.2,0.07017543859649122
136135,DDD,2014J,0.0,0.0
136335,CCC,2014J,0.0,0.0
136793,DDD,2014J,0.0,0.0
136894,FFF,2013J,0.05,0.02040816326530612
136944,FFF,2014B,0.0,0.0
136944,FFF,2014J,0.0,0.0
137281,CCC,2014J,0.0,0.0
137603,DDD,2013B,0.2,0.07017543859649122
137873,AAA,2013J,0.6,0.34285714285714286
137903,FFF,2013J,0.85,0.09550561797752809
138289,BBB,2013J,0.25,0.23809523809523808
138407,BBB,2014J,0.15,0.1111111111111111
138416,DDD,2014B,0.2,0.10810810810810811
138704,DDD,2014B,0.4,0.14545454545454545
138710,GGG,2013J,0.2,0.08163265306122448
138715,DDD,2013J,0.0,0.0
138715,DDD,2014J,0.0,0.0
138861,CCC,2014J,0.0,0.0
138920,BBB,2013J,0.0,0.0
138997,CCC,2014J,0.0,0.0
139033,AAA,2014J,0.55,0.2972972972972973
139190,FFF,2013J,0.1,0.037037037037037035
139206,FFF,2014J,0.65,0.14285714285714285
139250,BBB,2014B,0.0,0.0
139278,FFF,2013J,0.1,0.034482758620689655
139329,GGG,2014B,0.7,0.4827586206896552
139549,BBB,2013J,0.0,0.0
139701,FFF,2013J,0.0,0.0
139949,FFF,2013B,0.15,0.06521739130434782
140060,EEE,2013J,0.7,0.5
140719,BBB,2014B,0.2,0.19047619047619047
140807,DDD,2013J,0.25,0.07936507936507936
140866,FFF,2013B,0.15,0.05660377358490566
140907,FFF,2013B,0.1,0.058823529411764705
141301,DDD,2013J,0.05,0.3333333333333333
141355,AAA,2013J,0.65,0.34210526315789475
141377,AAA,2013J,0.0,0.0
141377,AAA,2014J,0.6,0.3870967741935484
141430,FFF,2014B,0.45,0.11842105263157894
141648,FFF,2013J,0.35,0.08641975308641975
141827,GGG,2014J,0.15,0.1111111111111111
141949,BBB,2013J,0.05,0.06666666666666667
142092,CCC,2014J,0.3,0.3157894736842105
142092,EEE,2014J,0.0,0.0
142310,FFF,2014J,0.4,0.12121212121212122
142324,BBB,2013B,0.0,0.0
142324,BBB,2014J,0.15,0.1111111111111111
142326,AAA,2013J,0.6,0.2926829268292683
142339,FFF,2013B,0.25,0.0684931506849315
142819,DDD,2013B,0.1,0.06666666666666667
142935,CCC,2014B,0.3,0.13333333333333333
142990,GGG,2013J,0.25,0.2631578947368421
143350,FFF,2013B,0.0,0.0
143711,EEE,2013J,0.6,0.4444444444444444
143741,BBB,2013B,0.05,0.0625
143755,FFF,2014J,0.45,0.11538461538461539
144448,EEE,2013J,0.45,0.375
144562,FFF,2013J,0.05,0.025
144745,CCC,2014J,0.0,0.0
144745,EEE,2014B,0.5,0.43478260869565216
144747,FFF,2013B,0.5,0.10526315789473684
144801,AAA,2013J,0.9,0.47368421052631576
144895,DDD,2013J,0.2,0.10526315789473684
144923,DDD,2013B,0.0,0.0
144959,FFF,2013J,0.0,0.0
144959,FFF,2014J,0.0,0.0
145114,CCC,2014J,0.0,0.0
145114,DDD,2014B,0.05,0.07142857142857142
145130,AAA,2013J,0.15,0.16666666666666666
145280,BBB,2014J,0.1,0.08695652173913043
145282,CCC,2014B,0.1,0.06060606060606061
145388,GGG,2014B,0.0,0.0
145490,CCC,2014J,0.0,0.0
145544,BBB,2013B,0.05,0.020833333333333332
145640,CCC,2014J,0.0,0.0
145640,DDD,2014B,0.1,0.03333333333333333
146165,BBB,2013J,0.0,0.0
146188,AAA,2013J,0.1,0.08333333333333333
146485,DDD,2013J,0.0,0.0
146503,AAA,2014J,0.05,0.5
146600,BBB,2013J,0.1,0.08333333333333333
146651,DDD,2013B,0.05,0.041666666666666664
146666,DDD,2013J,0.15,0.07692307692307693
146738,FFF,2013J,0.4,0.07142857142857142
146943,DDD,2014J,0.0,0.0
146974,EEE,2013J,0.6,0.4
147168,FFF,2013B,0.55,0.10377358490566038
147328,DDD,2014J,0.15,0.043478260869565216
147715,DDD,2014J,0.0,0.0
147756,AAA,2013J,0.0,0.0
147756,AAA,2014J,0.35,0.18421052631578946
147876,BBB,2013B,0.25,0.38461538461538464
148008,DDD,2013J,0.0,0.0
148282,EEE,2014B,0.05,0.25
148414,DDD,2014J,0.15,0.08571428571428572
148427,BBB,2014B,0.05,0.0625
148993,AAA,2013J,0.3,0.23076923076923078
148993,AAA,2014J,0.0,0.0
149178,FFF,2014J,0.4,0.25
149680,FFF,2013B,0.45,0.10112359550561797
149693,FFF,2013B,0.05,0.02857142857142857
149741,AAA,2014J,0.7,0.4827586206896552
149962,AAA,2014J,0.05,0.3333333333333333
150282,FFF,2014J,0.3,0.14634146341463414
150398,BBB,2014J,0.3,0.17647058823529413
150578,DDD,2013B,0.05,0.045454545454545456
150763,FFF,2013B,0.25,0.08620689655172414
151358,AAA,2013J,0.35,0.2916666666666667
151465,FFF,2013B,0.1,0.04081632653061224
151587,AAA,2014J,0.1,0.4
151697,BBB,2013B,0.0,0.0
151745,DDD,2014J,0.3,0.10526315789473684
151800,BBB,2013J,0.0,0.0
151917,BBB,2013J,0.4,0.18181818181818182
151917,BBB,2014J,0.0,0.0
152153,BBB,2013B,0.0,0.0
152320,DDD,2014B,0.3,0.23076923076923078
152320,DDD,2014J,0.0,0.0
152428,CCC,2014B,0.05,0.02040816326530612
152524,FFF,2014J,0.75,0.1171875
152587,FFF,2013J,0.2,0.07142857142857142
152626,FFF,2014B,0.8,0.1391304347826087
152668,AAA,2014J,0.15,0.375
152671,GGG,2014B,0.0,0.0
152910,BBB,2013B,0.1,0.1
152917,FFF,2014J,0.85,0.09497206703910614
152929,BBB,2013B,0.0,0.0
152962,CCC,2014B,0.15,0.08823529411764706
152973,BBB,2014J,0.2,0.2222222222222222
153110,FFF,2013B,0.0,0.0
153170,DDD,2014J,0.0,0.0
153212,BBB,2013B,0.05,0.045454545454545456
153611,FFF,2014B,0.0,0.0
153704,BBB,2013B,0.0,0.0
153704,BBB,2013J,0.0,0.0
153785,FFF,2013B,0.25,0.08333333333333333
153788,EEE,2013J,0.35,0.3684210526315789
154011,BBB,2013J,0.0,0.0
154027,BBB,2013B,0.15,0.1111111111111111
154059,FFF,2013J,0.15,0.05357142857142857
154073,DDD,2014J,0.2,0.19047619047619047
154125,BBB,2013B,0.0,0.0
154191,FFF,2013J,0.3,0.08823529411764706
154540,BBB,2013B,0.05,0.1111111111111111
154570,BBB,2013J,0.0,0.0
155067,CCC,2014B,0.0,0.0
155158,FFF,2014B,0.4,0.25806451612903225
155256,GGG,2013J,0.1,0.0625
155298,CCC,2014J,0.0,0.0
155298,FFF,2013J,0.2,0.07547169811320754
155484,BBB,2014J,0.2,0.14814814814814814
155511,FFF,2013B,0.1,0.03571428571428571
155550,AAA,2013J,0.3,0.2
155631,BBB,2014B,0.0,0.0
155854,AAA,2013J,0.75,0.3
155938,FFF,2014J,0.4,0.23529411764705882
155956,CCC,2014J,0.0,0.0
155963,CCC,2014B,0.1,0.1111111111111111
155984,AAA,2013J,0.05,0.16666666666666666
155984,AAA,2014J,0.0,0.0
156127,GGG,2013J,0.0,0.0
156171,FFF,2013J,0.05,0.03125
156311,BBB,2013J,0.45,0.2
156358,BBB,2014J,0.15,0.17647058823529413
156594,EEE,2014B,0.85,0.5
156783,DDD,2013J,0.15,0.08571428571428572
156835,BBB,2013B,0.15,0.07894736842105263
157060,BBB,2013J,0.0,0.0
157225,FFF,2014J,0.05,0.09090909090909091
157276,BBB,2014B,0.05,0.027777777777777776
157298,DDD,2013B,0.1,0.041666666666666664
157308,FFF,2013B,0.2,0.10810810810810811
157310,DDD,2013J,0.15,0.08823529411764706
157568,AAA,2013J,0.55,0.34375
157752,BBB,2014J,0.0,0.0
157795,BBB,2013J,0.0,0.0
158575,DDD,2014J,0.0,0.0
158611,DDD,2013J,0.1,0.05263157894736842
158707,AAA,2014J,0.55,0.4583333333333333
158708,EEE,2014J,0.7,0.4827586206896552
158831,EEE,2014B,0.7,0.5384615384615384
159287,EEE,2014J,0.65,0.6190476190476191
159293,BBB,2014B,0.1,0.125
159484,GGG,2013J,0.0,0.0
159571,GGG,2014B,0.0,0.0
159596,DDD,2013B,0.1,0.125
159906,FFF,2014J,0.15,0.07894736842105263
159925,DDD,2013B,0.35,0.09333333333333334
159947,FFF,2014J,0.2,0.0851063829787234
159954,AAA,2013J,0.3,0.3157894736842105
159954,AAA,2014J,0.0,0.0
160005,DDD,2013B,0.4,0.08791208791208792
160026,BBB,2014J,0.0,0.0
160181,DDD,2014J,0.0,0.0
160300,CCC,2014B,0.1,0.045454545454545456
160310,FFF,2013J,0.9,0.11392405063291139
160472,FFF,2014B,0.2,0.13793103448275862
160479,GGG,2014B,0.1,0.09090909090909091
160536,CCC,2014J,0.0,0.0
160536,EEE,2013J,0.3,0.35294117647058826
160945,GGG,2014B,0.0,0.0
160946,FFF,2013J,0.45,0.09375
161491,BBB,2013J,0.0,0.0
161658,FFF,2013B,0.0,0.0
161781,EEE,2014J,0.0,0.0
162210,EEE,2014J,0.15,0.125
162650,CCC,2014B,0.0,0.0
162809,FFF,2013J,0.1,0.06060606060606061
163067,DDD,2013B,0.05,0.027777777777777776
163120,FFF,2013J,0.3,0.10909090909090909
163332,FFF,2014B,0.15,0.13043478260869565
163996,DDD,2014J,0.05,0.058823529411764705
164148,FFF,2014J,0.45,0.1956521739130435
164211,GGG,2014B,0.1,0.08333333333333333
164259,AAA,2013J,0.15,0.13043478260869565
164922,GGG,2013J,0.05,0.043478260869565216
164935,DDD,2013J,0.25,0.07246376811594203
164944,AAA,2014J,0.3,0.3333333333333333
164968,CCC,2014J,0.0,0.0
164968,EEE,2013J,0.0,0.0
165099,BBB,2014J,0.05,0.043478260869565216
165178,DDD,2014B,0.0,0.0
165243,BBB,2013B,0.0,0.0
165376,EEE,2014B,0.35,0.2692307692307692
165421,DDD,2013B,0.1,0.031746031746031744
165509,EEE,2013J,0.3,0.375
165617,FFF,2013B,0.25,0.08064516129032258
165647,CCC,2014B,0.05,0.08333333333333333
165647,CCC,2014J,0.0,0.0
165733,CCC,2014B,0.0,0.0
165733,CCC,2014J,0.0,0.0
165733,DDD,2013B,0.2,0.0851063829787234
165806,FFF,2013B,0.05,0.047619047619047616
165898,GGG,2014B,0.0,0.0
165904,BBB,2014B,0.0,0.0
166123,FFF,2014J,0.4,0.11594202898550725
166160,CCC,2014B,0.1,0.05405405405405406
166183,GGG,2013J,0.0,0.0
166327,FFF,2013B,0.2,0.06060606060606061
166342,DDD,2013B,0.25,0.0847457627118644
166421,FFF,2013B,0.2,0.08695652173913043
166713,DDD,2013B,0.35,0.09859154929577464
166988,DDD,2013B,0.2,0.06451612903225806
167106,FFF,2014B,0.05,0.011363636363636364
167717,DDD,2013B,0.0,0.0
167759,FFF,2013B,0.1,0.058823529411764705
167791,CCC,2014B,0.3,0.17142857142857143
167791,EEE,2014B,0.0,0.0
167906,AAA,2013J,0.5,0.25
167945,DDD,2014J,0.05,0.08333333333333333
167961,AAA,2014J,0.65,0.41935483870967744
168178,CCC,2014B,0.35,0.21212121212121213
168229,FFF,2013J,0.55,0.10476190476190476
168843,DDD,2014J,0.0,0.0
168936,AAA,2013J,0.1,0.09523809523809523
169008,BBB,2014J,0.25,0.09259259259259259
169079,DDD,2013J,0.05,0.02631578947368421
169213,BBB,2013J,0.0,0.0
169297,CCC,2014J,0.0,0.0
169380,CCC,2014B,0.25,0.1
169400,BBB,2014J,0.35,0.35
169490,FFF,2013B,0.05,0.03333333333333333
169515,BBB,2013B,0.15,0.42857142857142855
169555,FFF,2013B,0.0,0.0
169596,FFF,2014J,0.45,0.17307692307692307
169858,FFF,2013B,0.25,0.09433962264150944
169894,DDD,2014J,0.0,0.0
170025,DDD,2013B,0.35,0.12962962962962962
170030,CCC,2014J,0.0,0.0
170030,FFF,2013J,0.4,0.09195402298850575
170165,FFF,2013B,0.2,0.06153846153846154
170864,CCC,2014B,0.05,0.03333333333333333
170874,FFF,2014J,0.05,0.023255813953488372
170936,EEE,2014B,0.25,0.2631578947368421
170943,FFF,2013J,0.45,0.09782608695652174
171304,FFF,2013J,0.1,0.09523809523809523
171549,FFF,2013J,0.0,0.0
171692,FFF,2013J,0.1,0.058823529411764705
171692,FFF,2014J,0.0,0.0
171751,BBB,2014B,0.25,0.3125
171843,EEE,2014J,0.5,0.38461538461538464
171896,CCC,2014B,0.0,0.0
171896,DDD,2013B,0.15,0.06521739130434782
172112,AAA,2013J,0.55,0.24444444444444444
172137,BBB,2014B,0.05,0.03333333333333333
172493,FFF,2014J,0.55,0.11956521739130435
172797,AAA,2013J,0.6,0.2222222222222222
172965,CCC,2014B,0.0,0.0
172965,DDD,2014J,0.1,0.05555555555555555
173004,DDD,2013B,0.05,0.03571428571428571
173004,DDD,2013J,0.0,0.0
173163,BBB,2014J,0.4,0.3333333333333333
173316,BBB,2013B,0.0,0.0
173335,BBB,2013B,0.0,0.0
173370,DDD,2013J,0.15,0.05357142857142857
173412,FFF,2013J,0.2,0.07407407407407407
173412,FFF,2014J,0.0,0.0
173710,EEE,2013J,0.65,0.52
173834,EEE,2013J,0.8,0.43243243243243246
174010,EEE,2013J,0.25,0.625
174024,AAA,2014J,0.45,0.4090909090909091
174094,AAA,2014J,0.75,0.42857142857142855
174222,BBB,2013J,0.15,0.375
174440,BBB,2013J,0.0,0.0
174487,BBB,2013J,0.05,0.0625
174745,AAA,2014J,0.5,0.4
174782,AAA,2013J,0.7,0.35
175392,AAA,2013J,0.7,0.32558139534883723
175447,AAA,2014J,0.9,0.6428571428571429
175453,FFF,2013J,0.05,0.034482758620689655
175490,CCC,2014B,0.2,0.10256410256410256
175638,CCC,2014J,0.0,0.0
175932,AAA,2013J,0.15,0.15
175940,EEE,2014J,0.8,0.5333333333333333
175991,AAA,2013J,0.0,0.0
176092,DDD,2013B,0.1,0.04
177333,DDD,2013B,0.1,0.05128205128205128
177354,DDD,2013J,0.3,0.09375
177492,FFF,2014J,0.75,0.13392857142857142
177568,FFF,2013J,0.2,0.06557377049180328
177781,DDD,2014J,0.0,0.0
177817,DDD,2013B,0.05,0.07692307692307693
177967,CCC,2014B,0.25,0.13157894736842105
177981,DDD,2013B,0.25,0.06097560975609756
178020,DDD,2013J,0.7,0.1076923076923077
178072,CCC,2014B,0.0,0.0
178072,CCC,2014J,0.0,0.0
178118,FFF,2013J,0.0,0.0
178179,FFF,2014B,0.1,0.03225806451612903
178258,DDD,2014B,0.1,0.05405405405405406
178496,CCC,2014B,0.05,0.05
178738,BBB,2013J,0.0,0.0
178963,BBB,2013J,0.05,0.125
179073,BBB,2014J,0.0,0.0
179081,FFF,2014B,0.05,0.05
179254,BBB,2013J,0.0,0.0
179718,DDD,2013J,0.3,0.09375
179892,DDD,2013B,0.25,0.09615384615384616
179904,DDD,2013J,0.0,0.0
180651,DDD,2013J,0.45,0.08737864077669903
180667,DDD,2013B,0.05,0.01818181818181818
180753,AAA,2013J,0.5,0.23809523809523808
180958,DDD,2013B,0.55,0.11
180974,FFF,2013B,0.0,0.0
180974,FFF,2013J,0.35,0.07777777777777778
180976,CCC,2014B,0.3,0.125
181508,FFF,2013B,0.1,0.02702702702702703
181861,CCC,2014J,0.25,0.10869565217391304
181992,FFF,2013B,0.1,0.045454545454545456
182400,EEE,2014B,0.5,0.5263157894736842
182468,FFF,2013B,0.05,0.03333333333333333
182824,BBB,2013B,0.0,0.0
182854,CCC,2014J,0.1,0.058823529411764705
183057,AAA,2014J,0.2,0.4444444444444444
183096,AAA,2013J,0.35,0.20588235294117646
183331,DDD,2014B,0.0,0.0
183429,FFF,2014B,0.25,0.125
183714,DDD,2013B,0.2,0.07547169811320754
183947,AAA,2013J,0.3,0.17647058823529413
184129,FFF,2013B,0.0,0.0
184137,GGG,2014B,0.3,0.35294117647058826
184271,AAA,2013J,0.75,0.375
184409,DDD,2014J,0.05,0.02857142857142857
184473,FFF,2013J,0.25,0.0847457627118644
184720,FFF,2014J,0.05,0.3333333333333333
184972,BBB,2014J,0.45,0.225
185021,BBB,2014B,0.0,0.0
185024,DDD,2013J,0.0,0.0
185024,DDD,2014J,0.0,0.0
185057,EEE,2014B,0.4,0.47058823529411764
185127,CCC,2014J,0.0,0.0
185127,DDD,2013J,0.35,0.109375
185349,BBB,2013B,0.05,0.045454545454545456
185350,AAA,2014J,0.1,0.4
185496,FFF,2013B,0.15,0.04411764705882353
185994,FFF,2014J,0.5,0.10989010989010989
186149,AAA,2013J,0.75,0.38461538461538464
186380,FFF,2013B,0.55,0.10476190476190476
186476,EEE,2014B,0.25,0.25
186565,BBB,2014B,0.0,0.0
186670,BBB,2013B,0.0,0.0
186988,BBB,2013B,0.0,0.0
187100,AAA,2013J,0.8,0.4
187199,FFF,2013J,0.25,0.0847457627118644
187257,BBB,2014B,0.1,0.2222222222222222
187435,CCC,2014B,0.3,0.13636363636363635
187601,BBB,2014B,0.3,0.10714285714285714
187623,DDD,2013B,0.0,0.0
187663,DDD,2014B,0.1,0.11764705882352941
187793,BBB,2013B,0.15,0.2727272727272727
188026,BBB,2013J,0.0,0.0
188152,BBB,2013B,0.0,0.0
188251,CCC,2014J,0.0,0.0
188260,EEE,2014B,0.25,0.2777777777777778
188273,CCC,2014J,0.0,0.0
188273,EEE,2013J,0.05,0.041666666666666664
188278,AAA,2014J,0.65,0.3939393939393939
188524,FFF,2013J,0.0,0.0
188662,CCC,2014J,0.0,0.0
188662,EEE,2014B,0.45,0.375
188766,BBB,2014J,0.25,0.21739130434782608
189035,BBB,2014B,0.05,0.06666666666666667
189095,BBB,2013J,0.0,0.0
189117,EEE,2014J,0.75,0.5769230769230769
189143,DDD,2014J,0.0,0.0
189178,DDD,2014B,0.1,0.05714285714285714
189428,CCC,2014B,0.15,0.15
189442,DDD,2014B,0.1,0.045454545454545456
189624,CCC,2014B,0.0,0.0
189624,DDD,2013J,0.45,0.12857142857142856
189629,EEE,2013J,0.3,0.3157894736842105
189664,GGG,2013J,0.1,0.08333333333333333
189720,FFF,2013B,0.05,0.1111111111111111
189879,AAA,2013J,0.5,0.29411764705882354
190279,DDD,2014J,0.1,0.03773584905660377
190352,BBB,2014B,0.0,0.0
190418,FFF,2014B,0.45,0.09375
190565,BBB,2014B,0.1,0.08695652173913043
190780,EEE,2014J,0.7,0.4827586206896552
190910,FFF,2013J,0.0,0.0
190930,FFF,2014B,0.35,0.125
191000,EEE,2013J,0.15,0.3333333333333333
191195,DDD,2013B,0.15,0.075
191269,BBB,2013J,0.15,0.1111111111111111
191445,DDD,2013J,0.35,0.10144927536231885
191459,BBB,2014J,0.25,0.17857142857142858
191590,FFF,2014B,0.25,0.09433962264150944
191732,DDD,2014J,0.0,0.0
191746,BBB,2014J,0.0,0.0
191797,CCC,2014B,0.1,0.08
191896,DDD,2013B,0.25,0.08928571428571429
191972,DDD,2013B,0.5,0.10101010101010101
191973,BBB,2014J,0.35,0.2692307692307692
192183,AAA,2013J,0.75,0.39473684210526316
192186,DDD,2014B,0.15,0.08108108108108109
192196,DDD,2013B,0.05,0.025
192375,DDD,2014J,0.05,0.03125
192424,BBB,2013B,0.15,0.08333333333333333
192680,FFF,2013J,0.25,0.1
192944,BBB,2014J,0.45,0.23076923076923078
193163,CCC,2014B,0.0,0.0
193163,EEE,2014B,0.2,0.3076923076923077
193193,FFF,2013B,0.05,0.034482758620689655
193310,BBB,2014J,0.35,0.21875
193822,BBB,2013B,0.05,0.06666666666666667
193834,FFF,2013B,0.1,0.046511627906976744
194163,FFF,2014J,0.3,0.05714285714285714
195096,BBB,2013J,0.5,0.4
195234,EEE,2013J,0.15,0.6
195246,FFF,2014J,0.15,0.07894736842105263
195262,AAA,2013J,0.35,0.21875
195345,BBB,2014J,0.35,0.2692307692307692
195515,FFF,2014B,0.3,0.14285714285714285
195552,FFF,2014J,0.6,0.13186813186813187
195897,EEE,2014J,0.9,0.5625
195938,BBB,2013J,0.1,0.08695652173913043
195940,BBB,2014J,0.05,0.05
196132,EEE,2014J,0.75,0.5769230769230769
196189,CCC,2014J,0.0,0.0
196266,DDD,2013B,0.0,0.0
197240,BBB,2013J,0.0,0.0
197412,BBB,2013J,0.0,0.0
197486,EEE,2013J,0.65,0.4482758620689655
197527,BBB,2014J,0.05,0.3333333333333333
197536,FFF,2014J,0.0,0.0
197538,FFF,2014B,0.05,0.058823529411764705
197595,BBB,2013B,0.05,0.05555555555555555
197730,EEE,2014B,0.45,0.34615384615384615
197759,BBB,2013J,0.1,0.06060606060606061
198167,GGG,2014J,0.2,0.13333333333333333
198902,CCC,2014B,0.0,0.0
198902,EEE,2014B,0.25,0.3333333333333333
198956,BBB,2013B,0.0,0.0
199009,FFF,2014J,0.35,0.12727272727272726
199029,BBB,2013J,0.3,0.2
199244,FFF,2013B,0.2,0.0625
199361,CCC,2014J,0.0,0.0
199361,FFF,2013J,0.65,0.09090909090909091
199446,FFF,2013B,0.45,0.11392405063291139
199520,BBB,2013B,0.3,0.2727272727272727
199636,AAA,2014J,0.55,0.3333333333333333
199663,BBB,2013J,0.15,0.15789473684210525
199760,CCC,2014J,0.0,0.0
199897,AAA,2014J,0.45,0.2903225806451613
200095,EEE,2013J,0.6,0.5217391304347826
200372,CCC,2014B,0.0,0.0
200773,FFF,2013B,0.4,0.11594202898550725
200804,AAA,2014J,0.55,0.3333333333333333
200860,AAA,2013J,0.1,0.25
200905,BBB,2013B,0.2,0.0784313725490196
201151,DDD,2014B,0.35,0.18421052631578946
201327,CCC,2014B,0.2,0.14285714285714285
201425,CCC,2014J,0.05,0.03333333333333333
201431,BBB,2014B,0.05,0.08333333333333333
202138,DDD,2014J,0.0,0.0
202394,BBB,2014B,0.35,0.4666666666666667
202487,FFF,2013B,0.25,0.10416666666666667
202506,DDD,2013B,0.0,0.0
202606,EEE,2014J,0.5,0.7142857142857143
202635,AAA,2013J,0.05,0.08333333333333333
202677,EEE,2013J,0.5,0.47619047619047616
203050,FFF,2013B,0.3,0.08333333333333333
203066,DDD,2013J,0.25,0.07936507936507936
203149,DDD,2014J,0.0,0.0
203481,BBB,2013B,0.15,0.21428571428571427
203568,FFF,2014B,0.2,0.125
203640,BBB,2013J,0.0,0.0
203707,FFF,2013B,0.15,0.09090909090909091
203963,GGG,2014B,0.05,0.030303030303030304
204182,DDD,2013J,0.25,0.07246376811594203
204410,DDD,2014J,0.05,0.017857142857142856
204505,DDD,2013J,0.25,0.09090909090909091
204609,DDD,2014J,0.0,0.0
204725,CCC,2014B,0.15,0.10344827586206896
204738,GGG,2014B,0.15,0.10344827586206896
204745,GGG,2013J,0.0,0.0
204746,BBB,2013B,0.15,0.3333333333333333
204996,DDD,2013B,0.25,0.1
205350,AAA,2013J,0.8,0.38095238095238093
205398,CCC,2014B,0.0,0.0
205425,CCC,2014B,0.15,0.075
205425,EEE,2013J,0.0,0.0
205442,DDD,2013J,0.35,0.10144927536231885
205494,AAA,2014J,0.55,0.4782608695652174
205719,AAA,2013J,0.05,0.14285714285714285
205788,BBB,2013J,0.25,0.09615384615384616
206003,BBB,2014B,0.0,0.0
206245,CCC,2014B,0.1,0.09523809523809523
206599,CCC,2014B,0.0,0.0
206599,FFF,2013J,0.05,0.03225806451612903
226374,BBB,2013B,0.1,0.13333333333333333
226747,BBB,2014B,0.1,0.08
226827,BBB,2013B,0.05,0.037037037037037035
226839,BBB,2014J,0.55,0.25
226879,GGG,2014J,0.1,0.07407407407407407
226890,GGG,2014J,0.05,0.1111111111111111
226895,DDD,2014B,0.0,0.0
226955,FFF,2014J,0.25,0.18518518518518517
227020,DDD,2013J,0.0,0.0
227192,CCC,2014B,0.55,0.275
227192,EEE,2013J,0.0,0.0
227297,FFF,2014B,0.05,0.022727272727272728
227401,FFF,2013B,0.05,0.1111111111111111
227416,BBB,2013J,0.0,0.0
227491,DDD,2013B,0.05,0.0625
227499,AAA,2013J,0.5,0.30303030303030304
227517,AAA,2013J,0.25,0.3125
227752,CCC,2014B,0.35,0.21212121212121213
227826,DDD,2014B,0.05,0.25
228021,AAA,2014J,0.8,0.48484848484848486
228082,AAA,2013J,0.05,0.07142857142857142
228138,FFF,2014B,0.2,0.14814814814814814
228222,AAA,2013J,0.2,0.23529411764705882
228242,DDD,2013B,0.1,0.08
228258,FFF,2014B,0.45,0.15
228272,DDD,2014B,0.3,0.10909090909090909
228383,AAA,2014J,0.65,0.3611111111111111
228481,BBB,2014B,0.05,0.02857142857142857
228633,FFF,2014J,0.4,0.18181818181818182
228695,DDD,2013J,0.0,0.0
228695,FFF,2013J,0.0,0.0
228703,FFF,2013B,0.15,0.06818181818181818
228729,FFF,2014B,0.35,0.10294117647058823
228775,DDD,2014B,0.15,0.1
228784,BBB,2014B,0.05,0.14285714285714285
228824,BBB,2014B,0.0,0.0
228888,DDD,2013J,0.15,0.07317073170731707
228909,BBB,2014J,0.05,0.1111111111111111
229057,DDD,2013B,0.05,0.1111111111111111
229179,AAA,2013J,0.15,0.2
229240,BBB,2013B,0.0,0.0
229361,AAA,2013J,0.4,0.2962962962962963
229426,BBB,2013B,0.1,0.08695652173913043
229498,FFF,2014J,0.45,0.2
230081,BBB,2013J,0.05,0.03571428571428571
230279,FFF,2013B,0.3,0.10909090909090909
230383,BBB,2014J,0.6,0.36363636363636365
230684,FFF,2013B,0.0,0.0
230761,CCC,2014B,0.15,0.17647058823529413
231017,EEE,2014J,0.8,0.5925925925925926
231019,EEE,2014B,0.0,0.0
231024,FFF,2013J,0.2,0.04819277108433735
231339,CCC,2014B,0.0,0.0
231339,EEE,2014B,0.55,0.4583333333333333
231554,AAA,2013J,0.45,0.2903225806451613
231572,DDD,2013J,0.2,0.08163265306122448
231606,FFF,2013J,0.3,0.11320754716981132
231959,BBB,2013J,0.0,0.0
232072,CCC,2014J,0.0,0.0
232078,DDD,2013J,0.0,0.0
232078,EEE,2014J,0.0,0.0
232173,FFF,2014J,0.5,0.1694915254237288
232286,FFF,2014B,0.2,0.1
232307,AAA,2014J,0.2,0.23529411764705882
232347,FFF,2013J,0.25,0.08196721311475409
232480,GGG,2014J,0.15,0.23076923076923078
232539,BBB,2014B,0.05,0.03333333333333333
232660,FFF,2013J,0.25,0.07142857142857142
232695,BBB,2013B,0.05,0.02857142857142857
232764,FFF,2013B,0.0,0.0
232764,FFF,2013J,0.15,0.04838709677419355
232827,DDD,2014B,0.0,0.0
232856,FFF,2013J,0.45,0.07964601769911504
233087,FFF,2013J,0.6,0.08759124087591241
233095,BBB,2014B,0.0,0.0
233102,BBB,2014B,0.0,0.0
233153,GGG,2013J,0.1,0.08333333333333333
233311,EEE,2013J,0.7,0.5185185185185185
233317,BBB,2013J,0.4,0.2857142857142857
233335,EEE,2014J,0.5,0.5882352941176471
233389,DDD,2013B,0.1,0.08333333333333333
233444,CCC,2014B,0.0,0.0
233444,CCC,2014J,0.0,0.0
233685,EEE,2014J,0.6,0.631578947368421
233752,BBB,2013J,0.2,0.13333333333333333
233771,DDD,2013B,0.15,0.05
233771,EEE,2013J,0.0,0.0
233868,DDD,2014B,0.05,0.14285714285714285
233873,DDD,2014J,0.0,0.0
233957,BBB,2013J,0.0,0.0
234068,FFF,2013J,0.0,0.0
234311,CCC,2014B,0.0,0.0
234311,EEE,2013J,0.75,0.4838709677419355
234406,DDD,2013J,0.2,0.06557377049180328
234552,DDD,2014J,0.3,0.12244897959183673
234559,EEE,2014B,0.2,0.23529411764705882
234609,FFF,2013B,0.8,0.07804878048780488
234661,FFF,2014J,0.45,0.11538461538461539
234727,FFF,2013B,0.3,0.06818181818181818
234740,CCC,2014B,0.0,0.0
234740,DDD,2013B,0.3,0.13953488372093023
234796,FFF,2014B,0.25,0.08771929824561403
234859,DDD,2013B,0.05,0.041666666666666664
234929,BBB,2013J,0.1,0.06896551724137931
235068,AAA,2014J,0.65,0.3939393939393939
235097,BBB,2013B,0.0,0.0
235131,FFF,2013J,0.05,0.125
235371,BBB,2014J,0.1,0.125
235380,BBB,2014B,0.0,0.0
235428,BBB,2014B,0.0,0.0
235428,DDD,2013B,0.35,0.14
235507,AAA,2014J,0.35,0.28
235670,FFF,2013J,0.25,0.09615384615384616
235706,FFF,2013J,0.0,0.0
235768,FFF,2014J,0.05,0.03333333333333333
235893,DDD,2014J,0.2,0.11764705882352941
235971,FFF,2014J,0.35,0.11475409836065574
235978,FFF,2013J,0.4,0.08247422680412371
236090,FFF,2014J,0.35,0.12727272727272726
236161,BBB,2014B,0.0,0.0
236205,CCC,2014B,0.25,0.10416666666666667
236284,AAA,2013J,0.5,0.2777777777777778
236498,DDD,2013B,0.25,0.07352941176470588
236620,CCC,2014B,0.0,0.0
236620,DDD,2013B,0.4,0.0975609756097561
236844,FFF,2013B,0.25,0.13513513513513514
236857,DDD,2013J,0.05,0.02857142857142857
236875,AAA,2014J,0.1,0.18181818181818182
236953,DDD,2013J,0.25,0.09433962264150944
237182,FFF,2014B,0.0,0.0
237274,AAA,2014J,0.75,0.4166666666666667
237304,BBB,2013B,0.2,0.16666666666666666
237370,FFF,2014B,0.35,0.3333333333333333
237387,FFF,2013J,0.1,0.13333333333333333
237401,FFF,2013B,0.1,0.05
237602,DDD,2013J,0.4,0.125
237891,FFF,2014J,0.45,0.15254237288135594
237913,BBB,2013B,0.0,0.0
237913,BBB,2014J,0.4,0.1509433962264151
237921,GGG,2014J,0.1,0.05714285714285714
237953,FFF,2013B,0.0,0.0
238007,AAA,2013J,0.75,0.36585365853658536
238144,BBB,2014J,0.35,0.28
238150,FFF,2013J,0.45,0.10588235294117647
238255,CCC,2014J,0.05,0.2
238519,BBB,2014B,0.0,0.0
238800,DDD,2013J,0.05,0.06666666666666667
238901,FFF,2013B,0.15,0.075
238983,DDD,2013J,0.2,0.0851063829787234
239095,GGG,2013J,0.0,0.0
239345,FFF,2014B,0.2,0.0625
239459,DDD,2014B,0.75,0.22388059701492538
239540,FFF,2013B,0.25,0.10416666666666667
239748,FFF,2013B,0.05,0.07692307692307693
239751,GGG,2014J,0.0,0.0
239908,EEE,2014J,0.65,0.5
240024,FFF,2013B,0.2,0.05970149253731343
240186,DDD,2014J,0.15,0.08823529411764706
240236,DDD,2014J,0.05,0.027777777777777776
240389,DDD,2013B,0.25,0.14705882352941177
240486,CCC,2014J,0.0,0.0
240486,DDD,2014B,0.05,0.02127659574468085
240641,DDD,2013J,0.05,0.038461538461538464
240712,AAA,2013J,0.15,0.21428571428571427
240755,DDD,2013B,0.05,0.047619047619047616
240755,DDD,2014B,0.0,0.0
240884,AAA,2013J,0.15,0.15
240993,BBB,2013J,0.05,0.034482758620689655
241039,FFF,2013J,0.25,0.08064516129032258
241066,DDD,2014J,0.05,0.037037037037037035
241338,BBB,2013J,0.0,0.0
241649,AAA,2013J,0.6,0.41379310344827586
241728,EEE,2014J,0.85,0.4857142857142857
241729,AAA,2013J,0.4,0.24242424242424243
241769,DDD,2014J,0.0,0.0
241771,DDD,2013B,0.2,0.06896551724137931
241922,DDD,2013B,0.2,0.06153846153846154
242149,BBB,2013J,0.0,0.0
242254,FFF,2014B,0.05,0.04
242472,DDD,2013J,0.15,0.10714285714285714
242491,FFF,2013J,0.4,0.14035087719298245
242633,DDD,2014B,0.1,0.09090909090909091
242778,CCC,2014J,0.0,0.0
242778,EEE,2013J,0.55,0.44
242793,AAA,2013J,0.7,0.4
242858,CCC,2014B,0.2,0.0851063829787234
242858,EEE,2013J,0.0,0.0
242893,BBB,2013J,0.05,0.3333333333333333
242998,FFF,2014B,0.2,0.058823529411764705
243025,DDD,2014J,0.0,0.0
243358,CCC,2014J,0.0,0.0
243372,DDD,2013J,0.25,0.15151515151515152
243396,FFF,2013J,0.0,0.0
243510,AAA,2014J,0.3,0.35294117647058826
243600,FFF,2013B,0.1,0.2
243657,FFF,2013B,0.25,0.058823529411764705
243851,BBB,2013J,0.1,0.08333333333333333
243926,EEE,2014J,0.2,0.5714285714285714
243992,BBB,2013J,0.0,0.0
244064,BBB,2014B,0.1,0.09090909090909091
244114,FFF,2013B,0.25,0.09803921568627451
244166,EEE,2014B,0.3,0.3157894736842105
244205,FFF,2013J,0.75,0.09615384615384616
244246,AAA,2014J,0.35,0.2916666666666667
244738,CCC,2014J,0.0,0.0
244738,DDD,2013J,0.45,0.13636363636363635
244816,FFF,2013B,0.05,0.06666666666666667
244875,DDD,2013B,0.35,0.11475409836065574
244918,FFF,2013B,0.0,0.0
244919,DDD,2013B,0.1,0.08
244961,FFF,2014B,0.15,0.06
244977,CCC,2014B,0.25,0.10204081632653061
244977,EEE,2014B,0.0,0.0
245217,CCC,2014B,0.25,0.20833333333333334
245217,CCC,2014J,0.0,0.0
245283,FFF,2013J,0.1,0.027777777777777776
245316,EEE,2013J,0.1,0.5
245494,CCC,2014B,0.35,0.7
245494,EEE,2013J,0.0,0.0
245600,CCC,2014J,0.4,0.2222222222222222
245605,EEE,2013J,0.6,0.48
245784,BBB,2014J,0.25,0.3125
245802,GGG,2014B,0.15,0.08333333333333333
245946,DDD,2013J,0.0,0.0
245987,BBB,2013J,0.0,0.0
246060,EEE,2013J,0.35,0.3333333333333333
246652,DDD,2013B,0.45,0.1232876712328767
246829,CCC,2014J,0.05,0.25
246834,AAA,2013J,0.25,0.25
247267,BBB,2013B,0.25,0.18518518518518517
247292,BBB,2014B,0.25,0.3333333333333333
247457,BBB,2014J,0.35,0.19444444444444445
247513,BBB,2014B,0.0,0.0
247666,FFF,2013B,0.35,0.07216494845360824
247819,CCC,2014B,0.0,0.0
247819,EEE,2014B,0.45,0.3333333333333333
247856,FFF,2013B,0.05,0.023809523809523808
247902,BBB,2013J,0.0,0.0
247967,BBB,2014J,0.2,0.19047619047619047
248103,BBB,2013B,0.15,0.15789473684210525
248270,AAA,2013J,0.25,0.23809523809523808
248511,DDD,2013B,0.15,0.057692307692307696
248581,AAA,2014J,0.9,0.46153846153846156
248653,BBB,2013J,0.05,0.043478260869565216
248695,DDD,2013J,0.25,0.10416666666666667
248716,BBB,2013J,0.0,0.0
248818,EEE,2014B,0.45,0.4090909090909091
248882,FFF,2013J,0.4,0.08888888888888889
248961,DDD,2013J,0.05,0.029411764705882353
248994,DDD,2013B,0.4,0.12121212121212122
249357,FFF,2014J,0.45,0.15
249359,DDD,2014J,0.05,0.047619047619047616
249362,FFF,2013B,0.5,0.10101010101010101
249423,DDD,2013B,0.2,0.09090909090909091
249534,BBB,2013B,0.05,0.04
249704,DDD,2013J,0.0,0.0
249750,FFF,2013J,0.15,0.034482758620689655
249965,GGG,2013J,0.05,0.034482758620689655
249996,DDD,2013B,0.05,0.047619047619047616
250047,EEE,2013J,0.5,0.37037037037037035
250123,BBB,2014B,0.0,0.0
250159,EEE,2014J,0.4,0.4
250163,DDD,2013J,0.45,0.1
251166,FFF,2014J,0.4,0.10526315789473684
251351,BBB,2013B,0.1,0.2857142857142857
251375,FFF,2014B,0.25,0.10638297872340426
251385,CCC,2014B,0.1,0.0392156862745098
251405,FFF,2013J,0.35,0.08333333333333333
251965,FFF,2013J,0.0,0.0
251999,DDD,2013B,0.15,0.07142857142857142
252041,FFF,2013B,0.1,0.05263157894736842
252073,AAA,2014J,0.4,0.3333333333333333
252095,FFF,2013B,0.2,0.0625
252149,DDD,2013B,0.05,0.019230769230769232
252257,BBB,2013J,0.0,0.0
252489,DDD,2013B,0.2,0.08
252652,BBB,2013J,0.0,0.0
252652,BBB,2014B,0.0,0.0
252863,BBB,2014J,0.0,0.0
253013,CCC,2014J,0.05,0.02702702702702703
253208,GGG,2013J,0.15,0.10344827586206896
253496,CCC,2014J,0.0,0.0
253496,EEE,2014J,0.4,0.4444444444444444
253567,GGG,2013J,0.05,0.08333333333333333
253577,BBB,2013J,0.15,0.13636363636363635
253579,DDD,2013J,0.0,0.0
253633,FFF,2014J,0.35,0.175
253763,FFF,2014J,0.7,0.15730337078651685
253767,FFF,2013J,0.3,0.08
253859,CCC,2014B,0.3,0.15384615384615385
254044,FFF,2013B,0.2,0.06557377049180328
254162,FFF,2013B,0.0,0.0
254325,FFF,2013B,0.15,0.047619047619047616
254446,FFF,2013J,0.4,0.0975609756097561
254463,FFF,2013B,0.15,0.10714285714285714
254612,BBB,2014J,0.05,0.25
254625,AAA,2014J,0.35,0.25
255310,CCC,2014B,0.0,0.0
255310,FFF,2013J,0.35,0.07446808510638298
255344,FFF,2013B,0.3,0.05555555555555555
255347,BBB,2013B,0.2,0.11764705882352941
255548,AAA,2013J,0.55,0.3548387096774194
255747,DDD,2013B,0.05,0.027777777777777776
255878,FFF,2014B,0.6,0.17647058823529413
255902,DDD,2013B,0.05,0.041666666666666664
255998,BBB,2013B,0.0,0.0
256144,DDD,2014J,0.45,0.13636363636363635
256740,FFF,2014B,0.85,0.1349206349206349
256815,AAA,2013J,0.55,0.24444444444444444
256867,CCC,2014J,0.0,0.0
256867,EEE,2014B,0.65,0.5
256905,FFF,2013J,0.0,0.0
256998,BBB,2013J,0.0,0.0
257104,FFF,2014B,0.05,0.07692307692307693
257167,DDD,2013J,0.1,0.05263157894736842
257887,CCC,2014J,0.0,0.0
257887,FFF,2013J,0.15,0.02158273381294964
258010,DDD,2013J,0.1,0.02531645569620253
258035,BBB,2013J,0.6,0.21428571428571427
258042,DDD,2013J,0.3,0.10909090909090909
258245,FFF,2014J,0.45,0.2
258268,BBB,2014J,0.0,0.0
258310,DDD,2013B,0.0,0.0
258392,AAA,2013J,0.35,0.21875
258509,FFF,2014J,0.55,0.16417910447761194
258538,DDD,2014J,0.1,0.03636363636363636
258587,AAA,2014J,0.85,0.5862068965517241
258737,FFF,2014B,0.5,0.1388888888888889
258840,BBB,2014J,0.1,0.11764705882352941
258894,AAA,2013J,0.65,0.3333333333333333
258978,FFF,2014J,0.4,0.22857142857142856
259060,DDD,2013J,0.05,0.02127659574468085
259641,CCC,2014J,0.0,0.0
259641,DDD,2013J,0.25,0.07352941176470588
259662,EEE,2013J,0.7,0.6086956521739131
259951,DDD,2013J,0.1,0.09523809523809523
260062,FFF,2014B,0.3,0.15
260077,DDD,2014J,0.05,0.02631578947368421
260137,BBB,2014J,0.6,0.3157894736842105
260179,BBB,2013J,0.0,0.0
260216,BBB,2014J,0.0,0.0
260355,AAA,2013J,0.15,0.2
260491,DDD,2013B,0.25,0.09803921568627451
260565,DDD,2014B,0.2,0.16
260623,AAA,2014J,0.45,0.45
260639,DDD,2013B,0.05,0.14285714285714285
260949,CCC,2014B,0.0,0.0
260955,BBB,2014B,0.0,0.0
261160,CCC,2014J,0.0,0.0
261265,CCC,2014B,0.0,0.0
261265,FFF,2014B,0.35,0.16279069767441862
261335,FFF,2013B,0.1,0.045454545454545456
261342,GGG,2014B,0.0,0.0
261466,BBB,2013J,0.0,0.0
261495,DDD,2013J,0.4,0.14545454545454545
261525,FFF,2013J,0.0,0.0
261615,CCC,2014B,0.3,0.11320754716981132
261718,GGG,2013J,0.05,0.029411764705882353
261863,FFF,2014J,0.0,0.0
262011,AAA,2013J,0.1,0.1111111111111111
262025,FFF,2014J,0.55,0.1774193548387097
262294,BBB,2013B,0.05,0.08333333333333333
262385,CCC,2014J,0.2,0.25
262394,FFF,2014J,0.05,0.03571428571428571
262403,FFF,2013J,0.35,0.07608695652173914
262454,BBB,2013B,0.1,0.09523809523809523
262639,BBB,2013J,0.05,0.05555555555555555
262741,BBB,2013B,0.0,0.0
262934,AAA,2013J,0.2,0.15384615384615385
263251,AAA,2014J,0.7,0.5384615384615384
263341,GGG,2014J,0.1,0.125
263448,BBB,2014J,0.35,0.19444444444444445
263499,BBB,2013B,0.15,0.08571428571428572
263524,DDD,2013B,0.1,0.125
263543,AAA,2014J,0.5,0.4166666666666667
263862,FFF,2014J,0.5,0.10101010101010101
263952,AAA,2014J,0.5,0.3125
264106,BBB,2014B,0.0,0.0
264151,CCC,2014J,0.0,0.0
264152,BBB,2013J,0.0,0.0
264159,CCC,2014B,0.35,0.22580645161290322
264164,FFF,2013J,0.05,0.010752688172043012
264298,FFF,2014B,0.0,0.0
264694,BBB,2014J,0.2,0.2
264715,CCC,2014J,0.0,0.0
264723,DDD,2014B,0.2,0.13793103448275862
264744,BBB,2013J,0.05,0.14285714285714285
264845,CCC,2014J,0.55,0.2619047619047619
265112,FFF,2013B,0.25,0.04854368932038835
265170,BBB,2013J,0.0,0.0
265268,FFF,2013J,0.35,0.08235294117647059
265466,BBB,2014J,0.3,0.2
265497,FFF,2014J,0.25,0.09433962264150944
265769,EEE,2013J,0.6,0.5
265855,FFF,2013B,0.25,0.045454545454545456
265958,BBB,2014B,0.0,0.0
265978,FFF,2013J,0.4,0.20512820512820512
266286,DDD,2013J,0.3,0.07142857142857142
266331,BBB,2013J,0.1,0.06060606060606061
266450,DDD,2013B,0.25,0.16129032258064516
266514,DDD,2013B,0.15,0.07692307692307693
266524,AAA,2014J,0.3,0.3
266536,FFF,2014B,0.2,0.07692307692307693
266558,CCC,2014B,0.05,0.125
266558,DDD,2013J,0.0,0.0
266564,BBB,2013J,0.0,0.0
266626,GGG,2013J,0.3,0.1935483870967742
266744,BBB,2014B,0.0,0.0
266757,DDD,2013B,0.1,0.125
266915,EEE,2013J,0.05,0.5
266922,DDD,2014B,0.05,0.03225806451612903
267602,FFF,2013B,0.55,0.09243697478991597
267619,CCC,2014J,0.5,0.3125
267761,BBB,2013B,0.0,0.0
267871,DDD,2013J,0.1,0.04081632653061224
267961,EEE,2014B,0.25,0.625
268018,CCC,2014B,0.2,0.5714285714285714
268073,AAA,2013J,0.8,0.32653061224489793
268143,DDD,2014J,0.1,0.05555555555555555
268153,FFF,2013J,0.15,0.04054054054054054
268301,BBB,2014B,0.1,0.03773584905660377
268391,GGG,2013J,0.1,0.08695652173913043
268589,BBB,2013J,0.05,0.058823529411764705
268649,FFF,2014B,0.0,0.0
268733,AAA,2013J,0.0,0.0
268845,FFF,2014B,0.0,0.0
269082,BBB,2013J,0.4,0.16
269204,BBB,2013J,0.15,0.07142857142857142
269220,EEE,2014J,0.85,0.5862068965517241
269243,FFF,2013B,0.4,0.056338028169014086
269388,CCC,2014J,0.25,0.14285714285714285
269508,FFF,2013J,0.25,0.043478260869565216
269510,BBB,2014J,0.1,0.16666666666666666
269575,DDD,2014J,0.0,0.0
269584,FFF,2014J,0.2,0.1111111111111111
269593,FFF,2013B,0.1,0.25
269676,CCC,2014B,0.0,0.0
269676,DDD,2013B,0.2,0.0975609756097561
269730,FFF,2014B,0.25,0.1
269764,EEE,2013J,0.15,0.3
269856,DDD,2014J,0.1,0.04
270393,DDD,2013J,0.05,0.022727272727272728
270421,FFF,2014J,0.2,0.058823529411764705
270493,DDD,2013J,0.05,0.1111111111111111
270502,DDD,2014J,0.0,0.0
270567,BBB,2013B,0.1,0.13333333333333333
270638,EEE,2013J,0.6,0.5217391304347826
270646,BBB,2013J,0.0,0.0
270814,DDD,2013B,0.3,0.0967741935483871
270988,EEE,2014J,0.55,0.6470588235294118
271036,BBB,2013B,0.15,0.05084745762711865
271206,DDD,2013J,0.05,0.5
271251,AAA,2013J,0.75,0.39473684210526316
271274,FFF,2013J,0.0,0.0
271467,BBB,2014B,0.0,0.0
271526,DDD,2013J,0.25,0.0684931506849315
271974,DDD,2014B,0.25,0.13513513513513514
272580,BBB,2013B,0.1,0.08
272623,FFF,2013J,0.0,0.0
273339,DDD,2013B,0.0,0.0
273346,AAA,2014J,0.75,0.5
273442,FFF,2013J,0.35,0.07368421052631578
273731,BBB,2013B,0.0,0.0
273782,FFF,2013J,0.1,0.03389830508474576
273877,BBB,2013B,0.15,0.21428571428571427
274218,EEE,2014B,0.35,0.3888888888888889
274247,BBB,2013J,0.25,0.25
274443,FFF,2013J,0.2,0.07407407407407407
274712,DDD,2013J,0.1,0.14285714285714285
274947,AAA,2014J,0.15,0.42857142857142855
274967,EEE,2014J,0.65,0.48148148148148145
274971,BBB,2013J,0.25,0.13157894736842105
275006,BBB,2014J,0.0,0.0
275112,BBB,2014B,0.2,0.26666666666666666
275136,GGG,2014J,0.35,0.22580645161290322
275151,FFF,2013B,0.25,0.042735042735042736
275162,EEE,2013J,0.05,0.5
275180,BBB,2014J,0.75,0.3333333333333333
275232,DDD,2013J,0.35,0.07865168539325842
275296,BBB,2014J,0.0,0.0
275297,CCC,2014J,0.0,0.0
275297,DDD,2014J,0.15,0.04225352112676056
275674,AAA,2014J,0.15,0.5
275711,CCC,2014J,0.3,0.06451612903225806
275792,AAA,2014J,0.2,0.17391304347826086
276265,FFF,2014B,0.0,0.0
276265,FFF,2014J,0.0,0.0
276314,FFF,2013B,0.1,0.044444444444444446
276337,FFF,2014J,0.1,0.14285714285714285
276388,FFF,2013J,0.2,0.06666666666666667
276717,BBB,2013B,0.2,0.16666666666666666
276808,FFF,2013J,0.35,0.1076923076923077
276830,GGG,2013J,0.1,0.10526315789473684
276857,DDD,2013J,0.35,0.07777777777777778
276893,GGG,2014J,0.55,0.34375
276925,BBB,2013J,0.0,0.0
276925,BBB,2014J,0.0,0.0
276935,DDD,2014J,0.2,0.04938271604938271
277044,FFF,2013B,0.35,0.051094890510948905
277123,AAA,2014J,0.25,0.2777777777777778
277166,DDD,2014B,0.15,0.1111111111111111
277412,DDD,2013J,0.2,0.16666666666666666
277577,FFF,2014B,0.25,0.09615384615384616
277596,DDD,2013J,0.35,0.07954545454545454
277729,DDD,2013J,0.05,0.06666666666666667
277733,BBB,2013B,0.1,0.11764705882352941
277812,BBB,2013J,0.1,0.09090909090909091
277880,AAA,2013J,0.15,0.15789473684210525
277880,AAA,2014J,0.0,0.0
277967,BBB,2014J,0.2,0.08163265306122448
278155,FFF,2014B,0.45,0.1111111111111111
278272,BBB,2013J,0.0,0.0
278380,FFF,2014J,0.35,0.14583333333333334
278447,BBB,2013B,0.05,0.0625
278786,EEE,2014B,0.3,0.375
278794,BBB,2013J,0.1,0.14285714285714285
278861,CCC,2014B,0.2,0.13793103448275862
278955,FFF,2013J,0.1,0.05263157894736842
278962,GGG,2014B,0.1,0.06666666666666667
279085,FFF,2013J,0.6,0.08333333333333333
279440,FFF,2014J,0.55,0.09243697478991597
279572,AAA,2013J,0.35,0.30434782608695654
279653,FFF,2014J,0.6,0.09917355371900827
279747,GGG,2013J,0.4,0.2222222222222222
279750,FFF,2013J,0.7,0.11023622047244094
279755,FFF,2014B,0.35,0.11290322580645161
279868,CCC,2014B,0.0,0.0
279868,DDD,2013J,0.0,0.0
280017,EEE,2013J,0.75,0.36585365853658536
280152,BBB,2014J,0.4,0.17777777777777778
281022,AAA,2013J,0.2,0.18181818181818182
281077,AAA,2014J,0.35,0.4117647058823529
281118,DDD,2013B,0.1,0.08333333333333333
281134,FFF,2014J,0.55,0.12790697674418605
281172,DDD,2014J,0.05,0.03333333333333333
281250,AAA,2013J,0.0,0.0
281564,BBB,2013B,0.15,0.3333333333333333
281589,AAA,2013J,0.0,0.0
281619,GGG,2013J,0.05,0.08333333333333333
281636,AAA,2014J,0.5,0.24390243902439024
281638,FFF,2013J,0.4,0.1095890410958904
281651,FFF,2013B,0.3,0.13953488372093023
281656,EEE,2013J,0.0,0.0
281801,CCC,2014B,0.3,0.12244897959183673
281920,DDD,2014J,0.05,0.018867924528301886
282193,CCC,2014B,0.2,0.10256410256410256
282193,DDD,2013B,0.05,0.022222222222222223
282317,DDD,2013J,0.1,0.038461538461538464
282388,GGG,2014B,0.05,0.03333333333333333
282713,BBB,2014B,0.05,0.08333333333333333
282806,FFF,2014B,0.2,0.15384615384615385
282821,AAA,2013J,0.25,0.1724137931034483
282849,FFF,2014J,0.55,0.16176470588235295
282879,FFF,2013B,0.2,0.058823529411764705
282975,FFF,2013J,0.6,0.07692307692307693
283035,GGG,2014B,0.0,0.0
283131,BBB,2014B,0.0,0.0
283133,EEE,2013J,0.4,0.4
283230,FFF,2013B,0.2,0.046511627906976744
283348,FFF,2013B,0.15,0.047619047619047616
283402,FFF,2014J,0.65,0.16049382716049382
283535,DDD,2013J,0.05,0.5
283564,BBB,2014B,0.0,0.0
283618,CCC,2014J,0.0,0.0
283618,DDD,2013B,0.2,0.06779661016949153
283798,CCC,2014B,0.25,0.1724137931034483
283953,FFF,2013J,0.5,0.12195121951219512
283978,BBB,2014B,0.05,1.0
284076,BBB,2013B,0.05,0.08333333333333333
284095,CCC,2014J,0.0,0.0
284095,EEE,2014J,0.8,0.5333333333333333
284246,BBB,2014J,0.3,0.15789473684210525
284395,FFF,2013J,0.05,0.014084507042253521
284741,DDD,2014J,0.0,0.0
284762,BBB,2014J,0.2,0.14814814814814814
284812,CCC,2014B,0.25,0.10638297872340426
284906,BBB,2013J,0.35,0.4375
285050,BBB,2013J,0.0,0.0
285085,DDD,2013J,0.05,0.125
285096,DDD,2013B,0.35,0.08536585365853659
285170,CCC,2014B,0.0,0.0
285170,EEE,2014B,0.3,0.20689655172413793
285193,GGG,2014B,0.35,0.2916666666666667
285315,AAA,2014J,0.3,0.35294117647058826
285391,FFF,2013B,0.1,0.05555555555555555
285412,DDD,2014B,0.1,0.047619047619047616
285470,BBB,2014J,0.1,0.1111111111111111
285475,CCC,2014B,0.0,0.0
285475,DDD,2013B,0.15,0.047619047619047616
285481,DDD,2014J,0.1,0.0625
285557,DDD,2013J,0.2,0.07142857142857142
285567,BBB,2014B,0.1,0.03636363636363636
285633,BBB,2013B,0.0,0.0
285637,CCC,2014J,0.0,0.0
285705,GGG,2013J,0.05,0.05
285912,BBB,2013B,0.1,0.1
285934,EEE,2014J,0.7,0.4375
285996,FFF,2013B,0.1,0.045454545454545456
286067,FFF,2013B,0.1,0.2
286160,GGG,2013J,0.15,0.1
286262,EEE,2014J,0.45,0.45
286338,BBB,2014J,0.4,0.25
286402,BBB,2013J,0.35,0.16279069767441862
286422,FFF,2013B,0.15,0.058823529411764705
286488,AAA,2013J,0.45,0.25
286527,EEE,2013J,0.0,0.0
286527,EEE,2014J,0.2,0.4444444444444444
286658,CCC,2014J,0.05,0.02040816326530612
286690,BBB,2013J,0.0,0.0
286762,GGG,2013J,0.1,0.06060606060606061
286778,FFF,2014J,0.55,0.1774193548387097
286842,DDD,2013J,0.1,0.15384615384615385
286914,BBB,2014B,0.1,0.05
286947,BBB,2014J,0.25,0.2
287040,AAA,2014J,0.85,0.37777777777777777
287079,FFF,2014J,0.15,0.075
287099,FFF,2013B,0.2,0.0784313725490196
287107,BBB,2013J,0.0,0.0
287204,AAA,2014J,0.75,0.40540540540540543
287210,AAA,2014J,0.7,0.7
287258,FFF,2014J,0.55,0.1134020618556701
287309,BBB,2013J,0.3,0.2608695652173913
287432,DDD,2013B,0.4,0.1038961038961039
287548,AAA,2013J,0.3,0.2608695652173913
287679,BBB,2013J,0.0,0.0
287783,DDD,2013J,0.2,0.08695652173913043
288086,BBB,2014J,0.05,0.038461538461538464
288282,EEE,2013J,0.6,0.5217391304347826
288967,BBB,2014B,0.05,0.05263157894736842
289009,CCC,2014B,0.05,0.043478260869565216
289009,DDD,2013J,0.0,0.0
289108,BBB,2014B,0.1,0.04081632653061224
289221,FFF,2013J,0.45,0.0703125
289247,FFF,2014J,0.4,0.14285714285714285
289304,FFF,2013J,0.4,0.07207207207207207
289397,EEE,2014B,0.05,0.0625
289449,AAA,2014J,0.5,0.3333333333333333
289564,DDD,2013B,0.1,0.07407407407407407
290043,DDD,2013B,0.0,0.0
290089,BBB,2013J,0.05,0.05555555555555555
290164,AAA,2014J,0.1,0.046511627906976744
290184,BBB,2014J,0.0,0.0
290201,AAA,2013J,0.35,0.2413793103448276
290382,EEE,2013J,0.6,0.35294117647058826
290521,FFF,2013J,0.15,0.041666666666666664
290550,BBB,2013B,0.05,0.07142857142857142
290658,GGG,2013J,0.05,0.07692307692307693
290757,AAA,2013J,0.1,0.1111111111111111
290854,GGG,2014J,0.5,0.5263157894736842
290914,BBB,2014B,0.05,0.045454545454545456
291005,DDD,2014B,0.3,0.17142857142857143
291037,BBB,2013B,0.05,0.043478260869565216
291133,DDD,2013B,0.2,0.0547945205479452
291156,CCC,2014J,0.0,0.0
291159,FFF,2013B,0.1,0.047619047619047616
291194,BBB,2013B,0.1,0.09523809523809523
291237,FFF,2013J,0.2,0.058823529411764705
291334,AAA,2013J,0.8,0.42105263157894735
291516,FFF,2013J,0.0,0.0
291544,BBB,2013J,0.1,0.08
291674,CCC,2014J,0.0,0.0
291674,EEE,2014B,0.4,0.34782608695652173
291745,FFF,2013J,0.6,0.0759493670886076
291805,CCC,2014B,0.2,0.0784313725490196
291844,BBB,2014B,0.05,0.038461538461538464
291960,FFF,2013B,0.1,0.023529411764705882
292136,GGG,2013J,0.1,0.08333333333333333
292525,AAA,2014J,0.5,0.38461538461538464
292537,BBB,2013J,0.0,0.0
292694,DDD,2013J,0.1,0.06060606060606061
292775,AAA,2014J,0.55,0.36666666666666664
293162,CCC,2014J,0.3,0.10526315789473684
293317,FFF,2013J,0.0,0.0
293387,BBB,2014J,0.4,0.25
293454,FFF,2014B,0.1,0.09523809523809523
293686,CCC,2014J,0.25,0.06493506493506493
293686,EEE,2014B,0.0,0.0
293699,AAA,2013J,0.05,0.041666666666666664
293712,BBB,2013J,0.0,0.0
293754,BBB,2013J,0.15,0.13043478260869565
293760,BBB,2013J,0.0,0.0
293824,AAA,2014J,0.6,0.4444444444444444
293853,DDD,2013J,0.05,0.07142857142857142
293992,BBB,2014B,0.0,0.0
294112,CCC,2014J,0.0,0.0
294112,FFF,2014J,0.2,0.14285714285714285
294134,BBB,2014J,0.45,0.2727272727272727
294219,FFF,2014J,0.4,0.1095890410958904
294364,DDD,2013J,0.2,0.0851063829787234
294381,BBB,2013B,0.0,0.0
294496,AAA,2014J,0.45,0.4090909090909091
294513,BBB,2014B,0.1,0.2222222222222222
294570,AAA,2013J,0.6,0.3
294594,AAA,2013J,0.45,0.375
294655,AAA,2014J,0.55,0.3235294117647059
294929,FFF,2014J,0.2,0.12121212121212122
294961,BBB,2013B,0.0,0.0
295060,AAA,2014J,0.15,0.2
295075,AAA,2014J,0.7,0.4117647058823529
295118,DDD,2014J,0.1,0.023529411764705882
295255,FFF,2013J,0.35,0.09859154929577464
295728,BBB,2014B,0.0,0.0
295741,AAA,2013J,0.0,0.0
295741,FFF,2014B,0.1,0.05
295754,BBB,2013B,0.0,0.0
295893,CCC,2014B,0.0,0.0
296138,DDD,2014J,0.15,0.10344827586206896
296222,EEE,2014J,0.75,0.5172413793103449
296232,BBB,2014B,0.0,0.0
296332,AAA,2013J,0.65,0.43333333333333335
296411,CCC,2014B,0.05,0.03125
296424,AAA,2014J,0.65,0.5416666666666666
296725,CCC,2014J,0.0,0.0
296904,FFF,2014B,0.2,0.0851063829787234
296993,GGG,2013J,0.0,0.0
297014,FFF,2014B,0.4,0.13114754098360656
297166,CCC,2014J,0.2,0.12903225806451613
297179,BBB,2014J,0.1,0.03773584905660377
297218,FFF,2014J,0.4,0.11764705882352941
297341,FFF,2014J,0.4,0.1568627450980392
297484,BBB,2013B,0.0,0.0
297685,BBB,2014J,0.45,0.20454545454545456
297853,EEE,2013J,0.65,0.4482758620689655
297990,GGG,2013J,0.0,0.0
298034,AAA,2014J,0.55,0.3055555555555556
298040,CCC,2014B,0.0,0.0
298040,DDD,2013B,0.4,0.12121212121212122
298148,EEE,2014J,0.6,0.35294117647058826
298186,GGG,2013J,0.0,0.0
298187,BBB,2014J,0.2,0.13333333333333333
298303,BBB,2014J,0.45,0.45
298322,BBB,2013B,0.0,0.0
298402,DDD,2013J,0.35,0.125
298476,BBB,2013B,0.1,0.10526315789473684
298497,DDD,2013B,0.2,0.10256410256410256
298696,AAA,2013J,0.1,0.11764705882352941
298777,DDD,2014J,0.0,0.0
298838,AAA,2014J,0.45,0.2727272727272727
298961,BBB,2014J,0.2,0.21052631578947367
299237,FFF,2013B,0.25,0.09433962264150944
299281,FFF,2013J,0.3,0.06976744186046512
299473,DDD,2013J,0.1,0.030303030303030304
299707,EEE,2014J,0.8,0.5517241379310345
299886,FFF,2013J,0.25,0.06493506493506493
299949,DDD,2014B,0.2,0.10526315789473684
300057,DDD,2014J,0.0,0.0
300059,CCC,2014B,0.05,0.043478260869565216
300264,FFF,2013B,0.1,0.05555555555555555
300398,AAA,2013J,0.25,0.25
300508,GGG,2013J,0.75,0.5172413793103449
300592,DDD,2014B,0.15,0.1
300592,EEE,2013J,0.0,0.0
300611,CCC,2014B,0.15,0.375
300611,CCC,2014J,0.0,0.0
300819,BBB,2014J,0.05,0.03225806451612903
301074,FFF,2014J,0.55,0.1774193548387097
301232,CCC,2014B,0.05,0.03225806451612903
301298,FFF,2013B,0.0,0.0
301498,GGG,2014B,0.65,0.65
301561,FFF,2014J,0.05,0.3333333333333333
301967,AAA,2014J,0.1,0.2222222222222222
301987,BBB,2013J,0.15,0.15789473684210525
302145,GGG,2014J,0.15,0.1111111111111111
302302,AAA,2013J,0.0,0.0
302476,AAA,2014J,0.5,0.37037037037037035
302522,GGG,2014J,0.05,0.1
302566,FFF,2013J,0.0,0.0
302924,FFF,2013B,0.15,0.045454545454545456
303141,DDD,2014J,0.1,0.024096385542168676
303165,BBB,2014J,0.45,0.225
303165,GGG,2013J,0.0,0.0
303218,CCC,2014J,0.05,0.02564102564102564
303288,FFF,2013B,0.1,0.2222222222222222
303331,BBB,2013J,0.0,0.0
303521,AAA,2014J,0.8,0.24615384615384617
303582,DDD,2013J,0.1,0.0625
303595,FFF,2013B,0.5,0.10638297872340426
303617,BBB,2013J,0.0,0.0
303617,BBB,2014J,0.0,0.0
303985,AAA,2014J,0.15,0.25
304240,FFF,2013J,0.1,0.0425531914893617
304465,AAA,2014J,0.85,0.4146341463414634
304589,FFF,2013J,0.5,0.08
304607,BBB,2014B,0.05,1.0
304734,DDD,2013B,0.05,0.05263157894736842
304893,DDD,2013B,0.05,0.0625
305036,EEE,2013J,0.1,0.18181818181818182
305064,FFF,2014J,0.5,0.15873015873015872
305152,AAA,2013J,0.0,0.0
305373,BBB,2014B,0.1,0.2
305386,AAA,2013J,0.7,0.4827586206896552
305659,FFF,2014J,0.35,0.1346153846153846
305702,DDD,2013B,0.0,0.0
305702,DDD,2013J,0.0,0.0
305783,EEE,2013J,0.5,0.4166666666666667
305792,GGG,2014B,0.0,0.0
305858,FFF,2013J,0.2,0.10256410256410256
305876,CCC,2014B,0.0,0.0
305876,FFF,2014B,0.0,0.0
305909,BBB,2014J,0.25,0.15151515151515152
305918,FFF,2014B,0.05,0.034482758620689655
306107,AAA,2013J,0.55,0.39285714285714285
306150,EEE,2013J,0.7,0.5
306202,CCC,2014J,0.1,0.10526315789473684
306466,AAA,2013J,0.5,0.3333333333333333
306478,BBB,2014J,0.15,0.13636363636363635
306610,GGG,2013J,0.35,0.21212121212121213
306646,AAA,2014J,0.1,0.2222222222222222
306886,BBB,2013B,0.0,0.0
306897,AAA,2013J,0.25,0.21739130434782608
306944,DDD,2014B,0.0,0.0
306964,BBB,2013J,0.05,0.047619047619047616
307061,AAA,2013J,0.4,0.23529411764705882
307116,DDD,2014J,0.0,0.0
307245,FFF,2013J,0.05,0.03333333333333333
307290,DDD,2013B,0.05,0.04
307386,BBB,2014B,0.0,0.0
307676,FFF,2013J,0.05,0.05555555555555555
307689,FFF,2013B,0.2,0.07407407407407407
307866,AAA,2013J,0.2,0.16666666666666666
307953,EEE,2014J,0.45,0.32142857142857145
308363,FFF,2013B,0.15,0.04477611940298507
308589,DDD,2013B,0.1,0.18181818181818182
308707,DDD,2013J,0.05,0.3333333333333333
308767,DDD,2013B,0.05,0.058823529411764705
308775,BBB,2014J,0.4,0.25
308807,GGG,2014J,0.15,0.13636363636363635
308918,CCC,2014B,0.05,0.2
308953,CCC,2014J,0.0,0.0
309118,CCC,2014B,0.2,0.07272727272727272
309142,AAA,2014J,0.25,0.21739130434782608
309175,BBB,2013B,0.05,0.25
309580,DDD,2013B,0.5,0.136986301369863
309709,BBB,2013B,0.0,0.0
309734,BBB,2013B,0.1,0.058823529411764705
309756,DDD,2014B,0.15,0.13636363636363635
309893,FFF,2013J,0.3,0.06666666666666667
310088,CCC,2014B,0.05,0.1
310125,BBB,2013J,0.0,0.0
310205,FFF,2014J,0.45,0.18
310280,CCC,2014J,0.0,0.0
310412,AAA,2014J,0.55,0.4230769230769231
310646,FFF,2013J,0.25,0.05
310765,CCC,2014J,0.05,0.06666666666666667
310933,BBB,2013J,0.0,0.0
310968,EEE,2014J,0.7,0.5185185185185185
311117,DDD,2013J,0.0,0.0
311158,GGG,2013J,0.65,0.43333333333333335
311235,AAA,2014J,0.4,0.36363636363636365
311332,CCC,2014J,0.0,0.0
311599,BBB,2014B,0.0,0.0
311616,CCC,2014B,0.2,0.0975609756097561
311845,EEE,2013J,0.55,0.3793103448275862
311862,CCC,2014J,0.05,0.1111111111111111
311877,DDD,2013J,0.0,0.0
311889,BBB,2014B,0.0,0.0
311917,AAA,2013J,0.45,0.32142857142857145
312061,CCC,2014J,0.15,0.09375
312231,FFF,2014J,0.15,0.061224489795918366
312537,AAA,2013J,0.9,0.43902439024390244
312760,FFF,2013J,0.05,0.023809523809523808
312761,DDD,2014B,0.15,0.1111111111111111
312782,AAA,2013J,0.0,0.0
312960,FFF,2014J,0.15,0.06
313206,FFF,2013J,0.0,0.0
313243,FFF,2014B,0.5,0.10989010989010989
313246,BBB,2014B,0.1,0.16666666666666666
313501,EEE,2013J,0.8,0.45714285714285713
313561,DDD,2014J,0.15,0.039473684210526314
313700,FFF,2013J,0.25,0.14285714285714285
313756,FFF,2014B,0.5,0.12987012987012986
313810,BBB,2013B,0.2,0.06557377049180328
313925,GGG,2014J,0.35,0.21875
313937,AAA,2014J,0.85,0.4473684210526316
313975,FFF,2013B,0.4,0.08791208791208792
314252,BBB,2014J,0.35,0.23333333333333334
314507,FFF,2013B,0.0,0.0
314548,FFF,2013B,0.1,0.047619047619047616
314675,BBB,2014J,0.1,0.11764705882352941
314776,FFF,2013J,0.2,0.06349206349206349
314801,BBB,2014J,0.25,0.23809523809523808
314956,CCC,2014J,0.0,0.0
314956,DDD,2013J,0.05,0.058823529411764705
315025,FFF,2014B,0.3,0.07792207792207792
315076,AAA,2014J,0.55,0.3142857142857143
315105,BBB,2013J,0.8,0.34782608695652173
315186,BBB,2013B,0.0,0.0
315322,CCC,2014B,0.0,0.0
315625,DDD,2013J,0.15,0.1111111111111111
315728,CCC,2014B,0.4,0.23529411764705882
315730,DDD,2013J,0.25,0.07575757575757576
315744,AAA,2014J,0.65,0.5416666666666666
315795,FFF,2014J,0.2,0.10810810810810811
315808,FFF,2013J,0.4,0.10256410256410256
315850,FFF,2014B,0.8,0.14814814814814814
315909,DDD,2013J,0.0,0.0
315945,FFF,2013B,0.2,0.05128205128205128
316076,BBB,2013J,0.0,0.0
316082,FFF,2014J,0.35,0.1346153846153846
316091,CCC,2014J,0.1,0.25
316098,FFF,2013J,0.25,0.054945054945054944
316227,CCC,2014B,0.3,0.10714285714285714
316289,DDD,2013B,0.3,0.12244897959183673
316327,FFF,2014B,0.0,0.0
316541,FFF,2013J,0.05,0.013513513513513514
316772,FFF,2014B,0.0,0.0
316841,BBB,2013B,0.1,0.09523809523809523
317096,DDD,2013J,0.35,0.11475409836065574
317394,FFF,2014B,0.1,0.041666666666666664
317399,GGG,2014J,0.15,0.5
317801,CCC,2014J,0.25,0.16666666666666666
317801,DDD,2014B,0.0,0.0
318056,BBB,2013B,0.05,0.07142857142857142
318068,FFF,2014B,0.3,0.08955223880597014
318147,FFF,2014J,0.65,0.13978494623655913
318241,FFF,2013B,0.05,0.05
318500,BBB,2014B,0.0,0.0
318627,FFF,2013J,0.35,0.08139534883720931
318769,EEE,2014J,0.9,0.5
318794,DDD,2013J,0.35,0.14583333333333334
318848,BBB,2013J,0.0,0.0
318876,BBB,2014B,0.15,0.17647058823529413
318919,DDD,2014J,0.1,0.06060606060606061
318933,AAA,2013J,0.2,0.17391304347826086
319042,CCC,2014B,0.0,0.0
319042,FFF,2014B,0.45,0.13432835820895522
319047,AAA,2013J,0.9,0.32727272727272727
319073,FFF,2014J,0.3,0.09523809523809523
319209,BBB,2013B,0.0,0.0
319331,GGG,2013J,0.2,0.16666666666666666
319563,FFF,2013B,0.15,0.06818181818181818
319578,FFF,2013J,0.1,0.029850746268656716
319606,BBB,2014B,0.0,0.0
319618,BBB,2013J,0.35,0.3684210526315789
319884,FFF,2013B,0.25,0.06666666666666667
320014,DDD,2013B,0.25,0.07575757575757576
320051,BBB,2013J,0.2,0.4444444444444444
320133,FFF,2014J,0.8,0.1322314049586777
320251,FFF,2013B,0.2,0.125
320363,BBB,2014B,0.0,0.0
320437,FFF,2013J,0.05,0.04
320612,FFF,2014J,0.45,0.1125
320757,BBB,2013J,0.0,0.0
320963,DDD,2013J,0.3,0.1276595744680851
321096,FFF,2014B,0.05,0.03225806451612903
321121,BBB,2014B,0.2,0.36363636363636365
321346,BBB,2014B,0.0,0.0
321450,BBB,2014J,0.05,0.1
321525,DDD,2013B,0.0,0.0
321744,DDD,2013B,0.0,0.0
321810,DDD,2014B,0.05,0.05555555555555555
321942,AAA,2013J,0.8,0.43243243243243246
321952,DDD,2014J,0.05,0.04
321969,FFF,2013J,0.0,0.0
322106,FFF,2013B,0.0,0.0
322137,DDD,2014J,0.15,0.05263157894736842
322184,BBB,2014J,0.15,0.14285714285714285
322509,BBB,2014B,0.2,0.2
322641,CCC,2014J,0.0,0.0
322641,EEE,2014J,0.4,0.5714285714285714
322844,CCC,2014J,0.0,0.0
322907,CCC,2014J,0.0,0.0
322985,FFF,2013B,0.4,0.09523809523809523
323090,BBB,2013J,0.05,0.1
323146,DDD,2013B,0.05,0.06666666666666667
323370,AAA,2014J,0.9,0.29508196721311475
323480,FFF,2013J,0.15,0.07894736842105263
323606,BBB,2013J,0.1,0.08695652173913043
323659,DDD,2014B,0.1,0.09523809523809523
323680,DDD,2014J,0.2,0.0625
323809,FFF,2013B,0.6,0.11428571428571428
323940,GGG,2014J,0.1,0.1111111111111111
323984,FFF,2013J,0.1,0.038461538461538464
324002,AAA,2013J,0.7,0.3684210526315789
324084,AAA,2013J,0.55,0.2619047619047619
324095,GGG,2013J,0.3,0.1875
324236,BBB,2013B,0.0,0.0
324257,CCC,2014B,0.0,0.0
324257,EEE,2014B,0.25,0.5
324282,AAA,2013J,0.0,0.0
324331,FFF,2013J,0.15,0.16666666666666666
324332,EEE,2013J,0.6,0.46153846153846156
324338,CCC,2014J,0.0,0.0
324338,DDD,2014J,0.0,0.0
324447,FFF,2013B,0.3,0.11538461538461539
324672,FFF,2013J,0.2,0.056338028169014086
324691,DDD,2013B,0.2,0.07692307692307693
324773,GGG,2014B,0.45,0.6
324907,BBB,2014B,0.0,0.0
324948,FFF,2014B,0.15,0.13636363636363635
325044,DDD,2014B,0.2,0.06557377049180328
325080,BBB,2014B,0.0,0.0
325089,FFF,2014B,0.25,0.11627906976744186
325308,BBB,2014B,0.0,0.0
325497,CCC,2014B,0.0,0.0
325497,DDD,2013J,0.25,0.1388888888888889
325511,BBB,2013B,0.1,0.2222222222222222
325566,DDD,2014B,0.05,0.07142857142857142
325750,FFF,2013J,0.05,0.023255813953488372
325879,BBB,2013B,0.0,0.0
325887,BBB,2013J,0.0,0.0
327003,BBB,2014B,0.25,0.19230769230769232
327024,DDD,2013B,0.15,0.05660377358490566
327057,CCC,2014J,0.05,0.04
327449,DDD,2014B,0.05,0.07142857142857142
327616,FFF,2014B,0.1,0.08333333333333333
327641,BBB,2014B,0.0,0.0
327650,FFF,2013B,0.35,0.0945945945945946
328024,AAA,2014J,0.65,0.52
328123,CCC,2014J,0.0,0.0
328123,DDD,2014B,0.0,0.0
328173,DDD,2013J,0.0,0.0
328241,DDD,2014J,0.05,0.023809523809523808
328476,FFF,2013B,0.05,0.0196078431372549
328797,FFF,2014J,0.05,0.02857142857142857
328844,EEE,2013J,0.45,0.3103448275862069
328942,EEE,2013J,0.6,0.42857142857142855
329030,BBB,2013J,0.0,0.0
329192,BBB,2013J,0.15,0.17647058823529413
329226,BBB,2013B,0.1,0.13333333333333333
329321,BBB,2013B,0.0,0.0
329455,EEE,2014B,0.0,0.0
329659,AAA,2014J,0.15,0.42857142857142855
329673,CCC,2014B,0.0,0.0
329673,EEE,2013J,0.25,0.17857142857142858
329689,DDD,2013B,0.05,0.05263157894736842
329800,BBB,2013B,0.15,0.10344827586206896
329895,FFF,2014B,0.15,0.17647058823529413
329895,FFF,2014J,0.0,0.0
329967,DDD,2013B,0.0,0.0
330067,DDD,2013B,0.1,0.06896551724137931
330177,GGG,2013J,0.4,0.21052631578947367
330192,FFF,2013J,0.6,0.13953488372093023
330347,FFF,2013J,0.1,0.09523809523809523
330453,CCC,2014J,0.15,0.23076923076923078
330530,EEE,2013J,0.0,0.0
330594,AAA,2014J,0.3,0.375
330682,GGG,2014J,0.35,0.30434782608695654
330723,FFF,2013J,0.0,0.0
330862,CCC,2014B,0.05,0.06666666666666667
330917,BBB,2014J,0.35,0.21212121212121213
330966,CCC,2014J,0.0,0.0
331039,FFF,2013J,0.05,0.03125
331107,FFF,2014B,0.35,0.175
331156,BBB,2014B,0.05,0.25
331232,DDD,2013B,0.15,0.05
331315,DDD,2013J,0.4,0.0963855421686747
331318,FFF,2013B,0.75,0.11450381679389313
331354,BBB,2013B,0.0,0.0
331358,AAA,2014J,0.0,0.0
331404,DDD,2013J,0.05,0.020833333333333332
331417,FFF,2013J,0.3,0.0594059405940594
331789,FFF,2014J,0.75,0.14705882352941177
331844,BBB,2013B,0.1,0.05263157894736842
331883,FFF,2013B,0.5,0.12048192771084337
332309,DDD,2013J,0.0,0.0
332436,CCC,2014J,0.0,0.0
332436,DDD,2013J,0.15,0.04838709677419355
332715,GGG,2013J,0.1,0.07407407407407407
332726,DDD,2013J,0.1,0.07142857142857142
332789,AAA,2013J,0.4,0.26666666666666666
332884,AAA,2014J,0.8,0.36363636363636365
332945,EEE,2014J,0.7,0.42424242424242425
333059,AAA,2013J,0.35,0.25925925925925924
333308,DDD,2014B,0.2,0.10256410256410256
333323,AAA,2013J,0.15,0.13636363636363635
333493,EEE,2013J,0.7,0.45161290322580644
333637,EEE,2014J,0.1,0.14285714285714285
333651,BBB,2013J,0.0,0.0
333710,FFF,2013J,0.0,0.0
333832,FFF,2013B,0.05,0.03125
333856,DDD,2013B,0.25,0.08620689655172414
333976,EEE,2014J,0.6,0.6
333993,FFF,2014J,0.35,0.0958904109589041
334023,BBB,2014B,0.0,0.0
334048,DDD,2014J,0.3,0.0821917808219178
334134,FFF,2013B,0.15,0.075
334154,CCC,2014J,0.0,0.0
334154,EEE,2013J,0.6,0.5454545454545454
334224,FFF,2013B,0.25,0.0625
334224,FFF,2014J,0.0,0.0
334225,CCC,2014J,0.05,0.034482758620689655
334255,DDD,2013J,0.2,0.07407407407407407
334257,DDD,2013J,0.25,0.09259259259259259
334259,AAA,2013J,0.0,0.0
334291,BBB,2013B,0.0,0.0
334441,AAA,2014J,0.05,0.3333333333333333
334476,FFF,2013J,0.3,0.13043478260869565
334565,BBB,2014B,0.0,0.0
334581,DDD,2014J,0.05,0.017543859649122806
334973,DDD,2014J,0.15,0.043478260869565216
334981,BBB,2014B,0.15,0.17647058823529413
335018,DDD,2013J,0.0,0.0
335018,DDD,2014J,0.0,0.0
335020,DDD,2013B,0.45,0.08823529411764706
335035,BBB,2014J,0.05,0.02631578947368421
335095,FFF,2014J,0.4,0.17391304347826086
335136,BBB,2013J,0.0,0.0
335242,FFF,2013B,0.35,0.08333333333333333
335247,AAA,2014J,0.35,0.4117647058823529
335355,EEE,2014B,0.2,0.4444444444444444
335405,CCC,2014J,0.0,0.0
335405,DDD,2013J,0.45,0.1232876712328767
335421,BBB,2013B,0.0,0.0
335476,FFF,2013J,0.1,0.043478260869565216
335562,FFF,2013J,0.45,0.10843373493975904
335582,FFF,2013J,0.05,0.01282051282051282
335644,FFF,2013J,0.3,0.1
335726,FFF,2013J,0.1,0.07692307692307693
335764,AAA,2013J,0.15,0.1875
335764,AAA,2014J,0.0,0.0
335910,BBB,2013B,0.1,0.18181818181818182
336014,CCC,2014J,0.0,0.0
336014,EEE,2014J,0.15,0.5
336037,DDD,2013J,0.25,0.13513513513513514
336112,DDD,2013B,0.0,0.0
336131,CCC,2014J,0.1,0.03571428571428571
336207,AAA,2013J,0.5,0.4
336213,DDD,2014J,0.1,0.05
336218,DDD,2014J,0.05,0.045454545454545456
336258,FFF,2013B,0.2,0.10526315789473684
336356,BBB,2014B,0.05,0.05263157894736842
336362,FFF,2013B,0.15,0.1875
336398,CCC,2014B,0.25,0.10869565217391304
336402,EEE,2013J,0.5,0.4166666666666667
336478,BBB,2013J,0.15,0.14285714285714285
336684,DDD,2013B,0.25,0.10204081632653061
336695,CCC,2014J,0.0,0.0
336696,DDD,2013B,0.0,0.0
336772,CCC,2014J,0.3,0.11538461538461539
337000,FFF,2014J,0.4,0.09876543209876543
337151,BBB,2013J,0.0,0.0
337189,FFF,2013B,0.25,0.05154639175257732
337359,DDD,2014J,0.2,0.07407407407407407
337414,DDD,2013B,0.1,0.07407407407407407
337615,FFF,2014B,0.0,0.0
338034,DDD,2013J,0.15,0.06521739130434782
338056,BBB,2013B,0.05,0.09090909090909091
338076,DDD,2013B,0.2,0.16666666666666666
338113,GGG,2014J,0.1,0.07142857142857142
338168,BBB,2014B,0.05,0.1
338407,AAA,2014J,0.1,0.25
338536,FFF,2013J,0.2,0.08888888888888889
338554,BBB,2014J,0.05,0.045454545454545456
338604,CCC,2014B,0.0,0.0
338689,FFF,2014J,0.45,0.07086614173228346
338704,DDD,2014J,0.0,0.0
338731,CCC,2014B,0.1,0.06451612903225806
338731,CCC,2014J,0.0,0.0
338741,BBB,2013J,0.0,0.0
338806,FFF,2013J,0.0,0.0
338806,FFF,2014J,0.1,0.044444444444444446
338854,EEE,2014B,0.6,0.6
338861,BBB,2013B,0.0,0.0
338894,EEE,2013J,0.25,0.35714285714285715
338958,FFF,2014B,0.05,0.038461538461538464
338975,FFF,2013J,0.05,0.041666666666666664
339235,CCC,2014J,0.0,0.0
339379,BBB,2013B,0.0,0.0
339381,BBB,2014B,0.05,0.03333333333333333
339481,DDD,2013B,0.0,0.0
339494,BBB,2013J,0.0,0.0
339513,DDD,2014B,0.15,0.05
339519,FFF,2014J,0.9,0.10975609756097561
339608,BBB,2013J,0.0,0.0
339640,EEE,2013J,0.6,0.375
339645,GGG,2014J,0.25,0.15151515151515152
339727,GGG,2013J,0.05,0.043478260869565216
339728,FFF,2014B,0.15,0.046153846153846156
339739,DDD,2013J,0.05,0.024390243902439025
339785,EEE,2013J,0.5,0.3448275862068966
339824,CCC,2014J,0.0,0.0
339824,FFF,2014B,0.2,0.07692307692307693
339853,DDD,2014J,0.15,0.04054054054054054
339853,GGG,2013J,0.0,0.0
339855,FFF,2014B,0.0,0.0
339924,DDD,2013J,0.0,0.0
339946,BBB,2013B,0.0,0.0
339972,AAA,2013J,0.15,0.25
340010,CCC,2014J,0.1,0.06896551724137931
340216,BBB,2014J,0.6,0.32432432432432434
340242,GGG,2014J,0.1,0.09523809523809523
340486,GGG,2013J,0.3,0.1875
340496,FFF,2013B,0.1,0.04
340627,DDD,2014J,0.05,0.027777777777777776
340647,FFF,2013J,0.4,0.0975609756097561
340831,BBB,2013B,0.0,0.0
340831,BBB,2014B,0.0,0.0
340911,BBB,2013J,0.15,0.1111111111111111
340965,BBB,2013J,0.4,0.36363636363636365
341010,EEE,2014J,0.7,0.5384615384615384
341044,FFF,2014B,0.15,0.2
341093,FFF,2014J,0.0,0.0
341096,FFF,2013J,0.2,0.05555555555555555
341361,FFF,2013J,0.35,0.07216494845360824
341457,FFF,2014J,0.05,0.058823529411764705
341470,FFF,2013J,0.4,0.11940298507462686
341509,BBB,2013B,0.0,0.0
341611,BBB,2014J,0.0,0.0
341629,FFF,2014J,0.55,0.1746031746031746
341839,FFF,2013J,0.0,0.0
341854,DDD,2013J,0.1,0.06896551724137931
341855,DDD,2013J,0.1,0.05555555555555555
341855,DDD,2014J,0.0,0.0
341872,AAA,2013J,0.05,0.06666666666666667
341921,DDD,2014J,0.25,0.10638297872340426
342007,AAA,2014J,0.0,0.0
342017,BBB,2014B,0.0,0.0
342100,DDD,2013J,0.35,0.08860759493670886
342125,FFF,2014B,0.35,0.10144927536231885
342155,FFF,2013J,0.3,0.06741573033707865
342192,BBB,2014J,0.0,0.0
342234,FFF,2014B,0.15,0.043478260869565216
342387,DDD,2013J,0.3,0.13636363636363635
342475,FFF,2013B,0.25,0.05813953488372093
342483,DDD,2013J,0.0,0.0
342514,AAA,2013J,0.55,0.3793103448275862
342685,BBB,2013J,0.2,0.16
342799,CCC,2014J,0.05,0.1111111111111111
342946,GGG,2014J,0.0,0.0
342949,DDD,2013J,0.0,0.0
342953,FFF,2013J,0.05,0.023255813953488372
342957,CCC,2014B,0.0,0.0
342957,EEE,2014B,0.0,0.0
342962,EEE,2013J,0.65,0.41935483870967744
342972,AAA,2013J,0.3,0.3
342974,CCC,2014B,0.2,0.16
343138,BBB,2014J,0.05,0.06666666666666667
343238,DDD,2013J,0.0,0.0
343419,FFF,2013J,0.0,0.0
343446,AAA,2013J,0.65,0.3611111111111111
343543,EEE,2013J,0.55,0.39285714285714285
343655,GGG,2014J,0.3,0.17647058823529413
343709,FFF,2014J,0.1,0.08
343781,DDD,2013J,0.25,0.060240963855421686
343828,FFF,2013J,0.35,0.07216494845360824
343911,DDD,2013J,0.3,0.08823529411764706
344098,GGG,2014B,0.25,0.21739130434782608
344282,AAA,2013J,0.0,0.0
344367,CCC,2014B,0.0,0.0
344367,DDD,2013B,0.1,0.07407407407407407
344409,FFF,2014B,0.2,0.06451612903225806
344451,FFF,2014B,0.1,0.05555555555555555
344474,DDD,2013B,0.25,0.09090909090909091
344474,DDD,2013J,0.0,0.0
344568,BBB,2013J,0.15,0.0967741935483871
344676,EEE,2013J,0.5,0.38461538461538464
344740,EEE,2014J,0.9,0.6428571428571429
344787,FFF,2013J,0.2,0.041666666666666664
344873,DDD,2013B,0.2,0.058823529411764705
345064,FFF,2013B,0.15,0.041666666666666664
345068,AAA,2013J,0.5,0.35714285714285715
345128,BBB,2013J,0.0,0.0
345256,CCC,2014B,0.0,0.0
345256,EEE,2014J,0.7,0.4375
345257,DDD,2013B,0.2,0.14814814814814814
345271,FFF,2014J,0.25,0.125
345288,EEE,2014J,0.65,0.34210526315789475
345313,DDD,2013B,0.0,0.0
345357,AAA,2013J,0.7,0.35
345440,AAA,2014J,0.15,0.3
345442,FFF,2014B,0.05,0.06666666666666667
345519,AAA,2014J,0.4,0.27586206896551724
345568,DDD,2013B,0.0,0.0
345881,GGG,2014B,0.3,0.20689655172413793
346025,AAA,2013J,0.1,0.14285714285714285
346093,EEE,2014J,0.75,0.5
346118,AAA,2014J,0.2,0.3333333333333333
346207,FFF,2013B,0.45,0.07894736842105263
346333,DDD,2013J,0.15,0.0410958904109589
346853,FFF,2013B,0.05,0.07142857142857142
347197,FFF,2014J,0.1,0.03389830508474576
347484,FFF,2013J,0.25,0.10638297872340426
347518,EEE,2013J,0.65,0.48148148148148145
347809,CCC,2014J,0.0,0.0
347809,FFF,2013J,0.1,0.03278688524590164
347864,BBB,2014B,0.0,0.0
348050,CCC,2014B,0.0,0.0
348050,DDD,2013J,0.1,0.08333333333333333
348108,FFF,2014J,0.3,0.06818181818181818
348159,CCC,2014B,0.0,0.0
348159,FFF,2013B,0.35,0.12727272727272726
348275,AAA,2014J,0.0,0.0
348288,EEE,2014J,0.4,0.36363636363636365
348324,FFF,2014J,0.2,0.08
348351,EEE,2013J,0.5,0.5263157894736842
348579,GGG,2013J,0.1,0.06896551724137931
348655,EEE,2013J,0.2,0.4444444444444444
348717,FFF,2013J,0.25,0.056818181818181816
348771,BBB,2014B,0.2,0.08888888888888889
348783,CCC,2014J,0.0,0.0
348783,FFF,2013J,0.2,0.058823529411764705
348790,DDD,2013B,0.0,0.0
348807,AAA,2014J,0.3,0.6
348837,GGG,2014J,0.25,0.17857142857142858
348855,CCC,2014J,0.0,0.0
348855,FFF,2014B,0.45,0.09782608695652174
348986,FFF,2013B,0.05,0.015625
349093,CCC,2014J,0.05,0.017241379310344827
349182,DDD,2013J,0.1,0.13333333333333333
349219,FFF,2013J,0.35,0.4117647058823529
349360,GGG,2013J,0.05,0.037037037037037035
349515,FFF,2014J,0.45,0.2
349554,BBB,2013J,0.0,0.0
349675,BBB,2013J,0.0,0.0
349676,FFF,2013J,0.25,0.06172839506172839
349688,DDD,2014J,0.0,0.0
349908,FFF,2013B,0.3,0.07692307692307693
349910,DDD,2014J,0.0,0.0
350156,AAA,2014J,0.45,0.3103448275862069
350188,AAA,2013J,0.25,0.2631578947368421
350267,CCC,2014J,0.0,0.0
350622,BBB,2013B,0.05,0.1111111111111111
350644,DDD,2013J,0.0,0.0
350660,FFF,2013B,0.1,0.03571428571428571
350795,BBB,2013B,0.05,0.16666666666666666
350797,BBB,2014J,0.35,0.2413793103448276
350929,DDD,2013J,0.0,0.0
350939,AAA,2014J,0.5,0.47619047619047616
350944,GGG,2014J,0.1,0.07692307692307693
350949,DDD,2013J,0.15,0.1875
351034,FFF,2013B,0.35,0.07608695652173914
351050,BBB,2014J,0.05,0.058823529411764705
351080,DDD,2014J,0.0,0.0
351147,FFF,2014J,0.6,0.1348314606741573
351170,FFF,2013J,0.05,0.02040816326530612
351181,FFF,2014B,0.55,0.10377358490566038
351244,DDD,2014J,0.0,0.0
351271,BBB,2013B,0.2,0.12121212121212122
351290,BBB,2013B,0.25,0.5
351328,CCC,2014B,0.15,0.17647058823529413
351336,AAA,2014J,0.2,0.21052631578947367
351378,FFF,2013B,0.0,0.0
351500,FFF,2013B,0.05,0.016666666666666666
351505,FFF,2013J,0.15,0.07317073170731707
351512,DDD,2013B,0.15,0.12
351577,CCC,2014B,0.0,0.0
351775,CCC,2014B,0.0,0.0
351775,DDD,2013B,0.05,0.02857142857142857
351903,CCC,2014J,0.0,0.0
352051,DDD,2013J,0.15,0.15789473684210525
352112,BBB,2013J,0.0,0.0
352339,BBB,2013J,0.2,0.26666666666666666
352364,BBB,2013B,0.0,0.0
352382,GGG,2013J,0.4,0.22857142857142856
352637,CCC,2014J,0.0,0.0
352688,BBB,2013J,0.0,0.0
352771,DDD,2013J,0.15,0.1111111111111111
353018,FFF,2013B,0.2,0.06451612903225806
353093,BBB,2013B,0.05,0.029411764705882353
353221,FFF,2013B,0.05,0.03125
353368,EEE,2014B,0.2,0.4444444444444444
353665,AAA,2014J,0.25,0.29411764705882354
353790,FFF,2013J,0.1,0.08695652173913043
353804,CCC,2014B,0.2,0.2222222222222222
353953,EEE,2014B,0.25,0.38461538461538464
353979,FFF,2014B,0.0,0.0
354050,DDD,2013B,0.0,0.0
354050,DDD,2014B,0.0,0.0
354058,BBB,2013B,0.0,0.0
354170,AAA,2014J,0.15,0.2
354171,FFF,2013B,0.5,0.12345679012345678
354173,FFF,2013B,0.25,0.35714285714285715
354550,FFF,2013J,0.05,0.03225806451612903
354607,CCC,2014B,0.1,0.046511627906976744
354688,CCC,2014J,0.0,0.0
354698,FFF,2014J,0.2,0.07142857142857142
354779,BBB,2013J,0.0,0.0
354895,BBB,2013B,0.0,0.0
354984,BBB,2014B,0.0,0.0
354988,FFF,2014B,0.0,0.0
354992,FFF,2013B,0.1,0.06896551724137931
355049,EEE,2014J,0.7,0.6086956521739131
355143,CCC,2014B,0.0,0.0
355143,FFF,2013B,0.25,0.07462686567164178
355147,BBB,2014B,0.25,0.20833333333333334
355293,FFF,2013J,0.0,0.0
355293,FFF,2014J,0.0,0.0
355309,DDD,2014B,0.2,0.1111111111111111
355335,FFF,2013J,0.1,0.029850746268656716
355510,DDD,2013J,0.2,0.06349206349206349
355617,EEE,2014J,0.6,0.631578947368421
355643,BBB,2014B,0.05,0.125
355738,FFF,2013B,0.35,0.10606060606060606
355780,DDD,2014B,0.05,0.14285714285714285
355935,CCC,2014J,0.0,0.0
355935,DDD,2014B,0.2,0.125
356166,DDD,2014B,0.7,0.1346153846153846
356170,AAA,2014J,0.65,0.40625
356297,CCC,2014J,0.0,0.0
356297,DDD,2014B,0.5,0.10752688172043011
356371,FFF,2014B,0.05,0.038461538461538464
356386,BBB,2014B,0.0,0.0
356523,CCC,2014B,0.1,0.18181818181818182
356523,CCC,2014J,0.0,0.0
356561,DDD,2014J,0.1,0.09523809523809523
356568,EEE,2013J,0.3,0.42857142857142855
356705,DDD,2014B,0.0,0.0
356735,EEE,2014J,0.55,0.55
357176,CCC,2014B,0.0,0.0
357219,FFF,2013B,0.3,0.09090909090909091
357297,FFF,2013B,0.25,0.07936507936507936
357576,DDD,2013B,0.0,0.0
357668,AAA,2013J,0.0,0.0
357851,FFF,2013J,0.15,0.10714285714285714
357901,BBB,2014J,0.25,0.25
357928,BBB,2013B,0.0,0.0
357942,CCC,2014B,0.0,0.0
358001,BBB,2014J,0.1,0.1
358075,CCC,2014B,0.0,0.0
358075,CCC,2014J,0.0,0.0
358075,DDD,2013B,0.0,0.0
358182,AAA,2014J,0.6,0.48
358204,BBB,2014J,0.35,0.21875
358341,GGG,2014J,0.25,0.15625
358504,DDD,2013J,0.5,0.09900990099009901
358522,DDD,2013B,0.45,0.10843373493975904
358808,FFF,2013B,0.0,0.0
358956,BBB,2014B,0.05,0.038461538461538464
358966,GGG,2014J,0.7,0.5185185185185185
359114,CCC,2014B,0.15,0.15
359149,FFF,2013J,0.0,0.0
359156,FFF,2013B,0.2,0.04040404040404041
359417,FFF,2013B,0.05,0.02564102564102564
359438,BBB,2014B,0.0,0.0
359640,FFF,2013B,0.3,0.1
359645,GGG,2014B,0.0,0.0
359855,DDD,2013J,0.1,0.08333333333333333
359883,FFF,2013B,0.25,0.05555555555555555
359943,DDD,2013J,0.2,0.10256410256410256
359958,CCC,2014J,0.25,0.08064516129032258
360024,FFF,2013B,0.05,0.029411764705882353
360188,BBB,2013B,0.0,0.0
360190,BBB,2014B,0.05,0.5
360266,EEE,2014J,0.7,0.4375
360489,BBB,2013B,0.0,0.0
360492,DDD,2013B,0.25,0.07936507936507936
360683,GGG,2013J,0.4,0.3333333333333333
360726,FFF,2013B,0.6,0.10434782608695652
360747,FFF,2013J,0.3,0.06315789473684211
360759,DDD,2014B,0.2,0.2222222222222222
360877,BBB,2013B,0.0,0.0
360986,FFF,2013J,0.3,0.08695652173913043
361209,DDD,2013B,0.15,0.061224489795918366
361243,DDD,2013J,0.2,0.11428571428571428
361282,DDD,2013B,0.05,0.1
361410,CCC,2014B,0.35,0.175
361411,BBB,2014J,0.3,0.2
361603,BBB,2013B,0.0,0.0
362037,DDD,2013B,0.1,0.046511627906976744
362140,CCC,2014J,0.2,0.14814814814814814
362223,CCC,2014B,0.05,0.045454545454545456
362374,DDD,2013B,0.0,0.0
362548,CCC,2014J,0.0,0.0
362661,FFF,2014B,0.05,0.02564102564102564
362668,FFF,2013B,0.25,0.08196721311475409
362760,BBB,2013B,0.25,0.14705882352941177
363110,BBB,2014B,0.0,0.0
363122,DDD,2014B,0.1,0.08695652173913043
363213,BBB,2014J,0.1,0.15384615384615385
363396,BBB,2014B,0.05,0.037037037037037035
363401,BBB,2013B,0.05,0.14285714285714285
363416,BBB,2013B,0.0,0.0
363660,BBB,2013B,0.15,0.0967741935483871
363738,FFF,2013J,0.0,0.0
363749,FFF,2013B,0.45,0.1111111111111111
363773,CCC,2014B,0.3,0.1875
363906,CCC,2014B,0.1,0.1
363939,CCC,2014B,0.0,0.0
363939,EEE,2013J,0.55,0.39285714285714285
364066,FFF,2014J,0.7,0.16091954022988506
364073,BBB,2013J,0.0,0.0
364103,CCC,2014J,0.0,0.0
364177,AAA,2013J,0.25,0.29411764705882354
364239,DDD,2013J,0.3,0.07142857142857142
364322,EEE,2014J,0.5,0.35714285714285715
364405,DDD,2013B,0.15,0.045454545454545456
364527,BBB,2014J,0.15,0.17647058823529413
364547,DDD,2013J,0.2,0.07407407407407407
364666,BBB,2013J,0.0,0.0
364770,DDD,2013J,0.0,0.0
364790,FFF,2013J,0.35,0.10144927536231885
364871,BBB,2013J,0.05,0.05263157894736842
364957,AAA,2014J,0.25,0.19230769230769232
364974,FFF,2013J,0.75,0.12396694214876033
365084,GGG,2014B,0.05,0.02857142857142857
365097,BBB,2014J,0.35,0.1891891891891892
365111,BBB,2014J,0.05,0.1
365169,BBB,2013J,0.0,0.0
365192,GGG,2013J,0.1,0.1
365222,EEE,2013J,0.2,0.5
365244,AAA,2013J,0.4,0.22857142857142856
365375,DDD,2014J,0.05,0.06666666666666667
365397,DDD,2014B,0.0,0.0
365439,BBB,2013B,0.0,0.0
365452,BBB,2013B,0.05,0.034482758620689655
365631,BBB,2013J,0.0,0.0
365642,AAA,2013J,0.2,0.1111111111111111
365661,CCC,2014J,0.45,0.16981132075471697
365701,CCC,2014J,0.3,0.15789473684210525
365707,BBB,2013B,0.0,0.0
365762,EEE,2013J,0.15,0.6
365764,DDD,2014B,0.1,0.2222222222222222
365782,DDD,2013B,0.35,0.08139534883720931
365860,FFF,2014B,0.1,0.03508771929824561
365893,DDD,2013J,0.0,0.0
365893,DDD,2014J,0.0,0.0
365993,CCC,2014B,0.05,0.16666666666666666
366024,DDD,2013B,0.05,0.04
366140,FFF,2014J,0.6,0.12121212121212122
366164,CCC,2014J,0.0,0.0
366310,CCC,2014B,0.0,0.0
366310,DDD,2013B,0.2,0.09523809523809523
366367,CCC,2014J,0.05,0.07142857142857142
366371,GGG,2014B,0.0,0.0
366424,EEE,2014B,0.6,0.4444444444444444
366449,DDD,2013J,0.15,0.06976744186046512
366479,BBB,2014J,0.15,0.15789473684210525
366483,AAA,2013J,0.45,0.34615384615384615
366492,FFF,2013B,0.25,0.06666666666666667
366524,BBB,2013J,0.0,0.0
366771,GGG,2014B,0.1,0.13333333333333333
366873,CCC,2014J,0.0,0.0
366936,BBB,2014B,0.0,0.0
366987,DDD,2013J,0.1,0.05128205128205128
367127,DDD,2014B,0.35,0.12280701754385964
367151,FFF,2014J,0.25,0.19230769230769232
367309,DDD,2014J,0.05,0.018518518518518517
367352,CCC,2014J,0.3,0.16216216216216217
367433,BBB,2013J,0.0,0.0
367510,FFF,2013J,0.0,0.0
367510,FFF,2014B,0.05,0.0625
367535,BBB,2014B,0.2,0.17391304347826086
367605,FFF,2013J,0.15,0.06
367609,BBB,2013B,0.0,0.0
367646,DDD,2014B,0.55,0.13095238095238096
367815,CCC,2014J,0.0,0.0
367898,FFF,2014B,0.15,0.07317073170731707
368077,BBB,2013J,0.0,0.0
368106,DDD,2013J,0.0,0.0
368194,AAA,2013J,0.25,0.20833333333333334
368195,DDD,2014J,0.0,0.0
368245,GGG,2013J,0.1,0.08695652173913043
368306,EEE,2014B,0.2,0.36363636363636365
368315,FFF,2013J,0.85,0.12686567164179105
368436,CCC,2014J,0.0,0.0
368436,DDD,2013J,0.2,0.07017543859649122
368521,BBB,2014J,0.15,0.16666666666666666
368675,FFF,2014B,0.55,0.12790697674418605
368749,DDD,2013B,0.1,0.0425531914893617
368824,AAA,2013J,0.05,0.06666666666666667
368876,CCC,2014B,0.0,0.0
368886,FFF,2013B,0.15,0.09090909090909091
368935,FFF,2013J,0.15,0.0625
368963,AAA,2013J,0.3,0.35294117647058826
368969,GGG,2013J,0.2,0.125
369119,EEE,2013J,0.25,0.45454545454545453
369208,FFF,2013J,0.1,0.06060606060606061
369234,BBB,2014J,0.25,0.2777777777777778
369242,FFF,2014J,0.55,0.14285714285714285
369319,DDD,2013J,0.15,0.05454545454545454
369378,GGG,2013J,0.0,0.0
369450,FFF,2014J,0.6,0.11538461538461539
369610,CCC,2014J,0.1,0.041666666666666664
369713,EEE,2014J,0.5,0.5
369715,BBB,2014B,0.1,0.08695652173913043
369811,FFF,2013B,0.25,0.060240963855421686
369834,AAA,2014J,0.65,0.52
369908,DDD,2013B,0.3,0.06818181818181818
369942,EEE,2014J,0.65,0.4482758620689655
369986,BBB,2013J,0.0,0.0
370008,BBB,2014B,0.05,0.25
370089,DDD,2014J,0.0,0.0
370100,DDD,2014J,0.05,0.3333333333333333
370184,DDD,2014J,0.05,0.07692307692307693
370274,DDD,2014J,0.2,0.06779661016949153
370302,BBB,2013B,0.0,0.0
370312,FFF,2013B,0.2,0.10526315789473684
370367,DDD,2013J,0.35,0.125
370375,DDD,2014J,0.05,0.01694915254237288
370512,CCC,2014J,0.3,0.09230769230769231
370720,BBB,2013B,0.0,0.0
370735,FFF,2014J,0.5,0.18181818181818182
370839,CCC,2014J,0.0,0.0
370859,BBB,2013J,0.15,0.08571428571428572
370865,DDD,2014B,0.0,0.0
370949,DDD,2013B,0.4,0.10126582278481013
371019,DDD,2014J,0.1,0.03125
371044,DDD,2013B,0.25,0.07575757575757576
371133,FFF,2013J,0.0,0.0
371168,FFF,2014B,0.35,0.109375
371169,FFF,2013B,0.05,0.038461538461538464
371184,DDD,2013B,0.05,0.07692307692307693
371247,FFF,2013J,0.55,0.1896551724137931
371402,GGG,2014J,0.15,0.12
371439,CCC,2014J,0.0,0.0
371526,CCC,2014B,0.25,0.16129032258064516
371530,BBB,2013J,0.0,0.0
371679,BBB,2013B,0.0,0.0
371710,AAA,2014J,0.65,0.52
371787,FFF,2013B,0.15,0.04054054054054054
371831,DDD,2013B,0.1,0.043478260869565216
371869,FFF,2013J,0.2,0.10526315789473684
371901,CCC,2014B,0.0,0.0
372141,GGG,2014J,0.55,0.5238095238095238
372234,CCC,2014J,0.15,0.05172413793103448
372262,FFF,2013J,0.55,0.0990990990990991
372345,FFF,2014J,0.4,0.18604651162790697
372509,FFF,2014J,0.25,0.07936507936507936
372511,FFF,2014J,0.5,0.16666666666666666
372577,CCC,2014J,0.0,0.0
372577,EEE,2014J,0.3,0.42857142857142855
372602,BBB,2014J,0.05,0.07692307692307693
372658,BBB,2013J,0.05,0.125
372691,GGG,2013J,0.1,0.09523809523809523
372837,GGG,2014B,0.05,0.06666666666666667
372997,BBB,2014B,0.0,0.0
373126,DDD,2013B,0.05,0.029411764705882353
373135,FFF,2013B,0.3,0.15
373174,BBB,2014J,0.3,0.21428571428571427
373237,DDD,2013J,0.15,0.12
373269,BBB,2013J,0.05,0.037037037037037035
373280,DDD,2013J,0.2,0.09090909090909091
373280,DDD,2014J,0.0,0.0
373369,DDD,2013B,0.15,0.06666666666666667
373613,FFF,2013B,0.1,0.07142857142857142
373807,BBB,2013J,0.05,1.0
373846,BBB,2014J,0.0,0.0
373848,BBB,2013J,0.0,0.0
373872,AAA,2014J,0.45,0.3333333333333333
374028,CCC,2014B,0.2,0.07407407407407407
374038,BBB,2013J,0.05,0.07692307692307693
374102,BBB,2013B,0.0,0.0
374192,EEE,2013J,0.75,0.5172413793103449
374234,BBB,2013B,0.05,0.038461538461538464
374266,GGG,2014B,0.1,0.06666666666666667
374515,BBB,2014B,0.05,1.0
374636,DDD,2013J,0.15,0.08823529411764706
374645,DDD,2014B,0.25,0.11627906976744186
374739,EEE,2013J,0.3,0.24
374747,BBB,2014B,0.0,0.0
374756,CCC,2014B,0.0,0.0
375260,AAA,2014J,0.6,0.46153846153846156
375300,DDD,2013B,0.1,0.07407407407407407
375527,FFF,2014J,0.1,0.04878048780487805
375600,GGG,2013J,0.1,0.08
375646,AAA,2014J,0.2,0.25
375688,CCC,2014B,0.0,0.0
375717,BBB,2014B,0.0,0.0
375856,DDD,2014B,0.05,0.03125
375882,GGG,2013J,0.05,0.038461538461538464
375960,BBB,2013J,0.1,0.18181818181818182
376109,FFF,2013B,0.0,0.0
376439,AAA,2013J,0.2,0.17391304347826086
376581,AAA,2013J,0.7,0.2641509433962264
376617,BBB,2013B,0.0,0.0
376758,DDD,2014J,0.05,0.08333333333333333
377046,FFF,2013B,0.0,0.0
377244,FFF,2013B,0.15,0.06521739130434782
377274,FFF,2013B,0.05,0.022222222222222223
377469,BBB,2014B,0.0,0.0
377546,AAA,2014J,0.85,0.4857142857142857
377705,FFF,2013J,0.0,0.0
377759,BBB,2013B,0.0,0.0
377846,BBB,2013B,0.3,0.42857142857142855
377905,BBB,2013B,0.0,0.0
378462,BBB,2013B,0.05,0.07142857142857142
378543,BBB,2013B,0.05,0.05263157894736842
378576,CCC,2014J,0.0,0.0
378705,FFF,2014J,0.0,0.0
378728,DDD,2014B,0.2,0.08888888888888889
378809,FFF,2014B,0.3,0.09230769230769231
378825,DDD,2013J,0.4,0.10526315789473684
378825,EEE,2014J,0.0,0.0
378884,FFF,2013B,0.2,0.058823529411764705
378920,CCC,2014B,0.25,0.14285714285714285
378920,EEE,2013J,0.0,0.0
378946,FFF,2014J,0.65,0.09848484848484848
378950,FFF,2013B,0.3,0.04285714285714286
378953,DDD,2013B,0.05,0.058823529411764705
379023,DDD,2013J,0.1,0.09090909090909091
379042,CCC,2014J,0.0,0.0
379042,FFF,2014B,0.55,0.10891089108910891
379070,FFF,2013J,0.35,0.08641975308641975
379107,FFF,2014B,0.2,0.25
379124,DDD,2013J,0.3,0.13333333333333333
379185,CCC,2014J,0.0,0.0
379210,BBB,2013J,0.0,0.0
379212,BBB,2014J,0.05,0.125
379255,CCC,2014J,0.0,0.0
379265,CCC,2014J,0.0,0.0
379278,FFF,2014J,0.1,0.3333333333333333
379330,DDD,2014B,0.05,0.08333333333333333
379336,DDD,2014J,0.3,0.09230769230769231
379406,CCC,2014B,0.25,0.15625
379406,CCC,2014J,0.0,0.0
379528,EEE,2013J,0.2,0.3333333333333333
379558,FFF,2013B,0.25,0.05154639175257732
379720,BBB,2014J,0.4,0.2222222222222222
379769,FFF,2014B,0.05,0.25
379843,FFF,2013J,0.75,0.12195121951219512
379844,GGG,2013J,0.1,0.06896551724137931
379861,DDD,2013B,0.45,0.11538461538461539
380138,DDD,2013J,0.05,0.09090909090909091
380184,BBB,2014B,0.05,0.06666666666666667
380204,BBB,2014B,0.05,0.027777777777777776
380238,GGG,2014B,0.35,0.35
380239,DDD,2013J,0.2,0.07692307692307693
380240,BBB,2013J,0.0,0.0
380253,DDD,2013J,0.0,0.0
380341,DDD,2013B,0.25,0.09433962264150944
380429,DDD,2013J,0.2,0.07547169811320754
380435,FFF,2013J,0.5,0.14285714285714285
380599,GGG,2014J,0.4,0.27586206896551724
380662,DDD,2013J,0.0,0.0
380668,GGG,2014J,0.15,0.11538461538461539
380681,DDD,2014J,0.0,0.0
380894,GGG,2014B,0.05,0.03225806451612903
380919,DDD,2013B,0.2,0.10526315789473684
380921,EEE,2014B,0.15,0.21428571428571427
380952,FFF,2014J,0.1,0.038461538461538464
380953,AAA,2013J,0.45,0.3103448275862069
381185,EEE,2014J,0.6,0.6
381240,CCC,2014B,0.05,0.14285714285714285
381257,FFF,2014J,0.7,0.0979020979020979
381414,FFF,2014J,0.0,0.0
381428,FFF,2014J,0.0,0.0
381439,DDD,2014J,0.0,0.0
381533,BBB,2014B,0.0,0.0
381539,DDD,2013J,0.05,0.08333333333333333
381541,BBB,2013J,0.05,0.08333333333333333
381544,BBB,2014B,0.0,0.0
381586,EEE,2014J,0.3,0.35294117647058826
381642,AAA,2014J,0.5,0.5263157894736842
381646,DDD,2013B,0.25,0.07575757575757576
381669,BBB,2013J,0.0,0.0
381882,BBB,2014J,0.25,0.22727272727272727
381909,BBB,2014B,0.1,0.09090909090909091
381917,BBB,2014B,0.05,0.04
381927,CCC,2014B,0.15,0.11538461538461539
381959,FFF,2013J,0.3,0.12244897959183673
381983,EEE,2014J,0.0,0.0
382051,DDD,2014B,0.3,0.11538461538461539
382095,AAA,2014J,0.35,0.4117647058823529
382378,CCC,2014J,0.0,0.0
382378,DDD,2013J,0.15,0.061224489795918366
382497,DDD,2013B,0.3,0.0821917808219178
382575,BBB,2013J,0.15,0.25
382641,DDD,2013B,0.4,0.11267605633802817
382738,FFF,2013J,0.1,0.08695652173913043
382742,DDD,2013J,0.0,0.0
382857,FFF,2014B,0.0,0.0
382910,EEE,2014B,0.6,0.3333333333333333
382920,BBB,2013J,0.05,0.045454545454545456
382979,BBB,2013J,0.3,0.21428571428571427
383140,CCC,2014B,0.35,0.23333333333333334
383158,CCC,2014B,0.25,0.20833333333333334
383180,AAA,2014J,0.2,0.5714285714285714
383239,EEE,2014B,0.5,0.5263157894736842
383241,BBB,2014B,0.1,0.029411764705882353
383254,AAA,2013J,0.1,0.18181818181818182
383303,BBB,2013J,0.0,0.0
383316,FFF,2013B,0.4,0.0784313725490196
383347,CCC,2014B,0.0,0.0
383347,DDD,2013B,0.45,0.10227272727272728
383372,CCC,2014B,0.4,0.23529411764705882
383420,GGG,2014B,0.0,0.0
383445,FFF,2014J,0.05,0.05263157894736842
383517,FFF,2013J,0.05,0.015151515151515152
383541,FFF,2013B,0.25,0.06172839506172839
383558,FFF,2013B,0.05,0.03571428571428571
383571,BBB,2013J,0.0,0.0
383600,AAA,2014J,0.35,0.35
383602,FFF,2014J,0.55,0.11702127659574468
383629,FFF,2014J,0.25,0.07142857142857142
383694,DDD,2013J,0.25,0.08064516129032258
383701,DDD,2013B,0.05,0.04
383723,AAA,2014J,0.85,0.4358974358974359
383748,FFF,2013B,0.0,0.0
383907,FFF,2013B,0.05,0.0125
383921,FFF,2014B,0.2,0.041237113402061855
383946,FFF,2013B,0.1,0.08695652173913043
383967,BBB,2014B,0.0,0.0
383971,CCC,2014B,0.2,0.18181818181818182
383978,DDD,2013J,0.25,0.11904761904761904
384035,GGG,2014B,0.0,0.0
384107,FFF,2014J,0.2,0.13793103448275862
384153,DDD,2013J,0.05,0.07692307692307693
384203,AAA,2014J,0.75,0.46875
384227,FFF,2013J,0.45,0.11688311688311688
384246,DDD,2013B,0.05,0.024390243902439025
384295,DDD,2014J,0.05,0.034482758620689655
384499,DDD,2014J,0.2,0.10256410256410256
384636,BBB,2014B,0.0,0.0
384678,BBB,2013B,0.0,0.0
384725,AAA,2014J,0.9,0.4864864864864865
384797,EEE,2013J,0.55,0.3793103448275862
384866,FFF,2013B,0.2,0.09523809523809523
384884,BBB,2014B,0.0,0.0
384909,BBB,2013B,0.0,0.0
384999,DDD,2013J,0.05,0.1
384999,DDD,2014J,0.0,0.0
385033,CCC,2014J,0.0,0.0
385033,FFF,2013J,0.35,0.09210526315789473
385120,CCC,2014B,0.25,0.15151515151515152
385195,FFF,2013J,0.0,0.0
385209,FFF,2013J,0.2,0.08695652173913043
385218,DDD,2013J,0.05,0.06666666666666667
385228,GGG,2014B,0.05,0.05
385341,BBB,2014J,0.0,0.0
385387,CCC,2014B,0.2,0.0851063829787234
385405,BBB,2014J,0.15,0.16666666666666666
385495,DDD,2014J,0.0,0.0
385547,FFF,2013J,0.25,0.07575757575757576
385563,DDD,2014J,0.05,0.029411764705882353
385820,BBB,2013J,0.25,0.1282051282051282
385927,DDD,2014B,0.05,0.03125
385937,DDD,2013J,0.1,0.0273972602739726
386180,GGG,2014J,0.55,0.44
386348,BBB,2013B,0.1,0.09090909090909091
386389,FFF,2014J,0.05,0.021739130434782608
386671,DDD,2014B,0.1,0.09090909090909091
386833,DDD,2013B,0.2,0.0851063829787234
386880,DDD,2013B,0.25,0.09803921568627451
386889,BBB,2013J,0.0,0.0
386924,AAA,2013J,0.05,0.08333333333333333
386952,AAA,2013J,0.35,0.30434782608695654
386956,FFF,2014J,0.0,0.0
387009,CCC,2014B,0.25,0.16666666666666666
387174,FFF,2013B,0.15,0.07142857142857142
387289,DDD,2013B,0.1,0.07407407407407407
387289,DDD,2014B,0.0,0.0
387294,GGG,2014B,0.1,0.09523809523809523
387359,DDD,2013J,0.2,0.14285714285714285
387359,DDD,2014J,0.0,0.0
387364,DDD,2014J,0.0,0.0
387406,BBB,2014J,0.05,0.125
387446,GGG,2014J,0.1,0.058823529411764705
387447,FFF,2013B,0.15,0.04
387507,FFF,2013J,0.5,0.0970873786407767
387533,AAA,2014J,0.5,0.4
387537,EEE,2013J,0.45,0.47368421052631576
387550,GGG,2013J,0.05,0.09090909090909091
387635,FFF,2013B,0.1,0.16666666666666666
387648,EEE,2013J,0.7,0.45161290322580644
387700,BBB,2013J,0.0,0.0
387773,BBB,2014J,0.45,0.28125
387944,CCC,2014J,0.2,0.14814814814814814
387944,EEE,2014J,0.0,0.0
387963,CCC,2014J,0.0,0.0
387963,DDD,2014B,0.3,0.08955223880597014
388052,BBB,2013J,0.05,0.16666666666666666
388147,AAA,2014J,0.0,0.0
388205,BBB,2013B,0.0,0.0
388252,EEE,2013J,0.0,0.0
388259,GGG,2014J,0.0,0.0
388360,BBB,2013B,0.0,0.0
388410,BBB,2013B,0.0,0.0
388432,BBB,2013J,0.0,0.0
388538,CCC,2014B,0.2,0.07407407407407407
388697,FFF,2014B,0.5,0.15625
388708,CCC,2014B,0.2,0.4
388722,AAA,2013J,0.05,0.0625
388738,BBB,2014J,0.4,0.27586206896551724
388750,CCC,2014B,0.0,0.0
388754,FFF,2013J,0.6,0.12
388885,AAA,2013J,0.3,0.24
388923,EEE,2013J,0.6,0.4
388947,DDD,2013J,0.05,0.018518518518518517
388975,BBB,2013J,0.05,0.05
389025,DDD,2013J,0.05,0.05263157894736842
389101,BBB,2013J,0.2,0.2222222222222222
389208,FFF,2013J,0.2,0.05063291139240506
389249,BBB,2014B,0.0,0.0
389267,EEE,2014B,0.5,0.47619047619047616
389362,DDD,2013B,0.1,0.0625
389362,DDD,2013J,0.0,0.0
389369,BBB,2013B,0.05,0.0625
389471,BBB,2013J,0.2,0.26666666666666666
389639,DDD,2013J,0.25,0.09259259259259259
389759,FFF,2014B,0.0,0.0
389773,FFF,2013B,0.0,0.0
389773,FFF,2014B,0.0,0.0
389853,FFF,2014J,0.0,0.0
390026,DDD,2014B,0.15,0.075
390029,DDD,2013J,0.15,0.03614457831325301
390029,EEE,2013J,0.0,0.0
390070,FFF,2014J,0.35,0.17073170731707318
390210,DDD,2013B,0.1,0.058823529411764705
390220,BBB,2013B,0.05,0.05263157894736842
390233,DDD,2013B,0.05,0.04
390400,FFF,2013B,0.05,0.022222222222222223
390442,BBB,2013B,0.0,0.0
390461,BBB,2013B,0.0,0.0
390556,DDD,2013J,0.05,0.09090909090909091
390556,DDD,2014J,0.0,0.0
390690,DDD,2013J,0.3,0.08823529411764706
390849,DDD,2014J,0.15,0.1111111111111111
390890,AAA,2013J,0.15,0.2
390890,AAA,2014J,0.0,0.0
390958,BBB,2013J,0.1,0.1111111111111111
391059,CCC,2014J,0.1,0.125
391114,FFF,2014B,0.3,0.14285714285714285
391153,BBB,2014B,0.25,0.17857142857142858
391185,DDD,2013B,0.3,0.11320754716981132
391187,FFF,2013J,0.0,0.0
391249,AAA,2014J,0.5,0.37037037037037035
391301,EEE,2014J,0.2,0.5714285714285714
391343,CCC,2014B,0.0,0.0
391343,FFF,2013B,0.1,0.10526315789473684
391419,CCC,2014B,0.05,0.038461538461538464
391466,CCC,2014J,0.0,0.0
391466,EEE,2013J,0.4,0.42105263157894735
391537,DDD,2013J,0.2,0.08888888888888889
391578,DDD,2013J,0.1,0.15384615384615385
391613,FFF,2013B,0.2,0.0625
391630,FFF,2013B,0.0,0.0
391638,DDD,2013J,0.0,0.0
391822,FFF,2013B,0.15,0.047619047619047616
391891,FFF,2013B,0.3,0.08955223880597014
391924,DDD,2014B,0.2,0.06779661016949153
391937,BBB,2014J,0.4,0.18181818181818182
391937,GGG,2014B,0.0,0.0
392021,DDD,2013B,0.2,0.18181818181818182
392060,BBB,2013J,0.0,0.0
392207,FFF,2014B,0.0,0.0
392213,BBB,2013B,0.0,0.0
392215,GGG,2013J,0.05,0.06666666666666667
392281,BBB,2013J,0.0,0.0
392427,FFF,2013J,0.05,0.05
392428,BBB,2013B,0.05,0.07142857142857142
392526,CCC,2014B,0.25,0.15151515151515152
392604,BBB,2014B,0.1,0.043478260869565216
392626,DDD,2013J,0.05,0.03333333333333333
392664,DDD,2013J,0.3,0.0821917808219178
392756,AAA,2013J,0.2,0.2857142857142857
392890,CCC,2014J,0.0,0.0
392890,DDD,2013J,0.1,0.058823529411764705
392931,AAA,2013J,0.6,0.2926829268292683
392994,EEE,2013J,0.6,0.3870967741935484
393094,DDD,2014B,0.0,0.0
393142,CCC,2014J,0.3,0.2222222222222222
393207,AAA,2013J,0.2,0.14814814814814814
393327,BBB,2013J,0.05,0.04
393451,GGG,2013J,0.0,0.0
393488,EEE,2014B,0.6,0.631578947368421
393526,FFF,2013J,0.05,0.01020408163265306
393682,GGG,2014B,0.05,0.1
393698,FFF,2013J,0.0,0.0
393727,DDD,2014J,0.05,0.012658227848101266
393827,FFF,2013J,0.2,0.06153846153846154
393918,FFF,2013B,0.1,0.044444444444444446
393934,FFF,2013B,0.0,0.0
394024,GGG,2014B,0.0,0.0
394060,EEE,2013J,0.15,0.3
394067,BBB,2014B,0.0,0.0
394082,DDD,2013B,0.0,0.0
394218,FFF,2013J,0.35,0.11475409836065574
394239,FFF,2013J,0.5,0.12345679012345678
394311,CCC,2014B,0.1,0.06060606060606061
394314,BBB,2014J,0.35,0.25
394331,BBB,2014B,0.05,0.03571428571428571
394347,FFF,2013B,0.05,0.022222222222222223
394520,BBB,2014B,0.0,0.0
394791,CCC,2014J,0.15,0.08823529411764706
394937,FFF,2013B,0.15,0.07317073170731707
394951,DDD,2013J,0.05,0.1111111111111111
394979,DDD,2013B,0.1,0.05714285714285714
395073,BBB,2013J,0.1,0.18181818181818182
395188,FFF,2014B,0.1,0.0425531914893617
395288,DDD,2013B,0.0,0.0
395288,DDD,2014B,0.0,0.0
395320,BBB,2014J,0.4,0.20512820512820512
395367,FFF,2013B,0.0,0.0
395373,FFF,2013J,0.4,0.10256410256410256
395374,BBB,2014B,0.15,0.15
395463,FFF,2013B,0.05,0.04
395535,DDD,2014J,0.05,0.05
395588,FFF,2013B,0.75,0.14423076923076922
395696,FFF,2013J,0.0,0.0
395715,BBB,2013J,0.0,0.0
395757,CCC,2014J,0.0,0.0
395757,DDD,2013B,0.2,0.05714285714285714
395822,BBB,2014J,0.65,0.35135135135135137
396114,BBB,2013J,0.0,0.0
396145,GGG,2013J,0.05,0.037037037037037035
396210,DDD,2013J,0.1,0.08333333333333333
396292,DDD,2013J,0.2,0.05405405405405406
396456,BBB,2014B,0.05,0.1
396502,FFF,2013J,0.15,0.1
396599,AAA,2014J,0.2,0.4
396631,EEE,2013J,0.8,0.5714285714285714
396633,DDD,2013B,0.25,0.078125
396655,AAA,2014J,0.0,0.0
396668,DDD,2013J,0.0,0.0
396673,BBB,2014J,0.0,0.0
396674,EEE,2014J,0.75,0.5769230769230769
396679,FFF,2013B,0.1,0.0425531914893617
396683,FFF,2014J,0.4,0.1509433962264151
396739,FFF,2013B,0.4,0.07476635514018691
396799,BBB,2014B,0.15,0.0967741935483871
396825,CCC,2014B,0.2,0.10256410256410256
396834,FFF,2014J,0.4,0.19047619047619047
396872,AAA,2013J,0.2,0.12903225806451613
396907,FFF,2014J,0.15,0.08571428571428572
397118,BBB,2013B,0.2,0.36363636363636365
397149,EEE,2013J,0.3,0.375
397219,FFF,2014J,0.65,0.13
397292,FFF,2014J,0.0,0.0
397312,BBB,2014B,0.0,0.0
397405,DDD,2013B,0.1,0.0625
397414,BBB,2014J,0.15,0.10344827586206896
397470,FFF,2013J,0.3,0.08695652173913043
397506,CCC,2014B,0.0,0.0
397506,FFF,2013J,0.5,0.09523809523809523
397557,EEE,2013J,0.55,0.44
397671,FFF,2014J,0.9,0.10404624277456648
397747,BBB,2014B,0.3,0.2857142857142857
397829,BBB,2014B,0.0,0.0
397894,DDD,2014J,0.05,0.024390243902439025
398019,EEE,2014J,0.2,0.3333333333333333
398040,FFF,2013B,0.25,0.058823529411764705
398067,BBB,2013J,0.0,0.0
398084,BBB,2013B,0.1,0.05405405405405406
398118,FFF,2013B,0.2,0.04395604395604396
398171,AAA,2014J,0.45,0.32142857142857145
398199,DDD,2013B,0.55,0.08870967741935484
398349,AAA,2014J,0.75,0.45454545454545453
398413,EEE,2014J,0.45,0.6428571428571429
398439,FFF,2014B,0.3,0.14634146341463414
398442,BBB,2014J,0.05,0.038461538461538464
398487,CCC,2014B,0.15,0.07692307692307693
398496,CCC,2014J,0.2,0.07407407407407407
398525,BBB,2013J,0.15,0.17647058823529413
398550,FFF,2014J,0.4,0.16666666666666666
398552,AAA,2013J,0.7,0.4
398630,FFF,2014J,0.35,0.14893617021276595
398656,FFF,2013B,0.05,0.05555555555555555
398816,DDD,2014J,0.05,0.01282051282051282
398862,FFF,2013B,0.05,0.02040816326530612
398877,EEE,2013J,0.6,0.4444444444444444
398891,BBB,2013J,0.0,0.0
398956,BBB,2013J,0.0,0.0
399429,FFF,2014J,0.4,0.12121212121212122
399450,DDD,2013B,0.25,0.07575757575757576
399453,DDD,2013J,0.1,0.045454545454545456
399628,DDD,2014J,0.0,0.0
399737,BBB,2014J,0.6,0.2608695652173913
399794,DDD,2013J,0.25,0.07692307692307693
399794,DDD,2014J,0.0,0.0
399863,FFF,2013J,0.0,0.0
399895,FFF,2013B,0.1,0.037037037037037035
399935,DDD,2013J,0.1,0.16666666666666666
400004,FFF,2013B,0.0,0.0
400049,BBB,2013B,0.15,0.09375
400087,FFF,2013B,0.15,0.04411764705882353
400091,DDD,2014J,0.15,0.047619047619047616
400145,FFF,2013J,0.05,0.023255813953488372
400147,AAA,2014J,0.35,0.4375
400252,FFF,2014B,0.15,0.07317073170731707
400266,FFF,2013J,0.3,0.1276595744680851
400451,DDD,2013B,0.25,0.08196721311475409
400469,BBB,2013B,0.05,0.043478260869565216
400474,BBB,2013B,0.0,0.0
400549,BBB,2014J,0.25,0.2777777777777778
400599,DDD,2014B,0.05,0.05
400630,DDD,2013B,0.0,0.0
400632,FFF,2013B,0.15,0.058823529411764705
400682,AAA,2014J,0.55,0.3142857142857143
400759,DDD,2013B,0.2,0.06896551724137931
400894,BBB,2013B,0.05,0.16666666666666666
400942,DDD,2013J,0.15,0.07317073170731707
400958,CCC,2014J,0.05,0.038461538461538464
401011,CCC,2014J,0.0,0.0
401011,EEE,2013J,0.15,0.21428571428571427
401139,GGG,2013J,0.5,0.5
401240,EEE,2014J,0.7,0.5833333333333334
401296,CCC,2014B,0.15,0.13636363636363635
401296,EEE,2013J,0.0,0.0
401317,BBB,2014J,0.45,0.2571428571428571
401339,BBB,2013B,0.05,0.03225806451612903
401349,BBB,2013B,0.1,0.1111111111111111
401404,AAA,2014J,0.55,0.3235294117647059
401486,DDD,2013B,0.05,0.024390243902439025
401824,FFF,2013J,0.0,0.0
401866,FFF,2013J,0.05,0.07142857142857142
401869,AAA,2013J,0.2,0.17391304347826086
401903,CCC,2014B,0.25,0.1388888888888889
402180,BBB,2014J,0.75,0.40540540540540543
402204,AAA,2014J,0.4,0.42105263157894735
402210,CCC,2014J,0.0,0.0
402210,DDD,2013J,0.5,0.14285714285714285
402295,EEE,2014J,0.5,0.625
402314,DDD,2014B,0.1,0.031746031746031744
402378,CCC,2014J,0.05,0.03225806451612903
402433,DDD,2013J,0.0,0.0
402449,FFF,2014B,0.3,0.15789473684210525
402458,FFF,2013J,0.1,0.04878048780487805
402470,AAA,2013J,0.25,0.2631578947368421
402502,FFF,2014B,0.7,0.14583333333333334
402575,DDD,2014B,0.0,0.0
402662,FFF,2013J,0.15,0.058823529411764705
402695,FFF,2014J,0.25,0.10416666666666667
402727,AAA,2014J,0.25,0.2777777777777778
402806,FFF,2014B,0.55,0.125
402808,EEE,2013J,0.0,0.0
402958,DDD,2014J,0.05,0.02
402961,AAA,2014J,0.8,0.45714285714285713
402993,BBB,2013J,0.0,0.0
403052,DDD,2013J,0.15,0.07894736842105263
403085,CCC,2014B,0.0,0.0
403085,DDD,2013B,0.2,0.08695652173913043
403093,BBB,2013B,0.0,0.0
403213,BBB,2014J,0.15,0.23076923076923078
403902,DDD,2013B,0.0,0.0
404022,BBB,2013B,0.15,0.14285714285714285
404050,EEE,2013J,0.15,0.42857142857142855
404121,BBB,2014J,0.35,0.14893617021276595
404135,FFF,2013B,0.35,0.06306306306306306
404170,FFF,2013B,0.0,0.0
404170,FFF,2014B,0.0,0.0
404200,EEE,2014J,0.15,0.16666666666666666
404269,BBB,2013J,0.0,0.0
404325,GGG,2013J,0.3,0.1875
404356,AAA,2014J,0.5,0.5
404415,BBB,2014J,0.55,0.2558139534883721
404449,EEE,2013J,0.35,0.3888888888888889
404536,FFF,2013J,0.2,0.11428571428571428
404631,FFF,2013J,0.7,0.13861386138613863
404671,BBB,2013J,0.9,0.32142857142857145
404695,EEE,2014J,0.75,0.6
404708,BBB,2013J,0.15,0.07142857142857142
404727,BBB,2013B,0.05,0.05555555555555555
404804,AAA,2013J,0.0,0.0
405088,AAA,2013J,0.6,0.32432432432432434
405125,EEE,2014J,0.65,0.6190476190476191
405192,FFF,2014B,0.3,0.14285714285714285
405193,FFF,2014J,0.7,0.09929078014184398
405219,FFF,2013B,0.55,0.08208955223880597
405268,BBB,2014B,0.0,0.0
405314,FFF,2013B,0.2,0.05
405314,FFF,2013J,0.0,0.0
405336,DDD,2013J,0.05,0.3333333333333333
405426,DDD,2013B,0.2,0.25
405471,BBB,2013B,0.0,0.0
405743,DDD,2013B,0.0,0.0
405775,FFF,2014B,0.1,0.0625
405784,DDD,2013B,0.25,0.13157894736842105
405784,DDD,2013J,0.0,0.0
405889,FFF,2013B,0.1,0.0425531914893617
405945,BBB,2013J,0.1,0.09090909090909091
405995,BBB,2013B,0.0,0.0
406000,BBB,2014J,0.6,0.2608695652173913
406056,DDD,2013B,0.35,0.11864406779661017
406121,EEE,2013J,0.5,0.45454545454545453
406224,DDD,2013J,0.15,0.07894736842105263
406254,FFF,2013J,0.15,0.039473684210526314
406311,BBB,2013B,0.0,0.0
406498,DDD,2013J,0.0,0.0
406541,DDD,2013B,0.3,0.11320754716981132
406549,EEE,2013J,0.45,0.36
406600,BBB,2014B,0.0,0.0
406671,AAA,2014J,0.15,0.75
406682,AAA,2014J,0.7,0.4827586206896552
406698,CCC,2014J,0.05,0.045454545454545456
406751,GGG,2014B,0.05,0.03571428571428571
406908,CCC,2014B,0.2,0.23529411764705882
406974,BBB,2013B,0.0,0.0
406974,BBB,2014B,0.0,0.0
407232,FFF,2014J,0.6,0.13186813186813187
407303,DDD,2014B,0.35,0.16279069767441862
407371,FFF,2013B,0.1,0.0425531914893617
407374,DDD,2013J,0.35,0.08139534883720931
407404,CCC,2014J,0.0,0.0
407453,CCC,2014B,0.25,0.16666666666666666
407453,EEE,2013J,0.0,0.0
407487,DDD,2014J,0.0,0.0
407500,FFF,2014B,0.3,0.13333333333333333
407545,BBB,2014B,0.0,0.0
407595,DDD,2013B,0.0,0.0
407670,FFF,2013B,0.2,0.08888888888888889
407681,FFF,2013B,0.05,0.017857142857142856
407731,EEE,2014J,0.65,0.5652173913043478
407818,CCC,2014B,0.0,0.0
407818,FFF,2013B,0.3,0.06818181818181818
407968,FFF,2013B,0.15,0.05555555555555555
408061,DDD,2013J,0.2,0.13793103448275862
408105,FFF,2014B,0.05,0.06666666666666667
408112,BBB,2013B,0.1,0.2222222222222222
408239,DDD,2013J,0.15,0.08823529411764706
408353,FFF,2014B,0.05,0.04
408372,FFF,2013B,0.0,0.0
408413,CCC,2014B,0.05,0.1
408581,BBB,2014B,0.05,0.022727272727272728
408608,CCC,2014J,0.2,0.15384615384615385
408651,FFF,2013B,0.05,0.047619047619047616
408753,FFF,2013B,0.1,0.03636363636363636
408763,EEE,2014J,0.5,0.2702702702702703
408817,DDD,2013J,0.1,0.08
408975,BBB,2013J,0.05,0.14285714285714285
409040,FFF,2013J,0.15,0.0625
409091,DDD,2013B,0.25,0.06944444444444445
409100,AAA,2014J,0.9,0.47368421052631576
409109,DDD,2013B,0.1,0.046511627906976744
409120,DDD,2014J,0.0,0.0
409205,DDD,2014J,0.0,0.0
409651,FFF,2014B,0.3,0.05217391304347826
409662,BBB,2013B,0.1,0.15384615384615385
409663,FFF,2013B,0.05,0.16666666666666666
409703,AAA,2014J,0.8,0.45714285714285713
409708,BBB,2014J,0.25,0.15151515151515152
409733,CCC,2014J,0.25,0.1282051282051282
409852,CCC,2014J,0.0,0.0
409880,DDD,2013J,0.35,0.12727272727272726
409930,BBB,2013J,0.0,0.0
409945,BBB,2013J,0.05,0.043478260869565216
409953,CCC,2014J,0.0,0.0
409953,DDD,2013J,0.25,0.09259259259259259
410052,BBB,2013J,0.55,0.23404255319148937
410084,DDD,2013J,0.0,0.0
410092,AAA,2014J,0.15,0.1875
410176,CCC,2014J,0.0,0.0
410199,FFF,2014B,0.4,0.06896551724137931
410203,CCC,2014B,0.35,0.12962962962962962
410281,BBB,2013J,0.55,0.2894736842105263
410357,BBB,2013J,0.05,0.0625
410407,CCC,2014B,0.15,0.05660377358490566
410407,FFF,2014J,0.0,0.0
410537,BBB,2013J,0.05,0.047619047619047616
410573,GGG,2013J,0.1,0.1111111111111111
410587,EEE,2014J,0.75,0.4838709677419355
410592,EEE,2014J,0.65,0.5909090909090909
410666,FFF,2014B,0.05,0.125
410699,CCC,2014B,0.05,0.07142857142857142
410739,BBB,2013B,0.2,0.11764705882352941
410767,DDD,2013J,0.0,0.0
410767,DDD,2014J,0.0,0.0
410810,EEE,2014B,0.75,0.5172413793103449
410816,DDD,2014B,0.1,0.2857142857142857
410838,FFF,2013J,0.45,0.08653846153846154
410842,BBB,2013J,0.0,0.0
410883,FFF,2014J,0.2,0.08163265306122448
410886,DDD,2013B,0.25,0.078125
411013,FFF,2013B,0.25,0.052083333333333336
411060,DDD,2014B,0.8,0.14414414414414414
411105,GGG,2013J,0.0,0.0
411150,BBB,2014J,0.05,0.25
411304,FFF,2014J,0.25,0.0625
411549,CCC,2014J,0.0,0.0
411549,DDD,2014J,0.05,0.021739130434782608
411619,EEE,2014J,0.75,0.45454545454545453
411642,BBB,2013J,0.05,0.05555555555555555
411707,DDD,2013J,0.35,0.09210526315789473
411971,AAA,2014J,0.4,0.32
412025,FFF,2013B,0.0,0.0
412063,DDD,2013B,0.0,0.0
412081,BBB,2014J,0.3,0.3333333333333333
412102,FFF,2013B,0.25,0.06097560975609756
412175,DDD,2013J,0.1,0.13333333333333333
412258,CCC,2014B,0.3,0.09523809523809523
412263,FFF,2013B,0.15,0.08333333333333333
412284,CCC,2014B,0.4,0.18604651162790697
412307,FFF,2013B,0.3,0.06315789473684211
412343,BBB,2014J,0.05,0.16666666666666666
412353,FFF,2014J,0.7,0.13333333333333333
412387,FFF,2014B,0.05,0.0625
412407,BBB,2013B,0.1,0.4
412600,CCC,2014J,0.0,0.0
412600,DDD,2014B,0.0,0.0
412618,DDD,2013J,0.25,0.07692307692307693
412654,BBB,2013B,0.1,0.25
412663,CCC,2014J,0.0,0.0
412663,DDD,2014B,0.45,0.1836734693877551
412695,FFF,2014B,0.4,0.08791208791208792
412697,FFF,2013J,0.9,0.0989010989010989
412717,DDD,2014J,0.3,0.07317073170731707
412731,DDD,2013B,0.05,0.019230769230769232
412772,DDD,2013B,0.05,0.02
412911,EEE,2013J,0.3,0.42857142857142855
413083,CCC,2014B,0.4,0.11764705882352941
413087,CCC,2014J,0.15,0.15789473684210525
413087,DDD,2014J,0.0,0.0
413180,FFF,2014J,0.15,0.06521739130434782
413200,CCC,2014J,0.0,0.0
413200,FFF,2014B,0.05,0.023809523809523808
413580,DDD,2013B,0.05,0.043478260869565216
413709,FFF,2014J,0.3,0.14634146341463414
413891,EEE,2014B,0.2,0.5
413934,DDD,2013B,0.55,0.12222222222222222
413949,FFF,2014J,0.75,0.1171875
413984,BBB,2013B,0.0,0.0
414028,BBB,2013J,0.55,0.171875
414094,DDD,2014J,0.0,0.0
414117,AAA,2013J,0.35,0.25
414247,DDD,2013J,0.1,0.08
414258,FFF,2013B,0.05,0.03571428571428571
414258,FFF,2014B,0.0,0.0
414304,DDD,2013B,0.4,0.10256410256410256
414350,BBB,2013J,0.75,0.26785714285714285
414495,BBB,2013J,0.1,0.09523809523809523
414587,DDD,2013B,0.15,0.05263157894736842
414633,GGG,2014J,0.3,0.2222222222222222
414668,GGG,2014B,0.65,0.48148148148148145
414696,GGG,2014B,0.45,0.32142857142857145
414758,DDD,2013B,0.0,0.0
414772,CCC,2014J,0.0,0.0
414803,DDD,2013B,0.0,0.0
414958,BBB,2013B,0.0,0.0
414963,DDD,2014J,0.25,0.07575757575757576
415216,BBB,2013J,0.1,0.10526315789473684
415546,BBB,2013J,0.0,0.0
415631,CCC,2014J,0.0,0.0
415695,DDD,2013B,0.1,0.06451612903225806
415695,DDD,2014B,0.0,0.0
415716,BBB,2013B,0.0,0.0
415760,BBB,2013B,0.05,0.125
415812,DDD,2013B,0.05,0.125
415818,GGG,2014B,0.15,0.13043478260869565
415952,FFF,2013B,0.2,0.08695652173913043
415969,AAA,2013J,0.1,0.18181818181818182
415969,AAA,2014J,0.0,0.0
415988,FFF,2013B,0.1,0.03636363636363636
416007,BBB,2013B,0.0,0.0
416008,DDD,2013B,0.35,0.1590909090909091
416008,DDD,2014B,0.0,0.0
416199,FFF,2014J,0.4,0.1951219512195122
416229,FFF,2013B,0.25,0.08620689655172414
416243,DDD,2013J,0.0,0.0
416284,CCC,2014J,0.0,0.0
416302,FFF,2014B,0.4,0.10810810810810811
416304,FFF,2013J,0.15,0.014563106796116505
416355,GGG,2013J,0.35,0.13725490196078433
416407,FFF,2014J,0.25,0.09090909090909091
416420,EEE,2013J,0.55,0.44
416500,DDD,2013J,0.05,0.08333333333333333
416654,BBB,2013B,0.35,0.1346153846153846
416689,CCC,2014B,0.0,0.0
416696,FFF,2013B,0.1,0.25
416696,FFF,2013J,0.0,0.0
416700,GGG,2014J,0.05,0.045454545454545456
416725,FFF,2013B,0.3,0.06
416860,CCC,2014B,0.0,0.0
416860,CCC,2014J,0.2,0.21052631578947367
417096,GGG,2014B,0.15,0.09090909090909091
417184,FFF,2014B,0.15,0.0625
417242,DDD,2013B,0.25,0.06172839506172839
417263,BBB,2014B,0.0,0.0
417414,FFF,2013J,0.25,0.046296296296296294
417522,CCC,2014J,0.25,0.09615384615384616
417547,EEE,2014B,0.7,0.56
417657,BBB,2013J,0.05,0.3333333333333333
417663,FFF,2013J,0.2,0.09302325581395349
417684,BBB,2014B,0.0,0.0
417724,CCC,2014J,0.0,0.0
417724,EEE,2013J,0.7,0.4666666666666667
417820,CCC,2014B,0.0,0.0
417974,DDD,2013B,0.0,0.0
417986,BBB,2014J,0.65,0.2653061224489796
418007,FFF,2013J,0.35,0.109375
418032,GGG,2013J,0.75,0.42857142857142855
418035,EEE,2014J,0.4,0.4444444444444444
418077,BBB,2014J,0.35,0.16666666666666666
418122,DDD,2013B,0.15,0.08333333333333333
418159,DDD,2013J,0.0,0.0
418201,FFF,2014J,0.1,0.06666666666666667
418216,EEE,2014J,0.75,0.5357142857142857
418218,FFF,2014B,0.15,0.08333333333333333
418224,CCC,2014B,0.15,0.057692307692307696
418325,BBB,2013B,0.0,0.0
418397,CCC,2014J,0.0,0.0
418397,DDD,2013J,0.05,0.018518518518518517
418453,DDD,2014B,0.1,0.047619047619047616
418490,DDD,2013B,0.75,0.25
418623,CCC,2014B,0.1,0.05263157894736842
418634,FFF,2013B,0.45,0.08411214953271028
418731,AAA,2014J,0.15,0.1875
418781,DDD,2014B,0.15,0.075
418900,EEE,2013J,0.55,0.5
418956,DDD,2013B,0.1,0.025
418971,CCC,2014B,0.05,0.3333333333333333
418998,FFF,2013B,0.1,0.041666666666666664
419024,FFF,2013J,0.35,0.058333333333333334
419059,FFF,2014J,0.35,0.11864406779661017
419192,DDD,2013J,0.15,0.08823529411764706
419223,EEE,2013J,0.55,0.4583333333333333
419233,CCC,2014B,0.0,0.0
419273,DDD,2013B,0.1,0.07142857142857142
419284,FFF,2014B,0.4,0.10256410256410256
419375,BBB,2013J,0.0,0.0
419517,DDD,2013J,0.4,0.11267605633802817
419565,FFF,2013B,0.05,0.03125
419565,FFF,2013J,0.0,0.0
419791,FFF,2013B,0.2,0.06779661016949153
419913,DDD,2014J,0.05,0.02564102564102564
419924,BBB,2014J,0.25,0.29411764705882354
419946,FFF,2013B,0.05,0.023809523809523808
419990,FFF,2013J,0.25,0.058823529411764705
420042,CCC,2014J,0.0,0.0
420042,FFF,2014B,0.6,0.10810810810810811
420087,AAA,2013J,0.1,0.13333333333333333
420141,DDD,2014J,0.1,0.029850746268656716
420163,BBB,2013J,0.0,0.0
420173,EEE,2013J,0.65,0.48148148148148145
420333,EEE,2014B,0.75,0.5769230769230769
420344,DDD,2014J,0.0,0.0
420345,CCC,2014B,0.3,0.16216216216216217
420388,DDD,2013B,0.15,0.061224489795918366
420528,CCC,2014B,0.6,0.1875
420560,DDD,2014J,0.05,0.047619047619047616
420604,BBB,2013B,0.0,0.0
420631,BBB,2014J,0.6,0.48
420663,BBB,2014B,0.0,0.0
420699,FFF,2013B,0.4,0.11940298507462686
420720,FFF,2013B,0.15,0.039473684210526314
420724,BBB,2013J,0.2,0.23529411764705882
420762,DDD,2014J,0.15,0.046875
420867,FFF,2013J,0.0,0.0
420894,FFF,2013B,0.15,0.06818181818181818
420935,CCC,2014B,0.3,0.12244897959183673
421018,BBB,2013J,0.2,0.17391304347826086
421111,CCC,2014J,0.0,0.0
421111,EEE,2014B,0.4,0.34782608695652173
421179,FFF,2014B,0.0,0.0
421185,DDD,2014J,0.05,0.022222222222222223
421205,BBB,2013B,0.0,0.0
421209,CCC,2014B,0.1,0.0625
421301,DDD,2013J,0.1,0.14285714285714285
421326,BBB,2014B,0.0,0.0
421455,AAA,2014J,0.35,0.3684210526315789
421992,BBB,2014B,0.0,0.0
421999,GGG,2013J,0.05,0.043478260869565216
422006,FFF,2013J,0.2,0.12121212121212122
422061,FFF,2013B,0.15,0.05555555555555555
422070,BBB,2013B,0.05,0.09090909090909091
422087,FFF,2013B,0.4,0.0898876404494382
422164,DDD,2013B,0.05,0.04
422276,DDD,2013J,0.05,0.037037037037037035
422280,FFF,2013B,0.05,0.029411764705882353
422340,FFF,2013B,0.4,0.07407407407407407
422343,CCC,2014J,0.05,0.1
422343,DDD,2014J,0.0,0.0
422479,BBB,2013J,0.2,0.18181818181818182
422530,FFF,2014B,0.1,0.07692307692307693
422534,DDD,2013J,0.1,0.07692307692307693
422542,CCC,2014J,0.2,0.13333333333333333
422626,FFF,2014B,0.5,0.09433962264150944
422670,CCC,2014J,0.0,0.0
422697,FFF,2014B,0.05,0.02564102564102564
422768,DDD,2013B,0.2,0.08333333333333333
423093,GGG,2014J,0.2,0.16
423147,DDD,2013J,0.05,0.03125
423210,FFF,2014J,0.35,0.1044776119402985
423386,DDD,2013B,0.25,0.11363636363636363
423398,BBB,2014J,0.75,0.2830188679245283
423399,BBB,2013J,0.05,0.023809523809523808
423488,FFF,2014J,0.0,0.0
423601,FFF,2013B,0.15,0.06818181818181818
423607,CCC,2014J,0.05,0.029411764705882353
423622,CCC,2014J,0.0,0.0
423648,FFF,2014B,0.0,0.0
423652,BBB,2014B,0.0,0.0
423664,CCC,2014J,0.0,0.0
423757,DDD,2013B,0.1,0.05263157894736842
423781,FFF,2014J,0.4,0.16
423871,BBB,2013B,0.05,0.043478260869565216
423879,CCC,2014B,0.05,0.022727272727272728
423947,EEE,2014J,0.5,0.4166666666666667
423985,FFF,2013B,0.0,0.0
424014,BBB,2014B,0.0,0.0
424082,CCC,2014B,0.15,0.10714285714285714
424112,CCC,2014B,0.25,0.15151515151515152
424171,FFF,2013J,0.3,0.06741573033707865
424211,DDD,2014J,0.15,0.046875
424220,BBB,2014J,0.1,0.125
424437,FFF,2013J,0.65,0.104
424539,BBB,2013J,0.0,0.0
424544,FFF,2013B,0.2,0.07547169811320754
424577,AAA,2014J,0.55,0.5
424637,BBB,2013J,0.0,0.0
424880,DDD,2014B,0.2,0.09523809523809523
424950,CCC,2014B,0.05,0.07142857142857142
424978,EEE,2014B,0.25,0.2777777777777778
424987,DDD,2013B,0.35,0.07526881720430108
425218,FFF,2013J,0.1,0.05555555555555555
425257,GGG,2014B,0.1,0.16666666666666666
425274,EEE,2013J,0.25,0.38461538461538464
425287,CCC,2014B,0.1,0.2857142857142857
425287,CCC,2014J,0.0,0.0
425543,DDD,2013J,0.2,0.11428571428571428
425748,FFF,2013B,0.05,0.03333333333333333
425772,BBB,2014J,0.15,0.17647058823529413
425808,BBB,2013B,0.1,0.08695652173913043
425817,BBB,2013B,0.0,0.0
425820,BBB,2013B,0.1,0.09090909090909091
425910,DDD,2014J,0.05,0.034482758620689655
425997,FFF,2013B,0.2,0.06153846153846154
426059,DDD,2013B,0.1,0.043478260869565216
426059,DDD,2013J,0.0,0.0
426074,FFF,2013B,0.25,0.07246376811594203
426094,DDD,2013B,0.0,0.0
426297,DDD,2014B,0.3,0.07792207792207792
426316,EEE,2014B,0.5,0.45454545454545453
426458,BBB,2013J,0.1,0.25
426465,FFF,2013B,0.25,0.07246376811594203
426547,GGG,2014B,0.0,0.0
426610,CCC,2014B,0.15,0.17647058823529413
426616,CCC,2014B,0.0,0.0
426616,EEE,2014B,0.65,0.4482758620689655
426624,BBB,2014J,0.5,0.2564102564102564
426650,BBB,2013B,0.0,0.0
426736,GGG,2013J,0.15,0.42857142857142855
426838,BBB,2013B,0.3,0.3
426871,DDD,2013B,0.1,0.03076923076923077
426887,DDD,2013J,0.55,0.10679611650485436
427256,FFF,2014J,0.4,0.11764705882352941
427321,GGG,2013J,0.25,0.2
427344,DDD,2013J,0.0,0.0
427348,FFF,2013B,0.1,0.04081632653061224
427390,CCC,2014J,0.05,0.06666666666666667
427413,CCC,2014J,0.0,0.0
427413,EEE,2013J,0.45,0.4090909090909091
427536,BBB,2013B,0.05,0.027777777777777776
427683,BBB,2013J,0.0,0.0
427704,BBB,2013B,0.1,0.09090909090909091
427773,BBB,2013B,0.1,0.05
427802,FFF,2013J,0.3,0.11764705882352941
427921,BBB,2013J,0.0,0.0
428116,DDD,2014J,0.0,0.0
428142,FFF,2013B,0.2,0.06153846153846154
428323,BBB,2013J,0.05,0.045454545454545456
428641,FFF,2013B,0.25,0.09090909090909091
428653,BBB,2013J,0.0,0.0
428787,DDD,2014J,0.0,0.0
428932,FFF,2013B,0.2,0.0625
428979,FFF,2013B,0.35,0.15555555555555556
429004,GGG,2014J,0.15,0.1111111111111111
429015,CCC,2014J,0.0,0.0
429015,FFF,2014B,0.2,0.10256410256410256
429038,BBB,2013B,0.0,0.0
429065,CCC,2014B,0.35,0.3888888888888889
429099,BBB,2014B,0.0,0.0
429162,FFF,2013B,0.0,0.0
429185,CCC,2014B,0.25,0.1282051282051282
429212,DDD,2013J,0.0,0.0
429417,BBB,2014B,0.05,0.02564102564102564
429610,BBB,2013J,0.0,0.0
429832,FFF,2013J,0.05,0.045454545454545456
429832,FFF,2014J,0.0,0.0
429833,DDD,2013B,0.1,0.07407407407407407
429854,DDD,2013J,0.05,0.045454545454545456
429858,AAA,2014J,0.25,0.2
429958,AAA,2013J,0.25,0.20833333333333334
430356,DDD,2013J,0.25,0.06172839506172839
430357,BBB,2013B,0.0,0.0
430392,BBB,2013J,0.05,0.04
430487,CCC,2014J,0.3,0.23076923076923078
430516,FFF,2014B,0.0,0.0
430530,BBB,2014J,0.1,0.15384615384615385
430554,FFF,2013B,0.0,0.0
430625,FFF,2014B,0.0,0.0
430678,DDD,2014B,0.05,0.1
430686,CCC,2014B,0.2,0.15384615384615385
430708,BBB,2013J,0.1,0.11764705882352941
430806,CCC,2014J,0.45,0.140625
431005,DDD,2013B,0.05,0.07692307692307693
431005,DDD,2013J,0.0,0.0
431014,EEE,2013J,0.45,0.45
431025,AAA,2014J,0.35,0.3333333333333333
431071,BBB,2013B,0.1,0.09523809523809523
431136,DDD,2014B,0.05,0.2
431136,DDD,2014J,0.0,0.0
431139,FFF,2014J,0.5,0.12195121951219512
431251,FFF,2013B,0.45,0.07894736842105263
431386,CCC,2014B,0.05,0.25
431406,DDD,2014B,0.15,0.06
431987,FFF,2014B,0.55,0.1375
432144,BBB,2013J,0.2,0.17391304347826086
432222,FFF,2013B,0.3,0.0625
432232,BBB,2013B,0.25,0.4166666666666667
432237,BBB,2013J,0.15,0.3
432336,FFF,2013J,0.0,0.0
432478,CCC,2014J,0.0,0.0
432480,BBB,2014B,0.15,0.42857142857142855
432484,EEE,2014J,0.15,1.0
432532,FFF,2013B,0.25,0.04716981132075472
432592,FFF,2013J,0.4,0.07920792079207921
432624,DDD,2013J,0.05,0.047619047619047616
432642,DDD,2014J,0.15,0.047619047619047616
432703,FFF,2013J,0.55,0.21568627450980393
432724,CCC,2014J,0.3,0.15789473684210525
432862,DDD,2013J,0.1,0.06060606060606061
432870,BBB,2013B,0.3,0.15384615384615385
432968,DDD,2013J,0.05,0.09090909090909091
433151,DDD,2013B,0.4,0.13333333333333333
433165,GGG,2013J,0.0,0.0
433280,BBB,2013J,0.45,0.225
433386,DDD,2013B,0.3,0.11764705882352941
433508,CCC,2014J,0.0,0.0
433508,DDD,2013J,0.35,0.09859154929577464
433531,BBB,2013B,0.2,0.16666666666666666
433748,DDD,2013J,0.1,0.06896551724137931
433755,BBB,2013B,0.15,0.10714285714285714
433794,CCC,2014J,0.05,0.024390243902439025
433864,BBB,2013J,0.0,0.0
433939,BBB,2013B,0.0,0.0
433939,BBB,2014J,0.0,0.0
434002,DDD,2014B,0.0,0.0
434002,DDD,2014J,0.0,0.0
434192,BBB,2013B,0.05,0.09090909090909091
434298,FFF,2013B,0.0,0.0
434347,EEE,2014J,0.8,0.5517241379310345
434353,BBB,2013B,0.2,0.21052631578947367
434397,BBB,2013J,0.25,0.18518518518518517
434476,FFF,2013B,0.1,0.047619047619047616
434476,FFF,2014J,0.0,0.0
434562,CCC,2014B,0.25,0.13513513513513514
434562,EEE,2013J,0.0,0.0
434585,BBB,2013J,0.65,0.23214285714285715
434617,FFF,2013J,0.0,0.0
434646,BBB,2013B,0.3,0.09230769230769231
434759,EEE,2013J,0.6,0.5217391304347826
434767,DDD,2014J,0.0,0.0
434841,CCC,2014J,0.0,0.0
434841,DDD,2014B,0.0,0.0
434977,DDD,2013B,0.0,0.0
435043,FFF,2013B,0.15,0.06976744186046512
435101,DDD,2013B,0.05,0.25
435245,BBB,2013B,0.0,0.0
435277,EEE,2013J,0.75,0.5555555555555556
435282,BBB,2014B,0.0,0.0
435287,BBB,2014J,0.0,0.0
435423,DDD,2013B,0.35,0.09859154929577464
435446,FFF,2014B,0.1,0.05405405405405406
435572,DDD,2014J,0.0,0.0
435587,DDD,2013J,0.15,0.12
436044,FFF,2013J,0.0,0.0
436058,CCC,2014B,0.2,0.11428571428571428
436213,EEE,2014J,0.1,0.3333333333333333
436481,FFF,2014B,0.25,0.11363636363636363
436590,FFF,2014B,0.85,0.17708333333333334
436898,DDD,2014J,0.25,0.06578947368421052
437171,BBB,2014B,0.35,0.3181818181818182
437281,DDD,2013B,0.4,0.11764705882352941
437482,CCC,2014J,0.1,0.05405405405405406
437550,BBB,2014J,0.7,0.2916666666666667
437562,BBB,2013B,0.25,0.125
437565,BBB,2014B,0.2,0.11428571428571428
437872,FFF,2013B,0.65,0.1368421052631579
437923,DDD,2013J,0.05,0.025
437967,BBB,2013B,0.0,0.0
438063,FFF,2013J,0.0,0.0
438068,BBB,2013J,0.0,0.0
438244,DDD,2013B,0.05,0.058823529411764705
438283,EEE,2013J,0.0,0.0
438290,DDD,2013J,0.1,0.2857142857142857
438313,FFF,2013J,0.1,0.044444444444444446
438323,FFF,2013B,0.1,0.04
438452,FFF,2013B,0.1,0.0392156862745098
438551,BBB,2013J,0.35,0.21875
438644,FFF,2013J,0.05,0.07142857142857142
438644,FFF,2014J,0.0,0.0
438662,DDD,2013B,0.15,0.14285714285714285
438703,BBB,2013B,0.05,0.05
438751,DDD,2013J,0.1,0.03333333333333333
438796,CCC,2014B,0.0,0.0
438796,FFF,2014B,0.25,0.09259259259259259
439109,BBB,2014B,0.0,0.0
439170,GGG,2014J,0.0,0.0
439182,BBB,2013J,0.3,0.2222222222222222
439305,AAA,2014J,0.35,0.3684210526315789
439433,FFF,2014B,0.2,0.1
439542,DDD,2013B,0.05,0.02631578947368421
439568,DDD,2013J,0.35,0.08235294117647059
439633,FFF,2014B,0.0,0.0
439677,BBB,2014J,0.55,0.36666666666666664
439677,GGG,2013J,0.0,0.0
439710,BBB,2014B,0.1,0.05128205128205128
439713,DDD,2013J,0.1,0.05555555555555555
439806,BBB,2014J,0.2,0.16
439855,DDD,2013J,0.3,0.0759493670886076
439857,BBB,2013B,0.1,0.11764705882352941
439896,FFF,2014B,0.1,0.16666666666666666
439950,FFF,2014J,0.2,0.16666666666666666
439995,FFF,2014J,0.1,0.05263157894736842
440003,DDD,2013J,0.45,0.072
440057,BBB,2013B,0.1,0.2
440103,CCC,2014J,0.0,0.0
440103,DDD,2014B,0.05,0.03571428571428571
440171,CCC,2014J,0.05,0.058823529411764705
440225,BBB,2013J,0.0,0.0
440319,AAA,2014J,0.1,0.2222222222222222
440323,CCC,2014B,0.2,0.13793103448275862
440331,DDD,2014B,0.75,0.20833333333333334
440375,DDD,2013B,0.1,0.09523809523809523
440499,DDD,2013B,0.0,0.0
440509,BBB,2013B,0.0,0.0
440559,FFF,2014B,0.35,0.11475409836065574
440563,BBB,2013J,0.05,0.02702702702702703
440610,EEE,2013J,0.55,0.4782608695652174
440632,FFF,2013B,0.05,0.021739130434782608
440765,BBB,2013J,0.0,0.0
440798,DDD,2014B,0.05,0.2
440818,FFF,2014J,0.75,0.11450381679389313
440825,FFF,2013B,0.05,0.08333333333333333
440905,CCC,2014B,0.15,0.12
441000,BBB,2013B,0.1,0.4
441018,AAA,2013J,0.3,0.2222222222222222
441087,DDD,2014J,0.15,0.05172413793103448
441113,DDD,2013B,0.35,0.1076923076923077
441132,DDD,2013B,0.1,0.046511627906976744
441165,FFF,2014J,0.3,0.14634146341463414
441181,BBB,2013B,0.4,0.2857142857142857
441201,DDD,2013B,0.25,0.10204081632653061
441213,DDD,2014B,0.25,0.10204081632653061
441255,BBB,2013B,0.0,0.0
441302,DDD,2013B,0.1,0.038461538461538464
441342,DDD,2013J,0.3,0.08955223880597014
441385,EEE,2014J,0.4,0.6153846153846154
441389,DDD,2013B,0.2,0.07692307692307693
441421,FFF,2014J,0.1,0.09090909090909091
441444,DDD,2013J,0.05,0.02857142857142857
441540,CCC,2014B,0.0,0.0
441540,EEE,2013J,0.55,0.36666666666666664
441606,FFF,2013J,0.35,0.08536585365853659
441791,GGG,2014B,0.0,0.0
441852,EEE,2014B,0.45,0.45
441858,EEE,2013J,0.3,0.2727272727272727
441885,DDD,2013J,0.25,0.07246376811594203
441888,AAA,2013J,0.35,0.21875
441892,DDD,2013J,0.05,0.05555555555555555
441895,EEE,2014J,0.5,0.38461538461538464
441897,DDD,2014J,0.0,0.0
441954,FFF,2013B,0.15,0.047619047619047616
442012,BBB,2013B,0.15,0.06818181818181818
442017,DDD,2014J,0.0,0.0
442064,AAA,2014J,0.25,0.3333333333333333
442132,AAA,2014J,0.2,0.4
442183,BBB,2013B,0.15,0.15789473684210525
442199,FFF,2014J,0.15,0.0967741935483871
442347,FFF,2014J,0.0,0.0
442359,EEE,2014J,0.8,0.6153846153846154
442442,AAA,2013J,0.0,0.0
442456,BBB,2013B,0.0,0.0
442497,BBB,2014B,0.0,0.0
442545,DDD,2013B,0.15,0.08333333333333333
442547,DDD,2013J,0.15,0.08823529411764706
442549,DDD,2014J,0.0,0.0
442561,GGG,2014B,0.15,0.1111111111111111
442563,FFF,2014J,0.55,0.21153846153846154
442589,DDD,2013J,0.25,0.1111111111111111
442590,DDD,2013J,0.45,0.1232876712328767
442669,CCC,2014J,0.15,0.05660377358490566
442725,FFF,2014J,0.0,0.0
442753,FFF,2014B,0.0,0.0
442802,FFF,2014J,0.45,0.13432835820895522
442807,EEE,2013J,0.55,0.44
442865,DDD,2013B,0.2,0.0784313725490196
442873,DDD,2014B,0.15,0.058823529411764705
442877,GGG,2014B,0.05,0.029411764705882353
442878,DDD,2013J,0.1,0.09523809523809523
442886,DDD,2013B,0.2,0.056338028169014086
442910,BBB,2013J,0.05,0.0625
442924,CCC,2014J,0.0,0.0
442924,DDD,2013J,0.15,0.06818181818181818
442949,GGG,2014B,0.15,0.3333333333333333
442987,GGG,2014J,0.3,0.20689655172413793
443007,FFF,2014B,0.45,0.15517241379310345
443108,BBB,2013B,0.0,0.0
443151,FFF,2014J,0.45,0.13636363636363635
443181,EEE,2013J,0.7,0.4375
443200,EEE,2014J,0.7,0.25925925925925924
443215,DDD,2013B,0.65,0.1111111111111111
443275,DDD,2014J,0.1,0.034482758620689655
443288,BBB,2013B,0.3,0.21428571428571427
443297,DDD,2013B,0.15,0.05660377358490566
443387,GGG,2014B,0.05,0.038461538461538464
443400,DDD,2013J,0.05,0.1
443438,DDD,2013J,0.15,0.13636363636363635
443498,EEE,2014J,0.45,0.5625
443514,FFF,2014J,0.45,0.16071428571428573
443539,DDD,2014J,0.0,0.0
443540,DDD,2013J,0.0,0.0
443563,FFF,2013B,0.2,0.06779661016949153
443696,FFF,2013B,0.0,0.0
443696,FFF,2014J,0.2,0.125
443731,DDD,2013J,0.05,0.06666666666666667
443765,GGG,2014J,0.25,0.19230769230769232
443861,DDD,2014B,0.25,0.13513513513513514
443948,EEE,2014B,0.7,0.6363636363636364
443950,FFF,2013B,0.25,0.0684931506849315
443964,CCC,2014J,0.25,0.07042253521126761
443989,FFF,2013B,0.25,0.06756756756756757
444011,FFF,2014J,0.15,0.07894736842105263
444117,BBB,2013B,0.05,0.058823529411764705
444180,DDD,2014J,0.2,0.05970149253731343
444197,EEE,2014B,0.4,0.38095238095238093
444266,FFF,2013J,0.2,0.07547169811320754
444317,DDD,2013J,0.35,0.06930693069306931
444349,EEE,2014B,0.1,0.6666666666666666
444361,BBB,2014J,0.3,0.2
444375,DDD,2013J,0.25,0.07246376811594203
444403,EEE,2013J,0.55,0.3548387096774194
444408,BBB,2013B,0.0,0.0
444545,BBB,2014J,0.25,0.2777777777777778
444561,BBB,2014B,0.0,0.0
444574,FFF,2014B,0.2,0.06666666666666667
444576,DDD,2013B,0.0,0.0
444619,FFF,2014J,0.0,0.0
444677,AAA,2013J,0.8,0.41025641025641024
444697,FFF,2013J,0.3,0.12
444766,DDD,2014J,0.25,0.06329113924050633
444768,BBB,2014J,0.3,0.20689655172413793
444783,DDD,2014J,0.0,0.0
444784,BBB,2013B,0.15,0.2727272727272727
444821,BBB,2013J,0.1,0.09523809523809523
444856,FFF,2013J,0.05,0.02702702702702703
444858,BBB,2014B,0.0,0.0
444872,BBB,2014B,0.0,0.0
444907,FFF,2014J,0.3,0.075
444926,BBB,2013B,0.1,0.1
444943,GGG,2013J,0.4,0.21621621621621623
445049,EEE,2014J,0.25,0.5
445065,BBB,2013B,0.15,0.10714285714285714
445086,GGG,2013J,0.0,0.0
445109,DDD,2013J,0.25,0.10869565217391304
445114,CCC,2014J,0.15,0.08823529411764706
445125,BBB,2013B,0.2,0.4
445136,BBB,2014J,0.55,0.2972972972972973
445145,DDD,2014B,0.15,0.15
445239,DDD,2014J,0.1,0.06060606060606061
445351,BBB,2013J,0.0,0.0
445386,DDD,2013J,0.3,0.10526315789473684
445410,FFF,2013J,0.05,0.034482758620689655
445415,BBB,2014B,0.0,0.0
445429,DDD,2014J,0.0,0.0
445451,DDD,2014J,0.0,0.0
445494,BBB,2014B,0.05,0.14285714285714285
445686,FFF,2014J,0.25,0.08333333333333333
445760,BBB,2013J,0.15,0.25
445774,BBB,2014J,0.0,0.0
445776,FFF,2013J,0.05,0.03571428571428571
445777,CCC,2014B,0.15,0.05555555555555555
445785,DDD,2013J,0.0,0.0
445857,DDD,2014B,0.35,0.09090909090909091
445889,BBB,2013B,0.05,0.05555555555555555
445917,CCC,2014B,0.0,0.0
445917,DDD,2013J,0.15,0.06818181818181818
445930,DDD,2013J,0.15,0.05454545454545454
445947,FFF,2014B,0.1,0.05714285714285714
445972,CCC,2014B,0.0,0.0
445972,EEE,2013J,0.6,0.4444444444444444
446045,BBB,2013B,0.0,0.0
446077,EEE,2014B,0.1,0.6666666666666666
446097,DDD,2014J,0.1,0.06451612903225806
446108,AAA,2014J,0.5,0.4166666666666667
446246,DDD,2013J,0.2,0.07017543859649122
446279,DDD,2013J,0.1,0.02666666666666667
446296,BBB,2014B,0.0,0.0
446324,EEE,2013J,0.55,0.3793103448275862
446345,BBB,2013J,0.0,0.0
446397,EEE,2013J,0.5,0.3333333333333333
446439,CCC,2014J,0.15,0.08823529411764706
446440,FFF,2013B,0.3,0.09090909090909091
446479,CCC,2014J,0.0,0.0
446628,FFF,2013J,0.0,0.0
446650,BBB,2014B,0.05,0.02631578947368421
446730,DDD,2014J,0.25,0.06578947368421052
446755,BBB,2014B,0.25,0.25
446761,DDD,2014J,0.2,0.06557377049180328
446778,CCC,2014J,0.05,0.0625
446814,DDD,2013B,0.1,0.08695652173913043
446856,BBB,2013B,0.1,0.05714285714285714
447059,DDD,2013J,0.15,0.06382978723404255
447086,BBB,2013J,0.05,0.09090909090909091
447124,BBB,2014J,0.7,0.32558139534883723
447127,FFF,2013B,0.0,0.0
447162,DDD,2014B,0.4,0.16
447184,BBB,2014B,0.0,0.0
447235,EEE,2014B,0.6,0.5714285714285714
447242,DDD,2013B,0.2,0.056338028169014086
447265,BBB,2014B,0.0,0.0
447324,BBB,2014J,0.05,0.5
447475,GGG,2014B,0.0,0.0
447481,AAA,2014J,0.6,0.35294117647058826
447510,DDD,2014J,0.05,0.05555555555555555
447516,BBB,2013J,0.25,0.15625
447644,CCC,2014J,0.0,0.0
447644,DDD,2014J,0.05,0.027777777777777776
447695,CCC,2014J,0.05,0.125
447759,BBB,2013B,0.0,0.0
447782,BBB,2013B,0.1,0.13333333333333333
447790,BBB,2013B,0.05,0.25
464236,DDD,2013B,0.2,0.06896551724137931
464525,BBB,2013J,0.5,0.24390243902439024
464616,FFF,2013J,0.05,0.02702702702702703
464685,DDD,2014B,0.5,0.12987012987012986
464724,EEE,2014B,0.7,0.5384615384615384
464732,CCC,2014J,0.2,0.11764705882352941
464748,DDD,2014B,0.0,0.0
464748,DDD,2014J,0.05,0.058823529411764705
464780,EEE,2014J,0.0,0.0
464785,FFF,2013B,0.25,0.053763440860215055
464924,DDD,2013J,0.4,0.10810810810810811
464957,EEE,2014J,0.5,0.625
464968,DDD,2014J,0.05,0.02631578947368421
464981,CCC,2014J,0.0,0.0
464981,FFF,2013J,0.75,0.13636363636363635
465121,FFF,2014J,0.15,0.06818181818181818
465175,FFF,2013B,0.05,0.05263157894736842
465175,FFF,2014B,0.0,0.0
465260,DDD,2013B,0.3,0.09836065573770492
465294,FFF,2014J,0.5,0.10416666666666667
465312,FFF,2013B,0.5,0.11627906976744186
465331,CCC,2014J,0.0,0.0
465369,BBB,2014B,0.1,0.15384615384615385
465392,EEE,2013J,0.5,0.5
465406,CCC,2014B,0.0,0.0
465406,EEE,2014J,0.85,0.4146341463414634
465413,DDD,2014B,0.55,0.16666666666666666
465421,FFF,2014B,0.45,0.15517241379310345
465430,FFF,2013B,0.1,0.029411764705882353
465441,DDD,2013J,0.1,0.07407407407407407
465564,DDD,2014J,0.1,0.03333333333333333
465564,EEE,2013J,0.0,0.0
465567,GGG,2014J,0.15,0.23076923076923078
465599,BBB,2013B,0.25,0.45454545454545453
465619,CCC,2014J,0.0,0.0
465619,EEE,2013J,0.35,0.3888888888888889
465629,DDD,2013J,0.15,0.075
465629,DDD,2014J,0.0,0.0
465719,CCC,2014B,0.0,0.0
465727,DDD,2013B,0.3,0.07692307692307693
465730,BBB,2013B,0.0,0.0
465730,BBB,2013J,0.0,0.0
465732,CCC,2014J,0.0,0.0
465764,DDD,2013B,0.3,0.058823529411764705
465777,EEE,2013J,0.3,0.42857142857142855
465789,CCC,2014J,0.25,0.14705882352941177
465843,CCC,2014B,0.0,0.0
465843,DDD,2013B,0.3,0.0967741935483871
465893,FFF,2013J,0.4,0.09411764705882353
465900,CCC,2014J,0.0,0.0
465900,FFF,2013J,0.35,0.1346153846153846
465952,GGG,2014J,0.05,0.06666666666666667
466120,FFF,2014J,0.1,0.08695652173913043
466202,BBB,2013J,0.0,0.0
466203,FFF,2013B,0.45,0.072
466216,DDD,2013B,0.25,0.056179775280898875
466230,DDD,2014J,0.05,0.01818181818181818
466289,CCC,2014B,0.4,0.17391304347826086
466289,DDD,2014J,0.2,0.07692307692307693
466329,FFF,2013B,0.0,0.0
466347,FFF,2014B,0.25,0.16666666666666666
466360,CCC,2014J,0.25,0.15625
466372,CCC,2014J,0.0,0.0
466377,BBB,2014B,0.0,0.0
466425,FFF,2013J,0.1,0.03278688524590164
466477,BBB,2013J,0.0,0.0
466508,EEE,2014J,0.45,0.45
466539,DDD,2013J,0.35,0.08045977011494253
466576,FFF,2014B,0.15,0.08571428571428572
466714,CCC,2014B,0.0,0.0
466714,DDD,2014B,0.0,0.0
466800,BBB,2013B,0.05,0.2
466807,FFF,2013J,0.0,0.0
466807,FFF,2014J,0.0,0.0
466810,BBB,2013B,0.25,0.1282051282051282
466828,FFF,2013B,0.15,0.05084745762711865
466854,BBB,2013J,0.0,0.0
466856,BBB,2014B,0.15,0.23076923076923078
466880,DDD,2013J,0.05,0.09090909090909091
466892,EEE,2014J,0.45,0.5294117647058824
466900,GGG,2013J,0.05,0.05263157894736842
466959,BBB,2013B,0.0,0.0
466961,EEE,2013J,0.5,0.4
466973,BBB,2013B,0.0,0.0
466987,FFF,2014J,0.65,0.1625
466990,DDD,2013B,0.1,0.041666666666666664
467035,BBB,2013B,0.1,0.05263157894736842
467100,BBB,2014B,0.05,0.043478260869565216
467144,EEE,2014B,0.3,0.3
467230,CCC,2014B,0.0,0.0
467230,DDD,2014B,0.0,0.0
467243,FFF,2013J,0.3,0.13953488372093023
467292,BBB,2013B,0.05,0.1
467294,DDD,2013B,0.05,0.043478260869565216
467302,EEE,2013J,0.65,0.3939393939393939
467303,BBB,2014B,0.0,0.0
467363,FFF,2014J,0.25,0.16666666666666666
467396,BBB,2014J,0.3,0.17647058823529413
467413,DDD,2013B,0.25,0.07936507936507936
467416,FFF,2013B,0.35,0.07526881720430108
467504,FFF,2013J,0.3,0.07792207792207792
467506,FFF,2013B,0.05,0.01282051282051282
467524,FFF,2013J,0.35,0.0958904109589041
467580,BBB,2014B,0.05,0.03225806451612903
467582,FFF,2014B,0.5,0.10204081632653061
467685,FFF,2013J,0.05,0.5
467700,FFF,2013B,0.05,0.029411764705882353
467725,FFF,2013B,0.65,0.11016949152542373
467822,DDD,2013B,0.25,0.11363636363636363
467854,FFF,2013B,0.25,0.06493506493506493
467893,DDD,2014J,0.35,0.11290322580645161
467901,FFF,2013J,0.0,0.0
468349,BBB,2014B,0.0,0.0
468386,DDD,2014J,0.0,0.0
468529,BBB,2014B,0.0,0.0
468694,AAA,2014J,0.3,0.5
468720,DDD,2014J,0.1,0.03389830508474576
468753,CCC,2014B,0.0,0.0
468808,DDD,2013B,0.2,0.0975609756097561
468845,DDD,2014J,0.05,0.0196078431372549
468902,EEE,2013J,0.5,0.47619047619047616
468908,FFF,2013B,0.05,0.3333333333333333
468927,DDD,2013J,0.25,0.0847457627118644
468947,FFF,2013J,0.05,0.08333333333333333
468949,BBB,2013B,0.0,0.0
469016,DDD,2013B,0.05,0.02631578947368421
469113,EEE,2013J,0.4,0.4444444444444444
469154,FFF,2013B,0.1,0.03389830508474576
469177,BBB,2014B,0.0,0.0
469281,EEE,2013J,0.75,0.6
469424,EEE,2014J,0.45,0.391304347826087
469425,DDD,2014B,0.15,0.2
469465,DDD,2013J,0.2,0.06666666666666667
469499,FFF,2014J,0.4,0.12307692307692308
469553,DDD,2013J,0.05,0.041666666666666664
469579,BBB,2014J,0.0,0.0
469614,DDD,2014B,0.05,0.034482758620689655
469624,DDD,2014J,0.15,0.05
469633,DDD,2014J,0.0,0.0
469683,BBB,2013B,0.0,0.0
469743,FFF,2013B,0.7,0.10687022900763359
469761,CCC,2014B,0.25,0.10638297872340426
469761,EEE,2014B,0.0,0.0
469861,EEE,2014B,0.25,0.38461538461538464
469878,BBB,2013J,0.05,0.038461538461538464
469887,CCC,2014J,0.0,0.0
469959,EEE,2013J,0.2,0.36363636363636365
469977,FFF,2014B,0.05,0.037037037037037035
470001,FFF,2013J,0.55,0.10377358490566038
470002,CCC,2014B,0.05,0.2
470113,BBB,2014B,0.3,0.21428571428571427
470159,CCC,2014J,0.05,0.07692307692307693
470187,GGG,2014J,0.05,0.1
470318,BBB,2013B,0.2,0.08
470331,BBB,2014B,0.05,0.03125
470340,GGG,2013J,0.1,0.09090909090909091
470385,CCC,2014J,0.15,0.04918032786885246
470403,DDD,2013J,0.3,0.16666666666666666
470461,EEE,2014J,0.0,0.0
470461,FFF,2013J,0.05,0.027777777777777776
470464,BBB,2014J,0.35,0.25
470534,EEE,2013J,0.05,0.25
470588,AAA,2014J,0.2,0.4444444444444444
470619,FFF,2014B,0.3,0.09836065573770492
470637,DDD,2013B,0.05,0.1111111111111111
470653,BBB,2013B,0.05,0.06666666666666667
470693,BBB,2014B,0.0,0.0
470733,DDD,2014B,0.0,0.0
470786,FFF,2013B,0.05,0.043478260869565216
470869,BBB,2013J,0.2,0.19047619047619047
470870,FFF,2013J,0.05,0.07692307692307693
470900,GGG,2014J,0.1,0.0625
470914,DDD,2014J,0.05,0.045454545454545456
470921,DDD,2013B,0.1,0.03278688524590164
470982,AAA,2014J,0.35,0.3888888888888889
471027,CCC,2014J,0.2,0.06153846153846154
471196,BBB,2013J,0.0,0.0
471284,FFF,2014J,0.05,0.020833333333333332
471373,DDD,2013J,0.3,0.08333333333333333
471434,BBB,2013J,0.0,0.0
471525,BBB,2013B,0.0,0.0
471580,CCC,2014J,0.2,0.14814814814814814
471580,EEE,2013J,0.0,0.0
471654,DDD,2013B,0.35,0.11290322580645161
471657,CCC,2014B,0.35,0.21212121212121213
471711,BBB,2013J,0.3,0.24
471810,CCC,2014J,0.0,0.0
471925,BBB,2014B,0.1,0.06451612903225806
471973,FFF,2013J,0.6,0.14814814814814814
471977,FFF,2013B,0.1,0.03773584905660377
471979,CCC,2014B,0.3,0.1276595744680851
472000,DDD,2013J,0.1,0.047619047619047616
472060,DDD,2013B,0.0,0.0
472060,DDD,2013J,0.0,0.0
472073,DDD,2014J,0.2,0.08
472087,CCC,2014B,0.0,0.0
472087,EEE,2013J,0.5,0.5263157894736842
472120,FFF,2014B,0.15,0.09375
472180,DDD,2013B,0.1,0.14285714285714285
472257,DDD,2014B,0.15,0.09090909090909091
472262,BBB,2013J,0.15,0.11538461538461539
472284,DDD,2014B,0.4,0.11764705882352941
472290,EEE,2013J,0.0,0.0
472309,CCC,2014B,0.05,0.05555555555555555
472309,CCC,2014J,0.0,0.0
472327,BBB,2013J,0.0,0.0
472336,EEE,2013J,0.75,0.46875
472348,BBB,2013B,0.0,0.0
472511,GGG,2014B,0.05,0.029411764705882353
472584,DDD,2013B,0.2,0.07142857142857142
472586,BBB,2013B,0.0,0.0
472602,FFF,2013B,0.05,0.02631578947368421
472616,DDD,2014J,0.1,0.06666666666666667
472651,CCC,2014J,0.0,0.0
472651,DDD,2014B,0.4,0.1509433962264151
472736,CCC,2014J,0.05,0.018518518518518517
472762,CCC,2014J,0.0,0.0
472762,EEE,2014J,0.75,0.4838709677419355
472810,FFF,2014B,0.0,0.0
472857,EEE,2013J,0.4,0.47058823529411764
472911,GGG,2013J,0.25,0.22727272727272727
472949,DDD,2014J,0.0,0.0
473008,DDD,2013B,0.15,0.075
473082,CCC,2014J,0.05,0.03333333333333333
473095,BBB,2013B,0.05,0.1111111111111111
473095,BBB,2014B,0.0,0.0
473095,BBB,2014J,0.0,0.0
473102,FFF,2013B,0.0,0.0
473104,DDD,2013J,0.5,0.09009009009009009
473129,DDD,2014J,0.15,0.1111111111111111
473162,FFF,2013B,0.35,0.06666666666666667
473265,DDD,2014B,0.0,0.0
473271,BBB,2014J,0.0,0.0
473271,GGG,2013J,0.05,0.038461538461538464
473328,BBB,2013B,0.2,0.23529411764705882
473340,DDD,2013J,0.1,0.1
473378,DDD,2013J,0.15,0.09090909090909091
473491,CCC,2014J,0.95,0.24675324675324675
473491,FFF,2013J,0.0,0.0
473640,DDD,2013B,0.1,0.10526315789473684
473640,DDD,2013J,0.0,0.0
473739,EEE,2013J,0.75,0.46875
473789,FFF,2013B,0.55,0.10091743119266056
473924,GGG,2013J,0.35,0.19444444444444445
473943,EEE,2013J,0.3,0.42857142857142855
473965,CCC,2014B,0.0,0.0
473965,DDD,2013B,0.05,0.034482758620689655
474067,GGG,2013J,0.4,0.2
474071,BBB,2013J,0.2,0.15384615384615385
474126,FFF,2013J,0.35,0.09090909090909091
474133,DDD,2013B,0.35,0.12280701754385964
474153,DDD,2013B,0.0,0.0
474153,DDD,2014B,0.0,0.0
474246,DDD,2013J,0.0,0.0
474283,CCC,2014B,0.0,0.0
474290,EEE,2014J,0.45,0.5625
474387,BBB,2014J,0.4,0.27586206896551724
474408,BBB,2014J,0.55,0.1746031746031746
474451,DDD,2014B,0.2,0.3076923076923077
474464,DDD,2013B,0.05,0.02564102564102564
474495,CCC,2014J,0.0,0.0
474495,DDD,2013J,0.25,0.125
474607,BBB,2014B,0.0,0.0
474628,CCC,2014J,0.2,0.1111111111111111
474628,EEE,2014B,0.0,0.0
474633,DDD,2013B,0.45,0.13636363636363635
474667,FFF,2014J,0.2,0.08
474674,EEE,2014B,0.05,0.5
474677,FFF,2013B,0.05,0.125
474677,FFF,2014B,0.0,0.0
474740,DDD,2013B,0.1,0.06451612903225806
474902,DDD,2013J,0.15,0.061224489795918366
474949,FFF,2013J,0.1,0.05
475015,FFF,2014J,0.35,0.21212121212121213
475065,CCC,2014J,0.0,0.0
475095,BBB,2013B,0.05,0.037037037037037035
475149,CCC,2014J,0.0,0.0
475163,CCC,2014J,0.0,0.0
475215,BBB,2013J,0.0,0.0
475253,FFF,2013J,0.35,0.12727272727272726
475363,BBB,2014J,0.1,0.25
475370,EEE,2013J,0.65,0.4642857142857143
475443,DDD,2013B,0.0,0.0
475460,BBB,2013B,0.0,0.0
475497,EEE,2014B,0.05,0.3333333333333333
475619,DDD,2013B,0.1,0.10526315789473684
475681,FFF,2013B,0.25,0.2777777777777778
475688,BBB,2013B,0.15,0.06818181818181818
475734,CCC,2014J,0.1,0.08333333333333333
475811,FFF,2014B,0.05,0.02631578947368421
475839,DDD,2014J,0.0,0.0
475863,DDD,2014J,0.2,0.07272727272727272
475883,DDD,2013B,0.3,0.10714285714285714
475893,EEE,2013J,0.35,0.5384615384615384
475897,DDD,2013B,0.15,0.06976744186046512
475908,DDD,2014J,0.1,0.04081632653061224
475945,CCC,2014B,0.2,0.10810810810810811
475981,BBB,2014B,0.0,0.0
476037,BBB,2013B,0.0,0.0
476037,BBB,2014B,0.0,0.0
476041,DDD,2013B,0.05,0.0196078431372549
476108,CCC,2014B,0.25,0.2
476144,DDD,2013J,0.35,0.10294117647058823
476170,DDD,2013J,0.05,0.3333333333333333
476194,FFF,2013B,0.15,0.04
476201,BBB,2013B,0.35,0.3181818181818182
476278,BBB,2013J,0.05,0.041666666666666664
476297,BBB,2013B,0.0,0.0
476369,BBB,2013B,0.1,0.1
476401,FFF,2014J,0.6,0.18181818181818182
476438,EEE,2014J,0.45,0.4090909090909091
476497,EEE,2014J,0.05,0.25
476520,FFF,2013J,0.2,0.07142857142857142
476596,BBB,2013B,0.05,0.05
476603,AAA,2014J,0.65,0.3611111111111111
476629,FFF,2014J,0.2,0.0975609756097561
476637,DDD,2013B,0.15,0.0625
476709,BBB,2013B,0.0,0.0
476710,BBB,2013B,0.15,0.04225352112676056
476769,BBB,2014J,0.35,0.22580645161290322
476783,BBB,2013B,0.05,0.021739130434782608
476822,DDD,2013J,0.1,0.037037037037037035
476845,FFF,2013B,0.2,0.06779661016949153
476910,DDD,2013B,0.1,0.04
476921,GGG,2013J,0.0,0.0
476937,CCC,2014B,0.15,0.13636363636363635
476964,DDD,2013B,0.45,0.125
477009,BBB,2013B,0.1,0.4
477011,BBB,2013B,0.0,0.0
477067,CCC,2014B,0.15,0.08108108108108109
477099,CCC,2014J,0.5,0.18181818181818182
477120,DDD,2013J,0.25,0.08928571428571429
477128,DDD,2013J,0.05,0.019230769230769232
477161,DDD,2013J,0.2,0.0975609756097561
477164,BBB,2013B,0.0,0.0
477167,BBB,2013B,0.3,0.3333333333333333
477185,CCC,2014J,0.0,0.0
477185,FFF,2013B,0.3,0.1016949152542373
477348,DDD,2013J,0.15,0.047619047619047616
477354,DDD,2014J,0.35,0.07954545454545454
477451,DDD,2013B,0.1,0.05405405405405406
477468,GGG,2013J,0.4,0.5333333333333333
477517,DDD,2013B,0.2,0.07547169811320754
477556,DDD,2014J,0.0,0.0
477588,FFF,2014B,0.0,0.0
477650,GGG,2013J,0.0,0.0
477734,BBB,2013B,0.0,0.0
477779,BBB,2014B,0.65,0.3023255813953488
477812,FFF,2013B,0.35,0.0875
477812,FFF,2014B,0.0,0.0
477825,BBB,2013J,0.0,0.0
477833,FFF,2014B,0.0,0.0
477833,FFF,2014J,0.0,0.0
477835,BBB,2013B,0.0,0.0
478069,BBB,2013J,0.05,0.08333333333333333
478073,FFF,2014B,0.05,0.021739130434782608
478212,CCC,2014B,0.0,0.0
478212,EEE,2013J,0.55,0.4583333333333333
478213,DDD,2013B,0.1,0.05555555555555555
478242,BBB,2014B,0.2,0.2222222222222222
478244,DDD,2013J,0.15,0.057692307692307696
478279,FFF,2013B,0.15,0.0625
478289,DDD,2013J,0.05,0.05555555555555555
478317,BBB,2013B,0.05,0.058823529411764705
478317,BBB,2014B,0.0,0.0
478332,FFF,2013J,0.35,0.09090909090909091
478337,FFF,2013B,0.15,0.03896103896103896
478346,CCC,2014J,0.0,0.0
478346,DDD,2013B,0.3,0.10526315789473684
478412,BBB,2014J,0.4,0.2
478432,FFF,2013B,0.3,0.07894736842105263
478435,EEE,2013J,0.15,0.42857142857142855
478444,BBB,2013B,0.0,0.0
478513,CCC,2014J,0.1,0.02857142857142857
478517,DDD,2014J,0.0,0.0
478550,CCC,2014B,0.1,0.08333333333333333
478550,EEE,2014B,0.0,0.0
478556,GGG,2013J,0.1,0.09090909090909091
478562,EEE,2013J,0.75,0.46875
478583,FFF,2013J,0.0,0.0
478660,FFF,2013B,0.3,0.07692307692307693
478784,GGG,2013J,0.75,0.5769230769230769
478791,EEE,2014B,0.55,0.6111111111111112
478792,BBB,2013B,0.0,0.0
478873,BBB,2013B,0.0,0.0
478886,GGG,2014J,0.25,0.16666666666666666
478967,BBB,2013J,0.15,0.23076923076923078
478977,CCC,2014B,0.0,0.0
479020,BBB,2013J,0.3,0.3157894736842105
479057,FFF,2013B,0.2,0.08695652173913043
479060,BBB,2013B,0.0,0.0
479061,FFF,2014B,0.2,0.10526315789473684
479141,DDD,2013J,0.3,0.0821917808219178
479170,BBB,2013J,0.0,0.0
479171,BBB,2013B,0.0,0.0
479305,BBB,2013J,0.15,0.08571428571428572
479343,BBB,2013B,0.05,0.07142857142857142
479356,FFF,2013B,0.15,0.057692307692307696
479442,GGG,2013J,0.4,0.24242424242424243
479457,DDD,2013J,0.55,0.10679611650485436
479516,BBB,2013B,0.0,0.0
479519,BBB,2013B,0.05,0.1
479522,CCC,2014J,0.15,0.06521739130434782
479553,DDD,2014J,0.2,0.07272727272727272
479649,DDD,2014B,0.15,0.12
479738,BBB,2014B,0.0,0.0
479753,CCC,2014B,0.05,0.1111111111111111
479753,EEE,2013J,0.0,0.0
479764,FFF,2013B,0.25,0.058823529411764705
479828,FFF,2013J,0.0,0.0
479845,FFF,2013J,0.3,0.08333333333333333
479848,DDD,2013J,0.35,0.08974358974358974
479853,BBB,2013J,0.4,0.18181818181818182
479860,FFF,2013B,0.5,0.08928571428571429
479922,FFF,2013B,0.5,0.08771929824561403
479939,FFF,2014J,0.5,0.10309278350515463
479977,DDD,2013J,0.25,0.078125
479987,CCC,2014J,0.0,0.0
479987,EEE,2014J,0.0,0.0
480014,FFF,2013B,0.25,0.0684931506849315
480025,FFF,2013J,0.0,0.0
480086,GGG,2014B,0.1,0.2222222222222222
480115,CCC,2014J,0.0,0.0
480115,EEE,2013J,0.55,0.4583333333333333
480181,FFF,2013B,0.0,0.0
480199,FFF,2013B,0.15,0.045454545454545456
480207,DDD,2013B,0.35,0.09333333333333334
480225,DDD,2013B,0.05,0.0196078431372549
480372,BBB,2014B,0.0,0.0
480382,BBB,2013B,0.0,0.0
480458,BBB,2013B,0.0,0.0
480507,BBB,2013B,0.2,0.36363636363636365
480554,BBB,2013B,0.0,0.0
480579,EEE,2014J,0.8,0.5925925925925926
480590,GGG,2014B,0.05,0.05555555555555555
480604,CCC,2014B,0.05,0.07692307692307693
480650,BBB,2013B,0.05,0.047619047619047616
480667,BBB,2013J,0.0,0.0
480716,DDD,2013J,0.2,0.07272727272727272
480815,BBB,2013B,0.1,0.09090909090909091
480888,BBB,2013J,0.2,0.16666666666666666
480929,CCC,2014B,0.0,0.0
480929,DDD,2013B,0.3,0.07692307692307693
480937,FFF,2013B,0.25,0.06329113924050633
480938,DDD,2013J,0.0,0.0
480943,CCC,2014B,0.2,0.15384615384615385
480956,DDD,2014B,0.4,0.2
480959,GGG,2013J,0.15,0.1875
480960,FFF,2013B,0.3,0.061224489795918366
480981,FFF,2013B,0.0,0.0
480984,FFF,2013B,0.8,0.10457516339869281
481010,BBB,2013B,0.2,0.2
481022,AAA,2014J,0.1,0.6666666666666666
481143,BBB,2013B,0.25,0.1724137931034483
481150,BBB,2014B,0.1,0.16666666666666666
481169,CCC,2014J,0.05,0.045454545454545456
481210,FFF,2014B,0.15,0.10344827586206896
481240,FFF,2014J,0.0,0.0
481314,CCC,2014J,0.0,0.0
481314,FFF,2013J,0.5,0.08849557522123894
481350,CCC,2014J,0.0,0.0
481350,DDD,2013B,0.35,0.09210526315789473
481404,GGG,2013J,0.1,0.09090909090909091
481453,FFF,2013B,0.25,0.09803921568627451
481538,DDD,2013J,0.2,0.08695652173913043
481549,DDD,2013B,0.25,0.15625
481580,BBB,2013B,0.2,0.2
481593,BBB,2014J,0.45,0.1836734693877551
481607,BBB,2013B,0.05,0.058823529411764705
481618,EEE,2014B,0.65,0.5909090909090909
481667,DDD,2013J,0.35,0.12962962962962962
481717,FFF,2014J,0.4,0.09195402298850575
481762,GGG,2014B,0.15,0.07692307692307693
481772,GGG,2013J,0.0,0.0
481787,EEE,2014J,0.4,0.4
481790,BBB,2014J,0.15,0.15789473684210525
481863,DDD,2014B,0.05,0.016129032258064516
481884,EEE,2014J,0.4,0.7272727272727273
482012,EEE,2013J,0.5,0.5263157894736842
482030,EEE,2014J,0.5,0.45454545454545453
482071,FFF,2013B,0.3,0.08695652173913043
482083,DDD,2013J,0.55,0.14473684210526316
482145,CCC,2014J,0.1,0.08
482173,DDD,2013J,0.05,0.08333333333333333
482173,DDD,2014J,0.0,0.0
482187,FFF,2013B,0.2,0.05128205128205128
482264,FFF,2013B,0.0,0.0
482280,CCC,2014B,0.4,0.16326530612244897
482356,BBB,2013J,0.0,0.0
482406,EEE,2013J,0.55,0.5238095238095238
482467,BBB,2013B,0.25,1.0
482513,FFF,2013B,0.3,0.08955223880597014
482644,FFF,2014J,0.4,0.14285714285714285
482677,GGG,2014B,0.6,0.3870967741935484
482680,BBB,2013J,0.0,0.0
482710,BBB,2013B,0.0,0.0
482726,EEE,2013J,0.8,0.5925925925925926
482745,CCC,2014B,0.15,0.10714285714285714
482766,BBB,2013B,0.0,0.0
482810,BBB,2013J,0.0,0.0
482843,FFF,2014B,0.5,0.10204081632653061
482856,DDD,2013B,0.45,0.08490566037735849
482868,DDD,2013J,0.1,0.0425531914893617
482945,BBB,2013B,0.05,0.14285714285714285
483031,BBB,2014B,0.0,0.0
483037,FFF,2014J,0.3,0.061855670103092786
483064,BBB,2013B,0.0,0.0
483074,BBB,2013B,0.0,0.0
483108,CCC,2014J,0.0,0.0
483108,EEE,2013J,0.55,0.4074074074074074
483109,BBB,2013B,0.0,0.0
483131,EEE,2014J,0.55,0.44
483136,DDD,2014J,0.05,0.02564102564102564
483149,DDD,2014J,0.15,0.03488372093023256
483200,DDD,2014J,0.15,0.06382978723404255
483243,BBB,2013B,0.05,0.05555555555555555
483275,CCC,2014B,0.0,0.0
483275,DDD,2013B,0.0,0.0
483315,BBB,2014J,0.4,0.3076923076923077
483362,DDD,2013J,0.45,0.10975609756097561
483371,BBB,2013B,0.0,0.0
483389,FFF,2014B,0.5,0.136986301369863
483411,BBB,2013B,0.0,0.0
483468,BBB,2014B,0.2,0.21052631578947367
483485,BBB,2014B,0.3,0.25
483508,BBB,2014J,0.35,0.2
483543,CCC,2014J,0.05,0.04
483582,GGG,2014B,0.0,0.0
483620,FFF,2013B,0.4,0.1038961038961039
483626,FFF,2013J,0.1,0.05
483646,BBB,2013J,0.0,0.0
483706,EEE,2013J,0.6,0.4444444444444444
483724,FFF,2013J,0.0,0.0
483744,BBB,2013J,0.15,0.3
483800,AAA,2014J,0.4,0.32
483818,DDD,2013B,0.3,0.08955223880597014
483858,CCC,2014J,0.0,0.0
483858,EEE,2014J,0.25,0.1724137931034483
483869,DDD,2013B,0.0,0.0
483872,FFF,2013B,0.3,0.09836065573770492
483876,BBB,2013J,0.05,0.045454545454545456
483934,DDD,2013J,0.15,0.13043478260869565
483952,BBB,2013B,0.1,0.10526315789473684
483959,GGG,2013J,0.0,0.0
483975,FFF,2014B,0.1,0.07692307692307693
483997,FFF,2013B,0.25,0.06578947368421052
484010,FFF,2014J,0.65,0.18571428571428572
484039,BBB,2013B,0.0,0.0
484075,FFF,2014B,0.25,0.08196721311475409
484125,FFF,2013J,0.0,0.0
484130,DDD,2014J,0.0,0.0
484135,BBB,2013J,0.0,0.0
484165,FFF,2013B,0.0,0.0
484174,CCC,2014B,0.1,0.2
484213,DDD,2014B,0.15,0.05454545454545454
484223,CCC,2014J,0.0,0.0
484223,FFF,2014B,0.25,0.08064516129032258
484242,FFF,2013B,0.0,0.0
484242,FFF,2013J,0.0,0.0
484252,BBB,2014J,0.0,0.0
484266,DDD,2013B,0.0,0.0
484301,BBB,2013J,0.0,0.0
484355,DDD,2013J,0.0,0.0
484412,BBB,2013J,0.45,0.3103448275862069
484423,DDD,2013J,0.3,0.10526315789473684
484435,CCC,2014J,0.1,0.08695652173913043
484436,DDD,2013J,0.05,0.025
484458,FFF,2013B,0.25,0.056179775280898875
484464,CCC,2014B,0.25,0.13157894736842105
484475,FFF,2013J,0.0,0.0
484490,BBB,2014J,0.3,0.17647058823529413
484556,FFF,2013B,0.3,0.08571428571428572
484574,FFF,2013J,0.1,0.08
484594,FFF,2014J,0.6,0.13636363636363635
484675,FFF,2014B,0.0,0.0
484762,DDD,2014B,0.5,0.13513513513513514
484768,BBB,2013B,0.0,0.0
484780,FFF,2013B,0.2,0.07692307692307693
484790,FFF,2013B,0.0,0.0
484816,DDD,2013B,0.05,0.05
484885,BBB,2013B,0.2,0.07692307692307693
484897,AAA,2014J,0.25,0.25
484933,BBB,2013B,0.15,0.15789473684210525
484947,FFF,2013B,0.15,0.024
484983,BBB,2014B,0.0,0.0
485006,BBB,2013J,0.0,0.0
485180,BBB,2014B,0.0,0.0
485195,DDD,2013J,0.1,0.038461538461538464
485219,DDD,2014B,0.05,0.5
485228,FFF,2014J,0.25,0.08928571428571429
485262,BBB,2014B,0.05,0.07142857142857142
485282,DDD,2014J,0.05,0.045454545454545456
485312,CCC,2014B,0.0,0.0
485312,FFF,2014B,0.2,0.0547945205479452
485374,CCC,2014B,0.0,0.0
485374,EEE,2013J,0.8,0.47058823529411764
485399,BBB,2013B,0.0,0.0
485421,DDD,2014J,0.0,0.0
485439,BBB,2013J,0.0,0.0
485448,GGG,2014B,0.1,0.11764705882352941
485464,DDD,2013B,0.05,0.034482758620689655
485506,DDD,2013J,0.35,0.1076923076923077
485519,DDD,2013J,0.05,0.029411764705882353
485528,FFF,2013B,0.25,0.05434782608695652
485534,BBB,2013J,0.0,0.0
485544,FFF,2013B,0.2,0.07142857142857142
485582,EEE,2013J,0.55,0.5
485594,DDD,2013J,0.2,0.09302325581395349
485604,CCC,2014B,0.5,0.19230769230769232
485630,BBB,2013B,0.0,0.0
485671,FFF,2013J,0.65,0.0962962962962963
485675,BBB,2014B,0.0,0.0
485734,DDD,2013J,0.45,0.0967741935483871
485762,BBB,2013J,0.35,0.2413793103448276
485766,DDD,2013B,0.05,0.016129032258064516
485768,FFF,2013B,0.05,0.018867924528301886
485772,BBB,2013J,0.05,0.09090909090909091
485780,FFF,2014B,0.3,0.10344827586206896
485791,DDD,2013J,0.25,0.08771929824561403
485885,FFF,2013J,0.35,0.07954545454545454
485898,EEE,2013J,0.6,0.46153846153846156
485909,EEE,2013J,0.15,0.3333333333333333
485920,CCC,2014J,0.0,0.0
485920,EEE,2014B,0.55,0.5
485944,CCC,2014B,0.05,0.1
485962,AAA,2014J,0.8,0.5517241379310345
485980,BBB,2014B,0.05,0.025
486004,BBB,2013J,0.0,0.0
486007,FFF,2013B,0.1,0.041666666666666664
486022,DDD,2014B,0.15,0.10714285714285714
486087,FFF,2014J,0.35,0.11475409836065574
486099,BBB,2013B,0.0,0.0
486145,FFF,2013B,0.0,0.0
486279,GGG,2014B,0.1,0.1111111111111111
486287,DDD,2014J,0.35,0.08433734939759036
486391,BBB,2013B,0.05,0.058823529411764705
486457,BBB,2013J,0.0,0.0
486511,FFF,2013J,0.2,0.047619047619047616
486516,BBB,2014J,0.15,0.15
486521,BBB,2013B,0.15,0.375
486533,DDD,2013J,0.25,0.06493506493506493
486545,EEE,2013J,0.65,0.3939393939393939
486551,FFF,2013J,0.05,0.04
486656,BBB,2013B,0.15,0.14285714285714285
486836,EEE,2014B,0.65,0.65
486877,DDD,2013J,0.15,0.0625
486890,DDD,2013J,0.15,0.09375
486948,FFF,2013J,0.15,0.11538461538461539
486964,FFF,2014J,0.15,0.09375
486994,BBB,2014B,0.05,0.0625
487002,BBB,2014B,0.1,0.058823529411764705
487168,FFF,2013B,0.1,0.06666666666666667
487168,FFF,2014B,0.0,0.0
487214,BBB,2013J,0.0,0.0
487239,EEE,2014B,0.7,0.5
487271,FFF,2013B,0.0,0.0
487278,GGG,2014B,0.6,0.5
487293,DDD,2013J,0.05,0.03125
487314,CCC,2014J,0.0,0.0
487314,FFF,2014B,0.25,0.078125
487329,BBB,2013B,0.25,0.20833333333333334
487371,BBB,2013J,0.0,0.0
487543,BBB,2014B,0.0,0.0
487556,DDD,2013J,0.0,0.0
487556,DDD,2014J,0.0,0.0
487588,EEE,2013J,0.65,0.48148148148148145
487607,DDD,2014J,0.0,0.0
487621,EEE,2013J,0.45,0.391304347826087
487629,CCC,2014B,0.35,0.1346153846153846
487636,FFF,2013B,0.05,0.03571428571428571
487646,BBB,2013B,0.05,0.14285714285714285
487681,BBB,2013J,0.0,0.0
487711,DDD,2013B,0.45,0.10344827586206896
488136,FFF,2013J,0.0,0.0
488195,BBB,2013J,0.0,0.0
488386,FFF,2014B,0.4,0.09302325581395349
488394,FFF,2013J,0.7,0.08588957055214724
488425,BBB,2013B,0.0,0.0
488427,BBB,2013J,0.2,0.16666666666666666
488431,CCC,2014B,0.55,0.22
488445,GGG,2014B,0.15,0.13043478260869565
488524,FFF,2014B,0.5,0.08264462809917356
488525,FFF,2014J,0.45,0.14285714285714285
488575,DDD,2013J,0.0,0.0
488575,DDD,2014J,0.0,0.0
488675,FFF,2013B,0.3,0.06
488680,DDD,2013J,0.25,0.0641025641025641
488863,BBB,2013B,0.0,0.0
488941,DDD,2014J,0.15,0.04918032786885246
488968,FFF,2013B,0.4,0.058394160583941604
488990,AAA,2014J,0.2,0.26666666666666666
489087,FFF,2013J,0.55,0.0990990990990991
489137,FFF,2014B,0.05,0.0196078431372549
489146,FFF,2013J,0.0,0.0
489209,DDD,2013J,0.2,0.07692307692307693
489222,GGG,2013J,0.0,0.0
489251,BBB,2013B,0.15,0.17647058823529413
489291,DDD,2013B,0.0,0.0
489320,BBB,2013J,0.15,0.3333333333333333
489410,DDD,2013J,0.1,0.1
489443,FFF,2013B,0.05,0.03333333333333333
489455,AAA,2013J,0.6,0.375
489507,DDD,2014B,0.15,0.1
489553,FFF,2014J,0.05,0.05555555555555555
489560,FFF,2013J,0.3,0.12244897959183673
489624,GGG,2013J,0.25,0.14705882352941177
489889,BBB,2013J,0.0,0.0
489929,CCC,2014B,0.15,0.07142857142857142
489990,DDD,2013J,0.05,0.08333333333333333
490024,CCC,2014B,0.45,0.16981132075471697
490081,CCC,2014B,0.25,0.13513513513513514
490081,EEE,2013J,0.0,0.0
490082,FFF,2013B,0.25,0.05154639175257732
490154,FFF,2014B,0.0,0.0
490195,FFF,2013B,0.2,0.0851063829787234
490282,CCC,2014B,0.1,0.09523809523809523
490284,FFF,2013B,0.05,0.037037037037037035
490297,DDD,2013J,0.1,0.125
490313,CCC,2014J,0.05,0.2
490391,BBB,2014B,0.0,0.0
490394,CCC,2014J,0.05,0.16666666666666666
490449,FFF,2013J,0.3,0.08695652173913043
490505,FFF,2013J,0.6,0.13953488372093023
490514,BBB,2013B,0.0,0.0
490629,DDD,2014J,0.15,0.05172413793103448
490677,BBB,2013J,0.0,0.0
490738,DDD,2013J,0.0,0.0
490768,EEE,2013J,0.1,0.06896551724137931
490769,CCC,2014B,0.3,0.3
490894,BBB,2013J,0.35,0.2413793103448276
491004,FFF,2013B,0.15,0.06382978723404255
491011,FFF,2014B,0.3,0.1276595744680851
491036,DDD,2014B,0.1,0.07692307692307693
491081,DDD,2013J,0.3,0.09375
491097,BBB,2013J,0.0,0.0
491106,DDD,2013B,0.2,0.07547169811320754
491108,DDD,2013B,0.25,0.10204081632653061
491126,FFF,2014J,0.55,0.10185185185185185
491170,CCC,2014B,0.0,0.0
491170,EEE,2014J,0.4,0.34782608695652173
491279,BBB,2013J,0.35,0.19444444444444445
491387,BBB,2014J,0.55,0.275
491474,GGG,2014B,0.15,1.0
491578,EEE,2013J,0.45,0.4090909090909091
491606,FFF,2013J,0.45,0.08256880733944955
491636,FFF,2013B,0.3,0.05217391304347826
491664,EEE,2014J,0.4,0.32
491693,DDD,2013B,0.05,0.5
491756,FFF,2013J,0.0,0.0
491756,FFF,2014J,0.0,0.0
491771,EEE,2013J,0.6,0.4
491843,CCC,2014B,0.05,1.0
491863,FFF,2014J,0.3,0.12
491914,DDD,2013B,0.1,0.05128205128205128
491926,DDD,2013J,0.5,0.10526315789473684
492024,FFF,2014J,0.5,0.1694915254237288
492088,FFF,2014B,0.35,0.05426356589147287
492095,DDD,2014B,0.35,0.09210526315789473
492153,BBB,2013J,0.0,0.0
492177,DDD,2013B,0.1,0.11764705882352941
492182,BBB,2013B,0.1,0.25
492240,BBB,2013B,0.0,0.0
492286,BBB,2013J,0.05,0.0625
492357,CCC,2014B,0.05,0.5
492357,CCC,2014J,0.0,0.0
492371,DDD,2013B,0.1,0.04878048780487805
492403,EEE,2014B,0.55,0.44
492478,BBB,2013J,0.0,0.0
492480,DDD,2014J,0.0,0.0
492496,DDD,2014J,0.1,0.029411764705882353
492537,CCC,2014J,0.0,0.0
492537,DDD,2014B,0.15,0.13043478260869565
492557,FFF,2013J,0.05,0.07142857142857142
492590,BBB,2013B,0.0,0.0
492592,BBB,2014J,0.25,0.16666666666666666
492613,CCC,2014J,0.0,0.0
492613,DDD,2013B,0.4,0.13793103448275862
492635,DDD,2013J,0.1,0.05263157894736842
492676,BBB,2014J,0.0,0.0
492726,BBB,2013J,0.0,0.0
492740,DDD,2013J,0.4,0.13333333333333333
492851,FFF,2013J,0.2,0.07272727272727272
492900,CCC,2014B,0.05,0.07142857142857142
492909,GGG,2014B,0.0,0.0
492928,BBB,2014B,0.0,0.0
492946,BBB,2013B,0.0,0.0
492979,BBB,2014J,0.05,0.08333333333333333
492993,DDD,2013B,0.05,0.5
493186,BBB,2013B,0.15,0.25
493207,DDD,2013J,0.0,0.0
493207,DDD,2014J,0.0,0.0
493296,DDD,2014B,0.1,0.5
493404,DDD,2013J,0.2,0.07407407407407407
493416,CCC,2014J,0.45,0.2571428571428571
493434,DDD,2014B,0.0,0.0
493434,DDD,2014J,0.0,0.0
493443,BBB,2014J,0.35,0.2916666666666667
493451,BBB,2013B,0.05,0.5
493453,BBB,2013J,0.0,0.0
493460,BBB,2014J,0.8,0.3076923076923077
493465,BBB,2013J,0.25,0.17857142857142858
493515,BBB,2013B,0.25,0.1282051282051282
493539,FFF,2013J,0.45,0.09375
493559,BBB,2014B,0.0,0.0
493725,DDD,2013J,0.15,0.21428571428571427
493760,FFF,2014B,0.05,0.024390243902439025
493763,BBB,2014J,0.0,0.0
493763,GGG,2013J,0.75,0.6
493773,BBB,2013B,0.0,0.0
493793,FFF,2014J,0.45,0.15
493876,DDD,2014J,0.0,0.0
493876,EEE,2013J,0.0,0.0
493912,BBB,2013B,0.15,0.13636363636363635
493958,BBB,2013B,0.1,0.14285714285714285
493984,DDD,2013B,0.05,0.04
493988,EEE,2013J,0.55,0.3333333333333333
494046,FFF,2014J,0.0,0.0
494095,BBB,2013B,0.05,0.06666666666666667
494143,FFF,2013J,0.0,0.0
494165,FFF,2013B,0.15,0.09090909090909091
494184,FFF,2014J,0.4,0.1702127659574468
494211,CCC,2014J,0.0,0.0
494211,EEE,2013J,0.55,0.4074074074074074
494212,BBB,2014J,0.35,0.2413793103448276
494212,GGG,2013J,0.0,0.0
494214,BBB,2013J,0.05,0.041666666666666664
494270,EEE,2014J,0.7,0.4827586206896552
494278,BBB,2013B,0.0,0.0
494329,DDD,2014B,0.0,0.0
494340,FFF,2013B,0.55,0.16417910447761194
494341,DDD,2013B,0.4,0.11594202898550725
494427,EEE,2014B,0.45,0.42857142857142855
494433,FFF,2014B,0.25,0.1388888888888889
494443,FFF,2013B,0.35,0.059322033898305086
494471,BBB,2013J,0.2,0.3333333333333333
494495,FFF,2013J,0.25,0.09259259259259259
494498,CCC,2014J,0.1,0.16666666666666666
494622,FFF,2013B,0.1,0.03125
494637,DDD,2013B,0.4,0.13559322033898305
494667,DDD,2013J,0.45,0.10843373493975904
494722,DDD,2013J,0.0,0.0
494728,DDD,2013J,0.0,0.0
494786,BBB,2013B,0.4,0.34782608695652173
494789,BBB,2013J,0.3,0.24
494818,FFF,2014B,0.15,0.1
494829,CCC,2014J,0.0,0.0
494872,EEE,2014B,0.1,0.5
494896,BBB,2014B,0.0,0.0
494903,FFF,2013B,0.0,0.0
494919,CCC,2014B,0.0,0.0
494919,DDD,2013B,0.3,0.11538461538461539
494960,BBB,2013J,0.0,0.0
495035,BBB,2013J,0.2,0.4
495115,DDD,2013B,0.0,0.0
495239,BBB,2014J,0.25,0.15151515151515152
495276,GGG,2013J,0.15,0.125
495284,AAA,2013J,0.3,0.2222222222222222
495320,CCC,2014B,0.25,0.09803921568627451
495429,EEE,2014J,0.6,0.46153846153846156
495438,CCC,2014J,0.25,0.15625
495449,BBB,2013J,0.15,0.1
495489,BBB,2014J,0.1,0.13333333333333333
495493,DDD,2014J,0.05,0.017543859649122806
495509,BBB,2013J,0.05,0.1
495522,BBB,2014J,0.05,0.14285714285714285
495615,DDD,2014J,0.05,0.029411764705882353
495618,FFF,2014B,0.05,0.25
495621,FFF,2013B,0.1,0.08695652173913043
495625,BBB,2013J,0.05,0.05263157894736842
495734,DDD,2013B,0.15,0.061224489795918366
495856,BBB,2013B,0.05,0.05263157894736842
495879,BBB,2013J,0.35,0.28
495881,DDD,2014J,0.0,0.0
495887,EEE,2013J,0.45,0.42857142857142855
495903,DDD,2014J,0.0,0.0
495913,BBB,2013J,0.05,0.07142857142857142
495948,FFF,2013J,0.0,0.0
495976,GGG,2014B,0.0,0.0
496041,BBB,2013B,0.0,0.0
496070,BBB,2013B,0.05,0.047619047619047616
496108,EEE,2014B,0.3,0.375
496154,DDD,2014J,0.05,0.07142857142857142
496220,BBB,2013B,0.2,0.16666666666666666
496243,BBB,2013B,0.0,0.0
496315,DDD,2013J,0.0,0.0
496334,BBB,2013J,0.05,0.07692307692307693
496355,CCC,2014J,0.0,0.0
496381,BBB,2014J,0.1,0.18181818181818182
496442,BBB,2013J,0.0,0.0
496470,FFF,2013B,0.25,0.09090909090909091
496491,FFF,2013B,0.3,0.08695652173913043
496530,CCC,2014J,0.0,0.0
496530,EEE,2014J,0.4,0.6666666666666666
496542,DDD,2013B,0.1,0.09090909090909091
496561,FFF,2013B,0.0,0.0
496564,DDD,2013B,0.15,0.08108108108108109
496590,FFF,2014B,0.0,0.0
496601,DDD,2013B,0.1,0.0392156862745098
496657,FFF,2013B,0.0,0.0
496671,FFF,2013B,0.2,0.056338028169014086
496764,BBB,2013J,0.4,0.12698412698412698
496801,FFF,2013J,0.0,0.0
496845,CCC,2014J,0.35,0.11864406779661017
496916,DDD,2014J,0.2,0.07407407407407407
496978,GGG,2014B,0.0,0.0
497074,BBB,2014J,0.25,0.19230769230769232
497074,GGG,2013J,0.0,0.0
497080,CCC,2014B,0.0,0.0
497084,BBB,2014J,0.6,0.375
497088,BBB,2013B,0.1,0.3333333333333333
497102,FFF,2013B,0.25,0.08928571428571429
497130,BBB,2013J,0.3,0.09375
497180,FFF,2013B,0.05,0.02040816326530612
497190,GGG,2013J,0.05,0.06666666666666667
497211,FFF,2013B,0.1,0.03278688524590164
497226,FFF,2013B,0.25,0.25
497278,GGG,2013J,0.0,0.0
497280,BBB,2013B,0.0,0.0
497361,EEE,2014B,0.15,0.375
497410,FFF,2013B,0.2,0.06779661016949153
497415,FFF,2014J,0.4,0.2
497468,BBB,2013B,0.05,0.125
497475,DDD,2013J,0.0,0.0
497580,EEE,2014B,0.6,0.46153846153846156
497590,DDD,2013J,0.15,0.0967741935483871
497619,GGG,2014B,0.0,0.0
497632,BBB,2013J,0.0,0.0
497793,BBB,2013B,0.05,0.04
497855,FFF,2013B,0.0,0.0
497897,FFF,2013B,0.05,0.03225806451612903
497994,DDD,2013J,0.0,0.0
498006,FFF,2014B,0.3,0.08695652173913043
498031,FFF,2013J,0.6,0.14457831325301204
498043,CCC,2014B,0.0,0.0
498065,BBB,2013B,0.0,0.0
498131,BBB,2013B,0.1,0.1111111111111111
498138,CCC,2014B,0.0,0.0
498175,BBB,2013B,0.05,0.09090909090909091
498236,CCC,2014J,0.05,0.03333333333333333
498266,FFF,2014B,0.4,0.11428571428571428
498269,FFF,2013B,0.4,0.07079646017699115
498296,BBB,2013B,0.15,0.08108108108108109
498320,DDD,2013B,0.2,0.13333333333333333
498363,DDD,2013B,0.1,0.07142857142857142
498363,DDD,2014B,0.0,0.0
498432,DDD,2013B,0.0,0.0
498442,FFF,2014J,0.6,0.15789473684210525
498455,BBB,2013B,0.05,0.058823529411764705
498459,CCC,2014J,0.25,0.10638297872340426
498527,DDD,2013B,0.15,0.06818181818181818
498543,BBB,2013J,0.0,0.0
498554,FFF,2013B,0.75,0.0967741935483871
498564,GGG,2014J,0.0,0.0
498578,FFF,2013B,0.15,0.06382978723404255
498635,BBB,2013J,0.15,0.13043478260869565
498636,FFF,2013B,0.0,0.0
498741,CCC,2014B,0.2,0.19047619047619047
498755,BBB,2013J,0.0,0.0
498793,DDD,2014B,0.15,0.125
498821,DDD,2013J,0.15,0.061224489795918366
498828,CCC,2014J,0.0,0.0
498828,FFF,2014B,0.25,0.08333333333333333
498835,DDD,2013B,0.3,0.15384615384615385
498841,BBB,2013J,0.0,0.0
498841,BBB,2014J,0.0,0.0
498857,AAA,2013J,0.45,0.34615384615384615
498898,FFF,2013J,0.05,0.04
498967,BBB,2013B,0.0,0.0
498980,DDD,2014B,0.1,0.3333333333333333
499006,GGG,2013J,0.2,0.2222222222222222
499027,BBB,2013B,0.5,0.22727272727272727
499056,DDD,2013B,0.05,0.01694915254237288
499067,BBB,2013B,0.0,0.0
499118,BBB,2013B,0.05,0.09090909090909091
499187,GGG,2014J,0.2,0.1111111111111111
499244,FFF,2013B,0.0,0.0
499244,FFF,2014J,0.05,1.0
499246,DDD,2013B,0.1,0.07142857142857142
499354,FFF,2013B,0.25,0.08620689655172414
499372,FFF,2013B,0.05,0.047619047619047616
499380,BBB,2013B,0.2,0.13333333333333333
499386,FFF,2013J,0.25,0.09259259259259259
499387,BBB,2013B,0.05,0.04
499400,EEE,2013J,0.6,0.46153846153846156
499404,FFF,2014J,0.5,0.14084507042253522
499420,CCC,2014J,0.0,0.0
499446,GGG,2013J,0.2,0.16
499483,BBB,2013B,0.0,0.0
499511,BBB,2013B,0.0,0.0
499557,DDD,2013B,0.15,0.07142857142857142
499564,FFF,2013J,0.35,0.06930693069306931
499624,BBB,2013J,0.0,0.0
499703,CCC,2014J,0.0,0.0
499790,BBB,2014J,0.3,0.2857142857142857
499813,CCC,2014J,0.0,0.0
499813,FFF,2014B,0.9,0.09090909090909091
499819,BBB,2014J,0.4,0.21052631578947367
499848,CCC,2014J,0.1,0.16666666666666666
499865,DDD,2014J,0.0,0.0
499881,EEE,2013J,0.25,0.3125
499891,BBB,2013B,0.0,0.0
499993,FFF,2013B,0.55,0.10185185185185185
500006,CCC,2014B,0.0,0.0
500006,DDD,2013B,0.05,0.038461538461538464
500016,BBB,2013J,0.0,0.0
500068,FFF,2014J,0.5,0.16393442622950818
500112,GGG,2013J,0.1,0.1111111111111111
500113,AAA,2014J,0.35,0.4375
500135,BBB,2013J,0.0,0.0
500136,DDD,2013B,0.35,0.1
500189,CCC,2014J,0.0,0.0
500189,EEE,2013J,0.6,0.5454545454545454
500230,FFF,2013B,0.4,0.05970149253731343
500283,DDD,2013J,0.15,0.11538461538461539
500459,DDD,2013B,0.3,0.1276595744680851
500502,BBB,2014J,0.45,0.24324324324324326
500507,BBB,2013B,0.15,0.15789473684210525
500522,DDD,2013B,0.0,0.0
500552,BBB,2013J,0.0,0.0
500581,DDD,2013J,0.15,0.061224489795918366
500585,BBB,2013B,0.0,0.0
500597,CCC,2014B,0.25,0.10204081632653061
500618,FFF,2014J,0.55,0.2
500652,FFF,2013B,0.15,0.061224489795918366
500659,BBB,2013B,0.0,0.0
500668,BBB,2013J,0.0,0.0
500707,DDD,2013J,0.2,0.14285714285714285
500707,DDD,2014J,0.0,0.0
500720,GGG,2013J,0.65,0.325
500766,DDD,2013B,0.1,0.044444444444444446
500772,FFF,2013J,0.05,0.02702702702702703
500779,EEE,2013J,0.6,0.4
500791,BBB,2013B,0.15,0.13043478260869565
500815,BBB,2013B,0.0,0.0
500819,BBB,2013B,0.0,0.0
500836,BBB,2013B,0.0,0.0
500915,GGG,2014J,0.0,0.0
500958,BBB,2013B,0.0,0.0
501053,BBB,2013J,0.0,0.0
501095,BBB,2014B,0.0,0.0
501146,CCC,2014J,0.05,0.02857142857142857
501158,DDD,2013B,0.1,0.03636363636363636
501203,DDD,2013J,0.1,0.05263157894736842
501208,BBB,2013J,0.1,0.07142857142857142
501336,FFF,2013J,0.25,0.07462686567164178
501421,FFF,2014B,0.45,0.21428571428571427
501425,FFF,2013J,0.65,0.1368421052631579
501432,BBB,2013B,0.1,0.05
501443,CCC,2014B,0.0,0.0
501444,FFF,2014J,0.45,0.13846153846153847
501487,DDD,2014B,0.1,0.043478260869565216
501488,DDD,2013J,0.15,0.12
501493,FFF,2013B,0.0,0.0
501550,BBB,2013B,0.0,0.0
501617,CCC,2014J,0.05,0.016129032258064516
501637,BBB,2013J,0.0,0.0
501652,CCC,2014B,0.0,0.0
501723,DDD,2014B,0.0,0.0
501755,GGG,2014B,0.0,0.0
501867,CCC,2014J,0.0,0.0
501867,DDD,2013J,0.0,0.0
501871,FFF,2013J,0.3,0.09836065573770492
501879,BBB,2013B,0.1,0.07407407407407407
501888,GGG,2014J,0.1,0.09090909090909091
501897,FFF,2014J,0.3,0.16666666666666666
501921,EEE,2013J,0.75,0.4838709677419355
501945,BBB,2013J,0.0,0.0
501955,BBB,2013B,0.05,0.043478260869565216
501960,DDD,2013B,0.25,0.07042253521126761
502004,DDD,2014B,0.4,0.1095890410958904
502004,EEE,2014J,0.0,0.0
502011,FFF,2014J,0.1,0.03125
502057,DDD,2014B,0.25,0.0684931506849315
502136,DDD,2013B,0.3,0.0821917808219178
502161,DDD,2014B,0.15,0.10714285714285714
502182,GGG,2014B,0.0,0.0
502207,DDD,2014B,0.0,0.0
502249,FFF,2013J,0.3,0.10714285714285714
502356,CCC,2014J,0.05,0.023255813953488372
502361,FFF,2013J,0.1,0.041666666666666664
502393,EEE,2013J,0.6,0.41379310344827586
502441,BBB,2013B,0.0,0.0
502465,CCC,2014B,0.3,0.15384615384615385
502466,DDD,2013J,0.1,0.2
502470,DDD,2014J,0.1,0.046511627906976744
502477,DDD,2013J,0.4,0.08163265306122448
502501,FFF,2014B,0.8,0.12030075187969924
502512,FFF,2013B,0.1,0.06451612903225806
502517,FFF,2013J,0.2,0.0547945205479452
502531,FFF,2013B,0.15,0.23076923076923078
502531,FFF,2013J,0.0,0.0
502548,EEE,2014J,0.25,0.25
502554,CCC,2014B,0.0,0.0
502554,DDD,2013B,0.5,0.11627906976744186
502604,BBB,2013B,0.05,0.05
502638,DDD,2013J,0.15,0.05454545454545454
502694,BBB,2013B,0.0,0.0
502696,FFF,2013J,0.0,0.0
502697,DDD,2013B,0.1,0.034482758620689655
502709,GGG,2014B,0.1,0.09090909090909091
502717,BBB,2013B,0.45,0.13432835820895522
502763,GGG,2014B,0.55,0.4230769230769231
502766,CCC,2014J,0.4,0.16326530612244897
502767,BBB,2014J,0.25,0.1
502833,EEE,2013J,0.05,0.16666666666666666
502868,CCC,2014B,0.1,0.05263157894736842
502900,FFF,2013B,0.0,0.0
502929,CCC,2014B,0.0,0.0
502929,EEE,2014B,0.1,0.11764705882352941
502993,FFF,2014B,0.2,0.10256410256410256
503023,DDD,2013J,0.05,0.018518518518518517
503086,DDD,2013B,0.45,0.10227272727272728
503120,DDD,2013B,0.4,0.08602150537634409
503154,FFF,2014B,0.2,0.05714285714285714
503170,DDD,2013B,0.05,0.030303030303030304
503183,FFF,2014B,0.25,0.07142857142857142
503322,BBB,2013J,0.05,0.029411764705882353
503352,FFF,2013J,0.3,0.09836065573770492
503368,DDD,2013B,0.2,0.047058823529411764
503390,BBB,2013B,0.0,0.0
503457,CCC,2014J,0.05,0.02127659574468085
503469,CCC,2014B,0.15,0.14285714285714285
503477,FFF,2013J,0.1,0.037037037037037035
503491,BBB,2013B,0.2,0.3333333333333333
503497,DDD,2013B,0.25,0.10869565217391304
503509,BBB,2013B,0.05,0.043478260869565216
503516,BBB,2013J,0.0,0.0
503544,FFF,2013B,0.35,0.07865168539325842
503610,CCC,2014J,0.0,0.0
503663,GGG,2013J,0.45,0.47368421052631576
503668,FFF,2013B,0.15,0.046875
503710,CCC,2014J,0.4,0.17777777777777778
503764,FFF,2013J,0.15,0.04838709677419355
503779,CCC,2014J,0.0,0.0
503783,DDD,2013J,0.15,0.15789473684210525
503804,BBB,2013J,0.0,0.0
503838,DDD,2013J,0.2,0.08163265306122448
503872,EEE,2014B,0.0,0.0
503878,BBB,2013B,0.05,0.1
503878,BBB,2013J,0.0,0.0
503889,AAA,2014J,0.8,0.37209302325581395
503926,DDD,2013B,0.1,0.03389830508474576
504013,BBB,2013J,0.0,0.0
504021,BBB,2013B,0.0,0.0
504022,BBB,2013J,0.0,0.0
504028,BBB,2013B,0.0,0.0
504057,CCC,2014B,0.3,0.20689655172413793
504062,EEE,2014B,0.5,0.5263157894736842
504064,DDD,2014J,0.5,0.13157894736842105
504076,FFF,2013J,0.6,0.10344827586206896
504102,BBB,2013B,0.0,0.0
504105,FFF,2013J,0.3,0.08955223880597014
504157,FFF,2013B,0.4,0.08888888888888889
504162,FFF,2013B,0.1,0.03076923076923077
504231,FFF,2013B,0.1,0.06666666666666667
504234,DDD,2013J,0.3,0.10909090909090909
504243,FFF,2013B,0.3,0.1
504251,DDD,2014J,0.15,0.08108108108108109
504270,FFF,2014J,0.05,0.125
504321,FFF,2013J,0.3,0.125
504352,BBB,2014B,0.1,0.1
504363,CCC,2014J,0.0,0.0
504404,EEE,2013J,0.5,0.45454545454545453
504429,DDD,2013J,0.2,0.05128205128205128
504466,BBB,2013J,0.1,0.06896551724137931
504492,EEE,2013J,0.65,0.4482758620689655
504533,FFF,2013B,0.1,0.027777777777777776
504552,DDD,2014J,0.05,0.14285714285714285
504589,DDD,2014J,0.05,0.020833333333333332
504596,DDD,2013J,0.15,0.1111111111111111
504597,BBB,2014J,0.7,0.4375
504635,BBB,2013J,0.0,0.0
504652,EEE,2014B,0.45,0.42857142857142855
504728,EEE,2014B,0.55,0.39285714285714285
504737,FFF,2013B,0.1,0.046511627906976744
504749,DDD,2014J,0.0,0.0
504819,DDD,2013B,0.3,0.06666666666666667
504834,FFF,2013J,0.0,0.0
504936,BBB,2013B,0.1,0.09523809523809523
505002,FFF,2013B,0.0,0.0
505017,FFF,2014B,0.2,0.09523809523809523
505047,FFF,2013J,0.0,0.0
505108,CCC,2014J,0.25,0.125
505131,FFF,2014B,0.1,0.07692307692307693
505151,BBB,2014B,0.0,0.0
505199,FFF,2013B,0.1,0.04081632653061224
505216,GGG,2014J,0.1,0.07692307692307693
505311,DDD,2013B,0.15,0.0625
505315,FFF,2013B,0.05,0.022222222222222223
505376,BBB,2013B,0.0,0.0
505410,FFF,2013J,0.2,0.04938271604938271
505413,BBB,2013J,0.25,0.2
505417,BBB,2013B,0.0,0.0
505488,FFF,2013B,0.05,0.037037037037037035
505508,FFF,2013B,0.45,0.06338028169014084
505561,DDD,2014B,0.25,0.14285714285714285
505579,DDD,2013B,0.15,0.05660377358490566
505595,BBB,2013J,0.0,0.0
505606,BBB,2013B,0.0,0.0
505700,CCC,2014J,0.0,0.0
505700,EEE,2013J,0.25,0.17857142857142858
505722,CCC,2014J,0.0,0.0
505722,EEE,2013J,0.6,0.5
505727,EEE,2013J,0.5,0.4
505754,GGG,2013J,0.3,0.3333333333333333
505762,GGG,2014J,0.3,0.24
505767,CCC,2014B,0.0,0.0
505767,EEE,2014B,0.5,0.5263157894736842
505773,FFF,2014J,0.7,0.1206896551724138
505815,DDD,2014B,0.0,0.0
505854,DDD,2014B,0.15,0.13043478260869565
505855,EEE,2014B,0.4,0.4
505856,DDD,2013J,0.4,0.09302325581395349
505871,BBB,2013B,0.0,0.0
505871,BBB,2014J,0.0,0.0
505878,BBB,2014J,0.1,0.13333333333333333
505899,BBB,2014B,0.45,0.3333333333333333
505930,CCC,2014J,0.05,0.038461538461538464
505959,BBB,2013B,0.0,0.0
505961,BBB,2013B,0.0,0.0
506020,BBB,2014J,0.05,0.07142857142857142
506038,FFF,2014B,0.2,0.06349206349206349
506056,DDD,2013B,0.05,0.05555555555555555
506144,CCC,2014J,0.3,0.16216216216216217
506185,BBB,2013J,0.3,0.35294117647058826
506205,GGG,2014J,0.15,0.1875
506206,CCC,2014B,0.15,0.07142857142857142
506219,BBB,2014J,0.35,0.1794871794871795
506233,BBB,2013B,0.0,0.0
506248,BBB,2013J,0.0,0.0
506309,FFF,2013J,0.25,0.10416666666666667
506321,FFF,2013B,0.2,0.07017543859649122
506360,BBB,2013B,0.0,0.0
506412,FFF,2013B,0.0,0.0
506498,FFF,2013J,0.0,0.0
506504,EEE,2013J,0.6,0.46153846153846156
506533,GGG,2014B,0.05,0.03571428571428571
506543,CCC,2014J,0.25,0.078125
506550,FFF,2013J,0.2,0.08333333333333333
506582,DDD,2013J,0.55,0.09166666666666666
506618,EEE,2013J,0.15,0.6
506622,BBB,2014B,0.35,0.35
506650,BBB,2013B,0.0,0.0
506650,BBB,2014B,0.0,0.0
506674,FFF,2014B,0.0,0.0
506679,GGG,2013J,0.0,0.0
506705,CCC,2014J,0.0,0.0
506705,FFF,2014J,0.55,0.1864406779661017
506753,BBB,2013B,0.05,0.06666666666666667
506767,DDD,2013B,0.1,0.08333333333333333
506783,FFF,2013J,0.0,0.0
506785,DDD,2013B,0.1,0.07142857142857142
506804,BBB,2013J,0.2,0.08333333333333333
506829,DDD,2013B,0.05,0.14285714285714285
506829,DDD,2013J,0.0,0.0
506930,FFF,2013B,0.1,0.07692307692307693
507010,FFF,2013J,0.0,0.0
507014,BBB,2014J,0.2,0.13333333333333333
507016,BBB,2013J,0.05,0.047619047619047616
507034,CCC,2014B,0.0,0.0
507034,FFF,2013B,0.1,0.022727272727272728
507113,DDD,2013J,0.2,0.07547169811320754
507149,BBB,2014J,0.3,0.13043478260869565
507279,BBB,2013J,0.0,0.0
507285,DDD,2013J,0.25,0.12195121951219512
507334,GGG,2014B,0.6,0.42857142857142855
507344,CCC,2014J,0.0,0.0
507344,DDD,2013J,0.25,0.09803921568627451
507359,BBB,2013B,0.0,0.0
507375,EEE,2013J,0.6,0.5217391304347826
507386,BBB,2014J,0.05,0.5
507478,DDD,2013J,0.05,0.14285714285714285
507478,DDD,2014J,0.0,0.0
507523,CCC,2014B,0.1,0.0625
507743,FFF,2014J,0.55,0.12087912087912088
507783,BBB,2014J,0.55,0.22448979591836735
507817,BBB,2013B,0.0,0.0
507844,EEE,2013J,0.5,0.47619047619047616
507935,FFF,2014J,0.5,0.11627906976744186
507941,FFF,2013J,0.35,0.1044776119402985
507967,EEE,2014J,0.6,0.9230769230769231
507983,BBB,2014B,0.0,0.0
508025,DDD,2013J,0.1,0.06896551724137931
508028,BBB,2013J,0.0,0.0
508068,FFF,2013B,0.15,0.04477611940298507
508079,BBB,2013J,0.5,0.2857142857142857
508100,BBB,2014B,0.15,0.09090909090909091
508210,FFF,2013J,0.2,0.0625
508244,CCC,2014J,0.0,0.0
508244,EEE,2013J,0.0,0.0
508246,DDD,2013J,0.2,0.1111111111111111
508274,FFF,2013J,0.3,0.06666666666666667
508295,FFF,2013J,0.05,0.030303030303030304
508326,FFF,2013J,0.0,0.0
508388,FFF,2013J,0.3,0.1111111111111111
508400,BBB,2014B,0.0,0.0
508452,BBB,2013B,0.2,0.06349206349206349
508470,BBB,2014B,0.05,0.03571428571428571
508537,BBB,2013B,0.15,0.14285714285714285
508572,FFF,2013B,0.05,0.034482758620689655
508573,GGG,2014B,0.0,0.0
508594,DDD,2014B,0.2,0.1111111111111111
508615,DDD,2014J,0.0,0.0
508626,FFF,2014J,0.7,0.12962962962962962
508627,FFF,2013J,0.0,0.0
508637,CCC,2014J,0.0,0.0
508637,DDD,2013J,0.3,0.08333333333333333
508662,BBB,2013B,0.15,0.0967741935483871
508749,FFF,2013B,0.0,0.0
508759,BBB,2013J,0.2,0.10810810810810811
508804,FFF,2013J,0.35,0.07954545454545454
508818,AAA,2013J,0.2,0.25
508829,DDD,2014J,0.0,0.0
508829,EEE,2013J,0.1,0.3333333333333333
508830,FFF,2013B,0.3,0.14634146341463414
508859,DDD,2014J,0.15,0.0379746835443038
508924,GGG,2014B,0.1,0.058823529411764705
508927,FFF,2013B,0.0,0.0
508934,DDD,2013B,0.25,0.09259259259259259
508940,BBB,2014B,0.15,0.08571428571428572
508942,FFF,2013J,0.25,0.03937007874015748
509029,CCC,2014B,0.2,0.13793103448275862
509034,GGG,2013J,0.25,0.12195121951219512
509036,BBB,2013J,0.0,0.0
509102,CCC,2014B,0.0,0.0
509102,DDD,2013J,0.3,0.07894736842105263
509150,CCC,2014J,0.55,0.13580246913580246
509156,EEE,2013J,0.1,1.0
509183,CCC,2014B,0.4,0.16326530612244897
509226,BBB,2013B,0.15,0.17647058823529413
509236,BBB,2013J,0.0,0.0
509258,BBB,2013J,0.0,0.0
509277,GGG,2013J,0.0,0.0
509279,DDD,2013J,0.2,0.10810810810810811
509292,FFF,2014B,0.5,0.16393442622950818
509327,DDD,2013J,0.4,0.08695652173913043
509390,BBB,2013J,0.0,0.0
509466,BBB,2014J,0.0,0.0
509536,FFF,2014J,0.55,0.12087912087912088
509578,BBB,2014J,0.35,0.2413793103448276
509607,BBB,2013J,0.0,0.0
509610,DDD,2013J,0.2,0.06153846153846154
509634,DDD,2013B,0.05,0.058823529411764705
509649,CCC,2014B,0.4,0.21052631578947367
509696,BBB,2014B,0.1,0.2222222222222222
509768,BBB,2013B,0.2,0.36363636363636365
509780,EEE,2014J,0.55,0.44
509797,BBB,2013B,0.0,0.0
509839,CCC,2014B,0.25,0.18518518518518517
509845,BBB,2013J,0.0,0.0
509913,BBB,2013J,0.0,0.0
509926,BBB,2013B,0.0,0.0
509929,DDD,2013J,0.05,0.03125
509933,DDD,2014J,0.0,0.0
509935,BBB,2014J,0.25,0.1724137931034483
509940,FFF,2013J,0.0,0.0
510027,FFF,2013B,0.0,0.0
510054,CCC,2014J,0.25,0.15151515151515152
510068,BBB,2014J,0.05,0.16666666666666666
510142,FFF,2014B,0.25,0.10416666666666667
510149,BBB,2013J,0.1,0.07142857142857142
510169,EEE,2013J,0.0,0.0
510182,DDD,2013J,0.25,0.06493506493506493
510186,FFF,2013B,0.85,0.0752212389380531
510195,DDD,2013B,0.15,0.08108108108108109
510266,CCC,2014J,0.0,0.0
510266,EEE,2014B,0.6,0.5217391304347826
510335,FFF,2013B,0.0,0.0
510401,EEE,2013J,0.35,0.2916666666666667
510402,EEE,2014J,0.7,0.4827586206896552
510420,FFF,2014B,0.3,0.1276595744680851
510424,DDD,2014J,0.0,0.0
510456,DDD,2014J,0.05,0.016666666666666666
510460,EEE,2013J,0.55,0.44
510471,BBB,2014J,0.35,0.2413793103448276
510492,BBB,2013B,0.0,0.0
510530,DDD,2013B,0.05,0.023255813953488372
510533,GGG,2013J,0.2,0.13333333333333333
510534,FFF,2013J,0.15,0.03409090909090909
510556,BBB,2013B,0.1,0.07142857142857142
510693,FFF,2013B,0.1,0.05263157894736842
510693,FFF,2014B,0.0,0.0
510694,EEE,2013J,0.5,0.47619047619047616
510737,GGG,2013J,0.1,0.10526315789473684
510756,BBB,2013B,0.2,0.23529411764705882
510759,FFF,2013B,0.15,0.1
510845,BBB,2013B,0.05,0.14285714285714285
510864,DDD,2013J,0.0,0.0
510873,DDD,2013J,0.05,0.030303030303030304
510874,GGG,2014B,0.05,0.047619047619047616
510883,FFF,2013B,0.1,0.021052631578947368
510914,CCC,2014B,0.0,0.0
511001,BBB,2014J,0.7,0.28
511050,BBB,2013B,0.05,0.125
511067,BBB,2013B,0.15,0.12
511199,EEE,2014B,0.25,0.38461538461538464
511228,GGG,2014B,0.45,0.4090909090909091
511258,CCC,2014J,0.1,0.038461538461538464
511282,DDD,2013J,0.3,0.10344827586206896
511306,BBB,2013B,0.0,0.0
511309,FFF,2014J,0.15,0.075
511345,DDD,2014J,0.2,0.06779661016949153
511350,FFF,2014B,0.15,0.06976744186046512
511350,FFF,2014J,0.0,0.0
511453,DDD,2013J,0.2,0.13793103448275862
511459,BBB,2013B,0.05,0.04
511473,CCC,2014B,0.2,0.09523809523809523
511492,GGG,2014B,0.0,0.0
511506,BBB,2014B,0.25,0.3333333333333333
511515,BBB,2013B,0.4,0.13559322033898305
511524,BBB,2013B,0.2,0.16666666666666666
511527,BBB,2013B,0.0,0.0
511571,GGG,2013J,0.2,0.1
511576,DDD,2013B,0.1,0.14285714285714285
511612,CCC,2014J,0.0,0.0
511676,DDD,2014J,0.0,0.0
511678,BBB,2013J,0.0,0.0
511693,BBB,2013B,0.05,0.09090909090909091
511762,FFF,2013B,0.3,0.043478260869565216
511807,BBB,2014J,0.55,0.3333333333333333
511901,BBB,2014B,0.0,0.0
511912,FFF,2014B,0.25,0.1
511949,DDD,2013B,0.05,0.05555555555555555
511981,FFF,2014J,0.2,0.08
512046,DDD,2014J,0.15,0.06382978723404255
512080,DDD,2013B,0.1,0.05405405405405406
512236,FFF,2014B,0.15,0.375
512242,BBB,2013B,0.0,0.0
512257,CCC,2014J,0.1,0.1111111111111111
512258,GGG,2013J,0.25,0.1388888888888889
512259,CCC,2014J,0.0,0.0
512259,DDD,2013J,0.5,0.1694915254237288
512411,BBB,2014J,0.3,0.16216216216216217
512417,BBB,2013J,0.0,0.0
512460,AAA,2013J,0.3,0.25
512475,CCC,2014B,0.65,0.24528301886792453
512525,DDD,2013J,0.05,0.14285714285714285
512581,BBB,2013J,0.0,0.0
512582,CCC,2014B,0.3,0.15789473684210525
512706,DDD,2013J,0.1,0.05
512722,BBB,2014J,0.45,0.24324324324324326
512775,BBB,2013J,0.0,0.0
512805,BBB,2013B,0.0,0.0
512852,CCC,2014J,0.05,0.034482758620689655
512861,DDD,2013B,0.1,0.04081632653061224
512883,BBB,2013J,0.0,0.0
512911,BBB,2013B,0.0,0.0
512929,BBB,2013B,0.0,0.0
512940,BBB,2013J,0.15,0.375
512977,BBB,2013J,0.0,0.0
512995,BBB,2013B,0.05,0.04
513007,DDD,2013J,0.0,0.0
513076,BBB,2013J,0.05,0.2
513077,BBB,2014B,0.05,0.0196078431372549
513093,BBB,2013B,0.2,0.15384615384615385
513166,GGG,2014J,0.3,0.3
513172,FFF,2013B,0.0,0.0
513204,DDD,2013J,0.05,0.16666666666666666
513210,BBB,2013B,0.05,0.04
513228,FFF,2013J,0.05,0.01818181818181818
513246,DDD,2013B,0.0,0.0
513250,BBB,2014J,0.1,0.3333333333333333
513266,FFF,2013B,0.35,0.08045977011494253
513268,FFF,2013B,0.15,0.05454545454545454
513283,DDD,2014J,0.0,0.0
513315,BBB,2013B,0.3,0.18181818181818182
513349,DDD,2013J,0.25,0.1724137931034483
513356,DDD,2013J,0.05,0.1
513396,DDD,2013B,0.15,0.08333333333333333
513422,FFF,2014J,0.45,0.14754098360655737
513428,FFF,2013B,0.25,0.049019607843137254
513428,FFF,2014J,0.0,0.0
513499,DDD,2013J,0.1,0.058823529411764705
513638,CCC,2014B,0.15,0.0967741935483871
513672,EEE,2014B,0.4,0.47058823529411764
513687,DDD,2013B,0.4,0.14814814814814814
513687,DDD,2014B,0.0,0.0
513701,FFF,2014B,0.1,0.05405405405405406
513733,BBB,2013B,0.05,0.05263157894736842
513751,BBB,2014J,0.55,0.20754716981132076
513757,BBB,2013B,0.0,0.0
513773,DDD,2013B,0.1,0.07692307692307693
513853,DDD,2013J,0.4,0.09302325581395349
513854,DDD,2013B,0.3,0.08571428571428572
513881,BBB,2013B,0.1,0.4
513934,CCC,2014B,0.15,0.2
513954,DDD,2013J,0.0,0.0
513957,DDD,2014B,0.0,0.0
513969,CCC,2014J,0.05,0.09090909090909091
514000,CCC,2014B,0.0,0.0
514031,BBB,2014B,0.05,0.047619047619047616
514040,EEE,2013J,0.0,0.0
514043,BBB,2013J,0.05,0.07692307692307693
514074,BBB,2013J,0.0,0.0
514078,FFF,2014J,0.35,0.11475409836065574
514096,FFF,2013B,0.0,0.0
514125,DDD,2013J,0.35,0.10144927536231885
514140,BBB,2013B,0.1,0.06451612903225806
514277,DDD,2014J,0.05,0.041666666666666664
514300,DDD,2013B,0.05,0.0625
514302,BBB,2013J,0.1,0.13333333333333333
514324,DDD,2014J,0.0,0.0
514445,BBB,2013J,0.5,0.2777777777777778
514504,CCC,2014J,0.05,0.5
514556,FFF,2014J,0.3,0.21428571428571427
514558,FFF,2013J,0.1,0.05714285714285714
514580,FFF,2013B,0.2,0.06557377049180328
514648,GGG,2014J,0.25,0.15151515151515152
514675,FFF,2013B,0.0,0.0
514756,FFF,2013B,0.0,0.0
514776,BBB,2013J,0.65,0.20967741935483872
514864,BBB,2013J,0.25,0.14285714285714285
514903,FFF,2013B,0.3,0.06896551724137931
514913,FFF,2013B,0.0,0.0
514969,FFF,2013B,0.5,0.09523809523809523
514981,BBB,2013B,0.0,0.0
514987,BBB,2013B,0.25,0.35714285714285715
515046,CCC,2014B,0.0,0.0
515046,DDD,2013B,0.3,0.0759493670886076
515051,GGG,2014B,0.05,0.05
515052,DDD,2014J,0.0,0.0
515056,DDD,2013J,0.1,0.04878048780487805
515105,BBB,2013B,0.05,0.125
515107,CCC,2014B,0.3,0.14285714285714285
515125,EEE,2014B,0.1,0.2
515170,DDD,2013B,0.2,0.07407407407407407
515203,BBB,2013J,0.05,0.125
515247,DDD,2013J,0.1,0.2857142857142857
515285,FFF,2013J,0.35,0.08045977011494253
515311,BBB,2013B,0.05,0.08333333333333333
515329,BBB,2014J,0.45,0.20930232558139536
515331,DDD,2014B,0.0,0.0
515345,GGG,2014J,0.0,0.0
515349,BBB,2014J,0.4,0.2857142857142857
515426,CCC,2014J,0.0,0.0
515474,BBB,2013B,0.3,0.375
515491,CCC,2014J,0.35,0.1346153846153846
515496,GGG,2013J,0.15,0.13043478260869565
515497,BBB,2013B,0.0,0.0
515515,CCC,2014B,0.0,0.0
515520,DDD,2013J,0.1,0.05
515574,FFF,2013J,0.1,0.04878048780487805
515595,DDD,2013B,0.25,0.09803921568627451
515645,DDD,2014J,0.15,0.16666666666666666
515646,BBB,2013J,0.0,0.0
515676,BBB,2013J,0.15,0.06666666666666667
515734,CCC,2014J,0.1,0.13333333333333333
515774,CCC,2014B,0.0,0.0
515774,EEE,2013J,0.0,0.0
515821,EEE,2013J,0.1,0.5
515833,FFF,2013J,0.25,0.10416666666666667
515844,FFF,2013B,0.05,0.2
515857,CCC,2014J,0.0,0.0
515857,FFF,2013J,0.65,0.11016949152542373
515859,FFF,2013J,0.05,0.3333333333333333
515888,FFF,2013J,0.2,0.09302325581395349
515903,DDD,2013B,0.25,0.1282051282051282
515936,CCC,2014B,0.0,0.0
515938,FFF,2013B,0.25,0.1388888888888889
515945,DDD,2013B,0.15,0.05357142857142857
515959,BBB,2013B,0.0,0.0
515965,FFF,2014B,0.0,0.0
515977,EEE,2014J,0.75,0.4838709677419355
516010,DDD,2013B,0.1,0.046511627906976744
516024,CCC,2014B,0.3,0.20689655172413793
516057,BBB,2013B,0.0,0.0
516095,FFF,2013J,0.35,0.07954545454545454
516238,CCC,2014B,0.0,0.0
516238,EEE,2014B,0.0,0.0
516281,DDD,2013B,0.05,0.06666666666666667
516318,DDD,2014B,0.0,0.0
516364,BBB,2013J,0.1,0.05263157894736842
516398,DDD,2013B,0.05,0.03225806451612903
516432,BBB,2013B,0.2,0.08163265306122448
516434,BBB,2014J,0.4,0.20512820512820512
516434,GGG,2013J,0.0,0.0
516435,FFF,2013B,0.05,0.04
516450,DDD,2013B,0.15,0.04477611940298507
516456,BBB,2013B,0.15,0.25
516475,BBB,2013B,0.05,0.1111111111111111
516495,BBB,2013B,0.1,0.25
516496,CCC,2014B,0.0,0.0
516529,BBB,2013B,0.05,0.25
516562,DDD,2014J,0.1,0.05128205128205128
516601,BBB,2014B,0.05,0.07692307692307693
516602,FFF,2014J,0.45,0.17647058823529413
516620,FFF,2013J,0.25,0.1
516634,FFF,2014B,0.25,0.12195121951219512
516653,DDD,2013J,0.15,0.10714285714285714
516726,CCC,2014B,0.15,0.15789473684210525
516770,FFF,2013J,0.0,0.0
516770,FFF,2014B,0.0,0.0
516841,BBB,2013B,0.2,0.25
516843,DDD,2013B,0.1,0.07142857142857142
516926,BBB,2013J,0.0,0.0
516946,DDD,2013J,0.1,0.14285714285714285
517000,BBB,2013J,0.0,0.0
517043,BBB,2013B,0.0,0.0
517062,FFF,2013B,0.05,0.08333333333333333
517093,DDD,2013J,0.35,0.07954545454545454
517094,EEE,2014J,0.7,0.4375
517195,FFF,2013B,0.15,0.058823529411764705
517231,BBB,2013J,0.05,0.07142857142857142
517263,GGG,2014J,0.05,0.030303030303030304
517269,FFF,2013B,0.65,0.07428571428571429
517274,FFF,2014B,0.2,0.12903225806451613
517277,FFF,2014B,0.15,0.057692307692307696
517349,FFF,2013B,0.05,0.01818181818181818
517349,FFF,2013J,0.0,0.0
517352,BBB,2013J,0.15,0.1875
517416,CCC,2014J,0.0,0.0
517416,DDD,2013J,0.25,0.0641025641025641
517474,BBB,2013B,0.2,0.18181818181818182
517481,FFF,2013J,0.1,0.04
517551,FFF,2014J,0.25,0.14285714285714285
517569,FFF,2013B,0.0,0.0
517617,BBB,2013B,0.15,0.13636363636363635
517646,DDD,2013B,0.25,0.07936507936507936
517679,BBB,2014B,0.0,0.0
517731,FFF,2013J,0.4,0.11428571428571428
517778,BBB,2013B,0.15,0.2
517850,FFF,2013B,0.1,0.046511627906976744
517864,DDD,2014B,0.0,0.0
517890,BBB,2013B,0.0,0.0
517999,CCC,2014B,0.2,0.0851063829787234
518097,DDD,2013B,0.05,0.14285714285714285
518126,BBB,2013J,0.05,0.1
518145,GGG,2014B,0.35,0.35
518155,DDD,2013B,0.0,0.0
518189,BBB,2013B,0.1,0.16666666666666666
518210,FFF,2014B,0.2,0.09523809523809523
518223,BBB,2013J,0.35,0.21212121212121213
518244,DDD,2014J,0.2,0.06349206349206349
518258,BBB,2013J,0.05,0.041666666666666664
518349,DDD,2013B,0.15,0.06976744186046512
518359,CCC,2014J,0.0,0.0
518359,FFF,2014B,0.45,0.1125
518363,CCC,2014B,0.05,0.058823529411764705
518364,FFF,2013J,0.05,0.03225806451612903
518389,BBB,2014J,0.0,0.0
518412,FFF,2013B,0.15,0.07692307692307693
518436,DDD,2013B,0.4,0.09876543209876543
518469,BBB,2013B,0.0,0.0
518496,BBB,2013J,0.35,0.12280701754385964
518544,FFF,2013J,0.25,0.0641025641025641
518661,GGG,2014B,0.05,0.1
518731,DDD,2013J,0.0,0.0
518771,FFF,2013B,0.0,0.0
518808,AAA,2014J,0.8,0.5333333333333333
518831,FFF,2013B,0.25,0.09433962264150944
518862,CCC,2014B,0.1,0.06666666666666667
518876,BBB,2013B,0.1,0.125
518879,BBB,2013B,0.2,0.16666666666666666
518930,FFF,2013J,0.0,0.0
518937,FFF,2013J,0.3,0.09230769230769231
518951,DDD,2013J,0.25,0.16666666666666666
518970,BBB,2013B,0.0,0.0
519057,CCC,2014J,0.3,0.1875
519078,BBB,2014B,0.0,0.0
519091,GGG,2013J,0.0,0.0
519094,DDD,2013B,0.15,0.043478260869565216
519100,DDD,2013J,0.0,0.0
519102,DDD,2013B,0.2,0.0784313725490196
519115,FFF,2014J,0.3,0.11538461538461539
519211,DDD,2013J,0.05,0.06666666666666667
519222,BBB,2013B,0.05,0.02631578947368421
519258,EEE,2014B,0.3,0.35294117647058826
519294,BBB,2013J,0.0,0.0
519387,BBB,2013B,0.25,0.19230769230769232
519472,FFF,2013B,0.05,0.034482758620689655
519506,CCC,2014J,0.1,0.15384615384615385
519510,FFF,2013B,0.25,0.07462686567164178
519544,CCC,2014B,0.2,0.13333333333333333
519552,DDD,2013J,0.05,0.009433962264150943
519584,BBB,2013J,0.1,0.08333333333333333
519602,BBB,2013B,0.1,0.125
519684,CCC,2014J,0.0,0.0
519684,EEE,2013J,0.65,0.43333333333333335
519715,FFF,2013B,0.2,0.044444444444444446
519800,BBB,2013B,0.0,0.0
519859,BBB,2014B,0.1,0.043478260869565216
519910,GGG,2014B,0.05,0.25
519936,FFF,2013B,0.3,0.1016949152542373
519941,DDD,2014J,0.0,0.0
519961,DDD,2013J,0.1,0.10526315789473684
519969,FFF,2013B,0.15,0.07894736842105263
520002,BBB,2013J,0.0,0.0
520006,BBB,2013J,0.0,0.0
520024,BBB,2013J,0.0,0.0
520024,BBB,2014J,0.0,0.0
520061,FFF,2013J,0.65,0.10483870967741936
520073,FFF,2013B,0.0,0.0
520076,BBB,2014J,0.3,0.2222222222222222
520077,CCC,2014J,0.2,0.07017543859649122
520077,EEE,2014J,0.0,0.0
520082,FFF,2013B,0.15,0.06818181818181818
520097,FFF,2013B,0.15,0.04411764705882353
520150,DDD,2013J,0.25,0.05813953488372093
520187,FFF,2013B,0.1,0.05263157894736842
520286,BBB,2013J,0.1,0.08333333333333333
520325,BBB,2013J,0.0,0.0
520332,CCC,2014J,0.25,0.10416666666666667
520349,DDD,2014B,0.0,0.0
520349,DDD,2014J,0.05,0.037037037037037035
520377,CCC,2014B,0.05,0.02857142857142857
520400,DDD,2013B,0.05,0.02702702702702703
520544,FFF,2013B,0.2,0.125
520588,CCC,2014B,0.35,0.14583333333333334
520836,BBB,2013B,0.1,0.2857142857142857
520891,DDD,2013J,0.4,0.13114754098360656
520962,DDD,2014B,0.65,0.11818181818181818
520972,BBB,2014J,0.25,0.20833333333333334
521051,CCC,2014B,0.1,0.2222222222222222
521081,BBB,2014J,0.4,0.27586206896551724
521096,BBB,2013B,0.05,0.1111111111111111
521109,FFF,2013J,0.05,0.14285714285714285
521115,CCC,2014J,0.0,0.0
521115,FFF,2014J,0.15,0.025210084033613446
521153,FFF,2014J,0.0,0.0
521160,DDD,2013B,0.3,0.08108108108108109
521164,BBB,2014J,0.0,0.0
521164,GGG,2013J,0.45,0.5294117647058824
521255,FFF,2014J,0.0,0.0
521292,CCC,2014J,0.45,0.225
521297,CCC,2014B,0.15,0.05660377358490566
521329,FFF,2013J,0.4,0.1038961038961039
521341,BBB,2013J,0.15,0.08108108108108109
521377,FFF,2013B,0.0,0.0
521394,BBB,2013B,0.0,0.0
521404,DDD,2013B,0.25,0.11627906976744186
521430,BBB,2013B,0.15,0.09375
521509,BBB,2013J,0.1,0.06451612903225806
521526,FFF,2013B,0.3,0.07792207792207792
521541,EEE,2014J,0.05,0.25
521590,BBB,2013J,0.3,0.18181818181818182
521614,CCC,2014B,0.45,0.20454545454545456
521631,GGG,2014J,0.0,0.0
521644,GGG,2014B,0.05,0.04
521709,DDD,2013B,0.15,0.07317073170731707
521742,DDD,2013B,0.1,0.045454545454545456
521764,BBB,2013B,0.0,0.0
521788,FFF,2013J,0.0,0.0
521895,BBB,2013J,0.0,0.0
521903,BBB,2013B,0.2,0.2222222222222222
521957,BBB,2013J,0.0,0.0
521957,BBB,2014B,0.0,0.0
522004,CCC,2014J,0.0,0.0
522007,FFF,2013J,0.25,0.08196721311475409
522082,FFF,2013J,0.1,0.0425531914893617
522082,FFF,2014J,0.0,0.0
522087,BBB,2014B,0.05,0.0625
522090,BBB,2013B,0.0,0.0
522189,BBB,2014J,0.4,0.42105263157894735
522205,DDD,2014B,0.05,0.14285714285714285
522249,BBB,2013B,0.0,0.0
522257,CCC,2014J,0.0,0.0
522257,FFF,2013J,0.7,0.10606060606060606
522312,CCC,2014B,0.0,0.0
522312,DDD,2013J,0.2,0.07272727272727272
522363,DDD,2014B,0.0,0.0
522373,BBB,2013B,0.05,0.034482758620689655
522381,BBB,2014J,0.3,0.15789473684210525
522383,BBB,2013B,0.0,0.0
522426,BBB,2013J,0.25,0.13513513513513514
522433,FFF,2013B,0.0,0.0
522434,BBB,2013J,0.25,0.15151515151515152
522441,BBB,2013J,0.0,0.0
522446,BBB,2013J,0.05,0.043478260869565216
522473,DDD,2013J,0.3,0.08333333333333333
522484,CCC,2014B,0.0,0.0
522484,EEE,2013J,0.35,0.4666666666666667
522525,CCC,2014J,0.0,0.0
522525,EEE,2014B,0.6,0.4444444444444444
522529,BBB,2013J,0.15,0.0967741935483871
522534,CCC,2014J,0.0,0.0
522538,DDD,2013J,0.0,0.0
522561,GGG,2013J,0.05,0.03125
522572,DDD,2013B,0.15,0.057692307692307696
522645,EEE,2014J,0.0,0.0
522654,DDD,2013B,0.1,0.043478260869565216
522708,CCC,2014J,0.0,0.0
522714,BBB,2013J,0.45,0.23076923076923078
522718,FFF,2013B,0.1,0.05128205128205128
522731,GGG,2013J,0.0,0.0
522740,FFF,2013J,0.0,0.0
522743,FFF,2013B,0.05,0.03225806451612903
522754,CCC,2014J,0.0,0.0
522777,DDD,2013J,0.3,0.09230769230769231
522792,BBB,2013J,0.85,0.2698412698412698
522840,DDD,2014B,0.45,0.10227272727272728
522850,FFF,2013B,0.35,0.06930693069306931
522859,FFF,2013B,0.15,0.03225806451612903
522878,DDD,2013B,0.15,0.09375
522889,BBB,2013J,0.15,0.09090909090909091
522891,BBB,2013J,0.05,0.05263157894736842
522894,BBB,2013J,0.35,0.1794871794871795
522899,BBB,2013J,0.35,0.12280701754385964
522923,FFF,2013B,0.1,0.03333333333333333
522924,CCC,2014J,0.0,0.0
522994,EEE,2013J,0.4,0.42105263157894735
523012,BBB,2013B,0.1,0.08695652173913043
523017,FFF,2014J,0.2,0.08163265306122448
523021,BBB,2014B,0.05,1.0
523047,DDD,2013J,0.0,0.0
523061,CCC,2014B,0.25,0.17857142857142858
523061,EEE,2014B,0.0,0.0
523079,CCC,2014B,0.05,0.0625
523132,BBB,2014J,0.4,0.14285714285714285
523142,FFF,2013B,0.1,0.03389830508474576
523169,EEE,2013J,0.3,0.42857142857142855
523239,CCC,2014J,0.0,0.0
523247,BBB,2014B,0.0,0.0
523248,DDD,2013J,0.05,0.045454545454545456
523249,FFF,2014J,0.65,0.19696969696969696
523334,CCC,2014J,0.2,0.2222222222222222
523335,FFF,2013B,0.1,0.08
523392,DDD,2013B,0.2,0.13333333333333333
523466,BBB,2013J,0.35,0.28
523545,BBB,2013J,0.35,0.5
523596,BBB,2013B,0.0,0.0
523599,FFF,2013J,0.05,0.0625
523630,BBB,2013B,0.0,0.0
523655,BBB,2013J,0.2,0.2
523672,BBB,2013B,0.0,0.0
523680,FFF,2013J,0.6,0.09836065573770492
523700,FFF,2013B,0.0,0.0
523762,CCC,2014J,0.4,0.19047619047619047
523762,DDD,2014J,0.0,0.0
523803,GGG,2013J,0.15,0.13636363636363635
523831,BBB,2014J,0.2,0.26666666666666666
523833,FFF,2013B,0.3,0.047244094488188976
523841,FFF,2013B,0.0,0.0
523857,BBB,2013J,0.0,0.0
523857,DDD,2014B,0.35,0.1111111111111111
523872,CCC,2014J,0.0,0.0
523872,EEE,2014J,0.3,0.3
523875,BBB,2013J,0.05,0.02564102564102564
523905,BBB,2014J,0.35,0.18421052631578946
523928,BBB,2013J,0.0,0.0
523940,FFF,2013B,0.2,0.06557377049180328
523944,CCC,2014J,0.05,0.022222222222222223
523966,BBB,2013B,0.0,0.0
523971,FFF,2013J,0.15,0.06
523978,DDD,2014B,0.1,0.046511627906976744
524043,BBB,2014J,0.2,0.14285714285714285
524109,DDD,2014B,0.15,0.12
524128,CCC,2014B,0.25,0.08196721311475409
524137,DDD,2013B,0.0,0.0
524137,DDD,2014B,0.0,0.0
524160,DDD,2013B,0.15,0.04918032786885246
524175,DDD,2013B,0.3,0.09836065573770492
524227,FFF,2013B,0.1,0.04081632653061224
524261,DDD,2013B,0.15,0.09090909090909091
524261,DDD,2013J,0.0,0.0
524290,BBB,2014B,0.0,0.0
524295,CCC,2014B,0.4,0.12307692307692308
524296,FFF,2014B,0.1,0.10526315789473684
524361,FFF,2013B,0.2,0.05714285714285714
524369,DDD,2013B,0.05,0.022727272727272728
524377,FFF,2013B,0.15,0.05660377358490566
524378,CCC,2014B,0.0,0.0
524378,DDD,2013B,0.05,0.022727272727272728
524384,FFF,2013J,0.0,0.0
524396,DDD,2013B,0.1,0.05128205128205128
524407,FFF,2013J,0.5,0.0847457627118644
524427,DDD,2014J,0.0,0.0
524431,FFF,2013B,0.0,0.0
524452,BBB,2013B,0.15,0.1875
524466,FFF,2013B,0.15,0.057692307692307696
524575,DDD,2013J,0.45,0.08108108108108109
524631,EEE,2013J,0.25,0.4166666666666667
524711,DDD,2013J,0.1,0.07692307692307693
524790,BBB,2013J,0.05,0.041666666666666664
524791,DDD,2013J,0.3,0.07792207792207792
524825,FFF,2013B,0.25,0.06666666666666667
524845,FFF,2013J,0.05,0.014084507042253521
524938,FFF,2013J,0.15,0.05
524974,FFF,2013J,0.1,0.028985507246376812
525066,DDD,2013B,0.1,0.14285714285714285
525068,DDD,2014J,0.1,0.07407407407407407
525189,DDD,2013J,0.0,0.0
525217,EEE,2014J,0.65,0.52
525246,EEE,2013J,0.45,0.5294117647058824
525332,CCC,2014B,0.0,0.0
525332,EEE,2014B,0.0,0.0
525412,DDD,2014B,0.0,0.0
525412,FFF,2013B,0.1,0.05128205128205128
525456,DDD,2013J,0.25,0.09615384615384616
525469,FFF,2013B,0.3,0.1
525472,DDD,2013J,0.25,0.08928571428571429
525490,FFF,2013B,0.0,0.0
525501,BBB,2013B,0.05,0.045454545454545456
525512,FFF,2013B,0.1,0.046511627906976744
525520,BBB,2013B,0.1,0.10526315789473684
525624,FFF,2013B,0.35,0.051094890510948905
525625,EEE,2014J,0.55,0.4782608695652174
525632,FFF,2013B,0.2,0.06896551724137931
525635,DDD,2014B,0.1,0.0625
525679,BBB,2013B,0.0,0.0
525683,BBB,2013B,0.2,0.17391304347826086
525700,FFF,2013B,0.4,0.09876543209876543
525703,EEE,2013J,0.4,0.36363636363636365
525749,DDD,2013B,0.15,0.06521739130434782
525762,DDD,2013B,0.0,0.0
525820,DDD,2013B,0.05,0.027777777777777776
525832,CCC,2014B,0.0,0.0
525870,DDD,2014J,0.1,0.06896551724137931
525877,BBB,2013J,0.05,0.5
525885,BBB,2013J,0.2,0.23529411764705882
525942,BBB,2013B,0.2,0.15384615384615385
525942,BBB,2014B,0.0,0.0
525974,BBB,2013J,0.15,0.15
526051,EEE,2014B,0.7,0.4
526068,DDD,2013B,0.25,0.08333333333333333
526073,CCC,2014B,0.0,0.0
526073,EEE,2013J,0.45,0.5
526088,BBB,2013J,0.0,0.0
526098,DDD,2013J,0.15,0.2
526132,CCC,2014J,0.0,0.0
526151,FFF,2013B,0.25,0.05154639175257732
526158,DDD,2013J,0.2,0.11428571428571428
526175,DDD,2014B,0.05,0.25
526177,BBB,2013J,0.0,0.0
526200,BBB,2013B,0.0,0.0
526235,CCC,2014B,0.0,0.0
526235,CCC,2014J,0.0,0.0
526242,DDD,2013J,0.3,0.10344827586206896
526285,BBB,2014B,0.05,0.14285714285714285
526303,FFF,2014B,0.0,0.0
526352,DDD,2014J,0.0,0.0
526370,BBB,2013B,0.0,0.0
526417,FFF,2013B,0.2,0.0547945205479452
526441,CCC,2014J,0.15,0.10344827586206896
526549,FFF,2013B,0.25,0.0847457627118644
526551,FFF,2013B,0.25,0.049019607843137254
526559,FFF,2013B,0.15,0.046153846153846156
526564,CCC,2014B,0.15,0.13043478260869565
526589,FFF,2013B,0.25,0.08771929824561403
526601,FFF,2013J,0.3,0.09375
526679,DDD,2013J,0.35,0.1111111111111111
526721,FFF,2014J,0.3,0.06896551724137931
526741,CCC,2014J,0.1,0.09523809523809523
526761,FFF,2013B,0.0,0.0
526810,BBB,2013J,0.0,0.0
526818,FFF,2013B,0.25,0.08620689655172414
526819,FFF,2013B,0.1,0.045454545454545456
526819,FFF,2014J,0.0,0.0
526821,FFF,2014B,0.2,0.0851063829787234
526876,CCC,2014B,0.1,0.07692307692307693
526896,FFF,2013B,0.25,0.06756756756756757
526912,DDD,2014J,0.0,0.0
526927,CCC,2014B,0.05,0.03125
526927,FFF,2013B,0.0,0.0
526980,FFF,2013B,0.05,0.034482758620689655
527020,BBB,2013B,0.0,0.0
527039,GGG,2014J,0.0,0.0
527100,AAA,2014J,0.65,0.40625
527102,BBB,2014J,0.05,0.09090909090909091
527148,FFF,2013J,0.15,0.045454545454545456
527164,BBB,2013B,0.05,0.0625
527225,FFF,2013B,0.15,0.04918032786885246
527227,BBB,2013B,0.2,0.19047619047619047
527242,DDD,2014B,0.0,0.0
527306,DDD,2013B,0.0,0.0
527323,DDD,2013B,0.1,0.05555555555555555
527323,DDD,2014B,0.0,0.0
527393,BBB,2013J,0.0,0.0
527427,DDD,2013J,0.0,0.0
527494,FFF,2013J,0.15,0.057692307692307696
527538,GGG,2014J,0.1,0.09523809523809523
527565,FFF,2013J,0.05,0.1111111111111111
527574,DDD,2013J,0.2,0.05555555555555555
527580,BBB,2013J,0.0,0.0
527601,FFF,2013B,0.0,0.0
527619,FFF,2013J,0.0,0.0
527622,FFF,2013B,0.25,0.07462686567164178
527636,BBB,2013J,0.0,0.0
527685,FFF,2013B,0.15,0.06976744186046512
527713,FFF,2013J,0.45,0.09782608695652174
527742,BBB,2014J,0.0,0.0
527742,GGG,2013J,0.0,0.0
527747,DDD,2013B,0.05,0.06666666666666667
527751,DDD,2013J,0.7,0.11764705882352941
527799,BBB,2013J,0.65,0.20634920634920634
527801,AAA,2014J,0.05,0.1
527826,CCC,2014B,0.25,0.08620689655172414
527886,BBB,2013B,0.0,0.0
527917,DDD,2013B,0.4,0.11428571428571428
527927,FFF,2013B,0.0,0.0
527954,DDD,2013J,0.15,0.0967741935483871
527958,CCC,2014J,0.05,0.14285714285714285
527964,CCC,2014B,0.25,0.15625
527980,BBB,2013B,0.15,0.14285714285714285
527991,FFF,2013B,0.0,0.0
528021,EEE,2013J,0.35,0.3888888888888889
528023,CCC,2014B,0.0,0.0
528034,DDD,2013B,0.05,0.04
528066,CCC,2014B,0.4,0.17777777777777778
528075,FFF,2013B,0.05,0.014492753623188406
528083,EEE,2013J,0.7,0.4666666666666667
528161,BBB,2013B,0.0,0.0
528184,DDD,2013B,0.15,0.07142857142857142
528250,BBB,2013B,0.0,0.0
528261,BBB,2013B,0.2,0.2
528270,FFF,2013B,0.0,0.0
528351,FFF,2013B,0.2,0.05555555555555555
528353,BBB,2013B,0.0,0.0
528363,DDD,2014J,0.0,0.0
528424,FFF,2013B,0.05,0.3333333333333333
528432,BBB,2014J,0.05,0.08333333333333333
528464,BBB,2013J,0.15,0.13636363636363635
528467,DDD,2013J,0.1,0.10526315789473684
528506,CCC,2014J,0.0,0.0
528506,FFF,2013J,0.1,0.041666666666666664
528509,FFF,2013B,0.5,0.0847457627118644
528515,GGG,2013J,0.0,0.0
528517,FFF,2013B,0.3,0.07228915662650602
528535,DDD,2014J,0.1,0.5
528538,FFF,2014B,0.0,0.0
528551,DDD,2013J,0.4,0.09876543209876543
528559,FFF,2013J,0.05,0.013888888888888888
528649,BBB,2013B,0.0,0.0
528662,FFF,2013B,0.05,0.06666666666666667
528698,BBB,2013B,0.25,0.16666666666666666
528699,DDD,2014B,0.05,0.25
528702,BBB,2014J,0.05,0.058823529411764705
528713,FFF,2013B,0.0,0.0
528713,FFF,2014B,0.0,0.0
528734,FFF,2013B,0.2,0.04040404040404041
528846,DDD,2013B,0.25,0.11627906976744186
528892,CCC,2014B,0.0,0.0
528892,DDD,2013J,0.3,0.1276595744680851
528904,BBB,2013B,0.15,0.14285714285714285
528923,DDD,2013B,0.0,0.0
528971,DDD,2013J,0.15,0.06521739130434782
528992,FFF,2013B,0.2,0.05333333333333334
529025,CCC,2014B,0.0,0.0
529025,DDD,2013B,0.2,0.06451612903225806
529030,FFF,2013B,0.05,0.034482758620689655
529065,BBB,2013B,0.0,0.0
529073,DDD,2013J,0.1,0.2222222222222222
529078,CCC,2014B,0.0,0.0
529078,DDD,2013B,0.15,0.04918032786885246
529097,FFF,2013B,0.05,0.019230769230769232
529174,BBB,2013B,0.0,0.0
529175,FFF,2013B,0.1,0.03571428571428571
529190,DDD,2014B,0.05,0.02564102564102564
529197,FFF,2013J,0.05,0.027777777777777776
529201,FFF,2013J,0.6,0.2553191489361702
529211,FFF,2013J,0.0,0.0
529212,BBB,2013B,0.1,0.10526315789473684
529226,DDD,2013J,0.2,0.08
529240,FFF,2013B,0.25,0.05102040816326531
529287,EEE,2014J,0.25,0.45454545454545453
529297,FFF,2013B,0.05,0.03333333333333333
529304,EEE,2014B,0.05,0.25
529309,FFF,2013J,0.05,0.022727272727272728
529349,FFF,2013B,0.7,0.11570247933884298
529366,FFF,2013B,0.15,0.0379746835443038
529404,DDD,2013B,0.15,0.06818181818181818
529434,CCC,2014B,0.05,0.07692307692307693
529438,BBB,2014B,0.0,0.0
529446,BBB,2013B,0.05,0.03571428571428571
529452,BBB,2013B,0.0,0.0
529486,FFF,2013B,0.25,0.08928571428571429
529490,FFF,2013J,0.15,0.11538461538461539
529493,FFF,2013B,0.55,0.11827956989247312
529502,BBB,2013B,0.0,0.0
529512,EEE,2013J,0.55,0.44
529522,DDD,2013J,0.1,0.08333333333333333
529561,FFF,2013B,0.15,0.0967741935483871
529563,FFF,2013B,0.15,0.10344827586206896
529565,FFF,2013B,0.1,0.06060606060606061
529566,FFF,2013B,0.15,0.08571428571428572
529567,FFF,2013B,0.3,0.10714285714285714
529569,FFF,2013B,0.05,0.029411764705882353
529597,BBB,2013J,0.15,0.2
529644,FFF,2013B,0.25,0.11363636363636363
529670,EEE,2014J,0.65,0.5
529684,FFF,2013J,0.1,0.1
529689,FFF,2013B,0.45,0.08035714285714286
529693,FFF,2014J,0.55,0.11827956989247312
529723,FFF,2013J,0.25,0.10416666666666667
529762,FFF,2013B,0.2,0.07407407407407407
529795,BBB,2013J,0.0,0.0
529834,FFF,2013B,0.35,0.06422018348623854
529862,FFF,2013J,0.35,0.06862745098039216
529863,DDD,2013B,0.1,0.02857142857142857
529864,FFF,2013B,0.1,0.05714285714285714
529868,DDD,2013J,0.25,0.06329113924050633
529870,FFF,2013B,0.25,0.07692307692307693
529871,FFF,2013B,0.2,0.05
529877,DDD,2013B,0.0,0.0
529975,CCC,2014J,0.0,0.0
529991,FFF,2013B,0.15,0.05660377358490566
529991,FFF,2014J,0.0,0.0
530021,BBB,2014J,0.0,0.0
530043,FFF,2013J,0.65,0.12380952380952381
530057,FFF,2013B,0.2,0.057971014492753624
530065,BBB,2013B,0.05,0.14285714285714285
530087,EEE,2014J,0.6,0.5217391304347826
530148,FFF,2014J,0.15,0.1111111111111111
530159,FFF,2013J,0.45,0.09375
530172,EEE,2013J,0.05,0.3333333333333333
530196,FFF,2014B,0.3,0.16666666666666666
530226,BBB,2013B,0.45,0.21951219512195122
530234,DDD,2013B,0.05,0.029411764705882353
530296,FFF,2013B,0.3,0.07142857142857142
530344,FFF,2013B,0.2,0.028985507246376812
530360,EEE,2013J,0.35,0.5
530445,FFF,2013B,0.2,0.07692307692307693
530487,BBB,2013J,0.0,0.0
530493,BBB,2013B,0.0,0.0
530514,BBB,2013J,0.0,0.0
530558,FFF,2013B,0.15,0.046153846153846156
530567,FFF,2013B,0.4,0.09411764705882353
530650,CCC,2014B,0.35,0.14583333333333334
530663,CCC,2014J,0.0,0.0
530669,BBB,2013B,0.2,0.15384615384615385
530676,FFF,2013B,0.05,0.5
530736,FFF,2013B,0.15,0.037037037037037035
530748,DDD,2013B,0.0,0.0
530765,EEE,2013J,0.45,0.375
530772,BBB,2014J,0.35,0.2413793103448276
530802,FFF,2013B,0.3,0.05357142857142857
530841,BBB,2013J,0.0,0.0
530853,FFF,2013B,0.0,0.0
530862,FFF,2013B,0.4,0.1
530936,CCC,2014B,0.15,0.5
530940,FFF,2013J,0.6,0.10256410256410256
530941,BBB,2014J,0.3,0.16666666666666666
530944,FFF,2013B,0.2,0.09090909090909091
530967,DDD,2013J,0.1,0.044444444444444446
530987,BBB,2013B,0.2,0.23529411764705882
531018,FFF,2014J,0.7,0.10852713178294573
531047,DDD,2013B,0.4,0.14545454545454545
531069,DDD,2013B,0.0,0.0
531069,DDD,2014B,0.0,0.0
531075,DDD,2013B,0.05,0.038461538461538464
531077,FFF,2013B,0.3,0.07142857142857142
531124,FFF,2013B,0.0,0.0
531182,FFF,2013B,0.2,0.11764705882352941
531190,FFF,2013B,0.2,0.0784313725490196
531202,DDD,2013B,0.25,0.0625
531224,GGG,2013J,0.0,0.0
531234,DDD,2014B,0.2,0.07407407407407407
531270,FFF,2013B,0.3,0.07058823529411765
531294,FFF,2013B,0.25,0.09433962264150944
531340,DDD,2014B,0.0,0.0
531384,BBB,2013J,0.8,0.2857142857142857
531402,DDD,2013J,0.45,0.08108108108108109
531427,BBB,2013B,0.0,0.0
531448,FFF,2013B,0.0,0.0
531450,BBB,2014J,0.15,0.10714285714285714
531569,BBB,2013B,0.0,0.0
531573,BBB,2013B,0.1,0.1111111111111111
531629,FFF,2013B,0.25,0.056179775280898875
531643,BBB,2013J,0.0,0.0
531646,DDD,2014J,0.05,0.022222222222222223
531709,FFF,2013B,0.25,0.07692307692307693
531753,BBB,2014J,0.35,0.19444444444444445
531755,BBB,2014B,0.05,0.041666666666666664
531787,DDD,2013B,0.15,0.05172413793103448
531791,FFF,2013B,0.05,0.058823529411764705
531865,BBB,2014J,0.3,0.20689655172413793
531871,FFF,2014J,0.55,0.2558139534883721
531894,FFF,2013B,0.0,0.0
531896,CCC,2014J,0.35,0.4117647058823529
531905,FFF,2013B,0.2,0.1
531924,DDD,2013B,0.1,0.05
532020,CCC,2014B,0.0,0.0
532020,DDD,2013J,0.1,0.05714285714285714
532049,FFF,2013B,0.0,0.0
532050,FFF,2013B,0.1,0.08333333333333333
532114,BBB,2013J,0.05,1.0
532116,DDD,2013J,0.05,0.025
532121,FFF,2013J,0.15,0.06818181818181818
532140,BBB,2013B,0.05,0.14285714285714285
532144,DDD,2013J,0.3,0.08695652173913043
532194,DDD,2014B,0.05,0.125
532236,DDD,2014J,0.0,0.0
532254,FFF,2014J,0.1,0.044444444444444446
532267,DDD,2013B,0.05,0.2
532274,BBB,2014B,0.0,0.0
532335,BBB,2013J,0.55,0.19642857142857142
532350,CCC,2014B,0.15,0.12
532413,FFF,2014B,0.25,0.12195121951219512
532428,FFF,2013B,0.15,0.06818181818181818
532436,FFF,2013B,0.35,0.0660377358490566
532440,CCC,2014J,0.05,0.045454545454545456
532464,FFF,2013B,0.0,0.0
532477,BBB,2013J,0.0,0.0
532491,DDD,2013B,0.05,0.029411764705882353
532491,EEE,2013J,0.0,0.0
532500,BBB,2013B,0.0,0.0
532512,BBB,2013B,0.0,0.0
532531,CCC,2014B,0.25,0.35714285714285715
532531,EEE,2014B,0.0,0.0
532534,BBB,2013B,0.0,0.0
532565,CCC,2014J,0.0,0.0
532565,DDD,2013B,0.2,0.06451612903225806
532578,FFF,2013B,0.05,0.024390243902439025
532579,EEE,2014J,0.0,0.0
532579,FFF,2013B,0.65,0.1092436974789916
532589,FFF,2013B,0.2,0.06896551724137931
532608,FFF,2013B,0.3,0.05128205128205128
532615,BBB,2013J,0.1,0.10526315789473684
532617,BBB,2014B,0.0,0.0
532627,FFF,2013B,0.3,0.09523809523809523
532649,CCC,2014J,0.0,0.0
532665,BBB,2013B,0.0,0.0
532683,DDD,2013J,0.0,0.0
532695,DDD,2013B,0.2,0.07272727272727272
532715,FFF,2013B,0.05,0.01694915254237288
532718,CCC,2014B,0.0,0.0
532718,DDD,2013B,0.15,0.08823529411764706
532739,BBB,2013J,0.05,0.08333333333333333
532741,FFF,2013J,0.05,0.037037037037037035
532745,DDD,2013B,0.1,0.0392156862745098
532750,BBB,2013J,0.0,0.0
532779,BBB,2014J,0.4,0.23529411764705882
532839,BBB,2013B,0.05,0.1111111111111111
532839,BBB,2013J,0.0,0.0
532846,CCC,2014J,0.0,0.0
532846,EEE,2014J,0.0,0.0
532855,DDD,2013B,0.1,0.043478260869565216
532868,BBB,2013J,0.0,0.0
532869,BBB,2013J,0.0,0.0
532886,BBB,2013B,0.0,0.0
532941,DDD,2013J,0.0,0.0
532950,BBB,2013B,0.1,0.05555555555555555
532968,FFF,2013B,0.65,0.104
533004,CCC,2014B,0.0,0.0
533004,DDD,2013B,0.25,0.10416666666666667
533012,EEE,2013J,0.1,1.0
533016,FFF,2013B,0.0,0.0
533044,FFF,2013B,0.15,0.05454545454545454
533054,GGG,2014B,0.0,0.0
533068,AAA,2014J,0.3,0.4
533077,BBB,2014B,0.0,0.0
533091,BBB,2013J,0.0,0.0
533134,FFF,2013B,0.2,0.044444444444444446
533140,FFF,2014B,0.1,0.08
533141,FFF,2014B,0.0,0.0
533164,BBB,2013J,0.0,0.0
533172,FFF,2013B,0.15,0.05084745762711865
533198,FFF,2013B,0.05,0.3333333333333333
533198,FFF,2014B,0.0,0.0
533201,FFF,2013B,0.15,0.07692307692307693
533209,BBB,2014J,0.5,0.2631578947368421
533210,BBB,2014B,0.0,0.0
533217,FFF,2014B,0.25,0.0847457627118644
533291,DDD,2013B,0.05,0.034482758620689655
533301,BBB,2013J,0.0,0.0
533311,EEE,2013J,0.5,0.5263157894736842
533321,FFF,2013B,0.7,0.11382113821138211
533324,BBB,2013B,0.0,0.0
533347,BBB,2013B,0.05,0.07142857142857142
533348,FFF,2013B,0.0,0.0
533365,BBB,2013B,0.1,0.4
533418,FFF,2014J,0.6,0.1111111111111111
533485,FFF,2013B,0.15,0.05660377358490566
533512,CCC,2014J,0.15,0.42857142857142855
533523,FFF,2013J,0.25,0.07692307692307693
533527,BBB,2014B,0.0,0.0
533535,FFF,2013B,0.3,0.06
533545,BBB,2013B,0.0,0.0
533614,FFF,2013B,0.3,0.10909090909090909
533689,CCC,2014J,0.25,0.29411764705882354
533697,BBB,2013B,0.0,0.0
533722,BBB,2013B,0.0,0.0
533839,BBB,2013B,0.0,0.0
533874,FFF,2013B,0.05,0.041666666666666664
533877,DDD,2013B,0.55,0.1375
533929,FFF,2013B,0.25,0.04807692307692308
533975,FFF,2013J,0.3,0.08695652173913043
533988,DDD,2013J,0.3,0.08695652173913043
533997,FFF,2013B,0.1,0.2
534014,FFF,2013B,0.0,0.0
534037,FFF,2013B,0.25,0.07936507936507936
534051,BBB,2013B,0.0,0.0
534064,FFF,2013B,0.1,0.025974025974025976
534074,CCC,2014J,0.0,0.0
534086,BBB,2013B,0.05,0.1111111111111111
534093,CCC,2014J,0.0,0.0
534093,DDD,2013J,0.15,0.06521739130434782
534112,FFF,2014J,0.1,0.11764705882352941
534133,BBB,2013J,0.3,0.1875
534143,BBB,2014B,0.0,0.0
534163,BBB,2014B,0.0,0.0
534201,DDD,2014B,0.05,0.02857142857142857
534203,DDD,2013B,0.15,0.06382978723404255
534251,GGG,2013J,0.05,0.09090909090909091
534323,BBB,2013J,0.2,0.09523809523809523
534343,BBB,2013B,0.15,0.13043478260869565
534346,FFF,2013B,0.0,0.0
534349,DDD,2013B,0.0,0.0
534360,BBB,2013B,0.0,0.0
534371,EEE,2013J,0.7,0.45161290322580644
534373,BBB,2013B,0.05,0.045454545454545456
534428,BBB,2014J,0.15,0.1111111111111111
534431,FFF,2013B,0.3,0.07142857142857142
534432,BBB,2013B,0.0,0.0
534457,FFF,2014J,0.15,0.07692307692307693
534602,FFF,2013B,0.3,0.05714285714285714
534647,GGG,2013J,0.0,0.0
534652,BBB,2013B,0.15,0.1875
534672,GGG,2014J,0.05,0.0625
534698,BBB,2013B,0.1,0.06896551724137931
534709,BBB,2013B,0.25,0.23809523809523808
534715,BBB,2014J,0.0,0.0
534733,CCC,2014J,0.3,0.10714285714285714
534744,BBB,2013B,0.0,0.0
534750,FFF,2013B,0.1,0.044444444444444446
534765,BBB,2013B,0.05,0.16666666666666666
534784,FFF,2013B,0.0,0.0
534792,FFF,2013B,0.45,0.07142857142857142
534816,BBB,2013J,0.05,0.1
534854,FFF,2013B,0.15,0.17647058823529413
534856,FFF,2013B,0.15,0.06382978723404255
534884,BBB,2014J,0.0,0.0
534892,FFF,2013B,0.1,0.02702702702702703
534910,DDD,2013B,0.15,0.075
534913,FFF,2013B,0.0,0.0
534946,BBB,2013J,0.0,0.0
534952,FFF,2013B,0.15,0.046875
534958,FFF,2013B,0.15,0.03225806451612903
534983,BBB,2013B,0.0,0.0
534989,FFF,2013B,0.2,0.11428571428571428
534991,BBB,2013B,0.0,0.0
534998,BBB,2013J,0.0,0.0
535012,BBB,2013B,0.05,0.07142857142857142
535037,FFF,2013B,0.75,0.11627906976744186
535047,CCC,2014B,0.15,0.375
535077,BBB,2014B,0.0,0.0
535131,FFF,2013J,0.35,0.11666666666666667
535140,BBB,2013B,0.05,0.05
535145,BBB,2013B,0.2,0.10810810810810811
535152,BBB,2013B,0.0,0.0
535155,BBB,2013B,0.0,0.0
535161,CCC,2014J,0.0,0.0
535161,DDD,2013J,0.25,0.12195121951219512
535215,DDD,2013B,0.2,0.1
535220,DDD,2014J,0.05,0.05263157894736842
535259,CCC,2014J,0.05,0.02631578947368421
535259,EEE,2013J,0.0,0.0
535278,BBB,2013B,0.0,0.0
535328,BBB,2013B,0.0,0.0
535379,BBB,2013J,0.0,0.0
535396,BBB,2013B,0.0,0.0
535407,BBB,2013B,0.0,0.0
535424,DDD,2013B,0.35,0.17073170731707318
535460,FFF,2013B,0.0,0.0
535463,DDD,2013B,0.05,0.05555555555555555
535468,BBB,2013B,0.05,0.04
535506,BBB,2014B,0.2,0.14285714285714285
535529,FFF,2013J,0.0,0.0
535530,BBB,2013B,0.1,0.2
535548,BBB,2014B,0.05,0.125
535605,BBB,2013B,0.0,0.0
535620,DDD,2013B,0.0,0.0
535628,FFF,2013B,0.05,0.02702702702702703
535632,DDD,2013J,0.0,0.0
535648,CCC,2014J,0.2,0.2222222222222222
535662,FFF,2013B,0.2,0.05555555555555555
535671,FFF,2014J,0.0,0.0
535755,BBB,2013B,0.05,0.0625
535760,BBB,2013B,0.05,0.14285714285714285
535773,BBB,2013B,0.2,0.13333333333333333
535794,DDD,2013J,0.15,0.05454545454545454
535799,DDD,2013B,0.2,0.06349206349206349
535800,BBB,2013B,0.1,0.125
535804,FFF,2013B,0.4,0.07407407407407407
535807,BBB,2013B,0.15,0.2727272727272727
535820,BBB,2013B,0.0,0.0
535831,DDD,2013B,0.1,0.03571428571428571
535833,BBB,2013J,0.15,0.15789473684210525
535963,BBB,2014J,0.45,0.23684210526315788
535986,DDD,2013B,0.3,0.08695652173913043
535997,FFF,2014J,0.05,0.16666666666666666
536032,DDD,2013B,0.05,0.04
536038,FFF,2013B,0.05,0.09090909090909091
536046,FFF,2013B,0.1,0.15384615384615385
536103,FFF,2013B,0.05,0.08333333333333333
536112,BBB,2013B,0.1,0.13333333333333333
536125,FFF,2013B,0.1,0.03636363636363636
536147,FFF,2013B,0.0,0.0
536170,CCC,2014B,0.0,0.0
536170,DDD,2013B,0.15,0.03409090909090909
536178,FFF,2013B,0.25,0.07352941176470588
536188,BBB,2013B,0.05,0.1111111111111111
536189,BBB,2013B,0.0,0.0
536199,DDD,2013J,0.05,0.047619047619047616
536203,BBB,2013B,0.0,0.0
536205,BBB,2013B,0.0,0.0
536210,DDD,2013J,0.0,0.0
536214,FFF,2013B,0.15,0.06521739130434782
536261,CCC,2014B,0.0,0.0
536261,DDD,2013B,0.2,0.06557377049180328
536276,CCC,2014J,0.4,0.22857142857142856
536286,BBB,2014B,0.0,0.0
536296,DDD,2014J,0.05,0.03571428571428571
536318,BBB,2013J,0.0,0.0
536331,FFF,2013J,0.1,0.03508771929824561
536351,FFF,2014J,0.4,0.11428571428571428
536435,CCC,2014B,0.15,0.21428571428571427
536442,BBB,2013B,0.0,0.0
536452,BBB,2013B,0.0,0.0
536455,FFF,2013B,0.1,0.0392156862745098
536475,FFF,2014J,0.2,0.09302325581395349
536536,CCC,2014B,0.0,0.0
536536,DDD,2013B,0.2,0.13333333333333333
536556,FFF,2013B,0.1,0.028985507246376812
536591,FFF,2013B,0.25,0.09259259259259259
536593,FFF,2013B,0.15,0.025
536629,BBB,2014B,0.05,0.1111111111111111
536632,BBB,2013J,0.0,0.0
536636,FFF,2014B,0.0,0.0
536647,GGG,2013J,0.05,0.05555555555555555
536649,BBB,2013J,0.05,0.03333333333333333
536660,BBB,2013J,0.15,0.2727272727272727
536666,BBB,2013J,0.2,0.4444444444444444
536681,FFF,2013B,0.0,0.0
536696,DDD,2013B,0.0,0.0
536698,FFF,2013B,0.2,0.125
536722,BBB,2013B,0.0,0.0
536726,BBB,2013B,0.0,0.0
536767,BBB,2014J,0.05,0.16666666666666666
536805,BBB,2014B,0.05,0.14285714285714285
536843,FFF,2013B,0.05,0.07142857142857142
536852,BBB,2013J,0.0,0.0
536856,BBB,2013B,0.05,0.08333333333333333
536900,BBB,2013B,0.0,0.0
536906,FFF,2013B,0.1,0.045454545454545456
536926,DDD,2013B,0.25,0.09259259259259259
536930,FFF,2013B,0.0,0.0
536941,DDD,2014B,0.7,0.06451612903225806
536950,FFF,2013B,0.25,0.09803921568627451
536963,FFF,2014J,0.2,0.09090909090909091
536979,DDD,2013J,0.1,0.07407407407407407
536984,EEE,2014J,0.7,0.4
536992,BBB,2013J,0.05,0.058823529411764705
537077,BBB,2014B,0.0,0.0
537081,AAA,2014J,0.25,0.2777777777777778
537115,GGG,2014J,0.0,0.0
537133,FFF,2013B,0.0,0.0
537133,FFF,2013J,0.0,0.0
537138,DDD,2013B,0.1,0.044444444444444446
537139,DDD,2013B,0.15,0.05454545454545454
537162,BBB,2013B,0.0,0.0
537171,BBB,2014B,0.0,0.0
537181,GGG,2013J,0.1,0.06451612903225806
537193,BBB,2013B,0.05,0.027777777777777776
537194,BBB,2014J,0.65,0.2708333333333333
537255,BBB,2013B,0.05,0.034482758620689655
537259,BBB,2013B,0.35,0.1076923076923077
537322,CCC,2014B,0.0,0.0
537322,FFF,2014B,0.0,0.0
537322,FFF,2014J,0.6,0.2033898305084746
537328,FFF,2013J,0.15,0.04838709677419355
537342,BBB,2013B,0.2,0.13333333333333333
537373,BBB,2014B,0.25,0.4166666666666667
537414,BBB,2013B,0.0,0.0
537434,BBB,2013B,0.15,0.07317073170731707
537452,DDD,2013B,0.0,0.0
537464,BBB,2013B,0.1,0.05405405405405406
537473,BBB,2013B,0.0,0.0
537488,BBB,2013B,0.0,0.0
537515,FFF,2013B,0.2,0.06557377049180328
537558,BBB,2013B,0.1,0.15384615384615385
537572,BBB,2013B,0.0,0.0
537577,DDD,2014J,0.2,0.058823529411764705
537603,CCC,2014B,0.0,0.0
537603,DDD,2013B,0.0,0.0
537606,CCC,2014B,0.0,0.0
537606,FFF,2014J,0.0,0.0
537622,DDD,2013B,0.15,0.06521739130434782
537640,BBB,2014J,0.2,0.15384615384615385
537645,FFF,2013B,0.25,0.06329113924050633
537654,CCC,2014B,0.25,0.16666666666666666
537654,CCC,2014J,0.0,0.0
537656,FFF,2013B,0.05,0.02631578947368421
537658,DDD,2013B,0.1,0.046511627906976744
537662,GGG,2013J,0.0,0.0
537670,GGG,2013J,0.15,0.1875
537672,FFF,2013B,0.1,0.02197802197802198
537674,FFF,2013B,0.0,0.0
537679,BBB,2013B,0.05,0.05555555555555555
537683,FFF,2013B,0.0,0.0
537687,FFF,2013B,0.35,0.0660377358490566
537688,BBB,2013B,0.05,0.05555555555555555
537698,BBB,2014B,0.05,0.009259259259259259
537700,FFF,2013B,0.0,0.0
537703,FFF,2014B,0.45,0.10843373493975904
537704,BBB,2013B,0.15,0.13636363636363635
537747,DDD,2013J,0.3,0.08823529411764706
537756,DDD,2014B,0.05,0.043478260869565216
537811,CCC,2014J,0.0,0.0
537811,DDD,2013J,0.4,0.10810810810810811
537811,FFF,2014J,0.0,0.0
537844,BBB,2013B,0.0,0.0
537868,DDD,2013B,0.15,0.04918032786885246
537875,BBB,2013B,0.05,0.05
537898,BBB,2013B,0.05,0.04
537905,BBB,2013B,0.2,0.06666666666666667
537926,DDD,2013B,0.25,0.1388888888888889
537929,EEE,2013J,0.5,0.4166666666666667
537938,FFF,2014B,0.3,0.15384615384615385
537942,FFF,2013J,0.4,0.07766990291262135
537955,FFF,2013B,0.05,0.03225806451612903
537962,DDD,2013J,0.15,0.06521739130434782
537980,FFF,2013B,0.45,0.09375
537995,FFF,2013B,0.15,0.06382978723404255
538040,EEE,2013J,0.2,0.4
538045,FFF,2013B,0.05,0.03125
538069,DDD,2013B,0.0,0.0
538102,EEE,2014B,0.2,0.3333333333333333
538202,FFF,2013B,0.2,0.09302325581395349
538210,BBB,2013J,0.6,0.3
538221,BBB,2013B,0.0,0.0
538251,DDD,2013B,0.35,0.18421052631578946
538611,DDD,2013B,0.05,0.027777777777777776
538701,DDD,2013B,0.15,0.05555555555555555
538863,DDD,2013J,0.2,0.08333333333333333
538887,CCC,2014B,0.0,0.0
538887,EEE,2013J,0.55,0.44
538897,BBB,2013B,0.0,0.0
538903,DDD,2013J,0.1,0.030303030303030304
538916,FFF,2013B,0.2,0.0625
538918,GGG,2014B,0.0,0.0
538941,FFF,2013B,0.15,0.05454545454545454
538942,BBB,2013B,0.0,0.0
538949,FFF,2013B,0.2,0.08695652173913043
538987,BBB,2013B,0.0,0.0
539043,DDD,2013B,0.1,0.5
539056,BBB,2013B,0.1,0.058823529411764705
539063,EEE,2013J,0.5,0.4166666666666667
539066,DDD,2013B,0.1,0.029411764705882353
539117,FFF,2013B,0.3,0.12
539142,DDD,2013B,0.0,0.0
539186,DDD,2014B,0.0,0.0
539209,DDD,2013B,0.25,0.09090909090909091
539219,FFF,2013B,0.0,0.0
539232,BBB,2013B,0.0,0.0
539241,FFF,2013B,0.1,0.0425531914893617
539253,BBB,2013B,0.15,0.13043478260869565
539265,BBB,2013B,0.05,0.05
539303,BBB,2013B,0.0,0.0
539308,FFF,2013B,0.0,0.0
539308,FFF,2014J,0.2,0.13793103448275862
539328,CCC,2014B,0.0,0.0
539328,DDD,2013B,0.35,0.14285714285714285
539332,FFF,2013B,0.25,0.10869565217391304
539345,BBB,2013B,0.0,0.0
539359,FFF,2013B,0.25,0.056818181818181816
539364,FFF,2013B,0.15,0.05
539365,BBB,2013B,0.35,0.1346153846153846
539385,BBB,2013B,0.0,0.0
539418,BBB,2013B,0.05,0.05555555555555555
539436,GGG,2013J,0.25,0.20833333333333334
539440,FFF,2013B,0.45,0.07758620689655173
539444,FFF,2014B,0.65,0.14444444444444443
539451,CCC,2014J,0.0,0.0
539451,DDD,2014B,0.0,0.0
539497,FFF,2013B,0.1,0.034482758620689655
539514,CCC,2014B,0.0,0.0
539514,FFF,2013B,0.0,0.0
539558,BBB,2013B,0.15,0.12
539572,BBB,2013B,0.0,0.0
539622,DDD,2013B,0.2,0.06896551724137931
539635,BBB,2014J,0.5,0.2127659574468085
539643,DDD,2013B,0.05,0.03333333333333333
539675,BBB,2014B,0.0,0.0
539737,BBB,2013B,0.1,0.2
539759,FFF,2013B,0.3,0.06896551724137931
539784,CCC,2014B,0.3,0.13953488372093023
539894,BBB,2014B,0.0,0.0
539896,FFF,2013B,0.15,0.08823529411764706
539922,FFF,2013B,0.3,0.04580152671755725
539922,FFF,2014B,0.0,0.0
539945,FFF,2013J,0.0,0.0
539945,FFF,2014J,0.1,0.03333333333333333
539953,FFF,2013B,0.0,0.0
539962,BBB,2013B,0.0,0.0
539963,FFF,2013B,0.15,0.06
539971,CCC,2014B,0.05,0.09090909090909091
539990,EEE,2013J,0.25,0.5
539994,FFF,2013B,0.1,0.06896551724137931
540054,FFF,2013B,0.15,0.036585365853658534
540055,BBB,2013B,0.0,0.0
540147,FFF,2013B,0.1,0.037037037037037035
540155,FFF,2013B,0.0,0.0
540160,FFF,2013B,0.3,0.07407407407407407
540184,BBB,2013B,0.2,0.16
540207,DDD,2013B,0.2,0.09302325581395349
540209,FFF,2013B,0.2,0.06153846153846154
540219,EEE,2014J,0.8,0.6666666666666666
540224,FFF,2013B,0.2,0.07142857142857142
540249,BBB,2013J,0.4,0.2222222222222222
540293,BBB,2013J,0.05,0.05
540298,DDD,2013B,0.1,0.043478260869565216
540310,DDD,2013B,0.1,0.0392156862745098
540503,FFF,2013J,0.1,0.03571428571428571
540509,EEE,2014B,0.65,0.40625
540511,BBB,2013B,0.2,0.16
540513,BBB,2013B,0.15,0.375
540521,BBB,2013J,0.0,0.0
540530,BBB,2013B,0.0,0.0
540549,FFF,2013B,0.05,0.025
540558,BBB,2014B,0.0,0.0
540577,FFF,2013B,0.3,0.1111111111111111
540581,FFF,2013B,0.05,0.02631578947368421
540592,DDD,2013B,0.25,0.15625
540602,BBB,2013J,0.0,0.0
540605,DDD,2013B,0.2,0.06349206349206349
540607,BBB,2013B,0.05,0.05
540614,BBB,2013B,0.0,0.0
540637,FFF,2013J,0.1,0.058823529411764705
540656,BBB,2013B,0.0,0.0
540682,BBB,2013J,0.0,0.0
540686,CCC,2014B,0.0,0.0
540686,DDD,2013B,0.4,0.09523809523809523
540694,DDD,2013B,0.1,0.038461538461538464
540713,FFF,2013B,0.05,0.02857142857142857
540723,FFF,2014J,0.75,0.13636363636363635
540727,FFF,2013B,0.2,0.047619047619047616
540750,BBB,2013B,0.2,0.2
540758,DDD,2013B,0.45,0.10227272727272728
540758,DDD,2014B,0.0,0.0
540780,BBB,2013B,0.25,0.35714285714285715
540800,FFF,2013B,0.25,0.06329113924050633
540806,DDD,2013J,0.5,0.1111111111111111
540821,DDD,2014J,0.25,0.10869565217391304
540826,BBB,2013B,0.15,0.125
540848,DDD,2013B,0.4,0.1111111111111111
540947,DDD,2013J,0.3,0.0967741935483871
541000,DDD,2014B,0.25,0.09803921568627451
541003,CCC,2014B,0.0,0.0
541003,EEE,2014B,0.1,0.125
541013,BBB,2013B,0.1,0.0625
541040,EEE,2013J,0.4,0.36363636363636365
541044,GGG,2014B,0.0,0.0
541073,BBB,2013B,0.0,0.0
541101,FFF,2013B,0.15,0.13043478260869565
541108,DDD,2013J,0.25,0.07936507936507936
541113,BBB,2013B,0.0,0.0
541171,BBB,2013J,0.0,0.0
541171,BBB,2014J,0.0,0.0
541174,EEE,2013J,0.35,0.4117647058823529
541202,DDD,2013B,0.0,0.0
541228,DDD,2013B,0.0,0.0
541231,BBB,2013B,0.0,0.0
541232,BBB,2013B,0.0,0.0
541252,GGG,2013J,0.05,0.06666666666666667
541274,BBB,2013J,0.2,0.2222222222222222
541315,BBB,2014J,0.2,0.2222222222222222
541349,FFF,2013B,0.2,0.04395604395604396
541363,BBB,2013B,0.0,0.0
541418,FFF,2013B,0.15,0.05
541476,BBB,2014J,0.6,0.26666666666666666
541482,CCC,2014J,0.4,0.2857142857142857
541482,DDD,2013J,0.0,0.0
541521,FFF,2013B,0.3,0.12
541523,BBB,2013B,0.3,0.3
541531,CCC,2014J,0.25,0.10869565217391304
541532,FFF,2014J,0.3,0.2222222222222222
541538,CCC,2014J,0.35,0.1590909090909091
541579,FFF,2013B,0.15,0.047619047619047616
541586,BBB,2013J,0.25,0.2777777777777778
541697,BBB,2013B,0.05,0.07142857142857142
541702,BBB,2013J,0.05,0.14285714285714285
541706,BBB,2013B,0.0,0.0
541708,CCC,2014J,0.35,0.0875
541753,FFF,2013B,0.15,0.06818181818181818
541763,BBB,2013B,0.1,0.3333333333333333
541764,BBB,2013B,0.0,0.0
541765,DDD,2014B,0.35,0.125
541768,FFF,2013J,0.25,0.07936507936507936
541769,BBB,2014B,0.05,0.0625
541774,GGG,2014J,0.05,0.5
541781,FFF,2013B,0.15,0.05084745762711865
541783,FFF,2013J,0.0,0.0
541794,BBB,2013B,0.15,0.13636363636363635
541803,BBB,2013B,0.25,0.5555555555555556
541808,BBB,2013B,0.0,0.0
541822,BBB,2013B,0.05,0.07692307692307693
541832,BBB,2013B,0.2,0.18181818181818182
541890,GGG,2014B,0.1,0.11764705882352941
541921,FFF,2014J,0.6,0.15789473684210525
541923,FFF,2013B,0.0,0.0
541973,BBB,2013B,0.05,0.25
541977,DDD,2013B,0.0,0.0
542003,FFF,2013B,0.05,0.03125
542010,BBB,2013B,0.0,0.0
542020,FFF,2013B,0.2,0.0851063829787234
542026,FFF,2013B,0.15,0.05454545454545454
542036,DDD,2013B,0.0,0.0
542049,DDD,2013B,0.2,0.06153846153846154
542050,CCC,2014B,0.0,0.0
542050,EEE,2014B,0.55,0.4583333333333333
542054,CCC,2014J,0.0,0.0
542054,DDD,2013B,0.25,0.09259259259259259
542084,BBB,2013B,0.0,0.0
542100,FFF,2013B,0.15,0.04285714285714286
542115,BBB,2013B,0.0,0.0
542164,BBB,2014J,0.35,0.16279069767441862
542167,CCC,2014J,0.2,0.2
542180,DDD,2013J,0.1,0.03125
542202,FFF,2014J,0.4,0.12698412698412698
542205,DDD,2013B,0.2,0.057971014492753624
542259,BBB,2013B,0.0,0.0
542260,BBB,2013B,0.0,0.0
542279,EEE,2014J,0.7,0.5833333333333334
542287,FFF,2014B,0.1,0.047619047619047616
542291,BBB,2013B,0.15,0.3
542293,DDD,2013B,0.3,0.0759493670886076
542296,BBB,2013J,0.0,0.0
542356,FFF,2013B,0.0,0.0
542372,DDD,2013B,0.05,0.05555555555555555
542386,FFF,2013B,0.1,0.04081632653061224
542466,BBB,2014B,0.0,0.0
542476,DDD,2013B,0.15,0.1111111111111111
542506,FFF,2013B,0.55,0.13253012048192772
542524,EEE,2014B,0.55,0.4782608695652174
542536,FFF,2013B,0.2,0.08888888888888889
542547,BBB,2014B,0.0,0.0
542550,FFF,2013B,0.05,0.043478260869565216
542550,FFF,2013J,0.0,0.0
542557,CCC,2014J,0.0,0.0
542557,FFF,2014B,0.8,0.128
542558,DDD,2013J,0.35,0.11864406779661017
542562,GGG,2014B,0.3,0.24
542574,BBB,2013J,0.2,0.13333333333333333
542613,BBB,2013B,0.05,0.03333333333333333
542635,FFF,2013B,0.25,0.08196721311475409
542646,FFF,2013B,0.35,0.125
542653,FFF,2013B,0.15,0.06976744186046512
542657,FFF,2013B,0.1,0.05128205128205128
542663,BBB,2013B,0.0,0.0
542707,BBB,2013J,0.05,0.03125
542745,BBB,2013B,0.0,0.0
542748,BBB,2013B,0.15,0.1
542987,FFF,2013B,0.4,0.07142857142857142
542991,BBB,2013B,0.0,0.0
543010,FFF,2013B,0.7,0.12962962962962962
543010,FFF,2014J,0.0,0.0
543019,FFF,2013B,0.4,0.061068702290076333
543060,DDD,2013B,0.2,0.05714285714285714
543113,FFF,2013B,0.25,0.1
543124,BBB,2013B,0.25,0.11363636363636363
543140,BBB,2013B,0.05,0.1
543165,BBB,2013B,0.0,0.0
543170,CCC,2014B,0.1,0.10526315789473684
543180,BBB,2013B,0.0,0.0
543202,DDD,2013B,0.25,0.06666666666666667
543279,BBB,2013J,0.0,0.0
543340,DDD,2013B,0.15,0.043478260869565216
543351,BBB,2013B,0.0,0.0
543356,BBB,2013B,0.0,0.0
543384,FFF,2013B,0.2,0.08888888888888889
543415,FFF,2013B,0.2,0.05063291139240506
543417,CCC,2014B,0.0,0.0
543417,EEE,2013J,0.0,0.0
543418,BBB,2013J,0.05,1.0
543428,BBB,2013J,0.85,0.21518987341772153
543432,FFF,2014J,0.1,0.25
543436,FFF,2013B,0.1,0.05714285714285714
543439,BBB,2014J,0.4,0.3076923076923077
543447,FFF,2013B,0.2,0.07547169811320754
543459,DDD,2013B,0.05,0.020833333333333332
543473,BBB,2013B,0.25,0.3125
543474,EEE,2013J,0.25,0.45454545454545453
543475,CCC,2014B,0.25,0.10416666666666667
543475,EEE,2014B,0.0,0.0
543478,DDD,2014J,0.0,0.0
543481,DDD,2013J,0.15,0.058823529411764705
543510,DDD,2013B,0.05,0.03571428571428571
543533,BBB,2013B,0.05,0.0625
543536,FFF,2013B,0.1,0.07407407407407407
543573,DDD,2013B,0.0,0.0
543599,FFF,2013B,0.05,0.01694915254237288
543607,FFF,2013J,0.2,0.09090909090909091
543630,BBB,2013B,0.0,0.0
543643,FFF,2013B,0.15,0.07692307692307693
543648,DDD,2013J,0.35,0.07777777777777778
543678,CCC,2014B,0.2,0.14814814814814814
543686,FFF,2014B,0.6,0.15384615384615385
543719,BBB,2013B,0.1,0.15384615384615385
543723,DDD,2013J,0.15,0.06818181818181818
543749,DDD,2013B,0.0,0.0
543756,DDD,2013B,0.0,0.0
543763,FFF,2013J,0.05,0.034482758620689655
543785,FFF,2013B,0.1,0.047619047619047616
543788,CCC,2014J,0.0,0.0
543788,DDD,2013J,0.05,0.014705882352941176
543789,DDD,2014B,0.35,0.08333333333333333
543798,FFF,2013B,0.2,0.09523809523809523
543825,DDD,2013J,0.25,0.11904761904761904
543853,BBB,2013B,0.0,0.0
543860,DDD,2013B,0.15,0.07142857142857142
543910,GGG,2014B,0.05,0.05263157894736842
543919,DDD,2013B,0.15,0.06818181818181818
543926,BBB,2013B,0.0,0.0
543931,EEE,2014J,0.75,0.4166666666666667
543948,CCC,2014B,0.0,0.0
543948,EEE,2014B,0.6,0.48
543953,FFF,2013J,0.65,0.11926605504587157
543970,BBB,2013B,0.0,0.0
544017,BBB,2013B,0.0,0.0
544021,FFF,2013J,0.0,0.0
544052,CCC,2014J,0.0,0.0
544052,EEE,2014B,0.35,0.4117647058823529
544053,DDD,2013B,0.3,0.11538461538461539
544055,FFF,2013B,0.2,0.06557377049180328
544063,DDD,2013B,0.0,0.0
544090,CCC,2014B,0.0,0.0
544090,FFF,2013J,0.3,0.09375
544091,DDD,2013B,0.5,0.12195121951219512
544092,FFF,2013J,0.25,0.10204081632653061
544098,FFF,2013B,0.0,0.0
544103,AAA,2013J,0.65,0.35135135135135137
544108,FFF,2014B,0.0,0.0
544122,BBB,2013J,0.0,0.0
544140,FFF,2014B,0.0,0.0
544173,FFF,2013B,0.65,0.09420289855072464
544186,BBB,2013B,0.0,0.0
544195,FFF,2013B,0.0,0.0
544207,FFF,2013J,0.3,0.09523809523809523
544212,FFF,2013B,0.2,0.08163265306122448
544226,DDD,2013B,0.0,0.0
544249,FFF,2013B,0.05,0.017543859649122806
544253,AAA,2014J,0.7,0.42424242424242425
544267,CCC,2014J,0.2,0.07547169811320754
544271,FFF,2014B,0.2,0.09302325581395349
544284,DDD,2013B,0.3,0.13636363636363635
544289,FFF,2013J,0.1,0.08
544295,FFF,2013B,0.15,0.039473684210526314
544307,DDD,2013B,0.4,0.08247422680412371
544313,FFF,2013B,0.15,0.057692307692307696
544351,BBB,2013B,0.0,0.0
544383,EEE,2013J,0.55,0.4782608695652174
544455,BBB,2013B,0.0,0.0
544467,DDD,2013B,0.25,0.1111111111111111
544479,FFF,2013B,0.15,0.038461538461538464
544490,CCC,2014B,0.3,0.24
544500,BBB,2013B,0.0,0.0
544519,BBB,2013B,0.05,0.125
544530,FFF,2013B,0.2,0.05333333333333334
544532,BBB,2013B,0.0,0.0
544543,FFF,2013B,0.1,0.034482758620689655
544576,DDD,2013J,0.25,0.078125
544587,DDD,2014B,0.1,0.043478260869565216
544593,FFF,2014B,0.3,0.1016949152542373
544594,CCC,2014B,0.0,0.0
544594,DDD,2013J,0.3,0.125
544603,DDD,2013B,0.15,0.075
544612,DDD,2014J,0.0,0.0
544615,GGG,2013J,0.0,0.0
544627,BBB,2013B,0.0,0.0
544632,BBB,2013B,0.1,0.18181818181818182
544639,BBB,2013B,0.05,0.25
544642,BBB,2013B,0.1,0.10526315789473684
544649,DDD,2013J,0.0,0.0
544649,DDD,2014J,0.0,0.0
544720,CCC,2014J,0.0,0.0
544741,BBB,2013B,0.0,0.0
544745,FFF,2013J,0.0,0.0
544745,FFF,2014J,0.0,0.0
544791,EEE,2013J,0.45,0.391304347826087
544839,CCC,2014B,0.0,0.0
544839,DDD,2013B,0.25,0.0847457627118644
544847,FFF,2013B,0.1,0.045454545454545456
544848,BBB,2013B,0.05,0.058823529411764705
544850,FFF,2013B,0.4,0.10126582278481013
544859,BBB,2013B,0.0,0.0
544881,BBB,2013B,0.0,0.0
544890,BBB,2013B,0.0,0.0
544894,FFF,2013B,0.25,0.08771929824561403
544898,GGG,2013J,0.0,0.0
544907,DDD,2013B,0.2,0.16666666666666666
544930,FFF,2013B,0.05,0.14285714285714285
544963,FFF,2013B,0.1,0.045454545454545456
544978,BBB,2013B,0.0,0.0
544982,DDD,2013J,0.4,0.10526315789473684
544989,BBB,2013B,0.0,0.0
544991,FFF,2013B,0.05,0.023255813953488372
545041,BBB,2013B,0.0,0.0
545045,CCC,2014B,0.05,1.0
545048,FFF,2013B,0.1,0.03636363636363636
545080,FFF,2013B,0.1,0.09090909090909091
545083,DDD,2013B,0.0,0.0
545093,DDD,2013J,0.25,0.07462686567164178
545118,CCC,2014J,0.0,0.0
545118,DDD,2013B,0.2,0.0975609756097561
545119,FFF,2014B,0.15,0.08108108108108109
545146,BBB,2014B,0.0,0.0
545164,FFF,2014J,0.4,0.12903225806451613
545191,BBB,2013B,0.15,0.16666666666666666
545196,BBB,2014B,0.05,0.03225806451612903
545200,BBB,2013J,0.0,0.0
545211,DDD,2013J,0.45,0.10843373493975904
545223,BBB,2013B,0.15,0.11538461538461539
545223,BBB,2014B,0.0,0.0
545229,FFF,2013B,0.15,0.06521739130434782
545245,DDD,2013B,0.25,0.07246376811594203
545254,BBB,2014B,0.35,0.2692307692307692
545255,CCC,2014J,0.0,0.0
545255,DDD,2013J,0.2,0.12903225806451613
545298,BBB,2013J,0.05,0.1111111111111111
545313,GGG,2013J,0.05,0.1111111111111111
545377,FFF,2013B,0.0,0.0
545379,FFF,2013B,0.25,0.06578947368421052
545387,DDD,2013B,0.05,0.058823529411764705
545392,BBB,2013B,0.0,0.0
545443,BBB,2013J,0.0,0.0
545462,BBB,2013J,0.0,0.0
545480,BBB,2013B,0.05,0.2
545493,EEE,2014J,0.75,0.6
545637,FFF,2014B,0.1,0.04
545658,BBB,2013B,0.05,0.058823529411764705
545665,GGG,2014B,0.0,0.0
545693,FFF,2013B,0.0,0.0
545697,BBB,2013B,0.15,0.2727272727272727
545702,BBB,2013B,0.0,0.0
545704,CCC,2014J,0.0,0.0
545704,DDD,2013B,0.0,0.0
545720,FFF,2013B,0.05,0.03225806451612903
545725,BBB,2013B,0.15,0.2727272727272727
545740,CCC,2014B,0.0,0.0
545740,EEE,2013J,0.65,0.38235294117647056
545741,FFF,2014B,0.25,0.1388888888888889
545747,CCC,2014B,0.05,0.025
545751,FFF,2013B,0.05,0.03571428571428571
545752,DDD,2014J,0.0,0.0
545758,EEE,2013J,0.35,0.4666666666666667
545769,DDD,2013J,0.15,0.04918032786885246
545785,GGG,2013J,0.1,0.1
545791,FFF,2013B,0.0,0.0
545803,BBB,2013B,0.0,0.0
545909,FFF,2013B,0.1,0.03225806451612903
545916,FFF,2013J,0.25,0.10416666666666667
545918,FFF,2013B,0.0,0.0
545962,FFF,2014J,0.5,0.136986301369863
545964,BBB,2014J,0.4,0.26666666666666666
545991,DDD,2013J,0.0,0.0
545993,DDD,2013B,0.0,0.0
546025,DDD,2014B,0.0,0.0
546040,DDD,2014B,0.0,0.0
546052,BBB,2013B,0.05,0.0625
546054,DDD,2013B,0.15,0.057692307692307696
546065,FFF,2013J,0.2,0.07017543859649122
546071,FFF,2014B,0.3,0.09090909090909091
546074,DDD,2013B,0.15,0.058823529411764705
546089,DDD,2013B,0.15,0.08108108108108109
546097,GGG,2013J,0.05,0.043478260869565216
546139,CCC,2014J,0.0,0.0
546157,BBB,2013B,0.1,0.2857142857142857
546191,DDD,2013B,0.05,0.058823529411764705
546192,GGG,2013J,0.05,0.041666666666666664
546196,BBB,2013J,0.25,0.17857142857142858
546202,BBB,2013B,0.05,0.5
546202,BBB,2014B,0.15,0.25
546215,FFF,2013B,0.15,0.0375
546221,DDD,2013B,0.2,0.08
546250,BBB,2014J,0.15,0.125
546262,FFF,2013B,0.05,0.07692307692307693
546286,GGG,2014J,0.4,0.27586206896551724
546299,DDD,2014J,0.05,0.037037037037037035
546322,BBB,2013B,0.0,0.0
546329,FFF,2013B,0.1,0.047619047619047616
546348,FFF,2013B,0.35,0.09333333333333334
546403,DDD,2014B,0.05,0.14285714285714285
546407,BBB,2013B,0.25,0.20833333333333334
546412,FFF,2013B,0.2,0.125
546428,BBB,2013B,0.15,0.16666666666666666
546439,FFF,2013B,0.0,0.0
546457,GGG,2013J,0.05,0.043478260869565216
546464,FFF,2013B,0.5,0.07936507936507936
546480,FFF,2013J,0.3,0.07894736842105263
546500,BBB,2013B,0.05,0.09090909090909091
546533,BBB,2013B,0.1,0.08
546547,FFF,2013J,0.0,0.0
546547,FFF,2014J,0.55,0.12643678160919541
546563,FFF,2013B,0.0,0.0
546583,FFF,2013B,0.2,0.04395604395604396
546584,DDD,2014B,0.55,0.11827956989247312
546604,EEE,2013J,0.45,0.42857142857142855
546609,BBB,2013B,0.1,0.15384615384615385
546627,FFF,2014B,0.35,0.12280701754385964
546632,BBB,2013B,0.1,0.06896551724137931
546634,CCC,2014J,0.0,0.0
546643,FFF,2013J,0.0,0.0
546645,FFF,2014J,0.2,0.07407407407407407
546654,CCC,2014J,0.0,0.0
546654,DDD,2014B,0.1,0.07692307692307693
546675,CCC,2014B,0.0,0.0
546675,DDD,2013B,0.15,0.07317073170731707
546682,FFF,2013B,0.35,0.07608695652173914
546685,BBB,2013B,0.15,0.13636363636363635
546722,DDD,2013J,0.35,0.07
546724,GGG,2014J,0.1,0.10526315789473684
546749,BBB,2013B,0.15,0.08571428571428572
546773,DDD,2014J,0.0,0.0
546780,FFF,2013B,0.0,0.0
546804,DDD,2013B,0.05,0.02857142857142857
546811,BBB,2013B,0.0,0.0
546826,DDD,2013B,0.15,0.046875
546830,DDD,2013B,0.1,0.08695652173913043
546837,BBB,2013B,0.05,0.05
546843,BBB,2013B,0.0,0.0
546852,DDD,2013J,0.15,0.058823529411764705
546862,DDD,2013B,0.45,0.125
546868,FFF,2013B,0.0,0.0
546909,BBB,2013B,0.0,0.0
546912,FFF,2013B,0.15,0.06666666666666667
546921,BBB,2013B,0.2,0.08333333333333333
546925,FFF,2013B,0.4,0.08421052631578947
546932,FFF,2013B,0.15,0.07894736842105263
546934,FFF,2013J,0.4,0.15384615384615385
546941,BBB,2013J,0.05,0.08333333333333333
546953,DDD,2013B,0.25,0.078125
546958,BBB,2013B,0.0,0.0
546961,FFF,2014B,0.15,0.07692307692307693
547014,FFF,2013B,0.55,0.08870967741935484
547128,FFF,2013B,0.0,0.0
547128,FFF,2014B,0.0,0.0
547153,CCC,2014J,0.0,0.0
547153,EEE,2014J,0.3,0.5
547154,FFF,2013J,0.15,0.06521739130434782
547155,GGG,2014B,0.05,0.0625
547173,EEE,2013J,0.4,0.47058823529411764
547192,BBB,2013B,0.1,0.1
547228,FFF,2013B,0.25,0.08771929824561403
547259,BBB,2013B,0.25,0.1724137931034483
547287,CCC,2014B,0.2,0.11428571428571428
547311,BBB,2013J,0.5,0.3125
547332,CCC,2014B,0.15,0.125
547347,FFF,2014J,0.25,0.07936507936507936
547349,DDD,2013B,0.9,0.0962566844919786
547390,BBB,2013B,0.1,0.6666666666666666
547393,FFF,2013J,0.05,0.024390243902439025
547399,FFF,2013B,0.15,0.05454545454545454
547400,FFF,2013B,0.25,0.11904761904761904
547403,BBB,2013B,0.0,0.0
547408,BBB,2014J,0.25,0.2
547413,CCC,2014B,0.0,0.0
547413,FFF,2014B,0.0,0.0
547424,EEE,2013J,0.8,0.5161290322580645
547427,BBB,2013B,0.0,0.0
547445,DDD,2013B,0.1,0.041666666666666664
547448,DDD,2013J,0.15,0.05555555555555555
547466,BBB,2013B,0.0,0.0
547486,DDD,2013B,0.05,0.16666666666666666
547487,BBB,2014B,0.0,0.0
547506,FFF,2014B,0.05,0.03225806451612903
547556,BBB,2014B,0.25,0.25
547571,CCC,2014B,0.0,0.0
547581,FFF,2013B,0.45,0.09278350515463918
547584,DDD,2013J,0.0,0.0
547612,CCC,2014J,0.55,0.3333333333333333
547629,DDD,2013B,0.3,0.125
547629,DDD,2014B,0.0,0.0
547679,DDD,2013B,0.1,0.08
547680,FFF,2014B,0.8,0.1523809523809524
547689,BBB,2013B,0.0,0.0
547690,BBB,2013B,0.0,0.0
547697,BBB,2013B,0.0,0.0
547718,BBB,2013J,0.1,0.4
547737,DDD,2013J,0.25,0.078125
547757,BBB,2013B,0.0,0.0
547773,FFF,2013J,0.25,0.10869565217391304
547784,DDD,2013B,0.0,0.0
547784,DDD,2013J,0.0,0.0
547786,DDD,2014B,0.05,0.5
547788,BBB,2014J,0.55,0.275
547841,BBB,2013B,0.0,0.0
547873,BBB,2013B,0.15,0.1875
547884,FFF,2013B,0.05,0.041666666666666664
547884,FFF,2014B,0.0,0.0
547892,BBB,2013B,0.0,0.0
547902,BBB,2013B,0.0,0.0
547903,BBB,2013B,0.1,0.125
547953,FFF,2013B,0.15,0.1
547986,DDD,2013B,0.1,0.11764705882352941
548027,DDD,2013J,0.1,0.029850746268656716
548057,FFF,2013B,0.15,0.07142857142857142
548069,DDD,2013B,0.55,0.12087912087912088
548087,FFF,2013B,0.15,0.0625
548090,BBB,2013B,0.25,0.16129032258064516
548095,FFF,2013B,0.25,0.07462686567164178
548099,FFF,2013B,0.25,0.045454545454545456
548106,BBB,2013B,0.05,0.3333333333333333
548120,AAA,2014J,0.5,0.30303030303030304
548124,BBB,2013B,0.1,0.13333333333333333
548173,DDD,2013J,0.0,0.0
548190,GGG,2013J,0.35,0.21212121212121213
548197,BBB,2013J,0.2,0.12903225806451613
548219,FFF,2013B,0.15,0.0379746835443038
548241,BBB,2013B,0.0,0.0
548255,BBB,2013B,0.1,0.08
548261,CCC,2014B,0.0,0.0
548261,EEE,2014B,0.0,0.0
548267,DDD,2013B,0.3,0.08571428571428572
548271,DDD,2013B,0.1,0.046511627906976744
548275,BBB,2013B,0.0,0.0
548292,DDD,2014B,0.85,0.18478260869565216
548301,DDD,2013J,0.2,0.06666666666666667
548312,FFF,2013B,0.25,0.043478260869565216
548334,BBB,2013B,0.0,0.0
548352,FFF,2013B,0.25,0.07462686567164178
548386,CCC,2014B,0.0,0.0
548388,GGG,2013J,0.0,0.0
548424,FFF,2014B,0.6,0.13636363636363635
548439,BBB,2013B,0.0,0.0
548445,BBB,2014B,0.0,0.0
548459,FFF,2013B,0.3,0.09375
548473,DDD,2013B,0.05,0.04
548488,BBB,2013B,0.0,0.0
548500,DDD,2014B,0.0,0.0
548504,BBB,2013B,0.0,0.0
548508,FFF,2013J,0.2,0.08888888888888889
548509,CCC,2014B,0.15,0.07317073170731707
548521,FFF,2013B,0.2,0.044444444444444446
548535,DDD,2013B,0.05,0.023809523809523808
548547,FFF,2013B,0.05,0.05263157894736842
548547,FFF,2013J,0.0,0.0
548573,FFF,2013B,0.1,0.2857142857142857
548585,BBB,2013B,0.05,0.5
548602,CCC,2014B,0.0,0.0
548602,DDD,2013B,0.05,0.03225806451612903
548617,BBB,2013B,0.1,0.08
548642,BBB,2013B,0.0,0.0
548666,FFF,2013J,0.35,0.13725490196078433
548677,CCC,2014B,0.0,0.0
548677,DDD,2013B,0.3,0.07142857142857142
548714,BBB,2013B,0.0,0.0
548722,FFF,2013J,0.2,0.0975609756097561
548741,FFF,2013B,0.0,0.0
548744,BBB,2013B,0.05,0.05
548759,FFF,2013B,0.55,0.09243697478991597
548764,CCC,2014B,0.15,0.1
548764,FFF,2013B,0.0,0.0
548791,BBB,2013B,0.05,0.05263157894736842
548807,EEE,2014J,0.75,0.6521739130434783
548825,DDD,2013J,0.0,0.0
548834,BBB,2013B,0.05,0.03571428571428571
548838,BBB,2013B,0.1,0.07407407407407407
548839,BBB,2013B,0.0,0.0
548843,BBB,2013B,0.15,0.06521739130434782
548854,CCC,2014B,0.2,0.11428571428571428
548857,FFF,2013B,0.25,0.09433962264150944
548861,EEE,2013J,0.6,0.42857142857142855
548869,DDD,2013B,0.0,0.0
548871,BBB,2013B,0.0,0.0
548884,BBB,2013B,0.0,0.0
548885,BBB,2013B,0.0,0.0
548899,BBB,2013J,0.05,0.05263157894736842
548921,BBB,2013B,0.0,0.0
548926,CCC,2014J,0.0,0.0
548926,FFF,2013B,0.0,0.0
548926,FFF,2014B,0.0,0.0
548935,BBB,2013B,0.0,0.0
548954,BBB,2013B,0.15,0.6
548959,DDD,2013B,0.05,0.05263157894736842
548969,FFF,2013B,0.0,0.0
548981,BBB,2013B,0.0,0.0
548992,EEE,2014B,0.0,0.0
548994,EEE,2013J,0.45,0.391304347826087
548996,DDD,2013B,0.15,0.05357142857142857
549009,BBB,2013B,0.0,0.0
549014,FFF,2013B,0.0,0.0
549032,DDD,2013J,0.1,0.05263157894736842
549038,DDD,2013B,0.1,0.03389830508474576
549047,BBB,2013B,0.05,0.1111111111111111
549056,FFF,2013B,0.1,0.15384615384615385
549065,FFF,2013B,0.3,0.05454545454545454
549078,BBB,2013B,0.1,0.09090909090909091
549078,BBB,2014B,0.0,0.0
549093,FFF,2013B,0.0,0.0
549095,DDD,2013B,0.15,0.1
549113,DDD,2013J,0.0,0.0
549125,DDD,2013B,0.25,0.11627906976744186
549129,BBB,2013J,0.0,0.0
549135,DDD,2013B,0.1,0.05128205128205128
549158,BBB,2013B,0.0,0.0
549190,BBB,2014B,0.0,0.0
549196,BBB,2013B,0.15,0.12
549219,FFF,2014J,0.5,0.1724137931034483
549226,BBB,2013J,0.05,0.1
549239,FFF,2013B,0.25,0.08064516129032258
549261,BBB,2013B,0.3,0.35294117647058826
549262,EEE,2013J,0.55,0.4074074074074074
549283,DDD,2013B,0.05,0.02702702702702703
549300,FFF,2013J,0.25,0.05102040816326531
549321,FFF,2014J,0.6,0.10619469026548672
549337,DDD,2013J,0.0,0.0
549343,FFF,2013B,0.4,0.08421052631578947
549361,DDD,2013B,0.1,0.13333333333333333
549369,FFF,2013B,0.2,0.05333333333333334
549370,FFF,2013B,0.3,0.125
549391,BBB,2013B,0.0,0.0
549397,FFF,2013J,0.55,0.09482758620689655
549420,FFF,2013B,0.55,0.07971014492753623
549424,DDD,2013B,0.05,0.03125
549439,CCC,2014J,0.35,0.14285714285714285
549445,BBB,2013J,0.05,0.04
549504,FFF,2013B,0.0,0.0
549517,FFF,2013B,0.25,0.060240963855421686
549537,FFF,2013B,0.15,0.05660377358490566
549545,DDD,2013B,0.15,0.04477611940298507
549568,BBB,2013B,0.25,0.1111111111111111
549586,BBB,2013J,0.05,0.05555555555555555
549596,FFF,2013B,0.05,0.021739130434782608
549601,DDD,2013J,0.2,0.09302325581395349
549626,DDD,2014J,0.0,0.0
549626,FFF,2013B,0.15,0.03571428571428571
549636,CCC,2014B,0.2,0.2222222222222222
549648,FFF,2013J,0.35,0.10294117647058823
549651,BBB,2013B,0.0,0.0
549681,EEE,2013J,0.6,0.42857142857142855
549684,DDD,2013B,0.25,0.06097560975609756
549687,CCC,2014J,0.2,0.12903225806451613
549690,DDD,2013B,0.05,0.029411764705882353
549698,DDD,2013B,0.15,0.07142857142857142
549706,CCC,2014J,0.0,0.0
549706,FFF,2013B,0.25,0.05263157894736842
549710,DDD,2013B,0.05,0.030303030303030304
549731,DDD,2013B,0.2,0.07272727272727272
549732,BBB,2013B,0.0,0.0
549745,BBB,2013J,0.0,0.0
549751,FFF,2013B,0.05,0.03225806451612903
549754,BBB,2013B,0.15,0.1875
549769,CCC,2014J,0.0,0.0
549775,BBB,2014J,0.7,0.3181818181818182
549783,CCC,2014J,0.0,0.0
549783,DDD,2013B,0.25,0.06756756756756757
549790,FFF,2013B,0.2,0.11764705882352941
549792,FFF,2013B,0.0,0.0
549792,FFF,2014B,0.0,0.0
549795,DDD,2013B,0.4,0.10526315789473684
549825,FFF,2013B,0.15,0.07317073170731707
549847,FFF,2014J,0.55,0.1134020618556701
549862,BBB,2013B,0.05,0.07692307692307693
549872,DDD,2013B,0.05,0.037037037037037035
549873,BBB,2013B,0.05,0.07692307692307693
549887,GGG,2013J,0.3,0.1935483870967742
549888,CCC,2014J,0.2,0.2222222222222222
549897,DDD,2013B,0.6,0.0975609756097561
549898,FFF,2013B,0.05,0.029411764705882353
549907,BBB,2013B,0.0,0.0
549909,GGG,2013J,0.3,0.24
549913,DDD,2013B,0.05,0.043478260869565216
549918,BBB,2013J,0.05,0.06666666666666667
549922,EEE,2014J,0.75,0.6521739130434783
549928,CCC,2014B,0.0,0.0
549928,DDD,2013B,0.0,0.0
549951,CCC,2014B,0.1,0.05714285714285714
549960,EEE,2013J,0.65,0.48148148148148145
549973,GGG,2013J,0.0,0.0
550025,EEE,2013J,0.55,0.4074074074074074
550026,FFF,2013B,0.1,0.046511627906976744
550038,FFF,2014B,0.1,0.045454545454545456
550046,DDD,2014B,0.05,0.022727272727272728
550064,DDD,2013B,0.1,0.07407407407407407
550077,BBB,2013B,0.15,0.08108108108108109
550081,BBB,2014J,0.0,0.0
550092,CCC,2014B,0.0,0.0
550092,DDD,2013B,0.25,0.1
550097,FFF,2014B,0.05,0.020833333333333332
550098,BBB,2013B,0.25,0.1282051282051282
550123,FFF,2013B,0.1,0.05128205128205128
550142,DDD,2013B,0.05,0.09090909090909091
550142,DDD,2013J,0.0,0.0
550197,EEE,2014B,0.1,0.18181818181818182
550209,BBB,2013B,0.1,0.10526315789473684
550245,BBB,2014J,0.0,0.0
550269,BBB,2014B,0.15,0.5
550272,FFF,2013B,0.25,0.07692307692307693
550287,FFF,2013B,0.55,0.1
550322,BBB,2013B,0.0,0.0
550331,DDD,2013J,0.2,0.07272727272727272
550342,BBB,2013B,0.5,0.2777777777777778
550348,DDD,2013B,0.0,0.0
550354,BBB,2013B,0.2,0.14814814814814814
550357,EEE,2014B,0.5,0.5
550358,DDD,2014J,0.0,0.0
550380,DDD,2014J,0.0,0.0
550381,BBB,2013B,0.1,0.10526315789473684
550383,AAA,2013J,0.2,0.3076923076923077
550393,CCC,2014J,0.0,0.0
550393,EEE,2013J,0.4,0.47058823529411764
550400,BBB,2013B,0.1,0.09090909090909091
550403,BBB,2013B,0.05,0.05
550412,BBB,2013J,0.0,0.0
550420,FFF,2014J,0.6,0.16901408450704225
550429,BBB,2013B,0.15,0.25
550435,FFF,2013B,0.3,0.08571428571428572
550470,FFF,2013B,0.3,0.061224489795918366
550495,FFF,2013B,0.25,0.06493506493506493
550515,GGG,2014B,0.15,0.16666666666666666
550520,BBB,2013B,0.15,0.2
550545,CCC,2014B,0.0,0.0
550545,CCC,2014J,0.0,0.0
550545,DDD,2013B,0.15,0.05172413793103448
550549,BBB,2013B,0.0,0.0
550556,FFF,2013J,0.35,0.1891891891891892
550573,EEE,2014J,0.6,0.5714285714285714
550597,BBB,2013B,0.05,0.1
550604,DDD,2013B,0.4,0.09876543209876543
550613,BBB,2013B,0.2,0.11764705882352941
550638,DDD,2014B,0.2,0.25
550651,FFF,2013B,0.15,0.05555555555555555
550662,GGG,2014B,0.0,0.0
550668,BBB,2013B,0.0,0.0
550702,CCC,2014J,0.5,0.21739130434782608
550703,FFF,2014J,0.9,0.1258741258741259
550707,BBB,2013B,0.15,0.0967741935483871
550708,BBB,2013B,0.0,0.0
550711,DDD,2013B,0.0,0.0
550725,DDD,2013B,0.15,0.07692307692307693
550736,FFF,2013B,0.55,0.1111111111111111
550758,GGG,2014B,0.3,0.25
550762,DDD,2013B,0.05,0.02702702702702703
550763,FFF,2013B,0.5,0.10416666666666667
550787,FFF,2013B,0.45,0.13432835820895522
550792,FFF,2013B,0.3,0.06315789473684211
550797,FFF,2013B,0.15,0.05084745762711865
550802,FFF,2013B,0.15,0.06
550812,CCC,2014B,0.0,0.0
550812,EEE,2014B,0.35,0.4666666666666667
550813,FFF,2013B,0.1,0.05263157894736842
550814,CCC,2014J,0.0,0.0
550814,DDD,2013J,0.2,0.14814814814814814
550853,FFF,2013B,0.15,0.028037383177570093
550865,DDD,2013B,0.25,0.06666666666666667
550866,FFF,2013B,0.0,0.0
550867,BBB,2013B,0.0,0.0
550880,BBB,2013J,0.0,0.0
550893,DDD,2013B,0.0,0.0
550893,DDD,2014B,0.0,0.0
550898,BBB,2013B,0.05,0.09090909090909091
550903,FFF,2014B,0.65,0.10743801652892562
550909,FFF,2013B,0.0,0.0
550921,BBB,2013B,0.05,0.058823529411764705
550923,BBB,2013B,0.0,0.0
550925,FFF,2014B,0.25,0.08333333333333333
550933,FFF,2013B,0.05,0.025
550941,BBB,2013J,0.0,0.0
550960,BBB,2013B,0.05,0.5
550961,FFF,2013B,0.1,0.18181818181818182
550963,BBB,2013B,0.15,0.1875
551000,BBB,2014J,0.1,0.4
551017,EEE,2013J,0.35,0.35
551027,FFF,2013B,0.3,0.10344827586206896
551031,BBB,2013J,0.05,0.038461538461538464
551032,BBB,2013B,0.05,0.030303030303030304
551053,BBB,2013B,0.0,0.0
551053,BBB,2014B,0.0,0.0
551058,FFF,2013B,0.3,0.0967741935483871
551061,FFF,2013B,0.0,0.0
551080,BBB,2013B,0.05,0.05555555555555555
551115,CCC,2014B,0.1,0.04878048780487805
551126,DDD,2013J,0.25,0.05
551129,BBB,2013B,0.0,0.0
551142,FFF,2013B,0.0,0.0
551169,DDD,2013B,0.1,0.07142857142857142
551171,DDD,2014B,0.25,0.10204081632653061
551182,EEE,2014J,0.35,0.30434782608695654
551183,DDD,2013B,0.2,0.09523809523809523
551205,BBB,2013J,0.0,0.0
551212,FFF,2013B,0.2,0.07547169811320754
551214,CCC,2014J,0.0,0.0
551214,DDD,2013J,0.2,0.08163265306122448
551219,BBB,2013J,0.25,0.38461538461538464
551220,CCC,2014J,0.0,0.0
551234,BBB,2013J,0.05,0.018518518518518517
551242,BBB,2014J,0.2,0.11764705882352941
551245,FFF,2013J,0.4,0.13559322033898305
551252,BBB,2014B,0.0,0.0
551258,FFF,2013B,0.1,0.05
551267,CCC,2014B,0.35,0.15555555555555556
551277,FFF,2013J,0.1,0.10526315789473684
551282,BBB,2013B,0.0,0.0
551299,FFF,2013J,0.05,0.05263157894736842
551304,CCC,2014B,0.2,0.10256410256410256
551311,FFF,2013B,0.25,0.07936507936507936
551332,CCC,2014J,0.0,0.0
551332,DDD,2014J,0.0,0.0
551334,DDD,2013B,0.3,0.125
551347,BBB,2013J,0.0,0.0
551354,FFF,2013J,0.3,0.1111111111111111
551375,DDD,2013B,0.1,0.047619047619047616
551389,GGG,2013J,0.1,0.058823529411764705
551397,CCC,2014J,0.0,0.0
551397,FFF,2013B,0.25,0.033112582781456956
551399,FFF,2013J,0.05,0.015384615384615385
551430,EEE,2013J,0.2,0.4444444444444444
551456,DDD,2013J,0.0,0.0
551478,CCC,2014B,0.1,0.0625
551478,DDD,2013B,0.0,0.0
551480,BBB,2013B,0.05,0.05
551487,BBB,2013B,0.25,0.18518518518518517
551495,FFF,2013B,0.05,0.041666666666666664
551515,BBB,2014B,0.1,0.041666666666666664
551528,FFF,2013B,0.0,0.0
551550,DDD,2013B,0.15,0.08823529411764706
551557,FFF,2013J,0.05,0.02857142857142857
551562,GGG,2014B,0.1,0.1111111111111111
551573,DDD,2013B,0.2,0.06060606060606061
551576,BBB,2013B,0.2,0.19047619047619047
551583,FFF,2013B,0.05,0.022727272727272728
551602,FFF,2013B,0.05,0.03125
551604,CCC,2014B,0.05,0.1
551636,FFF,2014B,0.0,0.0
551688,FFF,2013B,0.1,0.06666666666666667
551702,BBB,2013B,0.05,0.14285714285714285
551706,BBB,2013B,0.1,0.13333333333333333
551714,BBB,2013B,0.0,0.0
551715,BBB,2013B,0.05,0.04
551716,BBB,2013B,0.05,0.05555555555555555
551718,BBB,2014B,0.1,0.06451612903225806
551730,FFF,2013B,0.0,0.0
551760,DDD,2013J,0.2,0.11764705882352941
551770,BBB,2013B,0.1,0.14285714285714285
551772,CCC,2014J,0.0,0.0
551774,DDD,2013J,0.0,0.0
551791,FFF,2013B,0.1,0.05263157894736842
551796,FFF,2013B,0.2,0.07692307692307693
551802,BBB,2013J,0.3,0.2
551805,FFF,2013B,0.05,0.023809523809523808
551812,FFF,2013J,0.0,0.0
551814,DDD,2014B,0.0,0.0
551836,BBB,2013J,0.3,0.5454545454545454
551856,CCC,2014B,0.55,0.3793103448275862
551856,EEE,2014B,0.0,0.0
551886,BBB,2013B,0.05,0.0625
551895,BBB,2013B,0.0,0.0
551902,CCC,2014B,0.0,0.0
551906,BBB,2013B,0.05,0.07692307692307693
551922,BBB,2014J,0.0,0.0
551938,BBB,2013B,0.0,0.0
551953,BBB,2014B,0.0,0.0
551954,BBB,2013B,0.05,0.0625
552003,DDD,2014B,0.2,0.04819277108433735
552007,BBB,2013B,0.25,0.12195121951219512
552017,BBB,2013B,0.1,0.04081632653061224
552025,BBB,2013B,0.0,0.0
552025,BBB,2014B,0.0,0.0
552039,BBB,2013B,0.0,0.0
552057,FFF,2013B,0.0,0.0
552067,EEE,2014B,0.6,0.48
552104,FFF,2013J,0.55,0.07096774193548387
552110,BBB,2013B,0.0,0.0
552114,DDD,2013B,0.0,0.0
552114,DDD,2014J,0.0,0.0
552116,BBB,2013J,0.15,0.08823529411764706
552135,BBB,2013B,0.05,0.5
552142,FFF,2013B,0.2,0.13333333333333333
552166,DDD,2013B,0.1,0.037037037037037035
552173,FFF,2014J,0.65,0.16883116883116883
552205,BBB,2013J,0.1,0.2
552220,CCC,2014J,0.1,0.07407407407407407
552222,BBB,2013B,0.05,0.3333333333333333
552255,DDD,2014B,0.0,0.0
552273,BBB,2013B,0.0,0.0
552282,DDD,2013J,0.05,0.07142857142857142
552284,FFF,2014B,0.0,0.0
552313,DDD,2013J,0.35,0.07216494845360824
552320,FFF,2013B,0.05,0.07692307692307693
552339,BBB,2013J,0.0,0.0
552374,FFF,2013B,0.05,0.02564102564102564
552395,FFF,2013B,0.1,0.07407407407407407
552395,FFF,2014B,0.0,0.0
552399,BBB,2013J,0.0,0.0
552441,CCC,2014B,0.4,0.1568627450980392
552441,EEE,2014J,0.0,0.0
552450,FFF,2013B,0.3,0.09230769230769231
552486,GGG,2014B,0.0,0.0
552491,FFF,2013B,0.15,0.0410958904109589
552498,CCC,2014B,0.0,0.0
552498,CCC,2014J,0.0,0.0
552509,GGG,2014B,0.0,0.0
552515,BBB,2013J,0.2,0.36363636363636365
552535,BBB,2013B,0.05,0.125
552537,DDD,2013J,0.05,0.3333333333333333
552567,FFF,2013B,0.0,0.0
552590,CCC,2014B,0.25,0.23809523809523808
552622,BBB,2013J,0.0,0.0
552635,DDD,2013B,0.05,0.015625
552648,FFF,2013B,0.2,0.0625
552648,FFF,2014B,0.0,0.0
552661,DDD,2013B,0.2,0.04878048780487805
552666,CCC,2014J,0.0,0.0
552667,BBB,2013B,0.2,0.1111111111111111
552698,BBB,2014J,0.05,0.07142857142857142
552701,BBB,2013B,0.2,0.11764705882352941
552708,FFF,2013B,0.35,0.1044776119402985
552721,FFF,2013B,0.1,0.038461538461538464
552747,DDD,2013J,0.3,0.08571428571428572
552750,GGG,2013J,0.15,0.1875
552789,DDD,2013B,0.15,0.075
552795,EEE,2013J,0.6,0.375
552822,BBB,2013B,0.05,0.07692307692307693
552826,BBB,2013B,0.0,0.0
552834,FFF,2013B,0.0,0.0
552859,BBB,2013B,0.05,0.07142857142857142
552894,BBB,2013B,0.15,0.1875
552898,DDD,2013J,0.1,0.06896551724137931
552902,BBB,2013B,0.0,0.0
552908,DDD,2014B,0.0,0.0
552913,CCC,2014B,0.15,0.16666666666666666
552914,BBB,2013B,0.0,0.0
552921,DDD,2013B,0.15,0.05555555555555555
552929,BBB,2013B,0.1,0.07142857142857142
552955,DDD,2013B,0.0,0.0
552965,CCC,2014J,0.0,0.0
552965,DDD,2014J,0.0,0.0
552987,FFF,2013B,0.25,0.07936507936507936
552991,BBB,2013B,0.05,0.125
552999,DDD,2013B,0.05,0.2
553017,FFF,2013B,0.15,0.06
553021,CCC,2014B,0.05,0.03125
553031,FFF,2014J,0.5,0.17857142857142858
553032,FFF,2014B,0.0,0.0
553047,BBB,2013B,0.0,0.0
553078,BBB,2013J,0.0,0.0
553100,FFF,2013B,0.3,0.07407407407407407
553104,FFF,2013B,0.15,0.08333333333333333
553125,BBB,2013B,0.1,0.16666666666666666
553155,FFF,2013B,0.2,0.08333333333333333
553160,FFF,2014B,0.15,0.13043478260869565
553187,FFF,2013J,0.2,0.08163265306122448
553220,FFF,2013B,0.35,0.0875
553262,FFF,2013B,0.35,0.06422018348623854
553275,DDD,2013B,0.1,0.05128205128205128
553280,CCC,2014B,0.0,0.0
553280,DDD,2013J,0.2,0.13333333333333333
553283,FFF,2013J,0.25,0.11627906976744186
553284,FFF,2014J,0.4,0.17391304347826086
553301,DDD,2013J,0.2,0.07547169811320754
553321,BBB,2013B,0.05,0.041666666666666664
553325,FFF,2013B,0.3,0.06060606060606061
553364,FFF,2013J,0.05,0.0125
553367,DDD,2014J,0.2,0.10256410256410256
553382,DDD,2013B,0.2,0.05063291139240506
553394,CCC,2014B,0.0,0.0
553425,FFF,2013B,0.1,0.05714285714285714
553427,FFF,2013J,0.35,0.08974358974358974
553442,BBB,2013B,0.0,0.0
553462,BBB,2013B,0.35,1.0
553487,BBB,2013B,0.0,0.0
553500,FFF,2013B,0.3,0.07058823529411765
553502,BBB,2013B,0.05,0.041666666666666664
553508,BBB,2013B,0.1,0.18181818181818182
553528,FFF,2013B,0.05,0.012195121951219513
553572,BBB,2013B,0.15,0.08108108108108109
553575,DDD,2013B,0.5,0.12345679012345678
553599,CCC,2014J,0.1,0.045454545454545456
553643,GGG,2013J,0.0,0.0
553649,FFF,2013B,0.15,0.08108108108108109
553655,CCC,2014B,0.0,0.0
553655,FFF,2013B,0.25,0.07692307692307693
553716,BBB,2013B,0.2,0.4444444444444444
553719,CCC,2014J,0.0,0.0
553719,DDD,2013J,0.1,0.045454545454545456
553727,FFF,2013B,0.1,0.06060606060606061
553729,BBB,2013B,0.15,0.42857142857142855
553733,BBB,2014B,0.0,0.0
553741,CCC,2014B,0.0,0.0
553741,CCC,2014J,0.0,0.0
553755,BBB,2013B,0.05,0.16666666666666666
553781,FFF,2013B,0.2,0.06557377049180328
553800,BBB,2013B,0.0,0.0
553807,BBB,2013B,0.0,0.0
553807,BBB,2014B,0.0,0.0
553808,BBB,2014B,0.1,0.041666666666666664
553813,FFF,2013B,0.1,0.06666666666666667
553813,FFF,2014J,0.0,0.0
553825,BBB,2013J,0.0,0.0
553831,FFF,2013B,0.3,0.06976744186046512
553832,DDD,2013J,0.0,0.0
553840,BBB,2013B,0.05,0.03225806451612903
553856,BBB,2013J,0.85,0.3333333333333333
553878,FFF,2013B,0.05,0.027777777777777776
553943,EEE,2013J,0.0,0.0
553963,FFF,2013B,0.05,0.02564102564102564
553964,DDD,2013B,0.1,0.05
554004,BBB,2014B,0.05,0.022222222222222223
554038,FFF,2013B,0.15,0.06382978723404255
554044,FFF,2013B,0.15,0.06382978723404255
554048,BBB,2014J,0.35,0.21875
554052,EEE,2013J,0.65,0.48148148148148145
554063,FFF,2014J,0.65,0.16666666666666666
554065,CCC,2014J,0.0,0.0
554065,DDD,2014B,0.2,0.05128205128205128
554083,BBB,2013B,0.1,0.09523809523809523
554132,EEE,2013J,0.15,0.5
554141,CCC,2014B,0.1,0.25
554161,DDD,2013B,0.25,0.08620689655172414
554166,FFF,2013B,0.05,0.058823529411764705
554174,DDD,2013B,0.2,0.08333333333333333
554193,DDD,2013B,0.2,0.0547945205479452
554205,CCC,2014B,0.0,0.0
554205,DDD,2013B,0.2,0.08695652173913043
554206,BBB,2013B,0.1,0.10526315789473684
554226,BBB,2013B,0.05,0.05263157894736842
554235,EEE,2013J,0.15,0.5
554236,FFF,2013B,0.2,0.05405405405405406
554243,BBB,2013J,0.0,0.0
554243,BBB,2014J,0.0,0.0
554245,DDD,2013B,0.55,0.11224489795918367
554256,FFF,2013B,0.1,0.07407407407407407
554257,FFF,2013J,0.1,0.028985507246376812
554283,DDD,2013J,0.0,0.0
554289,FFF,2013B,0.25,0.07042253521126761
554295,DDD,2013B,0.05,0.05555555555555555
554300,DDD,2013B,0.1,0.08
554314,BBB,2013J,0.0,0.0
554331,FFF,2013B,0.15,0.03488372093023256
554336,BBB,2013B,0.15,0.2
554344,BBB,2013B,0.0,0.0
554352,BBB,2013B,0.0,0.0
554356,DDD,2013J,0.45,0.10465116279069768
554372,FFF,2013B,0.25,0.06097560975609756
554374,BBB,2013B,0.0,0.0
554435,FFF,2013B,0.25,0.056179775280898875
554446,DDD,2013B,0.3,0.125
554459,CCC,2014J,0.0,0.0
554459,EEE,2013J,0.0,0.0
554459,EEE,2014J,0.2,0.25
554470,FFF,2013J,0.5,0.11235955056179775
554476,FFF,2013B,0.3,0.06451612903225806
554484,DDD,2013B,0.05,0.015384615384615385
554512,BBB,2013B,0.0,0.0
554525,FFF,2014J,0.45,0.1875
554540,BBB,2013J,0.0,0.0
554551,BBB,2013B,0.0,0.0
554558,FFF,2013B,0.3,0.09090909090909091
554574,DDD,2013B,0.1,0.058823529411764705
554580,GGG,2014J,0.4,0.21052631578947367
554583,CCC,2014B,0.0,0.0
554583,EEE,2013J,0.65,0.4642857142857143
554586,FFF,2013J,0.35,0.1320754716981132
554588,DDD,2013B,0.1,0.05263157894736842
554592,FFF,2013B,0.25,0.06578947368421052
554599,BBB,2014J,0.0,0.0
554608,BBB,2013B,0.05,0.041666666666666664
554620,FFF,2013B,0.15,0.047619047619047616
554664,FFF,2013B,0.2,0.07692307692307693
554691,CCC,2014J,0.0,0.0
554691,DDD,2013B,0.05,0.125
554691,DDD,2013J,0.0,0.0
554712,DDD,2014B,0.15,0.2
554746,DDD,2014J,0.0,0.0
554748,FFF,2013B,0.3,0.047244094488188976
554761,CCC,2014J,0.0,0.0
554761,FFF,2013B,0.2,0.05194805194805195
554773,DDD,2013B,0.1,0.05555555555555555
554795,BBB,2013B,0.05,0.03571428571428571
554813,FFF,2013B,0.25,0.07352941176470588
554818,BBB,2013B,0.0,0.0
554830,BBB,2013B,0.15,0.21428571428571427
554846,FFF,2013J,0.35,0.08641975308641975
554852,FFF,2013B,0.2,0.05970149253731343
554863,DDD,2014J,0.05,0.025
554870,CCC,2014B,0.15,0.14285714285714285
554881,DDD,2013B,0.4,0.17777777777777778
554881,FFF,2014B,0.0,0.0
554885,DDD,2013B,0.05,0.06666666666666667
554894,BBB,2013B,0.15,0.17647058823529413
554898,BBB,2013B,0.1,0.25
554908,FFF,2013B,0.15,0.04411764705882353
554919,FFF,2013B,0.0,0.0
554923,FFF,2013B,0.0,0.0
554930,BBB,2013B,0.0,0.0
554940,FFF,2013B,0.05,0.03125
554946,FFF,2013B,0.0,0.0
554951,CCC,2014B,0.25,0.11627906976744186
554967,GGG,2013J,0.0,0.0
554969,BBB,2014B,0.05,0.0625
554995,DDD,2013B,0.3,0.11538461538461539
554998,BBB,2013B,0.0,0.0
554999,EEE,2014J,0.0,0.0
555008,CCC,2014B,0.05,0.07692307692307693
555015,BBB,2014B,0.25,0.25
555022,EEE,2014B,0.65,0.5
555049,FFF,2014J,0.7,0.1917808219178082
555059,BBB,2013B,0.0,0.0
555086,BBB,2013B,0.05,0.08333333333333333
555102,BBB,2013B,0.0,0.0
555132,DDD,2014B,0.05,0.16666666666666666
555132,DDD,2014J,0.0,0.0
555144,FFF,2013B,0.05,0.02040816326530612
555157,BBB,2013B,0.0,0.0
555228,EEE,2013J,0.6,0.48
555239,DDD,2013J,0.5,0.12048192771084337
555250,FFF,2013B,0.2,0.0975609756097561
555263,BBB,2013B,0.0,0.0
555309,BBB,2013B,0.3,0.14634146341463414
555316,DDD,2013J,0.0,0.0
555346,BBB,2013J,0.05,0.03225806451612903
555349,FFF,2013B,0.15,0.04918032786885246
555407,BBB,2013B,0.15,0.14285714285714285
555408,DDD,2013B,0.05,0.03333333333333333
555408,DDD,2014B,0.0,0.0
555414,BBB,2013B,0.0,0.0
555440,FFF,2013J,0.05,0.05555555555555555
555444,FFF,2013B,0.2,0.09523809523809523
555446,DDD,2013B,0.2,0.16
555447,EEE,2013J,0.35,0.4117647058823529
555498,CCC,2014J,0.0,0.0
555498,FFF,2013J,0.75,0.1171875
555503,FFF,2013B,0.2,0.08
555604,CCC,2014B,0.0,0.0
555609,FFF,2013B,0.0,0.0
555614,BBB,2013J,0.05,0.05263157894736842
555644,DDD,2013J,0.15,0.21428571428571427
555667,BBB,2013B,0.05,0.047619047619047616
555670,BBB,2013B,0.1,0.1111111111111111
555672,BBB,2013B,0.1,0.06451612903225806
555673,BBB,2013B,0.3,0.14634146341463414
555674,BBB,2013B,0.05,0.041666666666666664
555675,BBB,2013B,0.0,0.0
555695,BBB,2013B,0.15,0.14285714285714285
555706,CCC,2014B,0.35,0.1320754716981132
555709,FFF,2013B,0.05,0.024390243902439025
555721,BBB,2013J,0.0,0.0
555740,DDD,2013B,0.05,0.02702702702702703
555747,BBB,2013B,0.15,0.0967741935483871
555749,BBB,2014J,0.2,0.13333333333333333
555756,EEE,2014B,0.55,0.4074074074074074
555760,CCC,2014J,0.0,0.0
555765,DDD,2013B,0.0,0.0
555772,DDD,2013B,0.0,0.0
555786,FFF,2013B,0.0,0.0
555786,FFF,2013J,0.0,0.0
555791,DDD,2013J,0.2,0.09090909090909091
555827,FFF,2014J,0.1,0.25
555837,BBB,2013B,0.0,0.0
555838,BBB,2013B,0.05,0.05263157894736842
555855,FFF,2013J,0.45,0.07142857142857142
555860,BBB,2014B,0.0,0.0
555884,CCC,2014J,0.1,0.06666666666666667
555929,FFF,2014B,0.0,0.0
555935,BBB,2013B,0.0,0.0
555946,BBB,2013B,0.0,0.0
555989,CCC,2014J,0.0,0.0
555989,DDD,2014J,0.0,0.0
555994,BBB,2014B,0.0,0.0
556004,FFF,2013B,0.05,0.030303030303030304
556007,DDD,2014B,0.05,0.5
556012,BBB,2014B,0.1,0.4
556022,FFF,2013B,0.3,0.05660377358490566
556057,DDD,2014B,0.1,0.05128205128205128
556082,DDD,2013B,0.35,0.09859154929577464
556089,BBB,2013J,0.0,0.0
556109,EEE,2013J,0.6,0.42857142857142855
556126,FFF,2013B,0.05,0.047619047619047616
556126,FFF,2014J,0.0,0.0
556133,FFF,2013B,0.45,0.09782608695652174
556140,CCC,2014J,0.0,0.0
556140,FFF,2014B,0.45,0.14516129032258066
556165,DDD,2013B,0.1,0.05263157894736842
556175,BBB,2013J,0.0,0.0
556177,EEE,2013J,0.5,0.45454545454545453
556185,DDD,2013B,0.25,0.07142857142857142
556210,FFF,2013B,0.55,0.16666666666666666
556211,EEE,2013J,0.5,0.38461538461538464
556228,BBB,2013J,0.2,0.2222222222222222
556231,EEE,2013J,0.45,0.375
556246,CCC,2014B,0.35,0.1891891891891892
556251,CCC,2014J,0.0,0.0
556251,FFF,2013B,0.05,0.01694915254237288
556284,BBB,2013B,0.05,0.09090909090909091
556292,BBB,2013B,0.2,0.08163265306122448
556295,CCC,2014B,0.0,0.0
556295,DDD,2013B,0.15,0.07894736842105263
556301,BBB,2013B,0.05,0.0625
556302,FFF,2013B,0.35,0.14583333333333334
556308,DDD,2013B,0.1,0.05128205128205128
556337,DDD,2013B,0.35,0.13725490196078433
556349,BBB,2013B,0.45,0.2
556354,DDD,2013B,0.0,0.0
556362,DDD,2013B,0.2,0.1111111111111111
556369,DDD,2013B,0.15,0.25
556370,DDD,2013B,0.0,0.0
556373,DDD,2013B,0.4,0.10666666666666667
556374,DDD,2014B,0.15,0.2727272727272727
556374,DDD,2014J,0.0,0.0
556389,DDD,2013B,0.05,0.029411764705882353
556391,FFF,2013B,0.2,0.06349206349206349
556406,GGG,2014B,0.05,0.043478260869565216
556416,DDD,2014B,0.45,0.1232876712328767
556427,BBB,2013J,0.0,0.0
556429,FFF,2013B,0.25,0.10416666666666667
556440,FFF,2013B,0.15,0.061224489795918366
556463,GGG,2014B,0.05,0.2
556476,CCC,2014J,0.05,0.037037037037037035
556492,FFF,2013B,0.05,0.07142857142857142
556492,FFF,2014B,0.0,0.0
556498,FFF,2013B,0.15,0.06
556502,BBB,2013B,0.2,0.23529411764705882
556509,GGG,2013J,0.0,0.0
556514,DDD,2014J,0.2,0.06451612903225806
556520,GGG,2013J,0.15,0.12
556521,EEE,2013J,0.65,0.4642857142857143
556523,GGG,2013J,0.4,0.19047619047619047
556539,DDD,2013J,0.2,0.05263157894736842
556540,FFF,2013B,0.4,0.05673758865248227
556553,BBB,2013B,0.1,0.14285714285714285
556567,FFF,2013B,0.1,0.038461538461538464
556575,DDD,2013B,0.5,0.13513513513513514
556584,CCC,2014B,0.0,0.0
556584,DDD,2013B,0.05,0.018867924528301886
556592,BBB,2013J,0.0,0.0
556605,BBB,2013B,0.0,0.0
556639,FFF,2013J,0.4,0.10256410256410256
556644,BBB,2014J,0.3,0.1875
556645,CCC,2014J,0.15,0.04838709677419355
556645,EEE,2013J,0.0,0.0
556646,FFF,2013J,0.35,0.08641975308641975
556648,BBB,2013B,0.0,0.0
556659,FFF,2013B,0.2,0.04597701149425287
556660,DDD,2013B,0.35,0.12727272727272726
556692,BBB,2013B,0.0,0.0
556709,EEE,2013J,0.4,0.42105263157894735
556721,DDD,2013B,0.3,0.08571428571428572
556751,DDD,2013J,0.1,0.14285714285714285
556774,DDD,2013B,0.1,0.029411764705882353
556780,DDD,2013B,0.25,0.1388888888888889
556783,FFF,2013B,0.6,0.07741935483870968
556785,DDD,2013B,0.35,0.1111111111111111
556824,CCC,2014J,0.0,0.0
556835,DDD,2013B,0.35,0.08433734939759036
556853,BBB,2014B,0.0,0.0
556858,CCC,2014B,0.15,0.1
556860,BBB,2013B,0.25,0.14285714285714285
556863,BBB,2014J,0.15,0.11538461538461539
556865,BBB,2013B,0.0,0.0
556871,BBB,2013B,0.05,0.06666666666666667
556876,BBB,2013B,0.0,0.0
556877,BBB,2014B,0.2,0.13793103448275862
556878,BBB,2013B,0.2,0.21052631578947367
556880,FFF,2013B,0.0,0.0
556883,BBB,2013B,0.15,0.08571428571428572
556887,BBB,2013B,0.0,0.0
556892,BBB,2013B,0.0,0.0
556898,BBB,2013B,0.0,0.0
556918,DDD,2013B,0.45,0.15
556924,FFF,2013B,0.3,0.07317073170731707
556931,FFF,2013B,0.1,0.06666666666666667
556934,DDD,2013B,0.15,0.04054054054054054
556945,FFF,2013B,0.05,0.012345679012345678
556959,BBB,2013B,0.15,0.12
556970,FFF,2013B,0.0,0.0
556972,BBB,2013J,0.0,0.0
556987,BBB,2013B,0.0,0.0
556990,BBB,2013B,0.1,0.09523809523809523
556992,BBB,2013B,0.0,0.0
556997,BBB,2013B,0.0,0.0
556999,BBB,2013B,0.1,0.16666666666666666
557006,BBB,2013B,0.0,0.0
557012,FFF,2013J,0.25,0.0847457627118644
557020,FFF,2013J,0.6,0.10619469026548672
557024,BBB,2013B,0.2,0.2
557029,BBB,2014B,0.0,0.0
557031,GGG,2013J,0.0,0.0
557032,BBB,2013B,0.4,0.17777777777777778
557044,FFF,2013J,0.3,0.09230769230769231
557045,DDD,2013B,0.3,0.09090909090909091
557053,FFF,2013B,0.45,0.07317073170731707
557054,FFF,2013J,0.0,0.0
557057,BBB,2013B,0.15,0.16666666666666666
557060,BBB,2013B,0.0,0.0
557085,FFF,2014J,0.4,0.10256410256410256
557085,GGG,2013J,0.0,0.0
557129,FFF,2013B,0.1,0.0425531914893617
557145,BBB,2013B,0.0,0.0
557147,EEE,2013J,0.35,0.5
557177,FFF,2013B,0.0,0.0
557203,FFF,2013B,0.0,0.0
557220,BBB,2013B,0.05,0.037037037037037035
557229,EEE,2014J,0.8,0.3902439024390244
557232,FFF,2013J,0.0,0.0
557237,DDD,2013B,0.1,0.16666666666666666
557237,DDD,2014J,0.0,0.0
557247,DDD,2013B,0.0,0.0
557247,DDD,2013J,0.0,0.0
557285,BBB,2013B,0.0,0.0
557290,FFF,2014J,0.45,0.14754098360655737
557308,BBB,2013B,0.3,0.10714285714285714
557314,FFF,2013B,0.2,0.1
557325,BBB,2013B,0.05,0.2
557345,FFF,2013B,0.4,0.07079646017699115
557351,BBB,2014B,0.0,0.0
557358,DDD,2013B,0.1,0.06896551724137931
557385,FFF,2013J,0.2,0.05970149253731343
557388,FFF,2013B,0.6,0.1111111111111111
557389,DDD,2014J,0.2,0.10810810810810811
557395,FFF,2013J,0.1,0.03225806451612903
557404,DDD,2014B,0.4,0.16666666666666666
557415,EEE,2013J,0.7,0.4827586206896552
557432,DDD,2013B,0.0,0.0
557445,FFF,2013B,0.55,0.0763888888888889
557451,BBB,2013B,0.0,0.0
557469,FFF,2014B,0.0,0.0
557474,DDD,2013J,0.15,0.125
557474,DDD,2014J,0.0,0.0
557477,DDD,2013B,0.1,0.0625
557528,BBB,2013B,0.0,0.0
557542,FFF,2013B,0.0,0.0
557545,FFF,2013J,0.75,0.18292682926829268
557594,BBB,2013B,0.0,0.0
557608,CCC,2014J,0.0,0.0
557622,BBB,2013B,0.25,0.21739130434782608
557650,CCC,2014J,0.0,0.0
557650,FFF,2014B,0.1,0.02702702702702703
557652,BBB,2013J,0.0,0.0
557655,FFF,2013J,0.05,0.013333333333333334
557661,FFF,2013J,0.05,0.03333333333333333
557694,DDD,2013B,0.3,0.09523809523809523
557700,CCC,2014J,0.0,0.0
557700,EEE,2014B,0.0,0.0
557708,FFF,2014B,0.0,0.0
557709,BBB,2013B,0.0,0.0
557710,FFF,2013B,0.85,0.09444444444444444
557735,FFF,2013B,0.2,0.14285714285714285
557735,FFF,2013J,0.0,0.0
557742,DDD,2013B,0.2,0.07692307692307693
557751,DDD,2013B,0.05,0.125
557752,DDD,2013B,0.0,0.0
557758,BBB,2013B,0.1,0.06451612903225806
557764,DDD,2013B,0.25,0.11627906976744186
557766,FFF,2013J,0.0,0.0
557773,FFF,2013B,0.0,0.0
557775,BBB,2013B,0.05,0.037037037037037035
557787,FFF,2013B,0.0,0.0
557811,FFF,2013B,0.2,0.06060606060606061
557827,BBB,2013B,0.0,0.0
557830,FFF,2014J,0.05,0.3333333333333333
557840,FFF,2013B,0.2,0.05194805194805195
557846,DDD,2013B,0.1,0.05263157894736842
557850,DDD,2013B,0.05,0.05
557877,FFF,2013B,0.1,0.05128205128205128
557891,FFF,2013B,0.25,0.06578947368421052
557911,DDD,2013B,0.3,0.09836065573770492
557924,DDD,2013B,0.65,0.16666666666666666
557959,CCC,2014J,0.05,0.030303030303030304
557968,BBB,2013B,0.0,0.0
557979,BBB,2013B,0.0,0.0
557995,CCC,2014B,0.1,0.16666666666666666
558018,FFF,2013B,0.35,0.07368421052631578
558021,DDD,2013J,0.3,0.09523809523809523
558024,BBB,2013B,0.05,0.05263157894736842
558029,DDD,2014B,0.05,0.017857142857142856
558035,BBB,2013J,0.0,0.0
558040,BBB,2013B,0.0,0.0
558042,BBB,2013B,0.05,0.14285714285714285
558044,FFF,2014J,0.7,0.10218978102189781
558054,EEE,2013J,0.5,0.4166666666666667
558066,BBB,2013B,0.05,0.14285714285714285
558068,BBB,2013B,0.05,0.125
558075,BBB,2013B,0.0,0.0
558084,BBB,2014B,0.05,0.08333333333333333
558090,FFF,2013J,0.0,0.0
558092,BBB,2013B,0.0,0.0
558098,FFF,2013B,0.15,0.04054054054054054
558099,BBB,2013B,0.15,0.17647058823529413
558104,FFF,2013B,0.25,0.04950495049504951
558105,FFF,2014B,0.15,0.05660377358490566
558113,BBB,2013B,0.1,0.18181818181818182
558114,BBB,2013B,0.1,0.5
558121,FFF,2014B,0.15,0.05454545454545454
558122,EEE,2014B,0.0,0.0
558140,DDD,2013J,0.0,0.0
558153,DDD,2013B,0.05,0.14285714285714285
558168,BBB,2013B,0.1,0.2
558200,DDD,2013B,0.15,0.0625
558205,FFF,2013J,0.05,0.14285714285714285
558208,FFF,2013B,0.8,0.10526315789473684
558224,DDD,2013B,0.3,0.08
558247,BBB,2013B,0.0,0.0
558250,BBB,2013B,0.15,0.16666666666666666
558262,FFF,2013B,0.0,0.0
558280,FFF,2013B,0.05,0.027777777777777776
558290,DDD,2013B,0.7,0.14285714285714285
558292,DDD,2014B,0.1,0.07407407407407407
558301,FFF,2013J,0.0,0.0
558333,BBB,2013J,0.1,0.2
558345,FFF,2013J,0.75,0.1388888888888889
558373,BBB,2013B,0.05,0.02127659574468085
558404,FFF,2013B,0.0,0.0
558415,DDD,2013B,0.2,0.0784313725490196
558435,BBB,2013B,0.05,0.037037037037037035
558440,CCC,2014J,0.0,0.0
558440,DDD,2013B,0.1,0.04
558444,EEE,2013J,0.25,0.5555555555555556
558463,CCC,2014J,0.0,0.0
558463,EEE,2013J,0.35,0.3333333333333333
558484,FFF,2013J,0.2,0.0784313725490196
558486,GGG,2014J,0.25,0.23809523809523808
558488,DDD,2013B,0.15,0.08571428571428572
558489,FFF,2013B,0.15,0.0625
558503,FFF,2013B,0.3,0.09523809523809523
558509,EEE,2014J,0.75,0.45454545454545453
558518,CCC,2014B,0.25,0.1282051282051282
558533,BBB,2013J,0.0,0.0
558558,FFF,2013B,0.4,0.07692307692307693
558595,BBB,2014B,0.0,0.0
558597,FFF,2013B,0.3,0.09230769230769231
558610,DDD,2013B,0.0,0.0
558610,DDD,2013J,0.0,0.0
558616,CCC,2014B,0.2,0.15384615384615385
558622,BBB,2013B,0.05,0.037037037037037035
558628,FFF,2013B,0.25,0.045871559633027525
558629,DDD,2014B,0.2,0.125
558635,FFF,2013J,0.15,0.08108108108108109
558645,DDD,2013B,0.2,0.08
558661,BBB,2013J,0.05,0.1111111111111111
558662,BBB,2013B,0.0,0.0
558678,DDD,2013B,0.25,0.06756756756756757
558689,BBB,2013B,0.0,0.0
558692,FFF,2013B,0.0,0.0
558703,BBB,2013B,0.1,0.4
558705,DDD,2014B,0.15,0.0967741935483871
558747,BBB,2013B,0.05,0.08333333333333333
558760,FFF,2013B,0.1,0.05263157894736842
558764,FFF,2014J,0.3,0.1016949152542373
558765,DDD,2013J,0.15,0.05084745762711865
558769,BBB,2013B,0.0,0.0
558770,FFF,2013B,0.1,0.041666666666666664
558772,FFF,2013B,0.15,0.05
558779,DDD,2013B,0.05,0.5
558787,DDD,2013B,0.05,0.01282051282051282
558801,FFF,2013B,0.3,0.08823529411764706
558806,DDD,2013B,0.1,0.04878048780487805
558820,BBB,2013B,0.3,0.1276595744680851
558837,DDD,2013B,0.05,0.03333333333333333
558839,CCC,2014J,0.15,0.075
558851,FFF,2013B,0.25,0.08928571428571429
558854,FFF,2013B,0.0,0.0
558893,FFF,2013J,0.65,0.10833333333333334
558903,BBB,2013B,0.1,0.18181818181818182
558907,FFF,2013B,0.25,0.049019607843137254
558914,CCC,2014B,0.0,0.0
558914,DDD,2013B,0.15,0.08108108108108109
558915,FFF,2013B,0.5,0.09900990099009901
558921,BBB,2014B,0.1,0.043478260869565216
558948,DDD,2013B,0.05,0.05555555555555555
558955,BBB,2013B,0.0,0.0
558962,BBB,2013J,0.0,0.0
558963,FFF,2013B,0.1,0.06060606060606061
558965,BBB,2013B,0.2,0.21052631578947367
558970,FFF,2013J,0.3,0.09230769230769231
558983,BBB,2013J,0.0,0.0
559004,FFF,2013B,0.05,0.01639344262295082
559031,BBB,2013B,0.0,0.0
559058,FFF,2013B,0.1,0.03076923076923077
559067,FFF,2013J,0.0,0.0
559081,DDD,2013B,0.15,0.06666666666666667
559096,DDD,2013J,0.1,0.03076923076923077
559123,DDD,2013J,0.1,0.15384615384615385
559140,DDD,2013J,0.2,0.05128205128205128
559155,FFF,2013B,0.25,0.10638297872340426
559157,CCC,2014B,0.3,0.25
559168,BBB,2013J,0.05,0.0625
559180,BBB,2013B,0.0,0.0
559253,BBB,2013B,0.2,0.4
559282,DDD,2013B,0.05,0.02564102564102564
559293,DDD,2013B,0.05,0.023255813953488372
559325,FFF,2013B,0.3,0.0594059405940594
559328,DDD,2014B,0.05,0.047619047619047616
559335,FFF,2013B,0.2,0.08695652173913043
559336,BBB,2014B,0.05,0.02857142857142857
559344,BBB,2014J,0.25,0.20833333333333334
559350,BBB,2013B,0.0,0.0
559366,GGG,2014J,0.0,0.0
559381,BBB,2014B,0.15,0.15
559382,BBB,2013J,0.05,0.03225806451612903
559389,BBB,2013B,0.0,0.0
559405,FFF,2013B,0.0,0.0
559410,DDD,2013B,0.0,0.0
559414,BBB,2013J,0.25,0.29411764705882354
559420,DDD,2013B,0.35,0.09090909090909091
559423,FFF,2013B,0.65,0.07222222222222222
559428,FFF,2013J,0.3,0.05714285714285714
559440,FFF,2013B,0.15,0.08108108108108109
559447,DDD,2014J,0.3,0.09090909090909091
559451,FFF,2013B,0.05,0.14285714285714285
559452,BBB,2013B,0.15,0.14285714285714285
559454,FFF,2013B,0.1,0.034482758620689655
559458,BBB,2013B,0.0,0.0
559459,DDD,2013B,0.05,0.041666666666666664
559467,BBB,2014B,0.15,1.0
559469,DDD,2013B,0.3,0.11320754716981132
559474,DDD,2013B,0.25,0.08620689655172414
559475,BBB,2013B,0.0,0.0
559495,BBB,2013B,0.0,0.0
559518,CCC,2014J,0.0,0.0
559518,EEE,2014B,0.1,0.25
559540,DDD,2013J,0.15,0.25
559551,EEE,2013J,0.4,0.5333333333333333
559573,BBB,2014B,0.0,0.0
559584,BBB,2013J,0.05,0.058823529411764705
559589,FFF,2013B,0.2,0.07272727272727272
559594,FFF,2013B,0.2,0.06779661016949153
559595,BBB,2013B,0.1,0.1
559603,BBB,2013B,0.0,0.0
559606,BBB,2013B,0.0,0.0
559608,BBB,2013B,0.3,0.2
559609,FFF,2013B,0.3,0.11764705882352941
559611,BBB,2013B,0.1,0.16666666666666666
559612,DDD,2013B,0.1,0.05555555555555555
559617,EEE,2013J,0.25,0.25
559642,FFF,2013B,0.35,0.08641975308641975
559651,BBB,2013B,0.05,0.08333333333333333
559672,DDD,2013B,0.15,0.07142857142857142
559680,DDD,2013J,0.15,0.039473684210526314
559685,BBB,2013J,0.0,0.0
559706,CCC,2014B,0.0,0.0
559706,DDD,2013B,0.1,0.03508771929824561
559707,DDD,2014J,0.0,0.0
559735,DDD,2013J,0.05,0.14285714285714285
559744,BBB,2013B,0.0,0.0
559754,FFF,2013J,0.35,0.08536585365853659
559758,EEE,2013J,0.25,0.29411764705882354
559760,FFF,2013B,0.9,0.11180124223602485
559766,GGG,2014J,0.0,0.0
559770,CCC,2014B,0.0,0.0
559770,FFF,2013B,0.35,0.05185185185185185
559785,FFF,2013B,0.2,0.041666666666666664
559813,FFF,2013J,0.15,0.061224489795918366
559823,DDD,2013B,0.0,0.0
559831,BBB,2014B,0.15,0.3333333333333333
559851,BBB,2013J,0.1,0.1
559852,DDD,2014J,0.25,0.07692307692307693
559855,DDD,2013J,0.0,0.0
559856,FFF,2013B,0.5,0.05952380952380952
559861,BBB,2014B,0.1,0.09523809523809523
559863,CCC,2014J,0.0,0.0
559863,FFF,2013J,0.0,0.0
559872,DDD,2014B,0.15,0.07894736842105263
559876,FFF,2014B,0.7,0.10852713178294573
559903,DDD,2013B,0.25,0.07142857142857142
559908,DDD,2013J,0.25,0.06944444444444445
559912,EEE,2013J,0.5,0.5263157894736842
559919,GGG,2013J,0.1,0.05128205128205128
559930,DDD,2013B,0.3,0.125
559950,DDD,2013B,0.0,0.0
559973,BBB,2014J,0.05,0.14285714285714285
559977,CCC,2014B,0.0,0.0
559979,FFF,2013J,0.05,0.016666666666666666
559991,FFF,2013B,0.0,0.0
559992,DDD,2013J,0.35,0.09090909090909091
560012,BBB,2013B,0.0,0.0
560015,DDD,2013J,0.2,0.13333333333333333
560022,FFF,2013B,0.2,0.058823529411764705
560024,DDD,2013B,0.1,0.041666666666666664
560046,FFF,2013B,0.25,0.06493506493506493
560047,FFF,2014J,0.0,0.0
560064,CCC,2014J,0.0,0.0
560065,CCC,2014J,0.05,0.058823529411764705
560067,FFF,2013B,0.05,0.125
560072,FFF,2013B,0.5,0.06711409395973154
560074,BBB,2013J,0.1,0.15384615384615385
560075,BBB,2013B,0.2,0.07407407407407407
560089,BBB,2014J,0.25,0.125
560114,CCC,2014B,0.0,0.0
560114,DDD,2013B,0.45,0.15
560117,BBB,2013B,0.0,0.0
560170,BBB,2013B,0.2,0.12121212121212122
560179,DDD,2013B,0.25,0.1388888888888889
560182,FFF,2013B,0.3,0.09230769230769231
560199,FFF,2013B,0.1,0.03225806451612903
560207,FFF,2013B,0.2,0.05
560208,BBB,2013B,0.0,0.0
560208,BBB,2014J,0.0,0.0
560238,BBB,2014B,0.0,0.0
560240,DDD,2013B,0.2,0.0975609756097561
560243,DDD,2013J,0.5,0.09090909090909091
560260,DDD,2013B,0.05,0.029411764705882353
560301,DDD,2014J,0.0,0.0
560311,CCC,2014B,0.0,0.0
560311,DDD,2013B,0.15,0.05357142857142857
560319,BBB,2013B,0.05,0.1
560328,GGG,2013J,0.05,0.037037037037037035
560329,FFF,2013J,0.25,0.09090909090909091
560347,DDD,2013B,0.15,0.0410958904109589
560374,GGG,2013J,0.05,0.058823529411764705
560381,DDD,2013B,0.35,0.12280701754385964
560391,DDD,2013B,0.25,0.08196721311475409
560399,FFF,2014B,0.7,0.18666666666666668
560401,FFF,2013J,0.25,0.07575757575757576
560404,FFF,2013B,0.35,0.07954545454545454
560410,FFF,2013J,0.0,0.0
560425,FFF,2013B,0.15,0.04285714285714286
560431,FFF,2013B,0.2,0.04878048780487805
560444,DDD,2013B,0.15,0.039473684210526314
560455,BBB,2013B,0.0,0.0
560458,DDD,2013J,0.05,0.024390243902439025
560459,FFF,2014J,0.1,0.08695652173913043
560468,BBB,2013B,0.2,0.10256410256410256
560486,DDD,2013J,0.25,0.09090909090909091
560493,DDD,2013J,0.15,0.05357142857142857
560494,CCC,2014B,0.1,0.06896551724137931
560496,FFF,2014B,0.0,0.0
560502,EEE,2013J,0.2,0.8
560536,BBB,2014B,0.0,0.0
560554,CCC,2014J,0.0,0.0
560567,BBB,2013J,0.05,0.1
560585,FFF,2013B,0.25,0.0625
560592,FFF,2013J,0.05,0.041666666666666664
560597,BBB,2014J,0.3,0.15
560643,GGG,2014J,0.0,0.0
560645,FFF,2014J,0.65,0.18055555555555555
560652,BBB,2014J,0.25,0.18518518518518517
560653,GGG,2013J,0.1,0.047619047619047616
560659,FFF,2013J,0.1,0.125
560676,BBB,2013J,0.0,0.0
560703,FFF,2013J,0.45,0.0891089108910891
560707,EEE,2014J,0.5,0.38461538461538464
560723,EEE,2013J,0.75,0.4838709677419355
560727,FFF,2013J,0.35,0.08641975308641975
560743,DDD,2013B,0.05,0.06666666666666667
560759,DDD,2013J,0.2,0.1
560759,EEE,2014J,0.0,0.0
560765,FFF,2014J,0.0,0.0
560773,BBB,2013J,0.0,0.0
560784,CCC,2014J,0.0,0.0
560784,EEE,2013J,0.75,0.46875
560876,EEE,2013J,0.5,0.5
560879,CCC,2014J,0.0,0.0
560879,DDD,2013J,0.2,0.06349206349206349
560881,EEE,2014J,0.7,0.56
560921,EEE,2014J,0.8,0.64
560928,EEE,2013J,0.65,0.4642857142857143
560934,FFF,2013J,0.0,0.0
560944,DDD,2014B,0.2,0.07547169811320754
560946,FFF,2013J,0.0,0.0
560948,DDD,2013J,0.1,0.044444444444444446
560949,FFF,2013J,0.35,0.09333333333333334
560968,BBB,2013B,0.1,0.09523809523809523
560970,BBB,2013B,0.0,0.0
561009,CCC,2014J,0.0,0.0
561009,FFF,2014B,0.05,0.022727272727272728
561031,FFF,2013J,0.35,0.1206896551724138
561060,BBB,2014B,0.1,0.034482758620689655
561061,BBB,2014B,0.15,0.25
561068,FFF,2013J,0.0,0.0
561072,DDD,2013J,0.1,0.05
561088,DDD,2013B,0.1,0.1
561113,CCC,2014J,0.0,0.0
561138,BBB,2013B,0.0,0.0
561148,GGG,2013J,0.0,0.0
561161,BBB,2013B,0.3,0.24
561163,GGG,2013J,0.35,0.14893617021276595
561164,BBB,2013B,0.0,0.0
561166,BBB,2013B,0.0,0.0
561167,BBB,2013B,0.15,0.13043478260869565
561192,EEE,2013J,0.45,0.391304347826087
561195,CCC,2014J,0.0,0.0
561195,DDD,2013J,0.4,0.0963855421686747
561206,BBB,2014J,0.2,0.19047619047619047
561208,CCC,2014J,0.0,0.0
561208,EEE,2013J,0.0,0.0
561208,EEE,2014J,0.25,0.3125
561231,FFF,2014J,0.75,0.14423076923076922
561268,FFF,2013J,0.5,0.09615384615384616
561271,EEE,2014B,0.05,1.0
561312,BBB,2013J,0.3,0.2222222222222222
561343,BBB,2013B,0.0,0.0
561363,CCC,2014B,0.0,0.0
561363,EEE,2014B,0.6,0.5217391304347826
561386,FFF,2013J,0.55,0.11578947368421053
561413,EEE,2014J,0.8,0.3902439024390244
561419,GGG,2014J,0.3,0.21428571428571427
561437,BBB,2013B,0.05,0.038461538461538464
561441,GGG,2014B,0.0,0.0
561444,BBB,2013B,0.05,0.037037037037037035
561445,BBB,2013B,0.1,0.06060606060606061
561448,BBB,2013B,0.0,0.0
561452,BBB,2013B,0.2,0.19047619047619047
561455,BBB,2013B,0.0,0.0
561457,BBB,2013J,0.0,0.0
561458,BBB,2013B,0.0,0.0
561459,BBB,2013B,0.0,0.0
561461,BBB,2013B,0.1,0.10526315789473684
561476,CCC,2014J,0.0,0.0
561476,DDD,2013J,0.1,0.09523809523809523
561515,DDD,2013J,0.0,0.0
561519,EEE,2013J,0.35,0.5833333333333334
561534,BBB,2013J,0.45,0.20930232558139536
561542,FFF,2013J,0.3,0.09375
561559,CCC,2014B,0.6,0.2857142857142857
561559,EEE,2014B,0.0,0.0
561560,CCC,2014J,0.0,0.0
561591,BBB,2013J,0.0,0.0
561608,BBB,2014J,0.3,0.2
561618,BBB,2014J,0.35,0.19444444444444445
561640,BBB,2013J,0.0,0.0
561711,BBB,2013B,0.0,0.0
561713,BBB,2013B,0.05,0.02857142857142857
561714,FFF,2013J,0.6,0.18461538461538463
561715,BBB,2013B,0.0,0.0
561716,BBB,2013B,0.0,0.0
561734,DDD,2013B,0.15,0.07894736842105263
561734,DDD,2013J,0.0,0.0
561752,BBB,2014J,0.1,0.05
561774,CCC,2014B,0.25,0.11904761904761904
561774,EEE,2014B,0.0,0.0
561807,DDD,2013J,0.55,0.12941176470588237
561810,DDD,2013J,0.1,0.041666666666666664
561819,DDD,2013J,0.2,0.08
561823,DDD,2013J,0.0,0.0
561826,CCC,2014J,0.15,0.09090909090909091
561826,EEE,2013J,0.0,0.0
561841,BBB,2013J,0.0,0.0
561848,CCC,2014J,0.0,0.0
561848,DDD,2013B,0.15,0.11538461538461539
561865,FFF,2013J,0.35,0.09859154929577464
561867,FFF,2013J,0.3,0.08450704225352113
561868,FFF,2013J,0.45,0.08571428571428572
561873,FFF,2013J,0.1,0.058823529411764705
561874,FFF,2013J,0.4,0.08333333333333333
561879,FFF,2013J,0.2,0.07272727272727272
561880,FFF,2013J,0.05,0.16666666666666666
561881,DDD,2013J,0.35,0.1346153846153846
561884,GGG,2013J,0.25,0.1724137931034483
561889,FFF,2013J,0.3,0.10526315789473684
561904,DDD,2014J,0.05,0.016666666666666666
561905,DDD,2013J,0.15,0.1111111111111111
561913,CCC,2014J,0.0,0.0
561913,DDD,2014B,0.1,0.09090909090909091
561929,FFF,2013J,0.4,0.0784313725490196
561930,FFF,2013J,0.2,0.06666666666666667
561953,BBB,2014B,0.05,0.058823529411764705
561955,DDD,2013J,0.15,0.075
561976,FFF,2013J,0.05,0.029411764705882353
561978,BBB,2014B,0.0,0.0
561979,BBB,2014J,0.0,0.0
562064,DDD,2013J,0.25,0.08928571428571429
562064,FFF,2014B,0.0,0.0
562064,FFF,2014J,0.0,0.0
562090,BBB,2013J,0.35,0.17073170731707318
562100,DDD,2013J,0.0,0.0
562100,DDD,2014J,0.0,0.0
562112,DDD,2014B,0.45,0.15254237288135594
562239,BBB,2014J,0.2,0.16
562270,BBB,2013J,0.1,0.06896551724137931
562377,FFF,2013J,0.15,0.07894736842105263
562437,DDD,2013J,0.0,0.0
562448,FFF,2013J,0.4,0.09411764705882353
562450,CCC,2014B,0.1,0.05714285714285714
562456,BBB,2013J,0.0,0.0
562460,FFF,2013J,0.1,0.08333333333333333
562465,BBB,2013B,0.05,0.05555555555555555
562489,BBB,2013B,0.05,0.14285714285714285
562490,DDD,2013J,0.15,0.08571428571428572
562495,BBB,2013B,0.05,0.07142857142857142
562585,CCC,2014B,0.0,0.0
562585,DDD,2013J,0.0,0.0
562628,GGG,2014B,0.0,0.0
562632,DDD,2014B,0.2,0.0625
562696,GGG,2013J,0.15,0.0967741935483871
562708,DDD,2014B,0.25,0.1388888888888889
562728,DDD,2013J,0.45,0.10588235294117647
562754,FFF,2014J,0.15,0.125
562763,FFF,2013J,0.0,0.0
562825,CCC,2014B,0.0,0.0
562825,EEE,2014B,0.0,0.0
562857,BBB,2014B,0.05,0.038461538461538464
562884,CCC,2014J,0.35,0.1206896551724138
562913,GGG,2013J,0.1,0.08
562917,FFF,2014B,0.0,0.0
562920,FFF,2013J,0.0,0.0
562990,FFF,2014J,0.25,0.13513513513513514
563014,FFF,2013J,0.0,0.0
563016,CCC,2014J,0.0,0.0
563016,DDD,2013J,0.2,0.058823529411764705
563027,BBB,2014J,0.35,0.25925925925925924
563046,CCC,2014B,0.2,0.2
563046,EEE,2014J,0.0,0.0
563051,CCC,2014J,0.0,0.0
563051,FFF,2013J,0.35,0.1111111111111111
563081,DDD,2014B,0.65,0.14130434782608695
563108,FFF,2014J,0.25,0.10869565217391304
563196,FFF,2013J,0.05,0.03225806451612903
563230,EEE,2014B,0.65,0.34210526315789475
563299,FFF,2013J,0.6,0.14457831325301204
563301,GGG,2014B,0.0,0.0
563302,BBB,2014J,0.7,0.34146341463414637
563321,CCC,2014J,0.0,0.0
563321,EEE,2014J,0.6,0.46153846153846156
563330,BBB,2013B,0.0,0.0
563363,BBB,2013B,0.1,0.15384615384615385
563374,BBB,2013J,0.25,0.2777777777777778
563413,BBB,2014B,0.0,0.0
563414,FFF,2014J,0.55,0.13414634146341464
563418,EEE,2013J,0.45,0.45
563453,DDD,2014J,0.1,0.03636363636363636
563487,BBB,2014B,0.0,0.0
563534,EEE,2014J,0.0,0.0
563595,DDD,2014J,0.0,0.0
563612,GGG,2013J,0.0,0.0
563636,FFF,2013J,0.0,0.0
563666,EEE,2013J,0.5,0.43478260869565216
563675,DDD,2013J,0.15,0.09375
563706,BBB,2013J,0.5,0.19230769230769232
563733,BBB,2013J,0.15,0.17647058823529413
563735,BBB,2013J,0.05,0.05
563742,FFF,2013J,0.05,0.2
563754,BBB,2014B,0.0,0.0
563763,DDD,2014B,0.05,0.025
563769,BBB,2013J,0.0,0.0
563770,DDD,2013J,0.05,0.1
563783,FFF,2013J,0.35,0.05
563787,FFF,2013J,0.4,0.11267605633802817
563794,BBB,2013J,0.2,0.18181818181818182
563819,CCC,2014B,0.0,0.0
563819,DDD,2013J,0.15,0.10714285714285714
563820,BBB,2014J,0.3,0.17142857142857143
563823,FFF,2014B,0.4,0.09302325581395349
563845,DDD,2014J,0.05,0.018867924528301886
563847,DDD,2014J,0.0,0.0
563862,DDD,2013J,0.0,0.0
563874,BBB,2013B,0.1,0.08333333333333333
563877,BBB,2013B,0.05,0.08333333333333333
563878,BBB,2013B,0.0,0.0
563879,BBB,2013B,0.1,0.10526315789473684
563888,DDD,2013J,0.1,0.07407407407407407
563920,CCC,2014J,0.4,0.16326530612244897
563967,EEE,2013J,0.5,0.45454545454545453
563971,DDD,2013J,0.2,0.0975609756097561
563986,BBB,2014B,0.25,0.25
563987,BBB,2014B,0.15,0.13636363636363635
564000,DDD,2014J,0.0,0.0
564105,BBB,2013J,0.3,0.2857142857142857
564115,BBB,2014J,0.8,0.3333333333333333
564119,FFF,2013J,0.5,0.09259259259259259
564129,BBB,2013J,0.1,0.10526315789473684
564144,BBB,2013J,0.1,0.15384615384615385
564213,CCC,2014J,0.0,0.0
564213,DDD,2013J,0.0,0.0
564243,FFF,2014J,0.65,0.13829787234042554
564245,BBB,2013J,0.1,0.06451612903225806
564262,FFF,2013J,0.5,0.10638297872340426
564268,BBB,2013J,0.05,0.1111111111111111
564278,BBB,2014J,0.8,0.36363636363636365
564356,DDD,2013J,0.05,0.04
564409,BBB,2014B,0.0,0.0
564445,EEE,2014J,0.75,0.5769230769230769
564450,AAA,2013J,0.05,0.09090909090909091
564596,BBB,2013J,0.05,0.1111111111111111
564609,GGG,2013J,0.0,0.0
564617,FFF,2014J,0.5,0.11764705882352941
564626,BBB,2013J,0.05,0.07142857142857142
564632,FFF,2014B,0.2,0.0625
564649,CCC,2014J,0.15,0.1111111111111111
564700,EEE,2013J,0.6,0.5217391304347826
564702,FFF,2013J,0.25,0.08928571428571429
564714,CCC,2014J,0.0,0.0
564714,EEE,2013J,0.35,0.2916666666666667
564734,EEE,2014J,0.7,0.4827586206896552
564770,FFF,2013J,0.0,0.0
564792,BBB,2013J,0.0,0.0
564821,FFF,2014J,0.0,0.0
564894,EEE,2013J,0.7,0.42424242424242425
564898,BBB,2013J,0.0,0.0
564906,BBB,2014B,0.0,0.0
564933,FFF,2014J,0.45,0.14516129032258066
564958,BBB,2013J,0.0,0.0
564981,FFF,2013J,0.2,0.05970149253731343
565002,GGG,2013J,0.0,0.0
565006,DDD,2014J,0.1,0.030303030303030304
565017,FFF,2014J,0.5,0.12048192771084337
565066,CCC,2014J,0.25,0.2777777777777778
565109,FFF,2014B,0.2,0.09302325581395349
565158,DDD,2014B,0.2,0.14814814814814814
565175,DDD,2013J,0.1,0.09523809523809523
565182,BBB,2014J,0.45,0.1956521739130435
565209,DDD,2014J,0.1,0.05263157894736842
565222,GGG,2013J,0.05,0.03225806451612903
565273,BBB,2014J,0.4,0.22857142857142856
565275,EEE,2014J,0.45,0.6
565301,DDD,2013J,0.4,0.16
565348,FFF,2014B,0.0,0.0
565373,FFF,2014B,0.5,0.0847457627118644
565393,BBB,2013J,0.4,0.22857142857142856
565399,CCC,2014B,0.35,0.10144927536231885
565446,DDD,2014J,0.0,0.0
565513,BBB,2013J,0.2,0.15384615384615385
565525,GGG,2013J,0.0,0.0
565561,EEE,2013J,0.0,0.0
565570,DDD,2013J,0.15,0.08333333333333333
565575,BBB,2014J,0.15,0.1
565576,BBB,2014J,0.45,0.25
565582,BBB,2013J,0.0,0.0
565587,FFF,2013J,0.5,0.09259259259259259
565599,BBB,2014J,0.45,0.20930232558139536
565605,CCC,2014J,0.4,0.14035087719298245
565607,BBB,2013J,0.65,0.24528301886792453
565640,GGG,2013J,0.25,0.19230769230769232
565653,FFF,2013J,0.05,0.013888888888888888
565657,DDD,2013J,0.25,0.10416666666666667
565698,FFF,2013J,0.25,0.10638297872340426
565715,BBB,2013J,0.0,0.0
565743,CCC,2014J,0.15,0.1875
565840,CCC,2014J,0.0,0.0
565840,DDD,2014B,0.05,0.08333333333333333
565849,FFF,2013J,0.8,0.11510791366906475
565869,BBB,2014B,0.15,0.25
565870,BBB,2013B,0.0,0.0
565883,EEE,2013J,0.45,0.4090909090909091
565888,BBB,2013J,0.05,0.025
565892,GGG,2013J,0.0,0.0
565919,BBB,2013J,0.0,0.0
565952,EEE,2014J,0.65,0.35135135135135137
565990,FFF,2013J,0.25,0.06172839506172839
565993,GGG,2013J,0.0,0.0
565997,FFF,2013J,0.15,0.07894736842105263
566009,FFF,2013J,0.5,0.09900990099009901
566071,EEE,2013J,0.2,0.4
566133,BBB,2013J,0.0,0.0
566134,DDD,2013J,0.1,0.1
566135,CCC,2014J,0.0,0.0
566135,FFF,2013J,0.1,0.05555555555555555
566181,BBB,2014B,0.05,0.034482758620689655
566183,GGG,2013J,0.05,0.05
566185,CCC,2014B,0.0,0.0
566185,DDD,2013J,0.3,0.08108108108108109
566201,EEE,2013J,0.65,0.43333333333333335
566240,DDD,2014B,0.45,0.13043478260869565
566270,FFF,2013J,0.2,0.08
566279,EEE,2014J,0.65,0.4482758620689655
566300,DDD,2014J,0.3,0.07692307692307693
566310,CCC,2014B,0.25,0.11904761904761904
566310,EEE,2013J,0.0,0.0
566337,EEE,2014B,0.2,0.5
566339,BBB,2013J,0.05,0.1
566346,BBB,2013J,0.1,0.07407407407407407
566358,BBB,2013J,0.0,0.0
566369,BBB,2013J,0.3,0.2857142857142857
566381,DDD,2013J,0.15,0.0625
566392,BBB,2013J,0.45,0.225
566407,BBB,2013J,0.25,0.17857142857142858
566415,BBB,2013J,0.0,0.0
566422,EEE,2014B,0.55,0.4230769230769231
566428,CCC,2014B,0.0,0.0
566428,EEE,2014J,0.55,0.4230769230769231
566447,CCC,2014J,0.15,0.15
566460,FFF,2014B,0.05,0.1111111111111111
566464,CCC,2014J,0.05,0.05
566465,FFF,2013J,0.05,0.010869565217391304
566482,DDD,2013J,0.0,0.0
566482,DDD,2014J,0.05,0.07142857142857142
566512,GGG,2014J,0.05,0.058823529411764705
566553,DDD,2014J,0.0,0.0
566652,DDD,2014B,0.05,0.5
566664,EEE,2013J,0.55,0.4230769230769231
566669,BBB,2014B,0.05,0.07692307692307693
566670,CCC,2014B,0.3,0.1276595744680851
566694,DDD,2014B,0.05,0.03571428571428571
566715,CCC,2014B,0.1,0.2222222222222222
566720,BBB,2013J,0.1,0.10526315789473684
566788,DDD,2014B,0.05,0.05
566813,BBB,2013J,0.5,0.17543859649122806
566814,BBB,2013J,0.2,0.3076923076923077
566817,FFF,2013J,0.2,0.08333333333333333
566818,GGG,2014B,0.0,0.0
566863,FFF,2013J,0.05,0.02857142857142857
566923,GGG,2013J,0.0,0.0
566938,CCC,2014J,0.35,0.125
566963,GGG,2013J,0.1,0.05555555555555555
566973,FFF,2013J,0.45,0.0743801652892562
566979,CCC,2014J,0.0,0.0
566979,DDD,2013J,0.15,0.058823529411764705
567009,GGG,2013J,0.1,0.1111111111111111
567013,BBB,2013J,0.0,0.0
567033,BBB,2013J,0.0,0.0
567048,BBB,2014B,0.2,0.25
567059,BBB,2014B,0.0,0.0
567152,DDD,2013J,0.15,0.06521739130434782
567160,BBB,2013J,0.0,0.0
567165,FFF,2013J,0.2,0.07272727272727272
567167,DDD,2013J,0.15,0.061224489795918366
567211,GGG,2013J,0.0,0.0
567222,FFF,2013J,0.2,0.09302325581395349
567223,FFF,2013J,0.0,0.0
567262,BBB,2013J,0.0,0.0
567285,DDD,2014J,0.2,0.056338028169014086
567292,DDD,2013J,0.3,0.13043478260869565
567304,CCC,2014J,0.0,0.0
567304,DDD,2013J,0.0,0.0
567312,FFF,2013J,0.25,0.08196721311475409
567325,GGG,2013J,0.1,0.07692307692307693
567363,BBB,2013J,0.0,0.0
567402,BBB,2013J,0.0,0.0
567417,DDD,2013J,0.35,0.08045977011494253
567429,BBB,2013J,0.0,0.0
567451,DDD,2013J,0.2,0.125
567500,BBB,2013J,0.0,0.0
567595,DDD,2014B,0.1,0.03636363636363636
567597,CCC,2014J,0.0,0.0
567627,BBB,2013J,0.2,0.23529411764705882
567629,FFF,2014B,0.1,0.06451612903225806
567676,FFF,2013J,0.0,0.0
567719,CCC,2014J,0.1,0.09090909090909091
567752,EEE,2013J,0.55,0.4074074074074074
567754,BBB,2013J,0.05,0.05
567757,BBB,2014B,0.0,0.0
567859,FFF,2014B,0.4,0.25
567873,FFF,2014B,0.1,0.07142857142857142
567880,FFF,2013J,0.15,0.061224489795918366
567888,CCC,2014J,0.0,0.0
567888,FFF,2013J,0.45,0.07627118644067797
567889,BBB,2014B,0.05,0.058823529411764705
567892,EEE,2013J,0.1,0.4
567892,EEE,2014J,0.0,0.0
567901,FFF,2013J,0.45,0.11842105263157894
567915,BBB,2013J,0.2,0.18181818181818182
567929,BBB,2013J,0.1,0.09523809523809523
567950,EEE,2013J,0.55,0.4583333333333333
567958,BBB,2013J,0.0,0.0
567963,BBB,2014B,0.2,0.0975609756097561
567970,DDD,2013J,0.15,0.07894736842105263
567979,BBB,2013J,0.05,0.1
568019,BBB,2014J,0.35,0.20588235294117646
568047,CCC,2014B,0.0,0.0
568068,DDD,2013J,0.1,0.2857142857142857
568074,BBB,2013J,0.0,0.0
568084,CCC,2014B,0.0,0.0
568084,FFF,2013J,0.15,0.05357142857142857
568103,DDD,2014J,0.05,0.03225806451612903
568118,GGG,2013J,0.1,0.08695652173913043
568132,FFF,2013J,0.1,0.03571428571428571
568153,FFF,2013J,0.5,0.08620689655172414
568196,DDD,2013J,0.3,0.07692307692307693
568204,FFF,2013J,0.5,0.17857142857142858
568207,FFF,2013J,0.2,0.06557377049180328
568223,DDD,2013J,0.3,0.08823529411764706
568232,BBB,2014J,0.4,0.25806451612903225
568234,FFF,2013J,0.05,0.027777777777777776
568288,GGG,2013J,0.4,0.2
568297,DDD,2014J,0.0,0.0
568307,CCC,2014J,0.0,0.0
568333,FFF,2013J,0.55,0.10185185185185185
568370,BBB,2013J,0.3,0.2
568370,BBB,2014B,0.0,0.0
568446,DDD,2014J,0.1,0.03571428571428571
568450,FFF,2013J,0.25,0.05747126436781609
568474,BBB,2013J,0.1,0.1111111111111111
568502,BBB,2013J,0.1,0.09090909090909091
568533,BBB,2013J,0.05,0.05
568539,GGG,2013J,0.15,0.23076923076923078
568551,FFF,2013J,0.35,0.09859154929577464
568559,BBB,2014B,0.1,0.03636363636363636
568566,DDD,2013J,0.25,0.06493506493506493
568592,FFF,2013J,0.75,0.1079136690647482
568596,CCC,2014J,0.4,0.19047619047619047
568598,DDD,2013J,0.35,0.1
568601,AAA,2013J,0.05,0.2
568602,FFF,2013J,0.05,0.06666666666666667
568631,DDD,2014B,0.0,0.0
568644,FFF,2013J,0.15,0.075
568686,DDD,2014B,0.0,0.0
568691,CCC,2014J,0.05,0.023255813953488372
568741,DDD,2013J,0.15,0.10714285714285714
568749,BBB,2014J,0.7,0.32558139534883723
568763,FFF,2013J,0.0,0.0
568767,FFF,2013J,0.3,0.09836065573770492
568774,FFF,2013J,0.2,0.04819277108433735
568813,EEE,2013J,0.8,0.5
568835,DDD,2013J,0.05,0.05263157894736842
568852,GGG,2014J,0.2,0.13333333333333333
568910,FFF,2013J,0.0,0.0
568948,CCC,2014J,0.0,0.0
568948,DDD,2013J,0.05,0.01694915254237288
568954,FFF,2014B,0.45,0.1125
568963,DDD,2013J,0.2,0.06779661016949153
568968,BBB,2014B,0.0,0.0
568973,GGG,2013J,0.0,0.0
568987,FFF,2013J,0.0,0.0
568987,FFF,2014J,0.0,0.0
568998,FFF,2014J,0.0,0.0
569016,FFF,2013J,0.35,0.09859154929577464
569034,FFF,2014J,0.6,0.12371134020618557
569035,BBB,2013J,0.4,0.17777777777777778
569065,FFF,2014B,0.15,0.043478260869565216
569080,CCC,2014B,0.0,0.0
569080,FFF,2014J,0.5,0.13157894736842105
569084,DDD,2014B,0.3,0.1111111111111111
569093,GGG,2014B,0.35,0.21875
569107,FFF,2013J,0.6,0.0851063829787234
569108,CCC,2014B,0.0,0.0
569108,FFF,2014J,0.6,0.1411764705882353
569132,FFF,2013J,0.35,0.1111111111111111
569141,BBB,2013J,0.0,0.0
569167,FFF,2013J,0.2,0.09302325581395349
569225,BBB,2014B,0.0,0.0
569253,GGG,2013J,0.3,0.15384615384615385
569277,CCC,2014J,0.0,0.0
569279,DDD,2013J,0.15,0.08571428571428572
569334,BBB,2013J,0.1,1.0
569342,CCC,2014B,0.0,0.0
569342,EEE,2013J,0.45,0.5
569358,EEE,2013J,0.55,0.8461538461538461
569372,EEE,2014J,0.85,0.4857142857142857
569374,GGG,2014J,0.0,0.0
569474,FFF,2013J,0.45,0.12162162162162163
569490,GGG,2013J,0.3,0.16666666666666666
569505,AAA,2014J,0.75,0.40540540540540543
569507,FFF,2013J,0.65,0.1
569511,GGG,2013J,0.05,0.05263157894736842
569560,EEE,2013J,0.4,0.36363636363636365
569566,FFF,2013J,0.25,0.08620689655172414
569589,BBB,2014J,0.6,0.32432432432432434
569609,CCC,2014B,0.0,0.0
569609,FFF,2013J,0.15,0.021739130434782608
569620,EEE,2014B,0.05,0.5
569625,FFF,2013J,0.25,0.125
569633,DDD,2014J,0.05,0.023809523809523808
569663,BBB,2014B,0.35,0.25925925925925924
569664,BBB,2014B,0.0,0.0
569672,GGG,2014J,0.0,0.0
569679,GGG,2013J,0.25,0.19230769230769232
569694,EEE,2013J,0.5,0.45454545454545453
569706,DDD,2014B,0.0,0.0
569706,EEE,2013J,0.0,0.0
569712,CCC,2014B,0.0,0.0
569712,FFF,2013J,0.4,0.09523809523809523
569737,DDD,2014J,0.2,0.06557377049180328
569761,BBB,2014B,0.05,0.07692307692307693
569783,FFF,2014B,0.0,0.0
569840,DDD,2014J,0.05,0.02631578947368421
569854,BBB,2013J,0.15,0.1875
569857,DDD,2013J,0.1,0.06060606060606061
569862,BBB,2013J,0.0,0.0
569864,BBB,2014B,0.0,0.0
569876,FFF,2014J,0.75,0.14563106796116504
569928,DDD,2013J,0.1,0.034482758620689655
569930,BBB,2013J,0.0,0.0
569935,DDD,2013J,0.25,0.09803921568627451
569944,CCC,2014J,0.0,0.0
569944,DDD,2014B,0.15,0.06666666666666667
569953,EEE,2014J,0.5,0.625
569970,BBB,2014B,0.1,0.14285714285714285
569974,GGG,2013J,0.4,0.2222222222222222
569978,DDD,2013J,0.25,0.08620689655172414
569981,BBB,2014J,0.4,0.24242424242424243
569984,GGG,2013J,0.1,0.1111111111111111
570004,FFF,2014J,0.0,0.0
570031,BBB,2014B,0.1,0.11764705882352941
570045,EEE,2014J,0.55,0.36666666666666664
570049,DDD,2014B,0.15,0.046153846153846156
570061,FFF,2013J,0.2,0.09302325581395349
570119,DDD,2014J,0.05,0.024390243902439025
570137,BBB,2013J,0.05,0.034482758620689655
570141,GGG,2013J,0.0,0.0
570157,BBB,2013J,0.25,0.25
570168,BBB,2013J,0.0,0.0
570186,BBB,2014B,0.0,0.0
570213,FFF,2013J,0.35,0.06140350877192982
570213,FFF,2014J,0.0,0.0
570215,DDD,2014B,0.55,0.1
570237,DDD,2013J,0.2,0.06349206349206349
570239,BBB,2014B,0.0,0.0
570264,FFF,2014B,0.05,0.06666666666666667
570271,BBB,2013J,0.0,0.0
570273,EEE,2014J,0.55,0.39285714285714285
570275,BBB,2014J,0.45,0.21428571428571427
570280,FFF,2013J,0.1,0.05
570287,BBB,2013J,0.0,0.0
570317,AAA,2014J,0.55,0.4074074074074074
570351,BBB,2013J,0.1,0.06666666666666667
570377,EEE,2013J,0.0,0.0
570403,DDD,2013J,0.15,0.05660377358490566
570410,CCC,2014B,0.1,0.11764705882352941
570411,DDD,2014J,0.1,0.038461538461538464
570414,EEE,2013J,0.1,0.3333333333333333
570428,FFF,2013J,0.4,0.0963855421686747
570437,BBB,2014B,0.1,0.0392156862745098
570453,CCC,2014J,0.0,0.0
570453,EEE,2013J,0.35,0.4375
570455,FFF,2013J,0.5,0.11764705882352941
570484,BBB,2014J,0.5,0.2564102564102564
570488,EEE,2013J,0.25,0.625
570491,CCC,2014J,0.0,0.0
570491,EEE,2014J,0.75,0.5
570515,FFF,2013J,0.05,0.5
570517,FFF,2013J,0.05,0.024390243902439025
570529,GGG,2013J,0.25,0.17857142857142858
570531,DDD,2013J,0.05,0.034482758620689655
570550,FFF,2013J,0.3,0.09836065573770492
570623,BBB,2013J,0.2,0.15384615384615385
570626,EEE,2013J,0.35,0.4666666666666667
570627,BBB,2014B,0.45,0.3
570630,DDD,2013J,0.25,0.09259259259259259
570671,DDD,2013J,0.3,0.0821917808219178
570689,FFF,2013J,0.05,0.08333333333333333
570689,FFF,2014J,0.0,0.0
570717,FFF,2013J,0.15,0.10344827586206896
570732,CCC,2014J,0.0,0.0
570732,FFF,2013J,0.4,0.07207207207207207
570757,CCC,2014J,0.0,0.0
570759,BBB,2013J,0.0,0.0
570783,BBB,2013J,0.0,0.0
570801,GGG,2013J,0.25,0.1388888888888889
570807,FFF,2013J,0.65,0.1092436974789916
570863,DDD,2014J,0.25,0.08928571428571429
570864,BBB,2013J,0.0,0.0
570871,DDD,2013J,0.15,0.06521739130434782
570872,CCC,2014B,0.0,0.0
570872,DDD,2013J,0.25,0.0847457627118644
570878,FFF,2013J,0.0,0.0
570896,DDD,2013J,0.2,0.08888888888888889
570967,CCC,2014B,0.2,0.10810810810810811
570978,FFF,2013J,0.4,0.12698412698412698
570985,CCC,2014J,0.75,0.2459016393442623
571000,DDD,2014B,0.05,0.014705882352941176
571019,FFF,2013J,0.5,0.09803921568627451
571022,FFF,2013J,0.7,0.10852713178294573
571025,CCC,2014B,0.25,0.23809523809523808
571025,EEE,2014B,0.0,0.0
571050,FFF,2014B,0.15,0.07692307692307693
571074,FFF,2014J,0.85,0.1297709923664122
571083,BBB,2013J,0.05,0.08333333333333333
571089,GGG,2014B,0.0,0.0
571117,FFF,2013J,0.15,0.05357142857142857
571128,EEE,2014B,0.65,0.4642857142857143
571129,CCC,2014B,0.3,0.14634146341463414
571131,CCC,2014J,0.0,0.0
571131,DDD,2013J,0.15,0.09090909090909091
571186,EEE,2013J,0.6,0.42857142857142855
571190,FFF,2014B,0.5,0.09803921568627451
571223,BBB,2014B,0.2,0.15384615384615385
571233,EEE,2014B,0.05,0.07142857142857142
571242,DDD,2013J,0.2,0.0975609756097561
571316,FFF,2014B,0.4,0.17777777777777778
571334,BBB,2014J,0.3,0.2222222222222222
571334,GGG,2013J,0.0,0.0
571355,FFF,2013J,0.3,0.07692307692307693
571363,FFF,2013J,0.05,0.02631578947368421
571380,GGG,2013J,0.05,0.04
571389,EEE,2014B,0.05,1.0
571395,BBB,2014J,0.05,0.125
571397,DDD,2014B,0.05,0.024390243902439025
571441,BBB,2013J,0.0,0.0
571443,EEE,2013J,0.85,0.4594594594594595
571448,EEE,2013J,0.1,0.25
571451,DDD,2013J,0.25,0.08196721311475409
571458,GGG,2013J,0.65,0.5416666666666666
571490,FFF,2013J,0.45,0.06338028169014084
571503,BBB,2013J,0.1,0.16666666666666666
571512,DDD,2013J,0.15,0.04225352112676056
571516,BBB,2013J,0.0,0.0
571540,BBB,2014B,0.0,0.0
571554,BBB,2013J,0.0,0.0
571571,CCC,2014B,0.0,0.0
571577,GGG,2013J,0.5,0.23809523809523808
571583,GGG,2014J,0.1,0.07692307692307693
571595,EEE,2013J,0.45,0.5294117647058824
571610,EEE,2013J,0.45,0.375
571612,FFF,2013J,0.0,0.0
571612,FFF,2014B,0.0,0.0
571614,BBB,2014B,0.25,0.4166666666666667
571620,EEE,2013J,0.55,0.4782608695652174
571622,FFF,2013J,0.1,0.058823529411764705
571640,DDD,2013J,0.05,0.02631578947368421
571641,BBB,2014J,0.1,0.10526315789473684
571644,DDD,2014J,0.05,0.02702702702702703
571650,FFF,2013J,0.65,0.11016949152542373
571681,BBB,2013J,0.25,0.25
571686,EEE,2013J,0.6,0.46153846153846156
571693,BBB,2013J,0.25,0.14705882352941177
571696,GGG,2013J,0.1,0.05
571716,DDD,2013J,0.1,0.05405405405405406
571765,CCC,2014J,0.0,0.0
571765,DDD,2013J,0.1,0.05128205128205128
571768,GGG,2013J,0.1,0.13333333333333333
571776,CCC,2014B,0.0,0.0
571776,DDD,2013J,0.25,0.07042253521126761
571779,BBB,2013J,0.3,0.14634146341463414
571787,GGG,2013J,0.0,0.0
571800,FFF,2013J,0.35,0.09090909090909091
571802,FFF,2013J,0.05,0.05263157894736842
571808,CCC,2014J,0.0,0.0
571808,DDD,2013J,0.35,0.14
571818,EEE,2013J,0.5,0.45454545454545453
571828,FFF,2013J,0.4,0.07207207207207207
571831,FFF,2013J,0.15,0.05
571833,CCC,2014J,0.75,0.3191489361702128
571844,FFF,2014B,0.0,0.0
571859,FFF,2013J,0.4,0.08888888888888889
571862,FFF,2013J,0.65,0.07692307692307693
571871,BBB,2013J,0.25,0.13157894736842105
571880,BBB,2014B,0.0,0.0
571883,GGG,2013J,0.2,0.25
571885,BBB,2013J,0.0,0.0
571893,FFF,2013J,0.25,0.10416666666666667
571897,BBB,2014B,0.05,0.043478260869565216
571907,BBB,2013J,0.0,0.0
571921,CCC,2014J,0.0,0.0
571921,DDD,2013J,0.05,0.010869565217391304
571926,FFF,2013J,0.3,0.08108108108108109
571950,DDD,2013J,0.0,0.0
571951,DDD,2013J,0.25,0.06329113924050633
571952,GGG,2013J,0.1,0.09523809523809523
571954,BBB,2014B,0.0,0.0
571962,CCC,2014J,0.0,0.0
571962,FFF,2014B,0.25,0.1
571963,EEE,2014B,0.35,0.3888888888888889
571973,FFF,2013J,0.1,0.05
571992,EEE,2013J,0.25,0.4166666666666667
572003,FFF,2013J,0.15,0.05357142857142857
572011,CCC,2014J,0.0,0.0
572011,FFF,2013J,0.2,0.10526315789473684
572024,EEE,2013J,0.5,0.47619047619047616
572032,BBB,2014J,0.2,0.10256410256410256
572036,CCC,2014B,0.1,0.09523809523809523
572036,FFF,2013J,0.0,0.0
572047,FFF,2013J,0.1,0.03225806451612903
572051,BBB,2013J,0.0,0.0
572053,FFF,2013J,0.7,0.109375
572060,DDD,2013J,0.25,0.08064516129032258
572067,BBB,2013J,0.05,0.04
572074,FFF,2014J,0.1,0.08
572076,FFF,2013J,0.0,0.0
572098,CCC,2014J,0.25,0.08928571428571429
572101,BBB,2014J,0.3,0.2222222222222222
572103,BBB,2013J,0.0,0.0
572106,BBB,2014J,0.05,0.5
572116,FFF,2013J,0.0,0.0
572119,BBB,2014J,0.05,0.03571428571428571
572124,FFF,2013J,0.25,0.08620689655172414
572125,FFF,2013J,0.25,0.060240963855421686
572149,DDD,2013J,0.35,0.09210526315789473
572154,CCC,2014J,0.0,0.0
572154,FFF,2014B,0.2,0.044444444444444446
572156,DDD,2014J,0.1,0.02531645569620253
572163,BBB,2013J,0.05,0.16666666666666666
572168,EEE,2013J,0.35,0.5
572179,FFF,2013J,0.0,0.0
572187,BBB,2014B,0.0,0.0
572213,FFF,2013J,0.0,0.0
572213,FFF,2014J,0.4,0.12903225806451613
572231,CCC,2014J,0.0,0.0
572231,DDD,2013J,0.05,0.03571428571428571
572233,DDD,2013J,0.1,0.08695652173913043
572241,DDD,2013J,0.0,0.0
572250,FFF,2013J,0.15,0.061224489795918366
572265,FFF,2013J,0.0,0.0
572265,FFF,2014J,0.0,0.0
572270,FFF,2013J,0.2,0.06153846153846154
572274,FFF,2013J,0.25,0.1282051282051282
572277,BBB,2013J,0.0,0.0
572279,EEE,2013J,0.2,0.5
572280,DDD,2013J,0.15,0.075
572281,DDD,2014J,0.0,0.0
572290,BBB,2014B,0.0,0.0
572302,BBB,2013J,0.0,0.0
572303,CCC,2014B,0.0,0.0
572303,EEE,2013J,0.65,0.40625
572306,BBB,2014J,0.05,0.043478260869565216
572335,GGG,2013J,0.0,0.0
572338,DDD,2013J,0.2,0.06557377049180328
572348,DDD,2013J,0.45,0.1
572367,FFF,2014B,0.1,0.08333333333333333
572371,BBB,2014J,0.05,0.2
572382,CCC,2014B,0.0,0.0
572382,DDD,2013J,0.1,0.11764705882352941
572388,GGG,2013J,0.0,0.0
572395,BBB,2014J,0.35,0.2692307692307692
572396,CCC,2014J,0.05,0.04
572396,EEE,2013J,0.0,0.0
572397,FFF,2013J,0.4,0.1111111111111111
572401,CCC,2014B,0.0,0.0
572410,FFF,2013J,0.15,0.04918032786885246
572414,DDD,2014J,0.0,0.0
572416,BBB,2013J,0.35,0.35
572430,DDD,2014J,0.05,0.05263157894736842
572431,CCC,2014J,0.0,0.0
572431,DDD,2013J,0.2,0.08163265306122448
572434,DDD,2014J,0.0,0.0
572436,BBB,2013J,0.0,0.0
572438,CCC,2014B,0.15,0.05555555555555555
572447,BBB,2013J,0.0,0.0
572452,DDD,2013J,0.05,0.14285714285714285
572457,DDD,2013J,0.25,0.0847457627118644
572460,DDD,2013J,0.15,0.15
572471,GGG,2014J,0.0,0.0
572495,BBB,2013J,0.0,0.0
572496,BBB,2014J,0.25,0.21739130434782608
572504,BBB,2013J,0.25,0.125
572505,FFF,2013J,0.6,0.1111111111111111
572508,BBB,2013J,0.25,0.20833333333333334
572514,BBB,2013J,0.0,0.0
572515,EEE,2013J,0.6,0.375
572537,CCC,2014J,0.2,0.1
572538,BBB,2014J,0.45,0.17307692307692307
572560,FFF,2013J,0.15,0.047619047619047616
572567,DDD,2013J,0.05,0.07692307692307693
572570,CCC,2014B,0.0,0.0
572570,EEE,2013J,0.45,0.42857142857142855
572584,CCC,2014J,0.0,0.0
572584,FFF,2013J,0.3,0.09836065573770492
572588,FFF,2013J,0.25,0.0847457627118644
572589,CCC,2014J,0.0,0.0
572589,FFF,2013J,0.1,0.13333333333333333
572599,EEE,2014J,0.85,0.6296296296296297
572602,EEE,2013J,0.6,0.5217391304347826
572634,FFF,2013J,0.2,0.05970149253731343
572648,DDD,2013J,0.15,0.08823529411764706
572652,AAA,2013J,0.45,0.23684210526315788
572663,GGG,2013J,0.1,0.125
572688,DDD,2013J,0.15,0.125
572697,DDD,2013J,0.2,0.0784313725490196
572702,FFF,2013J,0.15,0.07142857142857142
572714,GGG,2013J,0.35,0.16666666666666666
572716,FFF,2014B,0.25,0.1111111111111111
572718,FFF,2013J,0.15,0.06666666666666667
572730,DDD,2013J,0.25,0.11363636363636363
572733,BBB,2013J,0.0,0.0
572735,CCC,2014J,0.0,0.0
572735,DDD,2013J,0.2,0.057971014492753624
572739,BBB,2013J,0.05,0.5
572752,BBB,2013J,0.05,0.05263157894736842
572754,DDD,2013J,0.05,0.06666666666666667
572765,BBB,2013J,0.05,0.038461538461538464
572769,FFF,2013J,0.3,0.10526315789473684
572774,DDD,2013J,0.3,0.08450704225352113
572783,CCC,2014J,0.0,0.0
572783,FFF,2013J,0.4,0.03007518796992481
572806,DDD,2013J,0.2,0.0547945205479452
572832,FFF,2014B,0.55,0.16417910447761194
572845,FFF,2013J,0.5,0.125
572854,CCC,2014B,0.0,0.0
572854,DDD,2013J,0.15,0.058823529411764705
572860,FFF,2013J,0.6,0.13636363636363635
572870,FFF,2014B,0.15,0.07317073170731707
572874,CCC,2014J,0.0,0.0
572874,DDD,2013J,0.1,0.03636363636363636
572880,DDD,2013J,0.1,0.05555555555555555
572880,DDD,2014J,0.0,0.0
572891,CCC,2014B,0.0,0.0
572891,EEE,2013J,0.55,0.55
572898,BBB,2013J,0.0,0.0
572918,BBB,2013J,0.0,0.0
572919,CCC,2014J,0.2,0.2
572924,DDD,2014B,0.3,0.08
572944,EEE,2013J,0.1,0.4
572949,DDD,2013J,0.05,0.16666666666666666
572976,DDD,2013J,0.0,0.0
573007,FFF,2013J,0.0,0.0
573043,BBB,2013J,0.0,0.0
573054,GGG,2014J,0.25,0.1388888888888889
573063,BBB,2013J,0.0,0.0
573093,CCC,2014J,0.0,0.0
573093,FFF,2013J,0.25,0.08771929824561403
573108,BBB,2014B,0.0,0.0
573126,DDD,2014B,0.15,0.06976744186046512
573130,BBB,2014J,0.4,0.17777777777777778
573131,BBB,2014J,0.1,0.05263157894736842
573134,GGG,2013J,0.45,0.5625
573150,FFF,2013J,0.2,0.18181818181818182
573152,FFF,2013J,0.45,0.10843373493975904
573153,EEE,2013J,0.7,0.5185185185185185
573159,BBB,2013J,0.0,0.0
573159,BBB,2014J,0.0,0.0
573166,CCC,2014B,0.05,0.2
573166,FFF,2013J,0.0,0.0
573173,FFF,2013J,0.35,0.125
573199,FFF,2013J,0.0,0.0
573200,EEE,2013J,0.55,0.4230769230769231
573208,BBB,2013J,0.05,0.25
573214,EEE,2013J,0.3,0.35294117647058826
573223,BBB,2013J,0.0,0.0
573224,FFF,2013J,0.05,0.015625
573225,BBB,2013J,0.0,0.0
573245,FFF,2013J,0.0,0.0
573280,FFF,2013J,0.0,0.0
573291,FFF,2013J,0.1,0.11764705882352941
573292,EEE,2013J,0.55,0.44
573294,GGG,2013J,0.25,0.18518518518518517
573297,BBB,2014J,0.15,0.0967741935483871
573320,GGG,2014J,0.0,0.0
573323,BBB,2014B,0.0,0.0
573328,DDD,2014J,0.0,0.0
573331,GGG,2013J,0.1,0.06666666666666667
573336,EEE,2013J,0.65,0.4482758620689655
573377,CCC,2014B,0.25,0.19230769230769232
573377,EEE,2013J,0.0,0.0
573411,BBB,2013J,0.0,0.0
573433,BBB,2013J,0.6,0.23529411764705882
573434,FFF,2013J,0.25,0.078125
573440,CCC,2014B,0.0,0.0
573440,EEE,2013J,0.1,0.125
573453,BBB,2013J,0.05,0.043478260869565216
573460,GGG,2013J,0.15,0.16666666666666666
573462,EEE,2013J,0.25,0.35714285714285715
573464,GGG,2013J,0.1,0.08
573467,FFF,2013J,0.25,0.1
573473,CCC,2014J,0.0,0.0
573473,DDD,2013J,0.05,0.04
573488,BBB,2014B,0.0,0.0
573496,BBB,2014B,0.0,0.0
573519,BBB,2013J,0.0,0.0
573534,BBB,2014J,0.55,0.2619047619047619
573549,FFF,2014B,0.4,0.12307692307692308
573550,EEE,2013J,0.35,0.7
573554,GGG,2013J,0.1,0.08695652173913043
573558,CCC,2014B,0.3,0.1935483870967742
573558,EEE,2014B,0.0,0.0
573578,BBB,2013J,0.2,0.12121212121212122
573583,FFF,2014J,0.45,0.16666666666666666
573593,EEE,2013J,0.55,0.5789473684210527
573602,DDD,2013J,0.2,0.08
573639,FFF,2013J,0.25,0.07575757575757576
573646,DDD,2013J,0.05,0.1
573646,DDD,2014J,0.0,0.0
573654,BBB,2013J,0.1,0.2222222222222222
573662,EEE,2013J,0.6,0.4444444444444444
573666,GGG,2013J,0.0,0.0
573674,FFF,2013J,0.05,0.5
573678,FFF,2013J,0.1,0.05405405405405406
573689,DDD,2013J,0.1,0.05263157894736842
573697,FFF,2013J,0.0,0.0
573697,FFF,2014J,0.0,0.0
573704,FFF,2013J,0.1,0.05263157894736842
573713,BBB,2014J,0.65,0.30952380952380953
573742,DDD,2014J,0.0,0.0
573742,EEE,2013J,0.3,0.4
573766,FFF,2013J,0.35,0.175
573777,BBB,2013J,0.0,0.0
573780,DDD,2013J,0.05,0.05263157894736842
573790,BBB,2013J,0.3,0.375
573806,BBB,2014B,0.05,0.04
573821,BBB,2013J,0.0,0.0
573831,BBB,2013J,0.0,0.0
573845,DDD,2013J,0.1,0.13333333333333333
573851,BBB,2014B,0.5,0.3448275862068966
573853,BBB,2014B,0.0,0.0
573858,CCC,2014J,0.1,0.05405405405405406
573864,FFF,2013J,0.1,0.04081632653061224
573893,BBB,2013J,0.2,0.12903225806451613
573900,FFF,2013J,0.3,0.1016949152542373
573901,FFF,2013J,0.0,0.0
573920,EEE,2013J,0.55,0.4583333333333333
573924,CCC,2014J,0.0,0.0
573934,BBB,2014J,0.4,0.32
573951,FFF,2013J,0.7,0.12280701754385964
573969,DDD,2014J,0.05,0.027777777777777776
573986,BBB,2013J,0.0,0.0
574002,BBB,2013J,0.05,0.1
574028,FFF,2014B,0.6,0.14814814814814814
574031,BBB,2014J,0.7,0.3111111111111111
574035,DDD,2013J,0.25,0.11363636363636363
574038,EEE,2013J,0.6,0.5217391304347826
574056,FFF,2013J,0.2,0.06557377049180328
574063,BBB,2014J,0.15,0.08823529411764706
574065,BBB,2013J,0.0,0.0
574070,FFF,2013J,0.25,0.054945054945054944
574078,FFF,2013J,0.25,0.0684931506849315
574088,DDD,2013J,0.25,0.09615384615384616
574098,DDD,2013J,0.15,0.06521739130434782
574099,DDD,2013J,0.0,0.0
574101,EEE,2013J,0.0,0.0
574125,BBB,2013J,0.05,0.03225806451612903
574190,DDD,2014B,0.0,0.0
574194,BBB,2013J,0.0,0.0
574207,FFF,2013J,0.35,0.14
574212,BBB,2013J,0.65,0.203125
574221,CCC,2014B,0.05,0.0625
574238,GGG,2013J,0.0,0.0
574244,BBB,2014J,0.2,0.26666666666666666
574245,FFF,2013J,0.05,0.1111111111111111
574250,BBB,2013J,0.1,0.08333333333333333
574253,BBB,2014J,0.3,0.2727272727272727
574259,CCC,2014J,0.0,0.0
574259,EEE,2013J,0.45,0.42857142857142855
574283,CCC,2014B,0.0,0.0
574283,FFF,2013J,0.1,0.0392156862745098
574310,CCC,2014J,0.0,0.0
574310,DDD,2013J,0.2,0.06557377049180328
574315,FFF,2013J,0.1,0.03773584905660377
574320,BBB,2013J,0.0,0.0
574325,CCC,2014J,0.35,0.1590909090909091
574330,DDD,2013J,0.0,0.0
574347,DDD,2014J,0.0,0.0
574348,BBB,2013J,0.05,0.043478260869565216
574351,GGG,2013J,0.0,0.0
574418,FFF,2013J,0.25,0.09259259259259259
574431,DDD,2014J,0.0,0.0
574446,FFF,2013J,0.4,0.14035087719298245
574498,DDD,2013J,0.3,0.08823529411764706
574505,AAA,2014J,0.55,0.3333333333333333
574507,CCC,2014J,0.0,0.0
574507,EEE,2013J,0.25,0.45454545454545453
574508,EEE,2014B,0.0,0.0
574512,BBB,2014J,0.0,0.0
574512,GGG,2013J,0.2,0.17391304347826086
574523,EEE,2014B,0.25,0.3333333333333333
574527,FFF,2014J,0.8,0.12213740458015267
574529,DDD,2013J,0.05,0.1
574534,FFF,2013J,0.65,0.13402061855670103
574549,BBB,2013J,0.05,0.045454545454545456
574551,CCC,2014B,0.0,0.0
574551,FFF,2013J,0.35,0.12280701754385964
574569,BBB,2014B,0.05,0.02631578947368421
574570,FFF,2013J,0.25,0.06666666666666667
574586,CCC,2014J,0.0,0.0
574586,EEE,2013J,0.2,0.15384615384615385
574590,CCC,2014J,0.0,0.0
574590,DDD,2014B,0.45,0.13432835820895522
574606,GGG,2013J,0.0,0.0
574608,EEE,2013J,0.65,0.43333333333333335
574612,DDD,2014J,0.0,0.0
574623,DDD,2013J,0.1,0.09523809523809523
574637,CCC,2014J,0.0,0.0
574637,EEE,2014B,0.5,0.5263157894736842
574642,GGG,2013J,0.0,0.0
574648,BBB,2013J,0.0,0.0
574671,FFF,2014B,0.15,0.05555555555555555
574681,FFF,2013J,0.05,0.01818181818181818
574705,CCC,2014J,0.0,0.0
574705,DDD,2013J,0.2,0.08163265306122448
574708,BBB,2013J,0.0,0.0
574720,CCC,2014J,0.0,0.0
574720,DDD,2013J,0.0,0.0
574722,FFF,2013J,0.25,0.07575757575757576
574732,FFF,2013J,0.55,0.11458333333333333
574735,FFF,2013J,0.05,0.0196078431372549
574743,DDD,2013J,0.0,0.0
574766,BBB,2013J,0.0,0.0
574817,CCC,2014B,0.15,0.125
574819,DDD,2013J,0.25,0.1
574830,EEE,2013J,0.55,0.4230769230769231
574841,BBB,2014J,0.4,0.1951219512195122
574842,DDD,2013J,0.1,0.06896551724137931
574843,DDD,2014J,0.0,0.0
574845,FFF,2013J,0.65,0.1
574849,BBB,2014J,0.3,0.21428571428571427
574857,GGG,2013J,0.1,0.08
574865,BBB,2014J,0.3,0.1935483870967742
574873,DDD,2013J,0.3,0.08695652173913043
574874,FFF,2013J,0.6,0.08823529411764706
574895,DDD,2013J,0.3,0.09090909090909091
574909,DDD,2014B,0.5,0.0970873786407767
574928,CCC,2014J,0.4,0.1702127659574468
574928,DDD,2014J,0.0,0.0
574938,DDD,2013J,0.25,0.0847457627118644
574948,GGG,2013J,0.1,0.08333333333333333
574957,GGG,2013J,0.0,0.0
574960,GGG,2013J,0.0,0.0
574973,BBB,2013J,0.05,0.034482758620689655
574983,EEE,2013J,0.35,0.25
574988,GGG,2013J,0.5,0.23809523809523808
575009,DDD,2014J,0.05,0.015384615384615385
575018,BBB,2013J,0.0,0.0
575039,CCC,2014J,0.4,0.11764705882352941
575039,FFF,2013J,0.0,0.0
575047,CCC,2014J,0.0,0.0
575047,EEE,2013J,0.25,0.3333333333333333
575066,EEE,2014J,0.75,0.5
575069,FFF,2014J,0.3,0.0821917808219178
575089,BBB,2013J,0.0,0.0
575100,BBB,2013J,0.1,0.2
575112,FFF,2014J,0.55,0.22916666666666666
575124,BBB,2013J,0.45,0.1956521739130435
575136,GGG,2013J,0.2,0.125
575162,EEE,2014B,0.25,0.35714285714285715
575166,CCC,2014B,0.0,0.0
575166,EEE,2013J,0.4,0.38095238095238093
575186,FFF,2013J,0.15,0.08823529411764706
575192,DDD,2013J,0.2,0.08888888888888889
575199,GGG,2014B,0.05,0.07692307692307693
575214,GGG,2013J,0.05,0.043478260869565216
575217,GGG,2014B,0.0,0.0
575241,EEE,2013J,0.55,0.5
575258,DDD,2013J,0.15,0.046875
575265,FFF,2013J,0.05,0.041666666666666664
575281,BBB,2013J,0.0,0.0
575282,FFF,2013J,0.1,0.07692307692307693
575290,BBB,2013J,0.1,0.1
575302,FFF,2014J,0.5,0.10416666666666667
575324,GGG,2014B,0.0,0.0
575336,EEE,2013J,0.45,0.375
575355,GGG,2013J,0.05,0.045454545454545456
575372,FFF,2013J,0.15,0.04477611940298507
575376,DDD,2013J,0.2,0.0975609756097561
575380,DDD,2014J,0.25,0.1
575385,DDD,2013J,0.1,0.05
575387,BBB,2013J,0.0,0.0
575398,CCC,2014J,0.1,0.125
575398,DDD,2014J,0.0,0.0
575401,EEE,2013J,0.55,0.4583333333333333
575404,BBB,2014J,0.5,0.25
575411,EEE,2014J,0.65,0.5416666666666666
575419,EEE,2013J,0.25,0.45454545454545453
575431,DDD,2013J,0.1,0.08
575454,GGG,2013J,0.1,0.13333333333333333
575473,EEE,2014B,0.25,0.3333333333333333
575488,GGG,2013J,0.05,0.06666666666666667
575493,DDD,2013J,0.1,0.044444444444444446
575512,FFF,2013J,0.1,0.05405405405405406
575520,BBB,2013J,0.05,0.03333333333333333
575545,EEE,2013J,0.55,0.55
575553,EEE,2013J,0.55,0.39285714285714285
575554,GGG,2013J,0.0,0.0
575559,GGG,2013J,0.65,0.40625
575560,BBB,2013J,0.15,0.14285714285714285
575602,BBB,2014B,0.05,0.034482758620689655
575603,DDD,2014B,0.15,0.1111111111111111
575623,EEE,2014J,0.65,0.43333333333333335
575630,BBB,2014J,0.1,0.11764705882352941
575678,FFF,2013J,0.35,0.109375
575680,BBB,2014B,0.05,0.045454545454545456
575681,BBB,2013J,0.05,0.03333333333333333
575685,FFF,2014J,0.05,0.08333333333333333
575703,EEE,2013J,0.7,0.4827586206896552
575709,GGG,2014B,0.0,0.0
575720,GGG,2013J,0.65,0.4642857142857143
575733,CCC,2014B,0.4,0.21621621621621623
575733,EEE,2013J,0.0,0.0
575745,CCC,2014B,0.0,0.0
575745,EEE,2013J,0.1,0.09090909090909091
575762,EEE,2013J,0.5,0.5263157894736842
575763,CCC,2014J,0.0,0.0
575763,EEE,2013J,0.5,0.5555555555555556
575764,EEE,2013J,0.6,0.4444444444444444
575766,CCC,2014J,0.0,0.0
575766,DDD,2013J,0.25,0.11363636363636363
575777,EEE,2014B,0.45,0.4090909090909091
575792,DDD,2014B,0.05,0.09090909090909091
575797,FFF,2013J,0.25,0.09090909090909091
575798,CCC,2014J,0.0,0.0
575798,DDD,2013J,0.1,0.08695652173913043
575811,DDD,2013J,0.05,0.0625
575824,CCC,2014B,0.1,0.08333333333333333
575855,DDD,2014J,0.05,0.02040816326530612
575875,FFF,2013J,0.0,0.0
575929,BBB,2013J,0.1,0.11764705882352941
575930,BBB,2013J,0.15,0.11538461538461539
575956,FFF,2013J,0.35,0.1
575967,CCC,2014B,0.05,0.03125
575982,BBB,2013J,0.2,0.5
575984,GGG,2013J,0.0,0.0
576036,EEE,2013J,0.4,0.4
576041,DDD,2014B,0.1,0.05714285714285714
576083,DDD,2013J,0.15,0.10714285714285714
576097,FFF,2013J,0.3,0.08108108108108109
576107,FFF,2013J,0.15,0.07692307692307693
576143,GGG,2013J,0.3,0.17647058823529413
576158,BBB,2013J,0.0,0.0
576159,FFF,2014B,0.35,0.07954545454545454
576191,EEE,2013J,0.45,0.47368421052631576
576205,FFF,2013J,0.4,0.07920792079207921
576229,FFF,2013J,0.15,0.034482758620689655
576233,CCC,2014J,0.0,0.0
576233,DDD,2013J,0.35,0.09210526315789473
576251,CCC,2014J,0.0,0.0
576251,DDD,2013J,0.3,0.08823529411764706
576262,BBB,2014J,0.0,0.0
576268,BBB,2014J,0.05,0.1111111111111111
576306,DDD,2014J,0.2,0.07017543859649122
576314,DDD,2013J,0.0,0.0
576368,DDD,2013J,0.3,0.075
576371,GGG,2013J,0.55,0.4782608695652174
576375,BBB,2014B,0.0,0.0
576383,CCC,2014B,0.1,0.05555555555555555
576383,DDD,2013J,0.0,0.0
576399,FFF,2013J,0.1,0.04878048780487805
576405,EEE,2013J,0.3,0.2857142857142857
576413,CCC,2014B,0.0,0.0
576413,DDD,2013J,0.35,0.08045977011494253
576423,FFF,2013J,0.05,0.09090909090909091
576425,GGG,2013J,0.05,0.05263157894736842
576431,FFF,2013J,0.15,0.046875
576433,CCC,2014J,0.0,0.0
576433,FFF,2013J,0.15,0.05263157894736842
576439,CCC,2014J,0.25,0.0847457627118644
576439,EEE,2013J,0.0,0.0
576445,GGG,2013J,0.35,0.19444444444444445
576453,CCC,2014J,0.0,0.0
576453,DDD,2013J,0.25,0.0684931506849315
576455,GGG,2013J,0.0,0.0
576475,CCC,2014B,0.55,0.19642857142857142
576483,BBB,2013J,0.05,0.043478260869565216
576488,GGG,2013J,0.2,0.125
576515,DDD,2014J,0.4,0.1568627450980392
576516,CCC,2014B,0.0,0.0
576516,EEE,2013J,0.6,0.5454545454545454
576518,FFF,2013J,0.2,0.07142857142857142
576524,BBB,2013J,0.0,0.0
576541,CCC,2014J,0.0,0.0
576568,CCC,2014J,0.0,0.0
576568,FFF,2013J,0.35,0.08974358974358974
576584,DDD,2014B,0.15,0.125
576600,BBB,2013J,0.0,0.0
576654,GGG,2013J,0.2,0.12903225806451613
576672,FFF,2013J,0.05,0.05
576689,BBB,2014J,0.35,0.2
576704,FFF,2013J,0.8,0.12698412698412698
576738,BBB,2014B,0.05,0.03125
576750,EEE,2013J,0.55,0.5238095238095238
576761,GGG,2013J,0.05,0.041666666666666664
576765,FFF,2013J,0.05,0.14285714285714285
576767,DDD,2013J,0.05,0.05263157894736842
576780,CCC,2014B,0.0,0.0
576780,FFF,2013J,0.65,0.0948905109489051
576782,CCC,2014B,0.15,0.16666666666666666
576789,FFF,2013J,0.65,0.104
576791,CCC,2014J,0.0,0.0
576791,FFF,2013J,0.35,0.09333333333333334
576813,FFF,2013J,0.2,0.06896551724137931
576841,BBB,2013J,0.3,0.1875
576847,DDD,2013J,0.15,0.03529411764705882
576856,FFF,2013J,0.05,0.16666666666666666
576876,EEE,2014B,0.45,0.45
576879,DDD,2013J,0.25,0.0847457627118644
576882,BBB,2013J,0.0,0.0
576885,DDD,2014J,0.35,0.07526881720430108
576888,FFF,2013J,0.25,0.11904761904761904
576909,EEE,2013J,0.2,0.23529411764705882
576913,BBB,2014J,0.25,0.3333333333333333
576921,FFF,2013J,0.15,0.061224489795918366
576923,BBB,2014J,0.1,0.1
576935,BBB,2013J,0.25,0.1282051282051282
576940,BBB,2013J,0.0,0.0
576946,BBB,2013J,0.0,0.0
576948,GGG,2013J,0.05,0.05555555555555555
576949,DDD,2013J,0.25,0.09259259259259259
576962,EEE,2013J,0.5,0.38461538461538464
576972,FFF,2013J,0.0,0.0
576981,BBB,2013J,0.0,0.0
576996,BBB,2013J,0.1,0.2
577000,GGG,2014B,0.0,0.0
577032,FFF,2014J,0.15,0.21428571428571427
577035,CCC,2014B,0.0,0.0
577035,DDD,2013J,0.35,0.12962962962962962
577042,FFF,2013J,0.3,0.06382978723404255
577069,BBB,2013J,0.05,0.03225806451612903
577096,BBB,2013J,0.0,0.0
577099,BBB,2013J,0.0,0.0
577126,DDD,2013J,0.15,0.07317073170731707
577136,GGG,2014B,0.1,0.1
577142,FFF,2014B,0.0,0.0
577148,EEE,2013J,0.6,0.5
577149,FFF,2013J,0.3,0.0821917808219178
577196,DDD,2013J,0.2,0.36363636363636365
577196,DDD,2014J,0.0,0.0
577200,DDD,2013J,0.0,0.0
577222,FFF,2013J,0.05,0.012195121951219513
577235,CCC,2014J,0.05,0.029411764705882353
577235,EEE,2013J,0.0,0.0
577236,CCC,2014B,0.3,0.15
577245,CCC,2014B,0.4,0.16326530612244897
577245,EEE,2014B,0.0,0.0
577256,BBB,2013J,0.0,0.0
577275,GGG,2014B,0.0,0.0
577279,CCC,2014J,0.0,0.0
577279,DDD,2013J,0.3,0.10344827586206896
577280,BBB,2013J,0.2,0.17391304347826086
577286,BBB,2013J,0.0,0.0
577347,BBB,2013J,0.05,0.09090909090909091
577376,BBB,2013J,0.0,0.0
577389,FFF,2013J,0.0,0.0
577404,FFF,2013J,0.3,0.09836065573770492
577414,CCC,2014B,0.0,0.0
577414,DDD,2013J,0.15,0.15789473684210525
577427,EEE,2013J,0.25,0.4166666666666667
577458,CCC,2014J,0.25,0.1
577460,CCC,2014J,0.0,0.0
577460,EEE,2014B,0.55,0.55
577464,DDD,2013J,0.1,0.046511627906976744
577467,BBB,2014J,0.7,0.4375
577476,FFF,2013J,0.35,0.10144927536231885
577498,BBB,2013J,0.05,0.125
577502,CCC,2014B,0.3,0.13333333333333333
577520,DDD,2014J,0.25,0.07042253521126761
577526,DDD,2014J,0.05,0.030303030303030304
577527,BBB,2014B,0.0,0.0
577533,FFF,2013J,0.0,0.0
577533,FFF,2014J,0.0,0.0
577551,CCC,2014J,0.0,0.0
577551,EEE,2013J,0.25,0.4166666666666667
577562,EEE,2014B,0.5,0.37037037037037035
577566,CCC,2014J,0.0,0.0
577566,DDD,2014J,0.0,0.0
577570,DDD,2013J,0.05,0.02702702702702703
577605,FFF,2013J,0.1,0.046511627906976744
577607,FFF,2013J,0.0,0.0
577618,BBB,2014J,0.3,0.2222222222222222
577638,DDD,2013J,0.0,0.0
577638,DDD,2014J,0.0,0.0
577645,BBB,2014J,0.5,0.21739130434782608
577648,BBB,2013J,0.0,0.0
577652,DDD,2013J,0.0,0.0
577652,DDD,2014J,0.0,0.0
577676,BBB,2014B,0.15,0.16666666666666666
577680,BBB,2013J,0.0,0.0
577686,CCC,2014B,0.0,0.0
577686,EEE,2013J,0.45,0.36
577692,BBB,2013J,0.05,0.5
577728,BBB,2014J,0.0,0.0
577735,EEE,2013J,0.6,0.4
577743,BBB,2014J,0.5,0.37037037037037035
577751,DDD,2014J,0.2,0.057971014492753624
577763,FFF,2013J,0.2,0.07692307692307693
577764,FFF,2013J,0.4,0.11267605633802817
577780,GGG,2013J,0.0,0.0
577784,EEE,2013J,0.6,0.375
577792,GGG,2014B,0.55,0.4782608695652174
577820,GGG,2013J,0.2,0.125
577824,BBB,2013J,0.15,0.14285714285714285
577827,GGG,2013J,0.1,0.16666666666666666
577867,FFF,2013J,0.1,0.0625
577888,GGG,2013J,0.35,0.23333333333333334
577914,BBB,2013J,0.15,0.15
577915,BBB,2013J,0.05,0.058823529411764705
577922,FFF,2013J,0.1,0.05714285714285714
577937,DDD,2014J,0.05,0.018867924528301886
577954,DDD,2014B,0.05,0.043478260869565216
577959,FFF,2013J,0.25,0.08333333333333333
577965,BBB,2014J,0.35,0.28
577980,BBB,2013J,0.0,0.0
577995,EEE,2013J,0.45,0.391304347826087
577999,FFF,2013J,0.3,0.13043478260869565
578000,CCC,2014J,0.0,0.0
578000,EEE,2013J,0.45,0.391304347826087
578026,CCC,2014J,0.0,0.0
578026,DDD,2013J,0.0,0.0
578030,BBB,2013J,0.0,0.0
578031,DDD,2014B,0.45,0.125
578034,CCC,2014B,0.15,0.11538461538461539
578034,EEE,2013J,0.0,0.0
578050,FFF,2013J,0.3,0.075
578056,EEE,2013J,0.2,0.2857142857142857
578057,BBB,2013J,0.0,0.0
578109,BBB,2013J,0.25,0.3125
578132,BBB,2014J,0.45,0.2727272727272727
578140,GGG,2013J,0.25,0.14285714285714285
578150,DDD,2013J,0.0,0.0
578152,FFF,2014J,0.0,0.0
578189,CCC,2014B,0.2,0.07692307692307693
578197,BBB,2013J,0.05,0.07692307692307693
578199,FFF,2013J,0.3,0.0821917808219178
578207,GGG,2013J,0.2,0.16666666666666666
578208,FFF,2013J,0.0,0.0
578281,FFF,2013J,0.45,0.08653846153846154
578303,DDD,2013J,0.2,0.05194805194805195
578362,BBB,2013J,0.0,0.0
578375,GGG,2013J,0.1,0.07692307692307693
578378,GGG,2013J,0.1,0.25
578389,GGG,2014B,0.0,0.0
578395,DDD,2014J,0.05,0.02631578947368421
578418,BBB,2014J,0.2,0.21052631578947367
578427,DDD,2013J,0.3,0.12244897959183673
578427,DDD,2014J,0.0,0.0
578438,EEE,2013J,0.6,0.375
578439,BBB,2014J,0.0,0.0
578447,BBB,2013J,0.0,0.0
578450,CCC,2014B,0.0,0.0
578450,EEE,2013J,0.15,0.25
578452,GGG,2014B,0.1,0.09523809523809523
578469,EEE,2014J,0.6,0.35294117647058826
578492,FFF,2013J,0.2,0.08888888888888889
578497,FFF,2013J,0.5,0.10101010101010101
578519,FFF,2013J,0.3,0.09090909090909091
578541,EEE,2014B,0.25,0.3333333333333333
578546,BBB,2013J,0.4,0.17391304347826086
578551,BBB,2014J,0.4,0.20512820512820512
578561,FFF,2013J,0.0,0.0
578574,BBB,2014B,0.0,0.0
578578,BBB,2013J,0.0,0.0
578595,DDD,2014B,0.4,0.18181818181818182
578600,BBB,2013J,0.2,0.18181818181818182
578616,DDD,2014J,0.2,0.06153846153846154
578634,EEE,2014B,0.4,0.3333333333333333
578644,DDD,2013J,0.25,0.10638297872340426
578646,DDD,2014J,0.0,0.0
578654,EEE,2013J,0.35,0.4666666666666667
578655,CCC,2014B,0.15,0.05555555555555555
578666,GGG,2013J,0.4,0.2
578676,BBB,2013J,0.1,0.16666666666666666
578697,DDD,2013J,0.1,0.05263157894736842
578710,BBB,2014J,0.3,0.17647058823529413
578717,BBB,2013J,0.0,0.0
578725,EEE,2013J,0.5,0.4166666666666667
578736,EEE,2013J,0.3,0.4
578744,FFF,2013J,0.1,0.03571428571428571
578754,FFF,2014B,0.0,0.0
578764,FFF,2014B,0.2,0.06557377049180328
578797,GGG,2014J,0.05,0.045454545454545456
578815,CCC,2014J,0.0,0.0
578815,DDD,2014B,0.05,0.05
578820,CCC,2014J,0.0,0.0
578820,EEE,2013J,0.35,0.3333333333333333
578823,DDD,2013J,0.15,0.10714285714285714
578845,GGG,2014B,0.0,0.0
578847,FFF,2014J,0.15,0.047619047619047616
578850,CCC,2014B,0.0,0.0
578850,DDD,2013J,0.15,0.07317073170731707
578857,DDD,2014J,0.0,0.0
578861,BBB,2014J,0.4,0.16326530612244897
578906,DDD,2013J,0.1,0.07142857142857142
578940,GGG,2013J,0.05,0.037037037037037035
578943,DDD,2013J,0.1,0.03571428571428571
578956,DDD,2013J,0.15,0.05660377358490566
578958,CCC,2014B,0.3,0.15789473684210525
578958,EEE,2014B,0.0,0.0
578977,GGG,2013J,0.0,0.0
579011,EEE,2013J,0.25,0.29411764705882354
579015,GGG,2013J,0.05,0.047619047619047616
579017,DDD,2014J,0.1,0.0425531914893617
579020,GGG,2013J,0.05,0.038461538461538464
579027,EEE,2013J,0.0,0.0
579038,FFF,2013J,0.6,0.10084033613445378
579052,EEE,2014J,0.0,0.0
579064,FFF,2013J,0.0,0.0
579081,FFF,2014B,0.3,0.08571428571428572
579086,GGG,2013J,0.25,0.2
579105,DDD,2013J,0.3,0.1
579125,GGG,2014J,0.15,0.15
579130,EEE,2013J,0.5,0.38461538461538464
579134,DDD,2014B,0.25,0.1
579151,DDD,2013J,0.25,0.09433962264150944
579161,BBB,2014J,0.0,0.0
579164,GGG,2013J,0.0,0.0
579172,DDD,2014J,0.15,0.030612244897959183
579176,FFF,2013J,0.6,0.0916030534351145
579201,GGG,2013J,0.0,0.0
579203,GGG,2013J,0.15,0.0967741935483871
579251,BBB,2014J,0.0,0.0
579255,BBB,2014B,0.05,0.5
579257,FFF,2013J,0.55,0.10476190476190476
579278,CCC,2014J,0.0,0.0
579278,FFF,2013J,0.6,0.2
579279,BBB,2013J,0.2,0.16
579283,EEE,2014J,0.7,0.5384615384615384
579309,GGG,2013J,0.0,0.0
579316,BBB,2013J,0.0,0.0
579325,DDD,2013J,0.3,0.1
579340,EEE,2013J,0.15,0.11538461538461539
579343,CCC,2014B,0.0,0.0
579343,EEE,2013J,0.7,0.5384615384615384
579362,CCC,2014J,0.0,0.0
579367,DDD,2013J,0.25,0.08064516129032258
579372,DDD,2013J,0.2,0.07017543859649122
579376,FFF,2014B,0.3,0.10344827586206896
579381,GGG,2013J,0.3,0.20689655172413793
579386,DDD,2014J,0.25,0.08064516129032258
579409,BBB,2014J,0.2,0.14285714285714285
579416,FFF,2013J,0.05,0.125
579470,DDD,2013J,0.15,0.06382978723404255
579482,FFF,2013J,0.0,0.0
579486,BBB,2013J,0.0,0.0
579506,FFF,2013J,0.15,0.07317073170731707
579526,FFF,2013J,0.4,0.13114754098360656
579528,GGG,2013J,0.15,0.13043478260869565
579537,BBB,2014B,0.0,0.0
579549,BBB,2013J,0.0,0.0
579550,CCC,2014B,0.1,0.06060606060606061
579557,FFF,2013J,0.35,0.10144927536231885
579567,DDD,2013J,0.3,0.09090909090909091
579571,BBB,2013J,0.0,0.0
579572,GGG,2013J,0.25,0.2
579575,BBB,2013J,0.0,0.0
579583,CCC,2014J,0.1,0.05714285714285714
579614,CCC,2014J,0.5,0.19230769230769232
579619,BBB,2013J,0.65,0.19117647058823528
579660,FFF,2014J,0.2,0.09090909090909091
579661,GGG,2013J,0.05,0.043478260869565216
579685,FFF,2013J,0.15,0.08108108108108109
579686,FFF,2014J,0.5,0.1282051282051282
579692,GGG,2014B,0.25,0.14705882352941177
579711,DDD,2014B,0.15,0.05357142857142857
579717,DDD,2013J,0.25,0.0684931506849315
579720,BBB,2014B,0.1,0.16666666666666666
579723,EEE,2013J,0.55,0.44
579737,FFF,2013J,0.35,0.10606060606060606
579762,BBB,2013J,0.05,0.05263157894736842
580094,BBB,2013J,0.0,0.0
580317,FFF,2013J,0.3,0.09375
580342,CCC,2014J,0.0,0.0
580342,FFF,2013J,0.4,0.08791208791208792
580346,BBB,2013J,0.0,0.0
580360,BBB,2013J,0.0,0.0
580372,EEE,2013J,0.3,0.5454545454545454
580380,FFF,2013J,0.2,0.08
580384,CCC,2014J,0.1,0.06451612903225806
580389,AAA,2013J,0.2,0.18181818181818182
580393,DDD,2013J,0.2,0.06557377049180328
580412,BBB,2013J,0.0,0.0
580415,DDD,2013J,0.1,0.029850746268656716
580425,FFF,2014B,0.0,0.0
580450,DDD,2014J,0.0,0.0
580458,DDD,2014J,0.0,0.0
580459,FFF,2014J,0.75,0.13274336283185842
580468,DDD,2013J,0.3,0.1
580469,GGG,2013J,0.0,0.0
580477,FFF,2013J,0.05,0.027777777777777776
580511,CCC,2014B,0.2,0.16666666666666666
580516,DDD,2013J,0.3,0.10714285714285714
580525,CCC,2014B,0.55,0.16666666666666666
580534,DDD,2013J,0.1,0.18181818181818182
580540,BBB,2013J,0.0,0.0
580555,FFF,2013J,0.05,0.020833333333333332
580592,BBB,2013J,0.0,0.0
580612,BBB,2013J,0.05,0.04
580642,DDD,2013J,0.35,0.07446808510638298
580646,BBB,2013J,0.0,0.0
580657,FFF,2013J,0.35,0.0875
580684,BBB,2013J,0.0,0.0
580688,BBB,2014B,0.0,0.0
580689,EEE,2013J,0.1,1.0
580689,EEE,2014J,0.0,0.0
580702,FFF,2013J,0.05,0.05555555555555555
580709,FFF,2013J,0.1,0.047619047619047616
580714,CCC,2014J,0.0,0.0
580714,DDD,2013J,0.2,0.06666666666666667
580719,EEE,2013J,0.5,0.30303030303030304
580722,CCC,2014J,0.25,0.3333333333333333
580743,FFF,2013J,0.25,0.04424778761061947
580774,EEE,2013J,0.0,0.0
580779,CCC,2014B,0.0,0.0
580779,FFF,2013J,0.6,0.1411764705882353
580798,CCC,2014J,0.0,0.0
580798,EEE,2014J,0.75,0.45454545454545453
580834,FFF,2014J,0.8,0.09937888198757763
580842,FFF,2013J,0.5,0.10416666666666667
580845,CCC,2014J,0.0,0.0
580845,FFF,2014J,0.45,0.12
580860,GGG,2013J,0.15,0.1
580867,FFF,2013J,0.25,0.16666666666666666
580870,GGG,2013J,0.0,0.0
580880,BBB,2013J,0.7,0.3181818181818182
580883,BBB,2013J,0.15,0.13636363636363635
580912,DDD,2014B,0.05,0.037037037037037035
580916,CCC,2014J,0.0,0.0
580916,DDD,2013J,0.25,0.0847457627118644
580926,FFF,2014J,0.1,0.13333333333333333
580960,BBB,2013J,0.0,0.0
580970,EEE,2013J,0.5,0.4
580975,BBB,2013J,0.0,0.0
581003,GGG,2013J,0.05,0.5
581011,EEE,2013J,0.1,0.4
581016,BBB,2014J,0.55,0.3333333333333333
581034,FFF,2013J,0.85,0.10303030303030303
581062,GGG,2013J,0.1,0.05714285714285714
581063,GGG,2013J,0.2,0.13333333333333333
581082,EEE,2014J,0.7,0.4827586206896552
581118,BBB,2014J,0.4,0.27586206896551724
581118,GGG,2013J,0.0,0.0
581123,CCC,2014B,0.15,0.16666666666666666
581123,CCC,2014J,0.0,0.0
581123,EEE,2013J,0.0,0.0
581129,AAA,2013J,0.05,0.09090909090909091
581135,FFF,2013J,0.75,0.13513513513513514
581138,DDD,2013J,0.1,0.05555555555555555
581139,BBB,2013J,0.2,0.16
581178,BBB,2014J,0.0,0.0
581178,GGG,2013J,0.05,0.05555555555555555
581179,CCC,2014J,0.0,0.0
581179,EEE,2013J,0.5,0.43478260869565216
581200,GGG,2013J,0.0,0.0
581219,FFF,2013J,0.1,0.05555555555555555
581219,FFF,2014J,0.0,0.0
581222,BBB,2014B,0.0,0.0
581234,EEE,2013J,0.6,0.4444444444444444
581235,BBB,2013J,0.0,0.0
581235,BBB,2014J,0.0,0.0
581238,EEE,2014J,0.6,0.6
581239,GGG,2013J,0.1,0.07142857142857142
581247,CCC,2014J,0.15,0.061224489795918366
581253,FFF,2013J,0.0,0.0
581253,FFF,2014J,0.3,0.08571428571428572
581257,EEE,2014B,0.65,0.48148148148148145
581261,FFF,2013J,0.2,0.06451612903225806
581269,EEE,2014B,0.7,0.5
581288,CCC,2014J,0.0,0.0
581305,BBB,2013J,0.2,0.15384615384615385
581307,FFF,2013J,0.0,0.0
581316,CCC,2014J,0.25,0.15625
581332,FFF,2013J,0.15,0.08108108108108109
581340,EEE,2013J,0.6,0.41379310344827586
581342,FFF,2013J,0.0,0.0
581353,BBB,2014B,0.0,0.0
581410,CCC,2014J,0.0,0.0
581410,FFF,2013J,0.1,0.058823529411764705
581414,GGG,2013J,0.4,0.42105263157894735
581431,BBB,2013J,0.1,0.2
581438,EEE,2013J,0.45,0.36
581485,GGG,2013J,0.15,0.09090909090909091
581486,FFF,2013J,0.25,0.08928571428571429
581490,FFF,2013J,0.1,0.058823529411764705
581510,GGG,2013J,0.0,0.0
581520,FFF,2014B,0.35,0.09859154929577464
581523,FFF,2013J,0.05,0.013157894736842105
581530,BBB,2013J,0.0,0.0
581532,FFF,2013J,0.6,0.09375
581533,EEE,2013J,0.35,0.4375
581552,CCC,2014J,0.0,0.0
581552,DDD,2013J,0.25,0.11904761904761904
581563,FFF,2013J,0.0,0.0
581574,FFF,2013J,0.3,0.08955223880597014
581586,BBB,2013J,0.05,0.125
581593,DDD,2013J,0.25,0.06578947368421052
581598,FFF,2014B,0.1,0.044444444444444446
581611,CCC,2014B,0.15,0.07142857142857142
581614,CCC,2014B,0.15,0.125
581614,FFF,2013J,0.0,0.0
581616,FFF,2013J,0.15,0.030927835051546393
581648,DDD,2014B,0.4,0.10810810810810811
581652,GGG,2013J,0.15,0.08333333333333333
581656,CCC,2014J,0.0,0.0
581656,FFF,2013J,0.4,0.13333333333333333
581657,BBB,2013J,0.05,0.125
581659,FFF,2014J,0.7,0.11570247933884298
581676,CCC,2014J,0.0,0.0
581676,EEE,2014B,0.7,0.4375
581697,DDD,2013J,0.1,0.031746031746031744
581708,CCC,2014J,0.0,0.0
581708,EEE,2013J,0.55,0.44
581716,EEE,2013J,0.45,0.375
581744,CCC,2014B,0.0,0.0
581744,EEE,2013J,0.35,0.3333333333333333
581769,FFF,2013J,0.85,0.10493827160493827
581770,FFF,2013J,0.0,0.0
581779,FFF,2014J,0.5,0.18181818181818182
581787,FFF,2013J,0.1,0.045454545454545456
581796,FFF,2013J,0.05,0.018867924528301886
581806,GGG,2013J,0.05,0.043478260869565216
581810,FFF,2013J,0.25,0.14285714285714285
581826,BBB,2013J,0.1,0.2222222222222222
581836,FFF,2013J,0.35,0.0875
581838,FFF,2013J,0.05,0.03125
581851,EEE,2014J,0.7,0.4375
581866,BBB,2014J,0.4,0.26666666666666666
581877,BBB,2014J,0.05,0.041666666666666664
581887,EEE,2014J,0.6,0.42857142857142855
581889,GGG,2013J,0.2,0.11764705882352941
581914,EEE,2013J,0.45,0.3103448275862069
581922,DDD,2013J,0.4,0.1111111111111111
581956,GGG,2013J,0.25,0.16666666666666666
581965,GGG,2013J,0.2,0.13793103448275862
582009,DDD,2014J,0.2,0.06896551724137931
582034,FFF,2014J,0.05,0.2
582040,BBB,2014J,0.0,0.0
582063,FFF,2013J,0.2,0.08333333333333333
582087,CCC,2014B,0.5,0.24390243902439024
582087,EEE,2013J,0.0,0.0
582094,EEE,2014J,0.0,0.0
582108,CCC,2014B,0.0,0.0
582108,FFF,2013J,0.1,0.05263157894736842
582117,FFF,2014J,0.3,0.125
582123,BBB,2013J,0.0,0.0
582125,FFF,2013J,0.05,0.02
582160,DDD,2013J,0.05,0.1111111111111111
582184,BBB,2013J,0.0,0.0
582190,BBB,2013J,0.05,0.04
582197,DDD,2014J,0.1,0.03389830508474576
582218,BBB,2013J,0.0,0.0
582226,GGG,2013J,0.0,0.0
582235,FFF,2013J,0.35,0.08139534883720931
582250,GGG,2013J,0.25,0.14705882352941177
582253,BBB,2014J,0.55,0.28205128205128205
582266,FFF,2014J,0.05,0.2
582283,GGG,2014B,0.0,0.0
582301,BBB,2013J,0.0,0.0
582302,DDD,2013J,0.1,0.18181818181818182
582305,BBB,2013J,0.0,0.0
582309,GGG,2013J,0.0,0.0
582320,CCC,2014J,0.15,0.08571428571428572
582320,DDD,2013J,0.0,0.0
582332,FFF,2014J,0.45,0.0967741935483871
582333,BBB,2013J,0.0,0.0
582348,BBB,2014J,0.05,0.14285714285714285
582364,FFF,2013J,0.35,0.0875
582373,DDD,2013J,0.1,0.05
582390,BBB,2013J,0.05,0.047619047619047616
582392,FFF,2013J,0.4,0.10256410256410256
582394,BBB,2013J,0.25,0.2
582395,CCC,2014J,0.0,0.0
582406,BBB,2013J,0.0,0.0
582416,DDD,2013J,0.15,0.08333333333333333
582420,GGG,2013J,0.4,0.3076923076923077
582446,BBB,2013J,0.25,0.12195121951219512
582452,DDD,2013J,0.15,0.1
582460,BBB,2014J,0.65,0.2653061224489796
582460,GGG,2013J,0.0,0.0
582464,DDD,2013J,0.3,0.06896551724137931
582474,BBB,2013J,0.0,0.0
582479,DDD,2014B,0.2,0.1111111111111111
582486,GGG,2013J,0.2,0.19047619047619047
582494,FFF,2013J,0.15,0.03529411764705882
582510,FFF,2013J,0.1,0.05263157894736842
582514,EEE,2013J,0.55,0.55
582536,GGG,2013J,0.05,0.03333333333333333
582550,CCC,2014J,0.1,0.03508771929824561
582553,FFF,2014B,0.3,0.18181818181818182
582554,DDD,2013J,0.15,0.057692307692307696
582562,FFF,2013J,0.65,0.08496732026143791
582568,GGG,2013J,0.0,0.0
582574,BBB,2013J,0.1,0.0625
582578,BBB,2013J,0.0,0.0
582608,DDD,2014J,0.05,0.025
582636,BBB,2013J,0.0,0.0
582649,GGG,2013J,0.05,0.04
582650,BBB,2013J,0.15,0.075
582651,CCC,2014J,0.0,0.0
582653,FFF,2014J,0.05,0.04
582670,FFF,2014J,0.1,0.07407407407407407
582677,FFF,2013J,0.15,0.08333333333333333
582694,BBB,2014J,0.0,0.0
582697,GGG,2013J,0.05,0.041666666666666664
582705,FFF,2013J,0.8,0.0898876404494382
582709,BBB,2014J,0.35,0.4117647058823529
582709,GGG,2013J,0.0,0.0
582723,EEE,2013J,0.0,0.0
582742,BBB,2014B,0.0,0.0
582768,EEE,2013J,0.05,0.5
582790,FFF,2013J,0.45,0.10975609756097561
582827,EEE,2013J,0.35,0.4666666666666667
582833,BBB,2013J,0.2,1.0
582848,DDD,2013J,0.0,0.0
582878,BBB,2013J,0.2,0.13793103448275862
582879,CCC,2014B,0.0,0.0
582879,DDD,2013J,0.45,0.0967741935483871
582898,BBB,2014J,0.55,0.3548387096774194
582913,EEE,2013J,0.65,0.4482758620689655
582931,DDD,2013J,0.4,0.14035087719298245
582933,BBB,2014J,0.1,0.2
582940,BBB,2013J,0.15,0.2
582950,CCC,2014B,0.0,0.0
582950,FFF,2013J,0.35,0.0660377358490566
582958,BBB,2013J,0.15,0.10344827586206896
582964,BBB,2014J,0.3,0.1875
582975,BBB,2013J,0.05,0.05263157894736842
582992,FFF,2013J,0.05,1.0
583012,BBB,2013J,0.0,0.0
583031,GGG,2013J,0.15,0.1111111111111111
583032,CCC,2014B,0.0,0.0
583032,EEE,2013J,0.5,0.47619047619047616
583037,DDD,2013J,0.1,0.1
583039,BBB,2013J,0.1,0.15384615384615385
583051,FFF,2013J,0.0,0.0
583052,CCC,2014B,0.45,0.3
583052,EEE,2013J,0.0,0.0
583053,DDD,2014B,0.4,0.11428571428571428
583056,FFF,2014J,0.0,0.0
583098,BBB,2013J,0.05,0.09090909090909091
583101,GGG,2014B,0.1,0.2857142857142857
583102,BBB,2014B,0.0,0.0
583113,BBB,2013J,0.0,0.0
583128,FFF,2013J,0.0,0.0
583131,FFF,2013J,0.35,0.109375
583138,FFF,2014B,0.0,0.0
583142,BBB,2013J,0.0,0.0
583146,GGG,2013J,0.7,0.5185185185185185
583148,GGG,2014B,0.5,0.47619047619047616
583149,FFF,2013J,0.0,0.0
583170,BBB,2013J,0.0,0.0
583186,EEE,2013J,0.4,0.6153846153846154
583191,BBB,2013J,0.0,0.0
583192,CCC,2014B,0.0,0.0
583192,EEE,2013J,0.7,0.4666666666666667
583198,DDD,2013J,0.35,0.10144927536231885
583202,FFF,2013J,0.2,0.08695652173913043
583215,DDD,2013J,0.0,0.0
583232,FFF,2013J,0.7,0.1111111111111111
583236,FFF,2013J,0.0,0.0
583238,EEE,2013J,0.65,0.37142857142857144
583240,BBB,2013J,0.0,0.0
583247,DDD,2013J,0.05,0.25
583286,FFF,2013J,0.4,0.07766990291262135
583293,CCC,2014J,0.0,0.0
583293,DDD,2013J,0.1,0.05263157894736842
583318,FFF,2014J,0.2,0.09302325581395349
583367,BBB,2013J,0.0,0.0
583381,FFF,2013J,0.35,0.08860759493670886
583423,GGG,2013J,0.15,0.0967741935483871
583433,BBB,2013J,0.0,0.0
583459,BBB,2013J,0.2,0.13793103448275862
583473,BBB,2013J,0.3,0.11764705882352941
583487,FFF,2014J,0.35,0.10144927536231885
583502,GGG,2013J,0.15,0.42857142857142855
583514,DDD,2013J,0.1,0.0425531914893617
583526,FFF,2013J,0.3,0.07142857142857142
583532,GGG,2013J,0.1,0.09090909090909091
583540,DDD,2013J,0.35,0.13725490196078433
583599,FFF,2013J,0.0,0.0
583606,DDD,2013J,0.2,0.14285714285714285
583607,GGG,2013J,0.05,0.045454545454545456
583609,BBB,2013J,0.0,0.0
583623,GGG,2013J,0.0,0.0
583645,BBB,2013J,0.35,0.2413793103448276
583664,GGG,2013J,0.15,0.0967741935483871
583704,CCC,2014J,0.35,0.12962962962962962
583708,BBB,2013J,0.0,0.0
583713,DDD,2014B,0.3,0.12
583714,EEE,2013J,0.2,0.3076923076923077
583719,EEE,2014J,0.7,0.4666666666666667
583721,GGG,2013J,0.0,0.0
583730,GGG,2013J,0.0,0.0
583741,FFF,2013J,0.1,0.04081632653061224
583775,BBB,2014J,0.0,0.0
583775,DDD,2014B,0.0,0.0
583824,FFF,2013J,0.35,0.06086956521739131
583827,GGG,2013J,0.0,0.0
583839,EEE,2013J,0.1,1.0
583843,BBB,2014J,0.35,0.21212121212121213
583855,EEE,2013J,0.7,0.5185185185185185
583867,FFF,2013J,0.0,0.0
583871,DDD,2013J,0.2,0.07017543859649122
583873,BBB,2013J,0.4,0.32
583906,CCC,2014B,0.0,0.0
583933,EEE,2013J,0.5,0.43478260869565216
583946,DDD,2013J,0.25,0.05952380952380952
583950,BBB,2014B,0.05,0.0625
583954,BBB,2014J,0.1,0.058823529411764705
583955,DDD,2013J,0.4,0.11940298507462686
583964,BBB,2013J,0.0,0.0
583968,EEE,2014B,0.85,0.6296296296296297
583970,BBB,2013J,0.3,0.16216216216216217
583973,GGG,2013J,0.0,0.0
583977,BBB,2013J,0.0,0.0
583993,CCC,2014J,0.0,0.0
583993,FFF,2013J,0.05,0.020833333333333332
584038,DDD,2014J,0.0,0.0
584040,FFF,2013J,0.05,0.029411764705882353
584042,BBB,2013J,0.0,0.0
584099,GGG,2014J,0.25,0.35714285714285715
584111,FFF,2013J,0.4,0.10810810810810811
584132,DDD,2013J,0.1,0.1
584143,GGG,2013J,0.05,0.025
584178,BBB,2013J,0.05,0.03225806451612903
584183,DDD,2013J,0.3,0.13636363636363635
584184,FFF,2014B,0.45,0.1111111111111111
584191,CCC,2014B,0.0,0.0
584191,EEE,2013J,0.45,0.47368421052631576
584195,GGG,2013J,0.05,0.058823529411764705
584210,FFF,2013J,0.05,0.05
584214,FFF,2013J,0.35,0.07865168539325842
584281,CCC,2014J,0.0,0.0
584299,GGG,2013J,0.3,0.20689655172413793
584315,DDD,2013J,0.25,0.21739130434782608
584325,BBB,2013J,0.1,0.16666666666666666
584386,CCC,2014J,0.2,0.1
584386,EEE,2013J,0.0,0.0
584408,BBB,2013J,0.05,0.1
584414,EEE,2013J,0.6,0.36363636363636365
584433,DDD,2013J,0.1,0.13333333333333333
584442,GGG,2013J,0.0,0.0
584443,EEE,2013J,0.0,0.0
584446,CCC,2014B,0.0,0.0
584446,FFF,2013J,0.15,0.05454545454545454
584448,GGG,2013J,0.15,0.11538461538461539
584468,FFF,2013J,0.55,0.13414634146341464
584495,DDD,2013J,0.15,0.07692307692307693
584500,GGG,2013J,0.3,0.18181818181818182
584509,BBB,2014J,0.35,0.21212121212121213
584509,GGG,2013J,0.0,0.0
584514,EEE,2014J,0.05,0.5
584515,FFF,2014J,0.3,0.16666666666666666
584539,BBB,2014J,0.45,0.23684210526315788
584546,FFF,2013J,0.35,0.10606060606060606
584550,FFF,2013J,0.3,0.07058823529411765
584553,EEE,2013J,0.1,0.09090909090909091
584580,BBB,2013J,0.0,0.0
584586,DDD,2013J,0.1,0.18181818181818182
584591,DDD,2014J,0.0,0.0
584601,FFF,2013J,0.65,0.08496732026143791
584611,BBB,2013J,0.05,0.16666666666666666
584640,DDD,2013J,0.15,0.06521739130434782
584660,DDD,2014B,0.15,0.09375
584673,FFF,2014J,0.05,0.5
584710,GGG,2013J,0.25,0.12195121951219512
584712,GGG,2013J,0.0,0.0
584718,EEE,2014J,0.55,0.36666666666666664
584733,BBB,2014J,0.35,0.21212121212121213
584733,GGG,2013J,0.0,0.0
584766,BBB,2013J,0.0,0.0
584771,CCC,2014J,0.0,0.0
584771,FFF,2013J,0.25,0.08771929824561403
584806,FFF,2013J,0.05,0.03225806451612903
584813,BBB,2013J,0.0,0.0
584827,GGG,2013J,0.05,0.043478260869565216
584842,FFF,2014B,0.05,0.041666666666666664
584844,GGG,2013J,0.0,0.0
584864,BBB,2014J,0.4,0.25806451612903225
584908,GGG,2013J,0.05,0.06666666666666667
584914,DDD,2013J,0.0,0.0
584918,DDD,2013J,0.0,0.0
584926,CCC,2014J,0.05,0.02857142857142857
584940,CCC,2014B,0.15,0.07894736842105263
584942,GGG,2013J,0.2,0.11764705882352941
584943,DDD,2013J,0.3,0.0967741935483871
584969,GGG,2013J,0.05,0.03125
584981,DDD,2014J,0.35,0.08235294117647059
584990,FFF,2014B,0.0,0.0
585011,EEE,2013J,0.55,0.4230769230769231
585025,GGG,2013J,0.15,0.25
585033,FFF,2013J,0.25,0.0684931506849315
585041,GGG,2013J,0.1,0.125
585048,BBB,2014B,0.25,0.1
585050,FFF,2013J,0.0,0.0
585057,CCC,2014B,0.1,0.18181818181818182
585058,GGG,2013J,0.15,0.3
585093,CCC,2014B,0.0,0.0
585093,FFF,2013J,0.25,0.078125
585098,CCC,2014J,0.0,0.0
585098,DDD,2013J,0.2,0.07407407407407407
585114,GGG,2013J,0.05,0.025
585128,FFF,2013J,0.0,0.0
585134,CCC,2014J,0.0,0.0
585134,DDD,2013J,0.05,0.03571428571428571
585141,GGG,2013J,0.0,0.0
585145,GGG,2013J,0.2,0.12121212121212122
585147,GGG,2013J,0.2,0.12903225806451613
585150,BBB,2014B,0.0,0.0
585153,DDD,2014J,0.05,0.015625
585154,CCC,2014J,0.0,0.0
585156,GGG,2013J,0.1,0.2222222222222222
585162,FFF,2013J,0.0,0.0
585166,FFF,2013J,0.2,0.06896551724137931
585170,BBB,2013J,0.05,0.043478260869565216
585199,GGG,2013J,0.05,0.037037037037037035
585200,BBB,2013J,0.4,0.21621621621621623
585201,GGG,2013J,0.5,0.5
585208,DDD,2013J,0.1,0.05714285714285714
585210,DDD,2013J,0.15,0.13043478260869565
585212,BBB,2013J,0.05,0.043478260869565216
585222,FFF,2013J,0.1,0.0625
585224,FFF,2014J,0.5,0.11764705882352941
585230,FFF,2013J,0.0,0.0
585236,GGG,2013J,0.0,0.0
585261,FFF,2014J,0.45,0.10465116279069768
585279,EEE,2013J,0.65,0.4642857142857143
585284,FFF,2014J,0.6,0.23076923076923078
585301,FFF,2013J,0.05,0.03571428571428571
585305,FFF,2013J,0.1,0.058823529411764705
585326,DDD,2013J,0.1,0.0392156862745098
585354,DDD,2014J,0.0,0.0
585359,CCC,2014J,0.0,0.0
585359,DDD,2013J,0.1,0.06666666666666667
585372,DDD,2014B,0.0,0.0
585383,CCC,2014B,0.0,0.0
585383,FFF,2013J,0.2,0.07142857142857142
585393,CCC,2014B,0.25,0.10638297872340426
585393,EEE,2014B,0.0,0.0
585397,CCC,2014B,0.4,0.14814814814814814
585397,EEE,2014B,0.0,0.0
585406,BBB,2013J,0.0,0.0
585422,CCC,2014J,0.0,0.0
585422,DDD,2013J,0.25,0.14285714285714285
585432,DDD,2014J,0.1,0.03125
585433,EEE,2013J,0.35,0.2
585445,GGG,2013J,0.1,0.07692307692307693
585449,FFF,2013J,0.1,0.029411764705882353
585454,FFF,2014B,0.2,0.10526315789473684
585455,CCC,2014B,0.1,0.06896551724137931
585455,EEE,2013J,0.0,0.0
585464,EEE,2013J,0.45,0.34615384615384615
585466,FFF,2013J,0.85,0.1328125
585471,EEE,2013J,0.8,0.5161290322580645
585503,FFF,2014J,0.8,0.14545454545454545
585518,GGG,2013J,0.25,0.15625
585526,DDD,2014J,0.0,0.0
585547,BBB,2014B,0.0,0.0
585572,FFF,2014J,0.05,0.058823529411764705
585574,FFF,2013J,0.1,0.05714285714285714
585577,GGG,2013J,0.0,0.0
585603,BBB,2013J,0.0,0.0
585608,GGG,2013J,0.1,0.08695652173913043
585611,BBB,2013J,0.0,0.0
585613,GGG,2013J,0.2,0.13333333333333333
585615,FFF,2013J,0.25,0.07042253521126761
585626,DDD,2014J,0.35,0.08045977011494253
585643,EEE,2014J,0.55,0.6470588235294118
585644,BBB,2013J,0.0,0.0
585652,BBB,2013J,0.0,0.0
585659,FFF,2013J,0.0,0.0
585662,EEE,2014B,0.4,0.38095238095238093
585668,GGG,2013J,0.0,0.0
585681,EEE,2013J,0.3,0.375
585693,BBB,2013J,0.65,0.20634920634920634
585695,CCC,2014B,0.0,0.0
585695,DDD,2013J,0.05,0.022222222222222223
585702,GGG,2013J,0.7,0.4827586206896552
585709,CCC,2014B,0.35,0.2
585724,FFF,2013J,0.0,0.0
585724,FFF,2014J,0.0,0.0
585727,BBB,2014B,0.0,0.0
585731,FFF,2013J,0.25,0.08928571428571429
585762,BBB,2014J,0.15,0.16666666666666666
585768,GGG,2013J,0.45,0.42857142857142855
585769,CCC,2014J,0.05,0.125
585769,EEE,2013J,0.0,0.0
585769,EEE,2014J,0.0,0.0
585773,DDD,2014J,0.05,0.013888888888888888
585779,BBB,2013J,0.75,0.25862068965517243
585812,CCC,2014J,0.35,0.21212121212121213
585816,BBB,2013J,0.0,0.0
585825,FFF,2014J,0.05,0.3333333333333333
585830,DDD,2014B,0.55,0.16417910447761194
585832,DDD,2014J,0.25,0.06756756756756757
585837,EEE,2013J,0.75,0.45454545454545453
585847,GGG,2013J,0.15,0.08571428571428572
585852,EEE,2014J,0.55,0.5238095238095238
585921,FFF,2014B,0.8,0.14678899082568808
585942,FFF,2013J,0.0,0.0
585958,FFF,2014J,0.45,0.1111111111111111
585963,BBB,2013J,0.0,0.0
585963,BBB,2014J,0.15,0.75
585965,FFF,2013J,0.0,0.0
585998,DDD,2013J,0.1,0.08695652173913043
585998,DDD,2014J,0.0,0.0
586022,DDD,2013J,0.05,0.09090909090909091
586034,FFF,2013J,0.5,0.08403361344537816
586036,BBB,2014J,0.3,0.1935483870967742
586046,CCC,2014J,0.0,0.0
586046,EEE,2013J,0.3,0.35294117647058826
586047,CCC,2014J,0.3,0.2857142857142857
586047,EEE,2013J,0.0,0.0
586078,BBB,2013J,0.0,0.0
586080,FFF,2013J,0.05,0.043478260869565216
586086,BBB,2014B,0.0,0.0
586088,CCC,2014J,0.05,0.018867924528301886
586111,BBB,2014B,0.0,0.0
586113,DDD,2013J,0.25,0.14285714285714285
586121,DDD,2014J,0.0,0.0
586128,DDD,2013J,0.4,0.14545454545454545
586132,EEE,2013J,0.3,0.6
586134,BBB,2014J,0.15,0.11538461538461539
586137,EEE,2013J,0.5,0.5
586142,BBB,2014J,0.5,0.22727272727272727
586145,BBB,2013J,0.0,0.0
586158,GGG,2013J,0.15,0.13636363636363635
586165,BBB,2013J,0.0,0.0
586180,BBB,2014J,0.0,0.0
586196,GGG,2013J,0.0,0.0
586224,FFF,2013J,0.0,0.0
586233,FFF,2013J,0.15,0.13636363636363635
586236,EEE,2013J,0.5,0.43478260869565216
586243,DDD,2013J,0.15,0.04477611940298507
586246,FFF,2013J,0.0,0.0
586257,DDD,2013J,0.1,0.03389830508474576
586259,FFF,2013J,0.0,0.0
586261,CCC,2014J,0.0,0.0
586261,EEE,2013J,0.6,0.4444444444444444
586281,FFF,2013J,0.2,0.2
586287,GGG,2013J,0.1,0.07142857142857142
586315,DDD,2014J,0.0,0.0
586324,GGG,2013J,0.25,0.14285714285714285
586337,GGG,2013J,0.05,0.037037037037037035
586346,BBB,2013J,0.8,0.2909090909090909
586347,DDD,2014B,0.1,0.04
586367,GGG,2013J,0.0,0.0
586369,DDD,2014B,0.05,0.1111111111111111
586371,GGG,2014J,0.3,0.23076923076923078
586376,BBB,2014J,0.3,0.13636363636363635
586416,BBB,2013J,0.15,0.3333333333333333
586423,GGG,2013J,0.35,0.20588235294117646
586428,FFF,2013J,0.6,0.12371134020618557
586440,BBB,2013J,0.0,0.0
586444,DDD,2014J,0.0,0.0
586446,FFF,2013J,0.15,0.05
586468,FFF,2013J,0.4,0.07476635514018691
586470,DDD,2013J,0.1,0.18181818181818182
586473,EEE,2013J,0.15,0.6
586474,EEE,2014J,0.5,0.5882352941176471
586476,CCC,2014J,0.1,0.1111111111111111
586476,EEE,2013J,0.0,0.0
586477,FFF,2013J,0.45,0.10843373493975904
586483,FFF,2013J,0.25,0.09615384615384616
586493,GGG,2013J,0.1,0.07407407407407407
586494,GGG,2014B,0.0,0.0
586497,CCC,2014J,0.0,0.0
586497,DDD,2013J,0.25,0.056818181818181816
586502,BBB,2014J,0.55,0.3235294117647059
586502,GGG,2013J,0.0,0.0
586516,BBB,2014J,0.0,0.0
586518,FFF,2013J,0.15,0.030612244897959183
586526,DDD,2013J,0.05,0.024390243902439025
586535,BBB,2013J,0.0,0.0
586550,DDD,2013J,0.0,0.0
586581,BBB,2013J,0.0,0.0
586592,FFF,2014B,0.1,0.0392156862745098
586594,CCC,2014J,0.0,0.0
586594,FFF,2013J,0.2,0.058823529411764705
586598,GGG,2013J,0.55,0.4230769230769231
586609,DDD,2013J,0.0,0.0
586621,EEE,2013J,0.5,0.4166666666666667
586625,DDD,2013J,0.15,0.09090909090909091
586639,GGG,2013J,0.1,0.06666666666666667
586642,FFF,2013J,0.2,0.07407407407407407
586652,BBB,2014J,0.45,0.19148936170212766
586660,GGG,2013J,0.1,0.08333333333333333
586668,CCC,2014J,0.0,0.0
586668,EEE,2013J,0.55,0.44
586689,GGG,2013J,0.8,0.41025641025641024
586705,FFF,2013J,0.4,0.08888888888888889
586712,BBB,2014B,0.1,0.03571428571428571
586716,EEE,2013J,0.6,0.48
586719,FFF,2013J,0.35,0.09210526315789473
586720,BBB,2013J,0.0,0.0
586729,DDD,2014J,0.05,0.02857142857142857
586742,BBB,2013J,0.0,0.0
586750,CCC,2014J,0.45,0.2647058823529412
586750,EEE,2013J,0.0,0.0
586753,FFF,2013J,0.05,0.05263157894736842
586758,FFF,2013J,0.3,0.09090909090909091
586762,CCC,2014J,0.0,0.0
586762,DDD,2013J,0.25,0.08333333333333333
586781,CCC,2014J,0.0,0.0
586781,FFF,2013J,0.75,0.1111111111111111
586784,FFF,2013J,0.4,0.10526315789473684
586787,GGG,2013J,0.0,0.0
586800,DDD,2013J,0.3,0.125
586808,CCC,2014J,0.0,0.0
586808,FFF,2013J,0.4,0.11267605633802817
586818,GGG,2013J,0.0,0.0
586838,CCC,2014J,0.0,0.0
586838,EEE,2013J,0.7,0.5
586843,BBB,2013J,0.0,0.0
586851,FFF,2013J,0.05,0.07692307692307693
586855,FFF,2013J,0.3,0.09836065573770492
586876,DDD,2014B,0.05,0.03571428571428571
586891,FFF,2013J,0.4,0.055944055944055944
586906,FFF,2014J,0.75,0.1485148514851485
586912,DDD,2013J,0.3,0.08571428571428572
586914,GGG,2013J,0.15,0.07692307692307693
586917,FFF,2014B,0.2,0.06349206349206349
586921,EEE,2013J,0.4,0.2222222222222222
586925,FFF,2013J,0.0,0.0
586928,BBB,2013J,0.0,0.0
586935,FFF,2013J,0.3,0.12
586946,DDD,2014J,0.05,0.013333333333333334
586957,FFF,2013J,0.15,0.037037037037037035
586962,EEE,2013J,0.5,0.47619047619047616
586979,EEE,2013J,0.1,0.2857142857142857
586981,GGG,2013J,0.2,0.2
586995,BBB,2014B,0.45,0.16981132075471697
586996,BBB,2013J,0.0,0.0
587002,DDD,2013J,0.3,0.08571428571428572
587004,GGG,2013J,0.35,0.18421052631578946
587008,CCC,2014J,0.05,0.029411764705882353
587008,EEE,2014J,0.0,0.0
587014,EEE,2013J,0.05,0.5
587037,BBB,2014J,0.05,0.07692307692307693
587054,BBB,2014J,0.5,0.2
587082,CCC,2014J,0.0,0.0
587122,EEE,2013J,0.35,0.4375
587126,FFF,2013J,0.3,0.08823529411764706
587140,DDD,2014J,0.0,0.0
587150,GGG,2013J,0.1,0.18181818181818182
587161,GGG,2013J,0.25,0.16129032258064516
587178,FFF,2013J,0.2,0.07272727272727272
587181,BBB,2014B,0.0,0.0
587183,GGG,2013J,0.0,0.0
587192,BBB,2013J,0.05,0.03333333333333333
587194,BBB,2013J,0.2,0.5
587195,FFF,2014B,0.05,0.08333333333333333
587223,BBB,2013J,0.0,0.0
587244,CCC,2014J,0.6,0.14634146341463414
587275,GGG,2013J,0.0,0.0
587283,GGG,2013J,0.0,0.0
587286,FFF,2013J,0.2,0.06451612903225806
587294,FFF,2013J,0.5,0.10309278350515463
587297,BBB,2013J,0.2,0.07272727272727272
587308,FFF,2013J,0.0,0.0
587319,EEE,2013J,0.35,0.4117647058823529
587323,EEE,2014B,0.45,0.6
587324,FFF,2013J,0.0,0.0
587330,GGG,2013J,0.05,0.058823529411764705
587334,FFF,2013J,0.1,0.03508771929824561
587346,EEE,2013J,0.5,0.37037037037037035
587362,GGG,2013J,0.4,0.25
587369,FFF,2013J,0.0,0.0
587374,GGG,2013J,0.0,0.0
587375,DDD,2014J,0.35,0.1044776119402985
587377,CCC,2014J,0.05,0.05263157894736842
587391,CCC,2014J,0.15,0.05660377358490566
587409,BBB,2013J,0.2,0.2857142857142857
587418,BBB,2013J,0.0,0.0
587423,BBB,2013J,0.05,0.027777777777777776
587435,FFF,2013J,0.05,0.07692307692307693
587446,DDD,2014J,0.05,0.020833333333333332
587451,FFF,2013J,0.4,0.08421052631578947
587456,FFF,2013J,0.15,0.03260869565217391
587459,BBB,2014J,0.15,0.17647058823529413
587462,FFF,2013J,0.0,0.0
587506,GGG,2013J,0.15,0.0967741935483871
587509,FFF,2014J,0.05,0.5
587509,GGG,2013J,0.0,0.0
587523,GGG,2013J,0.05,0.04
587524,BBB,2014B,0.0,0.0
587529,GGG,2013J,0.15,0.15789473684210525
587538,BBB,2014B,0.05,0.08333333333333333
587547,EEE,2013J,0.6,0.4444444444444444
587550,CCC,2014J,0.0,0.0
587555,GGG,2013J,0.05,0.05555555555555555
587564,BBB,2013J,0.05,0.045454545454545456
587571,FFF,2014J,0.55,0.07971014492753623
587576,DDD,2014J,0.05,0.03333333333333333
587579,DDD,2014J,0.1,0.03076923076923077
587594,FFF,2013J,0.25,0.09615384615384616
587600,FFF,2014B,0.3,0.09375
587611,FFF,2013J,0.3,0.10344827586206896
587616,EEE,2013J,0.55,0.55
587619,FFF,2013J,0.3,0.07894736842105263
587621,EEE,2013J,0.45,0.4090909090909091
587621,EEE,2014J,0.0,0.0
587641,DDD,2013J,0.15,0.11538461538461539
587677,EEE,2013J,0.55,0.4782608695652174
587682,EEE,2013J,0.25,0.3333333333333333
587685,FFF,2013J,0.25,0.11627906976744186
587690,FFF,2013J,0.0,0.0
587702,BBB,2013J,0.1,0.1
587714,EEE,2013J,0.4,0.36363636363636365
587722,BBB,2013J,0.1,0.08
587732,BBB,2013J,0.0,0.0
587754,BBB,2013J,0.0,0.0
587755,BBB,2013J,0.1,0.15384615384615385
587780,BBB,2014B,0.1,0.07142857142857142
587783,CCC,2014B,0.0,0.0
587783,FFF,2013J,0.45,0.11538461538461539
587793,EEE,2014J,0.8,0.6153846153846154
587810,BBB,2013J,0.75,0.2
587824,BBB,2013J,0.1,0.2
587838,BBB,2013J,0.05,0.16666666666666666
587848,FFF,2013J,0.5,0.10989010989010989
587852,GGG,2013J,0.1,0.06666666666666667
587859,FFF,2013J,0.0,0.0
587860,BBB,2014J,0.05,0.07692307692307693
587862,DDD,2013J,0.2,0.0851063829787234
587868,FFF,2013J,0.0,0.0
587881,FFF,2013J,0.0,0.0
587906,CCC,2014B,0.2,0.10526315789473684
587906,EEE,2013J,0.0,0.0
587909,GGG,2014J,0.0,0.0
587911,CCC,2014B,0.3,0.10909090909090909
587911,EEE,2013J,0.0,0.0
587923,BBB,2013J,0.15,0.2727272727272727
587961,BBB,2013J,0.0,0.0
587975,GGG,2013J,0.0,0.0
587976,FFF,2013J,0.05,0.05263157894736842
587985,BBB,2013J,0.0,0.0
587989,DDD,2013J,0.45,0.12857142857142856
587997,GGG,2013J,0.7,0.5833333333333334
588008,GGG,2013J,0.45,0.5
588014,GGG,2013J,0.1,0.05128205128205128
588031,GGG,2014B,0.05,0.07692307692307693
588033,CCC,2014J,0.0,0.0
588033,DDD,2013J,0.25,0.11627906976744186
588039,BBB,2014B,0.0,0.0
588052,FFF,2013J,0.05,0.5
588058,DDD,2014J,0.0,0.0
588078,GGG,2013J,0.0,0.0
588086,DDD,2013J,0.1,0.037037037037037035
588100,CCC,2014J,0.15,0.13043478260869565
588105,GGG,2013J,0.15,0.10344827586206896
588106,GGG,2013J,0.0,0.0
588117,BBB,2013J,0.0,0.0
588125,EEE,2013J,0.65,0.48148148148148145
588128,FFF,2013J,0.0,0.0
588128,FFF,2014J,0.25,0.09615384615384616
588131,FFF,2013J,0.4,0.12307692307692308
588132,DDD,2013J,0.35,0.0958904109589041
588138,GGG,2013J,0.4,0.21621621621621623
588145,FFF,2014B,0.15,0.05172413793103448
588146,DDD,2013J,0.4,0.13793103448275862
588156,FFF,2013J,0.35,0.0958904109589041
588166,BBB,2014J,0.0,0.0
588170,CCC,2014J,0.2,0.25
588175,FFF,2013J,0.0,0.0
588178,CCC,2014J,0.0,0.0
588178,DDD,2013J,0.05,0.01282051282051282
588179,DDD,2014J,0.0,0.0
588182,DDD,2014B,0.1,0.2857142857142857
588198,DDD,2014B,0.15,0.05660377358490566
588203,DDD,2014J,0.05,0.030303030303030304
588208,DDD,2013J,0.4,0.09411764705882353
588219,CCC,2014B,0.0,0.0
588219,DDD,2013J,0.0,0.0
588231,EEE,2013J,0.6,0.4
588233,GGG,2013J,0.1,0.08
588236,FFF,2013J,0.75,0.16666666666666666
588240,DDD,2014J,0.05,0.015625
588251,BBB,2014J,0.2,0.25
588261,FFF,2013J,0.6,0.10084033613445378
588265,BBB,2013J,0.0,0.0
588274,CCC,2014B,0.3,0.13636363636363635
588274,EEE,2014B,0.0,0.0
588280,EEE,2013J,0.7,0.4117647058823529
588289,GGG,2013J,0.0,0.0
588293,DDD,2013J,0.35,0.09722222222222222
588302,BBB,2014B,0.0,0.0
588314,GGG,2013J,0.0,0.0
588321,BBB,2013J,0.05,0.125
588352,DDD,2013J,0.25,0.10638297872340426
588355,BBB,2013J,0.2,0.10810810810810811
588363,GGG,2013J,0.0,0.0
588367,GGG,2013J,0.45,0.5294117647058824
588382,GGG,2013J,0.15,0.10344827586206896
588391,GGG,2013J,0.65,0.5652173913043478
588397,DDD,2014B,0.15,0.08333333333333333
588402,CCC,2014B,0.0,0.0
588402,EEE,2013J,0.4,0.38095238095238093
588411,GGG,2013J,0.0,0.0
588430,CCC,2014B,0.0,0.0
588430,DDD,2013J,0.2,0.08163265306122448
588436,FFF,2014B,0.0,0.0
588442,EEE,2013J,0.35,0.3684210526315789
588459,BBB,2014B,0.05,0.25
588460,CCC,2014B,0.0,0.0
588460,DDD,2013J,0.0,0.0
588464,CCC,2014B,0.0,0.0
588473,CCC,2014B,0.45,0.25
588474,EEE,2014J,0.2,0.2222222222222222
588477,AAA,2014J,0.55,0.55
588482,CCC,2014J,0.0,0.0
588482,DDD,2013J,0.1,0.041666666666666664
588484,BBB,2014B,0.0,0.0
588489,GGG,2014B,0.15,0.3
588493,CCC,2014J,0.0,0.0
588493,DDD,2013J,0.15,0.075
588502,EEE,2013J,0.55,0.39285714285714285
588505,GGG,2013J,0.05,0.043478260869565216
588522,GGG,2013J,0.05,0.0625
588524,CCC,2014B,0.0,0.0
588524,EEE,2013J,0.55,0.34375
588528,GGG,2013J,0.0,0.0
588540,DDD,2013J,0.45,0.10714285714285714
588556,DDD,2013J,0.05,0.03125
588566,CCC,2014J,0.0,0.0
588566,DDD,2013J,0.2,0.16
588590,CCC,2014B,0.05,1.0
588592,BBB,2014B,0.0,0.0
588597,FFF,2013J,0.0,0.0
588628,EEE,2013J,0.0,0.0
588628,FFF,2014J,0.5,0.0847457627118644
588642,BBB,2013J,0.0,0.0
588672,FFF,2013J,0.4,0.10666666666666667
588676,CCC,2014B,0.0,0.0
588676,EEE,2013J,0.55,0.4230769230769231
588685,BBB,2014B,0.0,0.0
588707,CCC,2014B,0.0,0.0
588707,DDD,2013J,0.35,0.08433734939759036
588710,EEE,2013J,0.35,0.3684210526315789
588752,DDD,2014B,0.05,0.03571428571428571
588765,CCC,2014J,0.0,0.0
588765,EEE,2014B,0.6,0.7058823529411765
588775,AAA,2013J,0.6,0.24489795918367346
588781,GGG,2013J,0.15,0.10344827586206896
588824,DDD,2013J,0.0,0.0
588835,EEE,2013J,0.45,0.4090909090909091
588842,CCC,2014J,0.05,0.030303030303030304
588846,CCC,2014B,0.1,0.1
588850,DDD,2013J,0.1,0.06060606060606061
588883,BBB,2013J,0.0,0.0
588884,DDD,2013J,0.15,0.06
588910,BBB,2013J,0.1,0.18181818181818182
588913,FFF,2014B,0.05,0.058823529411764705
588914,FFF,2013J,0.05,0.0625
588940,GGG,2014B,0.0,0.0
588942,EEE,2013J,0.15,0.23076923076923078
588944,BBB,2014J,0.5,0.3125
588944,GGG,2013J,0.0,0.0
588956,CCC,2014B,0.05,0.058823529411764705
588971,FFF,2013J,0.15,0.05263157894736842
589003,FFF,2013J,0.65,0.09285714285714286
589009,GGG,2014B,0.0,0.0
589014,FFF,2013J,0.3,0.05660377358490566
589016,FFF,2014B,0.25,0.14705882352941177
589019,DDD,2013J,0.2,0.14285714285714285
589029,FFF,2014B,0.05,0.04
589033,EEE,2014B,0.6,0.4444444444444444
589048,GGG,2013J,0.15,0.2727272727272727
589053,GGG,2014B,0.0,0.0
589055,EEE,2013J,0.2,0.23529411764705882
589067,BBB,2013J,0.0,0.0
589080,FFF,2014J,0.75,0.13043478260869565
589099,FFF,2013J,0.0,0.0
589123,BBB,2013J,0.0,0.0
589126,GGG,2013J,0.15,0.11538461538461539
589133,BBB,2014J,0.15,0.17647058823529413
589147,GGG,2013J,0.0,0.0
589162,FFF,2014J,0.75,0.14563106796116504
589198,GGG,2013J,0.0,0.0
589211,EEE,2013J,0.5,0.43478260869565216
589220,DDD,2013J,0.25,0.07246376811594203
589223,EEE,2014B,0.25,0.3333333333333333
589260,EEE,2014B,0.6,0.5
589263,FFF,2013J,0.1,0.043478260869565216
589279,DDD,2014J,0.1,0.047619047619047616
589295,FFF,2013J,0.2,0.06896551724137931
589296,BBB,2013J,0.1,0.07407407407407407
589302,BBB,2013J,0.15,0.14285714285714285
589303,FFF,2013J,0.3,0.07058823529411765
589326,FFF,2013J,0.25,0.054945054945054944
589327,CCC,2014B,0.0,0.0
589327,CCC,2014J,0.0,0.0
589327,EEE,2013J,0.55,0.39285714285714285
589332,FFF,2014J,0.55,0.14666666666666667
589333,BBB,2014B,0.0,0.0
589377,GGG,2013J,0.1,0.06666666666666667
589380,EEE,2013J,0.6,0.5217391304347826
589389,FFF,2014J,0.1,0.07142857142857142
589390,CCC,2014B,0.15,0.10714285714285714
589395,GGG,2013J,0.3,0.3333333333333333
589409,FFF,2013J,0.25,0.05952380952380952
589411,BBB,2013J,0.4,0.17391304347826086
589438,CCC,2014J,0.5,0.3333333333333333
589441,CCC,2014J,0.0,0.0
589441,FFF,2013J,0.45,0.1232876712328767
589441,FFF,2014J,0.0,0.0
589444,BBB,2014B,0.0,0.0
589449,FFF,2014B,0.55,0.10377358490566038
589454,FFF,2014B,0.3,0.1016949152542373
589458,DDD,2013J,0.2,0.1
589463,CCC,2014J,0.2,0.1
589474,FFF,2013J,0.0,0.0
589490,FFF,2013J,0.0,0.0
589493,GGG,2013J,0.05,0.043478260869565216
589503,DDD,2013J,0.35,0.1076923076923077
589506,EEE,2013J,0.3,0.35294117647058826
589507,GGG,2013J,0.0,0.0
589508,BBB,2013J,0.0,0.0
589509,BBB,2013J,0.05,0.14285714285714285
589517,EEE,2013J,0.1,0.6666666666666666
589523,CCC,2014J,0.35,0.10606060606060606
589525,CCC,2014B,0.05,0.03225806451612903
589531,DDD,2013J,0.1,0.06666666666666667
589548,FFF,2014B,0.65,0.09774436090225563
589554,BBB,2014J,0.2,0.16
589557,DDD,2013J,0.1,0.1
589558,GGG,2013J,0.15,0.1111111111111111
589559,FFF,2013J,0.3,0.13043478260869565
589562,GGG,2014J,0.0,0.0
589565,CCC,2014J,0.0,0.0
589565,FFF,2014B,0.9,0.13846153846153847
589578,FFF,2013J,0.15,0.0375
589582,DDD,2013J,0.0,0.0
589583,FFF,2013J,0.6,0.06818181818181818
589584,DDD,2013J,0.0,0.0
589585,DDD,2014J,0.1,0.029850746268656716
589587,FFF,2013J,0.2,0.06349206349206349
589594,FFF,2013J,0.0,0.0
589605,FFF,2013J,0.3,0.1
589621,BBB,2014J,0.35,0.18421052631578946
589634,CCC,2014J,0.2,0.0975609756097561
589690,GGG,2013J,0.15,0.13043478260869565
589691,GGG,2013J,0.0,0.0
589702,GGG,2013J,0.1,0.13333333333333333
589707,FFF,2013J,0.05,0.0136986301369863
589723,DDD,2013J,0.1,0.03389830508474576
589734,GGG,2013J,0.4,0.25
589744,GGG,2013J,0.2,0.13333333333333333
589748,GGG,2013J,0.35,0.18421052631578946
589778,CCC,2014J,0.45,0.2727272727272727
589782,CCC,2014J,0.0,0.0
589782,FFF,2013J,0.15,0.02027027027027027
589798,FFF,2014B,0.0,0.0
589828,EEE,2014B,0.0,0.0
589828,FFF,2013J,0.0,0.0
589828,FFF,2014J,0.0,0.0
589843,FFF,2013J,0.0,0.0
589845,GGG,2013J,0.0,0.0
589856,EEE,2013J,0.0,0.0
589856,EEE,2014J,0.4,0.3333333333333333
589860,FFF,2013J,0.35,0.1206896551724138
589862,BBB,2014B,0.05,0.02631578947368421
589875,DDD,2013J,0.2,0.04819277108433735
589894,EEE,2013J,0.65,0.52
589902,EEE,2013J,0.6,0.5217391304347826
589903,BBB,2013J,0.55,0.1746031746031746
589914,GGG,2013J,0.3,0.15789473684210525
589935,BBB,2014J,0.0,0.0
589948,FFF,2013J,0.1,0.06451612903225806
589950,BBB,2013J,0.05,0.08333333333333333
589956,CCC,2014J,0.0,0.0
589956,DDD,2013J,0.25,0.0684931506849315
589963,DDD,2014B,0.1,0.0392156862745098
589973,GGG,2014B,0.0,0.0
589997,BBB,2014B,0.0,0.0
590017,EEE,2013J,0.4,0.47058823529411764
590018,FFF,2014B,0.35,0.10294117647058823
590034,GGG,2013J,0.0,0.0
590046,GGG,2013J,0.1,0.07692307692307693
590086,BBB,2014J,0.05,0.041666666666666664
590120,FFF,2014J,0.6,0.17142857142857143
590122,BBB,2014J,0.05,0.125
590127,DDD,2014J,0.0,0.0
590147,GGG,2013J,0.05,0.058823529411764705
590188,FFF,2013J,0.1,0.045454545454545456
590189,FFF,2013J,0.0,0.0
590202,BBB,2013J,0.25,0.35714285714285715
590213,GGG,2013J,0.1,0.18181818181818182
590215,GGG,2013J,0.2,0.13793103448275862
590226,FFF,2013J,0.25,0.07352941176470588
590227,DDD,2014J,0.0,0.0
590231,BBB,2013J,0.0,0.0
590241,FFF,2013J,0.35,0.06306306306306306
590248,GGG,2013J,0.15,0.11538461538461539
590289,FFF,2013J,0.2,0.06779661016949153
590308,BBB,2013J,0.0,0.0
590325,BBB,2013J,0.0,0.0
590328,FFF,2013J,0.1,0.047619047619047616
590340,DDD,2014J,0.05,0.015151515151515152
590353,GGG,2013J,0.1,0.10526315789473684
590360,BBB,2013J,0.0,0.0
590362,BBB,2013J,0.05,0.047619047619047616
590372,BBB,2013J,0.3,0.21428571428571427
590392,DDD,2013J,0.2,0.07407407407407407
590397,CCC,2014J,0.0,0.0
590397,DDD,2013J,0.1,0.03636363636363636
590402,DDD,2013J,0.0,0.0
590408,BBB,2014B,0.0,0.0
590410,DDD,2014B,0.05,0.07692307692307693
590416,BBB,2014J,0.15,0.2
590443,DDD,2013J,0.4,0.09302325581395349
590444,BBB,2014J,0.05,0.08333333333333333
590445,GGG,2014B,0.0,0.0
590462,FFF,2013J,0.05,0.3333333333333333
590462,FFF,2014J,0.0,0.0
590482,DDD,2013J,0.35,0.14
590499,FFF,2013J,0.05,0.015625
590502,BBB,2013J,0.05,0.2
590508,FFF,2014B,0.25,0.07575757575757576
590540,GGG,2013J,0.4,0.42105263157894735
590541,DDD,2014B,0.4,0.0784313725490196
590543,FFF,2014B,0.0,0.0
590562,DDD,2014J,0.1,0.06896551724137931
590590,GGG,2013J,0.0,0.0
590593,BBB,2014J,0.0,0.0
590593,GGG,2013J,0.35,0.2692307692307692
590616,DDD,2014J,0.05,0.058823529411764705
590625,BBB,2013J,0.15,0.14285714285714285
590626,EEE,2013J,0.65,0.48148148148148145
590662,GGG,2013J,0.0,0.0
590667,BBB,2013J,0.0,0.0
590668,BBB,2014J,0.0,0.0
590676,CCC,2014J,0.0,0.0
590676,DDD,2013J,0.15,0.058823529411764705
590680,DDD,2014B,0.1,0.038461538461538464
590701,FFF,2013J,0.1,0.0392156862745098
590707,FFF,2013J,0.35,0.11864406779661017
590711,GGG,2013J,0.15,0.0967741935483871
590744,EEE,2013J,0.65,0.5652173913043478
590762,CCC,2014B,0.0,0.0
590762,DDD,2013J,0.25,0.16129032258064516
590764,GGG,2013J,0.0,0.0
590789,DDD,2013J,0.25,0.078125
590811,DDD,2013J,0.05,0.3333333333333333
590812,BBB,2014B,0.0,0.0
590818,FFF,2014J,0.1,0.16666666666666666
590824,FFF,2013J,0.45,0.0989010989010989
590836,GGG,2013J,0.0,0.0
590837,EEE,2014J,0.9,0.6666666666666666
590849,FFF,2013J,0.1,0.02631578947368421
590854,BBB,2014J,0.25,0.21739130434782608
590864,GGG,2013J,0.15,0.10344827586206896
590867,BBB,2013J,0.0,0.0
590877,CCC,2014B,0.0,0.0
590877,EEE,2013J,0.5,0.5555555555555556
590882,EEE,2013J,0.45,0.45
590886,DDD,2013J,0.0,0.0
590886,DDD,2014J,0.5,0.2127659574468085
590907,FFF,2013J,0.45,0.09
590914,CCC,2014B,0.05,0.09090909090909091
590918,DDD,2013J,0.05,0.05555555555555555
590920,DDD,2013J,0.15,0.06818181818181818
590920,DDD,2014J,0.0,0.0
590921,DDD,2013J,0.15,0.07142857142857142
590931,BBB,2013J,0.05,0.07142857142857142
590961,EEE,2013J,0.45,0.5294117647058824
590970,FFF,2014B,0.35,0.09859154929577464
590974,CCC,2014B,0.0,0.0
590980,FFF,2013J,0.45,0.1111111111111111
590989,FFF,2013J,0.0,0.0
590994,BBB,2013J,0.1,0.15384615384615385
591021,EEE,2013J,0.6,0.46153846153846156
591030,BBB,2013J,0.0,0.0
591034,BBB,2013J,0.0,0.0
591055,FFF,2013J,0.2,0.08
591071,DDD,2013J,0.15,0.06666666666666667
591078,FFF,2013J,0.35,0.08860759493670886
591083,CCC,2014J,0.0,0.0
591094,BBB,2014B,0.0,0.0
591111,FFF,2014B,0.0,0.0
591165,EEE,2013J,0.35,0.4117647058823529
591179,GGG,2013J,0.05,0.043478260869565216
591193,DDD,2013J,0.1,0.031746031746031744
591198,GGG,2013J,0.1,0.08333333333333333
591202,DDD,2013J,0.15,0.09375
591210,DDD,2013J,0.75,0.15306122448979592
591219,FFF,2013J,0.25,0.08620689655172414
591223,BBB,2013J,0.0,0.0
591225,GGG,2013J,0.0,0.0
591230,CCC,2014J,0.0,0.0
591230,DDD,2013J,0.25,0.10638297872340426
591243,GGG,2013J,0.1,0.1
591255,GGG,2013J,0.0,0.0
591257,BBB,2013J,0.0,0.0
591273,BBB,2013J,0.1,0.125
591299,BBB,2013J,0.8,0.2962962962962963
591321,GGG,2013J,0.15,0.125
591343,FFF,2013J,0.0,0.0
591375,CCC,2014B,0.0,0.0
591375,EEE,2013J,0.4,0.36363636363636365
591388,CCC,2014B,0.0,0.0
591388,EEE,2013J,0.65,0.52
591394,FFF,2013J,0.4,0.08421052631578947
591398,EEE,2014B,0.65,0.48148148148148145
591403,FFF,2013J,0.35,0.07526881720430108
591409,GGG,2013J,0.05,0.06666666666666667
591410,BBB,2013J,0.0,0.0
591414,BBB,2013J,0.35,0.21875
591420,BBB,2013J,0.0,0.0
591424,EEE,2013J,0.35,0.5833333333333334
591448,DDD,2014B,0.1,0.03773584905660377
591501,BBB,2013J,0.0,0.0
591516,FFF,2013J,0.0,0.0
591518,BBB,2013J,0.0,0.0
591523,EEE,2014J,0.7,0.5185185185185185
591525,FFF,2014J,0.55,0.12359550561797752
591540,DDD,2014J,0.2,0.06896551724137931
591547,BBB,2014B,0.0,0.0
591549,GGG,2013J,0.4,0.1951219512195122
591550,FFF,2014B,0.15,0.10344827586206896
591558,BBB,2013J,0.05,0.023809523809523808
591563,GGG,2014B,0.1,0.06896551724137931
591566,EEE,2013J,0.55,0.4782608695652174
591574,BBB,2013J,0.05,0.043478260869565216
591581,FFF,2013J,0.1,0.037037037037037035
591581,FFF,2014J,0.0,0.0
591588,GGG,2013J,0.1,0.06896551724137931
591589,BBB,2013J,0.0,0.0
591591,BBB,2013J,0.35,0.22580645161290322
591593,DDD,2013J,0.0,0.0
591602,GGG,2013J,0.05,0.043478260869565216
591613,FFF,2013J,0.0,0.0
591655,FFF,2013J,0.05,0.09090909090909091
591671,GGG,2013J,0.0,0.0
591685,FFF,2013J,0.0,0.0
591692,FFF,2013J,0.0,0.0
591695,FFF,2013J,0.45,0.09574468085106383
591719,EEE,2013J,0.15,0.5
591733,CCC,2014J,0.0,0.0
591735,FFF,2013J,0.45,0.24324324324324326
591746,FFF,2014J,0.15,0.17647058823529413
591755,GGG,2014J,0.15,0.125
591761,EEE,2014J,0.4,0.36363636363636365
591765,FFF,2013J,0.15,0.061224489795918366
591774,AAA,2013J,0.7,0.2978723404255319
591785,BBB,2013J,0.0,0.0
591787,BBB,2013J,0.3,0.2608695652173913
591804,GGG,2013J,0.15,0.0967741935483871
591820,BBB,2013J,0.3,0.12244897959183673
591837,GGG,2013J,0.0,0.0
591849,GGG,2013J,0.0,0.0
591859,GGG,2013J,0.0,0.0
591869,CCC,2014J,0.75,0.3125
591869,EEE,2013J,0.0,0.0
591872,FFF,2013J,0.25,0.07352941176470588
591873,GGG,2013J,0.35,0.22580645161290322
591891,CCC,2014J,0.0,0.0
591891,DDD,2013J,0.25,0.08620689655172414
591940,FFF,2013J,0.5,0.06896551724137931
591942,EEE,2013J,0.6,0.48
591944,EEE,2013J,0.4,0.5714285714285714
591946,FFF,2014J,0.45,0.2
591958,CCC,2014B,0.05,0.03571428571428571
591958,EEE,2013J,0.0,0.0
591975,FFF,2013J,0.15,0.05555555555555555
591978,BBB,2013J,0.0,0.0
591986,BBB,2014J,0.05,0.16666666666666666
591995,EEE,2013J,0.4,0.38095238095238093
591999,BBB,2014J,0.05,0.125
592001,GGG,2014B,0.0,0.0
592002,FFF,2013J,0.0,0.0
592003,EEE,2013J,0.4,0.3076923076923077
592007,CCC,2014B,0.0,0.0
592007,FFF,2013J,0.25,0.07142857142857142
592014,FFF,2013J,0.15,0.06818181818181818
592047,EEE,2014J,0.8,0.6956521739130435
592051,CCC,2014B,0.0,0.0
592051,CCC,2014J,0.0,0.0
592051,EEE,2013J,0.6,0.5
592056,GGG,2013J,0.7,0.4117647058823529
592059,GGG,2013J,0.2,0.11764705882352941
592092,FFF,2013J,0.35,0.08860759493670886
592093,CCC,2014B,0.0,0.0
592093,CCC,2014J,0.0,0.0
592093,DDD,2013J,0.1,0.07407407407407407
592127,GGG,2013J,0.05,0.04
592135,BBB,2014J,0.55,0.1896551724137931
592139,BBB,2014J,0.35,0.21875
592142,FFF,2013J,0.0,0.0
592147,BBB,2013J,0.05,0.06666666666666667
592151,CCC,2014B,0.3,0.24
592168,FFF,2013J,0.15,0.043478260869565216
592189,DDD,2013J,0.1,0.08695652173913043
592190,GGG,2014B,0.1,0.07407407407407407
592193,BBB,2014B,0.2,0.17391304347826086
592203,FFF,2013J,0.45,0.07142857142857142
592205,BBB,2013J,0.1,0.1111111111111111
592206,FFF,2013J,0.0,0.0
592214,DDD,2014J,0.05,0.016129032258064516
592218,FFF,2014J,0.45,0.072
592221,DDD,2014J,0.0,0.0
592245,GGG,2013J,0.0,0.0
592248,GGG,2013J,0.3,0.20689655172413793
592250,EEE,2013J,0.45,0.391304347826087
592252,DDD,2013J,0.25,0.125
592258,BBB,2014J,0.4,0.2222222222222222
592259,FFF,2013J,0.1,0.037037037037037035
592272,GGG,2013J,0.1,0.06666666666666667
592287,GGG,2013J,0.05,0.0625
592290,BBB,2013J,0.1,0.1
592295,FFF,2014J,0.45,0.16363636363636364
592310,CCC,2014J,0.15,0.05084745762711865
592315,DDD,2013J,0.2,0.13333333333333333
592317,BBB,2013J,0.0,0.0
592322,BBB,2013J,0.05,0.047619047619047616
592338,CCC,2014J,0.35,0.21212121212121213
592338,EEE,2014J,0.0,0.0
592361,GGG,2013J,0.35,0.20588235294117646
592370,FFF,2013J,0.1,0.038461538461538464
592372,CCC,2014J,0.0,0.0
592372,EEE,2014B,0.0,0.0
592373,FFF,2013J,0.25,0.09090909090909091
592382,DDD,2013J,0.5,0.1
592422,FFF,2014B,0.05,0.2
592441,BBB,2013J,0.0,0.0
592444,GGG,2013J,0.0,0.0
592450,FFF,2013J,0.05,0.05
592451,GGG,2013J,0.0,0.0
592465,DDD,2014B,0.35,0.12280701754385964
592471,BBB,2013J,0.25,0.2
592476,FFF,2013J,0.0,0.0
592480,BBB,2013J,0.0,0.0
592494,CCC,2014J,0.0,0.0
592494,DDD,2013J,0.0,0.0
592496,BBB,2013J,0.3,0.375
592558,FFF,2014J,0.5,0.15873015873015872
592577,DDD,2013J,0.15,0.06818181818181818
592593,EEE,2014B,0.3,0.46153846153846156
592609,CCC,2014B,0.1,0.08333333333333333
592609,EEE,2013J,0.0,0.0
592616,FFF,2013J,0.0,0.0
592618,BBB,2013J,0.25,0.20833333333333334
592624,BBB,2013J,0.05,0.125
592625,CCC,2014J,0.1,0.25
592625,DDD,2013J,0.0,0.0
592631,FFF,2013J,0.7,0.0979020979020979
592632,FFF,2014B,0.05,0.125
592634,FFF,2013J,0.5,0.1
592640,FFF,2013J,0.45,0.0967741935483871
592660,GGG,2013J,0.0,0.0
592661,DDD,2014J,0.0,0.0
592666,EEE,2014B,0.55,0.55
592689,FFF,2013J,0.25,0.05813953488372093
592709,DDD,2013J,0.0,0.0
592725,BBB,2014B,0.0,0.0
592731,CCC,2014J,0.55,0.4782608695652174
592733,BBB,2014J,0.4,0.14285714285714285
592737,GGG,2013J,0.7,0.5
592763,FFF,2013J,0.2,0.1111111111111111
592766,FFF,2014B,0.35,0.09722222222222222
592772,BBB,2013J,0.0,0.0
592775,CCC,2014B,0.1,0.05
592776,CCC,2014B,0.2,0.11428571428571428
592781,FFF,2013J,0.5,0.12195121951219512
592787,EEE,2013J,0.5,0.47619047619047616
592789,FFF,2013J,0.2,0.06153846153846154
592791,EEE,2013J,0.2,0.36363636363636365
592810,FFF,2013J,0.3,0.05263157894736842
592815,BBB,2013J,0.1,0.3333333333333333
592842,EEE,2013J,0.05,0.3333333333333333
592843,EEE,2014J,0.7,0.56
592854,BBB,2013J,0.0,0.0
592856,FFF,2013J,0.3,0.15384615384615385
592880,GGG,2013J,0.0,0.0
592882,GGG,2013J,0.15,0.17647058823529413
592895,EEE,2013J,0.6,0.46153846153846156
592899,DDD,2014J,0.1,0.04878048780487805
592900,BBB,2013J,0.1,0.05
592924,FFF,2013J,0.15,0.04225352112676056
592939,CCC,2014B,0.0,0.0
592939,FFF,2014B,0.05,0.1
592939,FFF,2014J,0.0,0.0
592949,BBB,2013J,0.0,0.0
592950,DDD,2013J,0.55,0.08148148148148149
592961,CCC,2014B,0.0,0.0
592961,EEE,2013J,0.75,0.6521739130434783
592976,CCC,2014B,0.65,0.203125
592997,CCC,2014J,0.1,0.05128205128205128
592997,EEE,2013J,0.0,0.0
593000,BBB,2014J,0.05,0.05263157894736842
593017,GGG,2013J,0.0,0.0
593022,CCC,2014J,0.0,0.0
593022,FFF,2013J,0.75,0.10948905109489052
593023,BBB,2013J,0.4,0.2
593038,EEE,2014J,0.4,0.36363636363636365
593081,BBB,2013J,0.0,0.0
593099,DDD,2014J,0.1,0.025974025974025976
593103,CCC,2014B,0.0,0.0
593103,DDD,2013J,0.2,0.15384615384615385
593104,FFF,2013J,0.0,0.0
593121,GGG,2014B,0.1,0.13333333333333333
593123,CCC,2014B,0.0,0.0
593127,GGG,2013J,0.25,0.17857142857142858
593136,FFF,2014J,0.55,0.15492957746478872
593139,FFF,2013J,0.05,0.02857142857142857
593246,GGG,2013J,0.05,0.07142857142857142
593272,FFF,2013J,0.05,0.008771929824561403
593281,BBB,2013J,0.0,0.0
593303,DDD,2013J,0.1,0.10526315789473684
593305,CCC,2014B,0.2,0.0851063829787234
593320,FFF,2013J,0.5,0.08547008547008547
593338,DDD,2013J,0.05,0.0625
593345,BBB,2014B,0.0,0.0
593346,BBB,2014J,0.1,0.045454545454545456
593373,DDD,2014J,0.05,0.02
593385,BBB,2013J,0.05,0.058823529411764705
593421,BBB,2013J,0.0,0.0
593427,BBB,2013J,0.0,0.0
593431,GGG,2013J,0.0,0.0
593444,BBB,2013J,0.15,0.09090909090909091
593459,FFF,2013J,0.1,0.038461538461538464
593476,BBB,2014J,0.0,0.0
593487,EEE,2013J,0.35,0.4117647058823529
593492,FFF,2013J,0.0,0.0
593510,BBB,2013J,0.0,0.0
593513,BBB,2013J,0.15,0.3
593514,BBB,2013J,0.0,0.0
593534,EEE,2013J,0.55,0.39285714285714285
593535,FFF,2013J,0.0,0.0
593540,GGG,2013J,0.35,0.20588235294117646
593546,GGG,2013J,0.1,0.06896551724137931
593563,FFF,2014J,0.55,0.1746031746031746
593583,BBB,2014J,0.0,0.0
593585,FFF,2013J,0.05,0.045454545454545456
593587,EEE,2013J,0.65,0.48148148148148145
593593,BBB,2013J,0.05,0.05263157894736842
593594,DDD,2013J,0.0,0.0
593607,CCC,2014J,0.0,0.0
593607,DDD,2014B,0.05,0.037037037037037035
593631,BBB,2013J,0.0,0.0
593654,DDD,2013J,0.35,0.1
593657,CCC,2014J,0.0,0.0
593657,DDD,2014B,0.3,0.07407407407407407
593658,GGG,2014J,0.15,0.25
593681,FFF,2013J,0.35,0.10606060606060606
593685,BBB,2013J,0.0,0.0
593692,BBB,2013J,0.0,0.0
593694,BBB,2013J,0.5,0.20833333333333334
593695,BBB,2013J,0.0,0.0
593709,BBB,2013J,0.0,0.0
593711,BBB,2013J,0.0,0.0
593712,BBB,2013J,0.0,0.0
593715,BBB,2013J,0.05,0.07142857142857142
593722,FFF,2014J,0.45,0.15789473684210525
593727,BBB,2013J,0.3,0.13953488372093023
593733,EEE,2014B,0.7,0.4375
593734,GGG,2013J,0.35,0.2916666666666667
593743,BBB,2013J,0.0,0.0
593755,FFF,2013J,0.25,0.10869565217391304
593780,FFF,2013J,0.05,0.07142857142857142
593785,GGG,2014B,0.05,0.04
593787,EEE,2013J,0.25,0.38461538461538464
593793,GGG,2013J,0.0,0.0
593796,FFF,2014J,0.65,0.125
593798,BBB,2013J,0.1,0.18181818181818182
593819,GGG,2013J,0.2,0.18181818181818182
593823,CCC,2014B,0.0,0.0
593823,FFF,2013J,0.55,0.12087912087912088
593840,GGG,2013J,0.0,0.0
593842,GGG,2013J,0.1,0.05263157894736842
593846,AAA,2014J,0.3,0.5454545454545454
593858,GGG,2013J,0.25,0.1724137931034483
593871,BBB,2013J,0.0,0.0
593875,BBB,2013J,0.0,0.0
593896,EEE,2014J,0.65,0.5416666666666666
593898,BBB,2013J,0.0,0.0
593900,BBB,2013J,0.0,0.0
593903,DDD,2013J,0.25,0.1282051282051282
593903,DDD,2014J,0.0,0.0
593904,FFF,2013J,0.0,0.0
593924,EEE,2013J,0.75,0.4411764705882353
593953,FFF,2013J,0.1,0.018018018018018018
593954,GGG,2013J,0.0,0.0
593965,GGG,2014B,0.05,0.03125
593970,FFF,2013J,0.05,0.047619047619047616
593972,CCC,2014B,0.05,0.038461538461538464
593973,DDD,2013J,0.15,0.05454545454545454
593976,DDD,2014J,0.15,0.05263157894736842
593987,AAA,2014J,0.5,0.3333333333333333
593995,CCC,2014B,0.35,0.12280701754385964
594011,DDD,2013J,0.4,0.1
594015,BBB,2013J,0.0,0.0
594033,DDD,2014J,0.0,0.0
594038,BBB,2013J,0.0,0.0
594043,BBB,2013J,0.0,0.0
594044,CCC,2014B,0.4,0.2857142857142857
594044,FFF,2013J,0.0,0.0
594048,DDD,2014J,0.0,0.0
594052,DDD,2013J,0.15,0.1
594056,BBB,2013J,0.1,0.11764705882352941
594061,BBB,2014B,0.05,0.02127659574468085
594065,FFF,2014J,0.65,0.1625
594071,DDD,2014J,0.1,0.03076923076923077
594076,FFF,2013J,0.0,0.0
594078,DDD,2014B,0.4,0.16326530612244897
594081,DDD,2013J,0.0,0.0
594083,BBB,2014J,0.6,0.3870967741935484
594086,DDD,2013J,0.05,0.1
594111,EEE,2013J,0.2,0.4
594119,FFF,2013J,0.35,0.08333333333333333
594122,FFF,2014J,0.45,0.1267605633802817
594131,EEE,2014B,0.45,0.3333333333333333
594136,FFF,2014B,0.65,0.1368421052631579
594139,FFF,2013J,0.25,0.06756756756756757
594157,CCC,2014B,0.8,0.2857142857142857
594157,EEE,2013J,0.0,0.0
594161,DDD,2014J,0.2,0.07547169811320754
594162,FFF,2013J,0.15,0.04054054054054054
594164,DDD,2013J,0.05,0.037037037037037035
594167,GGG,2014B,0.1,0.1
594185,GGG,2013J,0.0,0.0
594188,GGG,2013J,0.2,0.18181818181818182
594196,GGG,2013J,0.0,0.0
594199,EEE,2013J,0.15,0.10714285714285714
594201,DDD,2013J,0.45,0.10843373493975904
594205,FFF,2013J,0.3,0.15
594229,FFF,2014J,0.5,0.11627906976744186
594233,EEE,2013J,0.05,0.5
594246,EEE,2013J,0.25,0.2631578947368421
594250,FFF,2013J,0.75,0.1595744680851064
594258,FFF,2014B,0.0,0.0
594258,FFF,2014J,0.0,0.0
594282,BBB,2014J,0.6,0.3870967741935484
594291,FFF,2013J,0.1,0.058823529411764705
594319,FFF,2013J,0.2,0.06451612903225806
594326,CCC,2014J,0.3,0.10526315789473684
594326,FFF,2013J,0.0,0.0
594329,DDD,2014J,0.0,0.0
594342,FFF,2013J,0.2,0.09523809523809523
594360,FFF,2013J,0.1,0.07407407407407407
594371,CCC,2014B,0.3,0.1875
594374,FFF,2014B,0.2,0.06557377049180328
594376,FFF,2013J,0.0,0.0
594395,FFF,2013J,0.05,0.041666666666666664
594399,EEE,2013J,0.55,0.4782608695652174
594404,FFF,2013J,0.0,0.0
594406,FFF,2013J,0.3,0.10344827586206896
594406,FFF,2014J,0.0,0.0
594407,DDD,2013J,0.0,0.0
594407,DDD,2014B,0.0,0.0
594414,DDD,2013J,0.0,0.0
594417,BBB,2014B,0.15,0.3
594419,CCC,2014J,0.0,0.0
594419,DDD,2013J,0.3,0.17647058823529413
594431,EEE,2013J,0.65,0.4642857142857143
594450,GGG,2013J,0.0,0.0
594456,BBB,2013J,0.0,0.0
594468,BBB,2013J,0.0,0.0
594497,BBB,2013J,0.0,0.0
594505,FFF,2013J,0.2,0.09523809523809523
594506,FFF,2013J,0.35,0.09333333333333334
594507,DDD,2013J,0.35,0.1
594517,EEE,2013J,0.35,0.4117647058823529
594529,BBB,2013J,0.1,0.125
594546,FFF,2013J,0.75,0.12195121951219512
594547,FFF,2013J,0.3,0.07407407407407407
594554,GGG,2013J,0.0,0.0
594558,FFF,2013J,0.35,0.06422018348623854
594576,FFF,2013J,0.35,0.05426356589147287
594596,FFF,2013J,0.35,0.1346153846153846
594602,EEE,2013J,0.05,0.25
594615,FFF,2014J,0.0,0.0
594629,EEE,2014J,0.75,0.5555555555555556
594636,FFF,2014B,0.0,0.0
594636,FFF,2014J,0.65,0.11304347826086956
594643,FFF,2013J,0.0,0.0
594677,BBB,2013J,0.0,0.0
594684,EEE,2014B,0.8,0.5161290322580645
594693,BBB,2013J,0.05,0.058823529411764705
594723,GGG,2014B,0.0,0.0
594745,GGG,2013J,0.1,0.08333333333333333
594762,BBB,2013J,0.3,0.16216216216216217
594771,GGG,2013J,0.15,0.125
594776,BBB,2013J,0.15,0.2
594800,FFF,2013J,0.0,0.0
594814,FFF,2013J,0.4,0.11428571428571428
594815,FFF,2013J,0.0,0.0
594823,FFF,2013J,0.05,0.05
594834,GGG,2013J,0.3,0.2222222222222222
594845,BBB,2013J,0.0,0.0
594855,FFF,2013J,0.1,0.029411764705882353
594864,EEE,2013J,0.4,0.6666666666666666
594869,DDD,2013J,0.15,0.13043478260869565
594872,BBB,2014J,0.35,0.1346153846153846
594894,FFF,2013J,0.1,0.05555555555555555
594901,GGG,2013J,0.05,0.041666666666666664
594908,GGG,2014B,0.0,0.0
594909,CCC,2014J,0.0,0.0
594909,FFF,2014B,0.45,0.16363636363636364
594910,GGG,2013J,0.15,0.125
594925,DDD,2013J,0.2,0.05333333333333334
594928,BBB,2013J,0.0,0.0
594943,GGG,2013J,0.6,0.46153846153846156
594950,DDD,2014J,0.1,0.03636363636363636
594956,FFF,2013J,0.05,0.05555555555555555
594963,DDD,2013J,0.6,0.10084033613445378
594976,EEE,2013J,0.45,0.391304347826087
595010,BBB,2013J,0.0,0.0
595023,FFF,2013J,0.15,0.06818181818181818
595047,BBB,2014B,0.1,0.047619047619047616
595079,DDD,2013J,0.05,0.037037037037037035
595094,BBB,2013J,0.0,0.0
595100,EEE,2014B,0.6,0.3870967741935484
595102,GGG,2014B,0.15,0.10714285714285714
595103,BBB,2013J,0.2,0.36363636363636365
595106,CCC,2014J,0.0,0.0
595106,FFF,2013J,0.6,0.08275862068965517
595130,BBB,2014J,0.15,0.1
595137,BBB,2014J,0.05,0.1
595138,BBB,2013J,0.4,0.2857142857142857
595150,FFF,2013J,0.0,0.0
595164,CCC,2014B,0.0,0.0
595164,FFF,2013J,0.25,0.18518518518518517
595182,CCC,2014B,0.25,0.14285714285714285
595182,EEE,2013J,0.0,0.0
595185,GGG,2013J,0.1,0.08
595189,CCC,2014B,0.4,0.24242424242424243
595189,EEE,2013J,0.0,0.0
595193,DDD,2014B,0.3,0.17647058823529413
595215,DDD,2014J,0.0,0.0
595230,FFF,2013J,0.1,0.043478260869565216
595235,FFF,2013J,0.25,0.10869565217391304
595241,BBB,2013J,0.0,0.0
595244,EEE,2013J,0.6,0.41379310344827586
595246,FFF,2013J,0.0,0.0
595256,GGG,2013J,0.6,0.5454545454545454
595262,FFF,2014J,0.15,0.0967741935483871
595295,BBB,2013J,0.2,0.17391304347826086
595298,BBB,2013J,0.0,0.0
595305,GGG,2013J,0.05,0.02857142857142857
595310,DDD,2014J,0.1,0.04081632653061224
595319,DDD,2013J,0.25,0.07692307692307693
595330,FFF,2013J,0.35,0.07526881720430108
595335,GGG,2013J,0.35,0.2
595342,DDD,2014B,0.05,0.1
595343,GGG,2014B,0.0,0.0
595345,BBB,2013J,0.55,0.21568627450980393
595354,FFF,2013J,0.25,0.08620689655172414
595356,CCC,2014B,0.05,0.07142857142857142
595356,EEE,2014B,0.0,0.0
595365,BBB,2014J,0.5,0.2857142857142857
595365,GGG,2013J,0.0,0.0
595373,DDD,2014B,0.0,0.0
595381,FFF,2013J,0.35,0.0945945945945946
595386,FFF,2013J,0.4,0.10526315789473684
595396,DDD,2013J,0.05,0.07142857142857142
595401,FFF,2013J,0.05,0.03125
595421,BBB,2014J,0.2,0.18181818181818182
595434,GGG,2013J,0.1,0.06896551724137931
595436,BBB,2013J,0.0,0.0
595440,GGG,2013J,0.0,0.0
595474,GGG,2013J,0.35,0.1794871794871795
595477,FFF,2013J,0.05,0.012195121951219513
595483,FFF,2013J,0.0,0.0
595492,CCC,2014B,0.0,0.0
595492,EEE,2013J,0.55,0.4230769230769231
595495,CCC,2014J,0.0,0.0
595495,DDD,2013J,0.4,0.11428571428571428
595496,GGG,2013J,0.5,0.38461538461538464
595499,BBB,2013J,0.0,0.0
595514,CCC,2014B,0.25,0.09433962264150944
595514,CCC,2014J,0.0,0.0
595535,GGG,2013J,0.0,0.0
595553,EEE,2013J,0.0,0.0
595570,BBB,2013J,0.05,0.058823529411764705
595572,GGG,2014B,0.1,0.04878048780487805
595593,FFF,2013J,0.0,0.0
595601,DDD,2013J,0.0,0.0
595649,FFF,2013J,0.0,0.0
595655,FFF,2013J,0.15,0.0625
595659,CCC,2014B,0.0,0.0
595659,DDD,2013J,0.0,0.0
595672,BBB,2013J,0.1,0.14285714285714285
595676,FFF,2013J,0.05,0.0196078431372549
595678,BBB,2013J,0.1,0.09523809523809523
595685,DDD,2013J,0.25,0.11363636363636363
595687,DDD,2013J,0.25,0.10416666666666667
595721,FFF,2014J,0.35,0.11864406779661017
595735,FFF,2013J,0.2,0.09302325581395349
595741,DDD,2014J,0.0,0.0
595746,FFF,2013J,0.05,0.011494252873563218
595752,FFF,2013J,0.25,0.03048780487804878
595769,FFF,2013J,0.1,0.018518518518518517
595781,CCC,2014B,0.0,0.0
595781,EEE,2013J,0.5,0.45454545454545453
595787,DDD,2014J,0.0,0.0
595797,CCC,2014B,0.25,0.16129032258064516
595808,EEE,2014B,0.15,0.2
595818,BBB,2013J,0.05,0.037037037037037035
595840,FFF,2013J,0.75,0.12
595842,FFF,2013J,0.2,0.07692307692307693
595847,CCC,2014B,0.0,0.0
595847,FFF,2013J,0.05,0.02702702702702703
595854,BBB,2013J,0.0,0.0
595868,FFF,2013J,0.4,0.07207207207207207
595874,BBB,2013J,0.0,0.0
595876,DDD,2014J,0.0,0.0
595883,DDD,2014J,0.0,0.0
595892,BBB,2014J,0.25,0.13157894736842105
595908,GGG,2013J,0.0,0.0
595925,BBB,2013J,0.0,0.0
595927,GGG,2013J,0.4,0.17391304347826086
595935,FFF,2014B,0.0,0.0
595938,EEE,2013J,0.6,0.5714285714285714
595940,DDD,2013J,0.2,0.1111111111111111
595941,GGG,2014J,0.4,0.26666666666666666
595943,FFF,2014J,0.5,0.136986301369863
595977,GGG,2013J,0.25,0.13513513513513514
595978,FFF,2014B,0.0,0.0
595986,CCC,2014B,0.0,0.0
595986,DDD,2013J,0.25,0.16666666666666666
595988,DDD,2013J,0.2,0.05128205128205128
595992,EEE,2014B,0.6,0.5217391304347826
596002,EEE,2013J,0.65,0.41935483870967744
596017,BBB,2013J,0.2,0.08163265306122448
596027,FFF,2013J,0.2,0.08
596029,FFF,2013J,0.0,0.0
596035,CCC,2014B,0.05,0.09090909090909091
596041,BBB,2013J,0.05,1.0
596071,GGG,2013J,0.15,0.09090909090909091
596075,GGG,2013J,0.15,0.1
596089,GGG,2013J,0.35,0.2916666666666667
596091,GGG,2013J,0.0,0.0
596093,DDD,2013J,0.0,0.0
596100,BBB,2013J,0.0,0.0
596104,DDD,2013J,0.0,0.0
596107,BBB,2013J,0.0,0.0
596108,BBB,2013J,0.0,0.0
596114,BBB,2013J,0.1,0.05555555555555555
596125,FFF,2013J,0.05,0.16666666666666666
596128,BBB,2014J,0.35,0.25
596143,GGG,2013J,0.0,0.0
596144,BBB,2013J,0.0,0.0
596147,FFF,2013J,0.25,0.07575757575757576
596151,BBB,2014J,0.0,0.0
596157,CCC,2014B,0.45,0.21428571428571427
596171,BBB,2014B,0.0,0.0
596204,DDD,2013J,0.05,0.025
596208,GGG,2013J,0.0,0.0
596214,GGG,2013J,0.0,0.0
596221,GGG,2013J,0.1,0.08
596242,BBB,2013J,0.0,0.0
596243,FFF,2014J,0.55,0.12359550561797752
596253,FFF,2014J,0.55,0.1864406779661017
596255,GGG,2013J,0.0,0.0
596266,FFF,2013J,0.0,0.0
596270,DDD,2013J,0.35,0.09722222222222222
596288,AAA,2014J,0.15,0.14285714285714285
596292,DDD,2013J,0.0,0.0
596301,GGG,2013J,0.1,0.10526315789473684
596305,BBB,2013J,0.0,0.0
596306,DDD,2013J,0.1,0.06060606060606061
596319,EEE,2013J,0.6,0.5217391304347826
596322,DDD,2014J,0.15,0.07142857142857142
596326,EEE,2014J,0.1,0.4
596332,CCC,2014J,0.3,0.20689655172413793
596347,EEE,2014B,0.4,0.47058823529411764
596358,GGG,2013J,0.05,0.05263157894736842
596359,DDD,2014J,0.05,0.038461538461538464
596361,EEE,2013J,0.55,0.4074074074074074
596368,FFF,2013J,0.35,0.09210526315789473
596369,FFF,2013J,0.25,0.1724137931034483
596372,BBB,2013J,0.0,0.0
596376,GGG,2013J,0.15,0.08333333333333333
596382,GGG,2014B,0.1,0.11764705882352941
596390,BBB,2013J,0.2,0.4444444444444444
596406,FFF,2013J,0.15,0.07894736842105263
596417,BBB,2013J,0.05,0.09090909090909091
596432,EEE,2013J,0.0,0.0
596439,DDD,2014B,0.05,0.058823529411764705
596441,DDD,2013J,0.15,0.15789473684210525
596451,BBB,2013J,0.1,0.05405405405405406
596465,DDD,2014B,0.35,0.12280701754385964
596482,FFF,2014B,0.15,0.06521739130434782
596490,FFF,2013J,0.4,0.1509433962264151
596513,BBB,2014J,0.45,0.23076923076923078
596513,GGG,2014B,0.0,0.0
596521,FFF,2013J,0.1,0.06060606060606061
596526,EEE,2013J,0.6,0.5
596527,GGG,2013J,0.15,0.11538461538461539
596533,BBB,2014B,0.0,0.0
596535,BBB,2013J,0.0,0.0
596570,DDD,2013J,0.1,0.05555555555555555
596588,GGG,2014B,0.15,0.16666666666666666
596589,DDD,2013J,0.05,0.08333333333333333
596593,FFF,2013J,0.35,0.12727272727272726
596596,BBB,2013J,0.0,0.0
596601,FFF,2014B,0.25,0.1111111111111111
596614,EEE,2013J,0.1,0.2857142857142857
596624,FFF,2013J,0.0,0.0
596636,GGG,2013J,0.05,0.125
596646,FFF,2013J,0.0,0.0
596687,FFF,2013J,0.25,0.078125
596694,GGG,2013J,0.15,0.125
596697,GGG,2013J,0.4,0.26666666666666666
596699,FFF,2014B,0.25,0.17857142857142858
596711,CCC,2014J,0.0,0.0
596728,BBB,2014J,0.35,0.17073170731707318
596731,CCC,2014B,0.0,0.0
596731,DDD,2013J,0.1,0.05
596739,FFF,2013J,0.0,0.0
596751,GGG,2014B,0.1,0.08333333333333333
596754,FFF,2013J,0.0,0.0
596756,FFF,2013J,0.2,0.06666666666666667
596758,FFF,2014J,0.6,0.1111111111111111
596759,DDD,2014J,0.65,0.16883116883116883
596789,EEE,2013J,0.4,0.4
596801,GGG,2013J,0.3,0.2608695652173913
596805,FFF,2014J,0.0,0.0
596812,EEE,2013J,0.6,0.5
596824,GGG,2013J,0.1,0.13333333333333333
596828,FFF,2013J,0.25,0.09433962264150944
596829,FFF,2013J,0.0,0.0
596845,CCC,2014J,0.0,0.0
596845,DDD,2013J,0.35,0.14893617021276595
596846,CCC,2014J,0.0,0.0
596846,DDD,2013J,0.35,0.14893617021276595
596847,BBB,2013J,0.15,0.5
596849,BBB,2013J,0.0,0.0
596858,FFF,2013J,0.1,0.09090909090909091
596860,FFF,2013J,0.3,0.08955223880597014
596892,BBB,2013J,0.1,0.3333333333333333
596897,BBB,2013J,0.0,0.0
596903,CCC,2014B,0.25,0.20833333333333334
596931,EEE,2013J,0.35,0.4117647058823529
596938,FFF,2013J,0.1,0.03571428571428571
596943,GGG,2013J,0.55,0.5238095238095238
596947,CCC,2014B,0.0,0.0
596947,EEE,2014B,0.2,0.4
596961,BBB,2013J,0.0,0.0
596964,BBB,2013J,0.0,0.0
596981,CCC,2014J,0.0,0.0
596981,FFF,2013J,0.25,0.07142857142857142
596982,FFF,2013J,0.15,0.03896103896103896
596988,BBB,2014J,0.3,0.1875
597010,GGG,2014B,0.1,0.125
597037,GGG,2014B,0.1,0.2857142857142857
597045,GGG,2013J,0.25,0.14705882352941177
597050,BBB,2013J,0.0,0.0
597052,CCC,2014J,0.3,0.11764705882352941
597058,GGG,2013J,0.2,0.13333333333333333
597060,GGG,2013J,0.2,0.13793103448275862
597078,BBB,2013J,0.0,0.0
597097,GGG,2013J,0.05,0.045454545454545456
597102,BBB,2013J,0.0,0.0
597114,GGG,2013J,0.1,0.09090909090909091
597152,GGG,2013J,0.25,0.5
597199,FFF,2013J,0.35,0.051470588235294115
597204,FFF,2013J,0.8,0.09815950920245399
597206,EEE,2013J,0.4,0.5333333333333333
597212,GGG,2013J,0.0,0.0
597234,FFF,2014B,0.15,0.07692307692307693
597235,DDD,2013J,0.1,0.06060606060606061
597238,FFF,2013J,0.1,0.03508771929824561
597241,FFF,2013J,0.3,0.10344827586206896
597243,DDD,2013J,0.1,0.08333333333333333
597252,EEE,2014J,0.05,0.5
597253,GGG,2013J,0.05,0.0625
597255,BBB,2013J,0.1,0.3333333333333333
597286,BBB,2013J,0.0,0.0
597293,FFF,2013J,0.1,0.047619047619047616
597299,GGG,2013J,0.3,0.17142857142857143
597301,BBB,2013J,0.05,0.043478260869565216
597316,BBB,2014B,0.1,0.2
597319,EEE,2013J,0.05,0.047619047619047616
597333,GGG,2013J,0.2,0.13793103448275862
597335,EEE,2013J,0.3,0.42857142857142855
597356,DDD,2014B,0.0,0.0
597359,FFF,2014B,0.1,0.10526315789473684
597360,GGG,2013J,0.3,0.35294117647058826
597363,EEE,2013J,0.3,0.35294117647058826
597365,CCC,2014J,0.55,0.22916666666666666
597365,DDD,2013J,0.0,0.0
597376,EEE,2013J,0.2,0.36363636363636365
597403,CCC,2014B,0.0,0.0
597403,DDD,2013J,0.0,0.0
597426,FFF,2014B,0.0,0.0
597428,DDD,2013J,0.25,0.06097560975609756
597433,CCC,2014J,0.0,0.0
597433,DDD,2013J,0.05,0.022727272727272728
597436,CCC,2014J,0.45,0.17647058823529413
597459,EEE,2013J,0.45,0.45
597485,FFF,2013J,0.1,0.030303030303030304
597495,FFF,2014B,0.0,0.0
597515,GGG,2013J,0.5,0.5
597529,DDD,2014J,0.15,0.06
597532,BBB,2013J,0.05,0.08333333333333333
597560,DDD,2013J,0.15,0.10714285714285714
597571,DDD,2013J,0.3,0.0967741935483871
597573,EEE,2013J,0.6,0.5714285714285714
597582,BBB,2013J,0.0,0.0
597597,GGG,2013J,0.1,0.05714285714285714
597602,DDD,2013J,0.15,0.06
597608,DDD,2014J,0.05,0.02564102564102564
597617,GGG,2013J,0.4,0.6153846153846154
597627,FFF,2013J,0.2,0.08163265306122448
597662,FFF,2014B,0.35,0.0673076923076923
597669,GGG,2013J,0.0,0.0
597689,BBB,2013J,0.0,0.0
597715,FFF,2013J,0.25,0.06578947368421052
597726,DDD,2013J,0.0,0.0
597730,BBB,2014B,0.2,0.26666666666666666
597732,EEE,2014J,0.75,0.5357142857142857
597737,FFF,2013J,0.3,0.1276595744680851
597740,FFF,2014J,0.3,0.14285714285714285
597742,BBB,2013J,0.05,0.038461538461538464
597744,BBB,2014J,0.0,0.0
597747,FFF,2013J,0.3,0.0967741935483871
597755,CCC,2014J,0.0,0.0
597755,DDD,2013J,0.15,0.04411764705882353
597770,DDD,2013J,0.35,0.11475409836065574
597779,DDD,2014J,0.0,0.0
597786,DDD,2014J,0.2,0.05970149253731343
597787,FFF,2013J,0.65,0.0962962962962963
597790,BBB,2013J,0.0,0.0
597791,FFF,2013J,0.1,0.08695652173913043
597797,FFF,2013J,0.25,0.09090909090909091
597819,FFF,2013J,0.3,0.08571428571428572
597839,DDD,2014B,0.0,0.0
597853,BBB,2014J,0.0,0.0
597866,BBB,2013J,0.0,0.0
597871,DDD,2013J,0.3,0.08955223880597014
597878,BBB,2013J,0.05,0.05263157894736842
597882,BBB,2014B,0.05,0.043478260869565216
597886,BBB,2013J,0.35,0.30434782608695654
597894,BBB,2013J,0.1,0.10526315789473684
597906,FFF,2013J,0.05,0.01639344262295082
597909,EEE,2014B,0.5,0.43478260869565216
597912,FFF,2013J,0.3,0.10344827586206896
597926,CCC,2014B,0.25,0.125
597936,GGG,2013J,0.05,0.045454545454545456
597937,FFF,2014J,0.5,0.10869565217391304
597938,DDD,2013J,0.2,0.06060606060606061
597941,GGG,2013J,0.0,0.0
597948,EEE,2013J,0.5,0.47619047619047616
597968,DDD,2013J,0.05,0.03125
597971,GGG,2013J,0.0,0.0
598000,BBB,2013J,0.05,0.07692307692307693
598001,FFF,2013J,0.0,0.0
598017,GGG,2014B,0.0,0.0
598028,EEE,2013J,0.65,0.48148148148148145
598032,FFF,2013J,0.05,0.09090909090909091
598035,BBB,2014J,0.05,0.14285714285714285
598052,DDD,2013J,0.2,0.10256410256410256
598064,DDD,2013J,0.4,0.125
598074,EEE,2013J,0.15,0.16666666666666666
598077,FFF,2013J,0.15,0.0625
598102,CCC,2014J,0.0,0.0
598102,DDD,2014B,0.0,0.0
598103,DDD,2014J,0.05,0.019230769230769232
598107,GGG,2013J,0.35,0.1891891891891892
598113,CCC,2014B,0.3,0.14634146341463414
598113,FFF,2014B,0.0,0.0
598123,DDD,2013J,0.0,0.0
598127,GGG,2014B,0.0,0.0
598139,GGG,2013J,0.35,0.1590909090909091
598141,DDD,2014J,0.2,0.06060606060606061
598176,GGG,2013J,0.0,0.0
598178,GGG,2013J,0.1,0.09523809523809523
598179,DDD,2014B,0.05,0.029411764705882353
598201,BBB,2014J,0.1,0.125
598213,FFF,2013J,0.35,0.06542056074766354
598215,FFF,2013J,0.2,0.05714285714285714
598226,GGG,2013J,0.0,0.0
598230,BBB,2013J,0.0,0.0
598235,FFF,2013J,0.0,0.0
598243,BBB,2013J,0.0,0.0
598246,DDD,2013J,0.35,0.125
598252,BBB,2013J,0.4,0.47058823529411764
598253,BBB,2013J,0.0,0.0
598260,BBB,2013J,0.05,0.16666666666666666
598279,FFF,2013J,0.75,0.12
598282,BBB,2014J,0.55,0.24444444444444444
598285,FFF,2013J,0.05,0.03125
598294,FFF,2013J,0.0,0.0
598299,CCC,2014J,0.15,0.06382978723404255
598299,FFF,2013J,0.0,0.0
598303,DDD,2014J,0.0,0.0
598306,FFF,2013J,0.15,0.07894736842105263
598308,FFF,2014J,0.35,0.1111111111111111
598313,BBB,2014J,0.0,0.0
598321,CCC,2014B,0.0,0.0
598321,EEE,2013J,0.2,0.1111111111111111
598327,GGG,2013J,0.0,0.0
598351,BBB,2013J,0.4,0.2222222222222222
598376,FFF,2013J,0.3,0.049586776859504134
598385,FFF,2013J,0.05,0.029411764705882353
598415,BBB,2014B,0.05,0.06666666666666667
598420,GGG,2013J,0.0,0.0
598421,GGG,2013J,0.0,0.0
598462,BBB,2013J,0.05,0.03125
598496,GGG,2014B,0.0,0.0
598498,FFF,2013J,0.0,0.0
598501,CCC,2014J,0.0,0.0
598501,DDD,2013J,0.0,0.0
598516,DDD,2013J,0.35,0.11290322580645161
598536,DDD,2013J,0.2,0.11764705882352941
598536,DDD,2014J,0.0,0.0
598540,FFF,2014J,0.55,0.12643678160919541
598543,FFF,2013J,0.3,0.09523809523809523
598555,FFF,2013J,0.25,0.08333333333333333
598559,FFF,2014J,0.45,0.17647058823529413
598564,GGG,2014B,0.0,0.0
598571,FFF,2014B,0.7,0.09929078014184398
598581,BBB,2014J,0.05,0.125
598614,BBB,2014B,0.0,0.0
598623,BBB,2013J,0.45,0.1875
598624,BBB,2014B,0.0,0.0
598637,DDD,2013J,0.35,0.07446808510638298
598642,FFF,2014B,0.35,0.16666666666666666
598649,FFF,2013J,0.4,0.13114754098360656
598662,CCC,2014B,0.0,0.0
598662,EEE,2013J,0.5,0.4166666666666667
598664,DDD,2013J,0.4,0.08247422680412371
598665,CCC,2014J,0.0,0.0
598665,DDD,2013J,0.45,0.09473684210526316
598666,FFF,2013J,0.0,0.0
598667,GGG,2013J,0.0,0.0
598694,BBB,2014B,0.0,0.0
598706,FFF,2013J,0.2,0.06557377049180328
598709,BBB,2013J,0.0,0.0
598713,CCC,2014J,0.0,0.0
598713,FFF,2014B,0.1,0.038461538461538464
598717,GGG,2013J,0.0,0.0
598750,DDD,2014B,0.1,0.045454545454545456
598751,CCC,2014J,0.05,0.1111111111111111
598752,FFF,2013J,0.05,0.02631578947368421
598757,FFF,2014J,0.1,0.13333333333333333
598760,BBB,2013J,0.0,0.0
598761,FFF,2013J,0.75,0.11811023622047244
598762,GGG,2013J,0.05,0.08333333333333333
598769,BBB,2014J,0.0,0.0
598788,GGG,2013J,0.0,0.0
598809,EEE,2013J,0.0,0.0
598821,EEE,2013J,0.0,0.0
598824,GGG,2013J,0.0,0.0
598835,FFF,2013J,0.8,0.12403100775193798
598837,BBB,2014J,0.2,0.14814814814814814
598840,GGG,2013J,0.1,0.046511627906976744
598842,DDD,2013J,0.2,0.07692307692307693
598860,CCC,2014B,0.0,0.0
598860,DDD,2013J,0.4,0.07547169811320754
598865,BBB,2013J,0.05,0.2
598883,BBB,2013J,0.05,0.05263157894736842
598887,FFF,2013J,0.1,0.06896551724137931
598907,BBB,2013J,0.0,0.0
598914,BBB,2013J,0.05,0.029411764705882353
598918,BBB,2014B,0.05,0.07692307692307693
598921,GGG,2013J,0.0,0.0
598962,FFF,2013J,0.05,0.027777777777777776
598963,CCC,2014J,0.0,0.0
598963,EEE,2013J,0.65,0.5416666666666666
598966,FFF,2013J,0.3,0.08955223880597014
598969,BBB,2013J,0.05,0.0625
598973,EEE,2013J,0.6,0.41379310344827586
598983,CCC,2014J,0.0,0.0
598983,FFF,2013J,0.15,0.06382978723404255
598986,BBB,2013J,0.0,0.0
598989,DDD,2013J,0.55,0.1111111111111111
599009,GGG,2013J,0.25,0.15625
599016,BBB,2013J,0.15,0.3333333333333333
599037,BBB,2013J,0.6,0.20689655172413793
599048,FFF,2014B,0.2,0.06779661016949153
599049,DDD,2013J,0.35,0.10144927536231885
599056,EEE,2014B,0.15,0.42857142857142855
599059,EEE,2014J,0.0,0.0
599068,DDD,2013J,0.15,0.04477611940298507
599080,GGG,2013J,0.0,0.0
599083,DDD,2014J,0.15,0.04411764705882353
599084,CCC,2014J,0.0,0.0
599094,FFF,2013J,0.1,0.047619047619047616
599104,FFF,2013J,0.6,0.0851063829787234
599108,BBB,2014J,0.05,0.16666666666666666
599109,CCC,2014J,0.0,0.0
599109,DDD,2013J,0.1,0.041666666666666664
599132,BBB,2014B,0.0,0.0
599134,DDD,2014B,0.15,0.1875
599144,GGG,2014B,0.35,0.4117647058823529
599146,DDD,2013J,0.2,0.056338028169014086
599161,BBB,2014B,0.0,0.0
599169,CCC,2014J,0.0,0.0
599169,DDD,2013J,0.35,0.0660377358490566
599176,CCC,2014J,0.0,0.0
599176,EEE,2013J,0.75,0.5172413793103449
599177,DDD,2013J,0.0,0.0
599199,FFF,2013J,0.25,0.06578947368421052
599202,BBB,2014B,0.0,0.0
599207,BBB,2014B,0.0,0.0
599215,EEE,2014J,0.55,0.4782608695652174
599230,BBB,2013J,0.0,0.0
599245,FFF,2013J,0.0,0.0
599263,CCC,2014B,0.0,0.0
599263,EEE,2014B,0.15,0.2
599267,GGG,2013J,0.0,0.0
599275,CCC,2014B,0.05,0.041666666666666664
599276,GGG,2014B,0.0,0.0
599278,GGG,2013J,0.0,0.0
599282,GGG,2014J,0.4,0.42105263157894735
599284,EEE,2013J,0.2,0.4
599289,FFF,2013J,0.35,0.0660377358490566
599292,BBB,2013J,0.0,0.0
599297,FFF,2014J,0.0,0.0
599306,GGG,2013J,0.05,0.045454545454545456
599314,DDD,2013J,0.2,0.10256410256410256
599315,FFF,2013J,0.2,0.039603960396039604
599341,EEE,2014B,0.1,0.08695652173913043
599355,BBB,2014J,0.35,0.2
599370,FFF,2013J,0.35,0.12962962962962962
599385,GGG,2013J,0.25,0.16129032258064516
599398,CCC,2014J,0.0,0.0
599398,FFF,2014B,0.05,0.022222222222222223
599402,BBB,2013J,0.1,0.08695652173913043
599410,GGG,2013J,0.2,0.13333333333333333
599425,DDD,2013J,0.35,0.1346153846153846
599429,EEE,2014J,0.1,0.5
599445,FFF,2013J,0.35,0.0707070707070707
599452,CCC,2014J,0.0,0.0
599452,EEE,2013J,0.35,0.4117647058823529
599467,GGG,2014B,0.1,0.08
599468,FFF,2013J,0.2,0.05128205128205128
599478,EEE,2013J,0.6,0.5
599479,EEE,2013J,0.15,0.1875
599491,CCC,2014J,0.05,0.02040816326530612
599495,BBB,2014B,0.2,0.09302325581395349
599503,GGG,2013J,0.0,0.0
599529,GGG,2013J,0.0,0.0
599542,EEE,2013J,0.3,0.35294117647058826
599554,EEE,2014B,0.5,0.43478260869565216
599559,FFF,2013J,0.45,0.08571428571428572
599570,FFF,2013J,0.05,0.1111111111111111
599577,DDD,2013J,0.45,0.0967741935483871
599585,DDD,2013J,0.25,0.07352941176470588
599587,FFF,2013J,0.2,0.057971014492753624
599620,GGG,2014B,0.05,0.05
599639,BBB,2013J,0.05,0.2
599644,BBB,2013J,0.0,0.0
599649,DDD,2014B,0.0,0.0
599663,CCC,2014J,0.0,0.0
599663,FFF,2013J,0.35,0.1111111111111111
599683,FFF,2013J,0.7,0.11570247933884298
599709,BBB,2013J,0.0,0.0
599718,FFF,2013J,0.35,0.1
599725,DDD,2013J,0.15,0.046153846153846156
599737,DDD,2013J,0.35,0.11864406779661017
599739,BBB,2013J,0.15,0.07142857142857142
599740,CCC,2014J,0.0,0.0
599740,FFF,2014B,0.35,0.0660377358490566
599742,DDD,2013J,0.0,0.0
599748,BBB,2013J,0.1,0.05714285714285714
599768,EEE,2013J,0.65,0.41935483870967744
599769,BBB,2014B,0.0,0.0
599783,FFF,2013J,0.0,0.0
599785,BBB,2013J,0.05,0.05263157894736842
599787,BBB,2013J,0.75,0.21739130434782608
599789,DDD,2014B,0.15,0.08108108108108109
599794,BBB,2013J,0.7,0.21875
599795,FFF,2013J,0.0,0.0
599804,GGG,2013J,0.0,0.0
599812,FFF,2014B,0.2,0.26666666666666666
599815,GGG,2013J,0.0,0.0
599816,FFF,2013J,0.35,0.109375
599836,BBB,2013J,0.05,0.043478260869565216
599837,DDD,2013J,0.05,0.14285714285714285
599840,BBB,2013J,0.15,0.17647058823529413
599853,GGG,2013J,0.05,0.07692307692307693
599854,DDD,2013J,0.05,0.05263157894736842
599857,CCC,2014B,0.0,0.0
599857,FFF,2013J,0.0,0.0
599865,FFF,2014J,0.1,0.125
599893,EEE,2013J,0.3,0.4
599895,BBB,2013J,0.15,0.375
599902,EEE,2013J,0.45,0.47368421052631576
599907,FFF,2013J,0.05,0.041666666666666664
599908,BBB,2013J,0.25,0.08333333333333333
599937,EEE,2014B,0.35,0.3684210526315789
599942,EEE,2013J,0.25,0.625
599947,DDD,2013J,0.1,0.1
599958,CCC,2014B,0.4,0.12698412698412698
599958,EEE,2013J,0.0,0.0
599963,GGG,2013J,0.1,0.06896551724137931
599990,BBB,2014B,0.0,0.0
600033,DDD,2014J,0.05,0.014705882352941176
600035,GGG,2014B,0.65,0.5909090909090909
600067,CCC,2014J,0.0,0.0
600067,DDD,2013J,0.3,0.10909090909090909
600071,EEE,2013J,0.0,0.0
600071,FFF,2014J,0.2,0.07407407407407407
600073,CCC,2014B,0.35,0.1590909090909091
600081,GGG,2013J,0.1,0.1111111111111111
600094,CCC,2014B,0.0,0.0
600094,DDD,2013J,0.05,0.06666666666666667
600097,GGG,2013J,0.1,0.05714285714285714
600121,BBB,2013J,0.0,0.0
600142,CCC,2014B,0.05,0.25
600142,EEE,2013J,0.0,0.0
600175,FFF,2013J,0.45,0.08653846153846154
600187,EEE,2013J,0.5,0.4
600198,EEE,2013J,0.3,0.46153846153846156
600202,GGG,2013J,0.05,0.041666666666666664
600224,FFF,2013J,0.35,0.08974358974358974
600242,DDD,2013J,0.1,0.044444444444444446
600243,FFF,2013J,0.05,0.03333333333333333
600266,GGG,2013J,0.05,0.5
600267,EEE,2014J,0.3,0.5454545454545454
600277,GGG,2013J,0.0,0.0
600279,BBB,2013J,0.25,0.20833333333333334
600292,FFF,2014B,0.25,0.12195121951219512
600305,GGG,2013J,0.4,0.21621621621621623
600320,GGG,2014J,0.65,0.4482758620689655
600335,CCC,2014B,0.0,0.0
600335,EEE,2013J,0.0,0.0
600350,EEE,2013J,0.35,0.4375
600365,DDD,2013J,0.1,0.08695652173913043
600367,FFF,2013J,0.0,0.0
600370,BBB,2013J,0.0,0.0
600387,BBB,2014J,0.35,0.18421052631578946
600388,FFF,2014B,0.25,0.078125
600398,BBB,2014J,0.3,0.1875
600405,FFF,2014J,0.3,0.25
600415,BBB,2014J,0.35,0.16279069767441862
600428,BBB,2014J,0.2,0.16
600436,FFF,2013J,0.2,0.10810810810810811
600461,GGG,2013J,0.0,0.0
600463,BBB,2014J,0.0,0.0
600470,BBB,2013J,0.05,0.125
600471,GGG,2013J,0.55,0.4583333333333333
600478,DDD,2013J,0.15,0.046153846153846156
600490,BBB,2013J,0.0,0.0
600502,DDD,2014J,0.1,0.05
600509,CCC,2014B,0.0,0.0
600509,CCC,2014J,0.0,0.0
600509,EEE,2013J,0.65,0.4482758620689655
600514,GGG,2013J,0.15,0.1111111111111111
600535,CCC,2014J,0.35,0.12727272727272726
600542,FFF,2013J,0.25,0.1
600547,CCC,2014B,0.0,0.0
600547,EEE,2013J,0.0,0.0
600558,FFF,2013J,0.3,0.1111111111111111
600566,GGG,2013J,0.15,0.14285714285714285
600606,BBB,2014J,0.4,0.36363636363636365
600606,GGG,2013J,0.0,0.0
600615,FFF,2013J,0.0,0.0
600623,EEE,2014B,0.55,0.39285714285714285
600632,CCC,2014B,0.4,0.12903225806451613
600635,DDD,2013J,0.05,0.021739130434782608
600645,GGG,2013J,0.1,0.06060606060606061
600648,DDD,2013J,0.0,0.0
600664,BBB,2014J,0.3,0.20689655172413793
600670,DDD,2014B,0.6,0.14285714285714285
600671,DDD,2013J,0.15,0.046153846153846156
600676,FFF,2013J,0.65,0.1092436974789916
600680,DDD,2014J,0.15,0.06382978723404255
600682,FFF,2013J,0.4,0.0784313725490196
600684,BBB,2013J,0.35,0.14285714285714285
600686,DDD,2013J,0.1,0.05263157894736842
600702,FFF,2014B,0.7,0.09859154929577464
600714,GGG,2014B,0.05,0.09090909090909091
600733,GGG,2013J,0.0,0.0
600740,BBB,2013J,0.8,0.32653061224489793
600766,EEE,2014J,0.65,0.48148148148148145
600767,DDD,2014B,0.4,0.18604651162790697
600771,BBB,2013J,0.0,0.0
600773,FFF,2014J,0.15,0.125
600796,CCC,2014J,0.0,0.0
600796,DDD,2013J,0.05,0.02127659574468085
600801,EEE,2014B,0.3,0.42857142857142855
600814,CCC,2014J,0.1,0.10526315789473684
600814,EEE,2014B,0.0,0.0
600817,DDD,2013J,0.3,0.08955223880597014
600856,BBB,2013J,0.0,0.0
600860,FFF,2013J,0.5,0.08333333333333333
600869,EEE,2013J,0.15,0.3
600891,DDD,2014B,0.35,0.10144927536231885
600893,FFF,2014B,0.35,0.23333333333333334
600893,FFF,2014J,0.0,0.0
600895,GGG,2013J,0.25,0.13513513513513514
600906,GGG,2013J,0.0,0.0
600908,GGG,2013J,0.05,0.0625
600916,EEE,2013J,0.25,0.5555555555555556
600938,EEE,2013J,0.4,0.4
600944,FFF,2013J,0.1,0.06060606060606061
600945,CCC,2014B,0.0,0.0
600945,EEE,2013J,0.5,0.45454545454545453
600947,FFF,2013J,0.0,0.0
600963,DDD,2013J,0.1,0.06666666666666667
600966,BBB,2013J,0.0,0.0
600987,CCC,2014B,0.05,0.125
600987,EEE,2014B,0.0,0.0
600991,FFF,2013J,0.05,0.019230769230769232
601008,FFF,2014J,0.15,0.05555555555555555
601010,BBB,2014B,0.0,0.0
601021,FFF,2013J,0.2,0.07692307692307693
601040,FFF,2013J,0.2,0.1
601042,FFF,2013J,0.05,0.025
601043,CCC,2014J,0.0,0.0
601043,EEE,2014B,0.45,0.5294117647058824
601048,DDD,2013J,0.0,0.0
601054,EEE,2014B,0.5,0.5263157894736842
601064,GGG,2014B,0.2,0.14814814814814814
601082,CCC,2014J,0.0,0.0
601082,DDD,2014B,0.2,0.08888888888888889
601088,DDD,2013J,0.15,0.1875
601092,DDD,2013J,0.15,0.05084745762711865
601093,DDD,2014B,0.25,0.15625
601099,FFF,2013J,0.6,0.09302325581395349
601104,FFF,2013J,0.1,0.045454545454545456
601105,FFF,2013J,0.3,0.12244897959183673
601123,GGG,2013J,0.4,0.2
601125,GGG,2013J,0.2,0.23529411764705882
601126,GGG,2013J,0.05,0.047619047619047616
601132,GGG,2013J,0.15,0.1111111111111111
601133,DDD,2013J,0.0,0.0
601175,EEE,2013J,0.5,0.43478260869565216
601180,FFF,2013J,0.35,0.1076923076923077
601182,EEE,2013J,0.55,0.4074074074074074
601184,FFF,2013J,0.0,0.0
601199,GGG,2013J,0.05,0.058823529411764705
601204,DDD,2013J,0.0,0.0
601211,EEE,2014B,0.7,0.4827586206896552
601213,FFF,2013J,0.2,0.0784313725490196
601224,CCC,2014B,0.3,0.18181818181818182
601224,EEE,2013J,0.0,0.0
601230,DDD,2013J,0.15,0.05172413793103448
601234,CCC,2014J,0.0,0.0
601234,DDD,2013J,0.3,0.1016949152542373
601235,FFF,2014J,0.7,0.15384615384615385
601238,BBB,2014B,0.0,0.0
601243,BBB,2013J,0.25,0.125
601247,BBB,2014J,0.45,0.16666666666666666
601251,BBB,2013J,0.0,0.0
601263,DDD,2013J,0.1,0.041666666666666664
601269,BBB,2013J,0.1,0.058823529411764705
601271,FFF,2013J,0.0,0.0
601271,FFF,2014J,0.2,0.0975609756097561
601275,GGG,2013J,0.15,0.10714285714285714
601276,GGG,2013J,0.0,0.0
601286,DDD,2013J,0.05,0.25
601289,DDD,2013J,0.4,0.12307692307692308
601293,DDD,2013J,0.2,0.05194805194805195
601316,BBB,2014J,0.0,0.0
601319,GGG,2013J,0.0,0.0
601345,FFF,2014B,0.0,0.0
601346,BBB,2013J,0.15,0.10344827586206896
601356,BBB,2014B,0.05,0.05263157894736842
601360,GGG,2013J,0.2,0.14285714285714285
601375,FFF,2014B,0.35,0.12962962962962962
601380,DDD,2013J,0.2,0.1111111111111111
601386,EEE,2014B,0.35,0.35
601388,CCC,2014J,0.0,0.0
601388,FFF,2013J,0.2,0.1
601389,FFF,2013J,0.5,0.16129032258064516
601390,FFF,2013J,0.2,0.0784313725490196
601399,FFF,2013J,0.05,0.023255813953488372
601414,GGG,2013J,0.0,0.0
601418,DDD,2014J,0.0,0.0
601430,FFF,2013J,0.55,0.16923076923076924
601431,CCC,2014J,0.1,0.04878048780487805
601433,EEE,2013J,0.2,0.5
601439,FFF,2013J,0.05,0.014705882352941176
601455,BBB,2013J,0.0,0.0
601464,GGG,2013J,0.35,0.1891891891891892
601465,GGG,2013J,0.1,0.09090909090909091
601467,DDD,2013J,0.25,0.09803921568627451
601472,BBB,2013J,0.0,0.0
601488,DDD,2014J,0.05,0.08333333333333333
601497,BBB,2013J,0.45,0.1836734693877551
601499,BBB,2013J,0.1,0.07407407407407407
601504,BBB,2013J,0.15,0.07894736842105263
601505,BBB,2013J,0.0,0.0
601511,GGG,2013J,0.0,0.0
601517,CCC,2014J,0.05,0.043478260869565216
601534,GGG,2013J,0.05,0.08333333333333333
601546,GGG,2013J,0.05,0.041666666666666664
601550,CCC,2014B,0.0,0.0
601551,BBB,2013J,0.1,0.18181818181818182
601558,BBB,2013J,0.0,0.0
601560,FFF,2014B,0.05,0.047619047619047616
601566,CCC,2014J,0.0,0.0
601566,DDD,2013J,0.0,0.0
601567,CCC,2014J,0.0,0.0
601567,EEE,2014J,0.4,0.5
601576,GGG,2013J,0.0,0.0
601579,DDD,2013J,0.3,0.1111111111111111
601583,FFF,2013J,0.3,0.06451612903225806
601605,GGG,2013J,0.1,0.06896551724137931
601616,BBB,2014B,0.0,0.0
601635,BBB,2013J,0.25,0.3333333333333333
601645,GGG,2013J,0.15,0.10344827586206896
601653,EEE,2013J,0.55,0.36666666666666664
601655,BBB,2013J,0.0,0.0
601680,FFF,2014J,0.05,0.14285714285714285
601681,FFF,2013J,0.6,0.13186813186813187
601706,BBB,2013J,0.1,0.3333333333333333
601706,BBB,2014J,0.0,0.0
601735,CCC,2014J,0.4,0.5
601735,FFF,2014B,0.0,0.0
601745,FFF,2013J,0.15,0.06818181818181818
601757,EEE,2013J,0.65,0.4642857142857143
601761,FFF,2013J,0.0,0.0
601788,FFF,2013J,0.25,0.10416666666666667
601803,BBB,2014J,0.05,0.25
601808,FFF,2013J,0.3,0.13333333333333333
601820,FFF,2014J,0.55,0.1774193548387097
601827,EEE,2013J,0.3,0.5454545454545454
601854,GGG,2013J,0.05,0.058823529411764705
601857,DDD,2013J,0.45,0.10843373493975904
601862,BBB,2014B,0.1,0.1111111111111111
601872,CCC,2014B,0.15,0.08571428571428572
601873,EEE,2013J,0.35,0.3888888888888889
601874,BBB,2014J,0.1,0.3333333333333333
601885,BBB,2013J,0.0,0.0
601887,BBB,2013J,0.05,0.1
601896,BBB,2013J,0.0,0.0
601934,BBB,2013J,0.15,0.25
601939,GGG,2013J,0.15,0.09090909090909091
601949,CCC,2014B,0.25,0.1282051282051282
601951,BBB,2013J,0.0,0.0
601952,FFF,2013J,0.1,0.04878048780487805
601956,CCC,2014J,0.0,0.0
601956,DDD,2014B,0.15,0.0967741935483871
601963,GGG,2013J,0.25,0.19230769230769232
601983,BBB,2014J,0.3,0.35294117647058826
601983,GGG,2013J,0.0,0.0
601997,GGG,2013J,0.0,0.0
602007,EEE,2013J,0.65,0.3939393939393939
602009,BBB,2013J,0.0,0.0
602011,BBB,2014B,0.0,0.0
602014,BBB,2013J,0.0,0.0
602023,GGG,2013J,0.0,0.0
602026,GGG,2013J,0.0,0.0
602029,DDD,2014J,0.1,0.0425531914893617
602030,CCC,2014J,0.0,0.0
602042,CCC,2014B,0.05,0.045454545454545456
602045,GGG,2014B,0.2,0.11428571428571428
602053,FFF,2013J,0.1,0.05405405405405406
602061,GGG,2014B,0.0,0.0
602066,BBB,2013J,0.0,0.0
602072,GGG,2013J,0.05,0.047619047619047616
602099,FFF,2013J,0.0,0.0
602109,BBB,2014J,0.0,0.0
602123,CCC,2014J,0.2,0.14814814814814814
602133,CCC,2014B,0.2,0.08888888888888889
602133,EEE,2013J,0.0,0.0
602147,BBB,2013J,0.05,0.05263157894736842
602150,EEE,2014B,0.05,0.25
602151,CCC,2014J,0.0,0.0
602168,GGG,2013J,0.05,0.125
602185,DDD,2014J,0.15,0.07142857142857142
602228,DDD,2014B,0.0,0.0
602233,EEE,2013J,0.3,0.35294117647058826
602245,BBB,2013J,0.1,0.08
602268,EEE,2013J,0.65,0.4482758620689655
602269,CCC,2014B,0.0,0.0
602269,EEE,2013J,0.4,0.5
602275,EEE,2013J,0.55,0.4782608695652174
602288,CCC,2014J,0.0,0.0
602288,EEE,2013J,0.6,0.46153846153846156
602302,DDD,2013J,0.1,0.029411764705882353
602312,FFF,2013J,0.35,0.046052631578947366
602318,DDD,2014J,0.1,0.03125
602324,BBB,2013J,0.0,0.0
602356,DDD,2013J,0.2,0.08888888888888889
602360,GGG,2014J,0.0,0.0
602365,DDD,2014B,0.05,0.030303030303030304
602389,EEE,2013J,0.65,0.4642857142857143
602395,BBB,2013J,0.0,0.0
602398,EEE,2013J,0.25,0.45454545454545453
602401,GGG,2013J,0.6,0.42857142857142855
602404,DDD,2013J,0.1,0.04
602424,EEE,2013J,0.35,0.35
602451,FFF,2013J,0.15,0.028846153846153848
602454,DDD,2014B,0.4,0.13793103448275862
602458,BBB,2013J,0.05,0.03571428571428571
602468,FFF,2013J,0.05,0.05
602469,FFF,2013J,0.35,0.09333333333333334
602470,GGG,2013J,0.15,0.10714285714285714
602471,BBB,2014J,0.5,0.21739130434782608
602483,BBB,2013J,0.05,0.14285714285714285
602496,BBB,2013J,0.0,0.0
602502,FFF,2013J,0.0,0.0
602511,FFF,2013J,0.5,0.09900990099009901
602516,FFF,2013J,0.2,0.07017543859649122
602528,DDD,2014J,0.05,0.02127659574468085
602531,GGG,2013J,0.0,0.0
602533,CCC,2014J,0.0,0.0
602533,DDD,2014B,0.25,0.09259259259259259
602570,BBB,2014J,0.05,0.08333333333333333
602573,GGG,2013J,0.3,0.15
602577,FFF,2013J,0.35,0.0958904109589041
602594,FFF,2014J,0.45,0.10227272727272728
602595,DDD,2013J,0.35,0.14285714285714285
602604,GGG,2013J,0.1,0.06666666666666667
602634,BBB,2013J,0.0,0.0
602655,GGG,2014B,0.5,0.45454545454545453
602663,EEE,2013J,0.65,0.38235294117647056
602666,BBB,2014J,0.0,0.0
602669,FFF,2013J,0.5,0.13157894736842105
602672,FFF,2014B,0.0,0.0
602681,FFF,2014B,0.2,0.07142857142857142
602683,CCC,2014J,0.2,0.13793103448275862
602696,BBB,2014J,0.35,0.14285714285714285
602703,CCC,2014B,0.0,0.0
602703,EEE,2013J,0.5,0.47619047619047616
602707,EEE,2014J,0.6,0.5454545454545454
602711,GGG,2013J,0.2,0.13333333333333333
602713,FFF,2013J,0.3,0.11538461538461539
602718,CCC,2014B,0.0,0.0
602718,EEE,2013J,0.4,0.34782608695652173
602719,FFF,2013J,0.25,0.07575757575757576
602721,EEE,2014B,0.55,0.4782608695652174
602725,DDD,2013J,0.05,0.058823529411764705
602729,DDD,2013J,0.35,0.07692307692307693
602734,FFF,2013J,0.0,0.0
602739,BBB,2013J,0.0,0.0
602767,BBB,2013J,0.3,0.16666666666666666
602768,GGG,2013J,0.05,0.07142857142857142
602777,FFF,2013J,0.05,0.017857142857142856
602779,BBB,2014J,0.6,0.21428571428571427
602780,GGG,2013J,0.2,0.125
602783,DDD,2013J,0.3,0.10526315789473684
602792,FFF,2013J,0.05,0.05555555555555555
602803,BBB,2013J,0.05,0.06666666666666667
602811,FFF,2013J,0.2,0.06896551724137931
602815,BBB,2014B,0.0,0.0
602818,FFF,2014B,0.2,0.0547945205479452
602820,GGG,2013J,0.3,0.1875
602826,BBB,2013J,0.0,0.0
602827,CCC,2014J,0.0,0.0
602827,EEE,2013J,0.6,0.42857142857142855
602830,EEE,2014J,0.75,0.5
602837,FFF,2013J,0.0,0.0
602854,FFF,2014B,0.5,0.1388888888888889
602856,DDD,2013J,0.05,0.01818181818181818
602862,FFF,2014B,0.25,0.078125
602865,BBB,2014J,0.7,0.30434782608695654
602895,FFF,2013J,0.05,0.023255813953488372
602902,CCC,2014B,0.0,0.0
602902,DDD,2013J,0.25,0.08064516129032258
602913,CCC,2014B,0.0,0.0
602929,BBB,2014B,0.0,0.0
602943,BBB,2014J,0.35,0.16666666666666666
602948,FFF,2013J,0.45,0.11538461538461539
602973,CCC,2014J,0.1,0.05
602991,BBB,2014B,0.0,0.0
602994,FFF,2013J,0.0,0.0
603012,BBB,2013J,0.0,0.0
603034,DDD,2013J,0.05,0.03333333333333333
603035,BBB,2013J,0.1,0.2
603036,BBB,2013J,0.7,0.23728813559322035
603038,BBB,2013J,0.1,0.047619047619047616
603044,GGG,2013J,0.0,0.0
603049,CCC,2014J,0.0,0.0
603049,DDD,2013J,0.15,0.075
603055,BBB,2014J,0.2,0.21052631578947367
603058,GGG,2013J,0.6,0.42857142857142855
603059,FFF,2013J,0.3,0.07058823529411765
603061,BBB,2014B,0.0,0.0
603064,GGG,2014B,0.15,0.08108108108108109
603108,EEE,2014J,0.6,0.631578947368421
603111,FFF,2014B,0.0,0.0
603112,BBB,2014B,0.0,0.0
603113,BBB,2014J,0.35,0.23333333333333334
603123,BBB,2013J,0.15,0.375
603129,CCC,2014J,0.2,0.19047619047619047
603155,FFF,2013J,0.25,0.10416666666666667
603163,FFF,2014B,0.05,0.03571428571428571
603164,GGG,2013J,0.15,0.12
603165,BBB,2013J,0.25,0.29411764705882354
603170,FFF,2013J,0.35,0.0958904109589041
603179,CCC,2014J,0.0,0.0
603179,EEE,2014J,0.45,0.5
603199,FFF,2013J,0.15,0.21428571428571427
603200,BBB,2014J,0.3,0.16216216216216217
603210,BBB,2013J,0.2,0.14285714285714285
603216,FFF,2013J,0.0,0.0
603222,CCC,2014B,0.0,0.0
603222,EEE,2013J,0.4,0.5
603224,DDD,2014J,0.1,0.03508771929824561
603230,GGG,2013J,0.0,0.0
603231,FFF,2013J,0.35,0.09722222222222222
603260,FFF,2013J,0.0,0.0
603265,BBB,2013J,0.0,0.0
603270,BBB,2013J,0.1,0.09090909090909091
603287,BBB,2013J,0.1,0.16666666666666666
603300,FFF,2013J,0.6,0.09836065573770492
603302,DDD,2014B,0.0,0.0
603303,DDD,2014J,0.05,0.02631578947368421
603309,EEE,2013J,0.65,0.3939393939393939
603325,CCC,2014J,0.0,0.0
603325,DDD,2013J,0.25,0.11904761904761904
603327,FFF,2013J,0.2,0.09523809523809523
603328,GGG,2013J,0.15,0.10714285714285714
603341,FFF,2013J,0.0,0.0
603389,FFF,2013J,0.3,0.06451612903225806
603398,BBB,2013J,0.1,0.2
603406,DDD,2014J,0.0,0.0
603410,DDD,2013J,0.15,0.09375
603423,FFF,2013J,0.0,0.0
603431,DDD,2013J,0.05,0.0625
603437,FFF,2013J,0.2,0.05714285714285714
603440,BBB,2013J,0.6,0.24
603446,BBB,2013J,0.05,0.043478260869565216
603455,EEE,2013J,0.3,0.35294117647058826
603469,DDD,2013J,0.15,0.08823529411764706
603477,CCC,2014B,0.2,0.1111111111111111
603477,EEE,2013J,0.0,0.0
603493,DDD,2014J,0.0,0.0
603498,DDD,2013J,0.1,0.15384615384615385
603503,CCC,2014J,0.0,0.0
603503,EEE,2013J,0.6,0.5
603513,DDD,2013J,0.15,0.07894736842105263
603529,CCC,2014J,0.0,0.0
603529,FFF,2013J,0.5,0.072992700729927
603531,EEE,2014B,0.65,0.43333333333333335
603539,FFF,2014B,0.35,0.07865168539325842
603565,EEE,2013J,0.2,0.5
603576,FFF,2013J,0.15,0.06818181818181818
603579,GGG,2013J,0.0,0.0
603580,BBB,2014J,0.65,0.34210526315789475
603585,GGG,2014J,0.0,0.0
603597,FFF,2013J,0.2,0.07692307692307693
603600,FFF,2013J,0.55,0.09243697478991597
603601,BBB,2013J,0.0,0.0
603611,FFF,2013J,0.35,0.10606060606060606
603612,GGG,2014B,0.0,0.0
603620,CCC,2014J,0.4,0.3333333333333333
603627,BBB,2013J,0.05,0.041666666666666664
603639,CCC,2014B,0.0,0.0
603639,EEE,2013J,0.45,0.4090909090909091
603648,FFF,2014J,0.6,0.09836065573770492
603651,FFF,2013J,0.25,0.07462686567164178
603661,BBB,2013J,0.0,0.0
603685,GGG,2013J,0.0,0.0
603690,DDD,2014B,0.35,0.1206896551724138
603694,FFF,2014B,0.55,0.15942028985507245
603730,DDD,2013J,0.0,0.0
603731,BBB,2014J,0.5,0.25
603733,FFF,2013J,0.35,0.09722222222222222
603740,GGG,2013J,0.1,0.13333333333333333
603746,BBB,2014J,0.05,0.16666666666666666
603762,BBB,2014B,0.1,0.3333333333333333
603763,GGG,2013J,0.35,0.4666666666666667
603818,BBB,2013J,0.0,0.0
603819,FFF,2013J,0.25,0.06329113924050633
603832,CCC,2014B,0.0,0.0
603832,EEE,2014B,0.0,0.0
603834,AAA,2014J,0.1,0.2857142857142857
603848,FFF,2013J,0.0,0.0
603848,FFF,2014B,0.0,0.0
603859,CCC,2014B,0.4,0.12903225806451613
603861,AAA,2013J,0.35,0.2692307692307692
603861,AAA,2014J,0.0,0.0
603908,BBB,2013J,0.0,0.0
603912,BBB,2013J,0.15,0.08823529411764706
603913,GGG,2013J,0.2,0.14285714285714285
603918,GGG,2013J,0.2,0.11764705882352941
603921,BBB,2014J,0.0,0.0
603921,GGG,2014B,0.4,0.5
603931,FFF,2013J,0.1,0.08
603961,DDD,2014J,0.0,0.0
603972,FFF,2014B,0.15,0.06382978723404255
604050,EEE,2013J,0.4,0.42105263157894735
604055,DDD,2013J,0.3,0.09375
604057,CCC,2014J,0.7,0.3181818181818182
604057,EEE,2014J,0.0,0.0
604061,GGG,2014J,0.0,0.0
604064,GGG,2013J,0.05,0.034482758620689655
604072,DDD,2013J,0.05,0.043478260869565216
604087,FFF,2013J,0.2,0.0380952380952381
604095,BBB,2013J,0.0,0.0
604096,GGG,2013J,0.0,0.0
604106,BBB,2014B,0.05,0.07142857142857142
604110,GGG,2013J,0.0,0.0
604116,BBB,2013J,0.05,0.047619047619047616
604142,FFF,2013J,0.05,0.16666666666666666
604147,BBB,2013J,0.0,0.0
604151,BBB,2013J,0.05,0.058823529411764705
604153,GGG,2013J,0.0,0.0
604154,BBB,2013J,0.0,0.0
604156,DDD,2013J,0.4,0.0975609756097561
604164,CCC,2014B,0.05,0.2
604164,CCC,2014J,0.0,0.0
604172,EEE,2014B,0.6,0.5454545454545454
604174,FFF,2014B,0.3,0.08955223880597014
604184,FFF,2013J,0.05,0.02127659574468085
604187,BBB,2013J,0.1,0.08
604196,BBB,2013J,0.25,0.23809523809523808
604200,BBB,2013J,0.25,0.13513513513513514
604204,BBB,2013J,0.0,0.0
604213,GGG,2013J,0.0,0.0
604238,BBB,2013J,0.85,0.3148148148148148
604270,EEE,2014B,0.6,0.5217391304347826
604281,DDD,2013J,0.35,0.08974358974358974
604292,BBB,2013J,0.2,0.10526315789473684
604293,FFF,2014B,0.2,0.08333333333333333
604315,BBB,2013J,0.0,0.0
604317,DDD,2013J,0.0,0.0
604336,GGG,2013J,0.05,0.05555555555555555
604337,EEE,2014B,0.05,0.3333333333333333
604338,FFF,2014B,0.15,0.10344827586206896
604356,BBB,2013J,0.05,0.05555555555555555
604358,BBB,2014J,0.6,0.20689655172413793
604378,EEE,2013J,0.6,0.4444444444444444
604379,FFF,2013J,0.25,0.10204081632653061
604393,EEE,2013J,0.7,0.45161290322580644
604416,FFF,2013J,0.1,0.0392156862745098
604423,GGG,2013J,0.75,0.5
604427,FFF,2013J,0.2,0.10256410256410256
604462,DDD,2013J,0.1,0.038461538461538464
604478,FFF,2013J,0.85,0.11805555555555555
604498,GGG,2013J,0.15,0.15789473684210525
604500,DDD,2014J,0.15,0.07692307692307693
604502,EEE,2014B,0.55,0.3793103448275862
604504,GGG,2014B,0.0,0.0
604517,CCC,2014B,0.0,0.0
604517,EEE,2013J,0.7,0.5384615384615384
604534,GGG,2013J,0.0,0.0
604536,GGG,2013J,0.25,0.22727272727272727
604539,GGG,2013J,0.15,0.08108108108108109
604543,BBB,2013J,0.2,0.19047619047619047
604556,BBB,2013J,0.15,0.1
604567,FFF,2014J,0.4,0.14285714285714285
604571,CCC,2014B,0.0,0.0
604571,EEE,2014B,0.25,0.4166666666666667
604574,DDD,2013J,0.0,0.0
604581,FFF,2013J,0.0,0.0
604588,GGG,2013J,0.4,0.36363636363636365
604614,FFF,2014J,0.1,0.030303030303030304
604627,DDD,2013J,0.05,0.06666666666666667
604633,FFF,2013J,0.05,0.02564102564102564
604635,FFF,2013J,0.0,0.0
604655,CCC,2014B,0.0,0.0
604655,DDD,2013J,0.05,0.047619047619047616
604671,DDD,2014J,0.0,0.0
604685,EEE,2013J,0.55,0.44
604698,FFF,2014B,0.2,0.07272727272727272
604700,FFF,2013J,0.25,0.06329113924050633
604709,DDD,2014J,0.0,0.0
604721,GGG,2013J,0.05,0.05
604723,CCC,2014B,0.0,0.0
604723,DDD,2013J,0.2,0.14285714285714285
604725,BBB,2014J,0.3,0.16666666666666666
604731,BBB,2013J,0.0,0.0
604741,FFF,2013J,0.35,0.125
604755,FFF,2013J,0.15,0.075
604766,FFF,2013J,0.4,0.07547169811320754
604789,EEE,2014B,0.1,0.18181818181818182
604799,FFF,2013J,0.35,0.109375
604825,CCC,2014J,0.0,0.0
604854,DDD,2013J,0.15,0.0967741935483871
604879,FFF,2013J,0.6,0.08108108108108109
604901,GGG,2014B,0.1,0.06896551724137931
604905,DDD,2014B,0.0,0.0
604906,CCC,2014J,0.0,0.0
604906,EEE,2013J,0.6,0.5217391304347826
604907,FFF,2014J,0.0,0.0
604912,DDD,2013J,0.05,0.125
604916,BBB,2013J,0.0,0.0
604917,BBB,2013J,0.2,0.12121212121212122
604919,BBB,2013J,0.25,0.10638297872340426
604921,BBB,2013J,0.05,0.04
604930,GGG,2013J,0.35,0.1891891891891892
604932,BBB,2013J,0.0,0.0
604939,BBB,2013J,0.0,0.0
604942,BBB,2013J,0.0,0.0
604945,FFF,2013J,0.05,0.05
604950,BBB,2014J,0.8,0.41025641025641024
604952,DDD,2013J,0.1,0.06060606060606061
604962,BBB,2014B,0.0,0.0
604966,BBB,2013J,0.2,0.12121212121212122
604969,FFF,2014B,0.0,0.0
604980,GGG,2013J,0.0,0.0
604982,BBB,2013J,0.0,0.0
604990,BBB,2014J,0.3,0.14285714285714285
604997,CCC,2014B,0.1,0.08695652173913043
605009,BBB,2013J,0.0,0.0
605012,FFF,2013J,0.5,0.15873015873015872
605027,GGG,2013J,0.15,0.13043478260869565
605048,FFF,2013J,0.45,0.08490566037735849
605068,BBB,2014J,0.5,0.2222222222222222
605069,FFF,2013J,0.25,0.09090909090909091
605070,DDD,2014J,0.0,0.0
605072,GGG,2013J,0.1,0.08333333333333333
605089,BBB,2014J,0.2,0.19047619047619047
605102,BBB,2013J,0.0,0.0
605105,DDD,2013J,0.25,0.05555555555555555
605111,CCC,2014J,0.0,0.0
605111,EEE,2013J,0.35,0.4666666666666667
605118,DDD,2013J,0.55,0.13580246913580246
605118,DDD,2014J,0.0,0.0
605125,EEE,2014J,0.25,0.5
605129,EEE,2014J,0.5,0.5882352941176471
605144,CCC,2014B,0.0,0.0
605144,DDD,2013J,0.3,0.08695652173913043
605156,GGG,2013J,0.2,0.10526315789473684
605180,EEE,2013J,0.45,0.5625
605180,FFF,2014J,0.0,0.0
605195,FFF,2013J,0.65,0.1111111111111111
605207,BBB,2013J,0.1,0.15384615384615385
605225,GGG,2013J,0.2,0.18181818181818182
605228,FFF,2014J,0.05,0.1
605243,BBB,2014J,0.65,0.30952380952380953
605246,BBB,2013J,0.35,0.28
605255,BBB,2013J,0.0,0.0
605264,EEE,2013J,0.5,0.45454545454545453
605265,FFF,2013J,0.15,0.05357142857142857
605266,CCC,2014B,0.0,0.0
605266,DDD,2013J,0.2,0.05555555555555555
605269,FFF,2013J,0.0,0.0
605294,EEE,2014J,0.75,0.5357142857142857
605301,GGG,2013J,0.15,0.0967741935483871
605306,GGG,2013J,0.1,0.125
605312,FFF,2014B,0.5,0.1694915254237288
605325,GGG,2013J,0.0,0.0
605327,BBB,2013J,0.0,0.0
605361,EEE,2013J,0.45,0.45
605367,CCC,2014J,0.0,0.0
605367,EEE,2014B,0.3,0.23076923076923078
605375,GGG,2014B,0.05,0.06666666666666667
605390,BBB,2013J,0.2,0.11764705882352941
605394,FFF,2014J,0.15,0.04918032786885246
605409,FFF,2013J,0.5,0.09615384615384616
605438,BBB,2013J,0.0,0.0
605445,GGG,2014B,0.15,0.10344827586206896
605459,FFF,2013J,0.2,0.0975609756097561
605475,FFF,2014B,0.6,0.12244897959183673
605476,DDD,2013J,0.05,0.047619047619047616
605480,EEE,2013J,0.15,0.75
605488,DDD,2014J,0.25,0.0847457627118644
605493,FFF,2014B,0.15,0.0625
605505,BBB,2013J,0.15,0.16666666666666666
605521,GGG,2013J,0.05,0.0625
605538,FFF,2013J,0.3,0.11538461538461539
605540,CCC,2014J,0.0,0.0
605540,DDD,2013J,0.05,0.015384615384615385
605556,GGG,2014B,0.2,0.3076923076923077
605561,DDD,2013J,0.15,0.2727272727272727
605571,CCC,2014B,0.0,0.0
605571,FFF,2013J,0.55,0.08029197080291971
605589,FFF,2013J,0.35,0.109375
605594,BBB,2013J,0.05,0.5
605595,BBB,2013J,0.0,0.0
605596,DDD,2014B,0.05,0.027777777777777776
605597,BBB,2014B,0.0,0.0
605598,FFF,2013J,0.45,0.10227272727272728
605621,FFF,2013J,0.25,0.09615384615384616
605652,DDD,2014B,0.0,0.0
605666,CCC,2014J,0.0,0.0
605666,FFF,2013J,0.1,0.046511627906976744
605672,BBB,2014B,0.0,0.0
605679,BBB,2013J,0.0,0.0
605682,FFF,2014J,0.6,0.1348314606741573
605688,CCC,2014B,0.0,0.0
605688,EEE,2014B,0.6,0.5
605692,GGG,2013J,0.2,0.2222222222222222
605693,BBB,2014B,0.0,0.0
605695,DDD,2014B,0.15,0.08333333333333333
605702,GGG,2014B,0.05,0.05
605703,CCC,2014B,0.0,0.0
605703,DDD,2013J,0.4,0.11267605633802817
605733,GGG,2013J,0.1,0.11764705882352941
605756,FFF,2013J,0.45,0.08737864077669903
605759,DDD,2014B,0.0,0.0
605759,DDD,2014J,0.0,0.0
605770,BBB,2014J,0.2,0.17391304347826086
605771,BBB,2014J,0.65,0.2708333333333333
605781,DDD,2014B,0.05,0.045454545454545456
605828,GGG,2014B,0.1,0.13333333333333333
605832,BBB,2013J,0.0,0.0
605836,EEE,2014J,0.8,0.5
605840,CCC,2014J,0.15,0.3
605854,BBB,2013J,0.0,0.0
605861,GGG,2013J,0.0,0.0
605868,CCC,2014J,0.25,0.15625
605876,DDD,2014J,0.2,0.07547169811320754
605885,DDD,2013J,0.0,0.0
605886,FFF,2013J,0.2,0.04597701149425287
605901,BBB,2014J,0.0,0.0
605901,GGG,2013J,0.3,0.2222222222222222
605905,FFF,2013J,0.0,0.0
605908,EEE,2013J,0.15,0.375
605916,BBB,2013J,0.15,0.06976744186046512
605920,GGG,2013J,0.0,0.0
605930,BBB,2013J,0.2,0.3076923076923077
605941,DDD,2013J,0.3,0.11320754716981132
605954,FFF,2013J,0.15,0.07142857142857142
605974,FFF,2013J,0.3,0.07317073170731707
605977,GGG,2013J,0.1,0.08333333333333333
605988,FFF,2013J,0.6,0.09836065573770492
605993,FFF,2013J,0.65,0.12264150943396226
605996,BBB,2014B,0.0,0.0
606002,FFF,2013J,0.3,0.0759493670886076
606006,FFF,2013J,0.0,0.0
606027,BBB,2014J,0.5,0.38461538461538464
606028,GGG,2013J,0.1,0.08695652173913043
606047,EEE,2013J,0.5,0.43478260869565216
606052,GGG,2013J,0.0,0.0
606062,FFF,2013J,0.35,0.07446808510638298
606064,CCC,2014J,0.05,0.03571428571428571
606069,BBB,2014B,0.0,0.0
606079,FFF,2013J,0.1,0.125
606082,DDD,2013J,0.2,0.14285714285714285
606097,BBB,2013J,0.1,0.07407407407407407
606101,GGG,2014B,0.05,0.041666666666666664
606104,FFF,2013J,0.5,0.07692307692307693
606105,BBB,2014J,0.0,0.0
606127,EEE,2014B,0.35,0.5384615384615384
606134,BBB,2014J,0.45,0.225
606143,AAA,2013J,0.0,0.0
606167,FFF,2013J,0.2,0.05063291139240506
606170,CCC,2014J,0.2,0.16
606175,GGG,2014B,0.05,0.05555555555555555
606179,BBB,2013J,0.0,0.0
606182,EEE,2014B,0.65,0.5909090909090909
606194,BBB,2013J,0.3,0.20689655172413793
606206,CCC,2014B,0.0,0.0
606206,EEE,2013J,0.55,0.5
606229,BBB,2013J,0.0,0.0
606233,GGG,2013J,0.0,0.0
606239,BBB,2014J,0.15,0.13636363636363635
606245,GGG,2013J,0.0,0.0
606257,FFF,2014J,0.6,0.15
606282,CCC,2014B,0.6,0.36363636363636365
606296,GGG,2014B,0.05,0.030303030303030304
606304,FFF,2013J,0.2,0.04597701149425287
606313,BBB,2014B,0.1,0.037037037037037035
606319,DDD,2013J,0.3,0.10526315789473684
606322,DDD,2013J,0.25,0.1282051282051282
606344,CCC,2014J,0.0,0.0
606344,DDD,2013J,0.1,0.13333333333333333
606345,CCC,2014J,0.0,0.0
606350,CCC,2014B,0.05,0.16666666666666666
606355,BBB,2013J,0.0,0.0
606373,EEE,2013J,0.4,0.5
606377,BBB,2013J,0.1,0.2222222222222222
606386,FFF,2013J,0.3,0.08823529411764706
606389,GGG,2014B,0.1,0.0625
606391,BBB,2014J,0.5,0.20408163265306123
606391,GGG,2013J,0.0,0.0
606409,GGG,2013J,0.0,0.0
606410,BBB,2013J,0.0,0.0
606412,BBB,2013J,0.1,0.11764705882352941
606414,BBB,2013J,0.0,0.0
606420,BBB,2013J,0.15,0.13043478260869565
606422,BBB,2013J,0.1,0.06451612903225806
606435,GGG,2013J,0.05,0.05
606436,FFF,2013J,0.0,0.0
606442,BBB,2014J,0.55,0.44
606444,CCC,2014B,0.0,0.0
606444,FFF,2013J,0.8,0.10126582278481013
606450,BBB,2013J,0.25,0.3333333333333333
606458,BBB,2013J,0.2,0.3333333333333333
606463,GGG,2013J,0.2,0.12121212121212122
606465,BBB,2013J,0.0,0.0
606471,GGG,2013J,0.15,0.1
606513,DDD,2013J,0.0,0.0
606517,BBB,2014J,0.05,0.2
606529,BBB,2014B,0.0,0.0
606535,BBB,2014J,0.85,0.3269230769230769
606546,BBB,2013J,0.05,0.14285714285714285
606562,BBB,2013J,0.05,0.027777777777777776
606570,GGG,2013J,0.65,0.43333333333333335
606572,BBB,2013J,0.6,0.22641509433962265
606586,BBB,2014J,0.0,0.0
606593,DDD,2013J,0.1,0.2
606602,GGG,2014B,0.0,0.0
606634,BBB,2014B,0.1,0.14285714285714285
606651,BBB,2013J,0.0,0.0
606665,CCC,2014B,0.0,0.0
606665,DDD,2013J,0.35,0.1076923076923077
606685,BBB,2013J,0.0,0.0
606690,BBB,2014B,0.15,0.06521739130434782
606697,BBB,2013J,0.95,0.3275862068965517
606707,GGG,2014B,0.6,0.5714285714285714
606711,FFF,2013J,0.05,0.016129032258064516
606712,FFF,2013J,0.15,0.1
606713,FFF,2014B,0.05,0.019230769230769232
606724,CCC,2014B,0.0,0.0
606724,EEE,2013J,0.4,0.32
606743,EEE,2013J,0.25,0.3333333333333333
606757,DDD,2014J,0.15,0.046875
606788,DDD,2013J,0.25,0.09259259259259259
606805,FFF,2014J,0.15,0.08571428571428572
606815,GGG,2013J,0.25,0.16666666666666666
606828,CCC,2014B,0.3,0.6
606835,FFF,2013J,0.8,0.1095890410958904
606837,DDD,2014J,0.0,0.0
606856,GGG,2014J,0.1,0.5
606858,GGG,2014B,0.05,0.05
606861,BBB,2014J,0.25,0.15625
606864,BBB,2014J,0.0,0.0
606864,GGG,2013J,0.7,0.6086956521739131
606869,GGG,2013J,0.2,0.14814814814814814
606870,FFF,2014B,0.35,0.15555555555555556
606884,DDD,2014B,0.35,0.15217391304347827
606895,GGG,2013J,0.0,0.0
606903,FFF,2013J,0.25,0.08196721311475409
606904,FFF,2014J,0.15,0.11538461538461539
606908,DDD,2013J,0.1,0.03508771929824561
606914,BBB,2014J,0.0,0.0
606918,EEE,2013J,0.5,0.4166666666666667
606930,FFF,2013J,0.1,0.10526315789473684
606939,FFF,2013J,0.25,0.07352941176470588
606966,FFF,2013J,0.1,0.05128205128205128
606976,FFF,2014B,0.1,0.05263157894736842
606977,FFF,2014B,0.2,0.09090909090909091
606990,FFF,2013J,0.1,0.058823529411764705
607018,GGG,2013J,0.0,0.0
607047,CCC,2014J,0.0,0.0
607047,FFF,2013J,0.3,0.12244897959183673
607052,CCC,2014B,0.0,0.0
607052,FFF,2013J,0.3,0.10344827586206896
607061,CCC,2014B,0.0,0.0
607061,DDD,2013J,0.0,0.0
607062,BBB,2014J,0.05,0.038461538461538464
607073,DDD,2013J,0.3,0.08571428571428572
607085,CCC,2014J,0.0,0.0
607085,EEE,2013J,0.5,0.625
607094,CCC,2014J,0.0,0.0
607097,BBB,2013J,0.0,0.0
607108,BBB,2014B,0.0,0.0
607110,DDD,2013J,0.05,0.09090909090909091
607118,FFF,2013J,0.25,0.08928571428571429
607130,DDD,2014B,0.15,0.05660377358490566
607134,FFF,2013J,0.0,0.0
607135,FFF,2013J,0.0,0.0
607143,EEE,2013J,0.45,0.42857142857142855
607151,DDD,2013J,0.35,0.08235294117647059
607163,GGG,2013J,0.0,0.0
607176,BBB,2014J,0.05,0.16666666666666666
607178,EEE,2013J,0.6,0.3870967741935484
607196,DDD,2013J,0.15,0.09375
607220,BBB,2014B,0.0,0.0
607235,GGG,2014B,0.0,0.0
607243,FFF,2014J,0.85,0.18888888888888888
607247,FFF,2013J,0.4,0.06060606060606061
607256,GGG,2013J,0.35,0.22580645161290322
607293,GGG,2013J,0.25,0.16666666666666666
607300,BBB,2013J,0.1,0.06666666666666667
607303,FFF,2014J,0.6,0.11650485436893204
607316,DDD,2013J,0.25,0.10869565217391304
607337,GGG,2013J,0.05,0.125
607342,GGG,2014J,0.15,0.10344827586206896
607387,GGG,2014J,0.1,0.08333333333333333
607398,BBB,2013J,0.0,0.0
607413,EEE,2014B,0.05,1.0
607429,CCC,2014J,0.15,0.13636363636363635
607443,GGG,2013J,0.05,0.05
607453,CCC,2014J,0.0,0.0
607453,FFF,2014B,0.3,0.056074766355140186
607462,DDD,2014B,0.2,0.2
607483,DDD,2014J,0.0,0.0
607483,GGG,2013J,0.0,0.0
607485,DDD,2013J,0.1,0.2
607493,BBB,2013J,0.0,0.0
607498,DDD,2013J,0.25,0.07936507936507936
607501,FFF,2014J,0.3,0.08108108108108109
607507,GGG,2013J,0.05,0.04
607510,GGG,2013J,0.0,0.0
607525,DDD,2014J,0.1,0.041666666666666664
607529,BBB,2014B,0.15,0.21428571428571427
607530,GGG,2014B,0.1,0.1
607536,GGG,2014B,0.55,0.5
607538,FFF,2013J,0.35,0.07142857142857142
607547,GGG,2014B,0.0,0.0
607548,GGG,2013J,0.05,0.043478260869565216
607555,CCC,2014J,0.0,0.0
607555,DDD,2013J,0.3,0.08333333333333333
607572,DDD,2014B,0.15,0.14285714285714285
607600,EEE,2013J,0.55,0.4782608695652174
607603,BBB,2014J,0.35,0.3181818181818182
607622,DDD,2013J,0.1,0.2
607636,CCC,2014B,0.0,0.0
607636,EEE,2013J,0.45,0.42857142857142855
607638,DDD,2014J,0.05,0.01639344262295082
607642,BBB,2013J,0.0,0.0
607650,FFF,2013J,0.15,0.046153846153846156
607668,CCC,2014J,0.25,0.125
607670,DDD,2013J,0.1,0.13333333333333333
607678,BBB,2014B,0.0,0.0
607679,FFF,2014J,0.5,0.13333333333333333
607696,FFF,2013J,0.05,0.09090909090909091
607699,BBB,2013J,0.05,0.05
607700,FFF,2014J,0.35,0.14
607702,FFF,2014B,0.0,0.0
607725,BBB,2013J,0.35,0.2692307692307692
607735,BBB,2013J,0.05,0.037037037037037035
607754,GGG,2013J,0.5,0.19607843137254902
607762,GGG,2014B,0.0,0.0
607767,DDD,2014J,0.05,0.04
607778,BBB,2013J,0.3,0.13333333333333333
607794,FFF,2013J,0.5,0.11764705882352941
607797,GGG,2013J,0.1,0.08333333333333333
607800,DDD,2013J,0.35,0.12962962962962962
607804,BBB,2013J,0.0,0.0
607812,CCC,2014J,0.4,0.17391304347826086
607814,EEE,2013J,0.05,1.0
607835,CCC,2014B,0.3,0.13043478260869565
607835,EEE,2013J,0.0,0.0
607848,BBB,2013J,0.05,0.3333333333333333
607849,GGG,2013J,0.05,0.0625
607854,DDD,2013J,0.25,0.10869565217391304
607866,FFF,2013J,0.0,0.0
607866,FFF,2014J,0.0,0.0
607887,BBB,2013J,0.05,0.07692307692307693
607889,BBB,2013J,0.1,0.06451612903225806
607892,BBB,2013J,0.05,0.029411764705882353
607896,FFF,2014B,0.2,0.08888888888888889
607899,FFF,2014B,0.45,0.12162162162162163
607900,CCC,2014J,0.0,0.0
607900,DDD,2013J,0.55,0.1111111111111111
607909,BBB,2013J,0.0,0.0
607912,GGG,2013J,0.2,0.13793103448275862
607914,BBB,2013J,0.05,0.043478260869565216
607923,BBB,2014J,0.45,0.2647058823529412
607927,CCC,2014B,0.0,0.0
607927,DDD,2013J,0.25,0.17857142857142858
607937,BBB,2013J,0.0,0.0
607938,FFF,2013J,0.2,0.0625
607947,CCC,2014J,0.0,0.0
607947,EEE,2013J,0.6,0.46153846153846156
607953,BBB,2014B,0.2,0.21052631578947367
607957,GGG,2013J,0.0,0.0
607966,CCC,2014B,0.0,0.0
607966,DDD,2013J,0.1,0.07692307692307693
607975,DDD,2014J,0.05,0.025
607979,FFF,2013J,0.6,0.10619469026548672
608000,BBB,2013J,0.1,0.05555555555555555
608008,FFF,2013J,0.15,0.046153846153846156
608024,EEE,2013J,0.35,0.4375
608041,BBB,2013J,0.0,0.0
608043,FFF,2013J,0.65,0.0962962962962963
608047,BBB,2013J,0.0,0.0
608062,DDD,2013J,0.0,0.0
608068,BBB,2014J,0.0,0.0
608104,BBB,2014B,0.15,0.14285714285714285
608109,GGG,2014B,0.1,0.09090909090909091
608110,BBB,2014B,0.0,0.0
608111,FFF,2014B,0.0,0.0
608115,GGG,2013J,0.35,0.2
608130,EEE,2013J,0.0,0.0
608134,BBB,2014J,0.35,0.2692307692307692
608144,FFF,2013J,0.1,0.03571428571428571
608152,CCC,2014B,0.0,0.0
608152,EEE,2014B,0.1,0.11764705882352941
608164,BBB,2014B,0.05,0.02631578947368421
608169,FFF,2013J,0.05,0.030303030303030304
608178,DDD,2013J,0.1,0.05
608195,BBB,2014J,0.65,0.2708333333333333
608195,GGG,2013J,0.0,0.0
608196,FFF,2013J,0.0,0.0
608206,DDD,2013J,0.05,0.25
608217,DDD,2013J,0.15,0.06521739130434782
608221,GGG,2014B,0.0,0.0
608231,FFF,2013J,0.35,0.0958904109589041
608238,DDD,2013J,0.25,0.0684931506849315
608243,CCC,2014B,0.3,0.16666666666666666
608243,EEE,2013J,0.0,0.0
608248,FFF,2014J,0.0,0.0
608263,GGG,2014B,0.05,0.02631578947368421
608264,BBB,2013J,0.0,0.0
608267,DDD,2013J,0.15,0.13636363636363635
608280,FFF,2013J,0.0,0.0
608284,DDD,2013J,0.0,0.0
608292,GGG,2014B,0.15,0.0967741935483871
608306,GGG,2013J,0.0,0.0
608318,GGG,2013J,0.0,0.0
608322,DDD,2014B,0.6,0.1875
608349,FFF,2013J,0.3,0.12
608356,FFF,2013J,0.3,0.075
608407,BBB,2014B,0.05,0.029411764705882353
608417,DDD,2013J,0.1,0.07692307692307693
608419,BBB,2013J,0.0,0.0
608421,FFF,2013J,0.3,0.06382978723404255
608422,CCC,2014J,0.0,0.0
608422,FFF,2013J,0.0,0.0
608423,CCC,2014J,0.25,0.35714285714285715
608448,BBB,2014J,0.55,0.3055555555555556
608449,DDD,2013J,0.3,0.1
608459,EEE,2013J,0.1,0.2222222222222222
608464,CCC,2014B,0.3,0.15789473684210525
608472,CCC,2014B,0.0,0.0
608472,EEE,2013J,0.35,0.4375
608477,FFF,2013J,0.25,0.07246376811594203
608487,DDD,2014B,0.05,0.05
608488,EEE,2014J,0.6,0.5454545454545454
608504,CCC,2014B,0.0,0.0
608504,EEE,2013J,0.45,0.45
608536,GGG,2014J,0.05,0.05555555555555555
608564,BBB,2013J,0.0,0.0
608577,CCC,2014B,0.0,0.0
608577,CCC,2014J,0.0,0.0
608578,BBB,2013J,0.15,0.13636363636363635
608596,GGG,2014B,0.15,0.15
608623,BBB,2013J,0.1,0.16666666666666666
608643,DDD,2013J,0.3,0.08823529411764706
608647,BBB,2013J,0.1,0.1
608672,GGG,2013J,0.15,0.08823529411764706
608681,CCC,2014J,0.0,0.0
608681,FFF,2013J,0.4,0.19047619047619047
608693,GGG,2013J,0.05,0.06666666666666667
608698,FFF,2013J,0.1,0.038461538461538464
608724,DDD,2014B,0.2,0.0784313725490196
608733,DDD,2013J,0.25,0.08928571428571429
608735,CCC,2014B,0.25,0.23809523809523808
608737,FFF,2013J,0.1,0.05
608738,BBB,2013J,0.05,0.07142857142857142
608744,EEE,2013J,0.5,0.5263157894736842
608745,DDD,2013J,0.2,0.06153846153846154
608746,CCC,2014J,0.0,0.0
608746,DDD,2014J,0.05,0.027777777777777776
608747,FFF,2013J,0.3,0.07228915662650602
608753,CCC,2014B,0.0,0.0
608753,FFF,2013J,0.05,0.023809523809523808
608766,BBB,2013J,0.05,0.034482758620689655
608775,DDD,2014J,0.05,0.012658227848101266
608815,DDD,2013J,0.35,0.1206896551724138
608827,FFF,2013J,0.05,0.023255813953488372
608842,DDD,2014J,0.1,0.04
608851,BBB,2014J,0.45,0.20454545454545456
608853,EEE,2014J,0.7,0.4375
608864,FFF,2014B,0.0,0.0
608866,FFF,2013J,0.1,0.08333333333333333
608884,EEE,2013J,0.35,0.4666666666666667
608891,CCC,2014J,0.0,0.0
608891,FFF,2014B,0.25,0.10204081632653061
608904,CCC,2014B,0.6,0.2
608907,GGG,2014B,0.15,0.13636363636363635
608909,FFF,2013J,0.1,0.07142857142857142
608913,FFF,2013J,0.35,0.1076923076923077
608923,DDD,2013J,0.1,0.09523809523809523
608942,BBB,2013J,0.05,0.1
608943,DDD,2014J,0.0,0.0
608966,FFF,2013J,0.3,0.09523809523809523
608978,CCC,2014J,0.3,0.12
608983,DDD,2013J,0.35,0.09859154929577464
609010,BBB,2013J,0.0,0.0
609019,DDD,2014B,0.15,0.07692307692307693
609025,CCC,2014B,0.05,0.041666666666666664
609025,EEE,2013J,0.0,0.0
609031,CCC,2014J,0.0,0.0
609031,DDD,2013J,0.4,0.09195402298850575
609044,DDD,2013J,0.0,0.0
609045,CCC,2014B,0.35,0.20588235294117646
609046,BBB,2013J,0.2,0.0851063829787234
609047,BBB,2013J,0.1,0.13333333333333333
609097,FFF,2013J,0.3,0.06741573033707865
609142,FFF,2014J,0.6,0.1188118811881188
609184,FFF,2013J,0.0,0.0
609192,CCC,2014B,0.0,0.0
609192,EEE,2013J,0.0,0.0
609194,BBB,2014J,0.0,0.0
609194,DDD,2014B,0.05,0.022222222222222223
609203,BBB,2014J,0.25,0.10638297872340426
609220,FFF,2013J,0.9,0.09944751381215469
609221,FFF,2013J,0.25,0.07936507936507936
609229,CCC,2014B,0.0,0.0
609229,FFF,2013J,0.3,0.15
609235,CCC,2014J,0.05,0.038461538461538464
609240,FFF,2014J,0.65,0.13978494623655913
609242,DDD,2013J,0.1,0.13333333333333333
609244,FFF,2013J,0.0,0.0
609245,DDD,2014J,0.25,0.08333333333333333
609257,GGG,2014J,0.05,0.08333333333333333
609265,DDD,2014B,0.1,0.038461538461538464
609277,FFF,2013J,0.7,0.0979020979020979
609297,GGG,2014B,0.65,0.3611111111111111
609307,BBB,2013J,0.05,0.043478260869565216
609326,GGG,2014B,0.0,0.0
609330,GGG,2013J,0.3,0.17647058823529413
609347,FFF,2014B,0.0,0.0
609354,DDD,2014B,0.05,0.16666666666666666
609383,EEE,2014B,0.35,0.4375
609399,GGG,2013J,0.55,0.5789473684210527
609403,BBB,2014J,0.65,0.29545454545454547
609403,GGG,2013J,0.0,0.0
609416,FFF,2013J,0.3,0.0967741935483871
609422,BBB,2014B,0.0,0.0
609426,BBB,2014B,0.0,0.0
609427,GGG,2014J,0.0,0.0
609439,FFF,2013J,0.35,0.0945945945945946
609450,EEE,2014B,0.1,0.2
609456,CCC,2014J,0.05,0.029411764705882353
609510,BBB,2013J,0.0,0.0
609515,CCC,2014B,0.05,0.04
609527,EEE,2013J,0.55,0.5
609535,GGG,2013J,0.05,0.25
609537,CCC,2014J,0.0,0.0
609537,FFF,2013J,0.3,0.05714285714285714
609538,GGG,2013J,0.0,0.0
609556,DDD,2014J,0.2,0.058823529411764705
609557,GGG,2013J,0.1,0.1
609558,FFF,2013J,0.0,0.0
609570,DDD,2014B,0.05,0.06666666666666667
609573,DDD,2014B,0.2,0.07692307692307693
609593,DDD,2013J,0.2,0.09523809523809523
609596,BBB,2014B,0.05,0.047619047619047616
609602,CCC,2014B,0.1,0.08
609605,CCC,2014J,0.0,0.0
609605,EEE,2014J,0.35,0.3684210526315789
609645,CCC,2014B,0.0,0.0
609645,EEE,2014B,0.65,0.52
609679,BBB,2013J,0.05,0.045454545454545456
609682,EEE,2013J,0.7,0.56
609704,BBB,2013J,0.0,0.0
609743,FFF,2013J,0.2,0.07017543859649122
609754,GGG,2014B,0.1,0.06896551724137931
609761,GGG,2013J,0.2,0.12903225806451613
609777,FFF,2013J,0.05,0.08333333333333333
609797,DDD,2013J,0.1,0.1111111111111111
609804,BBB,2013J,0.0,0.0
609811,BBB,2013J,0.45,0.2
609812,BBB,2013J,0.0,0.0
609815,BBB,2013J,0.1,0.11764705882352941
609817,BBB,2013J,0.25,0.14705882352941177
609837,GGG,2013J,0.0,0.0
609852,CCC,2014J,0.0,0.0
609852,DDD,2014B,0.15,0.030927835051546393
609864,BBB,2013J,0.05,0.0625
609871,BBB,2013J,0.0,0.0
609882,FFF,2013J,0.45,0.08181818181818182
609891,CCC,2014J,0.0,0.0
609891,FFF,2014B,0.05,0.020833333333333332
609900,GGG,2013J,0.1,0.08695652173913043
609908,FFF,2013J,0.5,0.09345794392523364
609912,GGG,2013J,0.2,0.1111111111111111
609927,BBB,2014J,0.25,0.15151515151515152
609932,DDD,2013J,0.3,0.10909090909090909
609969,CCC,2014J,0.0,0.0
609969,DDD,2013J,0.2,0.10810810810810811
609985,FFF,2013J,0.1,0.03333333333333333
610012,GGG,2013J,0.2,0.2
610019,CCC,2014J,0.0,0.0
610019,DDD,2013J,0.2,0.0625
610025,EEE,2013J,0.35,0.4666666666666667
610032,BBB,2013J,0.0,0.0
610033,CCC,2014J,0.15,0.11538461538461539
610057,GGG,2013J,0.0,0.0
610059,BBB,2013J,0.2,0.2222222222222222
610094,FFF,2014B,0.1,0.04878048780487805
610097,FFF,2013J,0.35,0.08536585365853659
610099,CCC,2014B,0.0,0.0
610099,FFF,2013J,0.2,0.038834951456310676
610127,GGG,2014B,0.0,0.0
610158,EEE,2013J,0.3,0.4
610172,FFF,2013J,0.2,0.05970149253731343
610188,EEE,2013J,0.3,0.375
610197,DDD,2014J,0.2,0.06666666666666667
610220,DDD,2013J,0.2,0.08333333333333333
610234,CCC,2014J,0.0,0.0
610234,EEE,2014B,0.55,0.5
610244,FFF,2013J,0.25,0.054945054945054944
610257,DDD,2013J,0.35,0.09090909090909091
610258,FFF,2013J,0.05,0.024390243902439025
610260,BBB,2013J,0.6,0.2857142857142857
610266,FFF,2013J,0.1,0.03773584905660377
610272,FFF,2014B,0.15,0.08823529411764706
610273,FFF,2014B,0.05,0.02040816326530612
610275,EEE,2014J,0.75,0.5769230769230769
610278,FFF,2013J,0.4,0.12121212121212122
610279,CCC,2014J,0.0,0.0
610279,DDD,2013J,0.2,0.10256410256410256
610285,CCC,2014J,0.0,0.0
610285,DDD,2014B,0.2,0.057971014492753624
610287,CCC,2014B,0.0,0.0
610287,EEE,2014B,0.45,0.45
610302,GGG,2014J,0.6,0.4444444444444444
610312,FFF,2013J,0.25,0.03067484662576687
610324,FFF,2013J,0.05,0.017857142857142856
610326,DDD,2014B,0.25,0.14705882352941177
610347,GGG,2013J,0.15,0.1
610362,BBB,2013J,0.6,0.3076923076923077
610373,EEE,2014J,0.6,0.41379310344827586
610380,GGG,2013J,0.0,0.0
610385,BBB,2014J,0.35,0.1891891891891892
610391,CCC,2014B,0.0,0.0
610398,GGG,2014B,0.05,0.03125
610400,FFF,2013J,0.0,0.0
610402,DDD,2013J,0.0,0.0
610405,BBB,2014J,0.5,0.3225806451612903
610405,GGG,2013J,0.0,0.0
610416,BBB,2014B,0.3,0.2857142857142857
610423,BBB,2013J,0.05,0.1111111111111111
610428,BBB,2013J,0.0,0.0
610453,EEE,2013J,0.55,0.4074074074074074
610455,FFF,2013J,0.1,0.06451612903225806
610470,BBB,2014J,0.25,0.14705882352941177
610503,EEE,2013J,0.3,0.35294117647058826
610515,DDD,2014B,0.25,0.09615384615384616
610517,FFF,2013J,0.0,0.0
610530,GGG,2013J,0.0,0.0
610537,DDD,2013J,0.0,0.0
610537,DDD,2014J,0.0,0.0
610545,BBB,2014J,0.25,0.19230769230769232
610549,EEE,2013J,0.4,0.42105263157894735
610553,BBB,2013J,0.1,0.2857142857142857
610557,GGG,2013J,0.0,0.0
610569,GGG,2013J,0.15,0.06666666666666667
610575,CCC,2014B,0.1,0.06666666666666667
610575,EEE,2013J,0.0,0.0
610577,FFF,2013J,0.0,0.0
610595,DDD,2013J,0.1,0.034482758620689655
610597,GGG,2013J,0.05,0.037037037037037035
610603,DDD,2013J,0.25,0.11904761904761904
610637,FFF,2013J,0.15,0.08571428571428572
610643,CCC,2014J,0.0,0.0
610643,FFF,2013J,0.1,0.025974025974025976
610650,CCC,2014J,0.0,0.0
610672,EEE,2014J,0.6,0.48
610681,CCC,2014J,0.05,0.2
610684,EEE,2014B,0.85,0.4857142857142857
610687,FFF,2013J,0.35,0.08045977011494253
610725,BBB,2013J,0.0,0.0
610731,BBB,2013J,0.0,0.0
610738,GGG,2013J,0.0,0.0
610739,GGG,2013J,0.0,0.0
610745,BBB,2013J,0.0,0.0
610746,FFF,2013J,0.8,0.125
610749,GGG,2013J,0.35,0.1891891891891892
610750,BBB,2013J,0.0,0.0
610759,BBB,2014B,0.05,0.03125
610763,BBB,2013J,0.0,0.0
610771,FFF,2014B,0.15,0.08571428571428572
610775,FFF,2014B,0.15,0.09090909090909091
610780,BBB,2013J,0.0,0.0
610802,BBB,2013J,0.0,0.0
610802,BBB,2014B,0.0,0.0
610828,DDD,2014J,0.0,0.0
610855,EEE,2013J,0.45,0.42857142857142855
610870,DDD,2013J,0.05,0.0625
610873,EEE,2013J,0.6,0.48
610881,CCC,2014J,0.2,0.08888888888888889
610888,EEE,2013J,0.05,0.3333333333333333
610904,CCC,2014J,0.0,0.0
610904,EEE,2014J,0.75,0.5769230769230769
610906,BBB,2013J,0.0,0.0
610917,GGG,2014B,0.05,0.14285714285714285
610931,DDD,2014B,0.35,0.1044776119402985
610933,FFF,2013J,0.1,0.044444444444444446
610967,GGG,2014B,0.0,0.0
610979,EEE,2013J,0.05,0.3333333333333333
610992,FFF,2014B,0.2,0.07692307692307693
611012,BBB,2013J,0.35,0.19444444444444445
611013,DDD,2014J,0.0,0.0
611017,BBB,2013J,0.05,0.041666666666666664
611023,BBB,2013J,0.2,0.21052631578947367
611024,EEE,2014B,0.5,0.43478260869565216
611033,CCC,2014J,0.0,0.0
611033,EEE,2013J,0.6,0.35294117647058826
611039,FFF,2013J,0.3,0.10344827586206896
611049,EEE,2013J,0.35,0.3684210526315789
611058,GGG,2013J,0.0,0.0
611060,BBB,2013J,0.2,0.09523809523809523
611062,EEE,2013J,0.45,0.6
611159,DDD,2014J,0.05,0.029411764705882353
611162,DDD,2013J,0.25,0.125
611162,EEE,2014J,0.0,0.0
611173,CCC,2014J,0.05,0.1111111111111111
611176,CCC,2014B,0.05,0.09090909090909091
611177,GGG,2013J,0.15,0.21428571428571427
611182,BBB,2013J,0.0,0.0
611185,FFF,2014B,0.25,0.10204081632653061
611195,GGG,2014B,0.0,0.0
611202,EEE,2013J,0.45,0.42857142857142855
611206,EEE,2013J,0.0,0.0
611215,GGG,2013J,0.1,0.06451612903225806
611218,GGG,2013J,0.4,0.25
611226,FFF,2013J,0.5,0.08620689655172414
611228,BBB,2013J,0.1,0.2
611235,DDD,2014J,0.0,0.0
611241,BBB,2014J,0.0,0.0
611241,GGG,2013J,0.55,0.5238095238095238
611244,DDD,2013J,0.05,0.08333333333333333
611255,CCC,2014J,0.0,0.0
611255,EEE,2013J,0.7,0.42424242424242425
611259,DDD,2013J,0.25,0.09803921568627451
611260,CCC,2014B,0.15,0.0967741935483871
611268,BBB,2013J,0.0,0.0
611268,BBB,2014J,0.35,0.1794871794871795
611271,DDD,2013J,0.2,0.1111111111111111
611284,DDD,2013J,0.15,0.04477611940298507
611309,FFF,2013J,0.1,0.10526315789473684
611315,BBB,2013J,0.0,0.0
611329,BBB,2014J,0.5,0.25
611344,EEE,2013J,0.6,0.4444444444444444
611345,BBB,2013J,0.0,0.0
611348,BBB,2014B,0.55,0.2972972972972973
611350,FFF,2014B,0.4,0.09090909090909091
611377,DDD,2014B,0.1,0.05128205128205128
611383,BBB,2013J,0.1,0.07692307692307693
611396,FFF,2013J,0.35,0.09333333333333334
611402,CCC,2014B,0.45,0.23684210526315788
611402,EEE,2013J,0.0,0.0
611405,EEE,2014J,0.65,0.43333333333333335
611407,CCC,2014J,0.0,0.0
611407,EEE,2014B,0.45,0.4090909090909091
611408,DDD,2013J,0.15,0.10344827586206896
611417,CCC,2014J,0.05,0.0196078431372549
611464,DDD,2013J,0.3,0.14285714285714285
611475,BBB,2014B,0.0,0.0
611478,DDD,2013J,0.1,0.06451612903225806
611489,GGG,2014B,0.15,0.08571428571428572
611496,GGG,2014B,0.15,0.13043478260869565
611502,EEE,2014B,0.55,0.4230769230769231
611517,FFF,2014B,0.0,0.0
611520,DDD,2014B,0.0,0.0
611531,BBB,2013J,0.2,0.12121212121212122
611542,CCC,2014J,0.0,0.0
611542,FFF,2014B,0.2,0.07017543859649122
611561,EEE,2013J,0.15,0.5
611564,EEE,2013J,0.55,0.44
611580,GGG,2013J,0.3,0.18181818181818182
611588,DDD,2014J,0.05,0.058823529411764705
611593,CCC,2014J,0.0,0.0
611593,DDD,2013J,0.25,0.09090909090909091
611595,FFF,2014B,0.15,0.031914893617021274
611603,FFF,2014J,0.1,0.041666666666666664
611612,GGG,2014B,0.1,0.07142857142857142
611635,FFF,2014B,0.4,0.11594202898550725
611639,EEE,2013J,0.15,0.3
611688,BBB,2013J,0.0,0.0
611690,BBB,2013J,0.1,0.08695652173913043
611714,FFF,2014B,0.0,0.0
611763,FFF,2014B,0.3,0.13636363636363635
611790,DDD,2014J,0.15,0.04225352112676056
611800,DDD,2014J,0.05,0.018867924528301886
611813,CCC,2014J,0.0,0.0
611813,FFF,2014B,0.3,0.08450704225352113
611821,BBB,2014J,0.3,0.1935483870967742
611845,DDD,2014B,0.25,0.09090909090909091
611865,DDD,2014J,0.05,0.5
611879,DDD,2014B,0.4,0.17777777777777778
611910,DDD,2014B,0.0,0.0
611961,EEE,2014J,0.75,0.5
611962,GGG,2014B,0.25,0.1388888888888889
611967,GGG,2014J,0.0,0.0
611971,EEE,2014J,0.25,1.0
611974,BBB,2014B,0.0,0.0
611982,DDD,2014J,0.0,0.0
611999,EEE,2014B,0.45,0.4090909090909091
612000,DDD,2014B,0.35,0.08045977011494253
612002,GGG,2014B,0.0,0.0
612023,CCC,2014B,0.0,0.0
612023,EEE,2014B,0.1,0.2
612026,DDD,2014B,0.0,0.0
612039,GGG,2014B,0.0,0.0
612048,EEE,2013J,0.6,0.46153846153846156
612082,BBB,2014B,0.05,0.027777777777777776
612089,GGG,2014B,0.05,0.1111111111111111
612119,CCC,2014B,0.05,0.0625
612120,BBB,2014B,0.0,0.0
612127,CCC,2014J,0.0,0.0
612127,EEE,2014B,0.25,0.3125
612135,BBB,2014J,0.3,0.20689655172413793
612136,DDD,2014B,0.35,0.1
612177,CCC,2014J,0.0,0.0
612177,EEE,2013J,0.3,0.375
612179,CCC,2014J,0.15,0.125
612183,CCC,2014J,0.0,0.0
612183,EEE,2013J,0.8,0.5333333333333333
612187,CCC,2014J,0.0,0.0
612187,EEE,2013J,0.5,0.47619047619047616
612210,BBB,2013J,0.2,0.125
612217,BBB,2013J,0.0,0.0
612230,BBB,2014J,0.2,0.19047619047619047
612235,GGG,2014J,0.15,0.15
612247,BBB,2014J,0.5,0.23809523809523808
612248,FFF,2014B,0.4,0.13559322033898305
612252,BBB,2013J,0.0,0.0
612255,BBB,2013J,0.15,0.11538461538461539
612319,GGG,2014B,0.0,0.0
612326,DDD,2014B,0.65,0.10483870967741936
612327,CCC,2014J,0.3,0.09375
612327,EEE,2014B,0.0,0.0
612355,BBB,2013J,0.25,0.14705882352941177
612361,BBB,2013J,0.05,0.03333333333333333
612370,BBB,2014B,0.05,0.09090909090909091
612429,GGG,2014J,0.15,0.08823529411764706
612439,DDD,2014B,0.1,0.09090909090909091
612443,DDD,2014J,0.0,0.0
612449,EEE,2014B,0.0,0.0
612484,BBB,2013J,0.25,0.1388888888888889
612488,BBB,2013J,0.15,0.2
612517,BBB,2013J,0.05,0.25
612528,FFF,2014B,0.25,0.09259259259259259
612530,FFF,2014B,0.25,0.10416666666666667
612535,FFF,2014B,0.25,0.10869565217391304
612538,FFF,2014B,0.2,0.10256410256410256
612539,FFF,2014B,0.25,0.1388888888888889
612540,FFF,2014B,0.3,0.09836065573770492
612542,FFF,2014B,0.2,0.0851063829787234
612543,FFF,2014B,0.35,0.1891891891891892
612545,FFF,2014B,0.2,0.13793103448275862
612547,FFF,2014B,0.4,0.14545454545454545
612549,FFF,2014B,0.2,0.09302325581395349
612563,DDD,2014B,0.0,0.0
612565,GGG,2014B,0.0,0.0
612566,BBB,2014J,0.3,0.25
612600,BBB,2014B,0.0,0.0
612607,FFF,2014B,0.0,0.0
612621,GGG,2014B,0.05,0.045454545454545456
612638,FFF,2014B,0.1,0.07407407407407407
612644,CCC,2014B,0.0,0.0
612644,EEE,2014B,0.15,0.25
612656,BBB,2013J,0.0,0.0
612658,BBB,2013J,0.05,0.05263157894736842
612661,BBB,2013J,0.0,0.0
612684,BBB,2013J,0.1,0.06451612903225806
612690,GGG,2014B,0.0,0.0
612717,DDD,2014J,0.05,0.016129032258064516
612721,BBB,2014B,0.0,0.0
612740,FFF,2014B,0.35,0.10144927536231885
612750,BBB,2014J,0.4,0.24242424242424243
612756,BBB,2014B,0.1,0.0425531914893617
612757,BBB,2013J,0.15,0.09090909090909091
612797,GGG,2014B,0.05,0.058823529411764705
612798,CCC,2014J,0.4,0.13793103448275862
612814,CCC,2014B,0.25,0.14285714285714285
612822,DDD,2014B,0.0,0.0
612841,BBB,2014B,0.0,0.0
612842,FFF,2014J,0.25,0.11904761904761904
612860,CCC,2014J,0.2,0.26666666666666666
612862,BBB,2014B,0.05,0.041666666666666664
612870,GGG,2014B,0.05,0.037037037037037035
612880,FFF,2014B,0.0,0.0
612891,BBB,2013J,0.5,0.14925373134328357
612903,GGG,2014B,0.0,0.0
612919,BBB,2014B,0.1,0.046511627906976744
612929,GGG,2014B,0.15,0.11538461538461539
612982,FFF,2014B,0.05,0.04
612986,GGG,2013J,0.15,0.11538461538461539
613013,FFF,2014B,0.05,0.25
613015,GGG,2014B,0.0,0.0
613027,GGG,2014J,0.3,0.3
613038,BBB,2014B,0.1,0.5
613039,GGG,2014B,0.0,0.0
613047,BBB,2014B,0.15,0.375
613059,GGG,2014J,0.2,0.12121212121212122
613063,DDD,2014B,0.0,0.0
613093,BBB,2014B,0.0,0.0
613102,BBB,2014J,0.25,0.3125
613107,DDD,2014B,0.5,0.14084507042253522
613122,CCC,2014J,0.7,0.35
613122,EEE,2014B,0.0,0.0
613131,GGG,2014B,0.8,0.42105263157894735
613133,CCC,2014B,0.0,0.0
613133,EEE,2014B,0.05,0.038461538461538464
613135,BBB,2014J,0.15,0.5
613158,BBB,2013J,0.05,0.034482758620689655
613160,BBB,2013J,0.05,0.09090909090909091
613162,BBB,2014B,0.0,0.0
613164,BBB,2013J,0.0,0.0
613165,FFF,2014J,0.5,0.2222222222222222
613170,BBB,2014B,0.0,0.0
613171,BBB,2013J,0.4,0.17777777777777778
613173,BBB,2013J,0.0,0.0
613175,BBB,2013J,0.15,0.12
613177,BBB,2013J,0.45,0.1875
613196,BBB,2013J,0.05,0.07692307692307693
613199,BBB,2013J,0.0,0.0
613199,BBB,2014B,0.05,0.08333333333333333
613200,BBB,2013J,0.0,0.0
613203,BBB,2013J,0.15,0.17647058823529413
613205,BBB,2014B,0.0,0.0
613208,BBB,2013J,0.1,0.11764705882352941
613213,EEE,2014B,0.7,0.6363636363636364
613226,FFF,2014B,0.05,0.1111111111111111
613235,GGG,2014B,0.55,0.3235294117647059
613237,CCC,2014J,0.4,0.17391304347826086
613255,FFF,2014B,0.3,0.13333333333333333
613281,FFF,2014B,0.05,0.16666666666666666
613293,BBB,2013J,0.0,0.0
613299,BBB,2014B,0.0,0.0
613300,GGG,2014B,0.05,0.038461538461538464
613310,CCC,2014B,0.1,0.4
613313,DDD,2014B,0.3,0.1016949152542373
613330,FFF,2014J,0.45,0.15789473684210525
613355,BBB,2014B,0.0,0.0
613370,CCC,2014J,0.55,0.39285714285714285
613370,DDD,2014B,0.0,0.0
613416,BBB,2013J,0.0,0.0
613418,BBB,2013J,0.1,0.09090909090909091
613426,BBB,2014B,0.25,0.17857142857142858
613459,FFF,2014B,0.0,0.0
613461,CCC,2014B,0.0,0.0
613461,FFF,2014B,0.05,0.023255813953488372
613464,FFF,2014B,0.25,0.14285714285714285
613466,DDD,2014B,0.9,0.14516129032258066
613501,CCC,2014B,0.0,0.0
613501,EEE,2014B,0.5,0.43478260869565216
613574,FFF,2014B,0.0,0.0
613593,FFF,2014B,0.05,0.037037037037037035
613611,GGG,2014B,0.0,0.0
613616,GGG,2014B,0.15,0.10714285714285714
613630,FFF,2014B,0.8,0.1111111111111111
613634,FFF,2014J,0.6,0.1276595744680851
613639,GGG,2014B,0.05,0.3333333333333333
613646,GGG,2014B,0.6,0.5
613667,CCC,2014J,0.0,0.0
613667,DDD,2014B,0.4,0.25806451612903225
613675,GGG,2014B,0.0,0.0
613676,FFF,2014B,0.4,0.21052631578947367
613677,FFF,2014B,0.1,0.2
613683,GGG,2014B,0.55,0.5
613691,GGG,2014B,0.15,0.12
613703,BBB,2014B,0.05,0.16666666666666666
613717,FFF,2014B,0.05,0.14285714285714285
613718,BBB,2014B,0.0,0.0
613720,GGG,2014B,0.05,0.02857142857142857
613722,BBB,2014B,0.0,0.0
613728,GGG,2014J,0.15,0.17647058823529413
613735,BBB,2013J,0.15,0.1
613738,BBB,2013J,0.15,0.07692307692307693
613743,BBB,2014B,0.05,0.037037037037037035
613775,FFF,2014B,0.0,0.0
613806,CCC,2014J,0.35,0.11290322580645161
613832,BBB,2014B,0.0,0.0
613834,DDD,2014B,0.25,0.11904761904761904
613856,BBB,2014B,0.0,0.0
613865,FFF,2014B,0.35,0.1
613874,BBB,2014B,0.0,0.0
613876,DDD,2014B,0.0,0.0
613881,BBB,2014B,0.05,0.0625
613899,FFF,2014J,0.65,0.1511627906976744
613900,FFF,2014B,0.05,0.037037037037037035
613909,BBB,2014J,0.3,0.16666666666666666
613910,DDD,2014J,0.0,0.0
613928,FFF,2014B,0.15,0.06818181818181818
613946,BBB,2014B,0.0,0.0
613952,FFF,2014B,0.05,0.041666666666666664
613953,EEE,2014J,0.75,0.5172413793103449
613954,CCC,2014J,0.1,0.1
613972,GGG,2014B,0.05,0.16666666666666666
613981,GGG,2014B,0.2,0.3076923076923077
613988,GGG,2014B,0.2,0.09090909090909091
613993,GGG,2014B,0.15,0.75
614013,BBB,2013J,0.35,0.1346153846153846
614039,BBB,2014B,0.2,0.36363636363636365
614059,CCC,2014B,0.0,0.0
614059,FFF,2014J,0.55,0.15492957746478872
614064,BBB,2013J,0.25,0.21739130434782608
614068,BBB,2013J,0.05,0.3333333333333333
614072,BBB,2013J,0.05,0.02857142857142857
614074,DDD,2014B,0.4,0.10126582278481013
614117,BBB,2014B,0.0,0.0
614129,GGG,2014B,0.0,0.0
614130,BBB,2014B,0.05,0.0625
614142,GGG,2014B,0.0,0.0
614159,BBB,2014J,0.0,0.0
614162,GGG,2014B,0.3,0.6
614163,FFF,2014B,0.3,0.13333333333333333
614172,FFF,2014B,0.0,0.0
614176,DDD,2014B,0.25,0.07936507936507936
614181,EEE,2014J,0.0,0.0
614181,FFF,2014B,0.35,0.10294117647058823
614204,GGG,2014B,0.55,0.4583333333333333
614212,BBB,2014B,0.05,0.09090909090909091
614224,GGG,2014B,0.0,0.0
614233,GGG,2014B,0.0,0.0
614234,EEE,2014B,0.55,0.4230769230769231
614241,DDD,2014B,0.05,0.041666666666666664
614245,EEE,2014B,0.55,0.5238095238095238
614265,CCC,2014J,0.0,0.0
614265,DDD,2014B,0.15,0.09090909090909091
614300,CCC,2014J,0.0,0.0
614300,EEE,2014J,0.0,0.0
614357,BBB,2014B,0.0,0.0
614381,FFF,2014B,0.0,0.0
614398,GGG,2014B,0.05,0.05
614406,DDD,2014B,0.0,0.0
614419,GGG,2014B,0.0,0.0
614424,GGG,2014B,0.0,0.0
614458,CCC,2014J,0.25,0.07575757575757576
614471,DDD,2014B,0.1,0.25
614471,DDD,2014J,0.0,0.0
614477,CCC,2014B,0.25,0.125
614495,BBB,2013J,0.0,0.0
614546,BBB,2013J,0.1,0.06060606060606061
614556,BBB,2013J,0.05,0.041666666666666664
614571,GGG,2014B,0.1,0.1111111111111111
614582,GGG,2014B,0.0,0.0
614583,BBB,2014B,0.0,0.0
614601,BBB,2014B,0.0,0.0
614629,BBB,2014B,0.05,0.03571428571428571
614633,DDD,2014B,0.0,0.0
614668,BBB,2014B,0.0,0.0
614693,BBB,2014B,0.2,0.21052631578947367
614728,BBB,2014B,0.0,0.0
614732,BBB,2014B,0.0,0.0
614733,FFF,2014B,0.0,0.0
614734,BBB,2014B,0.0,0.0
614737,EEE,2014J,0.05,0.5
614738,BBB,2014B,0.05,0.045454545454545456
614741,BBB,2014B,0.0,0.0
614742,BBB,2014B,0.05,0.06666666666666667
614744,BBB,2014B,0.2,0.6666666666666666
614745,BBB,2014B,0.0,0.0
614754,EEE,2014B,0.65,0.5652173913043478
614761,CCC,2014J,0.05,0.14285714285714285
614764,FFF,2014B,0.15,0.07317073170731707
614791,DDD,2014J,0.05,0.041666666666666664
614798,GGG,2014J,0.55,0.44
614801,FFF,2014B,0.1,0.1111111111111111
614804,CCC,2014B,0.0,0.0
614804,CCC,2014J,0.0,0.0
614804,DDD,2014B,0.0,0.0
614808,DDD,2014B,0.05,0.034482758620689655
614812,FFF,2014B,0.05,0.05263157894736842
614844,CCC,2014B,0.1,0.044444444444444446
614871,BBB,2014B,0.0,0.0
614887,FFF,2014B,0.3,0.12
614892,GGG,2014B,0.25,0.14705882352941177
614893,GGG,2014B,0.0,0.0
614909,BBB,2014B,0.05,0.034482758620689655
614930,DDD,2014J,0.0,0.0
614949,DDD,2014B,0.2,0.09090909090909091
614952,EEE,2014B,0.05,0.5
614984,FFF,2014J,0.25,0.0684931506849315
615001,GGG,2014B,0.4,0.6666666666666666
615025,BBB,2014B,0.0,0.0
615028,BBB,2014B,0.0,0.0
615031,CCC,2014B,0.05,0.06666666666666667
615075,CCC,2014J,0.0,0.0
615075,DDD,2014B,0.1,0.05128205128205128
615078,GGG,2014B,0.1,0.08695652173913043
615090,BBB,2014B,0.0,0.0
615103,GGG,2014B,0.1,0.11764705882352941
615127,BBB,2013J,0.2,0.2
615148,BBB,2013J,0.0,0.0
615173,BBB,2014B,0.0,0.0
615183,DDD,2014J,0.0,0.0
615184,DDD,2014B,0.1,0.2857142857142857
615225,FFF,2014B,0.25,0.10416666666666667
615229,CCC,2014B,0.2,0.13333333333333333
615229,EEE,2014B,0.0,0.0
615241,CCC,2014J,0.0,0.0
615241,FFF,2014B,0.3,0.11320754716981132
615242,EEE,2014B,0.15,0.3
615249,CCC,2014B,0.1,0.1
615259,BBB,2014B,0.0,0.0
615266,FFF,2014J,0.25,0.1
615283,GGG,2014B,0.15,0.14285714285714285
615299,FFF,2014J,0.6,0.13636363636363635
615300,GGG,2014B,0.15,0.13043478260869565
615301,FFF,2014J,0.45,0.08411214953271028
615302,FFF,2014J,0.5,0.19230769230769232
615306,FFF,2014J,0.4,0.125
615327,GGG,2014B,0.1,0.07142857142857142
615328,FFF,2014J,0.25,0.11627906976744186
615340,FFF,2014J,0.3,0.125
615342,FFF,2014J,0.45,0.17647058823529413
615356,FFF,2014J,0.4,0.17777777777777778
615377,GGG,2014B,0.1,0.07407407407407407
615404,GGG,2014B,0.0,0.0
615425,GGG,2014B,0.0,0.0
615426,FFF,2014B,0.05,0.08333333333333333
615429,EEE,2014J,0.4,0.4444444444444444
615437,CCC,2014B,0.05,0.037037037037037035
615439,FFF,2014B,0.2,0.09090909090909091
615443,BBB,2014B,0.0,0.0
616334,DDD,2014B,0.1,0.10526315789473684
616338,GGG,2014B,0.0,0.0
616342,BBB,2013J,0.1,0.1111111111111111
616377,BBB,2014B,0.15,0.2727272727272727
616383,FFF,2014B,0.35,0.09859154929577464
616386,CCC,2014J,0.5,0.17543859649122806
616386,EEE,2014B,0.0,0.0
616407,EEE,2014B,0.05,0.07692307692307693
616407,EEE,2014J,0.0,0.0
616439,CCC,2014J,0.0,0.0
616439,EEE,2014B,0.4,0.3333333333333333
616453,FFF,2014B,0.05,0.1
616457,GGG,2014B,0.0,0.0
616511,BBB,2014B,0.05,0.09090909090909091
616512,GGG,2014B,0.0,0.0
616517,FFF,2014J,0.55,0.16417910447761194
616526,BBB,2014B,0.0,0.0
616536,BBB,2014B,0.1,0.16666666666666666
616542,DDD,2014B,0.0,0.0
616595,GGG,2014B,0.15,0.10714285714285714
616629,GGG,2014B,0.05,0.03125
616646,CCC,2014J,0.0,0.0
616646,FFF,2014B,0.05,0.043478260869565216
616658,CCC,2014J,0.0,0.0
616658,DDD,2014B,0.05,0.023255813953488372
616660,BBB,2014J,0.55,0.2619047619047619
616670,BBB,2014B,0.15,0.1875
616672,GGG,2014B,0.0,0.0
616688,FFF,2014B,0.15,0.07317073170731707
616706,GGG,2014B,0.1,0.06666666666666667
616727,GGG,2014B,0.1,0.10526315789473684
616728,GGG,2014B,0.0,0.0
616735,BBB,2013J,0.0,0.0
616739,BBB,2014B,0.25,0.625
616742,GGG,2014B,0.4,0.21621621621621623
616789,CCC,2014J,0.0,0.0
616789,FFF,2014B,0.25,0.07352941176470588
616794,FFF,2014B,0.4,0.12698412698412698
616831,CCC,2014B,0.2,0.17391304347826086
616831,EEE,2014B,0.0,0.0
616851,GGG,2014B,0.0,0.0
616866,GGG,2014B,0.05,0.045454545454545456
616870,CCC,2014J,0.3,0.15789473684210525
616870,DDD,2014B,0.0,0.0
616909,FFF,2014B,0.2,0.13333333333333333
616912,FFF,2014J,0.4,0.16326530612244897
616913,FFF,2014B,0.0,0.0
616914,BBB,2014B,0.0,0.0
616919,BBB,2014B,0.0,0.0
616952,DDD,2014B,0.75,0.16129032258064516
617010,FFF,2014B,0.0,0.0
617010,FFF,2014J,0.0,0.0
617012,BBB,2014B,0.1,0.044444444444444446
617014,FFF,2014B,0.4,0.16326530612244897
617018,FFF,2014B,0.0,0.0
617114,GGG,2014B,0.0,0.0
617116,BBB,2013J,0.1,0.16666666666666666
617119,FFF,2014J,0.5,0.14705882352941177
617130,CCC,2014J,0.0,0.0
617130,FFF,2014B,0.3,0.2857142857142857
617130,FFF,2014J,0.0,0.0
617133,GGG,2014B,0.05,0.5
617134,BBB,2014B,0.0,0.0
617146,BBB,2014B,0.0,0.0
617147,BBB,2014B,0.0,0.0
617150,FFF,2014J,0.05,0.14285714285714285
617190,BBB,2014B,0.05,0.029411764705882353
617201,FFF,2014B,0.2,0.12903225806451613
617225,BBB,2014B,0.0,0.0
617238,GGG,2014B,0.0,0.0
617249,DDD,2014J,0.0,0.0
617287,BBB,2014B,0.2,0.2
617296,BBB,2014B,0.0,0.0
617297,BBB,2014B,0.0,0.0
617297,BBB,2014J,0.15,0.1875
617318,FFF,2014B,0.55,0.11702127659574468
617327,CCC,2014J,0.0,0.0
617327,DDD,2014B,0.15,0.15789473684210525
617348,CCC,2014B,0.1,0.08333333333333333
617355,CCC,2014B,0.05,0.030303030303030304
617355,EEE,2014B,0.0,0.0
617365,CCC,2014B,0.0,0.0
617365,EEE,2014B,0.4,0.36363636363636365
617382,FFF,2014B,0.25,0.07462686567164178
617391,GGG,2014B,0.0,0.0
617416,CCC,2014B,0.3,0.2
617418,EEE,2014B,0.25,0.35714285714285715
617436,FFF,2014J,0.2,0.16666666666666666
617437,FFF,2014B,0.0,0.0
617442,DDD,2014B,0.1,0.04878048780487805
617455,EEE,2014B,0.45,0.34615384615384615
617470,GGG,2014B,0.0,0.0
617472,BBB,2013J,0.05,0.037037037037037035
617521,BBB,2014J,0.2,0.09523809523809523
617525,BBB,2014J,0.1,0.15384615384615385
617530,BBB,2014J,0.0,0.0
617531,EEE,2014B,0.6,0.5454545454545454
617534,FFF,2014B,0.3,0.10344827586206896
617560,BBB,2014B,0.35,0.3684210526315789
617576,BBB,2014B,0.05,0.05555555555555555
617578,GGG,2014B,0.0,0.0
617580,FFF,2014J,0.3,0.06382978723404255
617611,GGG,2014B,0.05,0.08333333333333333
617619,DDD,2014B,0.05,0.05263157894736842
617678,FFF,2014B,0.4,0.19047619047619047
617699,DDD,2014B,0.1,0.05128205128205128
617700,GGG,2014B,0.6,0.5217391304347826
617714,BBB,2014B,0.0,0.0
617717,BBB,2014B,0.0,0.0
617734,FFF,2014B,0.25,0.11627906976744186
617740,CCC,2014J,0.0,0.0
617740,FFF,2014B,0.35,0.13725490196078433
617745,GGG,2014B,0.3,0.25
617751,FFF,2014B,0.2,0.08
617764,BBB,2014B,0.2,0.23529411764705882
617781,CCC,2014B,0.1,0.1
617781,DDD,2014B,0.0,0.0
617783,FFF,2014J,0.05,0.04
617792,BBB,2014B,0.05,0.0625
617801,DDD,2014B,0.25,0.08196721311475409
617805,FFF,2014B,0.7,0.11666666666666667
617813,BBB,2014B,0.25,0.4166666666666667
617829,FFF,2014B,0.1,0.05405405405405406
617850,DDD,2014J,0.05,0.09090909090909091
617868,FFF,2014B,0.3,0.09836065573770492
617880,DDD,2014B,0.1,0.06060606060606061
617886,GGG,2014B,0.1,0.07142857142857142
617888,EEE,2014J,0.7,0.5185185185185185
617909,GGG,2014B,0.05,0.038461538461538464
617922,FFF,2014J,0.4,0.17777777777777778
617942,CCC,2014B,0.05,0.3333333333333333
617952,DDD,2014J,0.0,0.0
617959,BBB,2014B,0.0,0.0
617962,GGG,2014J,0.05,0.05555555555555555
617965,FFF,2014B,0.25,0.11627906976744186
617976,FFF,2014B,0.25,0.09803921568627451
617993,DDD,2014J,0.0,0.0
617998,FFF,2014B,0.25,0.05555555555555555
618004,FFF,2014B,0.45,0.12857142857142856
618005,FFF,2014B,0.25,0.08064516129032258
618015,FFF,2014B,0.15,0.08823529411764706
618033,DDD,2014J,0.0,0.0
618078,EEE,2014B,0.25,0.4166666666666667
618088,GGG,2014B,0.0,0.0
618096,CCC,2014B,0.15,0.075
618124,FFF,2014B,0.0,0.0
618129,CCC,2014B,0.05,0.02564102564102564
618131,DDD,2014B,0.0,0.0
618145,BBB,2014B,0.1,0.18181818181818182
618151,BBB,2014B,0.05,0.125
618171,DDD,2014B,0.0,0.0
618176,GGG,2014B,0.15,0.10344827586206896
618197,BBB,2014J,0.35,0.1794871794871795
618205,BBB,2014B,0.25,0.1724137931034483
618216,FFF,2014B,0.35,0.06930693069306931
618244,GGG,2014B,0.0,0.0
618253,GGG,2014J,0.05,0.14285714285714285
618258,BBB,2014B,0.1,0.05128205128205128
618280,FFF,2014B,0.45,0.1125
618293,FFF,2014B,0.15,0.07142857142857142
618295,DDD,2014B,0.35,0.11475409836065574
618338,GGG,2014B,0.1,0.05128205128205128
618377,CCC,2014J,0.0,0.0
618377,DDD,2014B,0.05,0.03571428571428571
618390,FFF,2014B,0.3,0.09375
618397,FFF,2014B,0.3,0.10526315789473684
618399,BBB,2014B,0.05,0.03571428571428571
618412,FFF,2014B,0.4,0.12903225806451613
618513,CCC,2014J,0.0,0.0
618513,FFF,2014B,0.15,0.08108108108108109
618519,FFF,2014B,0.15,0.046875
618571,CCC,2014B,0.25,0.16666666666666666
618571,EEE,2014B,0.0,0.0
618579,GGG,2014B,0.05,0.045454545454545456
618583,EEE,2014B,0.65,0.4642857142857143
618589,BBB,2014J,0.4,0.22857142857142856
618590,CCC,2014J,0.0,0.0
618590,FFF,2014B,0.25,0.12195121951219512
618606,EEE,2014B,0.45,0.375
618621,GGG,2014B,0.1,0.125
618632,BBB,2014B,0.1,0.2857142857142857
618649,CCC,2014J,0.0,0.0
618649,DDD,2014B,0.05,0.05
618662,FFF,2014B,0.45,0.11688311688311688
618663,FFF,2014J,0.35,0.17073170731707318
618665,FFF,2014B,0.3,0.1016949152542373
618667,FFF,2014B,0.0,0.0
618670,BBB,2014B,0.05,0.07692307692307693
618673,BBB,2014B,0.0,0.0
618675,DDD,2014B,0.05,0.05263157894736842
618679,CCC,2014B,0.05,0.09090909090909091
618683,CCC,2014J,0.0,0.0
618683,DDD,2014B,0.05,0.017857142857142856
618696,DDD,2014B,0.1,0.2857142857142857
618734,BBB,2014J,0.4,0.34782608695652173
618737,DDD,2014J,0.5,0.18867924528301888
618767,GGG,2014B,0.15,0.1111111111111111
618777,CCC,2014J,0.15,0.12
618777,EEE,2014B,0.0,0.0
618824,CCC,2014B,0.0,0.0
618824,EEE,2014B,0.65,0.40625
618845,DDD,2014B,0.1,0.05
618846,GGG,2014B,0.0,0.0
618849,CCC,2014J,0.0,0.0
618865,CCC,2014J,0.15,0.125
618869,BBB,2014B,0.2,0.4
618875,CCC,2014J,0.0,0.0
618875,FFF,2014B,0.6,0.15
618882,BBB,2014B,0.05,0.02702702702702703
618887,GGG,2014B,0.15,0.1
618893,GGG,2014B,0.1,0.07692307692307693
618914,FFF,2014B,0.15,0.057692307692307696
618937,DDD,2014B,0.05,0.05
618940,DDD,2014B,0.4,0.13559322033898305
618951,BBB,2014B,0.0,0.0
618981,BBB,2014B,0.05,0.029411764705882353
618982,EEE,2014B,0.6,0.48
618983,BBB,2014J,0.15,0.21428571428571427
618989,DDD,2014J,0.15,0.043478260869565216
618994,BBB,2014J,0.65,0.40625
619001,FFF,2014B,0.2,0.2
619013,GGG,2014B,0.4,0.5714285714285714
619014,CCC,2014B,0.0,0.0
619014,EEE,2014B,0.15,0.1875
619055,DDD,2014J,0.0,0.0
619082,BBB,2013J,0.0,0.0
619161,BBB,2014B,0.0,0.0
619168,EEE,2014J,0.6,0.5217391304347826
619196,BBB,2014B,0.1,0.09090909090909091
619204,FFF,2014J,0.4,0.12307692307692308
619212,GGG,2014B,0.1,0.07407407407407407
619288,BBB,2014B,0.05,0.16666666666666666
619292,EEE,2014B,0.0,0.0
619292,FFF,2014J,0.45,0.11842105263157894
619297,DDD,2014B,0.5,0.12195121951219512
619303,CCC,2014B,0.15,0.10344827586206896
619311,BBB,2014B,0.0,0.0
619321,FFF,2014J,0.35,0.1590909090909091
619341,FFF,2014B,0.15,0.06976744186046512
619359,CCC,2014J,0.0,0.0
619359,DDD,2014B,0.05,0.03125
619363,GGG,2014B,0.0,0.0
619380,CCC,2014J,0.0,0.0
619380,EEE,2014B,0.4,0.4
619403,DDD,2014B,0.35,0.12280701754385964
619410,FFF,2014B,0.2,0.0784313725490196
619447,CCC,2014B,0.0,0.0
619461,FFF,2014B,0.2,0.058823529411764705
619471,BBB,2014B,0.05,0.07142857142857142
619478,GGG,2014B,0.0,0.0
619481,GGG,2014B,0.0,0.0
619483,GGG,2014B,0.05,0.05
619502,FFF,2014J,0.25,0.054945054945054944
619503,EEE,2014B,0.45,0.3103448275862069
619508,BBB,2014B,0.0,0.0
619520,GGG,2014B,0.0,0.0
619851,DDD,2014J,0.0,0.0
619870,CCC,2014B,0.3,0.10526315789473684
619907,DDD,2014J,0.15,0.0625
619910,DDD,2014J,0.1,0.031746031746031744
619921,FFF,2014B,0.05,0.08333333333333333
619926,GGG,2014B,0.5,0.5555555555555556
619927,CCC,2014J,0.0,0.0
619927,EEE,2014B,0.1,0.2
619928,CCC,2014J,0.0,0.0
619928,EEE,2014B,0.6,0.4444444444444444
619935,BBB,2014J,0.3,0.16666666666666666
619941,BBB,2013J,0.1,0.07407407407407407
619945,GGG,2014B,0.0,0.0
619952,GGG,2014B,0.15,0.1
620000,BBB,2014J,0.15,0.14285714285714285
620072,BBB,2014B,0.05,0.08333333333333333
620073,BBB,2014B,0.0,0.0
620081,FFF,2014B,0.3,0.16216216216216217
620092,BBB,2014B,0.1,0.18181818181818182
620094,FFF,2014J,0.95,0.12337662337662338
620102,DDD,2014B,0.05,0.16666666666666666
620128,BBB,2014B,0.0,0.0
620129,BBB,2014B,0.05,0.1111111111111111
620148,CCC,2014B,0.0,0.0
620159,DDD,2014B,0.1,0.13333333333333333
620179,GGG,2014B,0.05,0.047619047619047616
620190,GGG,2014B,0.0,0.0
620197,GGG,2014B,0.05,0.038461538461538464
620200,FFF,2014B,0.3,0.1016949152542373
620215,EEE,2014B,0.7,0.42424242424242425
620231,CCC,2014J,0.0,0.0
620231,DDD,2014B,0.0,0.0
620239,GGG,2014J,0.05,0.045454545454545456
620243,CCC,2014J,0.05,0.1111111111111111
620243,DDD,2014B,0.0,0.0
620257,BBB,2014B,0.0,0.0
620269,FFF,2014J,0.25,0.13513513513513514
620277,FFF,2014B,0.25,0.1724137931034483
620317,GGG,2014B,0.0,0.0
620337,DDD,2014B,0.45,0.12857142857142856
620343,EEE,2014J,0.7,0.56
620349,FFF,2014J,0.15,0.125
620354,BBB,2014B,0.05,0.05263157894736842
620368,CCC,2014B,0.15,0.07317073170731707
620369,CCC,2014B,0.0,0.0
620369,EEE,2014B,0.5,0.5
620408,BBB,2014B,0.0,0.0
620409,BBB,2014B,0.05,0.125
620414,EEE,2014B,0.25,0.3125
620427,BBB,2014B,0.0,0.0
620431,FFF,2014J,0.55,0.11578947368421053
620437,DDD,2014B,0.0,0.0
620460,GGG,2014B,0.15,0.1
620473,FFF,2014B,0.25,0.06944444444444445
620484,CCC,2014J,0.25,0.125
620490,GGG,2014B,0.4,0.47058823529411764
620507,BBB,2014B,0.15,0.75
620519,EEE,2014J,0.35,0.4666666666666667
620522,GGG,2014B,0.4,0.4444444444444444
620552,GGG,2014B,0.05,0.07692307692307693
620561,GGG,2014B,0.15,0.125
620564,GGG,2014B,0.0,0.0
620573,BBB,2014B,0.1,0.05405405405405406
620590,GGG,2014B,0.7,0.5384615384615384
620608,DDD,2014B,0.1,0.08333333333333333
620629,GGG,2014B,0.1,0.10526315789473684
620630,DDD,2014B,0.75,0.14563106796116504
620646,CCC,2014B,0.0,0.0
620646,EEE,2014B,0.0,0.0
620652,CCC,2014J,0.0,0.0
620658,DDD,2014B,0.1,0.3333333333333333
620694,BBB,2014B,0.05,0.1111111111111111
620698,BBB,2014J,0.45,0.17647058823529413
620716,CCC,2014J,0.0,0.0
620716,EEE,2014B,0.45,0.6
620726,GGG,2014B,0.15,0.10344827586206896
620734,DDD,2014B,0.45,0.1875
620740,FFF,2014J,0.7,0.14583333333333334
620750,FFF,2014J,0.05,0.021739130434782608
620782,EEE,2014J,0.35,0.5
620801,FFF,2014B,0.05,0.022727272727272728
620808,GGG,2014B,0.0,0.0
620810,FFF,2014J,0.25,0.0847457627118644
620819,FFF,2014B,0.25,0.08333333333333333
620820,DDD,2014B,0.25,0.08771929824561403
620826,GGG,2014J,0.0,0.0
620876,EEE,2014B,0.0,0.0
620889,BBB,2014B,0.0,0.0
620892,DDD,2014B,0.0,0.0
620897,CCC,2014B,0.0,0.0
620897,CCC,2014J,0.0,0.0
620915,GGG,2014B,0.0,0.0
620916,EEE,2014B,0.3,0.4
620922,BBB,2014B,0.0,0.0
620923,BBB,2014B,0.15,0.375
620946,GGG,2014B,0.05,0.07692307692307693
620974,CCC,2014B,0.3,0.23076923076923078
620974,DDD,2014B,0.0,0.0
620977,EEE,2014B,0.0,0.0
620980,BBB,2014B,0.05,0.034482758620689655
620982,GGG,2014B,0.0,0.0
621004,DDD,2014B,0.1,0.4
621010,DDD,2014B,0.3,0.11320754716981132
621300,CCC,2014J,0.0,0.0
621300,DDD,2014B,0.05,0.047619047619047616
621301,BBB,2014B,0.0,0.0
621303,BBB,2014B,0.0,0.0
621319,GGG,2014B,0.0,0.0
621322,BBB,2014B,0.15,0.25
621331,GGG,2014B,0.0,0.0
621345,FFF,2014B,0.0,0.0
621352,DDD,2014B,0.05,0.5
621369,BBB,2014B,0.15,0.15
621370,FFF,2014B,0.0,0.0
621380,EEE,2014J,0.4,0.5333333333333333
621394,BBB,2014B,0.15,0.15
621414,EEE,2014B,0.0,0.0
621433,FFF,2014B,0.1,0.08695652173913043
621436,FFF,2014B,0.05,0.023255813953488372
621441,FFF,2014B,0.55,0.0990990990990991
621442,CCC,2014J,0.0,0.0
621442,DDD,2014B,0.0,0.0
621457,DDD,2014B,0.15,0.05357142857142857
621459,GGG,2014B,0.0,0.0
621473,GGG,2014B,0.1,0.08
621475,FFF,2014B,0.45,0.13043478260869565
621478,GGG,2014B,0.0,0.0
621485,GGG,2014J,0.25,0.20833333333333334
621487,BBB,2014J,0.0,0.0
621508,BBB,2014B,0.0,0.0
621531,FFF,2014B,0.6,0.21428571428571427
621580,FFF,2014B,0.05,0.02564102564102564
621605,CCC,2014J,0.35,0.14285714285714285
621615,DDD,2014B,0.2,0.1
621655,EEE,2014B,0.6,0.48
621656,CCC,2014B,0.5,0.2222222222222222
621659,DDD,2014B,0.25,0.18518518518518517
621659,DDD,2014J,0.0,0.0
621690,FFF,2014B,0.0,0.0
621696,CCC,2014J,0.0,0.0
621696,FFF,2014B,0.05,0.010309278350515464
621699,DDD,2014B,0.1,0.06666666666666667
621716,GGG,2014B,0.0,0.0
621722,FFF,2014B,0.5,0.11494252873563218
621755,GGG,2014B,0.05,0.03125
621826,BBB,2014J,0.15,0.12
621862,BBB,2014B,0.0,0.0
621881,FFF,2014B,0.2,0.12903225806451613
621883,DDD,2014B,0.7,0.1206896551724138
621884,CCC,2014J,0.1,0.04878048780487805
621888,GGG,2014B,0.0,0.0
621894,BBB,2014B,0.0,0.0
621905,BBB,2014B,0.0,0.0
621906,EEE,2014B,0.4,0.47058823529411764
621908,DDD,2014B,0.1,0.07407407407407407
621923,GGG,2014B,0.35,0.4666666666666667
621952,FFF,2014B,0.1,0.05263157894736842
621971,FFF,2014B,0.45,0.10465116279069768
621998,FFF,2014B,0.5,0.12345679012345678
622007,BBB,2014J,0.15,0.42857142857142855
622015,EEE,2014B,0.05,0.25
622027,CCC,2014J,0.0,0.0
622037,EEE,2014B,0.25,0.38461538461538464
622074,GGG,2014B,0.5,0.47619047619047616
622086,DDD,2014B,0.05,0.038461538461538464
622096,CCC,2014J,0.0,0.0
622096,FFF,2014B,0.05,0.029411764705882353
622117,BBB,2014J,0.0,0.0
622118,GGG,2014J,0.0,0.0
622129,EEE,2014J,0.65,0.4482758620689655
622132,BBB,2014B,0.1,0.05128205128205128
622166,GGG,2014B,0.7,0.4666666666666667
622175,DDD,2014B,0.2,0.19047619047619047
622192,CCC,2014J,0.0,0.0
622192,DDD,2014B,0.2,0.08163265306122448
622208,BBB,2014B,0.0,0.0
622215,CCC,2014B,0.05,0.125
622215,DDD,2014B,0.0,0.0
622225,DDD,2014B,0.05,0.3333333333333333
622245,GGG,2014B,0.1,0.0625
622246,DDD,2014J,0.0,0.0
622275,FFF,2014J,0.0,0.0
622278,FFF,2014B,0.4,0.18181818181818182
622280,EEE,2014B,0.05,0.5
622302,CCC,2014B,0.05,0.037037037037037035
622313,BBB,2014J,0.1,0.10526315789473684
622315,EEE,2014J,0.05,0.08333333333333333
622345,BBB,2014B,0.15,0.09375
622352,GGG,2014B,0.0,0.0
622368,CCC,2014B,0.45,0.25
622368,EEE,2014B,0.0,0.0
622374,CCC,2014J,0.0,0.0
622374,FFF,2014B,0.85,0.20481927710843373
622382,GGG,2014B,0.05,0.045454545454545456
622384,CCC,2014J,0.0,0.0
622386,CCC,2014B,0.3,0.15
622392,FFF,2014B,0.1,0.16666666666666666
622413,DDD,2014B,0.15,0.04411764705882353
622425,EEE,2014B,0.65,0.41935483870967744
622430,FFF,2014B,0.25,0.07142857142857142
622432,GGG,2014B,0.0,0.0
622433,GGG,2014B,0.0,0.0
622435,DDD,2014B,0.15,0.125
622442,FFF,2014B,0.3,0.10714285714285714
622466,BBB,2014B,0.2,0.16
622480,GGG,2014B,0.0,0.0
622481,FFF,2014J,0.5,0.18867924528301888
622500,GGG,2014B,0.05,0.030303030303030304
622505,BBB,2014B,0.2,0.07142857142857142
622516,GGG,2014B,0.0,0.0
622541,CCC,2014J,0.0,0.0
622541,DDD,2014B,0.05,0.024390243902439025
622555,DDD,2014J,0.1,0.05555555555555555
622570,GGG,2014B,0.6,0.46153846153846156
622571,DDD,2014B,0.0,0.0
622573,BBB,2014J,0.5,0.3448275862068966
622597,DDD,2014J,0.0,0.0
622604,BBB,2014B,0.0,0.0
622609,EEE,2014B,0.4,0.47058823529411764
622626,DDD,2014J,0.05,0.01694915254237288
622639,FFF,2014B,0.2,0.12121212121212122
622646,GGG,2014B,0.0,0.0
622652,CCC,2014B,0.1,0.07142857142857142
622686,FFF,2014B,0.6,0.11320754716981132
622701,FFF,2014B,0.15,0.06818181818181818
622715,BBB,2014B,0.05,0.03225806451612903
622720,BBB,2014B,0.1,0.05263157894736842
622724,DDD,2014B,0.05,0.034482758620689655
622753,CCC,2014B,0.1,0.2222222222222222
622760,FFF,2014J,0.55,0.12790697674418605
622764,DDD,2014B,0.2,0.0784313725490196
622766,BBB,2014B,0.0,0.0
622773,CCC,2014B,0.3,0.15789473684210525
622787,CCC,2014B,0.3,0.15
622812,CCC,2014J,0.0,0.0
622812,EEE,2014B,0.65,0.5652173913043478
622838,BBB,2014B,0.0,0.0
622844,DDD,2014B,0.0,0.0
622859,FFF,2014B,0.1,0.07142857142857142
622867,BBB,2014B,0.0,0.0
622910,FFF,2014J,0.0,0.0
622934,FFF,2014J,0.75,0.10638297872340426
622935,CCC,2014J,0.0,0.0
622935,FFF,2014B,0.7,0.15384615384615385
622948,CCC,2014B,0.0,0.0
622948,EEE,2014B,0.2,0.3076923076923077
622967,FFF,2014J,0.1,0.15384615384615385
622974,BBB,2014B,0.2,0.3076923076923077
622976,CCC,2014J,0.0,0.0
622976,FFF,2014B,0.5,0.07692307692307693
622982,BBB,2014B,0.1,0.125
623008,DDD,2014B,0.2,0.12903225806451613
623010,GGG,2014B,0.05,0.04
623042,BBB,2014J,0.25,0.29411764705882354
623052,CCC,2014B,0.2,0.2
623052,DDD,2014B,0.0,0.0
623055,BBB,2014B,0.05,0.021739130434782608
623072,GGG,2014B,0.05,0.041666666666666664
623073,DDD,2014B,0.3,0.10714285714285714
623079,EEE,2014B,0.45,0.34615384615384615
623081,GGG,2014B,0.0,0.0
623097,BBB,2014J,0.1,0.10526315789473684
623100,CCC,2014J,0.0,0.0
623100,EEE,2014B,0.75,0.6
623115,EEE,2014B,0.0,0.0
623124,CCC,2014J,0.0,0.0
623164,DDD,2014B,0.3,0.12
623168,BBB,2014B,0.0,0.0
623169,BBB,2014B,0.0,0.0
623177,BBB,2014B,0.0,0.0
623178,GGG,2014J,0.2,0.3333333333333333
623180,FFF,2014B,0.0,0.0
623184,EEE,2014B,0.05,1.0
623190,DDD,2014J,0.0,0.0
623210,DDD,2014B,0.25,0.11904761904761904
623221,CCC,2014J,0.3,0.17142857142857143
623223,DDD,2014J,0.0,0.0
623225,DDD,2014J,0.1,0.03076923076923077
623230,FFF,2014J,0.0,0.0
623240,BBB,2014B,0.0,0.0
623250,CCC,2014B,0.0,0.0
623250,EEE,2014B,0.6,0.42857142857142855
623257,DDD,2014B,0.05,0.06666666666666667
623276,DDD,2014J,0.0,0.0
623289,DDD,2014J,0.0,0.0
623290,CCC,2014B,0.15,0.11538461538461539
623295,BBB,2014B,0.15,0.2
623314,FFF,2014B,0.4,0.12903225806451613
623321,BBB,2014B,0.15,0.13636363636363635
623322,GGG,2014B,0.1,0.5
623333,BBB,2014B,0.05,0.037037037037037035
623335,GGG,2014B,0.05,0.03333333333333333
623347,CCC,2014B,0.0,0.0
623347,DDD,2014B,0.1,0.041666666666666664
623376,BBB,2014J,0.7,0.23333333333333334
623406,BBB,2014B,0.05,0.02857142857142857
623416,GGG,2014B,0.5,0.45454545454545453
623421,CCC,2014B,0.0,0.0
623421,EEE,2014B,0.25,0.4166666666666667
623433,FFF,2014B,0.3,0.17647058823529413
623438,FFF,2014B,0.55,0.15714285714285714
623441,BBB,2014J,0.15,0.17647058823529413
623442,GGG,2014B,0.15,0.15
623457,GGG,2014B,0.1,0.09523809523809523
623467,EEE,2014J,0.75,0.5357142857142857
623471,FFF,2014J,0.55,0.12941176470588237
623475,GGG,2014J,0.5,0.5882352941176471
623484,CCC,2014J,0.4,0.14545454545454545
623495,GGG,2014B,0.0,0.0
623496,FFF,2014B,0.15,0.08571428571428572
623511,CCC,2014J,0.1,0.041666666666666664
623514,DDD,2014B,0.7,0.19718309859154928
623519,BBB,2014J,0.6,0.4
623537,FFF,2014B,0.35,0.14893617021276595
623541,DDD,2014B,0.0,0.0
623554,FFF,2014B,0.1,0.14285714285714285
623562,CCC,2014B,0.0,0.0
623562,EEE,2014B,0.15,0.25
623575,GGG,2014B,0.1,0.1
623579,FFF,2014B,0.5,0.11627906976744186
623585,DDD,2014B,0.15,0.13636363636363635
623588,GGG,2014J,0.15,0.15
623589,FFF,2014J,0.7,0.0979020979020979
623602,GGG,2014B,0.05,0.07142857142857142
623603,BBB,2014B,0.0,0.0
623605,CCC,2014B,0.05,0.25
623622,BBB,2014B,0.05,0.2
623641,DDD,2014J,0.1,0.05
623648,BBB,2014J,0.45,0.1956521739130435
623654,BBB,2014B,0.0,0.0
623660,BBB,2014B,0.1,0.04081632653061224
623667,CCC,2014B,0.0,0.0
623667,EEE,2014B,0.65,0.48148148148148145
623687,FFF,2014B,0.2,0.07547169811320754
623689,BBB,2014J,0.0,0.0
623732,CCC,2014B,0.3,0.11764705882352941
623738,EEE,2014B,0.4,0.42105263157894735
623765,FFF,2014J,0.6,0.16666666666666666
623778,GGG,2014B,0.0,0.0
623780,CCC,2014B,0.0,0.0
623780,EEE,2014B,0.4,0.4444444444444444
623797,CCC,2014B,0.0,0.0
623797,EEE,2014B,0.15,0.3333333333333333
623804,GGG,2014B,0.1,0.18181818181818182
623812,GGG,2014J,0.05,0.05
623815,DDD,2014B,0.45,0.1875
623821,BBB,2014B,0.0,0.0
623826,DDD,2014B,0.6,0.18461538461538463
623831,GGG,2014B,0.1,0.08
623840,AAA,2014J,0.6,0.375
623845,BBB,2014B,0.0,0.0
623857,BBB,2014B,0.0,0.0
623859,GGG,2014B,0.15,0.10344827586206896
623864,DDD,2014J,0.1,0.04
623864,EEE,2014B,0.0,0.0
623882,BBB,2014B,0.0,0.0
623889,EEE,2014J,0.55,0.5789473684210527
623903,GGG,2014B,0.05,0.037037037037037035
623919,GGG,2014B,0.05,0.025
623924,FFF,2014B,0.25,0.07352941176470588
623931,DDD,2014B,0.05,0.038461538461538464
623935,BBB,2014B,0.1,0.10526315789473684
623937,DDD,2014J,0.1,0.031746031746031744
623940,EEE,2014B,0.1,1.0
623948,FFF,2014B,0.65,0.13978494623655913
623953,GGG,2014B,0.0,0.0
623968,DDD,2014J,0.1,0.0273972602739726
623988,GGG,2014B,0.05,0.05263157894736842
623989,EEE,2014J,0.65,0.6190476190476191
624007,DDD,2014B,0.15,0.05172413793103448
624011,BBB,2014B,0.05,0.04
624014,FFF,2014B,0.0,0.0
624039,CCC,2014B,0.05,0.5
624046,BBB,2014B,0.05,0.03225806451612903
624052,DDD,2014B,0.15,0.046875
624060,CCC,2014B,0.3,0.13636363636363635
624060,CCC,2014J,0.0,0.0
624069,BBB,2014B,0.15,0.42857142857142855
624077,DDD,2014B,0.15,0.0375
624078,DDD,2014B,0.05,0.1
624092,EEE,2014B,0.1,0.1111111111111111
624099,GGG,2014B,0.0,0.0
624105,DDD,2014B,0.0,0.0
624127,CCC,2014B,0.05,0.08333333333333333
624134,CCC,2014B,0.0,0.0
624152,FFF,2014B,0.25,0.1388888888888889
624153,EEE,2014B,0.1,0.3333333333333333
624156,CCC,2014J,0.0,0.0
624156,DDD,2014B,0.2,0.0975609756097561
624164,CCC,2014B,0.15,0.12
624178,FFF,2014B,0.15,0.06976744186046512
624196,BBB,2014B,0.0,0.0
624197,FFF,2014B,0.5,0.09345794392523364
624209,CCC,2014J,0.4,0.12698412698412698
624222,EEE,2014J,0.4,0.42105263157894735
624226,GGG,2014B,0.55,0.5789473684210527
624230,GGG,2014B,0.05,0.045454545454545456
624256,CCC,2014J,0.1,0.0392156862745098
624282,FFF,2014J,0.5,0.11764705882352941
624306,BBB,2014B,0.0,0.0
624321,GGG,2014B,0.0,0.0
624342,BBB,2014J,0.5,0.2857142857142857
624344,FFF,2014B,0.35,0.1590909090909091
624354,CCC,2014J,0.0,0.0
624358,DDD,2014B,0.45,0.13043478260869565
624406,BBB,2014B,0.1,0.046511627906976744
624407,DDD,2014B,0.0,0.0
624415,BBB,2014B,0.0,0.0
624433,GGG,2014B,0.1,0.09523809523809523
624441,CCC,2014B,0.1,0.11764705882352941
624441,EEE,2014B,0.0,0.0
624445,CCC,2014B,0.0,0.0
624469,EEE,2014B,0.45,0.36
624476,DDD,2014B,0.1,0.18181818181818182
624483,CCC,2014B,0.45,0.19148936170212766
624493,CCC,2014J,0.0,0.0
624493,DDD,2014B,0.35,0.21875
624499,FFF,2014B,0.25,0.1282051282051282
624514,BBB,2014B,0.0,0.0
624522,GGG,2014B,0.0,0.0
624556,FFF,2014B,0.05,0.043478260869565216
624563,GGG,2014J,0.05,0.0625
624569,GGG,2014B,0.35,0.4666666666666667
624570,DDD,2014B,0.5,0.23809523809523808
624585,DDD,2014B,0.1,0.06666666666666667
624586,FFF,2014B,0.15,0.08108108108108109
624591,CCC,2014B,0.0,0.0
624591,FFF,2014B,0.05,0.023255813953488372
624592,BBB,2014B,0.1,0.18181818181818182
624610,DDD,2014B,0.2,0.13333333333333333
624653,BBB,2014B,0.0,0.0
624661,BBB,2014B,0.0,0.0
624679,GGG,2014B,0.2,0.25
624704,BBB,2014B,0.0,0.0
624706,GGG,2014B,0.0,0.0
624714,GGG,2014B,0.05,0.04
624727,GGG,2014B,0.05,0.05263157894736842
624730,DDD,2014B,0.1,0.25
624734,BBB,2014B,0.05,0.09090909090909091
624738,BBB,2014B,0.25,0.1388888888888889
624751,FFF,2014B,0.35,0.10606060606060606
624763,FFF,2014B,0.4,0.13114754098360656
624767,GGG,2014B,0.05,0.045454545454545456
624773,FFF,2014B,0.3,0.075
624777,GGG,2014B,0.0,0.0
624782,CCC,2014B,0.0,0.0
624782,EEE,2014B,0.05,0.058823529411764705
624789,CCC,2014J,0.0,0.0
624789,DDD,2014B,0.25,0.13157894736842105
624795,GGG,2014B,0.0,0.0
624804,DDD,2014B,0.0,0.0
624810,CCC,2014B,0.1,0.125
624839,DDD,2014B,0.05,0.027777777777777776
624847,BBB,2014B,0.05,0.1111111111111111
624864,FFF,2014J,0.5,0.14705882352941177
624875,CCC,2014B,0.35,0.21875
624881,DDD,2014B,0.7,0.1308411214953271
624891,DDD,2014J,0.0,0.0
624906,GGG,2014B,0.7,0.56
624912,GGG,2014B,0.0,0.0
624927,CCC,2014J,0.0,0.0
624927,DDD,2014B,0.2,0.10526315789473684
624938,GGG,2014B,0.05,0.0625
624946,FFF,2014B,0.35,0.07865168539325842
624957,CCC,2014J,0.05,0.05263157894736842
624970,CCC,2014B,0.0,0.0
624970,FFF,2014J,0.35,0.1
624972,BBB,2014B,0.1,0.14285714285714285
624981,FFF,2014B,0.4,0.19047619047619047
624997,BBB,2014B,0.15,0.3333333333333333
625014,CCC,2014B,0.65,0.24074074074074073
625021,BBB,2014B,0.0,0.0
625024,BBB,2014B,0.0,0.0
625028,CCC,2014B,0.15,0.08333333333333333
625033,GGG,2014B,0.1,0.06666666666666667
625034,FFF,2014B,0.2,0.3333333333333333
625035,DDD,2014B,0.65,0.10317460317460317
625067,CCC,2014J,0.0,0.0
625067,EEE,2014B,0.6,0.46153846153846156
625071,BBB,2014B,0.05,0.125
625075,FFF,2014B,0.05,0.041666666666666664
625077,CCC,2014B,0.05,0.038461538461538464
625078,CCC,2014B,0.0,0.0
625087,BBB,2014B,0.05,0.07142857142857142
625089,GGG,2014B,0.05,0.043478260869565216
625094,BBB,2014B,0.0,0.0
625098,DDD,2014B,0.05,0.125
625100,CCC,2014J,0.0,0.0
625106,GGG,2014B,0.0,0.0
625108,CCC,2014B,0.05,0.027777777777777776
625124,BBB,2014B,0.05,0.04
625126,EEE,2014B,0.4,0.5
625167,BBB,2014B,0.0,0.0
625174,EEE,2014B,0.55,0.4230769230769231
625185,BBB,2014B,0.05,0.03225806451612903
625191,FFF,2014B,0.2,0.06896551724137931
625213,EEE,2014B,0.5,0.45454545454545453
625218,DDD,2014B,0.35,0.07526881720430108
625241,GGG,2014J,0.0,0.0
625245,FFF,2014J,0.5,0.125
625249,BBB,2014B,0.25,0.2631578947368421
625251,BBB,2014B,0.05,0.07142857142857142
625263,CCC,2014J,0.0,0.0
625263,DDD,2014B,0.1,0.03278688524590164
625283,DDD,2014J,0.2,0.07142857142857142
625291,FFF,2014B,0.3,0.13953488372093023
625295,BBB,2014B,0.0,0.0
625303,FFF,2014B,0.25,0.09259259259259259
625306,FFF,2014B,0.2,0.06451612903225806
625330,CCC,2014B,0.0,0.0
625330,FFF,2014J,0.1,0.10526315789473684
625349,FFF,2014B,0.4,0.12903225806451613
625357,CCC,2014J,0.0,0.0
625361,FFF,2014B,0.25,0.2
625376,GGG,2014B,0.0,0.0
625383,BBB,2014B,0.0,0.0
625390,BBB,2014B,0.05,0.14285714285714285
625394,FFF,2014B,0.0,0.0
625406,FFF,2014B,0.5,0.15384615384615385
625411,GGG,2014J,0.0,0.0
625427,DDD,2014B,0.1,0.029850746268656716
625444,BBB,2014B,0.0,0.0
625446,GGG,2014B,0.1,0.08333333333333333
625453,CCC,2014B,0.35,0.1590909090909091
625467,DDD,2014J,0.0,0.0
625476,CCC,2014B,0.05,0.1
625476,EEE,2014B,0.0,0.0
625477,BBB,2014B,0.1,0.09090909090909091
625494,GGG,2014B,0.25,0.22727272727272727
625514,BBB,2014B,0.0,0.0
625515,FFF,2014J,0.25,0.11904761904761904
625527,CCC,2014B,0.0,0.0
625527,EEE,2014B,0.55,0.3793103448275862
625530,GGG,2014J,0.75,0.39473684210526316
625536,FFF,2014B,0.6,0.11764705882352941
625540,GGG,2014B,0.0,0.0
625541,CCC,2014J,0.0,0.0
625541,EEE,2014B,0.6,0.5454545454545454
625544,GGG,2014B,0.0,0.0
625545,GGG,2014B,0.05,0.02564102564102564
625548,FFF,2014B,0.2,0.13793103448275862
625552,CCC,2014B,0.15,0.14285714285714285
625555,DDD,2014J,0.1,0.04878048780487805
625566,FFF,2014B,0.4,0.0963855421686747
625574,CCC,2014B,0.1,0.045454545454545456
625588,FFF,2014B,0.35,0.08235294117647059
625603,GGG,2014B,0.05,0.047619047619047616
625609,FFF,2014B,0.05,0.3333333333333333
625614,CCC,2014B,0.0,0.0
625614,EEE,2014J,0.0,0.0
625615,DDD,2014B,0.1,0.13333333333333333
625642,FFF,2014B,0.1,0.25
625649,GGG,2014B,0.0,0.0
625651,GGG,2014B,0.05,0.047619047619047616
625666,BBB,2014J,0.6,0.3333333333333333
625676,GGG,2014B,0.25,0.2631578947368421
625684,CCC,2014B,0.0,0.0
625713,BBB,2014B,0.0,0.0
625714,CCC,2014B,0.0,0.0
625714,DDD,2014B,0.0,0.0
625722,GGG,2014B,0.2,0.125
625724,BBB,2014B,0.2,0.17391304347826086
625740,CCC,2014B,0.0,0.0
625740,EEE,2014B,0.45,0.391304347826087
625743,FFF,2014J,0.65,0.17567567567567569
625745,CCC,2014B,0.15,0.06382978723404255
625748,DDD,2014B,0.15,0.08571428571428572
625753,FFF,2014B,0.3,0.07317073170731707
625765,DDD,2014J,0.05,0.047619047619047616
625768,BBB,2014B,0.05,0.3333333333333333
625775,GGG,2014B,0.05,0.07692307692307693
625782,CCC,2014B,0.2,0.0851063829787234
625785,EEE,2014J,0.55,0.36666666666666664
625790,EEE,2014B,0.0,0.0
625793,FFF,2014B,0.0,0.0
625794,FFF,2014B,0.05,0.03571428571428571
625797,EEE,2014J,0.2,0.6666666666666666
625800,FFF,2014B,0.0,0.0
625802,FFF,2014J,0.25,0.1282051282051282
625816,BBB,2014B,0.0,0.0
625822,CCC,2014B,0.1,0.09090909090909091
625826,BBB,2014J,0.05,0.041666666666666664
625833,BBB,2014B,0.05,0.1111111111111111
625838,CCC,2014B,0.3,0.14634146341463414
625838,FFF,2014J,0.0,0.0
625857,BBB,2014B,0.05,0.1
625861,EEE,2014B,0.3,0.46153846153846156
625864,DDD,2014B,0.2,0.07547169811320754
625874,DDD,2014B,0.05,0.5
625875,GGG,2014B,0.0,0.0
625879,BBB,2014B,0.2,0.25
625903,GGG,2014B,0.2,0.14814814814814814
625912,GGG,2014B,0.15,0.15
625919,BBB,2014B,0.05,0.043478260869565216
625953,CCC,2014B,0.0,0.0
625953,EEE,2014B,0.25,0.5
625977,FFF,2014B,0.25,0.125
625983,DDD,2014B,0.0,0.0
625995,FFF,2014B,0.05,0.1111111111111111
626005,GGG,2014J,0.65,0.5652173913043478
626012,BBB,2014J,0.55,0.22448979591836735
626018,DDD,2014B,0.1,0.14285714285714285
626022,EEE,2014B,0.35,0.4666666666666667
626023,GGG,2014B,0.05,0.03333333333333333
626033,FFF,2014J,0.45,0.15789473684210525
626040,DDD,2014B,0.0,0.0
626046,BBB,2014B,0.05,0.038461538461538464
626055,EEE,2014B,0.05,0.16666666666666666
626061,DDD,2014B,0.05,0.1
626075,BBB,2014J,0.25,0.22727272727272727
626091,GGG,2014B,0.15,0.16666666666666666
626092,GGG,2014B,0.05,0.2
626103,CCC,2014J,0.0,0.0
626103,FFF,2014B,0.65,0.1262135922330097
626114,DDD,2014B,0.45,0.10344827586206896
626123,BBB,2014B,0.2,0.25
626126,BBB,2014B,0.0,0.0
626128,FFF,2014B,0.65,0.12380952380952381
626132,DDD,2014J,0.2,0.058823529411764705
626138,BBB,2014B,0.25,0.2631578947368421
626139,BBB,2014J,0.45,0.3333333333333333
626145,GGG,2014B,0.5,0.5882352941176471
626146,DDD,2014B,0.15,0.06818181818181818
626159,BBB,2014J,0.55,0.28205128205128205
626159,GGG,2014B,0.0,0.0
626164,BBB,2014B,0.05,0.058823529411764705
626172,DDD,2014B,0.4,0.11428571428571428
626179,DDD,2014J,0.05,0.025
626183,CCC,2014B,0.0,0.0
626183,EEE,2014B,0.0,0.0
626192,DDD,2014B,0.35,0.10606060606060606
626195,BBB,2014J,0.7,0.27450980392156865
626198,FFF,2014B,0.15,0.08108108108108109
626210,BBB,2014J,0.05,0.25
626217,DDD,2014B,0.0,0.0
626231,FFF,2014B,0.15,0.06666666666666667
626238,DDD,2014B,0.3,0.12244897959183673
626240,AAA,2014J,0.3,0.2608695652173913
626245,BBB,2014B,0.0,0.0
626252,CCC,2014B,0.45,0.15789473684210525
626254,BBB,2014B,0.0,0.0
626256,GGG,2014B,0.1,0.07407407407407407
626259,FFF,2014B,0.2,0.11764705882352941
626282,GGG,2014B,0.1,0.1
626287,GGG,2014B,0.1,0.15384615384615385
626296,CCC,2014J,0.0,0.0
626296,EEE,2014B,0.55,0.4230769230769231
626297,BBB,2014B,0.05,0.07142857142857142
626306,GGG,2014B,0.15,0.11538461538461539
626307,GGG,2014B,0.1,0.4
626317,GGG,2014B,0.0,0.0
626326,FFF,2014B,0.35,0.09090909090909091
626348,DDD,2014B,0.0,0.0
626349,FFF,2014B,0.0,0.0
626349,FFF,2014J,0.0,0.0
626352,BBB,2014B,0.2,0.17391304347826086
626365,BBB,2014B,0.0,0.0
626372,GGG,2014B,0.55,0.55
626379,GGG,2014B,0.05,0.030303030303030304
626384,GGG,2014J,0.05,0.09090909090909091
626386,BBB,2014B,0.1,0.4
626405,DDD,2014B,0.0,0.0
626407,CCC,2014J,0.0,0.0
626407,EEE,2014B,0.2,0.12903225806451613
626416,FFF,2014J,0.55,0.1111111111111111
626417,CCC,2014J,0.0,0.0
626417,DDD,2014B,0.05,0.038461538461538464
626419,FFF,2014B,0.55,0.11
626448,FFF,2014B,0.3,0.10714285714285714
626450,DDD,2014B,0.7,0.17073170731707318
626454,FFF,2014J,0.85,0.12686567164179105
626463,CCC,2014J,0.0,0.0
626473,FFF,2014B,0.05,0.038461538461538464
626477,FFF,2014J,0.35,0.14285714285714285
626491,BBB,2014B,0.1,0.125
626501,CCC,2014B,0.05,0.1111111111111111
626514,FFF,2014J,0.35,0.12727272727272726
626516,CCC,2014B,0.0,0.0
626516,EEE,2014B,0.3,0.3333333333333333
626519,CCC,2014J,0.0,0.0
626519,EEE,2014B,0.65,0.5416666666666666
626530,FFF,2014B,0.5,0.2222222222222222
626537,FFF,2014B,0.1,0.07407407407407407
626539,FFF,2014B,0.0,0.0
626539,FFF,2014J,0.0,0.0
626551,DDD,2014B,0.35,0.09722222222222222
626552,FFF,2014J,0.25,0.09259259259259259
626555,BBB,2014B,0.2,0.08
626556,DDD,2014B,0.1,0.04878048780487805
626579,FFF,2014J,0.3,0.14634146341463414
626585,GGG,2014B,0.55,0.5
626589,GGG,2014B,0.1,0.08695652173913043
626604,BBB,2014B,0.1,0.034482758620689655
626607,DDD,2014B,0.4,0.14035087719298245
626614,CCC,2014B,0.1,0.09523809523809523
626618,GGG,2014B,0.0,0.0
626625,CCC,2014J,0.0,0.0
626625,EEE,2014B,0.0,0.0
626629,GGG,2014B,0.05,0.06666666666666667
626630,DDD,2014J,0.0,0.0
626642,BBB,2014B,0.0,0.0
626644,FFF,2014B,0.2,0.06779661016949153
626646,BBB,2014J,0.5,0.2857142857142857
626667,GGG,2014B,0.15,0.3
626675,GGG,2014B,0.0,0.0
626692,FFF,2014B,0.0,0.0
626708,GGG,2014B,0.05,0.04
626714,CCC,2014B,0.0,0.0
626714,EEE,2014B,0.3,0.35294117647058826
626740,BBB,2014J,0.15,0.13043478260869565
626749,EEE,2014B,0.3,0.3157894736842105
626753,CCC,2014J,0.0,0.0
626753,EEE,2014B,0.3,0.2857142857142857
626757,CCC,2014J,0.35,0.17073170731707318
626763,CCC,2014B,0.25,0.11363636363636363
626765,FFF,2014B,0.1,0.08
626768,EEE,2014B,0.0,0.0
626772,EEE,2014B,0.05,1.0
626778,FFF,2014B,0.7,0.12280701754385964
626801,FFF,2014B,0.05,0.1
626828,FFF,2014B,0.4,0.09523809523809523
626841,BBB,2014B,0.0,0.0
626843,BBB,2014B,0.05,0.2
626852,DDD,2014B,0.25,0.11627906976744186
626857,CCC,2014B,0.05,0.038461538461538464
626862,CCC,2014B,0.5,0.2564102564102564
626877,CCC,2014B,0.15,0.15
626877,EEE,2014B,0.0,0.0
626878,CCC,2014J,0.0,0.0
626878,FFF,2014B,0.05,0.023809523809523808
626881,FFF,2014B,0.3,0.12
626885,DDD,2014B,0.0,0.0
626889,DDD,2014B,0.1,0.06060606060606061
626890,FFF,2014B,0.5,0.12658227848101267
626917,BBB,2014B,0.05,0.07142857142857142
626927,GGG,2014B,0.0,0.0
626928,BBB,2014B,0.15,0.17647058823529413
626951,BBB,2014B,0.0,0.0
626966,BBB,2014B,0.35,0.30434782608695654
626979,DDD,2014B,0.1,0.07142857142857142
626982,GGG,2014B,0.05,0.045454545454545456
626987,FFF,2014B,0.1,0.024691358024691357
626998,CCC,2014B,0.25,0.21739130434782608
626998,EEE,2014J,0.0,0.0
627000,BBB,2014B,0.0,0.0
627021,DDD,2014B,0.1,0.058823529411764705
627022,FFF,2014B,0.05,0.03125
627026,FFF,2014B,0.05,0.1111111111111111
627027,BBB,2014B,0.1,0.25
627050,GGG,2014B,0.1,0.08333333333333333
627057,GGG,2014B,0.0,0.0
627061,FFF,2014B,0.5,0.15151515151515152
627066,CCC,2014B,0.0,0.0
627067,FFF,2014B,0.1,0.045454545454545456
627071,DDD,2014B,0.0,0.0
627097,DDD,2014J,0.0,0.0
627100,DDD,2014B,0.15,0.06521739130434782
627115,BBB,2014B,0.0,0.0
627118,BBB,2014B,0.0,0.0
627126,FFF,2014B,0.05,0.1111111111111111
627136,CCC,2014B,0.1,0.09523809523809523
627145,FFF,2014B,0.15,0.046153846153846156
627173,DDD,2014B,0.1,0.18181818181818182
627176,FFF,2014B,0.05,0.05263157894736842
627179,BBB,2014B,0.0,0.0
627184,CCC,2014J,0.0,0.0
627184,DDD,2014B,0.15,0.0967741935483871
627185,BBB,2014B,0.0,0.0
627190,BBB,2014B,0.1,0.03389830508474576
627217,GGG,2014B,0.05,0.034482758620689655
627236,DDD,2014J,0.15,0.06
627244,BBB,2014B,0.0,0.0
627247,FFF,2014B,0.15,0.036585365853658534
627251,GGG,2014B,0.3,0.2222222222222222
627253,CCC,2014B,0.1,0.09523809523809523
627264,GGG,2014B,0.05,0.04
627269,BBB,2014J,0.65,0.21666666666666667
627270,BBB,2014B,0.1,0.09090909090909091
627276,DDD,2014B,0.35,0.14
627283,CCC,2014J,0.0,0.0
627283,EEE,2014J,0.55,0.4782608695652174
627285,BBB,2014B,0.1,0.1111111111111111
627290,CCC,2014J,0.0,0.0
627290,EEE,2014B,0.35,0.5384615384615384
627295,DDD,2014J,0.0,0.0
627307,FFF,2014B,0.25,0.13157894736842105
627312,EEE,2014J,0.45,0.36
627321,BBB,2014B,0.0,0.0
627322,DDD,2014B,0.45,0.1232876712328767
627327,GGG,2014B,0.05,0.03333333333333333
627330,GGG,2014B,0.1,0.08333333333333333
627333,DDD,2014B,0.3,0.07228915662650602
627343,CCC,2014B,0.3,0.17142857142857143
627348,CCC,2014B,0.0,0.0
627365,FFF,2014J,0.45,0.11538461538461539
627367,DDD,2014B,0.05,0.06666666666666667
627367,DDD,2014J,0.0,0.0
627374,CCC,2014B,0.25,0.38461538461538464
627380,BBB,2014B,0.0,0.0
627386,CCC,2014B,0.1,0.18181818181818182
627387,CCC,2014B,0.1,0.11764705882352941
627387,EEE,2014B,0.0,0.0
627388,BBB,2014B,0.0,0.0
627397,DDD,2014B,0.3,0.13333333333333333
627399,CCC,2014B,0.05,0.017241379310344827
627399,EEE,2014B,0.1,0.07692307692307693
627401,CCC,2014J,0.0,0.0
627401,EEE,2014B,0.4,0.4444444444444444
627403,BBB,2014B,0.05,0.05263157894736842
627417,CCC,2014J,0.0,0.0
627417,FFF,2014B,0.5,0.09345794392523364
627442,FFF,2014B,0.1,0.09523809523809523
627450,CCC,2014J,0.0,0.0
627450,EEE,2014B,0.5,0.5263157894736842
627453,DDD,2014J,0.2,0.10810810810810811
627468,FFF,2014B,0.25,0.10204081632653061
627471,CCC,2014J,0.1,0.03389830508474576
627471,EEE,2014B,0.0,0.0
627476,DDD,2014J,0.0,0.0
627481,GGG,2014J,0.0,0.0
627500,EEE,2014B,0.15,0.6
627509,BBB,2014B,0.0,0.0
627516,EEE,2014B,0.5,0.43478260869565216
627521,FFF,2014B,0.2,0.09090909090909091
627524,FFF,2014B,0.0,0.0
627527,CCC,2014J,0.1,0.16666666666666666
627530,GGG,2014B,0.5,0.6666666666666666
627536,DDD,2014B,0.0,0.0
627549,BBB,2014B,0.0,0.0
627550,BBB,2014B,0.0,0.0
627563,BBB,2014J,0.5,0.2631578947368421
627581,DDD,2014B,0.05,0.09090909090909091
627595,FFF,2014B,0.35,0.1076923076923077
627597,GGG,2014B,0.1,0.08333333333333333
627618,DDD,2014J,0.05,0.03333333333333333
627620,FFF,2014B,0.3,0.11538461538461539
627622,FFF,2014B,0.25,0.10638297872340426
627636,EEE,2014B,0.55,0.5238095238095238
627638,DDD,2014B,0.05,0.16666666666666666
627647,BBB,2014B,0.0,0.0
627659,BBB,2014B,0.05,0.1
627660,BBB,2014J,0.7,0.3181818181818182
627661,GGG,2014B,0.1,0.1111111111111111
627679,FFF,2014B,0.15,0.07692307692307693
627685,BBB,2014B,0.0,0.0
627691,CCC,2014B,0.15,0.0967741935483871
627692,FFF,2014B,0.2,0.08163265306122448
627695,DDD,2014J,0.0,0.0
627711,CCC,2014B,0.0,0.0
627711,EEE,2014B,0.15,0.3
627717,FFF,2014B,0.25,0.14285714285714285
627747,CCC,2014B,0.15,0.10344827586206896
627750,CCC,2014B,0.0,0.0
627750,EEE,2014B,0.4,0.47058823529411764
627751,FFF,2014B,0.0,0.0
627764,GGG,2014B,0.0,0.0
627772,DDD,2014B,0.25,0.10869565217391304
627773,GGG,2014B,0.2,0.12903225806451613
627777,BBB,2014B,0.05,0.030303030303030304
627784,CCC,2014B,0.05,0.125
627787,GGG,2014B,0.0,0.0
627812,GGG,2014J,0.0,0.0
627821,GGG,2014B,0.05,0.045454545454545456
627827,GGG,2014B,0.0,0.0
627829,FFF,2014J,0.55,0.1506849315068493
627834,GGG,2014B,0.55,0.4782608695652174
627843,GGG,2014B,0.0,0.0
627860,FFF,2014B,0.2,0.11764705882352941
627879,DDD,2014B,0.2,0.18181818181818182
627882,DDD,2014B,0.3,0.08955223880597014
627886,FFF,2014B,0.15,0.075
627891,DDD,2014B,0.0,0.0
627895,GGG,2014B,0.6,0.6666666666666666
627901,GGG,2014B,0.1,0.10526315789473684
627907,EEE,2014B,0.55,0.44
627924,DDD,2014B,0.15,0.16666666666666666
627933,CCC,2014B,0.0,0.0
627948,BBB,2014B,0.0,0.0
627968,BBB,2014J,0.55,0.6111111111111112
627973,GGG,2014B,0.0,0.0
628004,FFF,2014B,0.2,0.10810810810810811
628006,BBB,2014B,0.05,0.03125
628008,DDD,2014B,0.2,0.1111111111111111
628029,CCC,2014B,0.35,0.21212121212121213
628034,CCC,2014J,0.0,0.0
628034,FFF,2014B,0.55,0.08333333333333333
628038,FFF,2014B,0.2,0.1111111111111111
628054,EEE,2014B,0.0,0.0
628054,EEE,2014J,0.0,0.0
628054,FFF,2014J,0.05,0.0625
628058,FFF,2014B,0.2,0.06557377049180328
628086,CCC,2014B,0.3,0.1935483870967742
628090,CCC,2014B,0.05,0.3333333333333333
628098,FFF,2014B,0.15,0.075
628099,DDD,2014B,0.45,0.14285714285714285
628114,CCC,2014J,0.0,0.0
628114,FFF,2014B,0.25,0.07462686567164178
628117,FFF,2014B,0.25,0.09090909090909091
628119,BBB,2014B,0.0,0.0
628140,FFF,2014B,0.35,0.1076923076923077
628141,FFF,2014B,0.0,0.0
628143,FFF,2014B,0.2,0.12121212121212122
628149,FFF,2014J,0.6,0.11538461538461539
628152,FFF,2014B,0.45,0.13636363636363635
628157,CCC,2014B,0.35,0.22580645161290322
628157,FFF,2014J,0.0,0.0
628172,GGG,2014J,0.0,0.0
628174,FFF,2014B,0.45,0.140625
628176,BBB,2014B,0.05,0.038461538461538464
628178,BBB,2014B,0.0,0.0
628180,BBB,2014B,0.0,0.0
628181,BBB,2014B,0.1,0.18181818181818182
628189,GGG,2014B,0.0,0.0
628190,BBB,2014B,0.2,0.16
628216,CCC,2014J,0.0,0.0
628216,DDD,2014B,0.1,0.05405405405405406
628217,GGG,2014B,0.0,0.0
628227,GGG,2014B,0.3,0.35294117647058826
628246,DDD,2014B,0.0,0.0
628259,DDD,2014J,0.05,0.023255813953488372
628280,GGG,2014B,0.45,0.5294117647058824
628287,BBB,2014B,0.0,0.0
628293,CCC,2014B,0.35,0.2413793103448276
628299,GGG,2014J,0.1,0.07407407407407407
628300,CCC,2014J,0.0,0.0
628300,EEE,2014B,0.7,0.5
628301,BBB,2014B,0.0,0.0
628307,FFF,2014B,0.25,0.11627906976744186
628316,GGG,2014B,0.1,0.08695652173913043
628328,BBB,2014B,0.25,0.17857142857142858
628333,DDD,2014B,0.05,0.022222222222222223
628347,DDD,2014B,0.15,0.08108108108108109
628361,CCC,2014J,0.0,0.0
628361,FFF,2014B,0.4,0.13559322033898305
628367,GGG,2014B,0.1,0.13333333333333333
628369,GGG,2014B,0.05,0.041666666666666664
628370,FFF,2014B,0.05,0.02857142857142857
628376,CCC,2014J,0.0,0.0
628376,DDD,2014B,0.0,0.0
628379,BBB,2014B,0.05,0.047619047619047616
628383,CCC,2014B,0.25,0.10416666666666667
628383,FFF,2014J,0.0,0.0
628386,DDD,2014B,0.1,0.06666666666666667
628388,BBB,2014J,0.05,0.047619047619047616
628389,BBB,2014B,0.2,0.08888888888888889
628390,DDD,2014J,0.1,0.03571428571428571
628407,CCC,2014J,0.0,0.0
628411,BBB,2014B,0.0,0.0
628423,BBB,2014B,0.05,0.04
628437,DDD,2014J,0.15,0.05454545454545454
628443,FFF,2014B,0.05,0.024390243902439025
628455,GGG,2014B,0.35,0.25
628476,FFF,2014B,0.2,0.11428571428571428
628480,EEE,2014J,0.7,0.3684210526315789
628495,GGG,2014B,0.0,0.0
628502,DDD,2014B,0.1,0.044444444444444446
628506,CCC,2014B,0.05,0.07692307692307693
628511,BBB,2014B,0.0,0.0
628516,BBB,2014B,0.0,0.0
628519,DDD,2014J,0.05,0.022727272727272728
628521,FFF,2014J,0.15,0.05084745762711865
628530,GGG,2014B,0.1,0.08
628545,GGG,2014B,0.0,0.0
628561,FFF,2014B,0.25,0.06172839506172839
628565,CCC,2014B,0.3,0.25
628569,GGG,2014J,0.0,0.0
628575,CCC,2014B,0.0,0.0
628575,DDD,2014B,0.0,0.0
628580,BBB,2014B,0.05,0.038461538461538464
628586,BBB,2014B,0.05,0.038461538461538464
628593,DDD,2014J,0.0,0.0
628598,GGG,2014B,0.05,0.058823529411764705
628616,BBB,2014B,0.05,0.05
628618,CCC,2014J,0.05,0.2
628630,GGG,2014B,0.05,0.07692307692307693
628631,DDD,2014J,0.0,0.0
628635,BBB,2014B,0.0,0.0
628642,DDD,2014B,0.0,0.0
628656,BBB,2014J,0.2,0.14814814814814814
628663,CCC,2014B,0.05,0.05
628669,GGG,2014B,0.05,0.125
628677,EEE,2014B,0.15,0.75
628679,BBB,2014J,0.55,0.275
628712,GGG,2014B,0.05,0.05263157894736842
628717,EEE,2014J,0.0,0.0
628718,EEE,2014B,0.3,0.42857142857142855
628720,FFF,2014B,0.35,0.125
628741,EEE,2014J,0.4,0.5714285714285714
628751,BBB,2014B,0.25,0.1724137931034483
628759,GGG,2014B,0.0,0.0
628766,EEE,2014J,0.25,0.5
628771,CCC,2014B,0.0,0.0
628777,CCC,2014J,0.0,0.0
628777,EEE,2014B,0.45,0.34615384615384615
628803,FFF,2014B,0.25,0.09090909090909091
628806,DDD,2014B,0.3,0.2
628835,DDD,2014B,0.4,0.1509433962264151
628837,FFF,2014B,0.0,0.0
628841,FFF,2014B,0.0,0.0
628846,CCC,2014J,0.0,0.0
628846,FFF,2014B,0.15,0.05454545454545454
628869,GGG,2014B,0.1,0.09523809523809523
628870,GGG,2014B,0.05,0.05
628875,DDD,2014B,0.0,0.0
628881,GGG,2014B,0.1,0.06896551724137931
628888,FFF,2014J,0.35,0.109375
628910,CCC,2014J,0.0,0.0
628910,EEE,2014B,0.5,0.5263157894736842
628915,DDD,2014B,0.2,0.0784313725490196
628925,FFF,2014B,0.15,0.047619047619047616
628929,GGG,2014B,0.3,0.2727272727272727
628931,GGG,2014B,0.15,0.13636363636363635
628941,BBB,2014B,0.15,0.5
628954,BBB,2014B,0.05,0.14285714285714285
628956,DDD,2014B,0.25,0.07352941176470588
628959,EEE,2014B,0.5,0.45454545454545453
628964,FFF,2014J,0.45,0.08035714285714286
628972,FFF,2014B,0.3,0.1276595744680851
628982,BBB,2014B,0.05,0.16666666666666666
628991,BBB,2014J,0.75,0.2631578947368421
628995,FFF,2014B,0.05,0.03125
629000,DDD,2014B,0.0,0.0
629014,EEE,2014J,0.7,0.7
629022,FFF,2014B,0.3,0.13953488372093023
629026,BBB,2014B,0.05,0.03125
629029,FFF,2014J,0.2,0.08
629037,BBB,2014B,0.0,0.0
629039,DDD,2014B,0.0,0.0
629044,BBB,2014B,0.0,0.0
629053,BBB,2014J,0.5,0.3225806451612903
629055,DDD,2014B,0.1,0.1
629056,CCC,2014J,0.1,0.125
629060,BBB,2014B,0.0,0.0
629081,CCC,2014B,0.0,0.0
629094,BBB,2014B,0.0,0.0
629096,CCC,2014J,0.0,0.0
629096,FFF,2014B,0.15,0.07894736842105263
629101,EEE,2014J,0.3,0.42857142857142855
629103,BBB,2014B,0.0,0.0
629127,BBB,2014J,0.6,0.3076923076923077
629153,GGG,2014B,0.0,0.0
629163,FFF,2014B,0.0,0.0
629164,CCC,2014B,0.05,0.018518518518518517
629182,FFF,2014B,0.1,0.14285714285714285
629182,FFF,2014J,0.0,0.0
629198,GGG,2014B,0.1,0.08
629202,EEE,2014B,0.5,0.35714285714285715
629240,BBB,2014B,0.1,0.045454545454545456
629244,FFF,2014B,0.05,0.020833333333333332
629245,BBB,2014J,0.65,0.35135135135135137
629258,GGG,2014J,0.75,0.3488372093023256
629267,FFF,2014B,0.3,0.13953488372093023
629274,BBB,2014B,0.0,0.0
629291,FFF,2014B,0.75,0.10067114093959731
629303,FFF,2014B,0.0,0.0
629309,DDD,2014J,0.05,0.014285714285714285
629310,GGG,2014B,0.0,0.0
629342,CCC,2014B,0.25,0.16666666666666666
629342,EEE,2014B,0.0,0.0
629379,DDD,2014J,0.1,0.03571428571428571
629400,EEE,2014J,0.7,0.56
629405,CCC,2014J,0.0,0.0
629405,DDD,2014B,0.8,0.16
629414,FFF,2014B,0.15,0.06521739130434782
629452,DDD,2014B,0.35,0.1206896551724138
629454,DDD,2014B,0.25,0.125
629490,BBB,2014B,0.0,0.0
629491,FFF,2014J,0.2,0.09302325581395349
629500,EEE,2014B,0.3,0.42857142857142855
629504,BBB,2014B,0.0,0.0
629506,EEE,2014B,0.3,0.42857142857142855
629507,BBB,2014B,0.0,0.0
629514,GGG,2014B,0.0,0.0
629522,FFF,2014B,0.0,0.0
629522,FFF,2014J,0.0,0.0
629523,CCC,2014J,0.05,0.05
629535,CCC,2014J,0.0,0.0
629535,EEE,2014J,0.35,0.2692307692307692
629540,FFF,2014B,0.5,0.09174311926605505
629541,FFF,2014B,0.5,0.11764705882352941
629553,BBB,2014J,0.0,0.0
629554,BBB,2014B,0.0,0.0
629560,CCC,2014J,0.1,0.14285714285714285
629601,EEE,2014B,0.65,0.65
629603,FFF,2014B,0.4,0.1095890410958904
629607,CCC,2014J,0.3,0.17142857142857143
629619,BBB,2014B,0.0,0.0
629632,DDD,2014B,0.15,0.08823529411764706
629633,GGG,2014B,0.1,0.06896551724137931
629642,EEE,2014J,0.4,0.6666666666666666
629654,CCC,2014B,0.0,0.0
629654,EEE,2014B,0.1,0.09523809523809523
629692,CCC,2014J,0.0,0.0
629692,FFF,2014B,0.5,0.136986301369863
629693,FFF,2014B,0.35,0.125
629696,CCC,2014B,0.2,0.21052631578947367
629696,CCC,2014J,0.0,0.0
629696,DDD,2014B,0.0,0.0
629699,DDD,2014B,0.05,0.07692307692307693
629703,DDD,2014J,0.1,0.03389830508474576
629710,CCC,2014B,0.0,0.0
629710,DDD,2014B,0.55,0.07746478873239436
629725,DDD,2014B,0.25,0.13513513513513514
629736,GGG,2014B,0.4,0.32
629739,FFF,2014B,0.35,0.15217391304347827
629745,GGG,2014B,0.0,0.0
629753,EEE,2014B,0.6,0.3870967741935484
629766,CCC,2014B,0.15,0.08108108108108109
629767,FFF,2014B,0.3,0.24
629772,GGG,2014B,0.05,0.045454545454545456
629777,GGG,2014B,0.0,0.0
629779,GGG,2014B,0.0,0.0
629798,CCC,2014B,0.05,0.2
629813,GGG,2014B,0.0,0.0
629818,FFF,2014J,0.0,0.0
629820,GGG,2014B,0.55,0.5238095238095238
629822,DDD,2014B,0.25,0.13513513513513514
629835,BBB,2014B,0.15,0.375
629852,EEE,2014J,0.1,0.3333333333333333
629853,GGG,2014B,0.0,0.0
629862,CCC,2014B,0.0,0.0
629862,EEE,2014J,0.0,0.0
629873,FFF,2014B,0.4,0.1095890410958904
629876,DDD,2014B,0.1,0.15384615384615385
629877,DDD,2014B,0.2,0.05128205128205128
629878,DDD,2014J,0.15,0.04918032786885246
629881,FFF,2014B,0.35,0.10294117647058823
629886,BBB,2014B,0.0,0.0
629890,CCC,2014B,0.05,0.2
629891,BBB,2014B,0.05,0.04
629898,DDD,2014B,0.25,0.12195121951219512
629906,EEE,2014B,0.3,0.4
629921,DDD,2014B,0.1,0.047619047619047616
629922,FFF,2014J,0.4,0.11594202898550725
629923,BBB,2014B,0.05,0.04
629936,CCC,2014B,0.0,0.0
629938,FFF,2014B,0.35,0.09090909090909091
629944,FFF,2014J,0.45,0.1267605633802817
629961,GGG,2014B,0.1,0.6666666666666666
629976,BBB,2014B,0.0,0.0
629978,GGG,2014B,0.0,0.0
629993,FFF,2014B,0.1,0.05405405405405406
630005,CCC,2014B,0.15,0.15789473684210525
630012,CCC,2014B,0.3,0.24
630013,CCC,2014J,0.25,0.125
630013,FFF,2014B,0.0,0.0
630015,FFF,2014B,0.65,0.14285714285714285
630028,BBB,2014B,0.0,0.0
630029,BBB,2014B,0.05,0.08333333333333333
630030,BBB,2014B,0.05,0.0625
630045,FFF,2014B,0.4,0.0963855421686747
630047,CCC,2014B,0.0,0.0
630047,EEE,2014B,0.55,0.55
630052,BBB,2014B,0.05,0.0625
630053,BBB,2014B,0.05,0.045454545454545456
630073,CCC,2014J,0.0,0.0
630073,DDD,2014B,0.25,0.14285714285714285
630083,FFF,2014B,0.3,0.09836065573770492
630086,CCC,2014B,0.2,0.1
630086,EEE,2014B,0.0,0.0
630090,BBB,2014B,0.0,0.0
630099,GGG,2014B,0.7,0.45161290322580644
630105,EEE,2014J,0.55,0.4583333333333333
630106,EEE,2014J,0.6,0.5
630108,GGG,2014B,0.05,0.03333333333333333
630109,FFF,2014J,0.15,0.075
630129,FFF,2014B,0.2,0.5
630137,DDD,2014B,0.1,0.05555555555555555
630142,AAA,2014J,0.15,0.75
630157,CCC,2014B,0.35,0.1891891891891892
630158,FFF,2014J,0.35,0.03684210526315789
630165,CCC,2014J,0.0,0.0
630165,EEE,2014B,0.5,0.3448275862068966
630168,FFF,2014B,0.1,0.06060606060606061
630177,CCC,2014J,0.0,0.0
630177,FFF,2014B,0.7,0.1037037037037037
630178,CCC,2014B,0.0,0.0
630178,DDD,2014B,0.35,0.1346153846153846
630200,CCC,2014B,0.0,0.0
630200,CCC,2014J,0.0,0.0
630200,DDD,2014B,0.0,0.0
630211,CCC,2014B,0.3,0.1935483870967742
630219,GGG,2014B,0.0,0.0
630221,GGG,2014B,0.05,0.037037037037037035
630240,GGG,2014B,0.05,0.125
630242,GGG,2014B,0.0,0.0
630260,BBB,2014B,0.0,0.0
630264,FFF,2014B,0.15,0.09375
630286,BBB,2014J,0.0,0.0
630315,BBB,2014B,0.0,0.0
630326,FFF,2014B,0.6,0.1188118811881188
630328,DDD,2014J,0.0,0.0
630333,BBB,2014B,0.05,0.25
630345,BBB,2014B,0.0,0.0
630354,DDD,2014J,0.0,0.0
630359,DDD,2014B,0.1,0.5
630372,BBB,2014B,0.15,0.13043478260869565
630380,DDD,2014J,0.05,0.02040816326530612
630393,BBB,2014B,0.05,0.047619047619047616
630401,DDD,2014B,0.05,0.1111111111111111
630404,BBB,2014J,0.2,0.11764705882352941
630415,BBB,2014B,0.0,0.0
630430,CCC,2014J,0.2,0.06349206349206349
630431,CCC,2014J,0.0,0.0
630432,DDD,2014B,0.4,0.12121212121212122
630443,BBB,2014B,0.05,0.04
630446,GGG,2014B,0.15,0.15
630449,CCC,2014B,0.0,0.0
630449,EEE,2014B,0.45,0.375
630451,BBB,2014B,0.1,0.08695652173913043
630452,CCC,2014J,0.0,0.0
630452,FFF,2014B,0.2,0.08
630467,CCC,2014J,0.3,0.1
630479,CCC,2014J,0.0,0.0
630479,FFF,2014B,0.2,0.05
630488,FFF,2014B,0.1,0.04081632653061224
630496,GGG,2014B,0.15,0.125
630519,CCC,2014J,0.0,0.0
630519,EEE,2014J,0.3,0.2222222222222222
630522,GGG,2014B,0.45,0.45
630540,CCC,2014B,0.0,0.0
630540,EEE,2014B,0.4,0.5714285714285714
630541,EEE,2014J,0.45,0.6923076923076923
630549,BBB,2014B,0.0,0.0
630561,BBB,2014B,0.0,0.0
630569,GGG,2014B,0.55,0.4230769230769231
630585,CCC,2014B,0.1,0.16666666666666666
630585,EEE,2014B,0.0,0.0
630586,BBB,2014B,0.3,0.2608695652173913
630596,DDD,2014B,0.7,0.12612612612612611
630597,BBB,2014J,0.0,0.0
630606,CCC,2014B,0.15,0.07317073170731707
630606,EEE,2014B,0.0,0.0
630608,BBB,2014B,0.0,0.0
630613,CCC,2014B,0.0,0.0
630613,DDD,2014B,0.25,0.05102040816326531
630634,FFF,2014B,0.1,0.08333333333333333
630635,CCC,2014B,0.2,0.15384615384615385
630635,EEE,2014B,0.0,0.0
630653,FFF,2014B,0.05,0.02857142857142857
630654,FFF,2014B,0.25,0.1111111111111111
630655,FFF,2014B,0.05,0.02631578947368421
630657,EEE,2014B,0.0,0.0
630671,FFF,2014B,0.05,0.047619047619047616
630696,EEE,2014B,0.0,0.0
630697,BBB,2014J,0.05,0.1111111111111111
630716,BBB,2014J,0.25,0.19230769230769232
630718,BBB,2014B,0.05,0.058823529411764705
630722,EEE,2014B,0.5,0.5555555555555556
630730,CCC,2014B,0.15,0.06521739130434782
630734,FFF,2014B,0.75,0.10714285714285714
630736,BBB,2014B,0.05,0.05555555555555555
630745,FFF,2014J,0.1,0.06666666666666667
630759,FFF,2014B,0.3,0.3157894736842105
630762,GGG,2014B,0.0,0.0
630763,BBB,2014B,0.0,0.0
630770,GGG,2014B,0.0,0.0
630774,DDD,2014B,0.15,0.05263157894736842
630776,GGG,2014B,0.0,0.0
630778,BBB,2014B,0.1,0.03076923076923077
630787,GGG,2014B,0.0,0.0
630788,GGG,2014B,0.1,0.07142857142857142
630794,BBB,2014B,0.0,0.0
630804,FFF,2014B,0.05,0.1
630818,DDD,2014B,0.45,0.10465116279069768
630823,BBB,2014B,0.0,0.0
630830,FFF,2014B,0.2,0.11428571428571428
630833,BBB,2014B,0.0,0.0
630834,BBB,2014J,0.55,0.2682926829268293
630834,GGG,2014B,0.0,0.0
630835,FFF,2014J,0.4,0.13114754098360656
630841,GGG,2014B,0.75,0.4411764705882353
630854,FFF,2014B,0.2,0.10256410256410256
630858,DDD,2014J,0.05,0.017543859649122806
630859,FFF,2014B,0.1,0.03773584905660377
630863,GGG,2014B,0.05,0.037037037037037035
630868,FFF,2014B,0.0,0.0
630876,BBB,2014B,0.0,0.0
630881,GGG,2014B,0.1,0.06896551724137931
630888,EEE,2014B,0.15,0.13043478260869565
630891,FFF,2014B,0.25,0.07462686567164178
630896,CCC,2014B,0.1,0.07692307692307693
630900,DDD,2014J,0.35,0.175
630900,EEE,2014B,0.0,0.0
630905,CCC,2014J,0.0,0.0
630905,FFF,2014J,0.8,0.11188811188811189
630910,FFF,2014J,0.55,0.12087912087912088
630912,CCC,2014B,0.0,0.0
630912,FFF,2014B,0.0,0.0
630924,FFF,2014B,0.35,0.1346153846153846
630935,CCC,2014J,0.0,0.0
630935,DDD,2014B,0.6,0.1935483870967742
630937,FFF,2014B,0.3,0.07792207792207792
630944,BBB,2014B,0.0,0.0
630946,GGG,2014B,0.75,0.5357142857142857
630948,DDD,2014B,0.45,0.14516129032258066
630966,FFF,2014B,0.75,0.12195121951219512
630992,FFF,2014J,0.0,0.0
631016,CCC,2014J,0.0,0.0
631016,EEE,2014B,0.0,0.0
631023,FFF,2014B,0.7,0.10218978102189781
631029,DDD,2014B,0.0,0.0
631033,GGG,2014B,0.05,0.07692307692307693
631044,CCC,2014B,0.25,0.09433962264150944
631055,DDD,2014J,0.1,0.028169014084507043
631073,CCC,2014J,0.0,0.0
631073,EEE,2014B,0.6,0.6
631075,CCC,2014B,0.0,0.0
631075,FFF,2014B,0.1,0.3333333333333333
631075,FFF,2014J,0.0,0.0
631081,BBB,2014B,0.0,0.0
631086,BBB,2014B,0.0,0.0
631099,FFF,2014B,0.2,0.11428571428571428
631104,FFF,2014B,0.5,0.12048192771084337
631108,BBB,2014B,0.0,0.0
631109,BBB,2014B,0.2,0.2222222222222222
631111,FFF,2014B,0.25,0.19230769230769232
631113,EEE,2014J,0.65,0.65
631117,CCC,2014J,0.05,0.02
631117,EEE,2014B,0.35,0.6363636363636364
631122,CCC,2014B,0.0,0.0
631131,DDD,2014B,0.65,0.11926605504587157
631132,BBB,2014B,0.0,0.0
631189,GGG,2014B,0.05,0.08333333333333333
631201,GGG,2014B,0.1,0.07142857142857142
631207,DDD,2014B,0.0,0.0
631225,BBB,2014B,0.0,0.0
631230,BBB,2014J,0.25,0.1282051282051282
631235,FFF,2014B,0.05,0.038461538461538464
631240,DDD,2014B,0.0,0.0
631240,DDD,2014J,0.0,0.0
631247,CCC,2014J,0.0,0.0
631247,FFF,2014B,0.2,0.044444444444444446
631248,BBB,2014J,0.05,0.023255813953488372
631257,DDD,2014B,0.15,0.06382978723404255
631277,GGG,2014B,0.05,0.0625
631290,GGG,2014B,0.1,0.06896551724137931
631299,DDD,2014B,0.0,0.0
631300,CCC,2014B,0.0,0.0
631300,FFF,2014B,0.45,0.15254237288135594
631311,FFF,2014B,0.2,0.06896551724137931
631322,DDD,2014B,0.45,0.1232876712328767
631327,FFF,2014B,0.15,0.07142857142857142
631334,CCC,2014B,0.3,0.15789473684210525
631334,EEE,2014B,0.0,0.0
631341,BBB,2014B,0.0,0.0
631354,BBB,2014B,0.0,0.0
631356,EEE,2014B,0.45,0.391304347826087
631384,BBB,2014B,0.3,0.3157894736842105
631388,DDD,2014B,0.35,0.06862745098039216
631392,GGG,2014B,0.05,0.038461538461538464
631416,BBB,2014J,0.0,0.0
631422,BBB,2014B,0.0,0.0
631439,DDD,2014B,0.15,0.05
631441,BBB,2014B,0.0,0.0
631445,BBB,2014B,0.15,0.3333333333333333
631446,GGG,2014B,0.5,0.38461538461538464
631453,CCC,2014B,0.0,0.0
631453,EEE,2014B,0.55,0.5238095238095238
631454,GGG,2014B,0.0,0.0
631455,CCC,2014B,0.1,0.058823529411764705
631467,FFF,2014B,0.3,0.0967741935483871
631473,CCC,2014B,0.0,0.0
631473,FFF,2014B,0.7,0.14
631491,CCC,2014J,0.25,0.07142857142857142
631492,BBB,2014B,0.1,0.07407407407407407
631509,EEE,2014B,0.55,0.5789473684210527
631513,DDD,2014J,0.0,0.0
631514,DDD,2014B,0.7,0.15555555555555556
631515,BBB,2014B,0.0,0.0
631524,FFF,2014J,0.1,0.1111111111111111
631530,BBB,2014B,0.0,0.0
631542,GGG,2014B,0.2,0.16666666666666666
631561,BBB,2014B,0.0,0.0
631563,BBB,2014B,0.0,0.0
631569,DDD,2014B,0.25,0.078125
631573,CCC,2014J,0.35,0.14
631583,CCC,2014B,0.15,0.17647058823529413
631603,DDD,2014J,0.0,0.0
631613,BBB,2014B,0.65,0.26
631639,DDD,2014B,0.35,0.15555555555555556
631640,BBB,2014J,0.1,0.2
631650,BBB,2014B,0.0,0.0
631655,CCC,2014B,0.05,0.024390243902439025
631655,EEE,2014B,0.0,0.0
631658,FFF,2014J,0.75,0.10948905109489052
631663,CCC,2014J,0.3,0.17647058823529413
631670,DDD,2014B,0.3,0.11764705882352941
631673,FFF,2014B,0.1,0.06060606060606061
631679,BBB,2014B,0.0,0.0
631680,FFF,2014B,0.3,0.07228915662650602
631681,FFF,2014J,0.2,0.06557377049180328
631699,CCC,2014B,0.35,0.2
631701,FFF,2014B,0.0,0.0
631715,CCC,2014B,0.25,0.10869565217391304
631715,FFF,2014J,0.0,0.0
631719,FFF,2014B,0.25,0.1388888888888889
631723,GGG,2014J,0.15,0.11538461538461539
631724,BBB,2014B,0.05,0.05
631740,FFF,2014J,0.3,0.14634146341463414
631753,GGG,2014B,0.0,0.0
631756,GGG,2014B,0.25,0.7142857142857143
631765,FFF,2014B,0.2,0.09523809523809523
631766,BBB,2014B,0.3,0.35294117647058826
631771,CCC,2014J,0.35,0.12280701754385964
631771,DDD,2014B,0.0,0.0
631772,CCC,2014B,0.25,0.09259259259259259
631775,BBB,2014J,0.1,0.2222222222222222
631777,BBB,2014B,0.0,0.0
631786,GGG,2014B,0.0,0.0
631788,GGG,2014B,0.0,0.0
631807,EEE,2014B,0.15,0.5
631813,DDD,2014B,0.1,0.11764705882352941
631835,DDD,2014J,0.1,0.03278688524590164
631837,FFF,2014J,0.55,0.0763888888888889
631846,DDD,2014B,0.05,0.1111111111111111
631848,BBB,2014B,0.0,0.0
631850,CCC,2014B,0.3,0.17647058823529413
631851,CCC,2014J,0.0,0.0
631851,DDD,2014B,0.35,0.11290322580645161
631853,FFF,2014B,0.35,0.15555555555555556
631860,FFF,2014B,0.0,0.0
631870,CCC,2014J,0.0,0.0
631880,FFF,2014B,0.2,0.07017543859649122
631884,FFF,2014B,0.35,0.1111111111111111
631913,FFF,2014B,0.15,0.08108108108108109
631924,CCC,2014J,0.0,0.0
631924,FFF,2014J,0.4,0.14545454545454545
631935,GGG,2014B,0.0,0.0
631953,GGG,2014B,0.0,0.0
631954,BBB,2014J,0.4,0.2857142857142857
631978,GGG,2014B,0.0,0.0
631981,CCC,2014B,0.35,0.1891891891891892
631998,DDD,2014J,0.05,0.02857142857142857
632004,CCC,2014J,0.0,0.0
632004,EEE,2014B,0.6,0.46153846153846156
632017,CCC,2014B,0.15,0.1111111111111111
632019,FFF,2014B,0.35,0.14
632044,FFF,2014B,0.25,0.09803921568627451
632074,CCC,2014B,0.1,0.05714285714285714
632074,EEE,2014B,0.0,0.0
632074,FFF,2014J,0.0,0.0
632078,FFF,2014B,0.15,0.09375
632083,CCC,2014J,0.15,0.15789473684210525
632083,EEE,2014B,0.0,0.0
632084,BBB,2014B,0.1,0.15384615384615385
632093,DDD,2014J,0.1,0.044444444444444446
632111,CCC,2014B,0.0,0.0
632111,EEE,2014B,0.0,0.0
632114,FFF,2014B,0.2,0.14814814814814814
632124,FFF,2014B,0.0,0.0
632125,DDD,2014B,0.2,0.3076923076923077
632133,CCC,2014B,0.0,0.0
632133,EEE,2014B,0.1,0.5
632135,CCC,2014B,0.0,0.0
632135,EEE,2014B,0.0,0.0
632143,FFF,2014B,0.1,0.1
632148,BBB,2014B,0.0,0.0
632152,GGG,2014B,0.0,0.0
632153,GGG,2014B,0.05,0.09090909090909091
632161,GGG,2014J,0.25,0.21739130434782608
632195,DDD,2014B,0.1,0.1111111111111111
632205,DDD,2014B,0.2,0.12121212121212122
632215,DDD,2014B,0.3,0.0967741935483871
632242,CCC,2014B,0.0,0.0
632254,BBB,2014B,0.1,0.10526315789473684
632255,BBB,2014J,0.15,0.1875
632258,FFF,2014B,0.35,0.06481481481481481
632266,GGG,2014J,0.5,0.4166666666666667
632281,BBB,2014J,0.1,0.2
632290,FFF,2014J,0.45,0.15254237288135594
632302,BBB,2014B,0.0,0.0
632305,DDD,2014B,0.0,0.0
632306,FFF,2014B,0.45,0.12
632312,EEE,2014B,0.2,0.6666666666666666
632313,CCC,2014B,0.25,0.16666666666666666
632314,DDD,2014B,0.05,0.07142857142857142
632314,DDD,2014J,0.0,0.0
632316,FFF,2014B,0.4,0.09411764705882353
632339,FFF,2014B,0.7,0.11965811965811966
632363,FFF,2014B,0.1,0.04878048780487805
632365,GGG,2014J,0.15,0.09375
632368,GGG,2014J,0.3,0.6
632378,CCC,2014J,0.15,0.10714285714285714
632379,FFF,2014B,0.15,0.09375
632380,FFF,2014B,0.0,0.0
632389,EEE,2014B,0.7,0.56
632402,FFF,2014B,0.25,0.13157894736842105
632447,BBB,2014B,0.0,0.0
632451,CCC,2014J,0.0,0.0
632454,BBB,2014B,0.0,0.0
632458,FFF,2014J,0.55,0.09649122807017543
632459,CCC,2014B,0.0,0.0
632459,EEE,2014B,0.2,0.13333333333333333
632463,DDD,2014B,0.1,0.2222222222222222
632475,GGG,2014B,0.65,0.65
632482,DDD,2014B,0.05,0.25
632483,GGG,2014B,0.1,0.08333333333333333
632485,GGG,2014B,0.75,0.625
632503,BBB,2014B,0.2,0.07272727272727272
632506,CCC,2014B,0.0,0.0
632512,GGG,2014B,0.4,0.47058823529411764
632513,FFF,2014B,0.55,0.10476190476190476
632514,GGG,2014B,0.15,0.15
632526,GGG,2014B,0.0,0.0
632543,GGG,2014B,0.05,0.045454545454545456
632544,FFF,2014B,0.2,0.04878048780487805
632546,CCC,2014B,0.1,0.18181818181818182
632551,DDD,2014B,0.35,0.18421052631578946
632554,CCC,2014B,0.3,0.13636363636363635
632556,FFF,2014J,0.1,0.0392156862745098
632559,GGG,2014B,0.1,0.0625
632569,GGG,2014B,0.0,0.0
632571,CCC,2014B,0.0,0.0
632575,CCC,2014J,0.35,0.14285714285714285
632577,GGG,2014B,0.5,0.4
632578,BBB,2014B,0.0,0.0
632588,FFF,2014B,0.4,0.09195402298850575
632597,CCC,2014B,0.0,0.0
632597,FFF,2014J,0.0,0.0
632605,BBB,2014J,0.2,0.26666666666666666
632613,GGG,2014B,0.1,0.5
632619,GGG,2014B,0.1,0.3333333333333333
632620,FFF,2014B,0.1,0.0625
632623,FFF,2014B,0.8,0.37209302325581395
632626,EEE,2014J,0.75,0.46875
632632,BBB,2014J,0.35,0.21875
632635,EEE,2014J,0.55,0.4230769230769231
632637,CCC,2014J,0.0,0.0
632638,GGG,2014B,0.0,0.0
632640,GGG,2014B,0.0,0.0
632641,EEE,2014B,0.65,0.4482758620689655
632645,DDD,2014J,0.2,0.06779661016949153
632658,BBB,2014B,0.1,0.25
632667,GGG,2014B,0.0,0.0
632673,GGG,2014B,0.25,0.20833333333333334
632675,GGG,2014B,0.15,0.125
632680,DDD,2014B,0.35,0.0945945945945946
632682,BBB,2014B,0.0,0.0
632687,GGG,2014B,0.05,0.038461538461538464
632691,CCC,2014B,0.3,0.5
632691,FFF,2014B,0.0,0.0
632698,FFF,2014B,0.15,0.1
632700,EEE,2014B,0.5,0.45454545454545453
632704,BBB,2014B,0.1,0.047619047619047616
632705,FFF,2014B,0.1,0.05405405405405406
632709,CCC,2014J,0.15,0.061224489795918366
632712,BBB,2014B,0.0,0.0
632741,DDD,2014B,0.45,0.10227272727272728
632752,BBB,2014B,0.0,0.0
632756,CCC,2014J,0.35,0.12280701754385964
632790,DDD,2014B,0.2,0.06349206349206349
632793,DDD,2014B,0.0,0.0
632800,EEE,2014B,0.55,0.5238095238095238
632823,BBB,2014B,0.0,0.0
632826,FFF,2014J,0.55,0.0990990990990991
632831,DDD,2014J,0.0,0.0
632836,CCC,2014B,0.0,0.0
632836,FFF,2014J,0.65,0.0962962962962963
632840,FFF,2014B,0.0,0.0
632845,DDD,2014B,0.3,0.11764705882352941
632848,FFF,2014B,0.55,0.10891089108910891
632856,CCC,2014B,0.0,0.0
632866,CCC,2014J,0.1,0.058823529411764705
632869,BBB,2014B,0.1,0.18181818181818182
632877,DDD,2014J,0.05,0.015151515151515152
632883,EEE,2014B,0.2,0.23529411764705882
632895,FFF,2014B,0.4,0.21052631578947367
632898,DDD,2014B,0.05,0.3333333333333333
632900,CCC,2014B,0.15,0.21428571428571427
632904,EEE,2014B,0.55,0.34375
632923,FFF,2014B,0.05,1.0
632929,FFF,2014B,0.05,0.025
632936,GGG,2014B,0.05,0.030303030303030304
632947,FFF,2014B,0.1,0.06451612903225806
632950,EEE,2014J,0.85,0.6296296296296297
632955,BBB,2014J,0.3,0.20689655172413793
632959,GGG,2014B,0.1,0.06451612903225806
632966,GGG,2014B,0.0,0.0
632977,EEE,2014B,0.5,0.45454545454545453
632989,GGG,2014B,0.1,0.07692307692307693
632991,FFF,2014B,0.35,0.1
633008,CCC,2014J,0.0,0.0
633008,DDD,2014B,0.05,0.011627906976744186
633024,BBB,2014B,0.1,0.0625
633026,GGG,2014B,0.55,0.4583333333333333
633047,CCC,2014J,0.0,0.0
633047,FFF,2014B,0.1,0.03773584905660377
633060,GGG,2014J,0.0,0.0
633069,CCC,2014J,0.1,0.06896551724137931
633077,FFF,2014B,0.5,0.12345679012345678
633079,FFF,2014J,0.45,0.125
633093,GGG,2014J,0.65,0.37142857142857144
633096,GGG,2014B,0.0,0.0
633098,GGG,2014B,0.05,0.04
633100,FFF,2014B,0.0,0.0
633107,EEE,2014B,0.5,0.4166666666666667
633112,CCC,2014B,0.05,0.03571428571428571
633118,GGG,2014B,0.0,0.0
633123,GGG,2014B,0.0,0.0
633130,BBB,2014B,0.0,0.0
633157,FFF,2014B,0.1,0.15384615384615385
633178,CCC,2014B,0.1,0.13333333333333333
633179,CCC,2014J,0.0,0.0
633179,FFF,2014B,0.4,0.10810810810810811
633193,BBB,2014B,0.2,0.26666666666666666
633198,CCC,2014J,0.0,0.0
633205,FFF,2014B,0.0,0.0
633208,BBB,2014B,0.1,0.25
633209,GGG,2014B,0.0,0.0
633212,BBB,2014B,0.0,0.0
633214,DDD,2014B,0.05,0.125
633219,FFF,2014B,0.3,0.07058823529411765
633221,FFF,2014B,0.55,0.09322033898305085
633228,BBB,2014B,0.05,0.3333333333333333
633238,FFF,2014B,0.35,0.109375
633250,CCC,2014B,0.0,0.0
633256,CCC,2014B,0.1,0.14285714285714285
633257,BBB,2014B,0.0,0.0
633259,EEE,2014B,0.0,0.0
633270,CCC,2014B,0.15,0.09375
633270,EEE,2014B,0.0,0.0
633273,DDD,2014B,0.05,0.16666666666666666
633281,CCC,2014B,0.2,0.13333333333333333
633285,GGG,2014B,0.0,0.0
633292,FFF,2014B,0.05,0.1111111111111111
633295,DDD,2014J,0.05,0.043478260869565216
633303,CCC,2014J,0.0,0.0
633303,FFF,2014B,0.3,0.08695652173913043
633304,EEE,2014B,0.35,0.4117647058823529
633310,CCC,2014B,0.05,0.14285714285714285
633310,EEE,2014B,0.0,0.0
633319,FFF,2014B,0.5,0.10416666666666667
633325,DDD,2014B,0.25,0.13157894736842105
633328,CCC,2014J,0.0,0.0
633328,FFF,2014B,0.65,0.08904109589041095
633331,DDD,2014B,0.0,0.0
633331,DDD,2014J,0.0,0.0
633334,CCC,2014J,0.0,0.0
633334,EEE,2014B,0.25,0.35714285714285715
633341,CCC,2014B,0.0,0.0
633341,DDD,2014B,0.0,0.0
633355,DDD,2014B,0.25,0.10869565217391304
633368,DDD,2014B,0.05,0.029411764705882353
633384,CCC,2014B,0.0,0.0
633384,DDD,2014B,0.0,0.0
633386,BBB,2014B,0.05,0.058823529411764705
633388,FFF,2014B,0.65,0.1625
633389,GGG,2014B,0.0,0.0
633394,BBB,2014B,0.0,0.0
633409,DDD,2014J,0.0,0.0
633411,FFF,2014B,0.0,0.0
633414,DDD,2014J,0.1,0.037037037037037035
633417,GGG,2014B,0.0,0.0
633424,GGG,2014J,0.25,0.20833333333333334
633429,GGG,2014B,0.05,0.030303030303030304
633432,EEE,2014B,0.0,0.0
633447,CCC,2014B,0.2,0.14285714285714285
633453,GGG,2014B,0.0,0.0
633455,EEE,2014B,0.4,0.38095238095238093
633459,GGG,2014B,0.15,0.08571428571428572
633460,CCC,2014B,0.0,0.0
633464,GGG,2014B,0.0,0.0
633467,DDD,2014B,0.1,0.05263157894736842
633472,BBB,2014B,0.05,0.058823529411764705
633474,GGG,2014B,0.0,0.0
633475,DDD,2014J,0.0,0.0
633491,BBB,2014B,0.0,0.0
633493,CCC,2014B,0.2,0.1111111111111111
633498,GGG,2014B,0.0,0.0
633499,BBB,2014B,0.05,0.021739130434782608
633504,CCC,2014J,0.0,0.0
633504,FFF,2014B,0.0,0.0
633505,FFF,2014B,0.15,0.1
633511,CCC,2014J,0.35,0.175
633511,EEE,2014B,0.0,0.0
633514,GGG,2014B,0.1,0.1
633516,FFF,2014J,0.5,0.11363636363636363
633530,EEE,2014B,0.4,0.38095238095238093
633544,CCC,2014J,0.15,0.0967741935483871
633544,EEE,2014B,0.0,0.0
633555,FFF,2014J,0.6,0.1276595744680851
633560,BBB,2014B,0.0,0.0
633561,GGG,2014J,0.15,0.1111111111111111
633568,FFF,2014J,0.15,0.08108108108108109
633570,BBB,2014B,0.0,0.0
633574,DDD,2014J,0.3,0.0967741935483871
633585,GGG,2014B,0.0,0.0
633588,GGG,2014B,0.1,0.08
633590,BBB,2014B,0.0,0.0
633591,DDD,2014B,0.05,0.021739130434782608
633603,BBB,2014B,0.05,0.03125
633605,EEE,2014B,0.2,0.36363636363636365
633608,GGG,2014B,0.05,0.05
633609,GGG,2014B,0.05,0.045454545454545456
633618,CCC,2014J,0.0,0.0
633618,DDD,2014J,0.0,0.0
633625,FFF,2014B,0.05,0.022727272727272728
633634,CCC,2014J,0.0,0.0
633634,EEE,2014B,0.55,0.4583333333333333
633643,GGG,2014B,0.2,0.14814814814814814
633646,BBB,2014B,0.0,0.0
633647,CCC,2014J,0.25,0.09803921568627451
633650,BBB,2014B,0.05,0.058823529411764705
633655,CCC,2014J,0.35,0.14893617021276595
633660,GGG,2014B,0.0,0.0
633666,GGG,2014B,0.05,0.041666666666666664
633669,BBB,2014B,0.05,0.125
633679,CCC,2014B,0.2,0.36363636363636365
633682,GGG,2014B,0.1,0.08
633683,GGG,2014B,0.05,0.058823529411764705
633685,GGG,2014B,0.05,0.027777777777777776
633690,GGG,2014B,0.1,0.06451612903225806
633691,FFF,2014B,0.15,0.1111111111111111
633695,CCC,2014B,0.1,0.08
633695,EEE,2014B,0.0,0.0
633716,EEE,2014B,0.05,0.07692307692307693
633717,FFF,2014B,0.1,0.13333333333333333
633722,CCC,2014B,0.2,0.07547169811320754
633745,FFF,2014B,0.1,0.05714285714285714
633746,CCC,2014J,0.0,0.0
633746,EEE,2014B,0.65,0.4482758620689655
633747,GGG,2014B,0.15,0.09375
633756,FFF,2014B,0.2,0.1
633763,DDD,2014B,0.25,0.11627906976744186
633764,DDD,2014B,0.1,0.08
633773,FFF,2014B,0.2,0.10526315789473684
633818,GGG,2014J,0.15,0.09375
633824,EEE,2014J,0.65,0.43333333333333335
633840,FFF,2014B,0.0,0.0
633857,CCC,2014B,0.3,0.15789473684210525
633864,DDD,2014B,0.1,0.06451612903225806
633867,FFF,2014J,0.25,0.08333333333333333
633902,BBB,2014J,0.55,0.2682926829268293
633914,CCC,2014J,0.25,0.10204081632653061
633914,EEE,2014J,0.0,0.0
633921,DDD,2014B,0.45,0.140625
633923,GGG,2014B,0.1,0.125
633924,FFF,2014B,0.05,0.024390243902439025
633929,BBB,2014B,0.0,0.0
633931,FFF,2014J,0.75,0.1271186440677966
633935,BBB,2014B,0.0,0.0
633942,CCC,2014B,0.05,0.034482758620689655
633949,BBB,2014J,0.35,0.14893617021276595
633956,GGG,2014B,0.0,0.0
633960,CCC,2014J,0.4,0.36363636363636365
633960,DDD,2014B,0.0,0.0
633979,GGG,2014B,0.0,0.0
633983,FFF,2014B,0.1,0.08333333333333333
633987,GGG,2014J,0.05,0.04
633998,CCC,2014B,0.2,0.14814814814814814
633998,EEE,2014B,0.0,0.0
634018,GGG,2014B,0.05,0.03225806451612903
634019,GGG,2014J,0.2,0.14814814814814814
634035,DDD,2014J,0.0,0.0
634037,DDD,2014J,0.1,0.04081632653061224
634047,DDD,2014J,0.15,0.057692307692307696
634057,FFF,2014B,0.0,0.0
634058,BBB,2014B,0.0,0.0
634061,GGG,2014B,0.05,0.045454545454545456
634066,GGG,2014B,0.0,0.0
634070,FFF,2014B,0.55,0.10185185185185185
634075,BBB,2014B,0.1,0.07407407407407407
634076,GGG,2014B,0.0,0.0
634077,BBB,2014B,0.05,0.09090909090909091
634088,FFF,2014J,0.6,0.1518987341772152
634094,DDD,2014B,0.05,0.02702702702702703
634094,EEE,2014J,0.0,0.0
634106,DDD,2014B,0.5,0.16666666666666666
634111,CCC,2014J,0.0,0.0
634111,FFF,2014B,0.25,0.14285714285714285
634114,FFF,2014B,0.05,0.3333333333333333
634114,FFF,2014J,0.0,0.0
634119,CCC,2014J,0.2,0.2
634128,CCC,2014B,0.0,0.0
634139,FFF,2014B,0.25,0.09615384615384616
634155,FFF,2014B,0.35,0.07954545454545454
634157,CCC,2014B,0.45,0.1836734693877551
634164,BBB,2014B,0.05,0.3333333333333333
634165,FFF,2014B,0.4,0.14545454545454545
634167,CCC,2014B,0.1,0.1
634178,DDD,2014B,0.45,0.11688311688311688
634188,BBB,2014B,0.05,0.2
634193,EEE,2014B,0.0,0.0
634200,CCC,2014J,0.0,0.0
634200,FFF,2014B,0.05,0.030303030303030304
634209,FFF,2014B,0.2,0.08
634216,CCC,2014B,0.0,0.0
634216,EEE,2014B,0.65,0.52
634217,CCC,2014B,0.55,0.18032786885245902
634230,BBB,2014B,0.35,0.25925925925925924
634234,GGG,2014B,0.0,0.0
634241,CCC,2014B,0.1,0.06060606060606061
634241,EEE,2014B,0.0,0.0
634245,FFF,2014B,0.25,0.21739130434782608
634246,DDD,2014B,0.1,0.06060606060606061
634247,BBB,2014J,0.1,0.13333333333333333
634258,GGG,2014B,0.05,0.1
634260,FFF,2014B,0.4,0.10810810810810811
634265,BBB,2014B,0.0,0.0
634273,GGG,2014B,0.0,0.0
634280,BBB,2014B,0.05,0.043478260869565216
634286,BBB,2014B,0.1,0.08
634304,BBB,2014B,0.1,0.09090909090909091
634305,DDD,2014J,0.1,0.04
634309,CCC,2014J,0.0,0.0
634309,EEE,2014B,0.7,0.5185185185185185
634316,GGG,2014B,0.05,0.058823529411764705
634318,EEE,2014B,0.1,0.16666666666666666
634320,GGG,2014B,0.0,0.0
634323,GGG,2014B,0.0,0.0
634343,FFF,2014B,0.25,0.053763440860215055
634344,GGG,2014B,0.0,0.0
634345,GGG,2014B,0.0,0.0
634349,FFF,2014B,0.0,0.0
634351,CCC,2014J,0.4,0.2962962962962963
634351,DDD,2014B,0.0,0.0
634365,CCC,2014J,0.55,0.21568627450980393
634367,EEE,2014J,0.75,0.46875
634369,GGG,2014B,0.05,0.05555555555555555
634383,DDD,2014B,0.35,0.08536585365853659
634397,DDD,2014B,0.05,0.1111111111111111
634404,GGG,2014B,0.65,0.48148148148148145
634412,BBB,2014B,0.0,0.0
634414,CCC,2014B,0.15,0.375
634420,CCC,2014J,0.0,0.0
634420,DDD,2014B,0.7,0.1206896551724138
634426,FFF,2014B,0.15,0.0967741935483871
634427,FFF,2014B,0.2,0.11428571428571428
634429,FFF,2014B,0.15,0.07142857142857142
634430,FFF,2014B,0.25,0.15151515151515152
634431,FFF,2014B,0.1,0.05555555555555555
634433,CCC,2014B,0.0,0.0
634435,FFF,2014B,0.15,0.07894736842105263
634444,GGG,2014B,0.05,0.058823529411764705
634461,GGG,2014B,0.0,0.0
634470,GGG,2014B,0.05,0.06666666666666667
634472,BBB,2014B,0.05,0.1111111111111111
634477,BBB,2014B,0.0,0.0
634479,FFF,2014B,0.15,0.10344827586206896
634481,BBB,2014B,0.15,0.3333333333333333
634483,BBB,2014B,0.2,0.06451612903225806
634489,DDD,2014J,0.0,0.0
634491,BBB,2014B,0.1,0.2
634494,GGG,2014B,0.0,0.0
634498,GGG,2014B,0.4,0.34782608695652173
634500,CCC,2014B,0.25,0.125
634500,FFF,2014B,0.0,0.0
634503,GGG,2014B,0.1,0.09523809523809523
634507,CCC,2014B,0.15,0.0967741935483871
634508,DDD,2014B,0.05,0.125
634508,DDD,2014J,0.0,0.0
634512,CCC,2014B,0.0,0.0
634512,FFF,2014J,0.5,0.13513513513513514
634526,FFF,2014J,0.75,0.12605042016806722
634529,GGG,2014B,0.0,0.0
634530,GGG,2014B,0.1,0.07692307692307693
634536,CCC,2014J,0.0,0.0
634536,FFF,2014B,0.15,0.046875
634539,FFF,2014B,0.0,0.0
634547,GGG,2014B,0.0,0.0
634551,GGG,2014B,0.05,0.05263157894736842
634552,CCC,2014J,0.0,0.0
634552,EEE,2014J,0.5,0.5
634569,GGG,2014B,0.7,0.5
634570,CCC,2014B,0.1,0.06451612903225806
634570,EEE,2014B,0.0,0.0
634578,CCC,2014B,0.1,0.16666666666666666
634578,EEE,2014B,0.0,0.0
634583,GGG,2014B,0.05,0.05263157894736842
634589,CCC,2014B,0.3,0.13953488372093023
634596,DDD,2014B,0.3,0.16666666666666666
634600,CCC,2014J,0.0,0.0
634600,EEE,2014B,0.7,0.5384615384615384
634601,FFF,2014J,0.0,0.0
634606,BBB,2014B,0.0,0.0
634616,FFF,2014B,0.35,0.09090909090909091
634618,CCC,2014B,0.25,0.16129032258064516
634635,FFF,2014B,0.2,0.1
634636,BBB,2014J,0.0,0.0
634636,FFF,2014B,0.25,0.13157894736842105
634646,DDD,2014J,0.0,0.0
634648,CCC,2014J,0.0,0.0
634648,DDD,2014B,0.1,0.08
634671,CCC,2014B,0.1,0.06451612903225806
634681,DDD,2014B,0.3,0.11320754716981132
634693,DDD,2014J,0.0,0.0
634715,BBB,2014B,0.15,0.1
634721,CCC,2014J,0.4,0.21052631578947367
634721,EEE,2014J,0.0,0.0
634737,EEE,2014B,0.3,0.42857142857142855
634744,CCC,2014B,0.0,0.0
634744,EEE,2014B,0.05,0.3333333333333333
634746,GGG,2014B,0.05,0.037037037037037035
634749,FFF,2014J,0.55,0.16417910447761194
634751,GGG,2014B,0.05,0.07692307692307693
634772,BBB,2014J,0.6,0.4
634776,EEE,2014J,0.4,0.2962962962962963
634784,FFF,2014B,0.0,0.0
634816,CCC,2014B,0.3,0.13636363636363635
634817,EEE,2014B,0.45,0.391304347826087
634820,FFF,2014B,0.2,0.13333333333333333
634824,CCC,2014J,0.0,0.0
634824,DDD,2014B,0.3,0.12
634833,BBB,2014B,0.05,0.05
634848,GGG,2014B,0.0,0.0
634851,BBB,2014B,0.0,0.0
634853,CCC,2014B,0.45,0.1956521739130435
634859,FFF,2014B,0.2,0.19047619047619047
634862,CCC,2014B,0.05,0.03125
634862,EEE,2014B,0.0,0.0
634869,EEE,2014B,0.6,0.4444444444444444
634876,BBB,2014B,0.0,0.0
634878,CCC,2014B,0.05,0.09090909090909091
634879,EEE,2014J,0.75,0.4411764705882353
634905,DDD,2014B,0.2,0.12903225806451613
634909,DDD,2014B,0.05,0.2
634919,FFF,2014B,0.05,0.047619047619047616
634924,FFF,2014B,0.8,0.16666666666666666
634928,BBB,2014B,0.0,0.0
634940,EEE,2014J,0.7,0.5833333333333334
634944,BBB,2014B,0.0,0.0
634966,DDD,2014J,0.0,0.0
634976,BBB,2014B,0.0,0.0
634986,GGG,2014B,0.15,0.0967741935483871
634999,FFF,2014B,0.3,0.08571428571428572
635011,BBB,2014B,0.25,0.625
635034,CCC,2014B,0.0,0.0
635034,FFF,2014B,0.05,0.041666666666666664
635035,GGG,2014B,0.0,0.0
635041,EEE,2014B,0.0,0.0
635043,CCC,2014B,0.05,0.047619047619047616
635043,EEE,2014B,0.0,0.0
635052,GGG,2014B,0.05,0.1111111111111111
635058,DDD,2014B,0.45,0.12
635100,DDD,2014B,0.0,0.0
635109,CCC,2014B,0.0,0.0
635109,EEE,2014B,0.35,0.4375
635113,BBB,2014B,0.15,0.42857142857142855
635122,BBB,2014B,0.0,0.0
635136,BBB,2014B,0.25,0.19230769230769232
635141,DDD,2014B,0.3,0.16216216216216217
635170,DDD,2014J,0.1,0.05405405405405406
635173,BBB,2014B,0.0,0.0
635184,FFF,2014J,0.25,0.11904761904761904
635228,BBB,2014B,0.0,0.0
635230,BBB,2014B,0.0,0.0
635233,GGG,2014B,0.05,0.125
635241,BBB,2014B,0.4,0.2857142857142857
635244,BBB,2014B,0.1,0.2
635246,BBB,2014B,0.0,0.0
635247,BBB,2014B,0.2,0.17391304347826086
635255,DDD,2014J,0.0,0.0
635279,GGG,2014J,0.15,0.2
635325,EEE,2014J,0.5,0.5263157894736842
635328,BBB,2014J,0.0,0.0
635334,GGG,2014J,0.05,0.045454545454545456
635410,CCC,2014J,0.0,0.0
635410,FFF,2014J,0.0,0.0
635416,CCC,2014B,0.35,0.1346153846153846
635418,DDD,2014J,0.05,0.0196078431372549
635433,BBB,2014B,0.05,0.125
635435,BBB,2014B,0.0,0.0
635452,BBB,2014J,0.65,0.29545454545454547
635473,BBB,2014B,0.0,0.0
635506,GGG,2014B,0.0,0.0
635515,CCC,2014B,0.0,0.0
635515,EEE,2014B,0.05,0.3333333333333333
635561,BBB,2014J,0.0,0.0
635564,EEE,2014J,0.55,0.4074074074074074
635573,CCC,2014J,0.0,0.0
635591,BBB,2014B,0.15,0.075
635703,GGG,2014J,0.15,0.15
635711,CCC,2014J,0.4,0.1702127659574468
635719,GGG,2014J,0.25,0.14705882352941177
635720,EEE,2014J,0.7,0.56
635751,FFF,2014J,0.4,0.16
635755,BBB,2014B,0.2,0.12121212121212122
635761,BBB,2014B,0.0,0.0
635764,BBB,2014B,0.0,0.0
635771,BBB,2014B,0.15,0.3
635773,BBB,2014B,0.0,0.0
635774,BBB,2014B,0.05,0.02857142857142857
635777,BBB,2014J,0.7,0.3111111111111111
635779,GGG,2014J,0.15,0.10344827586206896
635788,BBB,2014B,0.1,0.03773584905660377
635795,FFF,2014J,0.3,0.04477611940298507
635802,CCC,2014J,0.0,0.0
635813,GGG,2014B,0.0,0.0
635885,GGG,2014B,0.0,0.0
635890,BBB,2014J,0.35,0.3888888888888889
635903,FFF,2014J,0.05,0.043478260869565216
635921,BBB,2014J,0.0,0.0
635924,BBB,2014J,0.4,0.21052631578947367
635953,EEE,2014J,0.8,0.5517241379310345
635972,GGG,2014J,0.4,0.38095238095238093
635985,FFF,2014J,0.0,0.0
635988,GGG,2014J,0.0,0.0
635992,DDD,2014J,0.2,0.06153846153846154
636000,CCC,2014J,0.0,0.0
636018,GGG,2014J,0.0,0.0
636124,CCC,2014J,0.05,0.023809523809523808
636124,EEE,2014J,0.0,0.0
636243,DDD,2014J,0.0,0.0
636282,GGG,2014J,0.05,0.06666666666666667
636283,GGG,2014J,0.4,0.4444444444444444
636302,BBB,2014J,0.7,0.3111111111111111
636314,FFF,2014J,0.5,0.12195121951219512
636364,CCC,2014J,0.0,0.0
636364,DDD,2014J,0.0,0.0
636387,CCC,2014J,0.3,0.15384615384615385
636400,FFF,2014J,0.35,0.1044776119402985
636408,FFF,2014J,0.05,0.037037037037037035
636422,CCC,2014J,0.3,0.12
636443,EEE,2014J,0.45,0.5625
636451,DDD,2014J,0.05,0.019230769230769232
636464,GGG,2014J,0.25,0.18518518518518517
636467,EEE,2014J,0.6,0.36363636363636365
636469,FFF,2014J,0.5,0.16666666666666666
636484,DDD,2014J,0.05,0.038461538461538464
636503,DDD,2014J,0.05,0.037037037037037035
636525,BBB,2014J,0.05,0.03225806451612903
636547,FFF,2014J,0.05,0.022727272727272728
636554,GGG,2014J,0.7,0.42424242424242425
636565,FFF,2014J,0.1,0.06451612903225806
636594,DDD,2014J,0.0,0.0
636656,FFF,2014J,0.35,0.14583333333333334
636697,DDD,2014J,0.15,0.09375
636704,FFF,2014J,0.35,0.21212121212121213
636716,CCC,2014J,0.1,0.4
636732,CCC,2014J,0.0,0.0
636783,CCC,2014J,0.0,0.0
636783,FFF,2014J,0.5,0.20408163265306123
636830,FFF,2014J,0.35,0.08860759493670886
636832,FFF,2014J,0.6,0.1411764705882353
636875,DDD,2014J,0.05,0.05555555555555555
636996,CCC,2014J,0.3,0.17647058823529413
636996,EEE,2014J,0.0,0.0
637003,BBB,2014J,0.5,0.30303030303030304
637004,FFF,2014J,0.4,0.11940298507462686
637063,BBB,2014J,0.55,0.2682926829268293
637064,DDD,2014J,0.0,0.0
637067,GGG,2014J,0.1,0.15384615384615385
637070,CCC,2014J,0.15,0.06382978723404255
637089,FFF,2014J,0.0,0.0
637123,EEE,2014J,0.55,0.44
637203,GGG,2014J,0.6,0.48
637206,GGG,2014J,0.15,0.12
637238,BBB,2014J,0.65,0.25
637279,BBB,2014J,0.25,0.21739130434782608
637280,GGG,2014J,0.1,0.06666666666666667
637347,DDD,2014J,0.1,0.15384615384615385
637348,BBB,2014J,0.0,0.0
637358,FFF,2014J,0.25,0.10638297872340426
637370,BBB,2014J,0.65,0.29545454545454547
637374,DDD,2014J,0.0,0.0
637382,BBB,2014J,0.0,0.0
637388,BBB,2014J,0.45,0.23684210526315788
637401,EEE,2014J,0.65,0.6842105263157895
637414,BBB,2014J,0.4,0.2222222222222222
637468,GGG,2014J,0.05,0.041666666666666664
637473,DDD,2014J,0.25,0.06756756756756757
637476,GGG,2014J,0.2,0.14285714285714285
637496,GGG,2014J,0.15,0.13043478260869565
637509,FFF,2014J,0.0,0.0
637514,FFF,2014J,0.05,0.0625
637582,FFF,2014J,0.35,0.109375
637586,BBB,2014J,0.45,0.24324324324324326
637621,GGG,2014J,0.3,0.17647058823529413
637624,EEE,2014J,0.4,0.32
637665,AAA,2014J,0.85,0.5151515151515151
637691,CCC,2014J,0.2,0.12121212121212122
637691,DDD,2014J,0.0,0.0
637708,CCC,2014J,0.0,0.0
637708,FFF,2014J,0.6,0.15789473684210525
637715,BBB,2014J,0.2,0.09523809523809523
637722,GGG,2014J,0.1,0.08695652173913043
637754,CCC,2014J,0.2,0.08333333333333333
637810,BBB,2014J,0.15,0.15
637815,BBB,2014J,0.75,0.25862068965517243
637820,BBB,2014J,0.1,0.11764705882352941
637867,BBB,2014J,0.0,0.0
637903,BBB,2014J,0.05,0.09090909090909091
637906,FFF,2014J,0.3,0.14285714285714285
637939,FFF,2014J,0.1,0.125
637980,FFF,2014J,0.5,0.14705882352941177
637993,GGG,2014J,0.25,0.8333333333333334
638007,GGG,2014J,0.25,0.125
638018,CCC,2014J,0.0,0.0
638018,EEE,2014J,0.35,0.3888888888888889
638034,FFF,2014J,0.45,0.08737864077669903
638036,BBB,2014J,0.2,0.3333333333333333
638051,DDD,2014J,0.05,0.09090909090909091
638092,GGG,2014J,0.05,0.3333333333333333
638202,DDD,2014J,0.0,0.0
638228,GGG,2014J,0.45,0.2903225806451613
638254,CCC,2014J,0.0,0.0
638257,EEE,2014J,0.2,0.4444444444444444
638384,DDD,2014J,0.05,0.017857142857142856
638388,FFF,2014J,0.4,0.1568627450980392
638411,FFF,2014J,0.8,0.10666666666666667
638498,FFF,2014J,0.4,0.14814814814814814
638503,GGG,2014J,0.3,0.42857142857142855
638515,FFF,2014J,0.3,0.11764705882352941
638516,BBB,2014J,0.9,0.3157894736842105
638544,BBB,2014J,0.0,0.0
638604,EEE,2014J,0.75,0.625
638625,FFF,2014J,0.65,0.1111111111111111
638655,FFF,2014J,0.55,0.171875
638677,FFF,2014J,0.05,0.037037037037037035
638699,GGG,2014J,0.05,0.07692307692307693
638756,BBB,2014J,0.0,0.0
638771,CCC,2014J,0.25,0.10204081632653061
638831,FFF,2014J,0.35,0.0945945945945946
638970,EEE,2014J,0.2,0.5
638997,BBB,2014J,0.5,0.2857142857142857
639012,CCC,2014J,0.0,0.0
639012,EEE,2014J,0.45,0.3
639028,FFF,2014J,0.65,0.14444444444444443
639053,AAA,2014J,0.1,0.4
639181,GGG,2014J,0.2,0.13793103448275862
639194,EEE,2014J,0.45,0.5294117647058824
639231,FFF,2014J,0.25,0.11363636363636363
639234,FFF,2014J,0.3,0.2222222222222222
639238,FFF,2014J,0.0,0.0
639243,EEE,2014J,0.3,0.5454545454545454
639251,GGG,2014J,0.25,0.125
639253,EEE,2014J,0.8,0.4
639461,GGG,2014J,0.1,0.15384615384615385
639514,DDD,2014J,0.1,0.031746031746031744
639522,FFF,2014J,0.25,0.09433962264150944
639663,BBB,2014J,0.1,0.11764705882352941
639724,BBB,2014J,0.3,0.1935483870967742
639766,DDD,2014J,0.05,0.015151515151515152
640098,FFF,2014J,0.3,0.075
640178,DDD,2014J,0.25,0.08064516129032258
640225,BBB,2014J,0.25,0.18518518518518517
640278,FFF,2014J,0.85,0.10828025477707007
640289,BBB,2014J,0.0,0.0
640307,EEE,2014J,0.55,0.5
640329,FFF,2014J,0.45,0.10975609756097561
640425,BBB,2014J,0.15,0.21428571428571427
640429,FFF,2014J,0.35,0.12280701754385964
640439,EEE,2014J,0.2,0.3333333333333333
640455,BBB,2014J,0.05,0.08333333333333333
640505,GGG,2014J,0.3,0.21428571428571427
640701,BBB,2014J,0.05,0.07142857142857142
640706,BBB,2014J,0.0,0.0
640711,FFF,2014J,0.6,0.19047619047619047
640752,FFF,2014J,0.45,0.13043478260869565
640753,BBB,2014J,0.0,0.0
640773,CCC,2014J,0.0,0.0
640773,DDD,2014J,0.05,0.023809523809523808
640836,DDD,2014J,0.1,0.06896551724137931
640848,FFF,2014J,0.4,0.12698412698412698
640892,FFF,2014J,0.7,0.1414141414141414
640913,FFF,2014J,0.15,0.05
640927,FFF,2014J,0.75,0.15306122448979592
640942,DDD,2014J,0.2,0.04938271604938271
640975,DDD,2014J,0.25,0.056818181818181816
640982,DDD,2014J,0.1,0.045454545454545456
640995,GGG,2014J,0.05,0.09090909090909091
641073,GGG,2014J,0.0,0.0
641085,FFF,2014J,0.0,0.0
641112,GGG,2014J,0.55,0.4074074074074074
641116,EEE,2014J,0.7,0.4827586206896552
641134,GGG,2014J,0.0,0.0
641137,FFF,2014J,0.7,0.1037037037037037
641200,EEE,2014J,0.6,0.6666666666666666
641253,DDD,2014J,0.15,0.045454545454545456
641309,FFF,2014J,0.45,0.1267605633802817
641311,FFF,2014J,0.75,0.13513513513513514
641315,DDD,2014J,0.1,0.03076923076923077
641329,BBB,2014J,0.2,0.2
641347,CCC,2014J,0.0,0.0
641363,CCC,2014J,0.25,0.4166666666666667
641363,FFF,2014J,0.0,0.0
641401,FFF,2014J,0.25,0.078125
641433,FFF,2014J,0.0,0.0
641434,GGG,2014J,0.1,0.08
641452,GGG,2014J,0.05,0.1111111111111111
641461,FFF,2014J,0.45,0.1836734693877551
641470,FFF,2014J,0.0,0.0
641535,GGG,2014J,0.0,0.0
641547,FFF,2014J,0.1,0.0392156862745098
641566,EEE,2014J,0.6,0.4444444444444444
641569,EEE,2014J,0.5,0.5263157894736842
641609,DDD,2014J,0.0,0.0
641616,BBB,2014J,0.15,0.1111111111111111
641696,CCC,2014J,0.05,0.029411764705882353
641744,DDD,2014J,0.05,0.012658227848101266
641804,CCC,2014J,0.1,0.15384615384615385
641817,EEE,2014J,0.05,1.0
641840,BBB,2014J,0.2,0.125
641864,FFF,2014J,0.6,0.13043478260869565
641896,DDD,2014J,0.1,0.045454545454545456
641899,EEE,2014J,0.7,0.5384615384615384
641914,FFF,2014J,0.75,0.13043478260869565
642029,FFF,2014J,0.3,0.13333333333333333
642056,FFF,2014J,0.05,0.01694915254237288
642066,EEE,2014J,0.2,0.8
642067,BBB,2014J,0.25,0.1388888888888889
642075,BBB,2014J,0.0,0.0
642083,BBB,2014J,0.4,0.22857142857142856
642122,BBB,2014J,0.1,0.2
642139,DDD,2014J,0.0,0.0
642181,GGG,2014J,0.15,0.15
642196,GGG,2014J,0.2,0.5714285714285714
642201,BBB,2014J,0.1,0.10526315789473684
642250,BBB,2014J,0.35,0.21875
642291,CCC,2014J,0.0,0.0
642310,DDD,2014J,0.0,0.0
642342,EEE,2014J,0.65,0.43333333333333335
642375,FFF,2014J,0.55,0.1746031746031746
642396,EEE,2014J,0.25,0.2631578947368421
642405,BBB,2014J,0.4,0.24242424242424243
642413,BBB,2014J,0.25,0.20833333333333334
642439,BBB,2014J,0.05,0.16666666666666666
642443,DDD,2014J,0.05,0.02040816326530612
642448,FFF,2014J,0.4,0.17777777777777778
642449,FFF,2014J,0.65,0.15294117647058825
642474,DDD,2014J,0.0,0.0
642493,FFF,2014J,0.3,0.15
642498,FFF,2014J,0.35,0.175
642501,DDD,2014J,0.05,0.013333333333333334
642512,EEE,2014J,0.05,0.5
642528,GGG,2014J,0.15,0.15
642550,BBB,2014J,0.55,0.275
642551,FFF,2014J,0.6,0.09090909090909091
642561,GGG,2014J,0.3,0.2222222222222222
642591,CCC,2014J,0.0,0.0
642591,EEE,2014J,0.65,0.4482758620689655
642595,BBB,2014J,0.65,0.2549019607843137
642600,BBB,2014J,0.15,0.21428571428571427
642625,DDD,2014J,0.0,0.0
642656,EEE,2014J,0.65,0.4482758620689655
642694,GGG,2014J,0.3,0.24
642698,BBB,2014J,0.5,0.2777777777777778
642740,FFF,2014J,0.7,0.09655172413793103
642750,FFF,2014J,0.65,0.10569105691056911
642817,CCC,2014J,0.05,0.043478260869565216
642821,GGG,2014J,0.45,0.391304347826087
642834,BBB,2014J,0.4,0.27586206896551724
642838,CCC,2014J,0.0,0.0
642838,DDD,2014J,0.0,0.0
642839,EEE,2014J,0.4,0.5
642840,FFF,2014J,0.05,0.16666666666666666
642843,FFF,2014J,0.65,0.10743801652892562
642850,CCC,2014J,0.0,0.0
642851,GGG,2014J,0.55,0.4782608695652174
642872,FFF,2014J,0.5,0.13513513513513514
642879,GGG,2014J,0.45,0.23684210526315788
642883,GGG,2014J,0.0,0.0
642900,GGG,2014J,0.0,0.0
642902,CCC,2014J,0.25,0.11627906976744186
642905,GGG,2014J,0.25,0.17857142857142858
642909,FFF,2014J,0.25,0.15625
642949,GGG,2014J,0.2,0.17391304347826086
642953,GGG,2014J,0.65,0.48148148148148145
642968,GGG,2014J,0.05,0.0625
642989,GGG,2014J,0.2,0.12903225806451613
643006,DDD,2014J,0.15,0.04225352112676056
643036,DDD,2014J,0.0,0.0
643069,FFF,2014J,0.5,0.1388888888888889
643077,EEE,2014J,0.8,0.5333333333333333
643118,EEE,2014J,0.8,0.5517241379310345
643126,DDD,2014J,0.1,0.028985507246376812
643168,EEE,2014J,0.5,0.47619047619047616
643172,BBB,2014J,0.65,0.3170731707317073
643199,CCC,2014J,0.0,0.0
643199,DDD,2014J,0.0,0.0
643202,FFF,2014J,0.6,0.13636363636363635
643206,GGG,2014J,0.1,0.15384615384615385
643208,BBB,2014J,0.7,0.358974358974359
643220,FFF,2014J,0.05,0.023809523809523808
643230,DDD,2014J,0.0,0.0
643267,EEE,2014J,0.6,0.5
643270,EEE,2014J,0.5,0.625
643273,FFF,2014J,0.5,0.1694915254237288
643280,DDD,2014J,0.15,0.07894736842105263
643285,DDD,2014J,0.1,0.0425531914893617
643321,BBB,2014J,0.65,0.24528301886792453
643323,GGG,2014J,0.2,0.15384615384615385
643326,FFF,2014J,0.6,0.1276595744680851
643354,BBB,2014J,0.4,0.34782608695652173
643372,FFF,2014J,0.0,0.0
643403,CCC,2014J,0.15,0.046875
643404,CCC,2014J,0.0,0.0
643404,EEE,2014J,0.5,0.625
643406,GGG,2014J,0.1,0.07692307692307693
643416,EEE,2014J,0.55,0.5
643434,CCC,2014J,0.0,0.0
643434,EEE,2014J,0.3,0.5
643457,EEE,2014J,0.2,0.2222222222222222
643466,FFF,2014J,0.55,0.1896551724137931
643477,FFF,2014J,0.65,0.13131313131313133
643481,EEE,2014J,0.5,0.47619047619047616
643484,EEE,2014J,0.4,0.47058823529411764
643496,FFF,2014J,0.55,0.2
643502,FFF,2014J,0.45,0.19148936170212766
643510,EEE,2014J,0.65,0.4482758620689655
643514,EEE,2014J,0.9,0.3829787234042553
643529,GGG,2014J,0.0,0.0
643531,EEE,2014J,0.6,0.5714285714285714
643568,CCC,2014J,0.05,0.03125
643587,BBB,2014J,0.5,0.23809523809523808
643591,FFF,2014J,0.3,0.125
643619,GGG,2014J,0.65,0.4482758620689655
643653,FFF,2014J,0.25,0.11363636363636363
643659,GGG,2014J,0.0,0.0
643672,GGG,2014J,0.05,0.045454545454545456
643696,FFF,2014J,0.2,0.23529411764705882
643705,EEE,2014J,0.7,0.4666666666666667
643729,DDD,2014J,0.2,0.06666666666666667
643751,FFF,2014J,0.8,0.11851851851851852
643754,FFF,2014J,0.7,0.17073170731707318
643757,FFF,2014J,0.15,0.13636363636363635
643758,CCC,2014J,0.0,0.0
643758,DDD,2014J,0.05,0.041666666666666664
643770,CCC,2014J,0.0,0.0
643770,EEE,2014J,0.55,0.5789473684210527
643771,EEE,2014J,0.75,0.5172413793103449
643953,BBB,2014J,0.05,0.5
643970,GGG,2014J,0.3,0.1935483870967742
643986,BBB,2014J,0.3,0.15789473684210525
644025,FFF,2014J,0.5,0.12658227848101267
644061,GGG,2014J,0.05,0.05263157894736842
644069,BBB,2014J,0.05,0.14285714285714285
644072,EEE,2014J,0.8,0.64
644093,CCC,2014J,0.3,0.1276595744680851
644101,BBB,2014J,0.35,0.35
644105,GGG,2014J,0.05,0.14285714285714285
644113,EEE,2014J,0.65,0.5
644144,GGG,2014J,0.15,0.08823529411764706
644160,GGG,2014J,0.15,0.13636363636363635
644164,BBB,2014J,0.45,0.19148936170212766
644172,BBB,2014J,0.4,0.2
644188,GGG,2014J,0.0,0.0
644210,FFF,2014J,0.45,0.16071428571428573
644226,GGG,2014J,0.5,0.5555555555555556
644229,DDD,2014J,0.05,0.03225806451612903
644242,CCC,2014J,0.35,0.13725490196078433
644246,CCC,2014J,0.25,0.10869565217391304
644246,EEE,2014J,0.0,0.0
644252,GGG,2014J,0.0,0.0
644301,GGG,2014J,0.65,0.38235294117647056
644310,DDD,2014J,0.0,0.0
644343,FFF,2014J,0.45,0.1875
644361,FFF,2014J,0.6,0.15384615384615385
644362,BBB,2014J,0.5,0.23809523809523808
644369,CCC,2014J,0.05,0.045454545454545456
644369,FFF,2014J,0.0,0.0
644384,GGG,2014J,0.15,0.1
644409,DDD,2014J,0.15,0.046875
644416,CCC,2014J,0.3,0.2
644430,FFF,2014J,0.0,0.0
644441,GGG,2014J,0.05,0.0625
644450,FFF,2014J,0.8,0.12598425196850394
644457,DDD,2014J,0.05,0.02702702702702703
644470,GGG,2014J,0.1,0.07692307692307693
644474,DDD,2014J,0.05,0.01282051282051282
644480,CCC,2014J,0.0,0.0
644480,EEE,2014J,0.6,0.48
644484,BBB,2014J,0.65,0.2708333333333333
644508,FFF,2014J,0.45,0.20930232558139536
644514,EEE,2014J,0.75,0.46875
644525,DDD,2014J,0.2,0.05405405405405406
644599,BBB,2014J,0.0,0.0
644742,EEE,2014J,0.7,0.56
644743,GGG,2014J,0.1,0.11764705882352941
644761,FFF,2014J,0.4,0.1509433962264151
644784,FFF,2014J,0.6,0.1935483870967742
644791,FFF,2014J,0.65,0.1511627906976744
644793,BBB,2014J,0.4,0.26666666666666666
644794,EEE,2014J,0.25,0.2777777777777778
644818,FFF,2014J,0.5,0.1694915254237288
644822,BBB,2014J,0.2,0.14814814814814814
644828,CCC,2014J,0.0,0.0
644847,FFF,2014J,0.55,0.15492957746478872
644848,CCC,2014J,0.0,0.0
644863,BBB,2014J,0.1,0.13333333333333333
644904,GGG,2014J,0.25,0.15151515151515152
644936,FFF,2014J,0.55,0.16666666666666666
644951,CCC,2014J,0.0,0.0
644956,DDD,2014J,0.0,0.0
644964,DDD,2014J,0.1,0.04081632653061224
644974,CCC,2014J,0.0,0.0
644974,FFF,2014J,0.0,0.0
644990,GGG,2014J,0.2,0.14814814814814814
644993,BBB,2014J,0.55,0.24444444444444444
645003,FFF,2014J,0.05,0.043478260869565216
645020,FFF,2014J,0.35,0.17073170731707318
645031,DDD,2014J,0.05,0.03571428571428571
645042,BBB,2014J,0.05,0.1111111111111111
645047,BBB,2014J,0.55,0.28205128205128205
645054,DDD,2014J,0.0,0.0
645078,FFF,2014J,0.6,0.16216216216216217
645081,DDD,2014J,0.05,0.0196078431372549
645098,BBB,2014J,0.55,0.22
645124,CCC,2014J,0.1,0.06451612903225806
645126,EEE,2014J,0.65,0.6190476190476191
645144,CCC,2014J,0.35,0.125
645145,FFF,2014J,0.0,0.0
645147,DDD,2014J,0.0,0.0
645157,GGG,2014J,0.2,0.18181818181818182
645170,EEE,2014J,0.6,0.5714285714285714
645174,CCC,2014J,0.0,0.0
645183,BBB,2014J,0.0,0.0
645216,CCC,2014J,0.05,0.05
645219,DDD,2014J,0.2,0.05970149253731343
645231,GGG,2014J,0.05,0.0625
645232,GGG,2014J,0.0,0.0
645248,BBB,2014J,0.05,0.16666666666666666
645256,BBB,2014J,0.1,0.06666666666666667
645319,EEE,2014J,0.6,0.46153846153846156
645326,GGG,2014J,0.15,0.13636363636363635
645334,CCC,2014J,0.0,0.0
645359,BBB,2014J,0.35,0.25
645369,CCC,2014J,0.3,0.17142857142857143
645370,BBB,2014J,0.3,0.3157894736842105
645377,GGG,2014J,0.15,0.0967741935483871
645405,FFF,2014J,0.5,0.13333333333333333
645420,BBB,2014J,0.05,0.25
645425,DDD,2014J,0.0,0.0
645433,FFF,2014J,0.05,0.058823529411764705
645434,DDD,2014J,0.05,0.014084507042253521
645451,EEE,2014J,0.8,0.47058823529411764
645496,FFF,2014J,0.4,0.18604651162790697
645499,DDD,2014J,0.05,0.02702702702702703
645518,FFF,2014J,0.45,0.17307692307692307
645542,EEE,2014J,0.55,0.4583333333333333
645551,DDD,2014J,0.05,0.0196078431372549
645557,EEE,2014J,0.15,1.0
645586,CCC,2014J,0.0,0.0
645586,FFF,2014J,0.2,0.05128205128205128
645607,GGG,2014J,0.15,0.11538461538461539
645639,BBB,2014J,0.0,0.0
645678,BBB,2014J,0.3,0.18181818181818182
645698,CCC,2014J,0.0,0.0
645705,FFF,2014J,0.25,0.07462686567164178
645730,GGG,2014J,0.15,0.12
645732,FFF,2014J,0.25,0.15625
645753,BBB,2014J,0.05,0.1
645770,CCC,2014J,0.4,0.2
645784,FFF,2014J,0.55,0.09649122807017543
645792,CCC,2014J,0.0,0.0
645792,DDD,2014J,0.25,0.07575757575757576
645801,GGG,2014J,0.35,0.22580645161290322
645818,DDD,2014J,0.1,0.03773584905660377
645831,EEE,2014J,0.55,0.4074074074074074
645835,CCC,2014J,0.05,0.08333333333333333
645840,FFF,2014J,0.6,0.09090909090909091
645847,EEE,2014J,0.35,0.5833333333333334
645864,DDD,2014J,0.0,0.0
645876,GGG,2014J,0.25,0.19230769230769232
645880,FFF,2014J,0.5,0.18181818181818182
645889,EEE,2014J,0.2,0.3076923076923077
645928,GGG,2014J,0.0,0.0
645939,DDD,2014J,0.25,0.06756756756756757
645948,CCC,2014J,0.0,0.0
645948,FFF,2014J,0.0,0.0
645950,BBB,2014J,0.4,0.2962962962962963
645960,FFF,2014J,0.35,0.15217391304347827
645962,DDD,2014J,0.0,0.0
645969,GGG,2014J,0.15,0.13043478260869565
645997,FFF,2014J,0.6,0.1111111111111111
646004,BBB,2014J,0.2,0.25
646005,EEE,2014J,0.6,0.46153846153846156
646006,DDD,2014J,0.05,0.03225806451612903
646015,FFF,2014J,0.4,0.125
646017,FFF,2014J,0.45,0.14285714285714285
646040,EEE,2014J,0.65,0.5909090909090909
646053,FFF,2014J,0.5,0.14705882352941177
646063,BBB,2014J,0.25,0.17857142857142858
646070,EEE,2014J,0.7,0.6086956521739131
646071,CCC,2014J,0.3,0.1875
646071,EEE,2014J,0.0,0.0
646074,FFF,2014J,0.65,0.17105263157894737
646085,FFF,2014J,0.5,0.15151515151515152
646090,DDD,2014J,0.3,0.08571428571428572
646097,EEE,2014J,0.25,0.45454545454545453
646109,EEE,2014J,0.15,0.5
646119,BBB,2014J,0.35,0.23333333333333334
646131,GGG,2014J,0.15,0.14285714285714285
646138,FFF,2014J,0.15,0.07142857142857142
646169,GGG,2014J,0.1,0.1111111111111111
646173,CCC,2014J,0.0,0.0
646178,BBB,2014J,0.0,0.0
646184,EEE,2014J,0.7,0.4117647058823529
646197,EEE,2014J,0.75,0.5
646202,BBB,2014J,0.45,0.2647058823529412
646260,BBB,2014J,0.2,0.23529411764705882
646313,FFF,2014J,0.55,0.10891089108910891
646322,DDD,2014J,0.15,0.03896103896103896
646342,GGG,2014J,0.25,0.5
646344,DDD,2014J,0.0,0.0
646351,CCC,2014J,0.2,0.09523809523809523
646357,FFF,2014J,0.55,0.14473684210526316
646359,DDD,2014J,0.05,0.034482758620689655
646361,EEE,2014J,0.65,0.3939393939393939
646363,CCC,2014J,0.0,0.0
646363,EEE,2014J,0.0,0.0
646367,GGG,2014J,0.25,0.1724137931034483
646402,FFF,2014J,0.35,0.14
646406,CCC,2014J,0.25,0.1111111111111111
646413,CCC,2014J,0.15,0.2727272727272727
646415,BBB,2014J,0.4,0.38095238095238093
646418,BBB,2014J,0.2,0.3333333333333333
646430,GGG,2014J,0.05,0.043478260869565216
646432,GGG,2014J,0.15,0.2727272727272727
646460,FFF,2014J,0.5,0.14492753623188406
646481,CCC,2014J,0.2,0.21052631578947367
646482,BBB,2014J,0.35,0.25
646484,BBB,2014J,0.65,0.29545454545454547
646489,DDD,2014J,0.0,0.0
646502,EEE,2014J,0.5,0.43478260869565216
646508,GGG,2014J,0.6,0.5217391304347826
646520,EEE,2014J,0.85,0.5666666666666667
646539,FFF,2014J,0.6,0.1875
646540,FFF,2014J,0.4,0.09876543209876543
646547,EEE,2014J,0.25,0.38461538461538464
646551,FFF,2014J,0.4,0.11428571428571428
646553,CCC,2014J,0.0,0.0
646572,GGG,2014J,0.3,0.2
646576,GGG,2014J,0.2,0.125
646579,BBB,2014J,0.7,0.35
646581,EEE,2014J,0.5,0.8333333333333334
646589,CCC,2014J,0.25,0.22727272727272727
646589,DDD,2014J,0.0,0.0
646618,BBB,2014J,0.5,0.20833333333333334
646638,FFF,2014J,0.15,0.07692307692307693
646659,BBB,2014J,0.25,0.29411764705882354
646670,FFF,2014J,0.55,0.14285714285714285
646685,GGG,2014J,0.0,0.0
646691,BBB,2014J,0.0,0.0
646700,DDD,2014J,0.0,0.0
646729,GGG,2014J,0.2,0.16666666666666666
646734,FFF,2014J,0.0,0.0
646750,FFF,2014J,0.35,0.13725490196078433
646776,BBB,2014J,0.0,0.0
646778,FFF,2014J,0.45,0.1875
646781,BBB,2014J,0.2,0.21052631578947367
646798,BBB,2014J,0.25,0.2
646807,FFF,2014J,0.1,0.07407407407407407
646815,EEE,2014J,0.2,0.36363636363636365
646836,DDD,2014J,0.0,0.0
646841,EEE,2014J,0.3,1.0
646844,BBB,2014J,0.7,0.3783783783783784
646852,BBB,2014J,0.3,0.3333333333333333
646857,GGG,2014J,0.1,0.07692307692307693
646901,BBB,2014J,0.0,0.0
646903,EEE,2014J,0.65,0.5
646905,GGG,2014J,0.0,0.0
646952,DDD,2014J,0.0,0.0
646953,GGG,2014J,0.15,0.2
646957,DDD,2014J,0.0,0.0
646990,FFF,2014J,0.45,0.13043478260869565
646998,CCC,2014J,0.15,0.13043478260869565
646998,EEE,2014J,0.0,0.0
647040,FFF,2014J,0.35,0.09859154929577464
647043,EEE,2014J,0.9,0.5806451612903226
647054,GGG,2014J,0.05,0.058823529411764705
647056,BBB,2014J,0.6,0.2857142857142857
647067,GGG,2014J,0.0,0.0
647083,CCC,2014J,0.0,0.0
647083,EEE,2014J,0.25,0.38461538461538464
647102,GGG,2014J,0.05,0.037037037037037035
647148,CCC,2014J,0.0,0.0
647148,EEE,2014J,0.5,0.625
647154,FFF,2014J,0.15,0.061224489795918366
647166,DDD,2014J,0.05,0.017857142857142856
647169,FFF,2014J,0.4,0.09876543209876543
647179,EEE,2014J,0.05,0.14285714285714285
647195,CCC,2014J,0.05,0.03333333333333333
647200,BBB,2014J,0.35,0.1794871794871795
647215,DDD,2014J,0.05,0.02857142857142857
647218,DDD,2014J,0.0,0.0
647227,DDD,2014J,0.0,0.0
647305,DDD,2014J,0.0,0.0
647320,FFF,2014J,0.6,0.17391304347826086
647324,FFF,2014J,0.4,0.125
647339,FFF,2014J,0.0,0.0
647346,BBB,2014J,0.55,0.2894736842105263
647358,EEE,2014J,0.0,0.0
647373,DDD,2014J,0.05,0.02857142857142857
647385,BBB,2014J,0.6,0.3157894736842105
647391,FFF,2014J,0.4,0.13559322033898305
647393,BBB,2014J,0.6,0.22641509433962265
647395,BBB,2014J,0.2,0.2
647398,FFF,2014J,0.45,0.21428571428571427
647399,FFF,2014J,0.65,0.22033898305084745
647425,FFF,2014J,0.8,0.11428571428571428
647464,CCC,2014J,0.2,0.16666666666666666
647464,DDD,2014J,0.0,0.0
647466,EEE,2014J,0.7,0.5185185185185185
647479,CCC,2014J,0.25,0.15151515151515152
647485,FFF,2014J,0.25,0.07352941176470588
647488,DDD,2014J,0.1,0.05263157894736842
647496,FFF,2014J,0.35,0.15555555555555556
647553,BBB,2014J,0.3,0.16216216216216217
647593,CCC,2014J,0.0,0.0
647604,DDD,2014J,0.05,1.0
647605,DDD,2014J,0.3,0.10714285714285714
647612,DDD,2014J,0.0,0.0
647645,EEE,2014J,0.75,0.625
647647,DDD,2014J,0.05,0.045454545454545456
647654,GGG,2014J,0.0,0.0
647711,BBB,2014J,0.1,0.15384615384615385
647735,CCC,2014J,0.0,0.0
647761,GGG,2014J,0.05,0.038461538461538464
647762,BBB,2014J,0.45,0.23076923076923078
647763,CCC,2014J,0.35,0.14893617021276595
647764,BBB,2014J,0.6,0.32432432432432434
647765,FFF,2014J,0.4,0.13333333333333333
647803,BBB,2014J,0.2,0.26666666666666666
647841,FFF,2014J,0.6,0.1875
647850,GGG,2014J,0.15,0.15789473684210525
647865,CCC,2014J,0.0,0.0
647865,EEE,2014J,0.3,0.3
647879,DDD,2014J,0.05,0.02857142857142857
647883,BBB,2014J,0.55,0.3055555555555556
647888,CCC,2014J,0.0,0.0
647888,EEE,2014J,0.4,0.5
647893,GGG,2014J,0.05,0.058823529411764705
647898,FFF,2014J,0.5,0.18867924528301888
647910,FFF,2014J,0.0,0.0
647916,EEE,2014J,0.5,0.5555555555555556
647919,EEE,2014J,0.7,0.4375
647937,DDD,2014J,0.15,0.0625
647945,FFF,2014J,0.25,0.11904761904761904
647967,BBB,2014J,0.2,0.2
647982,BBB,2014J,0.2,0.16
647983,EEE,2014J,0.35,0.5
647986,GGG,2014J,0.2,0.16
647987,FFF,2014J,0.05,0.05555555555555555
647988,EEE,2014J,0.55,0.4782608695652174
648001,EEE,2014J,0.75,0.42857142857142855
648023,GGG,2014J,0.05,0.1
648027,FFF,2014J,0.25,0.0684931506849315
648037,FFF,2014J,0.4,0.1509433962264151
648038,FFF,2014J,0.35,0.0945945945945946
648040,FFF,2014J,0.5,0.1724137931034483
648049,GGG,2014J,0.05,0.0625
648063,BBB,2014J,0.0,0.0
648083,GGG,2014J,0.15,0.125
648085,CCC,2014J,0.0,0.0
648086,FFF,2014J,0.35,0.20588235294117646
648090,EEE,2014J,0.7,0.5185185185185185
648091,EEE,2014J,0.5,0.5263157894736842
648100,GGG,2014J,0.1,0.10526315789473684
648105,FFF,2014J,0.45,0.09278350515463918
648114,FFF,2014J,0.4,0.13559322033898305
648116,FFF,2014J,0.25,0.09803921568627451
648117,GGG,2014J,0.05,0.05555555555555555
648120,BBB,2014J,0.0,0.0
648127,BBB,2014J,0.1,0.18181818181818182
648130,AAA,2014J,0.25,0.45454545454545453
648135,BBB,2014J,0.1,0.09090909090909091
648136,EEE,2014J,0.2,0.36363636363636365
648140,CCC,2014J,0.0,0.0
648140,FFF,2014J,0.35,0.14
648161,CCC,2014J,0.3,0.2222222222222222
648172,DDD,2014J,0.2,0.06451612903225806
648178,GGG,2014J,0.0,0.0
648182,BBB,2014J,0.35,0.22580645161290322
648183,DDD,2014J,0.05,0.013333333333333334
648194,BBB,2014J,0.3,0.15384615384615385
648201,BBB,2014J,0.15,0.21428571428571427
648207,GGG,2014J,0.05,0.07692307692307693
648244,FFF,2014J,0.0,0.0
648254,FFF,2014J,0.5,0.18518518518518517
648257,GGG,2014J,0.0,0.0
648262,BBB,2014J,0.1,0.08
648269,DDD,2014J,0.0,0.0
648274,GGG,2014J,0.3,0.1935483870967742
648279,GGG,2014J,0.1,0.125
648285,CCC,2014J,0.0,0.0
648285,EEE,2014J,0.35,0.4666666666666667
648287,FFF,2014J,0.55,0.21568627450980393
648310,BBB,2014J,0.35,0.19444444444444445
648311,BBB,2014J,0.2,0.2222222222222222
648321,CCC,2014J,0.0,0.0
648321,DDD,2014J,0.1,0.04
648353,FFF,2014J,0.0,0.0
648354,EEE,2014J,0.6,0.5714285714285714
648363,CCC,2014J,0.4,0.12121212121212122
648365,FFF,2014J,0.7,0.09929078014184398
648366,FFF,2014J,0.7,0.18421052631578946
648369,CCC,2014J,0.0,0.0
648369,EEE,2014J,0.75,0.5
648370,EEE,2014J,0.75,0.5172413793103449
648380,GGG,2014J,0.0,0.0
648416,BBB,2014J,0.15,0.14285714285714285
648419,DDD,2014J,0.0,0.0
648422,EEE,2014J,0.6,0.42857142857142855
648428,DDD,2014J,0.0,0.0
648436,EEE,2014J,0.6,0.5454545454545454
648445,GGG,2014J,0.15,0.375
648449,BBB,2014J,0.75,0.3409090909090909
648457,FFF,2014J,0.55,0.22916666666666666
648469,EEE,2014J,0.75,0.5172413793103449
648470,FFF,2014J,0.5,0.15873015873015872
648476,BBB,2014J,0.0,0.0
648487,BBB,2014J,0.0,0.0
648498,GGG,2014J,0.5,0.4
648508,FFF,2014J,0.0,0.0
648518,EEE,2014J,0.1,0.6666666666666666
648522,GGG,2014J,0.15,0.13043478260869565
648528,GGG,2014J,0.45,0.34615384615384615
648531,FFF,2014J,0.25,0.06756756756756757
648536,FFF,2014J,0.45,0.16666666666666666
648537,BBB,2014J,0.3,0.3
648543,BBB,2014J,0.3,0.35294117647058826
648549,BBB,2014J,0.5,0.23255813953488372
648553,BBB,2014J,0.45,0.20930232558139536
648564,FFF,2014J,0.25,0.1111111111111111
648570,DDD,2014J,0.0,0.0
648571,FFF,2014J,0.55,0.1506849315068493
648585,BBB,2014J,0.05,0.045454545454545456
648590,CCC,2014J,0.0,0.0
648590,FFF,2014J,0.3,0.15
648613,FFF,2014J,0.2,0.06349206349206349
648649,CCC,2014J,0.0,0.0
648654,EEE,2014J,0.25,0.38461538461538464
648676,BBB,2014J,0.1,0.4
648685,FFF,2014J,0.5,0.11494252873563218
648687,EEE,2014J,0.75,0.5357142857142857
648693,BBB,2014J,0.45,0.2571428571428571
648713,BBB,2014J,0.65,0.2653061224489796
648728,BBB,2014J,0.5,0.24390243902439024
648750,GGG,2014J,0.2,0.2
648751,BBB,2014J,0.3,0.0821917808219178
648760,BBB,2014J,0.25,0.17857142857142858
648766,DDD,2014J,0.0,0.0
648778,BBB,2014J,0.7,0.2978723404255319
648781,CCC,2014J,0.2,0.1
648787,EEE,2014J,0.85,0.5666666666666667
648804,FFF,2014J,0.15,0.14285714285714285
648807,BBB,2014J,0.45,0.15789473684210525
648815,FFF,2014J,0.9,0.11392405063291139
648818,CCC,2014J,0.05,0.029411764705882353
648841,DDD,2014J,0.0,0.0
648843,EEE,2014J,0.6,0.631578947368421
648845,BBB,2014J,0.3,0.2727272727272727
648854,CCC,2014J,0.0,0.0
648854,DDD,2014J,0.1,0.04081632653061224
648898,DDD,2014J,0.1,0.037037037037037035
648902,EEE,2014J,0.65,0.41935483870967744
648903,FFF,2014J,0.4,0.13333333333333333
648920,DDD,2014J,0.2,0.06060606060606061
648942,EEE,2014J,0.35,0.3888888888888889
648951,BBB,2014J,0.3,0.5
648959,CCC,2014J,0.0,0.0
648959,DDD,2014J,0.05,0.5
648972,FFF,2014J,0.35,0.125
648983,GGG,2014J,0.15,0.10714285714285714
649001,CCC,2014J,0.1,1.0
649004,FFF,2014J,0.75,0.13392857142857142
649009,FFF,2014J,0.05,0.05555555555555555
649014,DDD,2014J,0.05,0.02702702702702703
649018,BBB,2014J,0.15,0.17647058823529413
649025,BBB,2014J,0.45,0.2647058823529412
649027,BBB,2014J,0.15,0.2727272727272727
649041,DDD,2014J,0.1,0.25
649069,EEE,2014J,0.6,0.5
649078,DDD,2014J,0.05,0.03333333333333333
649079,FFF,2014J,0.55,0.10091743119266056
649084,FFF,2014J,0.7,0.16091954022988506
649090,DDD,2014J,0.05,0.06666666666666667
649093,FFF,2014J,0.4,0.17391304347826086
649095,GGG,2014J,0.15,0.08108108108108109
649105,CCC,2014J,0.25,0.09090909090909091
649110,BBB,2014J,0.3,0.2222222222222222
649118,FFF,2014J,0.4,0.16326530612244897
649119,BBB,2014J,0.35,0.20588235294117646
649120,DDD,2014J,0.0,0.0
649129,CCC,2014J,0.05,0.04
649141,CCC,2014J,0.05,0.045454545454545456
649141,FFF,2014J,0.0,0.0
649159,FFF,2014J,0.4,0.13333333333333333
649165,FFF,2014J,0.6,0.24
649171,EEE,2014J,0.65,0.4642857142857143
649189,BBB,2014J,0.7,0.358974358974359
649194,GGG,2014J,0.25,0.15151515151515152
649206,GGG,2014J,0.1,0.08
649207,FFF,2014J,0.45,0.09574468085106383
649212,FFF,2014J,0.25,0.08928571428571429
649214,DDD,2014J,0.15,0.04054054054054054
649215,EEE,2014J,0.5,0.625
649221,BBB,2014J,0.45,0.2571428571428571
649230,FFF,2014J,0.25,0.18518518518518517
649231,BBB,2014J,0.4,0.1702127659574468
649255,EEE,2014J,0.7,0.42424242424242425
649258,FFF,2014J,0.45,0.13636363636363635
649261,DDD,2014J,0.0,0.0
649284,FFF,2014J,0.25,0.09803921568627451
649291,BBB,2014J,0.45,0.24324324324324326
649321,DDD,2014J,0.0,0.0
649325,FFF,2014J,0.1,0.16666666666666666
649336,FFF,2014J,0.0,0.0
649339,EEE,2014J,0.9,0.4864864864864865
649343,CCC,2014J,0.0,0.0
649343,EEE,2014J,0.3,0.2727272727272727
649345,BBB,2014J,0.1,0.047619047619047616
649379,FFF,2014J,0.65,0.15853658536585366
649383,DDD,2014J,0.0,0.0
649400,FFF,2014J,0.35,0.16279069767441862
649413,DDD,2014J,0.4,0.12903225806451613
649434,FFF,2014J,0.4,0.1509433962264151
649435,FFF,2014J,0.5,0.17857142857142858
649457,FFF,2014J,0.45,0.1956521739130435
649469,FFF,2014J,0.05,0.05555555555555555
649506,EEE,2014J,0.05,0.25
649514,DDD,2014J,0.2,0.10256410256410256
649518,BBB,2014J,0.15,0.14285714285714285
649552,DDD,2014J,0.0,0.0
649566,FFF,2014J,0.1,0.08333333333333333
649578,BBB,2014J,0.35,0.30434782608695654
649592,CCC,2014J,0.0,0.0
649604,CCC,2014J,0.1,0.10526315789473684
649607,CCC,2014J,0.0,0.0
649614,DDD,2014J,0.1,0.06060606060606061
649619,FFF,2014J,0.45,0.14754098360655737
649621,BBB,2014J,0.35,0.2413793103448276
649637,EEE,2014J,0.55,0.5
649654,BBB,2014J,0.5,0.2631578947368421
649667,EEE,2014J,0.65,0.52
649688,DDD,2014J,0.1,0.07692307692307693
649713,EEE,2014J,0.45,0.42857142857142855
649718,EEE,2014J,0.6,0.48
649735,FFF,2014J,0.25,0.13157894736842105
649738,EEE,2014J,0.7,0.3888888888888889
649742,BBB,2014J,0.5,0.2702702702702703
649745,DDD,2014J,0.25,0.09259259259259259
649749,BBB,2014J,0.4,0.11267605633802817
649761,CCC,2014J,0.4,0.21052631578947367
649780,DDD,2014J,0.25,0.1111111111111111
649795,BBB,2014J,0.6,0.2857142857142857
649806,FFF,2014J,0.0,0.0
649816,CCC,2014J,0.15,0.13043478260869565
649819,DDD,2014J,0.05,0.027777777777777776
649824,BBB,2014J,0.2,0.13793103448275862
649840,CCC,2014J,0.25,0.1
649843,EEE,2014J,0.4,0.5
649867,GGG,2014J,0.4,0.25
649868,CCC,2014J,0.1,0.14285714285714285
649880,DDD,2014J,0.05,0.058823529411764705
649891,FFF,2014J,0.0,0.0
649905,BBB,2014J,0.0,0.0
649909,GGG,2014J,0.65,0.6190476190476191
649935,EEE,2014J,0.45,0.6428571428571429
649943,EEE,2014J,0.45,0.6428571428571429
649949,DDD,2014J,0.0,0.0
649952,FFF,2014J,0.95,0.15833333333333333
649954,FFF,2014J,0.1,0.09523809523809523
649962,BBB,2014J,0.2,0.19047619047619047
649979,FFF,2014J,0.2,0.12121212121212122
649980,BBB,2014J,0.0,0.0
650010,DDD,2014J,0.05,0.05263157894736842
650023,GGG,2014J,0.05,1.0
650027,EEE,2014J,0.65,0.35135135135135137
650031,FFF,2014J,0.2,0.125
650054,FFF,2014J,0.1,0.1
650091,DDD,2014J,0.0,0.0
650099,CCC,2014J,0.2,0.2
650105,CCC,2014J,0.0,0.0
650105,EEE,2014J,0.0,0.0
650108,FFF,2014J,0.65,0.12871287128712872
650114,BBB,2014J,0.5,0.2777777777777778
650145,CCC,2014J,0.0,0.0
650145,EEE,2014J,0.0,0.0
650160,FFF,2014J,0.5,0.12658227848101267
650161,BBB,2014J,0.45,0.32142857142857145
650164,EEE,2014J,0.7,0.5384615384615384
650170,FFF,2014J,0.0,0.0
650232,DDD,2014J,0.0,0.0
650247,BBB,2014J,0.4,0.21621621621621623
650251,FFF,2014J,0.45,0.12857142857142856
650268,GGG,2014J,0.8,0.6153846153846154
650269,BBB,2014J,0.35,0.3684210526315789
650279,DDD,2014J,0.05,0.023809523809523808
650287,FFF,2014J,0.15,0.2727272727272727
650316,GGG,2014J,0.2,0.2857142857142857
650330,EEE,2014J,0.65,0.5
650341,CCC,2014J,0.0,0.0
650341,EEE,2014J,0.2,0.26666666666666666
650354,BBB,2014J,0.05,0.3333333333333333
650363,FFF,2014J,0.45,0.10843373493975904
650370,CCC,2014J,0.0,0.0
650370,FFF,2014J,0.0,0.0
650371,BBB,2014J,0.15,0.21428571428571427
650376,DDD,2014J,0.0,0.0
650388,GGG,2014J,0.05,0.16666666666666666
650420,DDD,2014J,0.1,0.0425531914893617
650424,FFF,2014J,0.5,0.12987012987012986
650433,BBB,2014J,0.1,0.18181818181818182
650434,DDD,2014J,0.45,0.1
650442,DDD,2014J,0.3,0.11764705882352941
650461,FFF,2014J,0.25,0.13157894736842105
650469,FFF,2014J,0.45,0.13636363636363635
650471,EEE,2014J,0.7,0.5
650473,FFF,2014J,0.45,0.1267605633802817
650478,DDD,2014J,0.05,0.018518518518518517
650503,GGG,2014J,0.15,0.16666666666666666
650504,EEE,2014J,0.6,0.4444444444444444
650511,CCC,2014J,0.0,0.0
650515,DDD,2014J,0.0,0.0
650517,BBB,2014J,0.0,0.0
650533,EEE,2014J,0.6,0.5714285714285714
650565,BBB,2014J,0.25,0.17857142857142858
650570,FFF,2014J,0.5,0.12195121951219512
650575,EEE,2014J,0.7,0.4666666666666667
650592,EEE,2014J,0.5,0.45454545454545453
650606,BBB,2014J,0.35,0.17073170731707318
650642,DDD,2014J,0.05,0.02702702702702703
650652,GGG,2014J,0.1,0.1
650666,EEE,2014J,0.75,0.5555555555555556
650682,FFF,2014J,0.05,0.1111111111111111
650684,DDD,2014J,0.0,0.0
650698,GGG,2014J,0.05,0.05263157894736842
650711,DDD,2014J,0.15,0.08823529411764706
650734,EEE,2014J,0.5,0.47619047619047616
650751,GGG,2014J,0.2,0.4444444444444444
650752,EEE,2014J,0.2,0.6666666666666666
650758,FFF,2014J,0.0,0.0
650770,EEE,2014J,0.45,0.6
650787,CCC,2014J,0.0,0.0
650797,BBB,2014J,0.1,0.09523809523809523
650816,EEE,2014J,0.75,0.625
650849,EEE,2014J,0.05,1.0
650850,CCC,2014J,0.0,0.0
650850,DDD,2014J,0.0,0.0
650856,CCC,2014J,0.05,0.047619047619047616
650856,EEE,2014J,0.0,0.0
650861,FFF,2014J,0.0,0.0
650863,CCC,2014J,0.0,0.0
650866,FFF,2014J,0.75,0.10416666666666667
650901,GGG,2014J,0.1,0.08
650923,FFF,2014J,0.1,0.03225806451612903
650926,EEE,2014J,0.45,0.375
650927,EEE,2014J,0.8,0.37209302325581395
650946,DDD,2014J,0.1,0.028985507246376812
650947,DDD,2014J,0.05,0.027777777777777776
650950,EEE,2014J,0.1,0.4
650953,BBB,2014J,0.05,0.2
650957,DDD,2014J,0.0,0.0
650958,BBB,2014J,0.75,0.3191489361702128
650960,FFF,2014J,0.4,0.1038961038961039
650979,BBB,2014J,0.05,0.1
650987,EEE,2014J,0.2,0.8
650993,DDD,2014J,0.15,0.05357142857142857
651004,BBB,2014J,0.05,0.125
651008,BBB,2014J,0.35,0.25
651015,EEE,2014J,0.8,0.5714285714285714
651027,BBB,2014J,0.15,0.2
651040,FFF,2014J,0.1,0.045454545454545456
651061,DDD,2014J,0.05,0.03571428571428571
651065,BBB,2014J,0.1,0.15384615384615385
651089,BBB,2014J,0.25,0.29411764705882354
651120,DDD,2014J,0.1,0.03333333333333333
651121,FFF,2014J,0.25,0.12195121951219512
651126,FFF,2014J,0.5,0.15625
651148,BBB,2014J,0.55,0.24444444444444444
651155,EEE,2014J,0.8,0.5925925925925926
651159,CCC,2014J,0.45,0.391304347826087
651177,BBB,2014J,0.7,0.3333333333333333
651182,FFF,2014J,0.25,0.14285714285714285
651200,FFF,2014J,0.0,0.0
651209,BBB,2014J,0.0,0.0
651236,CCC,2014J,0.0,0.0
651238,FFF,2014J,0.45,0.17307692307692307
651245,EEE,2014J,0.7,0.5833333333333334
651257,BBB,2014J,0.3,0.16666666666666666
651259,GGG,2014J,0.05,0.07142857142857142
651278,BBB,2014J,0.05,0.09090909090909091
651281,GGG,2014J,0.05,0.037037037037037035
651319,GGG,2014J,0.3,0.3333333333333333
651324,BBB,2014J,0.3,0.16216216216216217
651330,FFF,2014J,0.05,0.07692307692307693
651337,EEE,2014J,0.8,0.5161290322580645
651354,FFF,2014J,0.35,0.109375
651359,BBB,2014J,0.3,0.23076923076923078
651381,FFF,2014J,0.35,0.14285714285714285
651394,BBB,2014J,0.05,0.125
651415,BBB,2014J,0.5,0.30303030303030304
651419,FFF,2014J,0.45,0.15789473684210525
651423,CCC,2014J,0.0,0.0
651429,BBB,2014J,0.2,0.125
651436,GGG,2014J,0.1,0.08695652173913043
651478,FFF,2014J,0.55,0.1375
651493,DDD,2014J,0.05,0.023809523809523808
651495,CCC,2014J,0.0,0.0
651495,DDD,2014J,0.1,0.058823529411764705
651498,FFF,2014J,0.8,0.12307692307692308
651507,DDD,2014J,0.0,0.0
651508,CCC,2014J,0.0,0.0
651508,DDD,2014J,0.1,0.0392156862745098
651533,EEE,2014J,0.75,0.75
651534,EEE,2014J,0.7,0.5
651544,BBB,2014J,0.25,0.15625
651555,FFF,2014J,0.45,0.14754098360655737
651561,DDD,2014J,0.0,0.0
651579,DDD,2014J,0.15,0.11538461538461539
651598,FFF,2014J,0.7,0.112
651605,BBB,2014J,0.1,0.06060606060606061
651619,DDD,2014J,0.0,0.0
651624,GGG,2014J,0.1,0.08333333333333333
651627,DDD,2014J,0.1,0.030303030303030304
651628,GGG,2014J,0.15,0.16666666666666666
651635,EEE,2014J,0.75,0.5555555555555556
651648,EEE,2014J,0.55,0.5789473684210527
651655,BBB,2014J,0.55,0.2682926829268293
651659,BBB,2014J,0.25,0.15151515151515152
651660,GGG,2014J,0.2,0.2
651672,DDD,2014J,0.0,0.0
651678,BBB,2014J,0.05,0.06666666666666667
651693,FFF,2014J,0.05,0.041666666666666664
651728,DDD,2014J,0.0,0.0
651730,GGG,2014J,0.0,0.0
651734,EEE,2014J,0.1,1.0
651740,GGG,2014J,0.05,0.045454545454545456
651759,CCC,2014J,0.0,0.0
651759,DDD,2014J,0.0,0.0
651764,CCC,2014J,0.15,0.07894736842105263
651766,EEE,2014J,0.65,0.48148148148148145
651775,BBB,2014J,0.35,0.25
651804,DDD,2014J,0.0,0.0
651823,CCC,2014J,0.05,0.04
651828,EEE,2014J,0.8,0.48484848484848486
651850,CCC,2014J,0.0,0.0
651850,EEE,2014J,0.0,0.0
651863,BBB,2014J,0.45,0.21951219512195122
651881,FFF,2014J,0.15,0.08571428571428572
651886,FFF,2014J,0.25,0.14705882352941177
651925,BBB,2014J,0.6,0.5
651927,FFF,2014J,0.55,0.13414634146341464
651930,EEE,2014J,0.85,0.5666666666666667
651933,EEE,2014J,0.5,0.3448275862068966
651935,CCC,2014J,0.0,0.0
651935,EEE,2014J,0.6,0.5714285714285714
651939,BBB,2014J,0.35,0.175
651942,DDD,2014J,0.1,0.05405405405405406
651943,GGG,2014J,0.55,0.55
651950,EEE,2014J,0.55,0.4782608695652174
651972,FFF,2014J,0.05,0.5
651979,BBB,2014J,0.2,0.15384615384615385
651980,BBB,2014J,0.55,0.3793103448275862
651990,FFF,2014J,0.25,0.06329113924050633
651991,BBB,2014J,0.15,0.11538461538461539
651995,EEE,2014J,0.5,0.47619047619047616
652008,FFF,2014J,0.3,0.14285714285714285
652023,CCC,2014J,0.3,0.2727272727272727
652044,BBB,2014J,0.45,0.3103448275862069
652054,EEE,2014J,0.7,0.5
652064,FFF,2014J,0.7,0.14736842105263157
652087,FFF,2014J,0.4,0.1702127659574468
652090,BBB,2014J,0.55,0.2894736842105263
652103,DDD,2014J,0.05,0.02631578947368421
652149,BBB,2014J,0.45,0.2903225806451613
652156,BBB,2014J,0.15,0.14285714285714285
652158,BBB,2014J,0.1,0.08333333333333333
652226,BBB,2014J,0.4,0.17777777777777778
652267,DDD,2014J,0.05,0.05
652281,GGG,2014J,0.25,0.18518518518518517
652285,EEE,2014J,0.7,0.4
652287,EEE,2014J,0.1,1.0
652292,DDD,2014J,0.0,0.0
652293,DDD,2014J,0.1,0.13333333333333333
652302,EEE,2014J,0.65,0.52
652318,DDD,2014J,0.3,0.08695652173913043
652333,FFF,2014J,0.25,0.05102040816326531
652335,FFF,2014J,0.75,0.1875
652390,BBB,2014J,0.0,0.0
652414,GGG,2014J,0.25,0.19230769230769232
652428,CCC,2014J,0.0,0.0
652428,DDD,2014J,0.0,0.0
652435,GGG,2014J,0.2,0.17391304347826086
652438,FFF,2014J,0.35,0.1794871794871795
652442,EEE,2014J,0.3,0.42857142857142855
652460,EEE,2014J,0.65,0.5652173913043478
652462,GGG,2014J,0.15,0.11538461538461539
652476,EEE,2014J,0.55,0.39285714285714285
652501,CCC,2014J,0.0,0.0
652501,EEE,2014J,0.75,0.4838709677419355
652539,GGG,2014J,0.1,0.10526315789473684
652553,BBB,2014J,0.0,0.0
652556,BBB,2014J,0.15,0.1111111111111111
652572,BBB,2014J,0.4,0.25806451612903225
652576,FFF,2014J,0.05,0.024390243902439025
652586,BBB,2014J,0.7,0.30434782608695654
652605,BBB,2014J,0.0,0.0
652617,DDD,2014J,0.25,0.08928571428571429
652619,DDD,2014J,0.0,0.0
652625,FFF,2014J,0.55,0.16923076923076924
652647,FFF,2014J,0.0,0.0
652659,FFF,2014J,0.1,0.11764705882352941
652664,FFF,2014J,0.0,0.0
652672,FFF,2014J,0.25,0.06944444444444445
652680,DDD,2014J,0.15,0.04225352112676056
652684,FFF,2014J,0.65,0.16455696202531644
652711,FFF,2014J,0.55,0.1774193548387097
652732,DDD,2014J,0.05,0.03571428571428571
652753,FFF,2014J,0.2,0.0784313725490196
652788,FFF,2014J,0.45,0.18
652818,BBB,2014J,0.15,0.23076923076923078
652851,BBB,2014J,0.1,0.4
652861,EEE,2014J,0.3,0.5
652880,EEE,2014J,0.65,0.6190476190476191
652881,DDD,2014J,0.0,0.0
652886,BBB,2014J,0.0,0.0
652887,FFF,2014J,0.35,0.14
652890,FFF,2014J,0.1,0.08333333333333333
652894,CCC,2014J,0.05,0.5
652898,FFF,2014J,0.6,0.13186813186813187
652902,CCC,2014J,0.0,0.0
652902,EEE,2014J,0.8,0.5517241379310345
652965,DDD,2014J,0.1,0.030303030303030304
652969,BBB,2014J,0.6,0.16901408450704225
652971,EEE,2014J,0.8,0.35555555555555557
652994,FFF,2014J,0.15,0.09090909090909091
652998,FFF,2014J,0.0,0.0
653027,BBB,2014J,0.0,0.0
653045,FFF,2014J,0.4,0.18604651162790697
653051,DDD,2014J,0.0,0.0
653052,BBB,2014J,0.1,0.16666666666666666
653068,BBB,2014J,0.1,0.14285714285714285
653086,BBB,2014J,0.4,0.21621621621621623
653115,CCC,2014J,0.0,0.0
653115,FFF,2014J,0.25,0.06329113924050633
653127,CCC,2014J,0.0,0.0
653144,FFF,2014J,0.15,0.11538461538461539
653157,GGG,2014J,0.4,0.4444444444444444
653171,DDD,2014J,0.05,0.058823529411764705
653188,BBB,2014J,0.0,0.0
653210,EEE,2014J,0.7,0.5
653239,BBB,2014J,0.25,0.2
653240,BBB,2014J,0.0,0.0
653248,EEE,2014J,0.55,0.6111111111111112
653252,GGG,2014J,0.05,0.14285714285714285
653262,BBB,2014J,0.0,0.0
653278,CCC,2014J,0.0,0.0
653297,FFF,2014J,0.6,0.11214953271028037
653301,FFF,2014J,0.75,0.13157894736842105
653319,DDD,2014J,0.05,0.02127659574468085
653326,EEE,2014J,0.0,0.0
653352,EEE,2014J,0.45,0.5294117647058824
653354,DDD,2014J,0.0,0.0
653374,GGG,2014J,0.2,0.16
653381,FFF,2014J,0.3,0.1111111111111111
653384,BBB,2014J,0.35,0.4117647058823529
653412,DDD,2014J,0.0,0.0
653417,FFF,2014J,0.15,0.04285714285714286
653435,GGG,2014J,0.05,0.06666666666666667
653440,EEE,2014J,0.45,0.45
653452,CCC,2014J,0.2,0.11764705882352941
653452,DDD,2014J,0.0,0.0
653465,BBB,2014J,0.1,0.14285714285714285
653495,GGG,2014J,0.05,0.05263157894736842
653506,EEE,2014J,0.05,1.0
653536,FFF,2014J,0.25,0.10416666666666667
653550,DDD,2014J,0.1,0.0392156862745098
653558,FFF,2014J,0.25,0.078125
653567,FFF,2014J,0.5,0.11494252873563218
653569,DDD,2014J,0.05,0.041666666666666664
653577,BBB,2014J,0.45,0.15517241379310345
653587,EEE,2014J,0.6,0.5714285714285714
653595,FFF,2014J,0.4,0.08695652173913043
653597,BBB,2014J,0.0,0.0
653633,BBB,2014J,0.1,0.16666666666666666
653653,FFF,2014J,0.1,0.05
653659,FFF,2014J,0.05,1.0
653664,BBB,2014J,0.1,0.06451612903225806
653665,EEE,2014J,0.75,0.46875
653688,EEE,2014J,0.75,0.5555555555555556
653702,BBB,2014J,0.15,0.2727272727272727
653711,DDD,2014J,0.3,0.08823529411764706
653718,EEE,2014J,0.65,0.6842105263157895
653729,DDD,2014J,0.0,0.0
653759,DDD,2014J,0.05,0.030303030303030304
653762,BBB,2014J,0.35,0.22580645161290322
653768,DDD,2014J,0.0,0.0
653773,FFF,2014J,0.45,0.08653846153846154
653793,DDD,2014J,0.2,0.056338028169014086
653801,EEE,2014J,0.75,0.4838709677419355
653821,CCC,2014J,0.15,0.2727272727272727
653824,GGG,2014J,0.05,0.05555555555555555
653840,BBB,2014J,0.45,0.20930232558139536
653841,FFF,2014J,0.2,0.10526315789473684
653857,FFF,2014J,0.5,0.19607843137254902
653867,GGG,2014J,0.1,0.07407407407407407
653870,BBB,2014J,0.45,0.1836734693877551
653887,CCC,2014J,0.0,0.0
653887,EEE,2014J,0.65,0.48148148148148145
653914,DDD,2014J,0.05,0.02564102564102564
653943,GGG,2014J,0.1,0.125
653951,BBB,2014J,0.5,0.2702702702702703
653958,BBB,2014J,0.15,0.15
653998,EEE,2014J,0.55,0.6875
654000,CCC,2014J,0.25,0.08620689655172414
654002,CCC,2014J,0.0,0.0
654005,BBB,2014J,0.35,0.22580645161290322
654016,CCC,2014J,0.05,0.037037037037037035
654031,CCC,2014J,0.2,0.15384615384615385
654031,EEE,2014J,0.0,0.0
654043,BBB,2014J,0.1,0.18181818181818182
654045,FFF,2014J,0.65,0.0896551724137931
654062,GGG,2014J,0.25,0.45454545454545453
654064,GGG,2014J,0.15,0.1111111111111111
654110,DDD,2014J,0.05,0.02
654112,FFF,2014J,0.0,0.0
654114,CCC,2014J,0.0,0.0
654114,FFF,2014J,0.3,0.07692307692307693
654125,EEE,2014J,0.05,1.0
654169,FFF,2014J,0.6,0.12244897959183673
654188,CCC,2014J,0.15,0.16666666666666666
654198,EEE,2014J,0.85,0.68
654206,BBB,2014J,0.25,0.19230769230769232
654213,EEE,2014J,0.55,0.55
654217,FFF,2014J,0.35,0.15555555555555556
654236,FFF,2014J,0.15,0.0967741935483871
654240,EEE,2014J,0.5,0.45454545454545453
654260,FFF,2014J,0.45,0.16666666666666666
654295,CCC,2014J,0.0,0.0
654321,GGG,2014J,0.0,0.0
654322,CCC,2014J,0.25,0.1
654339,FFF,2014J,0.45,0.13432835820895522
654341,DDD,2014J,0.05,0.043478260869565216
654369,GGG,2014J,0.0,0.0
654392,BBB,2014J,0.25,0.16129032258064516
654397,EEE,2014J,0.6,0.631578947368421
654401,DDD,2014J,0.05,0.018518518518518517
654404,BBB,2014J,0.15,0.15789473684210525
654414,DDD,2014J,0.1,0.03278688524590164
654415,BBB,2014J,0.15,0.2
654441,FFF,2014J,0.7,0.11570247933884298
654443,DDD,2014J,0.0,0.0
654485,EEE,2014J,0.45,0.42857142857142855
654502,DDD,2014J,0.0,0.0
654504,CCC,2014J,0.0,0.0
654504,DDD,2014J,0.0,0.0
654524,BBB,2014J,0.7,0.4117647058823529
654539,CCC,2014J,0.25,0.1388888888888889
654547,EEE,2014J,0.7,0.42424242424242425
654565,FFF,2014J,0.4,0.1
654578,FFF,2014J,0.45,0.18
654597,FFF,2014J,0.45,0.17647058823529413
654646,CCC,2014J,0.4,0.1509433962264151
654657,BBB,2014J,0.35,0.21212121212121213
654668,EEE,2014J,0.7,0.5185185185185185
654676,EEE,2014J,0.55,0.4583333333333333
654681,GGG,2014J,0.25,0.16666666666666666
654684,FFF,2014J,0.15,0.09375
654692,FFF,2014J,0.35,0.125
654801,EEE,2014J,0.65,0.4642857142857143
654807,DDD,2014J,0.1,0.02666666666666667
654817,CCC,2014J,0.0,0.0
654819,FFF,2014J,0.45,0.125
654822,EEE,2014J,0.6,0.4444444444444444
654824,FFF,2014J,0.65,0.14606741573033707
654834,FFF,2014J,0.9,0.16071428571428573
654852,FFF,2014J,0.1,0.06451612903225806
654856,BBB,2014J,0.3,0.2
654867,FFF,2014J,0.7,0.10526315789473684
654880,DDD,2014J,0.0,0.0
654882,DDD,2014J,0.0,0.0
654891,EEE,2014J,0.8,0.5161290322580645
654914,GGG,2014J,0.1,0.10526315789473684
654915,CCC,2014J,0.0,0.0
654945,GGG,2014J,0.1,0.07692307692307693
654947,FFF,2014J,0.15,0.06818181818181818
654965,GGG,2014J,0.0,0.0
655028,FFF,2014J,0.1,0.5
655039,DDD,2014J,0.05,0.03333333333333333
655051,CCC,2014J,0.05,0.07692307692307693
655084,BBB,2014J,0.6,0.3157894736842105
655088,FFF,2014J,0.0,0.0
655108,CCC,2014J,0.0,0.0
655115,FFF,2014J,0.6,0.13953488372093023
655124,FFF,2014J,0.1,0.08333333333333333
655127,FFF,2014J,0.6,0.14457831325301204
655128,DDD,2014J,0.25,0.07575757575757576
655136,DDD,2014J,0.05,0.02857142857142857
655155,BBB,2014J,0.0,0.0
655201,GGG,2014J,0.1,0.2
655230,BBB,2014J,0.1,0.3333333333333333
655242,EEE,2014J,0.55,0.4074074074074074
655296,BBB,2014J,0.15,0.1111111111111111
655314,BBB,2014J,0.2,0.08888888888888889
655322,DDD,2014J,0.0,0.0
655342,BBB,2014J,0.45,0.25
655353,CCC,2014J,0.25,0.21739130434782608
655353,FFF,2014J,0.0,0.0
655362,DDD,2014J,0.0,0.0
655376,GGG,2014J,0.1,0.1
655378,CCC,2014J,0.2,0.12903225806451613
655386,FFF,2014J,0.8,0.1095890410958904
655390,CCC,2014J,0.3,0.125
655396,EEE,2014J,0.45,0.4090909090909091
655412,FFF,2014J,0.4,0.11764705882352941
655416,FFF,2014J,0.0,0.0
655445,FFF,2014J,0.6,0.16901408450704225
655460,BBB,2014J,0.0,0.0
655471,BBB,2014J,0.3,0.2857142857142857
655498,CCC,2014J,0.0,0.0
655498,EEE,2014J,0.6,0.41379310344827586
655546,BBB,2014J,0.8,0.4
655547,BBB,2014J,0.15,0.13636363636363635
655556,GGG,2014J,0.15,0.42857142857142855
655569,FFF,2014J,0.5,0.1694915254237288
655572,BBB,2014J,0.05,0.2
655585,DDD,2014J,0.05,0.015873015873015872
655600,DDD,2014J,0.05,0.01639344262295082
655605,BBB,2014J,0.0,0.0
655609,EEE,2014J,0.75,0.40540540540540543
655613,BBB,2014J,0.15,0.11538461538461539
655668,BBB,2014J,0.2,0.25
655680,EEE,2014J,0.65,0.6190476190476191
655764,EEE,2014J,0.7,0.5
655794,EEE,2014J,0.65,0.5
655796,FFF,2014J,0.0,0.0
655806,DDD,2014J,0.0,0.0
655816,DDD,2014J,0.25,0.06756756756756757
655828,BBB,2014J,0.25,0.125
655834,DDD,2014J,0.0,0.0
655865,EEE,2014J,0.6,0.4444444444444444
655869,EEE,2014J,0.9,0.6206896551724138
655890,CCC,2014J,0.25,0.07462686567164178
655919,CCC,2014J,0.3,0.18181818181818182
655924,EEE,2014J,0.3,0.2
655927,CCC,2014J,0.0,0.0
655927,FFF,2014J,0.4,0.10666666666666667
655930,DDD,2014J,0.05,0.015873015873015872
655954,GGG,2014J,0.25,0.16666666666666666
655972,DDD,2014J,0.0,0.0
655973,CCC,2014J,0.0,0.0
655973,EEE,2014J,0.7,0.56
655981,FFF,2014J,0.35,0.15555555555555556
656010,EEE,2014J,0.5,0.5
656014,GGG,2014J,0.05,0.25
656053,GGG,2014J,0.05,0.05
656057,EEE,2014J,0.7,0.5
656065,FFF,2014J,0.1,0.0273972602739726
656067,BBB,2014J,0.0,0.0
656073,DDD,2014J,0.0,0.0
656086,FFF,2014J,0.05,0.1
656089,BBB,2014J,0.05,0.14285714285714285
656092,FFF,2014J,0.45,0.10714285714285714
656107,FFF,2014J,0.0,0.0
656131,FFF,2014J,0.6,0.10909090909090909
656134,EEE,2014J,0.65,0.41935483870967744
656145,FFF,2014J,0.0,0.0
656158,FFF,2014J,0.4,0.10666666666666667
656159,FFF,2014J,0.65,0.14942528735632185
656164,DDD,2014J,0.0,0.0
656165,FFF,2014J,0.4,0.1568627450980392
656181,BBB,2014J,0.0,0.0
656183,DDD,2014J,0.1,0.044444444444444446
656187,BBB,2014J,0.1,0.125
656190,BBB,2014J,0.0,0.0
656193,DDD,2014J,0.1,0.06060606060606061
656194,BBB,2014J,0.0,0.0
656196,BBB,2014J,0.0,0.0
656197,BBB,2014J,0.6,0.25
656200,BBB,2014J,0.1,0.15384615384615385
656203,CCC,2014J,0.0,0.0
656204,BBB,2014J,0.0,0.0
656206,BBB,2014J,0.05,0.09090909090909091
656208,BBB,2014J,0.05,0.1111111111111111
656217,BBB,2014J,0.1,0.1
656227,BBB,2014J,0.4,0.1568627450980392
656234,FFF,2014J,0.9,0.13333333333333333
656253,BBB,2014J,0.0,0.0
656277,CCC,2014J,0.2,0.0784313725490196
656280,DDD,2014J,0.0,0.0
656287,CCC,2014J,0.05,0.05555555555555555
656323,FFF,2014J,0.1,0.1
656340,CCC,2014J,0.2,0.13333333333333333
656347,CCC,2014J,0.0,0.0
656347,EEE,2014J,0.65,0.4482758620689655
656352,BBB,2014J,0.55,0.2037037037037037
656353,FFF,2014J,0.4,0.2222222222222222
656373,BBB,2014J,0.45,0.25
656386,BBB,2014J,0.4,0.21621621621621623
656393,DDD,2014J,0.05,0.07692307692307693
656414,FFF,2014J,0.6,0.26666666666666666
656436,FFF,2014J,0.2,0.13333333333333333
656438,GGG,2014J,0.05,0.09090909090909091
656446,EEE,2014J,0.5,0.4166666666666667
656454,DDD,2014J,0.0,0.0
656475,BBB,2014J,0.0,0.0
656481,BBB,2014J,0.3,0.1875
656494,BBB,2014J,0.2,0.2222222222222222
656496,DDD,2014J,0.0,0.0
656506,GGG,2014J,0.5,0.5263157894736842
656522,BBB,2014J,0.0,0.0
656526,DDD,2014J,0.1,0.03225806451612903
656529,FFF,2014J,0.5,0.15384615384615385
656539,CCC,2014J,0.0,0.0
656540,BBB,2014J,0.3,0.1875
656543,GGG,2014J,0.15,0.1
656549,BBB,2014J,0.05,0.07142857142857142
656553,EEE,2014J,0.25,0.3333333333333333
656557,BBB,2014J,0.3,0.2608695652173913
656566,BBB,2014J,0.1,0.15384615384615385
656578,EEE,2014J,0.65,0.6190476190476191
656579,FFF,2014J,0.45,0.16071428571428573
656607,FFF,2014J,0.5,0.11494252873563218
656642,CCC,2014J,0.0,0.0
656651,FFF,2014J,0.25,0.09259259259259259
656681,BBB,2014J,0.25,0.18518518518518517
656683,CCC,2014J,0.45,0.16981132075471697
656698,BBB,2014J,0.5,0.2702702702702703
656711,BBB,2014J,0.1,0.09090909090909091
656734,FFF,2014J,0.8,0.15384615384615385
656756,GGG,2014J,0.15,0.08571428571428572
656766,DDD,2014J,0.3,0.11538461538461539
656784,BBB,2014J,0.1,0.08333333333333333
656791,FFF,2014J,0.6,0.16901408450704225
656815,EEE,2014J,0.45,0.5
656826,DDD,2014J,0.0,0.0
656854,EEE,2014J,0.7,0.4375
656873,BBB,2014J,0.6,0.25
656882,FFF,2014J,0.5,0.18518518518518517
656915,BBB,2014J,0.25,0.11363636363636363
656929,CCC,2014J,0.0,0.0
656929,EEE,2014J,0.0,0.0
656934,DDD,2014J,0.0,0.0
656936,GGG,2014J,0.2,0.12121212121212122
656987,DDD,2014J,0.0,0.0
656988,FFF,2014J,0.1,0.13333333333333333
656990,BBB,2014J,0.55,0.28205128205128205
656996,FFF,2014J,0.35,0.14583333333333334
657002,EEE,2014J,0.3,0.3
657032,BBB,2014J,0.3,0.15789473684210525
657045,GGG,2014J,0.45,0.36
657048,CCC,2014J,0.0,0.0
657048,FFF,2014J,0.4,0.12698412698412698
657050,CCC,2014J,0.2,0.07272727272727272
657062,EEE,2014J,0.7,0.4827586206896552
657077,DDD,2014J,0.1,0.037037037037037035
657093,GGG,2014J,0.0,0.0
657099,BBB,2014J,0.0,0.0
657128,EEE,2014J,0.45,0.5625
657145,CCC,2014J,0.05,0.02702702702702703
657194,EEE,2014J,0.7,0.42424242424242425
657196,EEE,2014J,0.45,0.5625
657209,EEE,2014J,0.4,0.47058823529411764
657220,FFF,2014J,0.4,0.13333333333333333
657226,EEE,2014J,0.25,0.3125
657231,GGG,2014J,0.05,0.07692307692307693
657245,DDD,2014J,0.1,0.045454545454545456
657285,CCC,2014J,0.5,0.5555555555555556
657290,BBB,2014J,0.2,0.13333333333333333
657293,BBB,2014J,0.4,0.24242424242424243
657319,EEE,2014J,0.05,0.07142857142857142
657330,FFF,2014J,0.45,0.13043478260869565
657344,FFF,2014J,0.5,0.14492753623188406
657352,CCC,2014J,0.0,0.0
665414,CCC,2014J,0.0,0.0
669530,CCC,2014J,0.0,0.0
669530,DDD,2014B,0.25,0.07692307692307693
674193,DDD,2014J,0.0,0.0
674206,DDD,2014J,0.0,0.0
674214,BBB,2014J,0.35,0.18421052631578946
674222,FFF,2014J,0.5,0.1282051282051282
674226,FFF,2014J,0.55,0.1864406779661017
674236,FFF,2014J,0.5,0.125
674253,EEE,2014J,0.75,0.5769230769230769
674262,FFF,2014J,0.7,0.11570247933884298
674276,BBB,2014J,0.35,0.2
674290,BBB,2014J,0.65,0.40625
674320,FFF,2014J,0.3,0.09375
674322,BBB,2014J,0.05,0.06666666666666667
674340,GGG,2014J,0.0,0.0
674349,BBB,2014J,0.55,0.2682926829268293
674359,GGG,2014J,0.1,0.15384615384615385
674387,FFF,2014J,0.75,0.10638297872340426
674388,DDD,2014J,0.0,0.0
674406,FFF,2014J,0.3,0.13333333333333333
674430,CCC,2014J,0.0,0.0
674430,EEE,2014J,0.2,0.2857142857142857
674437,DDD,2014J,0.0,0.0
674440,DDD,2014J,0.05,0.03225806451612903
674451,FFF,2014J,0.45,0.14285714285714285
674471,GGG,2014J,0.1,0.14285714285714285
674478,FFF,2014J,0.05,0.1111111111111111
674481,GGG,2014J,0.15,0.12
674484,FFF,2014J,0.6,0.11009174311926606
674495,BBB,2014J,0.3,0.2727272727272727
674497,CCC,2014J,0.0,0.0
674497,FFF,2014J,0.45,0.14754098360655737
674509,FFF,2014J,0.8,0.14678899082568808
674541,CCC,2014J,0.0,0.0
674563,GGG,2014J,0.15,0.11538461538461539
674568,GGG,2014J,0.0,0.0
674576,BBB,2014J,0.3,0.17142857142857143
674584,FFF,2014J,0.5,0.10101010101010101
674594,FFF,2014J,0.05,0.07142857142857142
674605,BBB,2014J,0.5,0.2702702702702703
674616,BBB,2014J,0.0,0.0
674640,GGG,2014J,0.45,0.5625
674644,FFF,2014J,0.3,0.11764705882352941
674651,DDD,2014J,0.05,0.037037037037037035
674657,FFF,2014J,0.4,0.1568627450980392
674671,FFF,2014J,0.6,0.12121212121212122
674691,FFF,2014J,0.75,0.1282051282051282
674694,FFF,2014J,0.5,0.2222222222222222
674699,CCC,2014J,0.0,0.0
674699,FFF,2014J,0.45,0.12857142857142856
674710,GGG,2014J,0.0,0.0
674747,EEE,2014J,0.45,0.36
674751,FFF,2014J,0.6,0.19047619047619047
674766,GGG,2014J,0.1,0.16666666666666666
674784,BBB,2014J,0.2,0.11428571428571428
674808,CCC,2014J,0.0,0.0
674808,EEE,2014J,0.65,0.37142857142857144
674831,FFF,2014J,0.35,0.1590909090909091
674853,EEE,2014J,0.7,0.4375
674870,FFF,2014J,0.65,0.18055555555555555
674879,DDD,2014J,0.05,0.019230769230769232
674882,CCC,2014J,0.0,0.0
674882,EEE,2014J,0.5,0.5263157894736842
674889,EEE,2014J,0.45,0.5625
674890,GGG,2014J,0.25,0.1724137931034483
674921,FFF,2014J,0.5,0.13333333333333333
674922,BBB,2014J,0.25,0.2631578947368421
674927,GGG,2014J,0.0,0.0
674939,GGG,2014J,0.0,0.0
674941,EEE,2014J,0.55,0.55
674960,BBB,2014J,0.0,0.0
674965,CCC,2014J,0.1,0.05714285714285714
674989,DDD,2014J,0.05,0.03333333333333333
674997,DDD,2014J,0.0,0.0
675021,FFF,2014J,0.9,0.140625
675042,BBB,2014J,0.4,0.1702127659574468
675050,DDD,2014J,0.0,0.0
675054,CCC,2014J,0.0,0.0
675054,FFF,2014J,0.2,0.05970149253731343
675062,DDD,2014J,0.15,0.041666666666666664
675063,CCC,2014J,0.3,0.16666666666666666
675085,BBB,2014J,0.3,0.16216216216216217
675094,BBB,2014J,0.0,0.0
675096,BBB,2014J,0.4,0.2857142857142857
675111,CCC,2014J,0.1,0.05555555555555555
675144,DDD,2014J,0.0,0.0
675159,BBB,2014J,0.4,0.20512820512820512
675162,EEE,2014J,0.6,0.5217391304347826
675193,FFF,2014J,0.5,0.2222222222222222
675223,BBB,2014J,0.3,0.1935483870967742
675225,FFF,2014J,0.35,0.12280701754385964
675231,BBB,2014J,0.3,0.23076923076923078
675233,FFF,2014J,0.7,0.15555555555555556
675242,GGG,2014J,0.5,0.5555555555555556
675247,GGG,2014J,0.15,0.09375
675256,DDD,2014J,0.05,0.04
675261,FFF,2014J,0.45,0.14754098360655737
675264,GGG,2014J,0.15,0.1
675273,FFF,2014J,0.1,0.03571428571428571
675279,FFF,2014J,0.1,0.02531645569620253
675315,FFF,2014J,0.45,0.13636363636363635
675328,FFF,2014J,0.45,0.16363636363636364
675365,EEE,2014J,0.7,0.4827586206896552
675374,CCC,2014J,0.0,0.0
675374,EEE,2014J,0.55,0.55
675383,CCC,2014J,0.25,0.20833333333333334
675396,CCC,2014J,0.4,0.1111111111111111
675450,EEE,2014J,0.8,0.48484848484848486
675474,FFF,2014J,0.1,0.058823529411764705
675477,CCC,2014J,0.25,0.13513513513513514
675493,DDD,2014J,0.1,0.058823529411764705
675495,CCC,2014J,0.0,0.0
675495,EEE,2014J,0.25,0.625
675504,CCC,2014J,0.25,0.11627906976744186
675514,FFF,2014J,0.0,0.0
675516,DDD,2014J,0.1,0.06451612903225806
675526,BBB,2014J,0.35,0.4375
675537,EEE,2014J,0.5,0.5
675539,DDD,2014J,0.05,0.016666666666666666
675566,FFF,2014J,0.2,0.08888888888888889
675576,BBB,2014J,0.15,0.06976744186046512
675577,FFF,2014J,0.15,0.25
675578,GGG,2014J,0.15,0.1111111111111111
675636,FFF,2014J,0.55,0.1506849315068493
675638,CCC,2014J,0.1,0.058823529411764705
675663,EEE,2014J,0.45,0.6
675699,DDD,2014J,0.05,0.1111111111111111
675710,FFF,2014J,0.55,0.09649122807017543
675728,BBB,2014J,0.0,0.0
675750,BBB,2014J,0.05,0.5
675760,CCC,2014J,0.2,0.1111111111111111
675773,EEE,2014J,0.3,0.5
675807,BBB,2014J,0.25,0.2
675811,GGG,2014J,0.1,0.06666666666666667
675823,CCC,2014J,0.05,0.045454545454545456
675840,EEE,2014J,0.6,0.5217391304347826
675848,GGG,2014J,0.05,0.0625
675875,CCC,2014J,0.15,0.061224489795918366
675891,GGG,2014J,0.6,0.41379310344827586
675902,CCC,2014J,0.3,0.4
675915,CCC,2014J,0.0,0.0
675919,DDD,2014J,0.1,0.04
675924,GGG,2014J,0.1,0.125
675929,BBB,2014J,0.0,0.0
675949,GGG,2014J,0.7,0.42424242424242425
675989,FFF,2014J,0.6,0.10526315789473684
675993,DDD,2014J,0.05,0.02702702702702703
676007,FFF,2014J,0.35,0.14285714285714285
676064,FFF,2014J,0.5,0.15873015873015872
676071,GGG,2014J,0.05,0.1
676084,EEE,2014J,0.85,0.6071428571428571
676087,DDD,2014J,0.1,0.045454545454545456
676103,FFF,2014J,0.55,0.15714285714285714
676138,DDD,2014J,0.0,0.0
676139,FFF,2014J,0.2,0.13793103448275862
676151,BBB,2014J,0.65,0.34210526315789475
676155,DDD,2014J,0.0,0.0
676169,BBB,2014J,0.0,0.0
676176,BBB,2014J,0.3,0.1935483870967742
676190,FFF,2014J,0.55,0.11702127659574468
676265,FFF,2014J,0.5,0.1388888888888889
676272,FFF,2014J,0.2,0.11428571428571428
676303,FFF,2014J,0.6,0.17142857142857143
676322,BBB,2014J,0.15,0.10714285714285714
676333,EEE,2014J,0.5,0.5
676373,DDD,2014J,0.05,0.03125
676378,FFF,2014J,0.35,0.06542056074766354
676387,GGG,2014J,0.65,0.48148148148148145
676390,CCC,2014J,0.1,0.10526315789473684
676401,BBB,2014J,0.45,0.19148936170212766
676428,BBB,2014J,0.45,0.2903225806451613
676444,FFF,2014J,0.6,0.1
676458,FFF,2014J,0.35,0.13725490196078433
676459,FFF,2014J,0.5,0.1111111111111111
676469,CCC,2014J,0.0,0.0
676478,FFF,2014J,0.7,0.11290322580645161
676482,EEE,2014J,0.65,0.4482758620689655
676492,FFF,2014J,0.4,0.09523809523809523
676498,DDD,2014J,0.05,0.047619047619047616
676503,CCC,2014J,0.15,0.057692307692307696
676516,DDD,2014J,0.2,0.08695652173913043
676538,CCC,2014J,0.0,0.0
676538,DDD,2014J,0.1,0.03571428571428571
676553,DDD,2014J,0.0,0.0
676589,DDD,2014J,0.3,0.13043478260869565
676596,DDD,2014J,0.05,0.038461538461538464
676604,BBB,2014J,0.05,0.3333333333333333
676610,FFF,2014J,0.5,0.1724137931034483
676611,EEE,2014J,0.35,0.5384615384615384
676626,FFF,2014J,0.45,0.15517241379310345
676627,FFF,2014J,0.0,0.0
676633,BBB,2014J,0.55,0.2682926829268293
676650,CCC,2014J,0.4,0.2
676676,EEE,2014J,0.65,0.5416666666666666
676705,BBB,2014J,0.65,0.28888888888888886
676722,EEE,2014J,0.75,0.5172413793103449
676724,EEE,2014J,0.6,0.5714285714285714
676750,BBB,2014J,0.25,0.18518518518518517
676766,DDD,2014J,0.0,0.0
676787,DDD,2014J,0.1,0.04081632653061224
676805,EEE,2014J,0.8,0.5517241379310345
676807,DDD,2014J,0.05,0.038461538461538464
676809,DDD,2014J,0.05,0.034482758620689655
676834,EEE,2014J,0.65,0.5909090909090909
676852,DDD,2014J,0.1,0.03333333333333333
676865,DDD,2014J,0.05,0.02040816326530612
676866,FFF,2014J,0.4,0.17391304347826086
676882,FFF,2014J,0.45,0.2647058823529412
676898,BBB,2014J,0.25,0.18518518518518517
676903,DDD,2014J,0.05,0.05555555555555555
676909,CCC,2014J,0.25,0.15151515151515152
676916,CCC,2014J,0.35,0.16279069767441862
676948,BBB,2014J,0.15,0.21428571428571427
676962,BBB,2014J,0.15,0.42857142857142855
676963,DDD,2014J,0.05,0.022222222222222223
676964,CCC,2014J,0.0,0.0
676964,DDD,2014J,0.15,0.0379746835443038
677004,BBB,2014J,0.05,0.3333333333333333
677006,CCC,2014J,0.25,0.1724137931034483
677018,CCC,2014J,0.2,0.1111111111111111
677018,EEE,2014J,0.0,0.0
677025,GGG,2014J,0.35,0.23333333333333334
677040,EEE,2014J,0.6,0.5
677049,EEE,2014J,0.05,0.3333333333333333
677066,GGG,2014J,0.15,0.13043478260869565
677085,CCC,2014J,0.0,0.0
677085,FFF,2014J,0.25,0.08196721311475409
677089,CCC,2014J,0.2,0.1111111111111111
677111,FFF,2014J,0.6,0.1643835616438356
677138,FFF,2014J,0.5,0.12987012987012986
677150,GGG,2014J,0.0,0.0
677154,BBB,2014J,0.05,0.09090909090909091
677155,FFF,2014J,0.45,0.125
677167,FFF,2014J,0.4,0.12307692307692308
677186,AAA,2014J,0.3,0.25
677189,EEE,2014J,0.45,0.4090909090909091
677197,EEE,2014J,0.35,0.4666666666666667
677201,BBB,2014J,0.15,0.15
677203,BBB,2014J,0.4,0.27586206896551724
677206,FFF,2014J,0.45,0.1232876712328767
677216,GGG,2014J,0.2,0.18181818181818182
677221,FFF,2014J,0.8,0.1568627450980392
677235,FFF,2014J,0.0,0.0
677316,DDD,2014J,0.0,0.0
677349,CCC,2014J,0.15,0.09375
677356,GGG,2014J,0.05,0.07142857142857142
677382,FFF,2014J,0.35,0.15217391304347827
677400,FFF,2014J,0.15,0.05357142857142857
677433,GGG,2014J,0.15,0.375
677436,FFF,2014J,0.4,0.16666666666666666
677456,FFF,2014J,0.55,0.13253012048192772
677457,EEE,2014J,0.7,0.4827586206896552
677459,CCC,2014J,0.0,0.0
677459,EEE,2014J,0.65,0.52
677462,BBB,2014J,0.3,0.12244897959183673
677463,GGG,2014J,0.1,0.07407407407407407
677486,FFF,2014J,0.2,0.10526315789473684
677491,GGG,2014J,0.15,0.1111111111111111
677498,BBB,2014J,0.35,0.30434782608695654
677546,FFF,2014J,0.35,0.1590909090909091
677551,GGG,2014J,0.0,0.0
677579,DDD,2014J,0.05,0.02631578947368421
677582,FFF,2014J,0.05,0.047619047619047616
677601,DDD,2014J,0.0,0.0
677606,DDD,2014J,0.0,0.0
677629,DDD,2014J,0.0,0.0
677630,BBB,2014J,0.0,0.0
677641,CCC,2014J,0.1,0.06060606060606061
677655,FFF,2014J,0.25,0.08333333333333333
677687,FFF,2014J,0.1,0.11764705882352941
677741,CCC,2014J,0.0,0.0
677741,EEE,2014J,0.15,0.15
677748,FFF,2014J,0.3,0.11764705882352941
677767,FFF,2014J,0.2,0.07017543859649122
677832,DDD,2014J,0.2,0.07272727272727272
677833,FFF,2014J,0.45,0.13846153846153847
677846,BBB,2014J,0.4,0.18181818181818182
677867,FFF,2014J,0.15,0.1875
677869,FFF,2014J,0.05,0.0625
677873,BBB,2014J,0.65,0.28888888888888886
677877,BBB,2014J,0.05,0.125
677879,BBB,2014J,0.0,0.0
677892,BBB,2014J,0.35,0.25925925925925924
677897,EEE,2014J,0.45,0.391304347826087
677900,EEE,2014J,0.85,0.4857142857142857
677922,BBB,2014J,0.2,0.18181818181818182
677928,GGG,2014J,0.25,0.20833333333333334
677947,EEE,2014J,0.05,0.3333333333333333
678004,GGG,2014J,0.35,0.2
678009,GGG,2014J,0.05,0.047619047619047616
678015,EEE,2014J,0.8,0.5161290322580645
678025,BBB,2014J,0.7,0.2916666666666667
678026,EEE,2014J,0.65,0.5
678038,BBB,2014J,0.05,0.07692307692307693
678041,DDD,2014J,0.3,0.1
678057,BBB,2014J,0.45,0.2727272727272727
678058,DDD,2014J,0.0,0.0
678065,DDD,2014J,0.1,0.04878048780487805
678080,BBB,2014J,0.0,0.0
678088,FFF,2014J,0.35,0.11864406779661017
678089,CCC,2014J,0.25,0.15625
678102,DDD,2014J,0.15,0.046875
678105,BBB,2014J,0.45,0.21428571428571427
678110,BBB,2014J,0.25,0.2777777777777778
678194,CCC,2014J,0.0,0.0
678194,EEE,2014J,0.7,0.4827586206896552
678203,CCC,2014J,0.0,0.0
678203,FFF,2014J,0.25,0.0847457627118644
678204,CCC,2014J,0.2,0.2857142857142857
678213,BBB,2014J,0.0,0.0
678219,DDD,2014J,0.05,0.16666666666666666
678231,DDD,2014J,0.0,0.0
678233,DDD,2014J,0.05,0.02702702702702703
678235,FFF,2014J,0.6,0.12244897959183673
678240,DDD,2014J,0.05,0.01694915254237288
678241,GGG,2014J,0.0,0.0
678244,BBB,2014J,0.35,0.21212121212121213
678246,BBB,2014J,0.4,0.16326530612244897
678255,GGG,2014J,0.2,0.19047619047619047
678261,GGG,2014J,0.25,0.22727272727272727
678267,EEE,2014J,0.8,0.64
678270,FFF,2014J,0.0,0.0
678278,BBB,2014J,0.1,0.14285714285714285
678313,GGG,2014J,0.0,0.0
678314,BBB,2014J,0.3,0.2222222222222222
678335,BBB,2014J,0.0,0.0
678339,CCC,2014J,0.0,0.0
678341,EEE,2014J,0.75,0.5
678367,BBB,2014J,0.0,0.0
678373,BBB,2014J,0.3,0.17142857142857143
678381,FFF,2014J,0.15,0.047619047619047616
678393,CCC,2014J,0.0,0.0
678395,CCC,2014J,0.05,0.05
678407,FFF,2014J,0.05,0.07142857142857142
678408,CCC,2014J,0.05,0.034482758620689655
678419,CCC,2014J,0.0,0.0
678419,EEE,2014J,0.25,0.29411764705882354
678432,GGG,2014J,0.0,0.0
678444,BBB,2014J,0.05,0.07692307692307693
678452,FFF,2014J,0.5,0.14925373134328357
678490,DDD,2014J,0.05,0.03333333333333333
678508,EEE,2014J,0.85,0.53125
678528,FFF,2014J,0.75,0.11627906976744186
678538,EEE,2014J,0.7,0.6363636363636364
678575,BBB,2014J,0.0,0.0
678578,BBB,2014J,0.0,0.0
678605,DDD,2014J,0.05,0.02631578947368421
678618,GGG,2014J,0.2,0.17391304347826086
678619,FFF,2014J,0.05,0.058823529411764705
678623,BBB,2014J,0.1,0.09523809523809523
678628,FFF,2014J,0.6,0.15789473684210525
678659,FFF,2014J,0.55,0.13924050632911392
678661,BBB,2014J,0.15,0.13636363636363635
678680,BBB,2014J,0.35,0.1590909090909091
678688,BBB,2014J,0.4,0.32
678701,EEE,2014J,0.6,0.6
678715,EEE,2014J,0.1,0.4
678762,GGG,2014J,0.0,0.0
678774,GGG,2014J,0.05,0.041666666666666664
678777,BBB,2014J,0.05,0.14285714285714285
678790,CCC,2014J,0.0,0.0
678790,DDD,2014J,0.0,0.0
678815,BBB,2014J,0.25,0.22727272727272727
678819,FFF,2014J,0.55,0.12941176470588237
678844,DDD,2014J,0.1,0.07407407407407407
678859,FFF,2014J,0.55,0.1375
678860,CCC,2014J,0.3,0.42857142857142855
678860,EEE,2014J,0.0,0.0
678906,BBB,2014J,0.65,0.35135135135135137
678929,EEE,2014J,0.75,0.5
678941,DDD,2014J,0.3,0.08823529411764706
678946,FFF,2014J,0.2,0.05970149253731343
678954,FFF,2014J,0.45,0.1111111111111111
678955,BBB,2014J,0.3,0.1875
678970,EEE,2014J,0.3,0.46153846153846156
678995,BBB,2014J,0.9,0.32142857142857145
679019,FFF,2014J,0.0,0.0
679036,FFF,2014J,0.8,0.18604651162790697
679039,CCC,2014J,0.25,0.2777777777777778
679059,BBB,2014J,0.45,0.2647058823529412
679111,FFF,2014J,0.1,0.13333333333333333
679114,EEE,2014J,0.5,0.5
679127,GGG,2014J,0.45,0.34615384615384615
679128,CCC,2014J,0.1,0.05128205128205128
679174,BBB,2014J,0.4,0.2
679189,FFF,2014J,0.5,0.16666666666666666
679207,EEE,2014J,0.8,0.5925925925925926
679218,BBB,2014J,0.15,0.11538461538461539
679227,FFF,2014J,0.45,0.11688311688311688
679232,BBB,2014J,0.4,0.25806451612903225
679237,FFF,2014J,0.55,0.1527777777777778
679251,FFF,2014J,0.3,0.1111111111111111
679255,DDD,2014J,0.0,0.0
679262,FFF,2014J,0.25,0.11904761904761904
679278,FFF,2014J,0.35,0.12280701754385964
679327,GGG,2014J,0.1,0.07407407407407407
679342,FFF,2014J,0.05,0.09090909090909091
679384,FFF,2014J,0.7,0.2153846153846154
679386,CCC,2014J,0.0,0.0
679386,FFF,2014J,0.5,0.2222222222222222
679395,DDD,2014J,0.0,0.0
679402,FFF,2014J,0.5,0.16393442622950818
679409,GGG,2014J,0.1,0.15384615384615385
679431,CCC,2014J,0.35,0.17073170731707318
679439,BBB,2014J,0.05,0.16666666666666666
679445,FFF,2014J,0.3,0.125
679448,FFF,2014J,0.5,0.0970873786407767
679451,CCC,2014J,0.25,0.08928571428571429
679454,DDD,2014J,0.05,0.02040816326530612
679457,BBB,2014J,0.15,0.2727272727272727
679498,FFF,2014J,0.5,0.14925373134328357
679509,FFF,2014J,0.25,0.11904761904761904
679525,DDD,2014J,0.05,0.02040816326530612
679529,CCC,2014J,0.0,0.0
679541,EEE,2014J,0.5,0.5555555555555556
679559,BBB,2014J,0.05,0.16666666666666666
679569,CCC,2014J,0.0,0.0
679569,EEE,2014J,0.15,0.16666666666666666
679582,DDD,2014J,0.05,0.14285714285714285
679594,FFF,2014J,0.5,0.15873015873015872
679631,EEE,2014J,0.6,0.5217391304347826
679663,CCC,2014J,0.0,0.0
679676,FFF,2014J,0.2,0.09523809523809523
679716,BBB,2014J,0.05,0.07692307692307693
679724,BBB,2014J,0.0,0.0
679733,CCC,2014J,0.15,0.09090909090909091
679750,CCC,2014J,0.2,0.1111111111111111
679769,GGG,2014J,0.1,0.07692307692307693
679777,DDD,2014J,0.0,0.0
679788,FFF,2014J,0.4,0.20512820512820512
679790,FFF,2014J,0.3,0.06818181818181818
679798,BBB,2014J,0.55,0.3235294117647059
679801,EEE,2014J,0.85,0.4473684210526316
679828,BBB,2014J,0.1,0.058823529411764705
679840,GGG,2014J,0.15,0.17647058823529413
679854,DDD,2014J,0.05,0.016666666666666666
679886,CCC,2014J,0.3,0.1276595744680851
679897,DDD,2014J,0.05,0.02631578947368421
679918,BBB,2014J,0.2,0.2
679921,GGG,2014J,0.1,0.08
679939,CCC,2014J,0.0,0.0
679939,FFF,2014J,0.1,0.03225806451612903
679959,CCC,2014J,0.05,0.045454545454545456
679967,BBB,2014J,0.35,0.2413793103448276
679971,BBB,2014J,0.0,0.0
680002,CCC,2014J,0.2,0.13793103448275862
680009,BBB,2014J,0.2,0.14814814814814814
680014,FFF,2014J,0.25,0.08333333333333333
680017,DDD,2014J,0.1,0.038461538461538464
680018,FFF,2014J,0.05,0.07692307692307693
680025,DDD,2014J,0.0,0.0
680027,CCC,2014J,0.55,0.3055555555555556
680027,FFF,2014J,0.0,0.0
680063,GGG,2014J,0.05,0.058823529411764705
680080,FFF,2014J,0.25,0.14705882352941177
680087,DDD,2014J,0.0,0.0
680133,CCC,2014J,0.0,0.0
680133,EEE,2014J,0.75,0.625
680145,CCC,2014J,0.05,0.3333333333333333
680145,FFF,2014J,0.0,0.0
680146,BBB,2014J,0.5,0.17857142857142858
680162,BBB,2014J,0.15,0.21428571428571427
680174,BBB,2014J,0.3,0.1935483870967742
680176,GGG,2014J,0.0,0.0
680187,CCC,2014J,0.3,0.13953488372093023
680212,FFF,2014J,0.05,0.04
680219,BBB,2014J,0.4,0.25
680255,FFF,2014J,0.0,0.0
680261,GGG,2014J,0.5,0.5882352941176471
680266,FFF,2014J,0.55,0.12087912087912088
680267,CCC,2014J,0.0,0.0
680267,EEE,2014J,0.25,0.2631578947368421
680270,FFF,2014J,0.5,0.18867924528301888
680290,BBB,2014J,0.3,0.24
680322,FFF,2014J,0.55,0.18032786885245902
680331,DDD,2014J,0.0,0.0
680343,FFF,2014J,0.85,0.08333333333333333
680348,FFF,2014J,0.45,0.13636363636363635
680354,GGG,2014J,0.0,0.0
680373,DDD,2014J,0.0,0.0
680427,GGG,2014J,0.4,0.4
680431,DDD,2014J,0.1,0.08
680442,EEE,2014J,0.0,0.0
680443,FFF,2014J,0.35,0.14893617021276595
680453,BBB,2014J,0.1,0.15384615384615385
680464,FFF,2014J,0.4,0.14035087719298245
680471,BBB,2014J,0.4,0.20512820512820512
680483,EEE,2014J,0.6,0.5714285714285714
680492,CCC,2014J,0.0,0.0
680492,DDD,2014J,0.15,0.05084745762711865
680506,FFF,2014J,0.3,0.061224489795918366
680530,BBB,2014J,0.0,0.0
680541,BBB,2014J,0.05,0.05263157894736842
680545,BBB,2014J,0.5,0.22727272727272727
680559,BBB,2014J,0.25,0.1724137931034483
680569,GGG,2014J,0.4,0.38095238095238093
680572,FFF,2014J,0.35,0.1320754716981132
680591,BBB,2014J,0.05,0.2
680602,CCC,2014J,0.25,0.17857142857142858
680626,DDD,2014J,0.0,0.0
680644,EEE,2014J,0.35,0.5
680687,CCC,2014J,0.05,0.021739130434782608
680708,FFF,2014J,0.4,0.11428571428571428
680713,FFF,2014J,0.85,0.11805555555555555
680723,BBB,2014J,0.55,0.2619047619047619
680728,DDD,2014J,0.0,0.0
680747,FFF,2014J,0.25,0.11627906976744186
680764,DDD,2014J,0.0,0.0
680765,CCC,2014J,0.0,0.0
680765,EEE,2014J,0.7,0.6363636363636364
680775,FFF,2014J,0.35,0.12280701754385964
680787,BBB,2014J,0.45,0.34615384615384615
680798,BBB,2014J,0.5,0.2222222222222222
680804,CCC,2014J,0.0,0.0
680804,EEE,2014J,0.25,0.1724137931034483
680810,FFF,2014J,0.6,0.13186813186813187
680812,DDD,2014J,0.0,0.0
680817,DDD,2014J,0.0,0.0
680862,BBB,2014J,0.0,0.0
680872,FFF,2014J,0.15,0.10344827586206896
680894,EEE,2014J,0.3,0.5454545454545454
680912,FFF,2014J,0.4,0.17777777777777778
680918,BBB,2014J,0.15,0.13043478260869565
680926,BBB,2014J,0.15,0.1111111111111111
680955,FFF,2014J,0.55,0.1864406779661017
680966,GGG,2014J,0.05,0.043478260869565216
680970,BBB,2014J,0.15,0.11538461538461539
680973,DDD,2014J,0.0,0.0
680974,FFF,2014J,0.4,0.12121212121212122
680981,DDD,2014J,0.0,0.0
680988,GGG,2014J,0.0,0.0
680996,DDD,2014J,0.15,0.11538461538461539
681001,EEE,2014J,0.8,0.45714285714285713
681004,FFF,2014J,0.65,0.16666666666666666
681059,DDD,2014J,0.1,0.05128205128205128
681065,GGG,2014J,0.8,0.5161290322580645
681107,GGG,2014J,0.0,0.0
681150,BBB,2014J,0.55,0.2619047619047619
681152,FFF,2014J,0.0,0.0
681154,GGG,2014J,0.05,0.047619047619047616
681165,CCC,2014J,0.2,0.09090909090909091
681174,CCC,2014J,0.1,0.05263157894736842
681200,EEE,2014J,0.6,0.48
681211,DDD,2014J,0.0,0.0
681222,BBB,2014J,0.55,0.16923076923076924
681235,CCC,2014J,0.0,0.0
681235,FFF,2014J,0.2,0.09090909090909091
681241,DDD,2014J,0.0,0.0
681268,GGG,2014J,0.05,0.1111111111111111
681289,BBB,2014J,0.4,0.22857142857142856
681298,FFF,2014J,0.0,0.0
681302,CCC,2014J,0.2,0.13793103448275862
681302,EEE,2014J,0.0,0.0
681327,EEE,2014J,0.65,0.6842105263157895
681328,FFF,2014J,0.6,0.16666666666666666
681341,FFF,2014J,0.1,0.05128205128205128
681352,FFF,2014J,0.55,0.14102564102564102
681354,FFF,2014J,0.15,0.07142857142857142
681356,DDD,2014J,0.1,0.0392156862745098
681369,EEE,2014J,0.65,0.4482758620689655
681379,EEE,2014J,0.2,0.5714285714285714
681416,EEE,2014J,0.7,0.4666666666666667
681421,GGG,2014J,0.35,0.25925925925925924
681425,DDD,2014J,0.05,0.02127659574468085
681440,DDD,2014J,0.05,0.03225806451612903
681447,GGG,2014J,0.25,0.2631578947368421
681452,FFF,2014J,0.05,0.0125
681490,FFF,2014J,0.4,0.11428571428571428
681528,DDD,2014J,0.0,0.0
681532,GGG,2014J,0.05,0.5
681566,BBB,2014J,0.4,0.24242424242424243
681581,BBB,2014J,0.6,0.25
681608,FFF,2014J,0.15,0.057692307692307696
681633,FFF,2014J,0.65,0.10483870967741936
681642,CCC,2014J,0.1,0.2
681652,FFF,2014J,0.25,0.125
681655,FFF,2014J,0.5,0.11363636363636363
681658,FFF,2014J,0.15,0.075
681696,GGG,2014J,0.2,0.13333333333333333
681716,BBB,2014J,0.45,0.21951219512195122
681729,DDD,2014J,0.2,0.05405405405405406
681731,CCC,2014J,0.1,0.0625
681735,FFF,2014J,0.0,0.0
681746,DDD,2014J,0.05,0.02702702702702703
681751,GGG,2014J,0.0,0.0
681752,BBB,2014J,0.0,0.0
681755,FFF,2014J,0.1,0.03508771929824561
681759,EEE,2014J,0.0,0.0
681763,FFF,2014J,0.3,0.12244897959183673
681798,BBB,2014J,0.4,0.23529411764705882
681799,DDD,2014J,0.15,0.07894736842105263
681854,DDD,2014J,0.0,0.0
681861,EEE,2014J,0.3,0.5
681876,GGG,2014J,0.15,0.1875
681923,DDD,2014J,0.05,0.02040816326530612
681938,FFF,2014J,0.45,0.1267605633802817
681973,FFF,2014J,0.4,0.15384615384615385
681984,BBB,2014J,0.0,0.0
682001,GGG,2014J,0.1,0.05555555555555555
682019,FFF,2014J,0.0,0.0
682022,DDD,2014J,0.0,0.0
682031,DDD,2014J,0.0,0.0
682051,BBB,2014J,0.05,0.058823529411764705
682056,BBB,2014J,0.0,0.0
682058,BBB,2014J,0.1,0.14285714285714285
682070,FFF,2014J,0.5,0.14084507042253522
682100,GGG,2014J,0.7,0.42424242424242425
682107,BBB,2014J,0.25,0.15625
682117,DDD,2014J,0.0,0.0
682123,GGG,2014J,0.3,0.23076923076923078
682223,BBB,2014J,0.3,0.1875
682239,EEE,2014J,0.25,0.21739130434782608
682259,CCC,2014J,0.0,0.0
682259,EEE,2014J,0.35,0.7
682276,FFF,2014J,0.05,0.06666666666666667
682294,DDD,2014J,0.0,0.0
682298,FFF,2014J,0.5,0.12987012987012986
682299,DDD,2014J,0.15,0.06382978723404255
682301,CCC,2014J,0.15,0.15
682306,DDD,2014J,0.25,0.0625
682316,BBB,2014J,0.35,0.22580645161290322
682321,GGG,2014J,0.2,0.14285714285714285
682343,BBB,2014J,0.65,0.3023255813953488
682355,EEE,2014J,0.45,0.42857142857142855
682358,FFF,2014J,0.15,0.11538461538461539
682367,CCC,2014J,0.2,0.13333333333333333
682385,DDD,2014J,0.05,0.025
682390,FFF,2014J,0.35,0.14
682391,FFF,2014J,0.05,0.125
682409,BBB,2014J,0.4,0.34782608695652173
682413,GGG,2014J,0.1,0.06896551724137931
682436,FFF,2014J,0.75,0.13157894736842105
682437,FFF,2014J,0.4,0.11940298507462686
682440,GGG,2014J,0.15,0.13636363636363635
682480,BBB,2014J,0.0,0.0
682481,GGG,2014J,0.15,0.3
682483,BBB,2014J,0.2,0.2222222222222222
682511,CCC,2014J,0.0,0.0
682511,FFF,2014J,0.45,0.13636363636363635
682539,FFF,2014J,0.55,0.10185185185185185
682541,DDD,2014J,0.1,0.09090909090909091
682543,GGG,2014J,0.0,0.0
682569,CCC,2014J,0.0,0.0
682569,FFF,2014J,0.05,0.010638297872340425
682588,FFF,2014J,0.35,0.12962962962962962
682613,FFF,2014J,0.1,0.046511627906976744
682625,GGG,2014J,0.05,0.05
682627,BBB,2014J,0.55,0.19298245614035087
682632,FFF,2014J,0.75,0.17857142857142858
682660,DDD,2014J,0.15,0.046153846153846156
682684,DDD,2014J,0.0,0.0
682692,DDD,2014J,0.05,0.02
682695,FFF,2014J,0.65,0.14942528735632185
682738,CCC,2014J,0.0,0.0
682740,DDD,2014J,0.1,0.03636363636363636
682753,FFF,2014J,0.55,0.25
682758,EEE,2014J,0.05,1.0
682819,DDD,2014J,0.05,0.08333333333333333
682839,FFF,2014J,0.6,0.12121212121212122
682863,FFF,2014J,0.0,0.0
682887,BBB,2014J,0.1,0.2
682894,FFF,2014J,0.45,0.14285714285714285
682897,DDD,2014J,0.1,0.06451612903225806
682913,BBB,2014J,0.05,0.04
682961,CCC,2014J,0.8,0.24615384615384617
682963,FFF,2014J,0.65,0.15853658536585366
682968,DDD,2014J,0.05,0.01639344262295082
682981,FFF,2014J,0.7,0.13333333333333333
682983,FFF,2014J,0.5,0.18518518518518517
682985,FFF,2014J,0.05,0.034482758620689655
682990,FFF,2014J,0.5,0.20408163265306123
683002,BBB,2014J,0.45,0.23684210526315788
683005,GGG,2014J,0.2,0.13333333333333333
683033,FFF,2014J,0.4,0.11594202898550725
683079,EEE,2014J,0.7,0.5
683091,DDD,2014J,0.2,0.06557377049180328
683094,FFF,2014J,0.55,0.13095238095238096
683120,BBB,2014J,0.65,0.3023255813953488
683140,BBB,2014J,0.8,0.43243243243243246
683145,BBB,2014J,0.45,0.21428571428571427
683164,BBB,2014J,0.05,0.125
683178,FFF,2014J,0.6,0.1276595744680851
683188,GGG,2014J,0.05,1.0
683202,BBB,2014J,0.4,0.20512820512820512
683243,FFF,2014J,0.2,0.11428571428571428
683256,GGG,2014J,0.05,0.125
683270,EEE,2014J,0.6,0.42857142857142855
683273,FFF,2014J,0.0,0.0
683275,BBB,2014J,0.1,0.2
683305,FFF,2014J,0.2,0.07407407407407407
683323,FFF,2014J,0.0,0.0
683336,GGG,2014J,0.0,0.0
683346,FFF,2014J,0.45,0.15517241379310345
683352,FFF,2014J,0.4,0.08080808080808081
683353,FFF,2014J,0.85,0.14655172413793102
683373,CCC,2014J,0.15,0.1875
683375,FFF,2014J,0.5,0.19607843137254902
683396,DDD,2014J,0.05,0.038461538461538464
683403,FFF,2014J,0.65,0.12871287128712872
683406,CCC,2014J,0.0,0.0
683420,BBB,2014J,0.55,0.2558139534883721
683423,GGG,2014J,0.25,0.19230769230769232
683467,FFF,2014J,0.35,0.0875
683492,EEE,2014J,0.45,0.5294117647058824
683503,CCC,2014J,0.05,0.07142857142857142
683508,FFF,2014J,0.0,0.0
683530,FFF,2014J,0.65,0.10483870967741936
683548,BBB,2014J,0.15,0.25
683550,FFF,2014J,0.3,0.11538461538461539
683555,FFF,2014J,0.0,0.0
683592,BBB,2014J,0.55,0.3793103448275862
683604,FFF,2014J,0.55,0.09090909090909091
683618,BBB,2014J,0.3,0.2857142857142857
683624,FFF,2014J,0.5,0.10204081632653061
683625,CCC,2014J,0.15,0.09090909090909091
683630,BBB,2014J,0.3,0.13636363636363635
683633,GGG,2014J,0.15,0.15
683648,DDD,2014J,0.05,0.017241379310344827
683653,DDD,2014J,0.1,0.08
683664,BBB,2014J,0.45,0.34615384615384615
683668,CCC,2014J,0.35,0.1794871794871795
683705,BBB,2014J,0.45,0.14754098360655737
683713,DDD,2014J,0.1,0.02702702702702703
683718,DDD,2014J,0.15,0.0625
683728,EEE,2014J,0.75,0.4838709677419355
683742,BBB,2014J,0.45,0.23076923076923078
683745,FFF,2014J,0.0,0.0
683764,FFF,2014J,0.05,0.125
683777,CCC,2014J,0.05,0.06666666666666667
683779,BBB,2014J,0.45,0.28125
683783,BBB,2014J,0.4,0.21621621621621623
683817,BBB,2014J,0.2,0.12121212121212122
683820,FFF,2014J,0.35,0.08333333333333333
683832,FFF,2014J,0.05,1.0
683838,BBB,2014J,0.15,0.125
683841,GGG,2014J,0.0,0.0
683902,FFF,2014J,0.1,0.04878048780487805
683934,FFF,2014J,0.5,0.14705882352941177
683935,BBB,2014J,0.35,0.22580645161290322
683974,GGG,2014J,0.15,0.11538461538461539
683987,BBB,2014J,0.55,0.28205128205128205
684013,FFF,2014J,0.45,0.11392405063291139
684050,EEE,2014J,0.65,0.40625
684055,BBB,2014J,0.15,0.17647058823529413
684064,EEE,2014J,0.35,0.3888888888888889
684072,BBB,2014J,0.45,0.20454545454545456
684095,DDD,2014J,0.0,0.0
684111,CCC,2014J,0.0,0.0
684116,GGG,2014J,0.0,0.0
684141,DDD,2014J,0.0,0.0
684146,GGG,2014J,0.4,0.22857142857142856
684169,GGG,2014J,0.55,0.5
684180,AAA,2014J,0.1,0.4
684183,FFF,2014J,0.5,0.09345794392523364
684184,BBB,2014J,0.25,0.14705882352941177
684217,DDD,2014J,0.05,0.02564102564102564
684225,EEE,2014J,0.45,0.375
684233,DDD,2014J,0.05,0.034482758620689655
684241,DDD,2014J,0.15,0.04054054054054054
684250,BBB,2014J,0.0,0.0
684270,CCC,2014J,0.0,0.0
684273,BBB,2014J,0.4,0.20512820512820512
684305,DDD,2014J,0.0,0.0
684311,FFF,2014J,0.45,0.16071428571428573
684319,BBB,2014J,0.7,0.28
684329,BBB,2014J,0.65,0.2708333333333333
684341,GGG,2014J,0.1,0.125
684357,EEE,2014J,0.7,0.5185185185185185
684375,BBB,2014J,0.05,0.038461538461538464
684383,FFF,2014J,0.5,0.14492753623188406
684386,FFF,2014J,0.7,0.15555555555555556
684393,GGG,2014J,0.3,0.20689655172413793
684407,DDD,2014J,0.25,0.09803921568627451
684427,GGG,2014J,0.0,0.0
684441,DDD,2014J,0.05,0.038461538461538464
684444,CCC,2014J,0.0,0.0
684456,GGG,2014J,0.25,0.18518518518518517
684459,BBB,2014J,0.0,0.0
684473,EEE,2014J,0.1,0.2857142857142857
684480,DDD,2014J,0.1,0.04
684498,CCC,2014J,0.05,0.1111111111111111
684504,EEE,2014J,0.75,0.75
684511,EEE,2014J,0.65,0.6842105263157895
684514,CCC,2014J,0.0,0.0
684526,FFF,2014J,0.35,0.2413793103448276
684532,EEE,2014J,0.8,0.38095238095238093
684567,EEE,2014J,0.7,0.4827586206896552
684579,FFF,2014J,0.05,1.0
684592,FFF,2014J,0.3,0.13636363636363635
684594,FFF,2014J,0.0,0.0
684610,EEE,2014J,0.7,0.6086956521739131
684615,BBB,2014J,0.5,0.2702702702702703
684632,DDD,2014J,0.05,0.03571428571428571
684669,CCC,2014J,0.35,0.14893617021276595
684669,EEE,2014J,0.0,0.0
684671,FFF,2014J,0.15,0.10714285714285714
684675,FFF,2014J,0.1,0.03636363636363636
684676,FFF,2014J,0.0,0.0
684687,BBB,2014J,0.35,0.20588235294117646
684704,BBB,2014J,0.2,0.21052631578947367
684709,CCC,2014J,0.0,0.0
684744,DDD,2014J,0.0,0.0
684802,GGG,2014J,0.1,0.08333333333333333
684811,GGG,2014J,0.45,0.5294117647058824
684825,EEE,2014J,0.25,0.2631578947368421
684833,BBB,2014J,0.45,0.1956521739130435
684854,DDD,2014J,0.05,0.018518518518518517
684882,FFF,2014J,0.5,0.25
684905,CCC,2014J,0.0,0.0
684905,EEE,2014J,0.75,0.5357142857142857
684907,EEE,2014J,0.8,0.5517241379310345
684931,BBB,2014J,0.2,0.14285714285714285
684936,DDD,2014J,0.0,0.0
684967,EEE,2014J,0.2,0.4
684971,BBB,2014J,0.15,0.12
684981,FFF,2014J,0.45,0.18
684987,GGG,2014J,0.0,0.0
684990,CCC,2014J,0.05,0.5
685000,BBB,2014J,0.15,0.23076923076923078
685004,FFF,2014J,0.0,0.0
685009,BBB,2014J,0.4,0.2857142857142857
685015,DDD,2014J,0.1,0.04081632653061224
685052,BBB,2014J,0.0,0.0
685060,EEE,2014J,0.6,0.5217391304347826
685069,DDD,2014J,0.0,0.0
685079,BBB,2014J,0.45,0.42857142857142855
685085,DDD,2014J,0.0,0.0
685098,CCC,2014J,0.1,0.0625
685105,FFF,2014J,0.2,0.08888888888888889
685128,FFF,2014J,0.5,0.18867924528301888
685140,FFF,2014J,0.2,0.0975609756097561
685152,EEE,2014J,0.4,0.5714285714285714
685155,FFF,2014J,0.55,0.13253012048192772
685176,EEE,2014J,0.25,0.5555555555555556
685191,DDD,2014J,0.1,0.045454545454545456
685199,EEE,2014J,0.75,0.5769230769230769
685201,BBB,2014J,0.55,0.19298245614035087
685206,CCC,2014J,0.6,0.48
685212,CCC,2014J,0.0,0.0
685212,FFF,2014J,0.65,0.08441558441558442
685224,DDD,2014J,0.2,0.06153846153846154
685228,BBB,2014J,0.0,0.0
685236,CCC,2014J,0.0,0.0
685236,EEE,2014J,0.15,0.375
685257,BBB,2014J,0.05,0.3333333333333333
685267,BBB,2014J,0.25,0.2777777777777778
685272,GGG,2014J,0.0,0.0
685276,FFF,2014J,0.4,0.10126582278481013
685283,FFF,2014J,0.0,0.0
685284,EEE,2014J,0.5,0.5555555555555556
685285,GGG,2014J,0.0,0.0
685287,CCC,2014J,0.0,0.0
685287,EEE,2014J,0.4,0.4
685292,EEE,2014J,0.5,0.3333333333333333
685294,DDD,2014J,0.0,0.0
685318,BBB,2014J,0.2,0.12903225806451613
685330,FFF,2014J,0.4,0.16666666666666666
685338,GGG,2014J,0.75,0.5769230769230769
685339,FFF,2014J,0.6,0.2033898305084746
685367,FFF,2014J,0.05,0.09090909090909091
685370,EEE,2014J,0.75,0.45454545454545453
685373,FFF,2014J,0.55,0.14473684210526316
685378,FFF,2014J,0.1,0.04878048780487805
685391,BBB,2014J,0.45,0.21951219512195122
685410,FFF,2014J,0.55,0.1896551724137931
685412,CCC,2014J,0.0,0.0
685412,DDD,2014J,0.05,0.02564102564102564
685436,GGG,2014J,0.25,0.14705882352941177
685447,GGG,2014J,0.1,0.25
685453,BBB,2014J,0.1,0.11764705882352941
685458,CCC,2014J,0.3,0.13636363636363635
685458,DDD,2014J,0.0,0.0
685474,CCC,2014J,0.0,0.0
685474,DDD,2014J,0.0,0.0
685487,CCC,2014J,0.2,0.06779661016949153
685487,EEE,2014J,0.0,0.0
685499,EEE,2014J,0.65,0.52
685514,CCC,2014J,0.05,0.027777777777777776
685517,EEE,2014J,0.6,0.5454545454545454
685535,GGG,2014J,0.1,0.11764705882352941
685545,GGG,2014J,0.5,0.25
685572,CCC,2014J,0.1,0.1
685575,GGG,2014J,0.5,0.4166666666666667
685592,BBB,2014J,0.55,0.23404255319148937
685597,CCC,2014J,0.05,0.022222222222222223
685611,DDD,2014J,0.05,0.02564102564102564
685615,DDD,2014J,0.0,0.0
685619,CCC,2014J,0.0,0.0
685619,FFF,2014J,0.1,0.038461538461538464
685623,DDD,2014J,0.0,0.0
685627,GGG,2014J,0.65,0.65
685653,BBB,2014J,0.0,0.0
685668,EEE,2014J,0.6,0.5
685676,GGG,2014J,0.25,0.2
685697,DDD,2014J,0.0,0.0
685702,BBB,2014J,0.1,0.06060606060606061
685705,CCC,2014J,0.0,0.0
685705,FFF,2014J,0.0,0.0
685708,FFF,2014J,0.35,0.11864406779661017
685772,FFF,2014J,0.4,0.17777777777777778
685779,BBB,2014J,0.25,0.22727272727272727
685804,EEE,2014J,0.35,0.4666666666666667
685812,BBB,2014J,0.4,0.24242424242424243
685829,BBB,2014J,0.25,0.21739130434782608
685830,BBB,2014J,0.6,0.375
685831,FFF,2014J,0.15,0.07317073170731707
685842,BBB,2014J,0.2,0.10526315789473684
685843,DDD,2014J,0.05,0.02040816326530612
685849,CCC,2014J,0.0,0.0
685871,CCC,2014J,0.0,0.0
685910,DDD,2014J,0.05,0.04
685950,CCC,2014J,0.1,0.046511627906976744
685950,EEE,2014J,0.0,0.0
685964,CCC,2014J,0.0,0.0
685964,DDD,2014J,0.05,0.02702702702702703
685988,CCC,2014J,0.0,0.0
686001,CCC,2014J,0.2,0.2
686018,CCC,2014J,0.0,0.0
686018,DDD,2014J,0.15,0.058823529411764705
686038,DDD,2014J,0.05,0.021739130434782608
686051,EEE,2014J,0.75,0.5172413793103449
686058,CCC,2014J,0.55,0.2391304347826087
686058,EEE,2014J,0.0,0.0
686065,FFF,2014J,0.55,0.1134020618556701
686074,BBB,2014J,0.55,0.2558139534883721
686078,DDD,2014J,0.0,0.0
686110,CCC,2014J,0.0,0.0
686110,EEE,2014J,0.4,0.47058823529411764
686112,GGG,2014J,0.3,0.1935483870967742
686128,BBB,2014J,0.35,0.30434782608695654
686182,BBB,2014J,0.45,0.32142857142857145
686191,BBB,2014J,0.0,0.0
686194,GGG,2014J,0.3,0.20689655172413793
686200,BBB,2014J,0.65,0.22413793103448276
686207,GGG,2014J,0.15,0.15
686267,GGG,2014J,0.0,0.0
686268,CCC,2014J,0.0,0.0
686268,DDD,2014J,0.15,0.04838709677419355
686287,EEE,2014J,0.3,0.46153846153846156
686312,DDD,2014J,0.15,0.03896103896103896
686314,FFF,2014J,0.15,0.07692307692307693
686317,FFF,2014J,0.2,0.06153846153846154
686344,FFF,2014J,0.4,0.17777777777777778
686348,FFF,2014J,0.4,0.1568627450980392
686370,DDD,2014J,0.1,0.06060606060606061
686373,GGG,2014J,0.05,0.1111111111111111
686378,BBB,2014J,0.15,0.12
686384,DDD,2014J,0.0,0.0
686399,DDD,2014J,0.0,0.0
686402,BBB,2014J,0.0,0.0
686411,CCC,2014J,0.05,0.047619047619047616
686447,EEE,2014J,0.7,0.5185185185185185
686476,EEE,2014J,0.3,0.5
686498,FFF,2014J,0.45,0.13846153846153847
686515,CCC,2014J,0.05,0.043478260869565216
686522,FFF,2014J,0.35,0.06930693069306931
686525,EEE,2014J,0.8,0.41025641025641024
686549,DDD,2014J,0.0,0.0
686558,CCC,2014J,0.0,0.0
686558,FFF,2014J,0.25,0.1111111111111111
686564,EEE,2014J,0.85,0.6071428571428571
686584,CCC,2014J,0.0,0.0
686584,DDD,2014J,0.05,0.03333333333333333
686593,EEE,2014J,0.6,0.4
686596,BBB,2014J,0.2,0.18181818181818182
686598,GGG,2014J,0.1,0.08333333333333333
686645,CCC,2014J,0.0,0.0
686650,GGG,2014J,0.1,0.15384615384615385
686667,BBB,2014J,0.85,0.37777777777777777
686670,BBB,2014J,0.55,0.23404255319148937
686688,BBB,2014J,0.2,0.10810810810810811
686700,FFF,2014J,0.2,0.09090909090909091
686705,FFF,2014J,0.4,0.21052631578947367
686708,EEE,2014J,0.6,0.46153846153846156
686725,BBB,2014J,0.3,0.16666666666666666
686753,EEE,2014J,0.75,0.4838709677419355
686762,BBB,2014J,0.25,0.19230769230769232
686766,DDD,2014J,0.1,0.05555555555555555
686786,FFF,2014J,0.0,0.0
686791,BBB,2014J,0.65,0.34210526315789475
686822,BBB,2014J,0.5,0.2857142857142857
686837,BBB,2014J,0.2,0.25
686854,DDD,2014J,0.0,0.0
686871,DDD,2014J,0.0,0.0
686872,EEE,2014J,0.5,0.4
686907,CCC,2014J,0.05,0.041666666666666664
686913,EEE,2014J,0.45,0.5625
686918,GGG,2014J,0.4,0.1951219512195122
686921,GGG,2014J,0.2,0.13793103448275862
686938,BBB,2014J,0.2,0.12903225806451613
686940,BBB,2014J,0.45,0.21951219512195122
686946,FFF,2014J,0.45,0.16363636363636364
686953,BBB,2014J,0.0,0.0
686957,CCC,2014J,0.05,0.029411764705882353
686987,BBB,2014J,0.45,0.2647058823529412
687023,CCC,2014J,0.0,0.0
687023,EEE,2014J,0.4,0.5333333333333333
687033,FFF,2014J,0.05,0.3333333333333333
687037,BBB,2014J,0.65,0.24528301886792453
687050,DDD,2014J,0.0,0.0
687060,BBB,2014J,0.25,0.2777777777777778
687073,FFF,2014J,0.05,0.2
687112,FFF,2014J,0.45,0.18
687115,FFF,2014J,0.2,0.09302325581395349
687122,BBB,2014J,0.55,0.2
687157,BBB,2014J,0.45,0.25
687160,CCC,2014J,0.35,0.25
687173,BBB,2014J,0.7,0.3783783783783784
687185,BBB,2014J,0.1,0.16666666666666666
687190,CCC,2014J,0.1,0.045454545454545456
687194,EEE,2014J,0.4,0.6666666666666666
687206,CCC,2014J,0.05,0.023255813953488372
687216,CCC,2014J,0.3,0.14285714285714285
687217,BBB,2014J,0.15,0.1875
687242,EEE,2014J,0.75,0.625
687244,DDD,2014J,0.0,0.0
687288,FFF,2014J,0.0,0.0
687301,BBB,2014J,0.1,0.1111111111111111
687302,GGG,2014J,0.2,0.19047619047619047
687304,FFF,2014J,0.0,0.0
687310,CCC,2014J,0.0,0.0
687326,BBB,2014J,0.1,0.05714285714285714
687331,FFF,2014J,0.05,0.5
687341,FFF,2014J,0.0,0.0
687345,FFF,2014J,0.0,0.0
687351,FFF,2014J,0.55,0.22
687370,EEE,2014J,0.7,0.6363636363636364
687378,BBB,2014J,0.6,0.2857142857142857
687379,BBB,2014J,0.7,0.2692307692307692
687384,DDD,2014J,0.0,0.0
687402,BBB,2014J,0.35,0.175
687406,BBB,2014J,0.2,0.2222222222222222
687410,FFF,2014J,0.65,0.14285714285714285
687411,DDD,2014J,0.15,0.06
687421,BBB,2014J,0.45,0.20930232558139536
687434,FFF,2014J,0.5,0.12987012987012986
687446,DDD,2014J,0.25,0.1
687468,FFF,2014J,0.35,0.11666666666666667
687485,FFF,2014J,0.3,0.11320754716981132
687503,FFF,2014J,0.7,0.14893617021276595
687523,GGG,2014J,0.05,0.058823529411764705
687525,FFF,2014J,0.0,0.0
687533,BBB,2014J,0.35,0.20588235294117646
687563,EEE,2014J,0.75,0.42857142857142855
687566,BBB,2014J,0.5,0.2857142857142857
687574,EEE,2014J,0.55,0.4074074074074074
687575,BBB,2014J,0.1,0.0625
687600,DDD,2014J,0.05,0.02857142857142857
687620,GGG,2014J,0.15,0.08823529411764706
687653,GGG,2014J,0.05,0.07142857142857142
687683,BBB,2014J,0.4,0.18181818181818182
687686,CCC,2014J,0.1,0.125
687686,FFF,2014J,0.0,0.0
687688,BBB,2014J,0.4,0.21621621621621623
687698,AAA,2014J,0.15,0.3333333333333333
687720,DDD,2014J,0.05,0.05
687722,GGG,2014J,0.15,0.12
687757,EEE,2014J,0.85,0.5862068965517241
687766,EEE,2014J,0.6,0.5217391304347826
687769,BBB,2014J,0.35,0.19444444444444445
687772,CCC,2014J,0.0,0.0
687772,EEE,2014J,0.75,0.5357142857142857
687780,GGG,2014J,0.3,0.1875
687781,DDD,2014J,0.1,0.024691358024691357
687792,DDD,2014J,0.0,0.0
687821,GGG,2014J,0.25,0.16129032258064516
687823,DDD,2014J,0.15,0.0375
687835,DDD,2014J,0.0,0.0
687844,CCC,2014J,0.0,0.0
687844,EEE,2014J,0.7,0.5384615384615384
687846,FFF,2014J,0.25,0.13157894736842105
687861,DDD,2014J,0.0,0.0
687877,CCC,2014J,0.3,0.12
687910,FFF,2014J,0.55,0.11
687930,FFF,2014J,0.8,0.0851063829787234
687931,FFF,2014J,0.15,0.06818181818181818
687945,EEE,2014J,0.75,0.5555555555555556
687975,DDD,2014J,0.25,0.08064516129032258
687981,CCC,2014J,0.0,0.0
687981,DDD,2014J,0.05,0.04
687988,FFF,2014J,0.45,0.15
688008,FFF,2014J,0.3,0.07058823529411765
688011,BBB,2014J,0.2,0.14285714285714285
688033,CCC,2014J,0.45,0.42857142857142855
688038,GGG,2014J,0.15,0.12
688050,GGG,2014J,0.0,0.0
688106,BBB,2014J,0.25,0.22727272727272727
688117,CCC,2014J,0.0,0.0
688118,EEE,2014J,0.75,0.6
688127,FFF,2014J,0.4,0.14545454545454545
688130,BBB,2014J,0.0,0.0
688133,EEE,2014J,0.4,0.4444444444444444
688135,BBB,2014J,0.55,0.34375
688136,FFF,2014J,0.7,0.16666666666666666
688144,BBB,2014J,0.05,0.1111111111111111
688167,BBB,2014J,0.25,0.16666666666666666
688175,DDD,2014J,0.05,0.034482758620689655
688192,FFF,2014J,0.5,0.10101010101010101
688199,GGG,2014J,0.15,0.1111111111111111
688208,BBB,2014J,0.05,0.16666666666666666
688225,FFF,2014J,0.05,0.1111111111111111
688265,FFF,2014J,0.15,0.16666666666666666
688281,CCC,2014J,0.2,0.1
688284,DDD,2014J,0.0,0.0
688287,EEE,2014J,0.4,0.47058823529411764
688310,EEE,2014J,0.8,0.45714285714285713
688337,CCC,2014J,0.0,0.0
688337,FFF,2014J,0.2,0.13333333333333333
688356,CCC,2014J,0.05,0.05263157894736842
688376,BBB,2014J,0.5,0.24390243902439024
688379,GGG,2014J,0.7,0.4827586206896552
688388,GGG,2014J,0.15,0.1111111111111111
688401,GGG,2014J,0.3,0.24
688404,EEE,2014J,0.1,0.4
688437,DDD,2014J,0.05,0.02857142857142857
688451,EEE,2014J,0.7,0.4827586206896552
688453,FFF,2014J,0.1,0.09090909090909091
688470,FFF,2014J,0.1,0.08
688513,BBB,2014J,0.25,0.16666666666666666
688519,BBB,2014J,0.55,0.28205128205128205
688521,CCC,2014J,0.05,0.0625
688525,DDD,2014J,0.5,0.15873015873015872
688533,CCC,2014J,0.25,0.17857142857142858
688543,FFF,2014J,0.5,0.12987012987012986
688571,DDD,2014J,0.05,0.022727272727272728
688592,DDD,2014J,0.0,0.0
688599,BBB,2014J,0.0,0.0
688608,DDD,2014J,0.0,0.0
688638,BBB,2014J,0.55,0.2682926829268293
688662,EEE,2014J,0.8,0.5517241379310345
688667,FFF,2014J,0.45,0.225
688685,FFF,2014J,0.6,0.14285714285714285
688707,CCC,2014J,0.0,0.0
688722,DDD,2014J,0.15,0.04477611940298507
688727,FFF,2014J,0.75,0.17857142857142858
688742,EEE,2014J,0.65,0.5
688763,EEE,2014J,0.5,0.5555555555555556
688770,CCC,2014J,0.0,0.0
688811,GGG,2014J,0.05,0.07692307692307693
688819,GGG,2014J,0.05,0.047619047619047616
688843,DDD,2014J,0.0,0.0
688870,EEE,2014J,0.65,0.7222222222222222
688891,FFF,2014J,0.25,0.14705882352941177
688895,FFF,2014J,0.7,0.15217391304347827
688904,FFF,2014J,0.05,0.14285714285714285
688911,DDD,2014J,0.15,0.046153846153846156
688924,EEE,2014J,0.7,0.4666666666666667
688954,BBB,2014J,0.25,0.1724137931034483
688976,FFF,2014J,0.05,0.1111111111111111
689004,CCC,2014J,0.0,0.0
689005,FFF,2014J,0.4,0.16666666666666666
689017,DDD,2014J,0.2,0.07142857142857142
689038,DDD,2014J,0.0,0.0
689050,CCC,2014J,0.15,0.11538461538461539
689050,DDD,2014J,0.0,0.0
689052,FFF,2014J,0.05,0.2
689056,FFF,2014J,0.2,0.16666666666666666
689065,GGG,2014J,0.2,0.13793103448275862
689069,BBB,2014J,0.05,0.5
689089,BBB,2014J,0.0,0.0
689094,BBB,2014J,0.05,0.03333333333333333
689095,BBB,2014J,0.25,0.125
689097,BBB,2014J,0.45,0.2647058823529412
689101,CCC,2014J,0.3,0.2727272727272727
689113,BBB,2014J,0.0,0.0
689124,BBB,2014J,0.3,0.21428571428571427
689129,BBB,2014J,0.05,0.06666666666666667
689131,BBB,2014J,0.5,0.29411764705882354
689132,BBB,2014J,0.3,0.20689655172413793
689135,DDD,2014J,0.3,0.075
689139,BBB,2014J,0.35,0.28
689141,BBB,2014J,0.1,0.16666666666666666
689147,BBB,2014J,0.0,0.0
689148,BBB,2014J,0.7,0.358974358974359
689157,BBB,2014J,0.25,0.15625
689161,EEE,2014J,0.6,0.75
689164,CCC,2014J,0.3,0.16216216216216217
689185,BBB,2014J,0.05,0.06666666666666667
689187,BBB,2014J,0.45,0.2571428571428571
689190,CCC,2014J,0.0,0.0
689190,DDD,2014J,0.0,0.0
689217,CCC,2014J,0.0,0.0
689217,EEE,2014J,0.5,0.5263157894736842
689228,BBB,2014J,0.05,0.25
689230,BBB,2014J,0.3,0.2222222222222222
689231,DDD,2014J,0.55,0.10891089108910891
689246,CCC,2014J,0.0,0.0
689250,EEE,2014J,0.65,0.3170731707317073
689260,FFF,2014J,0.45,0.1956521739130435
689265,BBB,2014J,0.1,0.2
689267,BBB,2014J,0.1,0.09090909090909091
689274,BBB,2014J,0.6,0.3
689280,FFF,2014J,0.65,0.11818181818181818
689287,BBB,2014J,0.45,0.23076923076923078
689288,EEE,2014J,0.7,0.5185185185185185
689309,EEE,2014J,0.2,0.2222222222222222
689329,BBB,2014J,0.15,0.23076923076923078
689333,BBB,2014J,0.25,0.2
689335,GGG,2014J,0.1,0.125
689346,DDD,2014J,0.0,0.0
689347,FFF,2014J,0.45,0.12857142857142856
689370,EEE,2014J,0.65,0.6190476190476191
689371,GGG,2014J,0.1,0.1
689389,EEE,2014J,0.7,0.6363636363636364
689397,BBB,2014J,0.0,0.0
689399,CCC,2014J,0.55,0.2682926829268293
689406,BBB,2014J,0.2,0.3333333333333333
689418,DDD,2014J,0.05,0.025
689433,GGG,2014J,0.1,0.08695652173913043
689436,CCC,2014J,0.1,0.18181818181818182
689444,FFF,2014J,0.25,0.17857142857142858
689485,GGG,2014J,0.0,0.0
689487,BBB,2014J,0.0,0.0
689493,BBB,2014J,0.25,0.38461538461538464
689503,GGG,2014J,0.15,0.14285714285714285
689563,BBB,2014J,0.35,0.22580645161290322
689574,DDD,2014J,0.2,0.07692307692307693
689594,GGG,2014J,0.05,0.041666666666666664
689636,GGG,2014J,0.1,0.1
689637,CCC,2014J,0.05,0.03225806451612903
689650,DDD,2014J,0.0,0.0
689662,BBB,2014J,0.4,0.1702127659574468
689665,BBB,2014J,0.6,0.2857142857142857
689727,BBB,2014J,0.05,0.05
689754,GGG,2014J,0.2,0.16666666666666666
689759,CCC,2014J,0.25,0.11627906976744186
689759,DDD,2014J,0.0,0.0
689763,EEE,2014J,0.4,0.3333333333333333
689768,BBB,2014J,0.0,0.0
689786,EEE,2014J,0.2,0.5
689792,CCC,2014J,0.0,0.0
689796,FFF,2014J,0.45,0.08411214953271028
689828,BBB,2014J,0.0,0.0
689832,FFF,2014J,0.25,0.19230769230769232
689838,GGG,2014J,0.0,0.0
689839,GGG,2014J,0.1,0.09523809523809523
689840,EEE,2014J,0.65,0.7647058823529411
689855,CCC,2014J,0.0,0.0
689855,FFF,2014J,0.25,0.078125
689878,GGG,2014J,0.65,0.40625
689896,BBB,2014J,0.1,0.2222222222222222
689921,DDD,2014J,0.3,0.20689655172413793
689924,FFF,2014J,0.05,0.023809523809523808
689925,BBB,2014J,0.05,0.1111111111111111
689936,BBB,2014J,0.05,0.14285714285714285
689956,DDD,2014J,0.0,0.0
689975,BBB,2014J,0.2,0.2
689983,EEE,2014J,0.8,0.5925925925925926
689990,DDD,2014J,0.15,0.04054054054054054
690003,BBB,2014J,0.3,0.2727272727272727
690016,EEE,2014J,0.4,0.4444444444444444
690029,GGG,2014J,0.1,0.1
690044,GGG,2014J,0.05,0.041666666666666664
690046,CCC,2014J,0.0,0.0
690057,GGG,2014J,0.1,0.2
690062,CCC,2014J,0.25,0.08196721311475409
690075,FFF,2014J,0.05,0.022727272727272728
690089,BBB,2014J,0.25,0.13157894736842105
690095,EEE,2014J,0.6,0.48
690116,BBB,2014J,0.35,0.2916666666666667
690133,DDD,2014J,0.0,0.0
690168,DDD,2014J,0.2,0.06896551724137931
690192,DDD,2014J,0.25,0.13513513513513514
690198,FFF,2014J,0.35,0.1076923076923077
690211,BBB,2014J,0.3,0.18181818181818182
690225,DDD,2014J,0.1,0.047619047619047616
690241,EEE,2014J,0.75,0.6818181818181818
690318,BBB,2014J,0.4,0.25806451612903225
690319,BBB,2014J,0.25,0.1724137931034483
690359,BBB,2014J,0.1,0.05714285714285714
690365,CCC,2014J,0.0,0.0
690365,DDD,2014J,0.0,0.0
690366,BBB,2014J,0.1,0.1
690370,EEE,2014J,0.8,0.64
690382,FFF,2014J,0.5,0.1724137931034483
690384,BBB,2014J,0.1,0.1111111111111111
690404,CCC,2014J,0.25,0.09259259259259259
690430,BBB,2014J,0.0,0.0
690439,CCC,2014J,0.0,0.0
690469,BBB,2014J,0.4,0.25
690471,GGG,2014J,0.0,0.0
690507,CCC,2014J,0.05,0.020833333333333332
690507,EEE,2014J,0.0,0.0
690525,EEE,2014J,0.6,0.5217391304347826
690553,EEE,2014J,0.7,0.5833333333333334
690579,GGG,2014J,0.35,0.2
690586,EEE,2014J,0.75,0.4838709677419355
690589,CCC,2014J,0.05,0.023809523809523808
690628,FFF,2014J,0.45,0.13432835820895522
690635,FFF,2014J,0.2,0.08695652173913043
690644,CCC,2014J,0.05,0.03333333333333333
690695,CCC,2014J,0.1,0.09523809523809523
690711,DDD,2014J,0.15,0.05357142857142857
690724,EEE,2014J,0.2,0.3076923076923077
690733,CCC,2014J,0.0,0.0
690733,DDD,2014J,0.0,0.0
690746,FFF,2014J,0.75,0.11029411764705882
690766,BBB,2014J,0.25,0.25
690767,BBB,2014J,0.25,0.2777777777777778
690832,FFF,2014J,0.6,0.23076923076923078
690867,DDD,2014J,0.0,0.0
690872,FFF,2014J,0.55,0.1746031746031746
690882,DDD,2014J,0.2,0.10256410256410256
690884,DDD,2014J,0.0,0.0
690902,BBB,2014J,0.6,0.25
690917,EEE,2014J,0.55,0.4583333333333333
690948,CCC,2014J,0.2,0.09523809523809523
690962,CCC,2014J,0.0,0.0
690962,FFF,2014J,0.0,0.0
690967,BBB,2014J,0.15,0.1
691006,BBB,2014J,0.0,0.0
691026,BBB,2014J,0.2,0.12121212121212122
691069,CCC,2014J,0.0,0.0
691069,DDD,2014J,0.0,0.0
691078,EEE,2014J,0.35,0.4666666666666667
691088,DDD,2014J,0.0,0.0
691094,BBB,2014J,0.15,0.11538461538461539
691106,BBB,2014J,0.0,0.0
691122,BBB,2014J,0.35,0.20588235294117646
691127,GGG,2014J,0.3,0.15789473684210525
691189,EEE,2014J,0.7,0.5185185185185185
691195,CCC,2014J,0.0,0.0
691202,DDD,2014J,0.15,0.07317073170731707
691207,DDD,2014J,0.0,0.0
691218,CCC,2014J,0.0,0.0
691218,EEE,2014J,0.6,0.5714285714285714
691229,GGG,2014J,0.3,0.17647058823529413
691248,EEE,2014J,0.1,0.5
691269,FFF,2014J,0.55,0.16666666666666666
691280,FFF,2014J,0.25,0.23809523809523808
691281,GGG,2014J,0.1,0.09523809523809523
691312,BBB,2014J,0.1,0.05128205128205128
691326,FFF,2014J,0.45,0.15517241379310345
691371,GGG,2014J,0.2,0.11764705882352941
691375,FFF,2014J,0.0,0.0
691413,BBB,2014J,0.5,0.3333333333333333
691428,DDD,2014J,0.0,0.0
691433,CCC,2014J,0.0,0.0
691444,DDD,2014J,0.0,0.0
691465,FFF,2014J,0.2,0.0975609756097561
691501,GGG,2014J,0.2,0.18181818181818182
691514,BBB,2014J,0.0,0.0
691519,GGG,2014J,0.15,0.15
691536,EEE,2014J,0.7,0.56
691550,CCC,2014J,0.1,0.07407407407407407
691556,GGG,2014J,0.3,0.17647058823529413
691577,GGG,2014J,0.0,0.0
691640,DDD,2014J,0.0,0.0
691683,BBB,2014J,0.4,0.2
691699,FFF,2014J,0.5,0.1694915254237288
691701,EEE,2014J,0.5,0.6666666666666666
691717,BBB,2014J,0.3,0.20689655172413793
691722,FFF,2014J,0.65,0.11926605504587157
691761,DDD,2014J,0.1,0.045454545454545456
691782,DDD,2014J,0.2,0.05555555555555555
691790,EEE,2014J,0.75,0.6
691834,DDD,2014J,0.05,0.04
691835,BBB,2014J,0.1,0.4
691843,CCC,2014J,0.25,0.20833333333333334
691851,BBB,2014J,0.35,0.19444444444444445
691856,BBB,2014J,0.0,0.0
691869,BBB,2014J,0.15,0.1875
691873,FFF,2014J,0.25,0.0847457627118644
691875,EEE,2014J,0.85,0.5151515151515151
691907,BBB,2014J,0.25,0.16129032258064516
691926,CCC,2014J,0.2,0.09090909090909091
691931,CCC,2014J,0.0,0.0
691932,FFF,2014J,0.55,0.13095238095238096
691997,BBB,2014J,0.0,0.0
692010,FFF,2014J,0.6,0.125
692018,GGG,2014J,0.25,0.19230769230769232
692097,FFF,2014J,0.4,0.18604651162790697
692105,CCC,2014J,0.25,0.14285714285714285
692164,BBB,2014J,0.7,0.35
692171,GGG,2014J,0.15,0.1111111111111111
692175,BBB,2014J,0.3,0.17647058823529413
692181,BBB,2014J,0.3,0.21428571428571427
692196,BBB,2014J,0.8,0.4444444444444444
692206,GGG,2014J,0.15,0.23076923076923078
692207,BBB,2014J,0.05,0.14285714285714285
692215,BBB,2014J,0.45,0.1875
692220,FFF,2014J,0.35,0.14583333333333334
692256,GGG,2014J,0.0,0.0
692297,FFF,2014J,0.05,0.125
692301,FFF,2014J,0.6,0.1875
692334,FFF,2014J,0.5,0.19230769230769232
692354,EEE,2014J,0.2,0.6666666666666666
692355,BBB,2014J,0.5,0.2777777777777778
692363,CCC,2014J,0.0,0.0
692384,BBB,2014J,0.1,0.25
692426,DDD,2014J,0.0,0.0
692454,FFF,2014J,0.45,0.21951219512195122
692473,BBB,2014J,0.0,0.0
692474,BBB,2014J,0.05,0.0625
692477,DDD,2014J,0.05,0.022222222222222223
692479,BBB,2014J,0.0,0.0
692484,BBB,2014J,0.4,0.27586206896551724
692490,CCC,2014J,0.05,0.04
692502,BBB,2014J,0.45,0.2571428571428571
692518,BBB,2014J,0.55,0.3142857142857143
692521,BBB,2014J,0.0,0.0
692522,BBB,2014J,0.25,0.19230769230769232
692525,BBB,2014J,0.05,0.1111111111111111
692534,EEE,2014J,0.4,0.47058823529411764
692544,BBB,2014J,0.25,0.23809523809523808
692553,BBB,2014J,0.25,0.35714285714285715
692572,BBB,2014J,0.5,0.24390243902439024
692603,CCC,2014J,0.0,0.0
692603,DDD,2014J,0.0,0.0
692609,BBB,2014J,0.5,0.30303030303030304
692612,FFF,2014J,0.8,0.11510791366906475
692632,FFF,2014J,0.0,0.0
692646,EEE,2014J,0.65,0.6190476190476191
692652,DDD,2014J,0.05,0.07692307692307693
692654,CCC,2014J,0.0,0.0
692805,BBB,2014J,0.75,0.3191489361702128
692827,BBB,2014J,0.6,0.3
692828,GGG,2014J,0.1,0.10526315789473684
692893,FFF,2014J,0.45,0.14754098360655737
692907,BBB,2014J,0.2,0.08333333333333333
692908,BBB,2014J,0.1,0.09090909090909091
692918,BBB,2014J,0.25,0.17857142857142858
692920,BBB,2014J,0.25,0.21739130434782608
692924,EEE,2014J,0.7,0.5
692928,CCC,2014J,0.7,0.2978723404255319
692928,EEE,2014J,0.0,0.0
692936,BBB,2014J,0.0,0.0
692943,BBB,2014J,0.65,0.34210526315789475
692946,FFF,2014J,0.0,0.0
692962,FFF,2014J,0.35,0.10294117647058823
692968,FFF,2014J,0.5,0.13513513513513514
692972,GGG,2014J,0.3,0.21428571428571427
692991,EEE,2014J,0.4,0.5
693053,GGG,2014J,0.05,0.06666666666666667
693058,CCC,2014J,0.5,0.2127659574468085
693058,DDD,2014J,0.0,0.0
693069,EEE,2014J,0.9,0.5454545454545454
693082,DDD,2014J,0.0,0.0
693085,DDD,2014J,0.05,0.017241379310344827
693091,BBB,2014J,0.3,0.17647058823529413
693098,BBB,2014J,0.05,0.08333333333333333
693111,CCC,2014J,0.0,0.0
693141,CCC,2014J,0.0,0.0
693145,DDD,2014J,0.0,0.0
693160,FFF,2014J,0.5,0.20833333333333334
693161,DDD,2014J,0.0,0.0
693162,FFF,2014J,0.7,0.12612612612612611
693182,CCC,2014J,0.1,0.10526315789473684
693197,FFF,2014J,0.35,0.11666666666666667
693204,CCC,2014J,0.0,0.0
693213,BBB,2014J,0.25,0.18518518518518517
693221,EEE,2014J,0.8,0.42105263157894735
693230,BBB,2014J,0.0,0.0
693235,EEE,2014J,0.7,0.4827586206896552
693236,FFF,2014J,0.4,0.1038961038961039
693294,DDD,2014J,0.0,0.0
693297,BBB,2014J,0.1,0.4
693302,CCC,2014J,0.0,0.0
693308,EEE,2014J,0.3,0.2857142857142857
693340,CCC,2014J,0.2,0.21052631578947367
693345,FFF,2014J,0.65,0.14444444444444443
693364,GGG,2014J,0.25,0.16666666666666666
693373,FFF,2014J,0.35,0.125
693380,BBB,2014J,0.1,0.25
693387,GGG,2014J,0.05,0.038461538461538464
693416,EEE,2014J,0.35,0.3684210526315789
693421,GGG,2014J,0.35,0.22580645161290322
693441,DDD,2014J,0.15,0.08108108108108109
693452,DDD,2014J,0.15,0.06382978723404255
693478,EEE,2014J,0.3,0.3157894736842105
693488,DDD,2014J,0.2,0.05128205128205128
693497,FFF,2014J,0.3,0.13043478260869565
693501,DDD,2014J,0.1,0.03333333333333333
693514,BBB,2014J,0.15,0.2
693519,FFF,2014J,0.05,0.043478260869565216
693565,DDD,2014J,0.0,0.0
693569,DDD,2014J,0.15,0.047619047619047616
693606,DDD,2014J,0.25,0.078125
693616,GGG,2014J,0.0,0.0
693628,FFF,2014J,0.3,0.0821917808219178
693635,BBB,2014J,0.0,0.0
693640,EEE,2014J,0.7,0.35
693682,BBB,2014J,0.5,0.2
693692,BBB,2014J,0.0,0.0
693747,CCC,2014J,0.05,0.022727272727272728
693752,BBB,2014J,0.05,0.125
693763,GGG,2014J,0.15,0.12
693764,FFF,2014J,0.1,0.044444444444444446
693788,GGG,2014J,0.0,0.0
693793,BBB,2014J,0.15,0.1875
693806,FFF,2014J,0.55,0.14102564102564102
693843,GGG,2014J,0.25,0.20833333333333334
693871,BBB,2014J,0.0,0.0
693873,FFF,2014J,0.15,0.08823529411764706
693902,DDD,2014J,0.05,0.015873015873015872
693903,FFF,2014J,0.55,0.171875
693907,FFF,2014J,0.45,0.11538461538461539
693910,EEE,2014J,0.3,0.42857142857142855
693938,CCC,2014J,0.85,0.5151515151515151
693959,EEE,2014J,0.4,0.47058823529411764
694006,DDD,2014J,0.0,0.0
694009,GGG,2014J,0.15,0.11538461538461539
694010,DDD,2014J,0.1,0.03076923076923077
694019,DDD,2014J,0.0,0.0
694070,GGG,2014J,0.0,0.0
694078,BBB,2014J,0.7,0.3181818181818182
694082,GGG,2014J,0.25,0.2
694103,CCC,2014J,0.4,0.125
694128,FFF,2014J,0.55,0.19298245614035087
694132,EEE,2014J,0.4,0.47058823529411764
694144,FFF,2014J,0.75,0.0949367088607595
694152,EEE,2014J,0.75,0.6521739130434783
694155,BBB,2014J,0.6,0.3870967741935484
694190,BBB,2014J,0.0,0.0
694212,CCC,2014J,0.0,0.0
694218,EEE,2014J,0.6,0.5454545454545454
694221,FFF,2014J,0.1,0.058823529411764705
694246,EEE,2014J,0.6,0.6
694284,FFF,2014J,0.0,0.0
694292,GGG,2014J,0.0,0.0
694304,EEE,2014J,0.05,0.5
694338,BBB,2014J,0.5,0.3333333333333333
694341,BBB,2014J,0.5,0.2
694342,BBB,2014J,0.6,0.3
694349,BBB,2014J,0.15,0.13636363636363635
694359,GGG,2014J,0.15,0.13043478260869565
694361,EEE,2014J,0.45,0.5625
694362,CCC,2014J,0.15,0.15789473684210525
694384,DDD,2014J,0.0,0.0
694416,GGG,2014J,0.0,0.0
694428,FFF,2014J,0.2,0.06451612903225806
694456,FFF,2014J,0.1,0.09090909090909091
694457,EEE,2014J,0.45,0.6
694470,GGG,2014J,0.25,0.16129032258064516
694472,CCC,2014J,0.0,0.0
694473,BBB,2014J,0.2,0.09090909090909091
694476,BBB,2014J,0.0,0.0
694490,BBB,2014J,0.3,0.24
694510,CCC,2014J,0.15,0.21428571428571427
694523,CCC,2014J,0.05,0.0625
694526,BBB,2014J,0.1,0.15384615384615385
694561,BBB,2014J,0.2,0.125
694563,CCC,2014J,0.15,0.17647058823529413
694571,EEE,2014J,0.6,0.48
694576,BBB,2014J,0.45,0.2727272727272727
694579,CCC,2014J,0.0,0.0
694579,EEE,2014J,0.2,0.16
694589,EEE,2014J,0.65,0.65
694616,BBB,2014J,0.2,0.26666666666666666
694622,FFF,2014J,0.45,0.17307692307692307
694634,DDD,2014J,0.0,0.0
694673,DDD,2014J,0.05,0.03125
694677,DDD,2014J,0.05,0.05555555555555555
694680,CCC,2014J,0.0,0.0
694680,EEE,2014J,0.4,0.4
694684,EEE,2014J,0.0,0.0
694698,DDD,2014J,0.25,0.06493506493506493
694706,BBB,2014J,0.05,0.3333333333333333
694716,FFF,2014J,0.45,0.11688311688311688
694723,GGG,2014J,0.15,0.1111111111111111
694726,CCC,2014J,0.1,0.09090909090909091
694729,GGG,2014J,0.2,0.15384615384615385
694779,EEE,2014J,0.5,0.3333333333333333
694782,GGG,2014J,0.05,0.045454545454545456
694792,BBB,2014J,0.5,0.43478260869565216
694807,CCC,2014J,0.0,0.0
694823,BBB,2014J,0.3,0.20689655172413793
694827,FFF,2014J,0.3,0.14634146341463414
694836,FFF,2014J,0.25,0.13513513513513514
694848,FFF,2014J,0.25,0.07936507936507936
694854,EEE,2014J,0.45,0.5294117647058824
694857,BBB,2014J,0.0,0.0
694860,CCC,2014J,0.1,0.05263157894736842
694871,CCC,2014J,0.05,0.05555555555555555
694871,DDD,2014J,0.0,0.0
694872,DDD,2014J,0.05,0.013513513513513514
694974,BBB,2014J,0.05,0.2
694976,DDD,2014J,0.1,0.04
694981,BBB,2014J,0.0,0.0
694983,BBB,2014J,0.55,0.2682926829268293
695001,BBB,2014J,0.35,0.19444444444444445
695014,BBB,2014J,0.25,0.1111111111111111
695021,BBB,2014J,0.05,0.03571428571428571
695027,BBB,2014J,0.3,0.15
695031,BBB,2014J,0.25,0.2631578947368421
695044,BBB,2014J,0.3,0.1935483870967742
695047,BBB,2014J,0.1,0.06060606060606061
695054,BBB,2014J,0.5,0.30303030303030304
695070,BBB,2014J,0.1,0.07407407407407407
695075,BBB,2014J,0.35,0.23333333333333334
695084,BBB,2014J,0.25,0.19230769230769232
695090,FFF,2014J,0.05,0.02040816326530612
695122,EEE,2014J,0.7,0.5185185185185185
695144,BBB,2014J,0.0,0.0
695148,BBB,2014J,0.35,0.21875
695169,FFF,2014J,0.4,0.12903225806451613
695183,DDD,2014J,0.0,0.0
695201,DDD,2014J,0.05,0.03571428571428571
695205,BBB,2014J,0.7,0.22950819672131148
695232,CCC,2014J,0.0,0.0
695235,BBB,2014J,0.45,0.24324324324324326
695247,BBB,2014J,0.6,0.2033898305084746
695251,FFF,2014J,0.0,0.0
695256,BBB,2014J,0.0,0.0
695259,BBB,2014J,0.15,0.125
695270,CCC,2014J,0.0,0.0
695270,DDD,2014J,0.0,0.0
695278,BBB,2014J,0.2,0.14285714285714285
695298,BBB,2014J,0.25,0.3333333333333333
695354,CCC,2014J,0.15,0.0967741935483871
695369,FFF,2014J,0.0,0.0
695405,BBB,2014J,0.05,0.07142857142857142
695432,DDD,2014J,0.0,0.0
695434,BBB,2014J,0.55,0.3333333333333333
695435,EEE,2014J,0.6,0.5
695461,BBB,2014J,0.0,0.0
695471,FFF,2014J,0.4,0.15384615384615385
695475,BBB,2014J,0.45,0.15789473684210525
695484,BBB,2014J,0.25,0.25
695485,FFF,2014J,0.3,0.12244897959183673
695503,DDD,2014J,0.0,0.0
695509,GGG,2014J,0.05,0.14285714285714285
695510,BBB,2014J,0.45,0.225
695518,CCC,2014J,0.05,0.09090909090909091
695535,BBB,2014J,0.15,0.09375
695550,FFF,2014J,0.05,0.25
695613,BBB,2014J,0.05,0.07142857142857142
695631,BBB,2014J,0.4,0.2962962962962963
695637,FFF,2014J,0.55,0.171875
695638,EEE,2014J,0.05,1.0
695643,CCC,2014J,0.05,0.1111111111111111
695643,DDD,2014J,0.0,0.0
695644,EEE,2014J,0.8,0.47058823529411764
695651,DDD,2014J,0.15,0.046875
695653,CCC,2014J,0.0,0.0
695653,EEE,2014J,0.15,0.375
695654,BBB,2014J,0.1,0.1
695655,GGG,2014J,0.25,0.15625
695668,EEE,2014J,0.35,0.4375
695673,CCC,2014J,0.0,0.0
695700,FFF,2014J,0.0,0.0
695729,FFF,2014J,0.85,0.1069182389937107
695732,CCC,2014J,0.05,0.015873015873015872
695735,DDD,2014J,0.05,0.125
695739,DDD,2014J,0.05,0.024390243902439025
695759,DDD,2014J,0.05,0.023809523809523808
695803,FFF,2014J,0.5,0.16393442622950818
695825,FFF,2014J,0.15,0.16666666666666666
695855,EEE,2014J,0.75,0.5555555555555556
695869,FFF,2014J,0.5,0.10989010989010989
695913,GGG,2014J,0.1,0.09523809523809523
695916,DDD,2014J,0.15,0.05263157894736842
695919,EEE,2014J,0.5,0.5263157894736842
695926,FFF,2014J,0.0,0.0
695932,EEE,2014J,0.3,0.4
695944,EEE,2014J,0.25,0.45454545454545453
695946,CCC,2014J,0.2,0.10810810810810811
695951,GGG,2014J,0.15,0.1875
695972,BBB,2014J,0.25,0.16666666666666666
696007,BBB,2014J,0.45,0.2
696039,FFF,2014J,0.15,0.06976744186046512
696043,FFF,2014J,0.45,0.1323529411764706
696072,DDD,2014J,0.0,0.0
696073,AAA,2014J,0.65,0.52
696082,FFF,2014J,0.5,0.14285714285714285
696128,EEE,2014J,0.45,0.47368421052631576
696132,DDD,2014J,0.0,0.0
696152,BBB,2014J,0.4,0.18181818181818182
696157,GGG,2014J,0.25,0.19230769230769232
696188,FFF,2014J,0.45,0.1323529411764706
696192,EEE,2014J,0.65,0.48148148148148145
696203,BBB,2014J,0.35,0.28
696271,CCC,2014J,0.8,0.34782608695652173
696275,FFF,2014J,0.6,0.13333333333333333
696301,BBB,2014J,0.3,0.25
696316,BBB,2014J,0.0,0.0
696318,FFF,2014J,0.25,0.10638297872340426
696324,CCC,2014J,0.0,0.0
696324,DDD,2014J,0.0,0.0
696325,EEE,2014J,0.15,0.75
696329,FFF,2014J,0.45,0.1323529411764706
696347,FFF,2014J,0.45,0.1323529411764706
696357,CCC,2014J,0.15,0.08108108108108109
696361,EEE,2014J,0.85,0.5151515151515151
696364,FFF,2014J,0.15,0.08823529411764706
696415,DDD,2014J,0.1,0.03636363636363636
696440,BBB,2014J,0.0,0.0
696469,CCC,2014J,0.1,0.1
696485,EEE,2014J,0.7,0.56
696501,CCC,2014J,0.05,0.125
696514,GGG,2014J,0.6,0.631578947368421
696515,CCC,2014J,0.1,0.08695652173913043
696577,EEE,2014J,0.5,0.45454545454545453
696578,AAA,2014J,0.05,0.3333333333333333
696583,FFF,2014J,0.4,0.16326530612244897
696616,BBB,2014J,0.25,0.14705882352941177
696653,FFF,2014J,0.0,0.0
696659,FFF,2014J,0.2,0.12903225806451613
696662,FFF,2014J,0.6,0.13043478260869565
696666,FFF,2014J,0.05,0.03125
696671,FFF,2014J,0.25,0.12195121951219512
696672,FFF,2014J,0.25,0.1388888888888889
696674,FFF,2014J,0.2,0.09090909090909091
696678,FFF,2014J,0.75,0.15789473684210525
696684,BBB,2014J,0.1,0.06896551724137931
696696,CCC,2014J,0.1,0.0625
696706,GGG,2014J,0.0,0.0
696712,GGG,2014J,0.0,0.0
696713,GGG,2014J,0.2,0.15384615384615385
696724,BBB,2014J,0.45,0.23684210526315788
696729,FFF,2014J,0.55,0.1864406779661017
696789,DDD,2014J,0.05,0.017543859649122806
696799,BBB,2014J,0.0,0.0
696803,BBB,2014J,0.15,0.16666666666666666
696804,BBB,2014J,0.15,0.10714285714285714
696826,DDD,2014J,0.0,0.0
696833,CCC,2014J,0.25,0.11904761904761904
696844,BBB,2014J,0.05,0.047619047619047616
696850,BBB,2014J,0.25,0.18518518518518517
696869,CCC,2014J,0.15,0.07692307692307693
696876,GGG,2014J,0.2,0.14285714285714285
697027,FFF,2014J,0.1,0.09090909090909091
697041,EEE,2014J,0.65,0.5652173913043478
697045,DDD,2014J,0.0,0.0
697101,DDD,2014J,0.05,0.030303030303030304
697113,EEE,2014J,0.6,0.631578947368421
697114,FFF,2014J,0.15,0.058823529411764705
697253,CCC,2014J,0.0,0.0
697253,EEE,2014J,0.55,0.4782608695652174
697255,FFF,2014J,0.45,0.15789473684210525
697314,GGG,2014J,0.2,0.10256410256410256
697325,GGG,2014J,0.25,0.19230769230769232
697328,GGG,2014J,0.15,0.15
697345,BBB,2014J,0.05,0.047619047619047616
697417,BBB,2014J,0.5,0.22727272727272727
697428,BBB,2014J,0.0,0.0
697433,DDD,2014J,0.0,0.0
697438,FFF,2014J,0.2,0.17391304347826086
697461,EEE,2014J,0.65,0.52
697474,DDD,2014J,0.05,0.043478260869565216
697478,FFF,2014J,0.4,0.18604651162790697
697482,EEE,2014J,0.0,0.0
697492,GGG,2014J,0.0,0.0
697561,BBB,2014J,0.5,0.38461538461538464
697562,BBB,2014J,0.35,0.3888888888888889
697567,CCC,2014J,0.95,0.2835820895522388
697574,BBB,2014J,0.8,0.2191780821917808
697578,BBB,2014J,0.55,0.22448979591836735
697649,BBB,2014J,0.45,0.2
697653,BBB,2014J,0.2,0.13333333333333333
697658,EEE,2014J,0.6,0.5454545454545454
697674,DDD,2014J,0.05,0.013157894736842105
697705,DDD,2014J,0.0,0.0
697754,BBB,2014J,0.35,0.25
697781,EEE,2014J,0.4,0.5333333333333333
697857,BBB,2014J,0.5,0.2564102564102564
697878,FFF,2014J,0.55,0.1774193548387097
697909,BBB,2014J,0.0,0.0
697948,DDD,2014J,0.0,0.0
697959,BBB,2014J,0.05,0.05263157894736842
697960,BBB,2014J,0.2,0.23529411764705882
697964,BBB,2014J,0.15,0.08571428571428572
697998,CCC,2014J,0.0,0.0
697998,FFF,2014J,0.2,0.07142857142857142
698002,CCC,2014J,0.2,0.07407407407407407
698010,BBB,2014J,0.2,0.23529411764705882
698011,EEE,2014J,0.7,0.5185185185185185
698015,FFF,2014J,0.35,0.12962962962962962
698016,DDD,2014J,0.0,0.0
698024,CCC,2014J,0.05,0.3333333333333333
698024,EEE,2014J,0.0,0.0
698092,EEE,2014J,0.05,0.16666666666666666
698163,GGG,2014J,0.2,0.2
698170,BBB,2014J,0.45,0.25
698180,BBB,2014J,0.4,0.25806451612903225
698198,BBB,2014J,0.1,0.05128205128205128
698199,BBB,2014J,0.3,0.3
698201,BBB,2014J,0.3,0.15
698203,BBB,2014J,0.0,0.0
698204,BBB,2014J,0.0,0.0
698206,BBB,2014J,0.1,0.15384615384615385
698207,BBB,2014J,0.55,0.2037037037037037
698208,BBB,2014J,0.05,0.3333333333333333
698256,BBB,2014J,0.35,0.1794871794871795
698299,CCC,2014J,0.25,0.09433962264150944
698300,EEE,2014J,0.75,0.5172413793103449
698345,BBB,2014J,0.7,0.358974358974359
698347,DDD,2014J,0.0,0.0
698355,CCC,2014J,0.6,0.2222222222222222
698355,EEE,2014J,0.0,0.0
698357,BBB,2014J,0.05,0.2
698359,CCC,2014J,0.05,0.030303030303030304
698362,BBB,2014J,0.6,0.3333333333333333
698369,BBB,2014J,0.6,0.3
698384,FFF,2014J,0.6,0.1875
698407,FFF,2014J,0.05,0.5
698413,EEE,2014J,0.7,0.5384615384615384
698417,EEE,2014J,0.4,0.36363636363636365
698420,BBB,2014J,0.3,0.13043478260869565
698432,BBB,2014J,0.2,0.3333333333333333
698460,GGG,2014J,0.1,0.07142857142857142
698463,BBB,2014J,0.0,0.0
698471,BBB,2014J,0.6,0.2727272727272727
698485,FFF,2014J,0.4,0.15384615384615385
698494,BBB,2014J,0.15,0.13043478260869565
698507,BBB,2014J,0.4,0.1702127659574468
698509,BBB,2014J,0.4,0.19047619047619047
698548,GGG,2014J,0.05,0.05263157894736842
698598,CCC,2014J,0.0,0.0
698598,EEE,2014J,0.0,0.0
698656,FFF,2014J,0.3,0.09523809523809523
699007,BBB,2014J,0.8,0.3137254901960784
699126,FFF,2014J,0.15,0.06666666666666667
699127,FFF,2014J,0.1,0.05128205128205128
699128,FFF,2014J,0.45,0.21951219512195122
699134,EEE,2014J,0.8,0.41025641025641024
699135,EEE,2014J,0.3,0.6666666666666666
699136,EEE,2014J,0.0,0.0
699142,EEE,2014J,0.1,0.6666666666666666
699153,BBB,2014J,0.05,0.14285714285714285
699170,EEE,2014J,0.45,0.5
699417,DDD,2014J,0.05,0.03125
699435,BBB,2014J,0.55,0.3235294117647059
699436,BBB,2014J,0.5,0.3225806451612903
699437,BBB,2014J,0.15,0.125
699440,EEE,2014J,0.75,0.6521739130434783
699461,GGG,2014J,0.05,0.043478260869565216
699488,BBB,2014J,0.45,0.28125
699498,BBB,2014J,0.7,0.24561403508771928
699503,BBB,2014J,0.25,0.17857142857142858
699628,GGG,2014J,0.2,0.26666666666666666
699651,BBB,2014J,0.3,0.1875
699656,BBB,2014J,0.4,0.1568627450980392
700079,BBB,2014J,0.45,0.391304347826087
700086,BBB,2014J,0.3,0.1935483870967742
700441,BBB,2014J,0.75,0.3191489361702128
700458,BBB,2014J,0.1,0.16666666666666666
700815,BBB,2014J,0.15,0.2727272727272727
700820,BBB,2014J,0.4,0.26666666666666666
704156,AAA,2013J,0.5,0.30303030303030304
705379,AAA,2013J,0.9,0.33962264150943394
749412,AAA,2013J,0.7,0.3888888888888889
760729,AAA,2013J,0.75,0.38461538461538464
879295,DDD,2014B,0.05,0.09090909090909091
895524,FFF,2014J,0.6,0.12903225806451613
898594,FFF,2013J,0.6,0.0967741935483871
905042,AAA,2013J,0.55,0.3333333333333333
907261,DDD,2013B,0.2,0.06349206349206349
909056,DDD,2014B,0.3,0.1016949152542373
917586,CCC,2014B,0.2,0.16
925553,CCC,2014B,0.0,0.0
928248,FFF,2013B,0.25,0.07692307692307693
941282,CCC,2014J,0.85,0.21794871794871795
943374,CCC,2014J,0.3,0.16216216216216217
943374,EEE,2013J,0.0,0.0
949548,CCC,2014B,0.15,0.06818181818181818
949618,AAA,2013J,0.65,0.3939393939393939
957467,DDD,2013B,0.2,0.09302325581395349
958987,AAA,2013J,0.35,0.21875
963176,DDD,2014B,0.0,0.0
965763,EEE,2013J,0.45,0.4090909090909091
968578,AAA,2013J,0.45,0.28125
969076,AAA,2013J,0.2,0.2
971027,AAA,2013J,0.6,0.27906976744186046
973364,FFF,2013J,0.05,0.09090909090909091
973526,CCC,2014J,0.0,0.0
978739,AAA,2013J,0.45,0.21951219512195122
983970,DDD,2013J,0.0,0.0
984347,FFF,2013J,0.15,0.04477611940298507
984619,CCC,2014B,0.35,0.125
985062,FFF,2013J,0.2,0.0392156862745098
986561,CCC,2014J,0.0,0.0
988019,FFF,2013B,0.1,0.046511627906976744
988019,FFF,2013J,0.0,0.0
990155,FFF,2013J,0.25,0.07575757575757576
991843,EEE,2013J,0.8,0.5333333333333333
992544,CCC,2014B,0.0,0.0
996047,EEE,2014B,0.5,0.43478260869565216
998493,AAA,2014J,0.9,0.5294117647058824
999174,FFF,2013B,0.45,0.07563025210084033
1008675,BBB,2013B,0.15,0.0967741935483871
1021350,FFF,2014J,0.1,0.06666666666666667
1023623,CCC,2014J,0.05,0.03225806451612903
1031884,CCC,2014J,0.0,0.0
1031884,DDD,2014B,0.1,0.03125
1034674,FFF,2013B,0.6,0.096
1035023,AAA,2013J,0.85,0.4473684210526316
1038161,CCC,2014B,0.1,0.10526315789473684
1042726,FFF,2014J,0.2,0.16
1044992,DDD,2013B,0.15,0.06976744186046512
1045203,AAA,2014J,0.55,0.6111111111111112
1049036,DDD,2014B,0.2,0.08695652173913043
1053702,EEE,2013J,0.7,0.5
1054876,FFF,2013B,0.0,0.0
1057883,CCC,2014B,0.1,0.07692307692307693
1064492,FFF,2013J,0.3,0.09523809523809523
1065824,FFF,2013J,0.05,0.02
1068316,CCC,2014J,0.0,0.0
1068316,DDD,2013B,0.15,0.07317073170731707
1072259,FFF,2014B,0.15,0.09375
1073766,CCC,2014B,0.0,0.0
1073766,EEE,2013J,0.6,0.42857142857142855
1073767,FFF,2013B,0.35,0.06796116504854369
1076015,CCC,2014J,0.35,0.35
1078701,CCC,2014J,0.0,0.0
1078701,DDD,2014J,0.15,0.06818181818181818
1080206,DDD,2013J,0.2,0.07547169811320754
1082062,DDD,2014J,0.0,0.0
1087710,CCC,2014B,0.05,0.14285714285714285
1090738,FFF,2013B,0.2,0.1
1091274,CCC,2014J,0.0,0.0
1095916,CCC,2014B,0.0,0.0
1095916,DDD,2013B,0.1,0.041666666666666664
1097354,FFF,2013B,0.35,0.06481481481481481
1098728,BBB,2013B,0.0,0.0
1100143,FFF,2013J,0.75,0.1079136690647482
1100639,CCC,2014B,0.15,0.08571428571428572
1101190,CCC,2014J,0.25,0.1282051282051282
1103608,DDD,2013J,0.2,0.07692307692307693
1105438,BBB,2013J,0.0,0.0
1105478,AAA,2013J,0.2,0.2222222222222222
1105628,DDD,2013B,0.0,0.0
1112555,AAA,2014J,0.6,0.2608695652173913
1115623,CCC,2014B,0.2,0.08695652173913043
1118284,FFF,2013B,0.3,0.05084745762711865
1118432,BBB,2014J,0.3,0.1935483870967742
1127413,BBB,2014B,0.0,0.0
1170618,BBB,2013J,0.15,0.07894736842105263
1173473,DDD,2014J,0.0,0.0
1183831,AAA,2014J,0.0,0.0
1187586,CCC,2014B,0.0,0.0
1187586,DDD,2013J,0.25,0.06578947368421052
1268696,AAA,2014J,0.05,0.16666666666666666
1268772,CCC,2014B,0.05,0.05
1268772,EEE,2014B,0.0,0.0
1270832,CCC,2014B,0.05,0.03125
1282596,DDD,2013J,0.4,0.15384615384615385
1301103,CCC,2014J,0.05,0.034482758620689655
1311171,CCC,2014B,0.0,0.0
1311171,DDD,2013B,0.4,0.0963855421686747
1318759,FFF,2014J,0.45,0.14754098360655737
1319732,GGG,2013J,0.5,0.4166666666666667
1319999,FFF,2013J,0.3,0.06593406593406594
1332356,CCC,2014J,0.0,0.0
1332356,DDD,2014B,0.1,0.1
1332514,CCC,2014J,0.0,0.0
1332999,BBB,2014B,0.0,0.0
1334225,EEE,2014J,0.8,0.45714285714285713
1336190,AAA,2014J,0.3,0.4
1337055,FFF,2013B,0.5,0.10989010989010989
1340760,CCC,2014J,0.0,0.0
1340760,FFF,2014B,0.5,0.16393442622950818
1340766,BBB,2013J,0.1,0.08333333333333333
1341096,GGG,2013J,0.6,0.6
1341507,BBB,2014B,0.1,0.14285714285714285
1345808,CCC,2014J,0.0,0.0
1345808,DDD,2013J,0.5,0.1282051282051282
1347198,FFF,2013B,0.35,0.08333333333333333
1347253,GGG,2013J,0.05,0.041666666666666664
1347447,DDD,2013B,0.2,0.08333333333333333
1348205,FFF,2014J,0.6,0.10810810810810811
1351739,DDD,2013B,0.45,0.11392405063291139
1352733,CCC,2014J,0.25,0.10204081632653061
1352868,AAA,2013J,0.0,0.0
1352868,AAA,2014J,0.4,0.3076923076923077
1354095,EEE,2014J,0.7,0.5
1355699,DDD,2013J,0.1,0.058823529411764705
1359554,FFF,2013J,0.2,0.0975609756097561
1360878,DDD,2014J,0.0,0.0
1360953,CCC,2014J,0.05,0.03225806451612903
1375851,DDD,2013J,0.25,0.05555555555555555
1380308,DDD,2014J,0.1,0.09090909090909091
1382719,DDD,2014J,0.05,0.02
1390051,FFF,2013J,0.1,0.125
1391717,FFF,2014J,0.25,0.10638297872340426
1392016,DDD,2013B,0.15,0.21428571428571427
1393589,BBB,2014B,0.15,0.13636363636363635
1397617,FFF,2013J,0.3,0.07792207792207792
1397662,FFF,2013B,0.45,0.06818181818181818
1398489,FFF,2014B,0.4,0.14545454545454545
1398979,AAA,2014J,0.65,0.41935483870967744
1399285,BBB,2013J,0.0,0.0
1401935,AAA,2013J,0.0,0.0
1402638,AAA,2013J,0.5,0.3225806451612903
1405453,GGG,2014J,0.15,0.13043478260869565
1405594,BBB,2013J,0.0,0.0
1406920,BBB,2014B,0.1,0.25
1409532,FFF,2014J,0.2,0.15384615384615385
1410398,EEE,2014B,0.35,0.30434782608695654
1411627,BBB,2013J,0.05,0.03571428571428571
1413027,GGG,2014B,0.4,0.4
1413902,FFF,2014J,0.4,0.13114754098360656
1414443,AAA,2013J,0.5,0.3225806451612903
1416784,CCC,2014B,0.0,0.0
1417707,FFF,2013J,0.35,0.0660377358490566
1420537,FFF,2013J,0.35,0.08333333333333333
1420575,GGG,2014J,0.0,0.0
1421720,BBB,2013J,0.0,0.0
1422737,GGG,2014B,0.2,0.16
1425806,FFF,2014B,0.9,0.17307692307692307
1429504,EEE,2014J,0.7,0.4375
1432518,BBB,2014J,0.05,0.058823529411764705
1436558,FFF,2013B,0.05,0.02
1436591,BBB,2013B,0.1,0.10526315789473684
1439723,CCC,2014J,0.0,0.0
1440072,FFF,2013B,0.2,0.08
1440341,BBB,2013J,0.4,0.12121212121212122
1440467,CCC,2014B,0.0,0.0
1440467,DDD,2013J,0.3,0.09230769230769231
1442215,DDD,2014J,0.0,0.0
1442706,FFF,2013B,0.0,0.0
1442981,CCC,2014J,0.0,0.0
1442991,CCC,2014B,0.0,0.0
1442991,DDD,2013J,0.25,0.10869565217391304
1444134,DDD,2013B,0.35,0.09333333333333334
1444520,FFF,2013B,0.3,0.05309734513274336
1446954,DDD,2013B,0.15,0.1
1448966,FFF,2014J,0.4,0.11428571428571428
1449245,CCC,2014J,0.0,0.0
1449692,DDD,2013J,0.3,0.1111111111111111
1450604,FFF,2014J,0.7,0.14432989690721648
1453140,BBB,2014J,0.05,0.2
1453691,BBB,2014B,0.0,0.0
1457691,EEE,2014B,0.45,0.47368421052631576
1461795,CCC,2014J,0.0,0.0
1464952,FFF,2013B,0.2,0.07017543859649122
1465407,FFF,2014B,0.35,0.109375
1465690,AAA,2013J,0.8,0.35555555555555557
1467014,BBB,2013J,0.9,0.2857142857142857
1470291,CCC,2014B,0.0,0.0
1470291,DDD,2013B,0.1,0.0425531914893617
1470552,GGG,2013J,0.0,0.0
1471214,AAA,2014J,0.5,0.2857142857142857
1472925,AAA,2013J,0.3,0.24
1472925,AAA,2014J,0.0,0.0
1473878,FFF,2014J,0.4,0.12903225806451613
1474869,CCC,2014B,0.2,0.08333333333333333
1474903,CCC,2014J,0.05,0.024390243902439025
1477284,FFF,2014J,0.2,0.2857142857142857
1478030,CCC,2014J,0.2,0.4444444444444444
1478775,CCC,2014J,0.05,0.05263157894736842
1480800,BBB,2013B,0.3,0.2727272727272727
1482413,DDD,2014J,0.0,0.0
1482413,FFF,2013J,0.0,0.0
1483632,CCC,2014J,0.3,0.2608695652173913
1483814,EEE,2014J,0.2,0.16666666666666666
1484804,AAA,2014J,0.3,0.23076923076923078
1485702,CCC,2014J,0.05,0.045454545454545456
1486048,BBB,2014J,0.05,0.125
1487084,EEE,2013J,0.5,0.38461538461538464
1488959,AAA,2013J,0.45,0.2647058823529412
1490624,CCC,2014J,0.05,0.041666666666666664
1490624,EEE,2014J,0.0,0.0
1492571,FFF,2013J,0.5,0.06134969325153374
1493476,BBB,2013B,0.05,0.05263157894736842
1493739,CCC,2014B,0.3,0.17142857142857143
1494577,FFF,2013J,0.15,0.03614457831325301
1497480,DDD,2013J,0.05,0.2
1497822,EEE,2014J,0.6,0.5217391304347826
1498979,GGG,2013J,0.65,0.41935483870967744
1500410,FFF,2013B,0.25,0.09433962264150944
1500950,EEE,2014B,0.55,0.5238095238095238
1501577,CCC,2014J,0.0,0.0
1501577,FFF,2014J,0.1,0.038461538461538464
1501614,CCC,2014J,0.0,0.0
1502193,BBB,2014B,0.0,0.0
1503056,BBB,2013J,0.0,0.0
1504653,FFF,2013J,0.4,0.09090909090909091
1507503,DDD,2013J,0.3,0.08108108108108109
1509881,DDD,2013J,0.4,0.11594202898550725
1510198,DDD,2013B,0.05,0.015625
1510285,FFF,2013B,0.35,0.1044776119402985
1511033,AAA,2014J,0.5,0.3448275862068966
1513001,FFF,2013J,0.3,0.09090909090909091
1515509,FFF,2013J,0.4,0.08080808080808081
1518989,AAA,2013J,0.5,0.29411764705882354
1521540,BBB,2013B,0.15,0.08108108108108109
1522631,DDD,2013J,0.45,0.10588235294117647
1525567,BBB,2014B,0.1,0.15384615384615385
1526059,FFF,2014B,0.35,0.09722222222222222
1526210,DDD,2014J,0.0,0.0
1526770,BBB,2014J,0.4,0.20512820512820512
1529371,EEE,2013J,0.35,0.4117647058823529
1530521,DDD,2013J,0.3,0.10909090909090909
1531287,FFF,2013B,0.35,0.0945945945945946
1532711,FFF,2014J,0.05,0.07692307692307693
1532840,FFF,2013B,0.1,0.05128205128205128
1533277,BBB,2014J,0.4,0.2962962962962963
1534494,CCC,2014B,0.0,0.0
1534560,FFF,2013B,0.3,0.08450704225352113
1534854,DDD,2013B,0.15,0.11538461538461539
1536122,BBB,2014J,0.4,0.23529411764705882
1536138,FFF,2013B,0.2,0.0547945205479452
1536591,BBB,2013B,0.0,0.0
1536774,BBB,2013J,0.05,0.029411764705882353
1537673,GGG,2013J,0.0,0.0
1540042,BBB,2014B,0.2,0.18181818181818182
1541133,BBB,2013J,0.0,0.0
1541472,FFF,2013J,0.2,0.09523809523809523
1541906,EEE,2013J,0.3,0.6
1547646,BBB,2014J,0.5,0.2564102564102564
1548052,FFF,2014B,0.0,0.0
1549107,DDD,2014B,0.7,0.18181818181818182
1552044,CCC,2014J,0.0,0.0
1552044,DDD,2014B,0.25,0.078125
1554143,CCC,2014J,0.0,0.0
1554143,DDD,2014B,0.0,0.0
1554143,FFF,2013B,0.1,0.06666666666666667
1559428,BBB,2014B,0.05,0.5
1559964,FFF,2013J,0.65,0.09420289855072464
1560989,BBB,2014J,0.0,0.0
1561431,CCC,2014B,0.15,0.13043478260869565
1561750,CCC,2014J,0.0,0.0
1561750,EEE,2013J,0.5,0.4
1563696,BBB,2014J,0.15,0.09090909090909091
1564630,CCC,2014J,0.0,0.0
1564630,DDD,2013J,0.1,0.07692307692307693
1564706,BBB,2014J,0.4,0.21621621621621623
1567505,EEE,2013J,0.4,0.4
1568828,CCC,2014B,0.4,0.24242424242424243
1569426,DDD,2013J,0.35,0.08139534883720931
1573624,EEE,2014B,0.4,0.4
1574398,BBB,2013B,0.1,0.08333333333333333
1576513,AAA,2014J,0.85,0.4594594594594595
1577134,DDD,2013B,0.2,0.06451612903225806
1578222,FFF,2014B,0.4,0.13793103448275862
1580084,DDD,2013J,0.1,0.14285714285714285
1581243,DDD,2013J,0.15,0.06
1583847,CCC,2014J,0.0,0.0
1585671,FFF,2014J,0.55,0.08270676691729323
1587817,DDD,2013B,0.0,0.0
1588621,FFF,2014J,0.0,0.0
1589066,DDD,2014J,0.15,0.057692307692307696
1591864,DDD,2014B,0.25,0.08064516129032258
1591864,DDD,2014J,0.0,0.0
1592048,CCC,2014J,0.0,0.0
1592048,DDD,2014B,0.4,0.08695652173913043
1593442,CCC,2014J,0.2,0.09302325581395349
1593730,DDD,2014J,0.25,0.056818181818181816
1594621,BBB,2013J,0.2,0.0975609756097561
1601739,DDD,2014J,0.0,0.0
1603549,FFF,2014J,0.5,0.10416666666666667
1609002,AAA,2014J,0.55,0.3548387096774194
1610188,DDD,2013J,0.0,0.0
1611842,DDD,2013B,0.35,0.1346153846153846
1611973,BBB,2014B,0.05,0.07692307692307693
1612600,DDD,2014B,0.8,0.22535211267605634
1614181,FFF,2013B,0.05,0.03225806451612903
1615392,FFF,2014B,0.3,0.12
1618172,EEE,2014B,0.55,0.3548387096774194
1618738,AAA,2013J,0.1,0.125
1620151,AAA,2013J,0.1,0.125
1621041,FFF,2013J,0.0,0.0
1622020,DDD,2013B,0.25,0.038461538461538464
1623795,BBB,2014J,0.45,0.1836734693877551
1624025,DDD,2014B,0.0,0.0
1624025,DDD,2014J,0.0,0.0
1624443,BBB,2014B,0.25,0.23809523809523808
1624707,BBB,2013J,0.25,0.2631578947368421
1625718,BBB,2014B,0.2,0.17391304347826086
1626021,BBB,2014B,0.05,0.03571428571428571
1626418,DDD,2013B,0.0,0.0
1626710,AAA,2013J,0.7,0.2978723404255319
1627017,BBB,2013J,0.05,0.038461538461538464
1627052,FFF,2014B,0.25,0.06097560975609756
1629771,AAA,2014J,0.15,0.2
1631797,FFF,2014J,0.5,0.15625
1632487,CCC,2014B,0.15,0.08108108108108109
1633695,BBB,2014B,0.1,0.25
1634278,CCC,2014J,0.0,0.0
1634278,FFF,2013J,0.35,0.04516129032258064
1636725,FFF,2013J,0.3,0.11538461538461539
1638119,DDD,2013B,0.45,0.1111111111111111
1638548,EEE,2013J,0.45,0.45
1639699,FFF,2014J,0.4,0.09411764705882353
1640609,AAA,2013J,0.7,0.3333333333333333
1640680,FFF,2014J,0.7,0.14736842105263157
1640773,DDD,2013B,0.25,0.11627906976744186
1641117,FFF,2014B,0.35,0.11864406779661017
1641344,FFF,2013J,0.8,0.12598425196850394
1644266,DDD,2013J,0.0,0.0
1644647,FFF,2013J,0.3,0.06896551724137931
1646172,CCC,2014J,0.0,0.0
1651198,DDD,2013B,0.15,0.06666666666666667
1656486,CCC,2014J,0.0,0.0
1656979,BBB,2014J,0.1,0.2222222222222222
1658963,CCC,2014J,0.0,0.0
1658963,FFF,2014J,0.0,0.0
1659662,BBB,2013B,0.4,0.26666666666666666
1661490,DDD,2014J,0.05,0.019230769230769232
1661805,EEE,2014B,0.6,0.48
1664280,BBB,2014J,0.3,0.25
1664920,DDD,2013B,0.25,0.09259259259259259
1667087,DDD,2014J,0.1,0.02857142857142857
1667346,EEE,2013J,0.6,0.46153846153846156
1668372,DDD,2014B,0.0,0.0
1668504,FFF,2013B,0.45,0.15
1671022,CCC,2014J,0.05,0.05263157894736842
1671761,DDD,2014B,0.05,0.03225806451612903
1671811,CCC,2014B,0.0,0.0
1671811,DDD,2014B,0.05,0.024390243902439025
1674799,CCC,2014J,0.0,0.0
1674799,EEE,2014J,0.3,0.15789473684210525
1674804,GGG,2013J,0.1,0.07692307692307693
1677677,FFF,2014J,0.55,0.15714285714285714
1678401,BBB,2013B,0.0,0.0
1678445,GGG,2013J,0.25,0.15625
1678800,CCC,2014B,0.0,0.0
1678800,DDD,2013J,0.2,0.08
1679610,EEE,2014J,0.7,0.6086956521739131
1679727,DDD,2013J,0.15,0.09375
1679862,DDD,2013J,0.3,0.13043478260869565
1681946,CCC,2014J,0.05,0.125
1683803,FFF,2014B,0.9,0.09230769230769231
1684787,DDD,2013J,0.1,0.1111111111111111
1687996,DDD,2013J,0.2,0.07407407407407407
1687996,DDD,2014J,0.0,0.0
1689069,DDD,2013J,0.4,0.07920792079207921
1689081,GGG,2014J,0.45,0.5294117647058824
1689639,AAA,2014J,0.0,0.0
1689730,FFF,2013B,0.2,0.10526315789473684
1690836,DDD,2013B,0.45,0.09574468085106383
1691815,CCC,2014B,0.35,0.3888888888888889
1692156,CCC,2014J,0.25,0.1111111111111111
1694120,FFF,2013J,0.25,0.06756756756756757
1694780,CCC,2014B,0.0,0.0
1695710,BBB,2013J,0.2,0.0851063829787234
1696174,DDD,2013B,0.4,0.0975609756097561
1699264,GGG,2013J,0.0,0.0
1699445,FFF,2013B,0.1,0.03508771929824561
1700371,EEE,2014B,0.5,0.5263157894736842
1713615,DDD,2013J,0.2,0.08333333333333333
1715237,CCC,2014B,0.2,0.1
1715896,AAA,2014J,0.5,0.3448275862068966
1716492,DDD,2013J,0.3,0.1111111111111111
1719114,BBB,2014B,0.2,0.26666666666666666
1719566,DDD,2013B,0.35,0.10144927536231885
1720448,GGG,2013J,0.75,0.5
1720712,FFF,2013B,0.15,0.04054054054054054
1721270,AAA,2014J,0.35,0.3181818181818182
1721462,BBB,2013B,0.0,0.0
1721891,DDD,2013J,0.1,0.06666666666666667
1722493,FFF,2014J,0.45,0.11842105263157894
1723019,DDD,2013J,0.1,0.10526315789473684
1723564,DDD,2014J,0.05,0.02
1723749,BBB,2014J,0.2,0.16
1725109,EEE,2013J,0.7,0.5
1726951,BBB,2013J,0.4,0.25
1728437,BBB,2013B,0.0,0.0
1729319,AAA,2013J,0.45,0.20930232558139536
1729833,GGG,2013J,0.05,0.05555555555555555
1730702,BBB,2013B,0.0,0.0
1730702,BBB,2014B,0.0,0.0
1731564,BBB,2013J,0.0,0.0
1732219,BBB,2014B,0.1,0.1
1732956,BBB,2014J,0.7,0.3783783783783784
1733023,BBB,2014J,0.5,0.21739130434782608
1733160,DDD,2014J,0.0,0.0
1733664,FFF,2014J,0.15,0.15789473684210525
1734156,GGG,2014J,0.0,0.0
1735651,DDD,2014B,0.05,0.022222222222222223
1735653,DDD,2014B,0.1,0.16666666666666666
1738364,FFF,2014B,0.4,0.1111111111111111
1738582,CCC,2014J,0.15,0.08333333333333333
1739026,CCC,2014B,0.2,0.0851063829787234
1742834,FFF,2013B,0.4,0.09876543209876543
1744817,FFF,2014B,0.25,0.1
1746134,AAA,2013J,0.65,0.3170731707317073
1747824,DDD,2014J,0.2,0.10256410256410256
1747892,BBB,2013B,0.4,0.11940298507462686
1752098,CCC,2014J,0.05,0.07142857142857142
1752813,CCC,2014J,0.0,0.0
1752834,BBB,2014J,0.55,0.2619047619047619
1752994,FFF,2014J,0.65,0.1111111111111111
1753235,DDD,2013J,0.05,0.5
1753458,CCC,2014B,0.3,0.13636363636363635
1753965,BBB,2013B,0.3,0.15384615384615385
1755594,FFF,2014J,0.45,0.15
1756165,DDD,2013J,0.65,0.09219858156028368
1756915,GGG,2013J,0.15,0.09090909090909091
1757548,DDD,2014J,0.2,0.07142857142857142
1757561,BBB,2014J,0.05,0.1
1757662,FFF,2014B,0.25,0.06756756756756757
1757766,AAA,2014J,0.7,0.3684210526315789
1758449,AAA,2013J,0.0,0.0
1759799,FFF,2013J,0.6,0.11320754716981132
1759851,BBB,2014B,0.05,0.14285714285714285
1761013,FFF,2013B,0.2,0.14285714285714285
1762336,EEE,2013J,0.15,0.3333333333333333
1763186,DDD,2014B,0.2,0.13793103448275862
1763653,BBB,2014B,0.3,0.2608695652173913
1763786,EEE,2014B,0.5,0.4
1765788,AAA,2013J,0.9,0.4186046511627907
1766303,FFF,2013B,0.0,0.0
1766513,DDD,2013J,0.3,0.1016949152542373
1768223,FFF,2014B,0.05,0.03333333333333333
1769985,CCC,2014B,0.0,0.0
1770733,BBB,2013B,0.05,0.07692307692307693
1771775,FFF,2014J,0.35,0.12727272727272726
1772429,FFF,2013B,0.15,0.05555555555555555
1773377,AAA,2014J,0.35,0.3181818181818182
1773925,CCC,2014J,0.0,0.0
1774071,CCC,2014B,0.75,0.4411764705882353
1774297,DDD,2014J,0.05,0.02564102564102564
1776925,BBB,2013B,0.05,0.125
1777223,DDD,2014B,0.05,0.058823529411764705
1777511,DDD,2013J,0.3,0.06315789473684211
1777563,GGG,2014J,0.4,0.36363636363636365
1778145,BBB,2013J,0.05,0.03571428571428571
1780949,BBB,2014B,0.1,0.07407407407407407
1781834,CCC,2014B,0.35,0.11666666666666667
1781834,EEE,2013J,0.0,0.0
1782236,GGG,2014J,0.2,0.12121212121212122
1784775,FFF,2013B,0.3,0.08
1784816,BBB,2014J,0.2,0.18181818181818182
1786380,BBB,2014B,0.0,0.0
1788974,FFF,2013B,0.15,0.21428571428571427
1789199,BBB,2013B,0.35,0.0945945945945946
1789319,EEE,2014B,0.4,0.5
1796402,FFF,2014J,0.35,0.14285714285714285
1797068,EEE,2014J,0.8,0.6153846153846154
1797168,BBB,2013J,0.15,0.21428571428571427
1797614,BBB,2013B,0.1,0.07692307692307693
1799111,AAA,2014J,0.5,0.37037037037037035
1801229,AAA,2013J,0.7,0.3181818181818182
1801641,AAA,2013J,0.2,0.3076923076923077
1804143,DDD,2014B,0.2,0.15384615384615385
1804143,DDD,2014J,0.0,0.0
1808622,CCC,2014J,0.35,0.21212121212121213
1809578,FFF,2013B,0.15,0.041666666666666664
1810414,CCC,2014J,0.0,0.0
1810414,EEE,2014B,0.05,0.07692307692307693
1810759,FFF,2014J,0.4,0.09195402298850575
1813493,BBB,2014J,0.35,0.25925925925925924
1813731,GGG,2013J,0.85,0.68
1816458,FFF,2014J,0.45,0.13846153846153847
1817515,CCC,2014J,0.35,0.2413793103448276
1817710,FFF,2014J,0.65,0.10077519379844961
1818385,FFF,2014J,0.3,0.08571428571428572
1818677,DDD,2013J,0.15,0.10344827586206896
1819994,DDD,2013J,0.35,0.08860759493670886
1821249,FFF,2013B,0.0,0.0
1822731,DDD,2014J,0.1,0.044444444444444446
1826729,DDD,2014B,0.0,0.0
1826819,CCC,2014J,0.1,0.07142857142857142
1827650,GGG,2014J,0.05,0.04
1828078,GGG,2013J,0.0,0.0
1828753,CCC,2014J,0.15,0.07894736842105263
1829654,BBB,2014B,0.0,0.0
1832218,BBB,2014J,0.6,0.2553191489361702
1832492,DDD,2014J,0.05,0.03571428571428571
1835389,BBB,2014J,0.3,0.15
1835411,DDD,2013J,0.3,0.08333333333333333
1836241,FFF,2014J,0.65,0.125
1836988,FFF,2013B,0.0,0.0
1837138,FFF,2014J,0.55,0.12643678160919541
1839012,FFF,2013B,0.3,0.06666666666666667
1839181,EEE,2014B,0.5,0.3333333333333333
1840034,BBB,2014B,0.15,0.0967741935483871
1841267,CCC,2014B,0.0,0.0
1841267,CCC,2014J,0.0,0.0
1841303,GGG,2014J,0.0,0.0
1841850,EEE,2014J,0.25,0.23809523809523808
1843026,DDD,2013B,0.2,0.08
1843123,BBB,2014J,0.15,0.08333333333333333
1843355,DDD,2013B,0.05,0.04
1843355,DDD,2014B,0.0,0.0
1844150,FFF,2013B,0.05,0.01282051282051282
1845093,DDD,2013B,0.0,0.0
1846751,FFF,2013B,0.1,0.02666666666666667
1847146,BBB,2013B,0.15,0.11538461538461539
1847481,DDD,2013J,0.25,0.10638297872340426
1847830,AAA,2013J,0.65,0.34210526315789475
1848820,CCC,2014B,0.0,0.0
1848820,CCC,2014J,0.0,0.0
1850818,EEE,2013J,0.35,0.4666666666666667
1851108,CCC,2014J,0.2,0.12121212121212122
1852968,FFF,2013J,0.7,0.10526315789473684
1855583,CCC,2014B,0.0,0.0
1855583,DDD,2014J,0.0,0.0
1856869,FFF,2014J,0.1,0.06896551724137931
1858523,BBB,2013B,0.0,0.0
1859038,FFF,2013J,0.2,0.16
1860171,GGG,2014B,0.2,0.13793103448275862
1860318,AAA,2013J,0.85,0.4594594594594595
1861793,EEE,2013J,0.8,0.5714285714285714
1861830,EEE,2014B,0.65,0.5
1864086,FFF,2013J,0.35,0.125
1864697,BBB,2014B,0.15,0.13636363636363635
1866233,FFF,2014J,0.0,0.0
1866742,BBB,2014B,0.05,0.09090909090909091
1870830,FFF,2013B,0.25,0.10638297872340426
1871598,FFF,2014J,0.55,0.12222222222222222
1871684,FFF,2014J,0.05,0.03571428571428571
1873505,GGG,2013J,0.15,0.09090909090909091
1874160,CCC,2014J,0.0,0.0
1874160,DDD,2014B,0.15,0.057692307692307696
1874363,DDD,2013J,0.15,0.046153846153846156
1874403,FFF,2013B,0.0,0.0
1874935,BBB,2014J,0.05,0.07142857142857142
1875728,FFF,2014B,0.4,0.15384615384615385
1876636,CCC,2014B,0.0,0.0
1876636,FFF,2013J,0.65,0.13541666666666666
1877634,BBB,2014B,0.0,0.0
1877902,FFF,2014J,0.45,0.13846153846153847
1878648,EEE,2014J,0.55,0.4230769230769231
1878918,FFF,2013B,0.35,0.0603448275862069
1879321,FFF,2014J,0.55,0.11956521739130435
1879751,DDD,2014J,0.1,0.03773584905660377
1881062,DDD,2014J,0.1,0.04081632653061224
1881231,FFF,2014J,0.3,0.08955223880597014
1882021,GGG,2014B,0.05,0.03125
1882255,FFF,2013B,0.3,0.09523809523809523
1884024,FFF,2014B,0.0,0.0
1886295,BBB,2013J,0.1,0.08695652173913043
1887108,FFF,2014J,0.65,0.11016949152542373
1887928,DDD,2013J,0.45,0.11392405063291139
1888343,CCC,2014B,0.35,0.13725490196078433
1889511,AAA,2013J,0.5,0.23809523809523808
1889565,BBB,2013J,0.05,0.03571428571428571
1889577,AAA,2013J,0.35,0.25925925925925924
1889752,FFF,2014J,0.45,0.14285714285714285
1891028,BBB,2014J,0.0,0.0
1891323,CCC,2014B,0.1,0.07407407407407407
1894188,AAA,2013J,0.7,0.42424242424242425
1894419,CCC,2014B,0.0,0.0
1894419,EEE,2014B,0.4,0.42105263157894735
1894634,DDD,2013J,0.25,0.0641025641025641
1895288,EEE,2014J,0.75,0.6
1896088,EEE,2013J,0.1,0.5
1896915,FFF,2013B,0.0,0.0
1897054,CCC,2014J,0.2,0.06060606060606061
1897611,GGG,2014B,0.0,0.0
1901764,DDD,2014J,0.0,0.0
1902240,CCC,2014J,0.0,0.0
1902240,EEE,2013J,0.65,0.5
1903095,BBB,2014J,0.45,0.20930232558139536
1903131,DDD,2014B,0.0,0.0
1903477,DDD,2013J,0.2,0.10526315789473684
1903527,BBB,2013B,0.0,0.0
1903677,BBB,2013J,0.0,0.0
1904916,FFF,2013B,0.1,0.06451612903225806
1905259,FFF,2013B,0.2,0.047058823529411764
1906003,CCC,2014J,0.45,0.18
1906919,CCC,2014B,0.0,0.0
1906919,DDD,2013B,0.35,0.1590909090909091
1907755,FFF,2013B,0.6,0.10810810810810811
1910049,FFF,2013J,0.3,0.08823529411764706
1910175,BBB,2013J,0.3,0.1875
1910737,EEE,2014J,0.5,0.47619047619047616
1911513,CCC,2014B,0.05,0.043478260869565216
1912438,BBB,2013B,0.0,0.0
1913166,FFF,2013J,0.45,0.11392405063291139
1913435,FFF,2013B,0.1,0.05714285714285714
1913872,DDD,2013B,0.05,0.16666666666666666
1913872,DDD,2013J,0.0,0.0
1915408,EEE,2013J,0.65,0.5416666666666666
1915795,GGG,2014J,0.6,0.4444444444444444
1915824,CCC,2014J,0.2,0.06557377049180328
1916140,DDD,2014B,0.05,0.016666666666666666
1917311,DDD,2014J,0.05,0.030303030303030304
1917335,FFF,2013J,0.55,0.1134020618556701
1917796,FFF,2013B,0.15,0.061224489795918366
1919240,FFF,2014B,0.3,0.07692307692307693
1919940,FFF,2013B,0.3,0.08
1922200,CCC,2014B,0.0,0.0
1923618,BBB,2013B,0.05,0.05
1924641,CCC,2014B,0.0,0.0
1924641,EEE,2013J,0.0,0.0
1925789,DDD,2014J,0.05,0.03333333333333333
1926542,BBB,2014J,0.0,0.0
1926668,AAA,2014J,0.65,0.5
1928947,FFF,2014B,0.35,0.1
1930019,GGG,2013J,0.8,0.41025641025641024
1930146,CCC,2014B,0.05,0.023809523809523808
1930367,BBB,2013B,0.1,0.09523809523809523
1930644,CCC,2014B,0.15,0.1875
1930644,EEE,2013J,0.0,0.0
1930949,FFF,2013B,0.0,0.0
1931810,GGG,2014J,0.1,0.2857142857142857
1932474,BBB,2014B,0.05,0.029411764705882353
1933534,FFF,2014B,0.0,0.0
1934810,FFF,2013B,0.15,0.058823529411764705
1935155,DDD,2014J,0.25,0.07575757575757576
1935487,BBB,2013J,0.0,0.0
1935735,FFF,2013J,0.5,0.0970873786407767
1935774,DDD,2014J,0.0,0.0
1936285,CCC,2014J,0.25,0.08620689655172414
1936679,FFF,2013B,0.25,0.07246376811594203
1937822,BBB,2014J,0.65,0.34210526315789475
1937864,BBB,2013B,0.2,0.5714285714285714
1938355,AAA,2013J,0.7,0.3111111111111111
1939179,DDD,2014B,0.75,0.17857142857142858
1939193,FFF,2014B,0.55,0.21153846153846154
1939695,BBB,2013J,0.75,0.26785714285714285
1941248,BBB,2013J,0.45,0.28125
1942396,AAA,2013J,0.25,0.38461538461538464
1942491,CCC,2014J,0.25,0.16129032258064516
1942870,CCC,2014J,0.35,0.15555555555555556
1942999,CCC,2014B,0.0,0.0
1943214,EEE,2014J,0.1,0.3333333333333333
1944130,DDD,2013B,0.3,0.10526315789473684
1944167,FFF,2014J,0.15,0.25
1945240,CCC,2014B,0.0,0.0
1945240,CCC,2014J,0.0,0.0
1945240,DDD,2013B,0.4,0.1
1945434,DDD,2014B,0.2,0.07547169811320754
1945945,FFF,2013J,0.35,0.08045977011494253
1946308,BBB,2013J,0.05,0.04
1947156,AAA,2014J,0.3,0.3157894736842105
1947911,CCC,2014B,0.3,0.21428571428571427
1948159,FFF,2013J,0.5,0.08849557522123894
1948159,FFF,2014J,0.0,0.0
1949484,FFF,2013J,0.0,0.0
1950911,GGG,2014J,0.5,0.2857142857142857
1950923,FFF,2013J,0.3,0.08333333333333333
1951080,CCC,2014B,0.25,0.16666666666666666
1951127,FFF,2013J,0.25,0.09433962264150944
1951139,CCC,2014B,0.2,0.07692307692307693
1951727,DDD,2014B,0.1,0.07142857142857142
1954147,FFF,2013J,0.3,0.08823529411764706
1954230,EEE,2013J,0.45,0.391304347826087
1955634,BBB,2014B,0.1,0.05
1957682,BBB,2014B,0.0,0.0
1958121,CCC,2014J,0.35,0.1320754716981132
1960479,CCC,2014J,0.2,0.08695652173913043
1961938,CCC,2014J,0.0,0.0
1962049,FFF,2014J,0.4,0.08247422680412371
1962062,FFF,2014J,0.05,0.037037037037037035
1962128,FFF,2013J,0.0,0.0
1962854,DDD,2013B,0.0,0.0
1962854,DDD,2014B,0.0,0.0
1963677,DDD,2013J,0.0,0.0
1966591,FFF,2013B,0.3,0.1111111111111111
1966597,CCC,2014J,0.1,0.18181818181818182
1967783,AAA,2014J,0.75,0.6521739130434783
1967937,BBB,2014B,0.0,0.0
1968757,DDD,2013B,0.15,0.06666666666666667
1969407,CCC,2014B,0.0,0.0
1969985,GGG,2013J,0.2,0.16666666666666666
1970390,AAA,2013J,0.8,0.38095238095238093
1970390,AAA,2014J,0.0,0.0
1971393,BBB,2013B,0.0,0.0
1972092,FFF,2014J,0.65,0.14285714285714285
1972832,BBB,2014J,0.1,0.0425531914893617
1974271,FFF,2013B,0.1,0.0425531914893617
1975209,AAA,2014J,0.5,0.37037037037037035
1976139,AAA,2013J,0.7,0.4117647058823529
1976350,DDD,2013B,0.4,0.12698412698412698
1976350,EEE,2013J,0.0,0.0
1977701,GGG,2014J,0.15,0.0967741935483871
1980822,FFF,2013J,0.2,0.06779661016949153
1981053,FFF,2013J,0.0,0.0
1982166,CCC,2014J,0.0,0.0
1982166,FFF,2013J,0.5,0.09259259259259259
1982833,DDD,2013J,0.2,0.2857142857142857
1982845,DDD,2013B,0.25,0.09433962264150944
1983921,FFF,2013J,0.3,0.06593406593406594
1986180,DDD,2014J,0.1,0.05
1986370,DDD,2014B,0.1,0.1111111111111111
1989014,BBB,2014J,0.4,0.25
1990127,FFF,2013B,0.15,0.043478260869565216
1990650,BBB,2013J,0.0,0.0
1991399,CCC,2014J,0.0,0.0
1991399,DDD,2014J,0.2,0.06557377049180328
1991903,EEE,2013J,0.6,0.5714285714285714
1992145,FFF,2013J,0.4,0.10126582278481013
1993672,BBB,2013J,0.0,0.0
1993672,BBB,2014J,0.0,0.0
1993905,GGG,2013J,0.25,0.1282051282051282
1993955,EEE,2013J,0.6,0.5217391304347826
1994610,EEE,2013J,0.1,0.6666666666666666
1994632,GGG,2014B,0.0,0.0
1995177,FFF,2014J,0.6,0.14814814814814814
1995239,EEE,2013J,0.3,0.375
1995532,EEE,2013J,0.4,0.36363636363636365
1997164,CCC,2014B,0.0,0.0
1997164,FFF,2013B,0.25,0.06097560975609756
1997796,BBB,2013B,0.0,0.0
1998790,BBB,2013J,0.0,0.0
1998834,FFF,2014J,0.15,0.05357142857142857
1999952,FFF,2014B,0.05,0.011494252873563218
2000491,FFF,2013B,0.1,0.028985507246376812
2001102,DDD,2014B,0.3,0.08571428571428572
2001461,DDD,2014J,0.2,0.06779661016949153
2001665,FFF,2013B,0.15,0.021897810218978103
2001687,BBB,2013J,0.0,0.0
2002046,BBB,2013J,0.25,0.2777777777777778
2002415,BBB,2014B,0.05,0.023255813953488372
2002664,EEE,2014B,0.55,0.39285714285714285
2004143,GGG,2014J,0.1,0.1
2004220,EEE,2014J,0.25,0.625
2006283,BBB,2013J,0.0,0.0
2006894,DDD,2013B,0.05,0.024390243902439025
2008795,DDD,2014J,0.0,0.0
2009239,BBB,2014J,0.55,0.39285714285714285
2009279,DDD,2014J,0.05,0.05555555555555555
2010232,AAA,2014J,0.7,0.35
2010245,FFF,2014B,0.45,0.1232876712328767
2011876,AAA,2013J,0.65,0.35135135135135137
2012966,AAA,2013J,0.05,0.0625
2013403,CCC,2014J,0.3,0.08571428571428572
2014252,DDD,2013J,0.0,0.0
2016517,CCC,2014B,0.05,0.037037037037037035
2017487,FFF,2014J,0.8,0.11678832116788321
2019921,GGG,2013J,0.0,0.0
2020628,FFF,2014J,0.35,0.12727272727272726
2020916,CCC,2014J,0.0,0.0
2020916,DDD,2013B,0.15,0.057692307692307696
2022801,BBB,2014B,0.15,0.125
2023366,BBB,2013B,0.1,0.06896551724137931
2023561,BBB,2013J,0.0,0.0
2024200,EEE,2014J,0.3,1.0
2025233,FFF,2014B,0.1,0.043478260869565216
2025354,DDD,2014J,0.05,0.02564102564102564
2025589,DDD,2014J,0.0,0.0
2026075,FFF,2014J,0.4,0.15384615384615385
2026585,CCC,2014J,0.0,0.0
2026585,EEE,2014B,0.6,0.5217391304347826
2028388,DDD,2013B,0.05,0.03333333333333333
2028474,EEE,2013J,0.15,0.5
2028523,FFF,2014J,0.0,0.0
2029037,BBB,2013J,0.25,0.1388888888888889
2029571,FFF,2014J,0.3,0.2222222222222222
2030117,CCC,2014J,0.0,0.0
2030241,DDD,2014J,0.0,0.0
2031252,FFF,2013B,0.25,0.07142857142857142
2032057,DDD,2013J,0.05,0.02631578947368421
2032882,DDD,2013J,0.25,0.14285714285714285
2032882,DDD,2014J,0.0,0.0
2033951,EEE,2013J,0.75,0.42857142857142855
2034300,BBB,2013J,0.0,0.0
2034802,DDD,2013J,0.3,0.10344827586206896
2035022,BBB,2013B,0.2,0.26666666666666666
2035574,BBB,2014J,0.25,0.15625
2035700,FFF,2014J,0.45,0.1111111111111111
2035700,GGG,2013J,0.0,0.0
2037479,DDD,2013B,0.2,0.15384615384615385
2039190,DDD,2013J,0.35,0.08235294117647059
2039810,DDD,2013J,0.15,0.09375
2039810,DDD,2014J,0.0,0.0
2043939,DDD,2014J,0.1,0.02564102564102564
2044299,CCC,2014B,0.05,0.1111111111111111
2044299,CCC,2014J,0.0,0.0
2045440,FFF,2013B,0.2,0.06779661016949153
2045818,FFF,2013B,0.25,0.06666666666666667
2046324,EEE,2013J,0.35,0.4117647058823529
2047421,CCC,2014B,0.1,0.09523809523809523
2047575,FFF,2014J,0.3,0.08450704225352113
2049668,CCC,2014B,0.35,0.19444444444444445
2049740,BBB,2014J,0.05,0.1111111111111111
2050179,CCC,2014J,0.35,0.11666666666666667
2051035,FFF,2013B,0.2,0.07692307692307693
2051699,AAA,2013J,0.2,0.17391304347826086
2052942,GGG,2014J,0.1,0.16666666666666666
2053381,FFF,2013J,0.05,0.03571428571428571
2053521,GGG,2014J,0.45,0.4090909090909091
2054019,FFF,2013B,0.2,0.06451612903225806
2055321,FFF,2014B,0.05,0.1111111111111111
2056416,FFF,2013J,0.4,0.0963855421686747
2056486,FFF,2013J,0.1,0.019230769230769232
2056643,CCC,2014B,0.4,0.15384615384615385
2056643,EEE,2013J,0.0,0.0
2057105,FFF,2013B,0.25,0.03875968992248062
2057803,AAA,2014J,0.3,0.5454545454545454
2057959,DDD,2014J,0.15,0.038461538461538464
2058815,FFF,2014B,0.0,0.0
2060467,FFF,2013B,0.15,0.061224489795918366
2062879,AAA,2013J,0.75,0.375
2062995,BBB,2013J,0.4,0.2857142857142857
2063578,CCC,2014B,0.0,0.0
2063578,DDD,2013B,0.7,0.15384615384615385
2064873,CCC,2014B,0.35,0.12727272727272726
2064873,EEE,2014B,0.0,0.0
2065691,AAA,2013J,0.05,0.25
2065756,EEE,2014J,0.75,0.375
2065972,FFF,2014J,0.3,0.12244897959183673
2067377,CCC,2014J,0.0,0.0
2067555,GGG,2014B,0.05,0.058823529411764705
2067799,FFF,2014J,0.15,0.21428571428571427
2067969,EEE,2014J,0.75,0.5357142857142857
2070517,CCC,2014J,0.2,0.08695652173913043
2071595,FFF,2013J,0.0,0.0
2072166,BBB,2013J,0.05,0.2
2072671,EEE,2014J,0.25,0.4166666666666667
2073016,AAA,2013J,0.05,0.1
2073016,AAA,2014J,0.0,0.0
2074627,FFF,2014B,0.2,0.12121212121212122
2075945,DDD,2014J,0.0,0.0
2077023,DDD,2014B,0.1,0.06060606060606061
2078353,CCC,2014J,0.0,0.0
2078479,BBB,2013J,0.0,0.0
2078768,BBB,2013J,0.45,0.3333333333333333
2080340,DDD,2014B,0.05,0.1
2080474,AAA,2013J,0.35,0.21212121212121213
2080539,DDD,2013B,0.05,0.034482758620689655
2080885,BBB,2014B,0.05,0.07142857142857142
2081123,FFF,2014J,0.05,0.014925373134328358
2081937,GGG,2014B,0.7,0.5833333333333334
2081955,BBB,2014B,0.0,0.0
2082180,DDD,2013B,0.05,0.2
2082180,DDD,2013J,0.0,0.0
2082180,DDD,2014J,0.0,0.0
2082318,BBB,2014B,0.0,0.0
2082945,GGG,2014B,0.05,0.037037037037037035
2083576,BBB,2013J,0.15,0.12
2083701,CCC,2014J,0.15,0.08108108108108109
2083877,AAA,2013J,0.05,0.1111111111111111
2084066,AAA,2013J,0.15,0.15789473684210525
2084711,CCC,2014J,0.1,0.03636363636363636
2085209,AAA,2014J,0.95,0.3392857142857143
2086400,AAA,2014J,0.5,0.4
2087100,FFF,2013B,0.2,0.047058823529411764
2087182,CCC,2014B,0.0,0.0
2087698,DDD,2014B,0.3,0.08
2087747,BBB,2014B,0.0,0.0
2088765,CCC,2014B,0.0,0.0
2088765,DDD,2013B,0.4,0.06451612903225806
2088982,FFF,2013J,0.1,0.14285714285714285
2089582,DDD,2013J,0.35,0.109375
2090053,FFF,2013B,0.15,0.03296703296703297
2091096,BBB,2014J,0.4,0.2222222222222222
2091193,BBB,2014J,0.45,0.24324324324324326
2091230,CCC,2014J,0.05,0.02631578947368421
2091387,DDD,2014B,0.1,0.05405405405405406
2092834,BBB,2013B,0.0,0.0
2093150,CCC,2014J,0.15,0.04477611940298507
2094350,BBB,2014B,0.0,0.0
2094546,DDD,2013B,0.1,0.09523809523809523
2094546,DDD,2013J,0.0,0.0
2094849,EEE,2013J,0.2,0.5714285714285714
2095379,BBB,2013J,0.2,0.2857142857142857
2095576,FFF,2014B,0.25,0.1111111111111111
2096251,FFF,2014J,0.45,0.14285714285714285
2096918,CCC,2014J,0.05,0.045454545454545456
2097046,FFF,2014B,0.65,0.15476190476190477
2097916,BBB,2013B,0.05,0.037037037037037035
2098108,DDD,2014J,0.0,0.0
2098405,DDD,2013J,0.2,0.07272727272727272
2103305,BBB,2014J,0.0,0.0
2103552,FFF,2014J,0.25,0.10204081632653061
2104123,FFF,2013J,0.1,0.038461538461538464
2104426,BBB,2014B,0.0,0.0
2104505,AAA,2013J,0.3,0.4
2105230,FFF,2013J,0.2,0.06060606060606061
2106955,FFF,2014J,0.65,0.12871287128712872
2107747,FFF,2014J,0.0,0.0
2108614,BBB,2014B,0.05,0.041666666666666664
2108821,FFF,2013B,0.2,0.0547945205479452
2109013,DDD,2014B,0.0,0.0
2109119,CCC,2014B,0.8,0.26229508196721313
2109119,EEE,2013J,0.0,0.0
2111015,BBB,2013J,0.1,0.08695652173913043
2111313,DDD,2014J,0.1,0.043478260869565216
2111666,BBB,2013J,0.0,0.0
2112088,DDD,2013J,0.35,0.07608695652173914
2112291,FFF,2013J,0.25,0.16129032258064516
2112670,CCC,2014J,0.0,0.0
2114529,FFF,2014B,0.25,0.08620689655172414
2115250,BBB,2014J,0.45,0.2647058823529412
2115711,BBB,2013J,0.05,0.03225806451612903
2122180,AAA,2013J,0.8,0.27586206896551724
2126013,DDD,2013B,0.05,0.08333333333333333
2127889,CCC,2014J,0.1,0.07692307692307693
2128283,FFF,2013J,0.0,0.0
2128283,FFF,2014J,0.55,0.15942028985507245
2128304,BBB,2013J,0.25,0.4166666666666667
2131008,FFF,2014B,0.55,0.21568627450980393
2131908,CCC,2014B,0.1,0.05405405405405406
2132811,BBB,2013B,0.1,0.0625
2132966,BBB,2013J,0.05,0.1
2133207,BBB,2014B,0.0,0.0
2133242,DDD,2013B,0.3,0.10526315789473684
2134237,CCC,2014B,0.0,0.0
2134237,EEE,2013J,0.2,0.14285714285714285
2134304,EEE,2013J,0.6,0.48
2134578,DDD,2013J,0.05,0.25
2135315,GGG,2014B,0.25,0.3333333333333333
2137171,CCC,2014J,0.0,0.0
2137171,FFF,2013J,0.05,0.0125
2137413,EEE,2013J,0.05,0.5
2137785,EEE,2014J,0.45,0.47368421052631576
2138146,EEE,2013J,0.2,0.3333333333333333
2138970,FFF,2014J,0.45,0.14754098360655737
2139037,CCC,2014B,0.0,0.0
2139037,FFF,2013B,0.2,0.03076923076923077
2139273,CCC,2014J,0.0,0.0
2139273,EEE,2014B,0.45,0.47368421052631576
2139353,AAA,2013J,0.4,0.27586206896551724
2139353,AAA,2014J,0.0,0.0
2140087,FFF,2013B,0.15,0.075
2140300,FFF,2014J,0.5,0.14492753623188406
2140311,DDD,2013B,0.25,0.09259259259259259
2140444,BBB,2013J,0.0,0.0
2141085,FFF,2013B,0.2,0.07017543859649122
2142055,CCC,2014J,0.0,0.0
2142243,DDD,2014J,0.0,0.0
2142516,CCC,2014J,0.25,0.08928571428571429
2142579,DDD,2013B,0.15,0.14285714285714285
2142853,FFF,2013B,0.0,0.0
2143065,FFF,2013B,0.3,0.08571428571428572
2143312,FFF,2014J,0.75,0.1171875
2143440,FFF,2014J,0.4,0.09876543209876543
2143739,FFF,2013J,0.75,0.13274336283185842
2143752,AAA,2013J,0.25,0.15151515151515152
2143922,DDD,2014J,0.05,0.034482758620689655
2145940,FFF,2013J,0.35,0.11290322580645161
2146277,CCC,2014B,0.0,0.0
2146277,FFF,2013J,0.75,0.09740259740259741
2146792,AAA,2013J,0.8,0.36363636363636365
2146936,DDD,2013B,0.7,0.14285714285714285
2147620,CCC,2014B,0.3,0.125
2147713,CCC,2014B,0.1,0.11764705882352941
2147929,BBB,2013J,0.05,0.047619047619047616
2148540,FFF,2013J,0.25,0.11363636363636363
2148681,AAA,2014J,0.6,0.34285714285714286
2148859,BBB,2014B,0.0,0.0
2149487,BBB,2014J,0.65,0.28888888888888886
2149735,FFF,2013J,0.05,0.038461538461538464
2150849,DDD,2014J,0.0,0.0
2153026,BBB,2013J,0.0,0.0
2153153,AAA,2013J,0.7,0.3888888888888889
2153200,BBB,2014B,0.0,0.0
2154220,CCC,2014J,0.0,0.0
2154361,DDD,2013B,0.1,0.09523809523809523
2154361,FFF,2014J,0.0,0.0
2155014,AAA,2013J,0.55,0.3793103448275862
2156058,CCC,2014B,0.05,0.05555555555555555
2156514,DDD,2013B,0.05,0.02
2157412,DDD,2013J,0.2,0.06666666666666667
2158399,FFF,2013B,0.45,0.1
2159868,CCC,2014J,0.05,0.038461538461538464
2160316,FFF,2014J,0.7,0.10294117647058823
2160453,BBB,2013J,0.05,0.05
2161710,FFF,2014B,0.05,0.09090909090909091
2161710,FFF,2014J,0.0,0.0
2162410,FFF,2013J,0.35,0.05223880597014925
2164251,BBB,2014B,0.15,0.12
2164266,FFF,2014B,0.0,0.0
2164944,BBB,2013J,0.0,0.0
2165164,AAA,2014J,0.6,0.4444444444444444
2166000,CCC,2014J,0.55,0.5
2170320,FFF,2013J,0.0,0.0
2171264,CCC,2014B,0.2,0.5
2171627,AAA,2013J,0.4,0.21621621621621623
2171834,CCC,2014B,0.0,0.0
2171834,EEE,2013J,0.55,0.55
2172136,CCC,2014J,0.0,0.0
2172136,DDD,2014B,0.2,0.15384615384615385
2172163,BBB,2014J,0.1,0.13333333333333333
2172709,DDD,2014J,0.0,0.0
2173572,BBB,2013B,0.05,0.1
2173643,EEE,2014J,0.7,0.5
2173721,FFF,2013J,0.0,0.0
2174129,GGG,2013J,0.1,0.08
2174835,BBB,2013J,0.0,0.0
2175266,DDD,2013J,0.0,0.0
2176759,FFF,2014B,0.15,0.06521739130434782
2177871,DDD,2013B,0.15,0.07894736842105263
2178466,FFF,2013J,0.05,0.011764705882352941
2178686,CCC,2014J,0.85,0.3090909090909091
2178837,FFF,2014J,0.6,0.15789473684210525
2178929,CCC,2014B,0.35,0.1346153846153846
2179304,CCC,2014J,0.0,0.0
2180090,FFF,2014J,0.45,0.11688311688311688
2180710,FFF,2013J,0.0,0.0
2180994,GGG,2013J,0.2,0.14285714285714285
2181205,BBB,2014B,0.1,0.14285714285714285
2181700,GGG,2013J,0.1,0.06896551724137931
2182255,FFF,2013B,0.0,0.0
2182333,FFF,2013J,0.5,0.12987012987012986
2182846,AAA,2013J,0.65,0.29545454545454547
2185729,FFF,2014J,0.65,0.13829787234042554
2186992,FFF,2014B,0.35,0.09210526315789473
2187146,BBB,2013J,0.25,0.1724137931034483
2187308,BBB,2014J,0.05,0.125
2187422,CCC,2014B,0.0,0.0
2187588,EEE,2014B,0.4,0.47058823529411764
2188084,FFF,2013J,0.0,0.0
2188469,DDD,2014B,0.05,0.25
2189002,FFF,2013B,0.2,0.0625
2189620,DDD,2014J,0.0,0.0
2191588,FFF,2013J,0.05,0.05555555555555555
2192061,EEE,2014J,0.65,0.40625
2193185,FFF,2013J,0.0,0.0
2194100,AAA,2013J,0.15,0.125
2195318,FFF,2013B,0.1,0.037037037037037035
2195445,DDD,2013B,0.15,0.125
2195479,DDD,2013J,0.05,0.2
2195971,FFF,2013B,0.0,0.0
2196054,BBB,2013J,0.05,0.07692307692307693
2196923,DDD,2014J,0.0,0.0
2197016,AAA,2013J,0.6,0.3157894736842105
2197175,FFF,2013J,0.25,0.03968253968253968
2197511,FFF,2013B,0.2,0.06557377049180328
2197766,FFF,2014J,0.55,0.14666666666666667
2198914,EEE,2014B,0.35,0.3333333333333333
2198952,DDD,2013J,0.2,0.0449438202247191
2198970,DDD,2013J,0.15,0.14285714285714285
2199455,EEE,2013J,0.55,0.44
2201235,DDD,2014J,0.1,0.08
2202076,DDD,2013J,0.2,0.08888888888888889
2203216,GGG,2014J,0.0,0.0
2204293,DDD,2013J,0.15,0.061224489795918366
2204389,EEE,2014J,0.75,0.5172413793103449
2204941,DDD,2014J,0.0,0.0
2205383,BBB,2013B,0.1,0.08
2205559,DDD,2014J,0.0,0.0
2207474,BBB,2014J,0.6,0.36363636363636365
2207874,AAA,2014J,0.1,0.16666666666666666
2208424,AAA,2013J,0.25,0.19230769230769232
2209728,DDD,2013B,0.15,0.06
2210318,BBB,2013B,0.0,0.0
2210989,DDD,2014B,0.35,0.1320754716981132
2211797,CCC,2014B,0.0,0.0
2211797,EEE,2014J,0.0,0.0
2213424,BBB,2014B,0.05,0.03225806451612903
2214631,BBB,2013J,0.2,0.21052631578947367
2214722,GGG,2014J,0.0,0.0
2215898,DDD,2013J,0.25,0.054945054945054944
2216442,DDD,2014J,0.0,0.0
2216682,BBB,2014J,0.1,0.045454545454545456
2216778,BBB,2014J,0.45,0.1956521739130435
2218693,FFF,2013J,0.4,0.09876543209876543
2221654,EEE,2014J,0.6,0.4444444444444444
2221869,BBB,2014B,0.25,0.17857142857142858
2222615,FFF,2014B,0.45,0.13432835820895522
2224174,DDD,2014J,0.25,0.07352941176470588
2226202,DDD,2014J,0.05,0.04
2226301,BBB,2013J,0.0,0.0
2226620,FFF,2013J,0.0,0.0
2227568,BBB,2014J,0.25,0.13157894736842105
2227786,DDD,2013B,0.15,0.07692307692307693
2228010,BBB,2014J,0.3,0.23076923076923078
2228206,DDD,2013B,0.0,0.0
2228206,DDD,2014B,0.0,0.0
2228601,BBB,2014J,0.55,0.3142857142857143
2229389,EEE,2014J,0.75,0.5
2229783,BBB,2013J,0.0,0.0
2229783,BBB,2014J,0.0,0.0
2229865,AAA,2013J,0.65,0.24074074074074073
2230251,EEE,2014J,0.3,0.5
2230407,CCC,2014J,0.0,0.0
2230457,BBB,2014B,0.0,0.0
2231018,DDD,2014B,0.35,0.1346153846153846
2231512,DDD,2014J,0.1,0.041666666666666664
2231614,BBB,2013B,0.2,0.19047619047619047
2231810,FFF,2013B,0.2,0.08888888888888889
2231961,DDD,2013B,0.2,0.0784313725490196
2232218,DDD,2013B,0.15,0.125
2232218,DDD,2013J,0.0,0.0
2232340,DDD,2014J,0.1,0.023809523809523808
2232976,BBB,2014J,0.0,0.0
2235019,DDD,2014J,0.0,0.0
2236738,BBB,2013B,0.05,0.058823529411764705
2237223,FFF,2013J,0.0,0.0
2237567,BBB,2014J,0.2,0.13793103448275862
2238148,FFF,2013J,0.25,0.03787878787878788
2238424,FFF,2013J,0.1,0.25
2239650,DDD,2013J,0.55,0.23404255319148937
2239746,FFF,2013J,0.0,0.0
2239848,CCC,2014B,0.25,0.12195121951219512
2240349,AAA,2014J,0.5,0.38461538461538464
2242067,BBB,2014J,0.4,0.25806451612903225
2242595,FFF,2014B,0.4,0.1702127659574468
2242732,FFF,2014B,0.25,0.08928571428571429
2243505,FFF,2013J,0.05,0.02857142857142857
2243551,BBB,2013B,0.05,0.2
2243703,BBB,2014B,0.15,0.15789473684210525
2244285,FFF,2014B,0.25,0.11627906976744186
2244332,AAA,2014J,0.8,0.5161290322580645
2244724,BBB,2013B,0.0,0.0
2246073,GGG,2013J,0.1,0.09523809523809523
2247222,CCC,2014B,0.05,0.029411764705882353
2248072,GGG,2013J,0.35,0.3181818181818182
2248122,BBB,2014B,0.05,0.047619047619047616
2248243,BBB,2014J,0.4,0.2222222222222222
2248715,DDD,2013B,0.15,0.09090909090909091
2248789,GGG,2013J,0.4,0.23529411764705882
2249143,EEE,2014B,0.5,0.2857142857142857
2249372,BBB,2013B,0.35,0.17073170731707318
2250842,FFF,2013J,0.05,0.012987012987012988
2251500,BBB,2014J,0.7,0.34146341463414637
2252437,CCC,2014J,0.0,0.0
2252437,EEE,2013J,0.65,0.4482758620689655
2252750,DDD,2013J,0.3,0.08571428571428572
2252765,FFF,2013J,0.25,0.053763440860215055
2252963,GGG,2014B,0.65,0.5652173913043478
2254252,FFF,2013B,0.25,0.11627906976744186
2254271,GGG,2013J,0.25,0.1388888888888889
2254619,BBB,2013B,0.25,0.3333333333333333
2254637,FFF,2014J,0.5,0.13513513513513514
2255516,EEE,2013J,0.75,0.5555555555555556
2255601,AAA,2013J,0.6,0.4444444444444444
2256318,FFF,2014B,0.0,0.0
2257112,CCC,2014J,0.2,0.125
2257112,FFF,2014B,0.0,0.0
2257400,EEE,2014J,0.65,0.5652173913043478
2257740,CCC,2014J,0.25,0.10416666666666667
2257853,DDD,2014J,0.0,0.0
2258124,EEE,2014J,0.6,0.2727272727272727
2258228,CCC,2014B,0.0,0.0
2259662,EEE,2014J,0.45,0.47368421052631576
2260861,DDD,2014J,0.0,0.0
2261142,DDD,2014B,0.15,0.15
2262510,GGG,2014B,0.0,0.0
2262671,BBB,2013J,0.0,0.0
2264054,FFF,2014B,0.3,0.1276595744680851
2264569,BBB,2014J,0.0,0.0
2265935,DDD,2014B,0.1,0.15384615384615385
2266889,DDD,2014B,0.15,0.0967741935483871
2268049,CCC,2014J,0.0,0.0
2268379,AAA,2013J,0.25,0.16129032258064516
2268380,GGG,2014J,0.1,0.125
2269148,DDD,2014J,0.0,0.0
2269480,BBB,2013B,0.15,0.1875
2269561,BBB,2014J,0.05,0.09090909090909091
2270562,GGG,2014J,0.1,0.07407407407407407
2270880,FFF,2014B,0.0,0.0
2271264,GGG,2013J,0.05,0.05263157894736842
2271644,BBB,2013J,0.0,0.0
2271766,GGG,2014J,0.15,0.11538461538461539
2272023,FFF,2014J,0.2,0.2
2272474,GGG,2014B,0.0,0.0
2272874,FFF,2013B,0.05,0.125
2273828,BBB,2013B,0.4,0.17391304347826086
2273828,BBB,2014B,0.0,0.0
2274542,FFF,2014J,0.55,0.12941176470588237
2274938,EEE,2013J,0.15,0.42857142857142855
2277009,CCC,2014J,0.35,0.1076923076923077
2277857,AAA,2014J,0.7,0.4375
2278095,DDD,2014J,0.15,0.05357142857142857
2278101,FFF,2014J,0.35,0.13725490196078433
2278390,BBB,2014J,0.45,0.25
2278464,AAA,2013J,0.05,0.1
2279403,DDD,2014J,0.1,0.02702702702702703
2279449,DDD,2013B,0.25,0.08620689655172414
2280038,BBB,2013B,0.0,0.0
2280314,BBB,2013J,0.0,0.0
2280643,GGG,2013J,0.05,0.037037037037037035
2280739,FFF,2013B,0.1,0.058823529411764705
2281286,BBB,2014J,0.05,0.04
2281292,DDD,2013B,0.15,0.05263157894736842
2281441,EEE,2014J,0.75,0.45454545454545453
2281483,FFF,2013B,0.4,0.07920792079207921
2282040,DDD,2013J,0.15,0.07142857142857142
2282129,BBB,2013J,0.05,0.25
2282620,FFF,2014J,0.0,0.0
2284294,DDD,2013J,0.2,0.046511627906976744
2284583,BBB,2013J,0.3,0.14285714285714285
2285156,GGG,2013J,0.15,0.11538461538461539
2285405,DDD,2014J,0.0,0.0
2285527,CCC,2014J,0.0,0.0
2285527,DDD,2014J,0.0,0.0
2286312,FFF,2013J,0.2,0.04819277108433735
2286544,EEE,2014J,0.75,0.6
2286574,FFF,2013J,0.05,0.043478260869565216
2288454,FFF,2013B,0.1,0.03636363636363636
2288607,BBB,2013B,0.0,0.0
2289032,CCC,2014B,0.05,0.3333333333333333
2289071,EEE,2014J,0.55,0.34375
2289145,CCC,2014J,0.15,0.0625
2289847,DDD,2013J,0.25,0.10869565217391304
2290090,BBB,2013B,0.05,0.2
2290267,FFF,2013J,0.25,0.07042253521126761
2290604,DDD,2014J,0.15,0.05454545454545454
2290883,FFF,2013J,0.45,0.07894736842105263
2290886,EEE,2014J,0.5,0.5
2291598,BBB,2013B,0.05,0.03125
2291760,BBB,2014B,0.05,0.05
2292724,DDD,2013J,0.2,0.0784313725490196
2293443,BBB,2013B,0.25,0.13513513513513514
2293511,FFF,2014J,0.35,0.14583333333333334
2293923,AAA,2013J,0.1,0.2222222222222222
2294490,BBB,2013J,0.0,0.0
2296163,DDD,2013J,0.1,0.05405405405405406
2296749,BBB,2013B,0.05,0.05
2297016,EEE,2014J,0.75,0.4166666666666667
2297896,AAA,2014J,0.3,0.24
2298106,FFF,2014J,0.4,0.13559322033898305
2298895,CCC,2014B,0.0,0.0
2298895,FFF,2014J,0.35,0.07954545454545454
2299338,BBB,2013J,0.1,0.05714285714285714
2299682,FFF,2013J,0.0,0.0
2299745,BBB,2014J,0.1,0.13333333333333333
2299808,FFF,2014B,0.35,0.1076923076923077
2300911,BBB,2013B,0.2,0.5
2300913,BBB,2014B,0.0,0.0
2301511,DDD,2014B,0.2,0.17391304347826086
2301830,FFF,2014J,0.4,0.1038961038961039
2302925,BBB,2013B,0.1,0.2857142857142857
2303413,FFF,2014B,0.25,0.125
2304417,FFF,2013J,0.45,0.10588235294117647
2305957,DDD,2014B,0.0,0.0
2306016,FFF,2014B,0.25,0.1
2306410,FFF,2014J,0.45,0.13846153846153847
2306519,DDD,2014B,0.4,0.18181818181818182
2307237,DDD,2014J,0.0,0.0
2308026,BBB,2014B,0.0,0.0
2308528,BBB,2013B,0.0,0.0
2308564,BBB,2014B,0.0,0.0
2310615,DDD,2014J,0.1,0.029850746268656716
2311714,GGG,2014J,0.35,0.1891891891891892
2312279,FFF,2013J,0.45,0.12
2312620,AAA,2013J,0.3,0.2727272727272727
2312783,GGG,2013J,0.0,0.0
2312809,DDD,2014B,0.3,0.10909090909090909
2314761,DDD,2014J,0.0,0.0
2316201,CCC,2014J,0.2,0.08163265306122448
2316717,FFF,2014J,0.2,0.15384615384615385
2317273,BBB,2014B,0.05,0.16666666666666666
2318055,AAA,2014J,0.5,0.37037037037037035
2318161,BBB,2014J,0.2,0.2222222222222222
2318590,DDD,2013B,0.1,0.13333333333333333
2318763,BBB,2013J,0.05,0.25
2320306,BBB,2013J,0.2,0.12121212121212122
2321660,BBB,2014J,0.05,0.05263157894736842
2322342,BBB,2013B,0.0,0.0
2323944,FFF,2013J,0.5,0.1111111111111111
2326041,CCC,2014J,1.0,0.11627906976744186
2326401,BBB,2014J,0.05,0.1
2326475,FFF,2013J,0.1,0.05263157894736842
2326597,EEE,2013J,0.45,0.391304347826087
2327045,DDD,2013J,0.4,0.08888888888888889
2327072,BBB,2013B,0.25,0.8333333333333334
2327472,CCC,2014J,0.0,0.0
2327472,DDD,2013J,0.25,0.08196721311475409
2327494,FFF,2013B,0.1,0.044444444444444446
2327494,FFF,2014B,0.0,0.0
2328759,DDD,2014J,0.05,0.3333333333333333
2329342,AAA,2013J,0.1,0.09523809523809523
2330254,AAA,2014J,0.25,0.2631578947368421
2330534,DDD,2013B,0.1,0.05714285714285714
2331750,EEE,2013J,0.8,0.43243243243243246
2332060,DDD,2013B,0.3,0.12244897959183673
2332934,FFF,2014J,0.2,0.10810810810810811
2333156,CCC,2014J,0.05,0.02
2333244,DDD,2014B,0.15,0.08333333333333333
2333244,DDD,2014J,0.0,0.0
2333415,BBB,2014J,0.55,0.22448979591836735
2334319,BBB,2013J,0.4,0.2
2334930,BBB,2014B,0.1,0.1111111111111111
2336550,BBB,2013B,0.0,0.0
2336922,DDD,2014B,0.55,0.10576923076923077
2337362,FFF,2014B,0.3,0.11538461538461539
2337889,FFF,2013J,0.25,0.11363636363636363
2338255,FFF,2013B,0.05,0.02564102564102564
2338290,DDD,2014J,0.4,0.07272727272727272
2338422,FFF,2013B,0.35,0.07608695652173914
2338535,EEE,2014J,0.05,0.5
2338586,BBB,2013J,0.0,0.0
2339267,FFF,2014J,0.4,0.13333333333333333
2339333,CCC,2014J,0.1,0.1
2339528,AAA,2013J,0.35,0.2916666666666667
2339789,DDD,2014J,0.0,0.0
2340165,BBB,2014B,0.25,0.22727272727272727
2340230,DDD,2013J,0.3,0.08955223880597014
2340230,EEE,2014J,0.0,0.0
2340746,FFF,2013J,0.05,0.025
2340786,CCC,2014J,0.0,0.0
2340786,DDD,2013J,0.45,0.1
2341415,FFF,2013B,0.4,0.14285714285714285
2341420,FFF,2014J,0.35,0.2
2341830,DDD,2014J,0.05,0.023809523809523808
2342399,DDD,2013J,0.15,0.10714285714285714
2342426,AAA,2013J,0.7,0.4
2343293,FFF,2013B,0.1,0.07692307692307693
2343337,FFF,2013J,0.05,0.023809523809523808
2343354,GGG,2013J,0.0,0.0
2343413,BBB,2014B,0.0,0.0
2343785,FFF,2014J,0.4,0.1095890410958904
2343809,DDD,2014B,0.05,0.023809523809523808
2344901,AAA,2013J,0.25,0.35714285714285715
2344957,FFF,2013J,0.7,0.11864406779661017
2345438,FFF,2014B,0.45,0.11538461538461539
2345751,CCC,2014J,0.6,0.19672131147540983
2345900,FFF,2013J,0.45,0.09375
2346145,BBB,2014J,0.5,0.24390243902439024
2346679,FFF,2013B,0.25,0.05555555555555555
2347802,CCC,2014B,0.0,0.0
2348111,DDD,2013B,0.15,0.07142857142857142
2348961,DDD,2014B,0.3,0.10909090909090909
2350300,DDD,2013B,0.0,0.0
2351235,BBB,2014B,0.0,0.0
2351589,GGG,2014B,0.15,0.13043478260869565
2351969,FFF,2014J,0.65,0.15853658536585366
2352280,FFF,2013B,0.3,0.06818181818181818
2352407,EEE,2014J,0.75,0.5172413793103449
2353764,BBB,2014J,0.25,0.13157894736842105
2354732,FFF,2013B,0.0,0.0
2355214,FFF,2014B,0.0,0.0
2355274,EEE,2014J,0.85,0.5862068965517241
2355470,AAA,2014J,0.2,0.25
2356318,DDD,2014B,0.15,0.23076923076923078
2356801,DDD,2013J,0.25,0.06329113924050633
2356809,BBB,2013J,0.2,0.10526315789473684
2357019,DDD,2014J,0.05,0.030303030303030304
2357629,FFF,2013J,0.2,0.06153846153846154
2358056,AAA,2013J,0.3,0.12
2358258,CCC,2014J,0.25,0.18518518518518517
2358423,DDD,2013B,0.15,0.061224489795918366
2358707,DDD,2013J,0.1,0.0425531914893617
2358969,AAA,2014J,0.5,0.5
2359191,DDD,2013J,0.15,0.06521739130434782
2360322,FFF,2013J,0.25,0.06944444444444445
2360559,FFF,2014J,0.5,0.16393442622950818
2361633,CCC,2014J,0.3,0.09090909090909091
2362169,FFF,2013B,0.1,0.06896551724137931
2363168,BBB,2014J,0.45,0.24324324324324326
2363863,AAA,2014J,0.7,0.28
2363875,BBB,2013J,0.2,0.11764705882352941
2364160,FFF,2013J,0.0,0.0
2364471,AAA,2013J,0.7,0.3333333333333333
2364565,FFF,2013B,0.25,0.125
2364637,EEE,2014B,0.2,0.4
2364905,FFF,2013J,0.25,0.07246376811594203
2365602,GGG,2013J,0.45,0.20930232558139536
2366024,DDD,2013J,0.1,0.06666666666666667
2366117,CCC,2014J,0.25,0.11904761904761904
2366656,FFF,2014J,0.45,0.16071428571428573
2366701,DDD,2014B,0.15,1.0
2367155,AAA,2013J,0.7,0.2978723404255319
2369187,GGG,2013J,0.0,0.0
2369266,AAA,2013J,0.65,0.34210526315789475
2369415,AAA,2014J,0.2,0.25
2372788,FFF,2013J,0.4,0.08
2373245,GGG,2014J,0.2,0.23529411764705882
2374002,FFF,2013J,0.7,0.1206896551724138
2374051,DDD,2013B,0.05,0.043478260869565216
2374404,DDD,2013B,0.1,0.08695652173913043
2375123,DDD,2013B,0.1,0.125
2375123,DDD,2013J,0.0,0.0
2375627,DDD,2013J,0.15,0.06666666666666667
2375759,BBB,2014J,0.75,0.2777777777777778
2375975,AAA,2014J,0.8,0.5333333333333333
2376496,AAA,2013J,0.15,0.0967741935483871
2376512,CCC,2014J,0.0,0.0
2376512,EEE,2014B,0.65,0.5416666666666666
2376628,BBB,2013B,0.1,0.10526315789473684
2377567,BBB,2013B,0.1,0.04878048780487805
2377623,DDD,2013B,0.35,0.10144927536231885
2377769,DDD,2013J,0.25,0.07692307692307693
2378208,FFF,2014J,0.4,0.08421052631578947
2378591,GGG,2014J,0.15,0.3
2379431,GGG,2013J,0.0,0.0
2379512,FFF,2013J,0.3,0.06060606060606061
2380539,BBB,2013B,0.15,0.08571428571428572
2381745,FFF,2013B,0.3,0.125
2381845,DDD,2013B,0.05,0.03225806451612903
2382048,DDD,2013J,0.15,0.09090909090909091
2382253,BBB,2013J,0.05,0.0625
2383036,DDD,2013J,0.25,0.06493506493506493
2383307,FFF,2014B,0.35,0.07954545454545454
2383780,FFF,2013J,0.1,0.037037037037037035
2383921,FFF,2013B,0.25,0.05747126436781609
2383983,CCC,2014J,0.35,0.14285714285714285
2384666,CCC,2014J,0.0,0.0
2384819,BBB,2013B,0.05,0.07142857142857142
2385665,BBB,2014J,0.5,0.23809523809523808
2386281,GGG,2013J,0.0,0.0
2386732,FFF,2014J,0.5,0.08130081300813008
2387054,FFF,2013B,0.2,0.08
2387566,GGG,2013J,0.0,0.0
2387725,FFF,2013J,0.0,0.0
2388030,DDD,2013J,0.1,0.09523809523809523
2388623,CCC,2014J,0.0,0.0
2388623,DDD,2013B,0.05,0.025
2389267,FFF,2013B,0.35,0.07777777777777778
2389754,EEE,2013J,0.1,0.09523809523809523
2390117,BBB,2013J,0.45,0.23076923076923078
2391004,CCC,2014B,0.25,0.10204081632653061
2391004,EEE,2014B,0.0,0.0
2391689,DDD,2014J,0.05,0.034482758620689655
2391984,AAA,2013J,0.1,0.1111111111111111
2392327,FFF,2013B,0.0,0.0
2392554,GGG,2014B,0.0,0.0
2392789,BBB,2014B,0.35,0.30434782608695654
2392824,BBB,2013J,0.0,0.0
2393230,FFF,2013J,0.1,0.046511627906976744
2393261,FFF,2013J,0.0,0.0
2393945,CCC,2014J,0.15,0.05
2394090,CCC,2014J,0.0,0.0
2394090,DDD,2014B,0.15,0.0379746835443038
2394352,GGG,2013J,0.0,0.0
2395804,FFF,2013B,0.1,0.031746031746031744
2396381,FFF,2013J,0.4,0.1
2396471,DDD,2014J,0.15,0.038461538461538464
2396643,DDD,2014J,0.05,0.043478260869565216
2396985,CCC,2014J,0.15,0.05357142857142857
2397661,AAA,2014J,0.8,0.34782608695652173
2398313,AAA,2014J,0.8,0.48484848484848486
2399758,FFF,2014J,0.35,0.1076923076923077
2399951,DDD,2014B,0.0,0.0
2400764,DDD,2013B,0.05,0.041666666666666664
2400764,DDD,2014J,0.0,0.0
2400851,BBB,2013J,0.55,0.2972972972972973
2401304,BBB,2014J,0.55,0.2391304347826087
2403701,FFF,2014J,0.7,0.12173913043478261
2404408,AAA,2014J,0.15,0.3333333333333333
2405934,CCC,2014J,0.05,0.018867924528301886
2406709,DDD,2013B,0.15,0.06
2407594,BBB,2014J,0.35,0.2692307692307692
2407762,FFF,2013B,0.05,0.05263157894736842
2408307,EEE,2013J,0.8,0.45714285714285713
2410140,GGG,2014B,0.0,0.0
2410519,CCC,2014B,0.0,0.0
2410519,FFF,2014B,0.6,0.11428571428571428
2410544,BBB,2014J,0.45,0.3103448275862069
2410609,CCC,2014J,0.05,0.047619047619047616
2410632,EEE,2014J,0.25,0.625
2411595,BBB,2013J,0.0,0.0
2411661,AAA,2013J,0.1,0.16666666666666666
2411773,FFF,2013J,0.15,0.046153846153846156
2411778,AAA,2013J,0.0,0.0
2412002,AAA,2013J,0.75,0.36585365853658536
2412152,FFF,2013J,0.75,0.08379888268156424
2412967,AAA,2013J,0.45,0.2571428571428571
2413037,CCC,2014J,0.15,0.12
2413191,FFF,2013B,0.05,0.02040816326530612
2413895,FFF,2014B,0.0,0.0
2414945,BBB,2014J,0.2,0.3076923076923077
2414973,DDD,2014B,0.05,0.05555555555555555
2415414,BBB,2013J,0.5,0.15384615384615385
2415436,FFF,2013J,0.1,0.03278688524590164
2415480,DDD,2014B,0.35,0.10294117647058823
2415526,CCC,2014J,0.25,0.14285714285714285
2416024,DDD,2013J,0.05,0.02631578947368421
2416424,DDD,2014B,0.55,0.1527777777777778
2416501,DDD,2014B,0.6,0.14814814814814814
2416774,BBB,2013J,0.1,0.09523809523809523
2417433,FFF,2013J,0.15,0.2727272727272727
2417433,FFF,2014J,0.0,0.0
2417702,GGG,2013J,0.05,0.047619047619047616
2417975,FFF,2014J,0.35,0.18421052631578946
2418045,DDD,2013B,0.6,0.09022556390977443
2418277,DDD,2014J,0.05,0.05
2418580,DDD,2013B,0.35,0.125
2418732,CCC,2014B,0.7,0.3333333333333333
2418732,EEE,2013J,0.0,0.0
2419115,CCC,2014B,0.4,0.16
2419926,FFF,2013B,0.35,0.1206896551724138
2420364,GGG,2013J,0.0,0.0
2420725,BBB,2014B,0.0,0.0
2420909,BBB,2013J,0.15,0.17647058823529413
2421961,CCC,2014B,0.0,0.0
2421961,CCC,2014J,0.0,0.0
2421961,DDD,2013J,0.15,0.0967741935483871
2423002,FFF,2013J,0.4,0.11267605633802817
2423655,DDD,2014J,0.0,0.0
2424257,FFF,2014J,0.3,0.11320754716981132
2424750,FFF,2013B,0.15,0.05172413793103448
2425156,BBB,2013J,0.1,0.07407407407407407
2425993,AAA,2014J,0.35,0.30434782608695654
2426332,FFF,2014B,0.15,0.07142857142857142
2426864,BBB,2014J,0.05,0.05
2427845,FFF,2014J,0.55,0.1111111111111111
2427886,EEE,2014J,0.35,0.3684210526315789
2428341,BBB,2014J,0.05,0.0625
2429854,AAA,2014J,0.0,0.0
2430070,DDD,2013J,0.1,0.038461538461538464
2430405,DDD,2013J,0.25,0.06944444444444445
2432551,BBB,2014J,0.05,0.08333333333333333
2432655,DDD,2014J,0.0,0.0
2432796,AAA,2014J,0.3,0.3
2433069,CCC,2014B,0.2,0.10526315789473684
2433221,CCC,2014B,0.2,0.08695652173913043
2434017,FFF,2013B,0.0,0.0
2434159,AAA,2014J,0.15,0.23076923076923078
2434339,EEE,2014B,0.6,0.5217391304347826
2434369,DDD,2013J,0.55,0.09090909090909091
2434666,CCC,2014J,0.05,0.0625
2435726,EEE,2013J,0.6,0.4444444444444444
2435795,FFF,2013J,0.45,0.12857142857142856
2436089,FFF,2013B,0.0,0.0
2436400,DDD,2014B,0.3,0.07894736842105263
2436711,BBB,2014J,0.7,0.2692307692307692
2436812,AAA,2014J,0.2,0.19047619047619047
2437065,DDD,2013J,0.15,0.058823529411764705
2437428,BBB,2014B,0.0,0.0
2437591,EEE,2014J,0.85,0.6538461538461539
2437837,AAA,2013J,0.6,0.2926829268292683
2437930,FFF,2014B,0.15,0.075
2438784,FFF,2014J,0.25,0.05555555555555555
2439201,BBB,2013B,0.0,0.0
2439239,FFF,2013B,0.25,0.1
2440301,FFF,2013J,0.25,0.06578947368421052
2440756,BBB,2014B,0.15,0.23076923076923078
2441910,FFF,2013B,0.05,0.034482758620689655
2442423,EEE,2014J,0.3,0.75
2442685,BBB,2013B,0.05,0.14285714285714285
2444088,BBB,2013B,0.0,0.0
2444501,BBB,2014B,0.0,0.0
2444632,DDD,2013B,0.3,0.11538461538461539
2444641,BBB,2013J,0.0,0.0
2444705,BBB,2014J,0.4,0.1702127659574468
2445085,FFF,2013J,0.35,0.15555555555555556
2445088,BBB,2013B,0.05,0.3333333333333333
2445410,FFF,2013B,0.15,0.031914893617021274
2445562,GGG,2014B,0.1,0.08
2446109,DDD,2013J,0.45,0.12
2446144,BBB,2013B,0.0,0.0
2446599,BBB,2014B,0.0,0.0
2446694,BBB,2014J,0.1,0.11764705882352941
2447528,CCC,2014B,0.0,0.0
2448082,FFF,2014B,0.0,0.0
2449399,BBB,2014J,0.35,0.17073170731707318
2449737,FFF,2013J,0.0,0.0
2449819,FFF,2013J,0.5,0.12345679012345678
2449878,AAA,2013J,0.3,0.13636363636363635
2450600,DDD,2014B,0.75,0.22388059701492538
2450650,DDD,2014B,0.2,0.10526315789473684
2451003,DDD,2014B,0.1,0.04
2451269,BBB,2013J,0.05,0.05555555555555555
2451523,CCC,2014J,0.3,0.14634146341463414
2451672,DDD,2013B,0.1,0.07692307692307693
2451726,EEE,2013J,0.55,0.4583333333333333
2452045,GGG,2014B,0.05,0.09090909090909091
2452111,DDD,2014J,0.0,0.0
2452289,BBB,2013J,0.9,0.23376623376623376
2452606,FFF,2013J,0.1,0.0625
2452902,DDD,2013J,0.05,0.5
2452902,DDD,2014B,0.0,0.0
2453657,BBB,2013J,0.0,0.0
2453691,EEE,2014J,0.55,0.39285714285714285
2454653,FFF,2013J,0.35,0.0875
2454878,CCC,2014B,0.0,0.0
2454878,FFF,2013J,0.25,0.04807692307692308
2454933,DDD,2013B,0.05,0.06666666666666667
2455066,BBB,2013J,0.2,0.13333333333333333
2455578,BBB,2013J,0.2,0.11428571428571428
2455893,EEE,2014B,0.45,0.375
2456387,DDD,2013B,0.05,0.058823529411764705
2456431,GGG,2014J,0.25,0.2631578947368421
2456480,AAA,2013J,0.0,0.0
2456612,DDD,2013B,0.15,0.03896103896103896
2457147,FFF,2013B,0.3,0.0821917808219178
2457256,AAA,2013J,0.45,0.3103448275862069
2457440,FFF,2014J,0.15,0.08823529411764706
2457907,DDD,2013J,0.2,0.10810810810810811
2458203,GGG,2013J,0.05,0.043478260869565216
2458355,AAA,2013J,0.65,0.34210526315789475
2458925,CCC,2014J,0.8,0.25
2458984,BBB,2013B,0.0,0.0
2459292,FFF,2014J,0.25,0.13157894736842105
2459418,DDD,2014J,0.0,0.0
2459878,DDD,2013B,0.1,0.06060606060606061
2460080,AAA,2013J,0.75,0.3191489361702128
2460752,DDD,2013B,0.35,0.1076923076923077
2460775,DDD,2014B,0.1,0.07692307692307693
2461190,AAA,2013J,0.05,0.14285714285714285
2461936,DDD,2013J,0.25,0.07352941176470588
2462576,BBB,2014J,0.1,0.125
2462584,GGG,2013J,0.0,0.0
2462607,CCC,2014J,0.2,0.07407407407407407
2462628,CCC,2014J,0.0,0.0
2462628,DDD,2013J,0.2,0.08888888888888889
2462862,CCC,2014J,0.0,0.0
2463213,BBB,2013J,0.0,0.0
2463950,BBB,2013J,0.1,0.1
2464118,CCC,2014J,0.05,0.041666666666666664
2464118,EEE,2014J,0.0,0.0
2464386,CCC,2014J,0.1,0.1
2464683,BBB,2013J,0.1,0.09090909090909091
2464683,DDD,2014J,0.0,0.0
2464963,BBB,2013B,0.1,0.11764705882352941
2465105,FFF,2013J,0.2,0.0784313725490196
2465589,FFF,2013J,0.1,0.047619047619047616
2465876,DDD,2013B,0.15,0.05084745762711865
2467267,AAA,2014J,0.1,0.4
2468232,FFF,2013J,0.0,0.0
2468280,BBB,2013J,0.0,0.0
2468706,BBB,2013J,0.05,0.041666666666666664
2469321,FFF,2013J,0.55,0.0990990990990991
2469673,AAA,2013J,0.25,0.15625
2469688,CCC,2014J,0.0,0.0
2469688,FFF,2013J,0.3,0.08695652173913043
2470326,CCC,2014J,0.1,0.4
2470326,FFF,2014J,0.0,0.0
2470672,BBB,2013B,0.0,0.0
2470694,AAA,2013J,0.35,0.2413793103448276
2470694,AAA,2014J,0.0,0.0
2471283,CCC,2014B,0.2,0.12903225806451613
2471673,DDD,2014J,0.0,0.0
2472033,FFF,2013J,0.3,0.08823529411764706
2472132,FFF,2013J,0.8,0.1797752808988764
2472145,DDD,2013J,0.0,0.0
2472178,EEE,2014B,0.35,0.4375
2472995,CCC,2014J,0.05,0.16666666666666666
2473025,DDD,2014B,0.15,0.05263157894736842
2473456,DDD,2013J,0.5,0.1111111111111111
2473538,AAA,2014J,0.9,0.2903225806451613
2473780,BBB,2013J,0.25,0.16129032258064516
2474006,EEE,2013J,0.45,0.47368421052631576
2474493,BBB,2013B,0.0,0.0
2474925,FFF,2013B,0.0,0.0
2474995,EEE,2013J,0.7,0.5384615384615384
2475591,BBB,2014J,0.85,0.3090909090909091
2475780,BBB,2013B,0.0,0.0
2476144,BBB,2014B,0.15,0.12
2476409,DDD,2014J,0.05,0.03225806451612903
2476649,BBB,2013B,0.0,0.0
2476998,DDD,2013B,0.2,0.06557377049180328
2477040,GGG,2013J,0.0,0.0
2477052,DDD,2013J,0.4,0.11940298507462686
2477792,DDD,2013J,0.0,0.0
2479086,DDD,2013B,0.0,0.0
2479413,FFF,2013B,0.35,0.07526881720430108
2479954,AAA,2013J,0.1,0.2222222222222222
2480886,FFF,2014J,0.45,0.16071428571428573
2481224,BBB,2013B,0.15,0.10344827586206896
2481482,FFF,2014B,0.2,0.07692307692307693
2481629,DDD,2014J,0.1,0.03773584905660377
2481646,FFF,2013B,0.2,0.04395604395604396
2481765,BBB,2013B,0.1,0.10526315789473684
2481901,AAA,2013J,0.3,0.21428571428571427
2482700,AAA,2013J,0.4,0.2857142857142857
2482710,FFF,2014J,0.45,0.1111111111111111
2482885,GGG,2013J,0.0,0.0
2482994,BBB,2014B,0.1,0.1111111111111111
2482994,BBB,2014J,0.0,0.0
2483179,BBB,2013B,0.2,0.11764705882352941
2483382,CCC,2014J,0.0,0.0
2483568,BBB,2013B,0.1,0.1111111111111111
2484726,DDD,2014J,0.05,0.019230769230769232
2485582,DDD,2013J,0.3,0.11764705882352941
2485655,EEE,2013J,0.0,0.0
2486127,AAA,2013J,0.3,0.24
2486159,BBB,2014J,0.35,0.175
2486769,CCC,2014B,0.3,0.16666666666666666
2486769,DDD,2013J,0.05,0.018867924528301886
2486930,FFF,2014J,0.45,0.13636363636363635
2487430,BBB,2014J,0.05,0.14285714285714285
2487541,BBB,2013B,0.0,0.0
2487573,BBB,2014J,0.8,0.35555555555555557
2487785,BBB,2014B,0.0,0.0
2487982,FFF,2013J,0.75,0.11278195488721804
2487990,EEE,2013J,0.4,0.38095238095238093
2488251,FFF,2013B,0.1,0.043478260869565216
2488382,CCC,2014B,0.3,0.21428571428571427
2492219,FFF,2014B,0.1,0.038461538461538464
2492787,FFF,2014B,0.55,0.14864864864864866
2492827,EEE,2014B,0.35,0.3684210526315789
2494258,BBB,2014J,0.2,0.14285714285714285
2494306,DDD,2014J,0.0,0.0
2494507,CCC,2014B,0.15,0.10344827586206896
2494700,AAA,2014J,0.85,0.4722222222222222
2494999,DDD,2013J,0.15,0.07894736842105263
2496748,FFF,2013B,0.2,0.0425531914893617
2497624,BBB,2014J,0.45,0.2727272727272727
2498139,GGG,2013J,0.2,0.18181818181818182
2498299,BBB,2013B,0.05,0.043478260869565216
2498388,CCC,2014B,0.35,0.16666666666666666
2498388,DDD,2013B,0.0,0.0
2498614,EEE,2014J,0.1,0.4
2498700,AAA,2013J,0.65,0.2653061224489796
2499307,DDD,2013B,0.1,0.06451612903225806
2499307,FFF,2014J,0.0,0.0
2499525,DDD,2014J,0.1,0.0273972602739726
2499779,CCC,2014J,0.05,0.04
2500064,CCC,2014J,0.15,0.13636363636363635
2500149,FFF,2013J,0.6,0.13793103448275862
2500258,AAA,2014J,0.85,0.38636363636363635
2501479,DDD,2013B,0.05,0.04
2501768,DDD,2013B,0.3,0.1
2502127,BBB,2014B,0.0,0.0
2502504,DDD,2013B,0.15,0.075
2502516,DDD,2014B,0.35,0.11666666666666667
2502707,DDD,2013B,0.0,0.0
2502707,DDD,2014B,0.0,0.0
2503063,CCC,2014B,0.0,0.0
2503063,FFF,2013J,0.3,0.18181818181818182
2503273,DDD,2014B,0.35,0.10294117647058823
2503799,FFF,2014B,0.55,0.1864406779661017
2504129,FFF,2014J,0.0,0.0
2505058,FFF,2014J,0.0,0.0
2505299,EEE,2013J,0.55,0.4074074074074074
2505501,DDD,2013B,0.0,0.0
2505859,DDD,2013J,0.2,0.06666666666666667
2507271,FFF,2013B,0.0,0.0
2507993,DDD,2014J,0.0,0.0
2508153,GGG,2014J,0.2,0.15384615384615385
2508403,FFF,2013B,0.05,0.125
2508785,DDD,2013B,0.15,0.06521739130434782
2509321,DDD,2014J,0.15,0.057692307692307696
2509639,AAA,2014J,0.75,0.30612244897959184
2510414,BBB,2013J,0.0,0.0
2510667,FFF,2013B,0.25,0.03164556962025317
2511519,BBB,2014J,0.2,0.15384615384615385
2511859,GGG,2013J,0.15,0.13043478260869565
2512392,BBB,2013B,0.05,0.09090909090909091
2512392,BBB,2013J,0.0,0.0
2513245,DDD,2013B,0.05,0.027777777777777776
2513954,BBB,2014B,0.0,0.0
2513997,CCC,2014B,0.1,0.10526315789473684
2514044,BBB,2014B,0.05,0.037037037037037035
2514368,AAA,2014J,0.05,0.1
2514379,BBB,2013J,0.0,0.0
2514431,FFF,2013B,0.15,0.03529411764705882
2514898,AAA,2014J,0.1,0.04081632653061224
2514949,FFF,2013B,0.35,0.07446808510638298
2516163,FFF,2014B,0.45,0.09090909090909091
2516503,AAA,2013J,0.75,0.4166666666666667
2516931,GGG,2013J,0.0,0.0
2516939,DDD,2014J,0.1,0.06451612903225806
2517389,CCC,2014J,0.05,0.05
2517864,BBB,2013B,0.0,0.0
2518069,AAA,2013J,0.6,0.3
2518617,DDD,2013B,0.0,0.0
2518653,BBB,2013B,0.0,0.0
2519138,FFF,2014J,0.6,0.1791044776119403
2519972,GGG,2013J,0.3,0.13636363636363635
2520067,EEE,2014B,0.05,0.3333333333333333
2520290,BBB,2014J,0.75,0.3409090909090909
2520539,CCC,2014J,0.55,0.16176470588235295
2520649,BBB,2014J,0.2,0.12121212121212122
2520868,DDD,2013J,0.2,0.07272727272727272
2521459,AAA,2013J,0.35,0.23333333333333334
2521655,FFF,2013B,0.25,0.04807692307692308
2521745,BBB,2013B,0.05,0.05263157894736842
2521865,AAA,2014J,0.7,0.3684210526315789
2522093,BBB,2013B,0.2,0.13333333333333333
2522335,FFF,2013B,0.2,0.06349206349206349
2522927,AAA,2014J,0.6,0.631578947368421
2522932,CCC,2014B,0.0,0.0
2522932,CCC,2014J,0.0,0.0
2522932,DDD,2013J,0.55,0.11956521739130435
2523035,FFF,2013J,0.3,0.125
2523146,DDD,2013B,0.0,0.0
2523146,DDD,2014B,0.0,0.0
2523350,BBB,2014B,0.0,0.0
2523736,AAA,2013J,0.15,0.17647058823529413
2523751,FFF,2013J,0.0,0.0
2523915,FFF,2014B,0.0,0.0
2523989,BBB,2014B,0.05,0.043478260869565216
2524127,BBB,2013B,0.0,0.0
2524295,BBB,2014B,0.05,0.5
2525062,FFF,2013B,0.2,0.058823529411764705
2525964,DDD,2014J,0.1,0.031746031746031744
2526485,GGG,2014B,0.0,0.0
2526493,CCC,2014B,0.1,0.07142857142857142
2526537,FFF,2013J,0.0,0.0
2526784,BBB,2014B,0.0,0.0
2527066,DDD,2014J,0.15,0.04225352112676056
2528352,BBB,2013J,0.0,0.0
2528966,BBB,2013B,0.25,0.1388888888888889
2529052,FFF,2014J,0.0,0.0
2529279,AAA,2013J,0.2,0.19047619047619047
2529306,BBB,2013J,0.0,0.0
2529419,FFF,2014J,0.4,0.12121212121212122
2529663,CCC,2014B,0.15,0.12
2530976,FFF,2014J,0.05,0.04
2531031,BBB,2013B,0.0,0.0
2531298,DDD,2013B,0.05,0.1
2532302,AAA,2013J,0.45,0.3
2532320,FFF,2013B,0.55,0.07142857142857142
2532322,DDD,2013B,0.2,0.11428571428571428
2532323,FFF,2013B,0.05,0.027777777777777776
2532647,BBB,2013J,0.05,0.09090909090909091
2532785,FFF,2014B,0.25,0.0684931506849315
2533195,GGG,2014J,0.05,0.06666666666666667
2533297,DDD,2014B,0.05,0.5
2533383,EEE,2014J,0.6,0.631578947368421
2533391,BBB,2014B,0.0,0.0
2533407,GGG,2014B,0.0,0.0
2533504,FFF,2013B,0.05,0.009900990099009901
2533609,DDD,2014J,0.0,0.0
2533650,CCC,2014J,0.0,0.0
2534165,FFF,2013J,0.45,0.10344827586206896
2534954,BBB,2014B,0.2,0.21052631578947367
2535666,EEE,2014J,0.75,0.4411764705882353
2536991,AAA,2013J,0.3,0.3
2537695,DDD,2013B,0.0,0.0
2537777,FFF,2014J,0.4,0.10126582278481013
2537898,EEE,2013J,0.4,0.3076923076923077
2537934,BBB,2014J,0.1,0.18181818181818182
2538792,EEE,2014J,0.3,0.3157894736842105
2539641,BBB,2014B,0.0,0.0
2539858,BBB,2013J,0.75,0.2631578947368421
2540168,AAA,2014J,0.2,0.36363636363636365
2540195,DDD,2013J,0.15,0.17647058823529413
2540362,BBB,2013B,0.0,0.0
2540424,FFF,2014B,0.0,0.0
2540724,BBB,2013J,0.1,0.07407407407407407
2540871,FFF,2014J,0.1,0.06060606060606061
2540922,DDD,2013B,0.05,0.015625
2541120,BBB,2013B,0.35,0.3333333333333333
2541388,BBB,2014B,0.2,0.07142857142857142
2542116,DDD,2014J,0.05,0.023255813953488372
2542182,EEE,2014J,0.7,0.6086956521739131
2542209,FFF,2014J,0.45,0.12
2542291,GGG,2013J,0.6,0.4
2542431,FFF,2013J,0.2,0.09090909090909091
2542645,EEE,2013J,0.1,0.4
2542803,DDD,2013J,0.25,0.14285714285714285
2542803,DDD,2014J,0.0,0.0
2543208,FFF,2013J,0.25,0.07142857142857142
2543267,DDD,2013B,0.05,0.25
2543600,DDD,2013B,0.3,0.07894736842105263
2544448,BBB,2013J,0.1,0.1111111111111111
2544643,FFF,2014J,0.6,0.125
2544678,DDD,2014J,0.0,0.0
2544766,FFF,2014J,0.2,0.06349206349206349
2545047,BBB,2014J,0.45,0.23684210526315788
2545113,CCC,2014B,0.0,0.0
2545113,DDD,2013B,0.05,0.5
2545629,FFF,2014B,0.25,0.1
2545923,FFF,2013J,0.45,0.13846153846153847
2546095,FFF,2013B,0.1,0.04
2546315,FFF,2014J,0.4,0.08421052631578947
2547032,DDD,2013J,0.0,0.0
2547321,DDD,2013B,0.1,0.041666666666666664
2547402,DDD,2013B,0.15,0.04
2548055,FFF,2013J,0.7,0.1320754716981132
2548877,CCC,2014B,0.3,0.1276595744680851
2549875,DDD,2013B,0.2,0.12121212121212122
2549939,DDD,2013B,0.35,0.11864406779661017
2550054,DDD,2013J,0.1,0.07142857142857142
2550279,AAA,2013J,0.75,0.35714285714285715
2550290,BBB,2013J,0.05,0.5
2550534,FFF,2014J,0.05,0.07692307692307693
2550946,DDD,2014B,0.15,0.06382978723404255
2550960,EEE,2014J,0.35,0.4117647058823529
2551220,AAA,2013J,0.55,0.3142857142857143
2551797,AAA,2014J,0.0,0.0
2551932,AAA,2014J,0.3,0.375
2552412,CCC,2014J,0.2,0.11764705882352941
2552472,AAA,2013J,0.0,0.0
2552672,DDD,2013J,0.25,0.07936507936507936
2552708,BBB,2014J,0.4,0.25806451612903225
2553363,FFF,2013B,0.2,0.041666666666666664
2553749,BBB,2013B,0.0,0.0
2553890,BBB,2013J,0.0,0.0
2554552,FFF,2014B,0.25,0.08928571428571429
2554973,DDD,2013B,0.0,0.0
2554973,DDD,2013J,0.0,0.0
2555225,FFF,2013J,0.2,0.06666666666666667
2555340,AAA,2013J,0.6,0.36363636363636365
2555596,CCC,2014B,0.0,0.0
2555596,CCC,2014J,0.0,0.0
2555596,DDD,2013J,0.15,0.05454545454545454
2556060,CCC,2014B,0.7,0.21212121212121213
2556345,DDD,2013J,0.1,0.2857142857142857
2557008,FFF,2014J,0.4,0.10810810810810811
2557283,AAA,2013J,0.7,0.3111111111111111
2557563,CCC,2014J,0.0,0.0
2558071,CCC,2014J,0.75,0.3
2558365,FFF,2014J,0.0,0.0
2558463,DDD,2014B,0.6,0.15789473684210525
2558713,FFF,2013J,0.0,0.0
2558893,DDD,2014J,0.0,0.0
2559144,CCC,2014J,0.0,0.0
2559144,FFF,2014J,0.1,0.02564102564102564
2559575,AAA,2013J,0.15,0.17647058823529413
2559992,BBB,2014J,0.0,0.0
2560520,DDD,2014J,0.25,0.08196721311475409
2560595,FFF,2013B,0.35,0.1044776119402985
2560868,DDD,2013J,0.1,0.07407407407407407
2561313,FFF,2014B,0.2,0.05333333333333334
2561811,DDD,2013J,0.2,0.10810810810810811
2561811,DDD,2014J,0.0,0.0
2561862,FFF,2014B,0.5,0.1111111111111111
2561971,GGG,2013J,0.35,0.175
2562034,AAA,2013J,0.1,0.18181818181818182
2563095,FFF,2013J,0.1,0.03636363636363636
2563095,FFF,2014J,0.0,0.0
2563715,GGG,2014B,0.25,0.13513513513513514
2564333,EEE,2013J,0.0,0.0
2564619,FFF,2014B,0.05,0.03333333333333333
2564711,CCC,2014B,0.1,0.07142857142857142
2564744,BBB,2013J,0.0,0.0
2566163,AAA,2013J,0.7,0.3684210526315789
2566592,AAA,2013J,0.65,0.34210526315789475
2567038,CCC,2014B,0.35,0.16279069767441862
2567038,EEE,2014B,0.0,0.0
2567054,FFF,2013B,0.2,0.0547945205479452
2567158,BBB,2013J,0.0,0.0
2567561,FFF,2013B,0.2,0.08163265306122448
2567571,FFF,2013J,0.8,0.14414414414414414
2567715,BBB,2014J,0.45,0.2903225806451613
2568059,BBB,2014B,0.15,0.07894736842105263
2568893,FFF,2013B,0.0,0.0
2569051,DDD,2013J,0.2,0.06779661016949153
2569163,BBB,2013B,0.05,0.07692307692307693
2569324,AAA,2014J,0.5,0.45454545454545453
2569416,DDD,2013J,0.1,0.05263157894736842
2569834,EEE,2013J,0.25,0.35714285714285715
2569942,FFF,2014B,0.65,0.09774436090225563
2570092,BBB,2014B,0.1,0.15384615384615385
2570253,DDD,2013J,0.35,0.1076923076923077
2570274,DDD,2014J,0.0,0.0
2570396,BBB,2014J,0.5,0.2857142857142857
2570929,FFF,2014B,0.65,0.11711711711711711
2571054,BBB,2014B,0.15,0.2
2571497,DDD,2013B,0.35,0.12280701754385964
2572441,FFF,2013J,0.25,0.10869565217391304
2573353,BBB,2013J,0.0,0.0
2574365,BBB,2014B,0.0,0.0
2574528,AAA,2013J,0.3,0.16666666666666666
2574583,AAA,2013J,0.75,0.45454545454545453
2574825,GGG,2014B,0.0,0.0
2574909,EEE,2013J,0.0,0.0
2574990,AAA,2014J,0.3,0.35294117647058826
2575119,FFF,2014B,0.0,0.0
2575914,BBB,2013B,0.0,0.0
2575914,BBB,2014B,0.0,0.0
2575994,BBB,2013J,0.0,0.0
2576637,BBB,2014J,0.7,0.3181818181818182
2577437,GGG,2014B,0.0,0.0
2577893,EEE,2014B,0.7,0.4666666666666667
2578532,BBB,2014J,0.35,0.3181818181818182
2578567,BBB,2013B,0.0,0.0
2578676,AAA,2014J,0.5,0.43478260869565216
2578802,BBB,2013J,0.2,0.17391304347826086
2578992,FFF,2013B,0.15,0.05357142857142857
2578995,AAA,2013J,0.35,0.22580645161290322
2578996,FFF,2013B,0.15,0.06
2579401,FFF,2013J,0.15,0.06818181818181818
2579459,BBB,2013B,0.0,0.0
2579673,BBB,2013J,0.0,0.0
2579891,FFF,2014J,0.75,0.15463917525773196
2580196,FFF,2013J,0.0,0.0
2580439,BBB,2013B,0.0,0.0
2580545,FFF,2013J,0.35,0.05982905982905983
2580626,BBB,2014J,0.4,0.22857142857142856
2581477,AAA,2014J,0.8,0.3404255319148936
2581528,BBB,2013B,0.1,0.058823529411764705
2581536,FFF,2014B,0.4,0.14035087719298245
2581603,CCC,2014B,0.2,0.14814814814814814
2581654,FFF,2014B,0.05,0.018518518518518517
2581779,DDD,2013J,0.3,0.07228915662650602
2581822,DDD,2013B,0.3,0.17647058823529413
2581822,DDD,2013J,0.0,0.0
2583791,BBB,2013J,0.0,0.0
2584244,FFF,2014J,0.6,0.12371134020618557
2584834,BBB,2013J,0.0,0.0
2584873,AAA,2014J,0.45,0.391304347826087
2585270,DDD,2013J,0.25,0.06493506493506493
2585285,DDD,2013B,0.3,0.08955223880597014
2585330,FFF,2014B,0.3,0.10344827586206896
2585937,BBB,2013J,0.15,0.2
2586560,AAA,2013J,0.5,0.2777777777777778
2587329,BBB,2013J,0.2,0.11764705882352941
2588201,CCC,2014B,0.0,0.0
2588201,EEE,2013J,0.8,0.6666666666666666
2588215,DDD,2014B,0.0,0.0
2588215,DDD,2014J,0.0,0.0
2588543,DDD,2014B,0.2,0.06557377049180328
2588742,BBB,2013J,0.0,0.0
2589096,DDD,2013J,0.05,0.2
2589352,FFF,2014B,0.2,0.06557377049180328
2590189,EEE,2013J,0.7,0.42424242424242425
2590564,BBB,2014B,0.05,0.029411764705882353
2590864,DDD,2014J,0.0,0.0
2590999,FFF,2013B,0.15,0.075
2591421,BBB,2013B,0.0,0.0
2591421,BBB,2013J,0.0,0.0
2591672,GGG,2013J,0.0,0.0
2591974,BBB,2014B,0.2,0.21052631578947367
2592923,BBB,2014B,0.0,0.0
2592973,EEE,2014J,0.7,0.5185185185185185
2593689,CCC,2014J,0.1,0.2
2593755,CCC,2014J,0.25,0.16666666666666666
2593920,CCC,2014J,0.25,0.2631578947368421
2594139,AAA,2013J,0.2,0.15384615384615385
2594368,BBB,2014J,0.15,0.10344827586206896
2594888,DDD,2013B,0.1,0.03508771929824561
2595204,CCC,2014J,0.25,0.15151515151515152
2595457,DDD,2014J,0.0,0.0
2595641,FFF,2013J,0.0,0.0
2595665,EEE,2014B,0.4,0.4444444444444444
2595730,DDD,2014B,0.05,0.03225806451612903
2595730,DDD,2014J,0.0,0.0
2595841,AAA,2014J,0.45,0.375
2596553,CCC,2014J,0.15,0.10714285714285714
2596621,AAA,2014J,0.0,0.0
2596621,FFF,2013J,0.65,0.11607142857142858
2597117,FFF,2014J,0.7,0.12727272727272726
2597543,BBB,2014B,0.0,0.0
2598509,EEE,2013J,0.45,0.391304347826087
2598871,AAA,2013J,0.75,0.40540540540540543
2598961,CCC,2014J,0.3,0.09523809523809523
2598961,EEE,2013J,0.0,0.0
2599162,FFF,2013B,0.0,0.0
2599179,EEE,2014J,0.8,0.48484848484848486
2599352,AAA,2013J,0.4,0.21621621621621623
2599784,BBB,2014J,0.45,0.21428571428571427
2599817,GGG,2013J,0.25,0.15625
2599883,CCC,2014J,0.0,0.0
2599883,FFF,2014J,0.4,0.14035087719298245
2600688,AAA,2013J,0.25,0.29411764705882354
2600862,EEE,2014B,0.6,0.5
2600887,FFF,2013B,0.2,0.05263157894736842
2601889,AAA,2014J,0.45,0.5294117647058824
2602235,DDD,2013J,0.1,0.07142857142857142
2602264,CCC,2014B,0.0,0.0
2602264,FFF,2013J,0.3,0.07792207792207792
2602338,AAA,2014J,0.35,0.4666666666666667
2602486,DDD,2013B,0.25,0.08333333333333333
2602542,FFF,2014J,0.5,0.10526315789473684
2602679,BBB,2014B,0.0,0.0
2602809,BBB,2013B,0.15,0.15789473684210525
2603027,FFF,2014J,0.5,0.16393442622950818
2603195,CCC,2014B,0.0,0.0
2603195,EEE,2014B,0.1,0.18181818181818182
2604212,FFF,2013B,0.1,0.02040816326530612
2604660,DDD,2013B,0.0,0.0
2604856,EEE,2013J,0.55,0.4074074074074074
2604975,FFF,2014B,0.3,0.10526315789473684
2605337,DDD,2014J,0.1,0.03333333333333333
2606098,AAA,2013J,0.2,0.16
2606636,FFF,2014B,0.3,0.06896551724137931
2606765,GGG,2014J,0.25,0.19230769230769232
2606802,AAA,2014J,0.45,0.45
2606871,DDD,2013J,0.15,0.13043478260869565
2606890,FFF,2014B,0.1,0.023809523809523808
2607641,BBB,2013J,0.05,0.05
2607824,EEE,2013J,0.7,0.4375
2607849,CCC,2014B,0.1,0.03333333333333333
2608235,BBB,2013B,0.15,0.10714285714285714
2608453,BBB,2013B,0.15,0.13043478260869565
2608626,DDD,2014B,0.35,0.0945945945945946
2608828,EEE,2013J,0.5,0.37037037037037035
2609069,CCC,2014J,0.0,0.0
2609908,CCC,2014B,0.0,0.0
2609908,DDD,2014B,0.0,0.0
2610745,BBB,2014J,0.2,0.19047619047619047
2611371,DDD,2014B,0.4,0.26666666666666666
2611512,BBB,2014J,0.05,0.2
2611779,DDD,2013B,0.05,0.03333333333333333
2612069,DDD,2014J,0.0,0.0
2612102,FFF,2014J,0.7,0.11382113821138211
2612342,DDD,2014J,0.0,0.0
2612483,BBB,2013B,0.15,0.13636363636363635
2612561,DDD,2013J,0.3,0.08450704225352113
2613116,AAA,2013J,0.4,0.3076923076923077
2613219,EEE,2014B,0.1,0.2857142857142857
2613296,DDD,2013J,0.15,0.06666666666666667
2613331,CCC,2014B,0.25,0.15151515151515152
2613746,CCC,2014J,0.0,0.0
2613746,FFF,2013J,0.25,0.0847457627118644
2613930,FFF,2013B,0.3,0.07692307692307693
2614093,CCC,2014J,0.1,0.13333333333333333
2614277,FFF,2013J,0.0,0.0
2614777,BBB,2014J,0.55,0.3235294117647059
2615169,DDD,2013J,0.05,0.03333333333333333
2615169,DDD,2014J,0.0,0.0
2615761,DDD,2013J,0.0,0.0
2615849,EEE,2013J,0.7,0.4827586206896552
2615892,DDD,2013B,0.65,0.11818181818181818
2615956,DDD,2014J,0.05,0.0625
2616787,BBB,2013B,0.0,0.0
2616950,CCC,2014B,0.0,0.0
2616950,EEE,2013J,0.75,0.5769230769230769
2616978,FFF,2014B,0.4,0.10666666666666667
2617002,AAA,2013J,0.55,0.2619047619047619
2617541,FFF,2013B,0.45,0.0967741935483871
2617596,BBB,2013B,0.2,0.08695652173913043
2617635,EEE,2013J,0.5,0.45454545454545453
2617839,BBB,2013J,0.05,0.07142857142857142
2617999,BBB,2013B,0.25,0.11627906976744186
2619025,CCC,2014J,0.2,0.05
2619025,EEE,2013J,0.0,0.0
2619107,BBB,2013J,0.2,0.18181818181818182
2619496,DDD,2014B,0.1,0.0625
2619719,FFF,2014B,0.05,0.1
2620178,BBB,2013B,0.0,0.0
2620279,BBB,2013J,0.0,0.0
2620661,CCC,2014J,0.0,0.0
2620661,EEE,2014B,0.45,0.3
2620930,FFF,2014B,0.25,0.1
2620947,GGG,2014J,0.2,0.13333333333333333
2621695,GGG,2013J,0.5,0.5
2621734,FFF,2013J,0.1,0.038461538461538464
2622441,CCC,2014J,0.45,0.1956521739130435
2622441,DDD,2014J,0.0,0.0
2622465,BBB,2013B,0.35,0.09859154929577464
2622627,CCC,2014J,0.0,0.0
2622627,EEE,2014J,0.25,0.3125
2622652,BBB,2014J,0.45,0.25
2623196,FFF,2013B,0.55,0.09166666666666666
2623263,CCC,2014B,0.45,0.225
2623263,EEE,2013J,0.0,0.0
2623427,CCC,2014J,0.0,0.0
2623427,FFF,2013B,0.1,0.02857142857142857
2623496,FFF,2013J,0.15,0.05263157894736842
2623532,DDD,2014B,0.05,0.09090909090909091
2623656,BBB,2014J,0.0,0.0
2624028,FFF,2014J,0.4,0.1568627450980392
2624040,DDD,2013J,0.2,0.10810810810810811
2624720,DDD,2013B,0.1,0.07407407407407407
2624961,AAA,2014J,0.2,0.25
2625545,FFF,2013J,0.0,0.0
2625693,EEE,2013J,0.55,0.4583333333333333
2626179,DDD,2013B,0.15,0.10714285714285714
2626410,BBB,2013B,0.0,0.0
2626779,EEE,2014J,0.3,0.42857142857142855
2627398,BBB,2014J,0.05,0.3333333333333333
2627449,DDD,2013J,0.25,0.060240963855421686
2627491,CCC,2014J,0.0,0.0
2627992,EEE,2014J,0.7,0.3888888888888889
2630284,FFF,2014J,0.0,0.0
2631225,DDD,2013J,0.05,0.09090909090909091
2631298,BBB,2014J,0.1,0.06666666666666667
2631703,CCC,2014B,0.05,0.05
2632165,EEE,2014B,0.25,0.29411764705882354
2633052,FFF,2013J,0.0,0.0
2633226,AAA,2014J,0.5,0.35714285714285715
2633235,DDD,2013B,0.15,0.05172413793103448
2634319,BBB,2014J,0.7,0.358974358974359
2634868,FFF,2013J,0.4,0.1
2634946,BBB,2014B,0.0,0.0
2635116,DDD,2014B,0.1,0.08333333333333333
2635163,DDD,2013J,0.0,0.0
2635505,BBB,2013B,0.0,0.0
2635829,BBB,2013B,0.1,0.1
2636225,DDD,2013B,0.2,0.07017543859649122
2636552,DDD,2014J,0.0,0.0
2636696,BBB,2014B,0.0,0.0
2636885,DDD,2013B,0.0,0.0
2636885,DDD,2013J,0.0,0.0
2637000,EEE,2014J,0.0,0.0
2637219,DDD,2014B,0.2,0.1
2637912,CCC,2014J,0.0,0.0
2638377,BBB,2013J,0.0,0.0
2638403,BBB,2014J,0.25,0.2
2638532,GGG,2013J,0.05,0.047619047619047616
2638818,BBB,2013J,0.4,0.24242424242424243
2639115,EEE,2014J,0.65,0.48148148148148145
2639310,CCC,2014B,0.0,0.0
2639310,DDD,2013J,0.05,0.014492753623188406
2639319,FFF,2013J,0.5,0.11764705882352941
2639410,FFF,2013B,0.0,0.0
2639449,AAA,2013J,0.25,0.18518518518518517
2639451,DDD,2013B,0.4,0.13793103448275862
2639540,AAA,2013J,0.45,0.24324324324324326
2639611,BBB,2013B,0.1,0.06896551724137931
2639641,AAA,2013J,0.5,0.3225806451612903
2640992,DDD,2013B,0.1,0.07407407407407407
2641155,AAA,2013J,0.55,0.3142857142857143
2641156,FFF,2014J,0.1,0.03571428571428571
2641254,EEE,2013J,0.6,0.48
2641364,EEE,2013J,0.55,0.39285714285714285
2641393,BBB,2013B,0.4,0.1702127659574468
2641486,CCC,2014B,0.05,0.07692307692307693
2641657,BBB,2014B,0.0,0.0
2641682,BBB,2014B,0.15,0.21428571428571427
2641935,DDD,2014J,0.1,0.028985507246376812
2642029,BBB,2013B,0.0,0.0
2642532,FFF,2014J,0.15,0.08333333333333333
2642616,AAA,2014J,0.45,0.2903225806451613
2642697,EEE,2014B,0.65,0.4482758620689655
2642717,BBB,2013J,0.0,0.0
2642830,DDD,2013B,0.05,0.02127659574468085
2642935,AAA,2014J,0.85,0.4594594594594595
2642994,FFF,2013J,0.0,0.0
2643002,AAA,2013J,0.75,0.32608695652173914
2643007,BBB,2014B,0.25,0.07042253521126761
2643028,DDD,2014B,0.3,0.11538461538461539
2643122,GGG,2013J,0.35,0.2
2643472,FFF,2014J,0.25,0.06493506493506493
2643555,DDD,2013J,0.15,0.06382978723404255
2643574,FFF,2013B,0.2,0.05128205128205128
2643777,DDD,2013B,0.15,0.1
2643829,FFF,2014J,0.05,0.05263157894736842
2644404,CCC,2014B,0.25,0.2777777777777778
2644404,EEE,2014J,0.0,0.0
2645061,BBB,2013B,0.0,0.0
2645731,GGG,2014J,0.35,0.1794871794871795
2645733,AAA,2013J,0.65,0.2826086956521739
2646291,DDD,2013J,0.2,0.09302325581395349
2646317,FFF,2013B,0.85,0.06910569105691057
2646737,DDD,2014J,0.0,0.0
2647043,FFF,2013B,0.2,0.08888888888888889
2647226,DDD,2013B,0.25,0.07352941176470588
2647314,EEE,2014B,0.5,0.4166666666666667
2647893,CCC,2014J,0.15,0.06521739130434782
2648035,DDD,2014B,0.15,0.06521739130434782
2648187,GGG,2014J,0.15,0.17647058823529413
2648317,DDD,2013J,0.0,0.0
2648611,AAA,2014J,0.75,0.5555555555555556
2649800,AAA,2014J,0.65,0.40625
2649826,AAA,2013J,0.8,0.43243243243243246
2649914,GGG,2014B,0.05,0.037037037037037035
2649947,BBB,2013B,0.25,0.1724137931034483
2649948,FFF,2014J,0.4,0.14814814814814814
2650282,AAA,2013J,0.4,0.21052631578947367
2650337,DDD,2014J,0.0,0.0
2650555,FFF,2013J,0.0,0.0
2650741,CCC,2014J,0.0,0.0
2650741,DDD,2013J,0.05,0.02127659574468085
2652209,BBB,2014B,0.0,0.0
2653689,DDD,2014J,0.0,0.0
2654302,BBB,2013B,0.15,0.23076923076923078
2654409,FFF,2013B,0.2,0.0449438202247191
2654602,DDD,2014J,0.0,0.0
2654628,AAA,2014J,0.2,0.2857142857142857
2654928,EEE,2014J,0.45,0.47368421052631576
2655370,FFF,2013J,0.3,0.1111111111111111
2655683,DDD,2013B,0.1,0.043478260869565216
2655763,CCC,2014J,0.1,0.09090909090909091
2656100,GGG,2013J,0.25,0.2
2657781,FFF,2013B,0.2,0.043010752688172046
2657913,FFF,2014J,0.3,0.0759493670886076
2657915,EEE,2013J,0.45,0.47368421052631576
2658277,GGG,2014B,0.05,0.09090909090909091
2658314,CCC,2014J,0.2,0.1111111111111111
2658856,FFF,2014J,0.4,0.08163265306122448
2658898,DDD,2013J,0.15,0.07317073170731707
2659042,BBB,2014B,0.25,0.20833333333333334
2659530,DDD,2014B,0.1,0.06896551724137931
2659556,CCC,2014B,0.1,0.125
2659650,FFF,2014B,0.4,0.17391304347826086
2660408,DDD,2014B,0.1,0.06451612903225806
2660510,BBB,2014J,0.15,0.13636363636363635
2661162,DDD,2014B,0.15,0.06
2661827,FFF,2014B,0.45,0.14516129032258066
2661870,DDD,2013B,0.05,0.037037037037037035
2662152,DDD,2014J,0.0,0.0
2662178,DDD,2013J,0.25,0.11363636363636363
2662716,BBB,2013J,0.0,0.0
2663010,DDD,2013J,0.15,0.13043478260869565
2663131,FFF,2013J,0.15,0.06382978723404255
2663195,EEE,2014J,0.35,0.4666666666666667
2664024,AAA,2013J,0.3,0.2608695652173913
2665399,CCC,2014B,0.2,0.13793103448275862
2666213,FFF,2014B,0.35,0.15555555555555556
2666246,AAA,2013J,0.35,0.2692307692307692
2666577,DDD,2013B,0.2,0.09090909090909091
2666831,FFF,2014B,0.4,0.12698412698412698
2667478,FFF,2014J,0.45,0.20930232558139536
2668106,CCC,2014J,0.0,0.0
2668106,DDD,2014B,0.15,0.2727272727272727
2668550,CCC,2014B,0.0,0.0
2668945,DDD,2013J,0.0,0.0
2668945,DDD,2014J,0.0,0.0
2669206,DDD,2013B,0.2,0.10256410256410256
2669736,DDD,2014B,0.35,0.09210526315789473
2669816,AAA,2013J,0.1,0.16666666666666666
2669995,DDD,2014B,0.2,0.09302325581395349
2670300,BBB,2014J,0.35,0.2692307692307692
2670570,GGG,2013J,0.25,0.16129032258064516
2671132,AAA,2013J,0.8,0.41025641025641024
2671469,DDD,2013J,0.1,0.05405405405405406
2672138,GGG,2014B,0.0,0.0
2672686,DDD,2013B,0.6,0.15584415584415584
2673510,GGG,2013J,0.0,0.0
2674773,FFF,2014B,0.4,0.08695652173913043
2675343,DDD,2014B,0.15,0.125
2676809,AAA,2013J,0.0,0.0
2676920,FFF,2013B,0.2,0.04395604395604396
2677097,DDD,2013J,0.35,0.109375
2677135,GGG,2014B,0.3,0.25
2677210,DDD,2014J,0.25,0.07462686567164178
2677541,BBB,2014B,0.0,0.0
2677541,BBB,2014J,0.4,0.21052631578947367
2677624,AAA,2014J,0.5,0.38461538461538464
2677955,DDD,2013B,0.0,0.0
2678338,DDD,2013B,0.05,0.047619047619047616
2678380,DDD,2014J,0.05,0.030303030303030304
2678429,FFF,2013B,0.25,0.08771929824561403
2678643,AAA,2013J,0.65,0.28888888888888886
2679386,GGG,2013J,0.05,0.03571428571428571
2680312,AAA,2014J,0.75,0.4166666666666667
2680344,BBB,2013J,0.1,0.06060606060606061
2680380,FFF,2013J,0.0,0.0
2680742,CCC,2014B,0.2,0.1111111111111111
2680770,BBB,2013B,0.05,0.3333333333333333
2680885,BBB,2013J,0.0,0.0
2680988,DDD,2014J,0.0,0.0
2681198,CCC,2014B,0.0,0.0
2681198,CCC,2014J,0.0,0.0
2681198,DDD,2013J,0.0,0.0
2681198,FFF,2014J,0.4,0.14814814814814814
2681270,FFF,2014B,0.6,0.2033898305084746
2681471,DDD,2013J,0.0,0.0
2681505,BBB,2014J,0.05,1.0
2681783,BBB,2014B,0.05,0.043478260869565216
2681940,BBB,2014J,0.3,0.23076923076923078
2682002,GGG,2014B,0.75,0.4838709677419355
2682682,FFF,2014J,0.4,0.11267605633802817
2682693,BBB,2014J,0.0,0.0
2683836,DDD,2013B,0.15,0.08571428571428572
2683857,FFF,2013J,0.0,0.0
2683857,FFF,2014J,0.3,0.061855670103092786
2684003,GGG,2014J,0.1,0.15384615384615385
2684043,DDD,2014J,0.1,0.05
2684847,DDD,2014B,0.1,0.06451612903225806
2684993,FFF,2013B,0.2,0.08
2685247,BBB,2014J,0.2,0.25
2685827,DDD,2014B,0.25,0.09090909090909091
2685831,BBB,2013B,0.05,0.041666666666666664
2685863,DDD,2014J,0.1,0.028985507246376812
2685865,AAA,2013J,0.65,0.34210526315789475
2686035,FFF,2014J,0.1,0.09090909090909091
2686053,EEE,2014J,0.8,0.5333333333333333
2686074,FFF,2013B,0.1,0.034482758620689655
2686536,FFF,2013J,0.45,0.14754098360655737
2686578,CCC,2014B,0.35,0.14893617021276595
2686578,DDD,2013J,0.15,0.0410958904109589
2686609,FFF,2013J,0.3,0.11538461538461539
2686712,CCC,2014J,0.1,0.25
2686712,EEE,2014J,0.0,0.0
2686865,DDD,2014B,0.0,0.0
2686875,FFF,2013B,0.3,0.10714285714285714
2687176,FFF,2013J,0.0,0.0
2687378,BBB,2014B,0.3,0.20689655172413793
2687858,BBB,2014J,0.5,0.23255813953488372
2687989,FFF,2013J,0.15,0.05660377358490566
2688067,AAA,2013J,0.0,0.0
2688166,AAA,2014J,0.15,0.3
2688202,FFF,2013J,0.0,0.0
2688495,BBB,2014J,0.6,0.3
2688692,DDD,2014B,0.2,0.13333333333333333
2688945,BBB,2014J,0.25,0.15151515151515152
2689210,FFF,2014B,0.4,0.11267605633802817
2689480,GGG,2014B,0.05,0.03125
2689501,DDD,2014B,0.0,0.0
2689536,DDD,2013B,0.25,0.08196721311475409
2689863,DDD,2014J,0.05,0.04
2689958,AAA,2013J,0.45,0.2571428571428571
2691100,BBB,2013J,0.0,0.0
2691206,AAA,2013J,0.65,0.30952380952380953
2691244,AAA,2013J,0.2,0.26666666666666666
2691267,CCC,2014J,0.2,0.08333333333333333
2691566,BBB,2013J,0.05,0.09090909090909091
2691740,FFF,2013B,0.15,0.1
2691780,DDD,2013B,0.0,0.0
2691861,CCC,2014J,0.05,0.05
2692101,DDD,2013B,0.1,0.08695652173913043
2692186,DDD,2013J,0.15,0.11538461538461539
2692327,CCC,2014B,0.2,0.07547169811320754
2692384,BBB,2013B,0.0,0.0
2692514,AAA,2014J,0.25,0.4166666666666667
2692577,DDD,2014B,0.0,0.0
2692948,DDD,2014B,0.2,0.0975609756097561
2692969,BBB,2014J,0.2,0.13793103448275862
2693243,DDD,2013B,0.55,0.13414634146341464
2693932,FFF,2014J,0.35,0.175
2694139,FFF,2014J,0.1,0.06666666666666667
2694424,AAA,2013J,0.45,0.3103448275862069
2694788,AAA,2014J,0.05,1.0
2694886,DDD,2014B,0.15,0.0625
2694919,BBB,2014J,0.05,0.0625
2694933,DDD,2013B,0.1,0.04
2695362,GGG,2014B,0.0,0.0
2695608,DDD,2013J,0.35,0.07865168539325842
2696376,DDD,2014B,0.1,0.14285714285714285
2697181,CCC,2014B,0.1,0.16666666666666666
2697630,FFF,2014B,0.2,0.0547945205479452
2697885,FFF,2014B,0.15,0.04838709677419355
2697921,FFF,2013J,0.2,0.08163265306122448
2697921,FFF,2014J,0.0,0.0
2698125,FFF,2013J,0.0,0.0
2698251,DDD,2014B,0.4,0.11267605633802817
2698257,AAA,2013J,0.25,0.2
2698535,CCC,2014B,0.0,0.0
2698535,EEE,2013J,0.35,0.3888888888888889
2698577,BBB,2014J,0.25,0.21739130434782608
2698588,BBB,2014J,0.25,0.1724137931034483
