id_student,code_module,code_presentation,precision,recall
6516,AAA,2014J,0.2,0.11428571428571428
8462,DDD,2013J,0.0,0.0
11391,AAA,2013J,0.0,0.0
23698,CCC,2014J,0.2,0.17391304347826086
23798,BBB,2013J,0.1,0.07142857142857142
24186,GGG,2014B,0.05,0.1
24213,DDD,2014B,0.2,0.05555555555555555
24391,GGG,2013J,0.15,0.1111111111111111
24734,AAA,2014J,0.1,0.08695652173913043
25107,BBB,2013B,0.05,0.038461538461538464
25150,EEE,2014B,0.1,0.1
26023,GGG,2013J,0.05,0.037037037037037035
26192,AAA,2014J,0.3,0.23076923076923078
26211,FFF,2014B,0.3,0.04580152671755725
26315,BBB,2014J,0.2,0.09090909090909091
26734,BBB,2014J,0.1,0.5
27116,CCC,2014J,0.25,0.1111111111111111
27189,FFF,2014B,0.1,0.05
27417,DDD,2013J,0.0,0.0
27417,DDD,2014J,0.0,0.0
27683,FFF,2014B,0.35,0.1076923076923077
27759,BBB,2013J,0.1,0.18181818181818182
27780,EEE,2014B,0.1,0.125
27891,BBB,2013B,0.0,0.0
27935,DDD,2013J,0.0,0.0
28046,DDD,2013J,0.05,0.022222222222222223
28061,AAA,2014J,0.15,0.1111111111111111
28400,AAA,2013J,0.1,0.05128205128205128
28418,CCC,2014B,0.0,0.0
28787,CCC,2014J,0.25,0.21739130434782608
28897,FFF,2014B,0.15,0.03125
29144,BBB,2013B,0.15,0.04
29335,FFF,2013J,0.2,0.04081632653061224
29411,DDD,2013J,0.1,0.028169014084507043
29420,CCC,2014J,0.25,0.125
29639,CCC,2014J,0.2,0.06896551724137931
29639,EEE,2014B,0.1,0.08695652173913043
29764,CCC,2014B,0.3,0.15789473684210525
29769,FFF,2013J,0.0,0.0
29820,CCC,2014B,0.1,0.05714285714285714
29820,EEE,2014B,0.25,0.1724137931034483
29985,GGG,2014B,0.4,0.25806451612903225
30091,BBB,2013J,0.05,0.08333333333333333
30096,CCC,2014J,0.15,0.10714285714285714
30531,FFF,2014B,0.0,0.0
30549,DDD,2013J,0.0,0.0
30850,CCC,2014J,0.2,0.125
31107,GGG,2014B,0.3,0.1875
31161,CCC,2014J,0.25,0.125
31173,DDD,2013J,0.05,0.02857142857142857
31205,GGG,2014J,0.1,0.25
31296,FFF,2014J,0.1,0.05128205128205128
31600,AAA,2014J,0.0,0.0
31604,AAA,2013J,0.1,0.05555555555555555
31663,BBB,2013B,0.25,0.13513513513513514
31849,BBB,2013J,0.1,0.125
32221,FFF,2013J,0.05,0.0625
32239,GGG,2013J,0.2,0.13333333333333333
32327,BBB,2014J,0.1,0.18181818181818182
32885,AAA,2013J,0.15,0.13043478260869565
32930,BBB,2014J,0.1,0.07692307692307693
33387,DDD,2013J,0.0,0.0
33666,BBB,2013B,0.0,0.0
33681,DDD,2013J,0.1,0.07142857142857142
33796,DDD,2014J,0.15,0.11538461538461539
33915,FFF,2013B,0.3,0.07058823529411765
33930,DDD,2013J,0.15,0.11538461538461539
34087,DDD,2013J,0.0,0.0
34087,DDD,2014J,0.0,0.0
34229,BBB,2013B,0.05,0.08333333333333333
34353,BBB,2013B,0.0,0.0
34653,DDD,2013J,0.0,0.0
34662,BBB,2014J,0.0,0.0
34863,BBB,2013B,0.05,0.16666666666666666
35001,GGG,2013J,0.1,0.3333333333333333
35340,EEE,2014B,0.3,0.3333333333333333
35355,CCC,2014J,0.25,0.35714285714285715
35355,EEE,2013J,0.0,0.0
35508,CCC,2014J,0.1,0.03636363636363636
35508,EEE,2014B,0.1,0.08695652173913043
35544,FFF,2013B,0.2,0.04040404040404041
35860,FFF,2013B,0.1,0.024691358024691357
36347,FFF,2014B,0.05,0.022222222222222223
37298,FFF,2013B,0.3,0.08333333333333333
37622,BBB,2013J,0.05,0.04
37652,CCC,2014J,0.2,0.21052631578947367
38053,AAA,2013J,0.3,0.14634146341463414
38234,BBB,2013J,0.0,0.0
38711,BBB,2014J,0.05,0.09090909090909091
39208,BBB,2014J,0.1,0.05
39655,BBB,2013B,0.0,0.0
39660,DDD,2014B,0.0,0.0
39882,FFF,2014B,0.0,0.0
40184,DDD,2013J,0.05,0.02564102564102564
40419,DDD,2013B,0.0,0.0
40419,DDD,2013J,0.05,0.018867924528301886
40563,DDD,2013J,0.0,0.0
40604,CCC,2014B,0.0,0.0
40857,FFF,2014J,0.0,0.0
40878,FFF,2014J,0.1,0.03773584905660377
41060,DDD,2013B,0.0,0.0
41414,GGG,2014B,0.45,0.42857142857142855
41547,BBB,2014J,0.05,0.03225806451612903
42552,FFF,2014J,0.3,0.07894736842105263
42616,FFF,2013J,0.2,0.05128205128205128
42638,CCC,2014B,0.45,0.12162162162162163
42638,EEE,2013J,0.1,0.05714285714285714
42668,FFF,2013B,0.35,0.09722222222222222
42746,CCC,2014J,0.15,0.058823529411764705
42746,FFF,2014B,0.05,0.007352941176470588
43273,FFF,2013B,0.1,0.02857142857142857
43284,DDD,2013B,0.05,0.029411764705882353
43430,FFF,2013B,0.05,0.010752688172043012
43564,EEE,2013J,0.35,0.22580645161290322
43958,FFF,2013J,0.0,0.0
43958,FFF,2014J,0.0,0.0
45423,FFF,2014J,0.3,0.08
45462,AAA,2013J,0.15,0.1111111111111111
45642,AAA,2013J,0.15,0.09090909090909091
45664,CCC,2014B,0.05,0.038461538461538464
45664,DDD,2013B,0.05,0.03333333333333333
46016,DDD,2014J,0.0,0.0
46148,FFF,2014B,0.25,0.08064516129032258
46605,CCC,2014B,0.05,0.027777777777777776
46705,CCC,2014J,0.0,0.0
46753,DDD,2014B,0.1,0.058823529411764705
46844,AAA,2014J,0.05,0.1
47061,EEE,2014J,0.15,0.16666666666666666
47063,DDD,2013J,0.0,0.0
47861,FFF,2014J,0.3,0.09090909090909091
47891,BBB,2014J,0.05,0.25
48040,BBB,2013J,0.25,0.06493506493506493
48152,DDD,2013J,0.05,0.02631578947368421
48503,BBB,2013J,0.0,0.0
48635,FFF,2014B,0.1,0.02631578947368421
49119,CCC,2014B,0.0,0.0
49123,GGG,2014B,0.15,0.12
50069,BBB,2014B,0.15,0.125
50263,FFF,2013B,0.0,0.0
50476,DDD,2014B,0.05,0.05
50487,FFF,2013J,0.1,0.03389830508474576
50993,BBB,2013B,0.0,0.0
51030,DDD,2014B,0.05,0.017857142857142856
51033,DDD,2014J,0.05,0.029411764705882353
51153,DDD,2014J,0.15,0.10344827586206896
51163,DDD,2013J,0.2,0.034482758620689655
51485,FFF,2013J,0.05,0.008333333333333333
51576,FFF,2013J,0.05,0.00819672131147541
51955,DDD,2014J,0.0,0.0
52014,DDD,2013B,0.05,0.047619047619047616
52130,AAA,2013J,0.1,0.05128205128205128
52702,GGG,2014J,0.1,0.16666666666666666
52765,AAA,2014J,0.25,0.15151515151515152
52797,BBB,2013J,0.15,0.15
52899,BBB,2013B,0.0,0.0
52899,BBB,2013J,0.1,0.07142857142857142
53025,AAA,2013J,0.0,0.0
53136,FFF,2014B,0.05,0.021739130434782608
53166,FFF,2013J,0.0,0.0
53197,FFF,2013B,0.05,0.5
53300,CCC,2014J,0.05,0.043478260869565216
53488,DDD,2013B,0.05,0.019230769230769232
53632,DDD,2014B,0.05,0.05263157894736842
53632,DDD,2014J,0.0,0.0
53709,FFF,2013B,0.0,0.0
53709,FFF,2014B,0.1,0.04878048780487805
54062,EEE,2013J,0.1,0.06060606060606061
54391,CCC,2014B,0.05,0.2
54810,DDD,2014J,0.05,0.013333333333333334
54882,FFF,2013J,0.15,0.17647058823529413
55013,FFF,2013J,0.05,0.058823529411764705
55026,BBB,2013J,0.1,0.09523809523809523
55104,AAA,2014J,0.1,0.08695652173913043
55450,FFF,2013B,0.0,0.0
55968,BBB,2014B,0.0,0.0
56637,FFF,2014J,0.25,0.06666666666666667
56667,FFF,2014J,0.05,0.03333333333333333
56789,BBB,2013J,0.05,0.058823529411764705
57079,BBB,2013J,0.05,0.02564102564102564
57227,DDD,2013J,0.0,0.0
57285,BBB,2014J,0.2,0.13793103448275862
57340,CCC,2014B,0.1,0.0625
57506,AAA,2013J,0.15,0.07692307692307693
57818,DDD,2013J,0.25,0.05319148936170213
57844,FFF,2013J,0.15,0.04054054054054054
58071,AAA,2014J,0.3,0.15
58316,AAA,2014J,0.1,0.10526315789473684
58549,FFF,2013B,0.2,0.07017543859649122
58617,DDD,2014B,0.0,0.0
58640,FFF,2013J,0.2,0.07142857142857142
58653,BBB,2014J,0.1,0.08333333333333333
58731,DDD,2014J,0.0,0.0
58873,AAA,2013J,0.05,0.02857142857142857
58884,FFF,2014J,0.2,0.03389830508474576
59185,AAA,2013J,0.05,0.047619047619047616
59272,BBB,2014J,0.05,0.03125
59275,DDD,2013J,0.0,0.0
59370,DDD,2013J,0.05,0.02040816326530612
59725,BBB,2014B,0.15,0.1
60135,DDD,2013B,0.15,0.0967741935483871
60162,GGG,2014J,0.35,0.22580645161290322
60405,GGG,2013J,0.15,0.1
60416,BBB,2014B,0.1,0.08
60809,CCC,2014J,0.1,0.046511627906976744
60809,EEE,2014J,0.05,0.06666666666666667
60830,BBB,2014B,0.15,0.2
61227,CCC,2014J,0.1,0.034482758620689655
61911,DDD,2014B,0.05,0.0625
62034,EEE,2014J,0.3,0.3157894736842105
62155,AAA,2013J,0.2,0.09090909090909091
62278,CCC,2014B,0.35,0.22580645161290322
62487,AAA,2014J,0.05,0.047619047619047616
62631,BBB,2013B,0.05,0.25
62975,GGG,2013J,0.2,0.36363636363636365
63015,DDD,2014J,0.1,0.05263157894736842
63044,BBB,2013J,0.0,0.0
63112,EEE,2013J,0.15,0.12
63112,FFF,2014J,0.1,0.2222222222222222
63165,AAA,2014J,0.1,0.16666666666666666
63295,FFF,2013J,0.1,0.1
63371,CCC,2014J,0.25,0.17857142857142858
63400,AAA,2013J,0.0,0.0
63467,BBB,2014J,0.1,0.0625
63566,DDD,2013J,0.05,0.0136986301369863
63721,BBB,2014B,0.25,0.15151515151515152
63827,DDD,2014J,0.0,0.0
63856,DDD,2013J,0.15,0.04838709677419355
63949,GGG,2014J,0.1,0.14285714285714285
64275,BBB,2014B,0.0,0.0
64296,CCC,2014B,0.1,0.08333333333333333
64388,FFF,2013J,0.1,0.02564102564102564
64427,FFF,2014J,0.25,0.0390625
64450,DDD,2014B,0.1,0.06896551724137931
64767,DDD,2014B,0.0,0.0
64901,GGG,2014B,0.2,0.12903225806451613
65656,FFF,2013B,0.25,0.10869565217391304
66254,CCC,2014B,0.25,0.15151515151515152
66451,FFF,2013J,0.1,0.03571428571428571
66579,DDD,2013B,0.1,0.08695652173913043
66713,EEE,2013J,0.2,0.2222222222222222
67182,GGG,2013J,0.2,0.19047619047619047
67471,DDD,2013J,0.0,0.0
67505,DDD,2013J,0.0,0.0
67539,EEE,2014J,0.15,0.15789473684210525
67602,DDD,2013B,0.3,0.1276595744680851
67685,EEE,2014J,0.1,0.0625
67781,DDD,2014B,0.1,0.02564102564102564
67785,DDD,2013B,0.15,0.047619047619047616
68107,FFF,2013J,0.05,0.011363636363636364
68208,FFF,2013B,0.35,0.06422018348623854
68376,DDD,2013J,0.1,0.043478260869565216
68417,DDD,2014J,0.05,0.023809523809523808
69491,DDD,2013B,0.05,0.03571428571428571
69494,CCC,2014J,0.05,0.1111111111111111
69703,CCC,2014B,0.0,0.0
70011,AAA,2014J,0.3,0.15384615384615385
70214,EEE,2013J,0.15,0.08333333333333333
70381,CCC,2014B,0.0,0.0
70464,AAA,2013J,0.0,0.0
70495,CCC,2014J,0.05,0.027777777777777776
70495,FFF,2013J,0.0,0.0
70537,EEE,2014B,0.5,0.3333333333333333
70569,BBB,2014J,0.05,0.03225806451612903
70608,BBB,2013B,0.1,0.11764705882352941
71159,FFF,2014J,0.3,0.06060606060606061
71209,DDD,2013J,0.0,0.0
71252,FFF,2013J,0.15,0.04838709677419355
71361,AAA,2013J,0.0,0.0
71504,BBB,2014J,0.1,0.047619047619047616
71578,FFF,2013B,0.05,0.029411764705882353
71676,DDD,2014J,0.15,0.04477611940298507
71723,CCC,2014J,0.0,0.0
71723,DDD,2014B,0.0,0.0
72114,FFF,2014B,0.2,0.03508771929824561
72400,BBB,2014B,0.15,0.06976744186046512
72609,CCC,2014J,0.35,0.109375
72693,FFF,2013B,0.0,0.0
72864,FFF,2013J,0.2,0.06779661016949153
73019,DDD,2014J,0.1,0.2222222222222222
73489,BBB,2013J,0.05,0.043478260869565216
73664,DDD,2014J,0.0,0.0
73874,BBB,2014J,0.1,0.18181818181818182
74113,FFF,2013B,0.05,0.09090909090909091
74165,FFF,2014J,0.05,0.02564102564102564
74372,AAA,2013J,0.0,0.0
74502,DDD,2013J,0.05,0.019230769230769232
74521,FFF,2014B,0.05,0.02564102564102564
74585,BBB,2013J,0.0,0.0
74695,BBB,2013B,0.05,0.021739130434782608
74734,BBB,2013B,0.0,0.0
75091,AAA,2013J,0.15,0.07894736842105263
75107,FFF,2014J,0.45,0.06338028169014084
75255,AAA,2014J,0.0,0.0
75399,BBB,2013B,0.1,0.06896551724137931
75427,DDD,2014J,0.0,0.0
75454,CCC,2014B,0.25,0.10204081632653061
75728,CCC,2014B,0.0,0.0
76081,DDD,2014B,0.0,0.0
76081,DDD,2014J,0.05,0.03225806451612903
76579,EEE,2013J,0.15,0.375
76579,EEE,2014J,0.3,0.17647058823529413
76949,CCC,2014J,0.25,0.08196721311475409
77241,DDD,2013J,0.05,0.3333333333333333
77367,AAA,2013J,0.15,0.16666666666666666
77692,FFF,2014J,0.2,0.07547169811320754
77744,FFF,2013J,0.1,0.0425531914893617
77763,DDD,2013B,0.2,0.0625
77845,FFF,2014B,0.05,0.1111111111111111
77995,FFF,2014J,0.05,0.041666666666666664
77998,FFF,2013B,0.0,0.0
77998,FFF,2014B,0.05,0.017857142857142856
78170,DDD,2013J,0.1,0.05128205128205128
78645,BBB,2013B,0.05,0.16666666666666666
79261,FFF,2013J,0.1,0.028985507246376812
79403,AAA,2014J,0.15,0.15
79461,CCC,2014B,0.15,0.12
79610,FFF,2014J,0.0,0.0
79683,FFF,2014B,0.0,0.0
80329,CCC,2014J,0.0,0.0
80329,DDD,2013J,0.0,0.0
80329,DDD,2014J,0.0,0.0
80358,EEE,2014J,0.25,0.22727272727272727
80438,FFF,2014J,0.0,0.0
80448,GGG,2013J,0.1,0.08
80491,CCC,2014J,0.05,0.3333333333333333
80717,BBB,2013J,0.15,0.05660377358490566
80745,FFF,2013B,0.1,0.06060606060606061
80775,DDD,2014J,0.05,0.023809523809523808
80868,CCC,2014J,0.1,0.02666666666666667
80868,DDD,2013J,0.05,0.017543859649122806
81351,DDD,2013B,0.05,0.02702702702702703
81754,GGG,2014B,0.0,0.0
82088,DDD,2013J,0.05,0.2
82341,GGG,2013J,0.1,0.08695652173913043
82535,BBB,2013B,0.1,0.13333333333333333
82575,CCC,2014B,0.25,0.11363636363636363
82741,BBB,2013B,0.15,0.0625
82817,FFF,2013B,0.1,0.05
83219,CCC,2014B,0.15,0.11538461538461539
83219,EEE,2014B,0.05,0.037037037037037035
83254,BBB,2013B,0.3,0.07692307692307693
83453,CCC,2014B,0.1,0.11764705882352941
83553,DDD,2014J,0.0,0.0
83603,FFF,2014B,0.15,0.057692307692307696
84051,FFF,2013B,0.0,0.0
84245,BBB,2013B,0.2,0.1
84299,CCC,2014B,0.05,0.125
84299,FFF,2014B,0.1,0.05128205128205128
84576,DDD,2014B,0.05,0.020833333333333332
84604,FFF,2014J,0.25,0.043478260869565216
84605,DDD,2013J,0.0,0.0
84605,DDD,2014B,0.1,0.0425531914893617
84664,BBB,2013B,0.05,0.1111111111111111
84812,BBB,2013J,0.05,0.09090909090909091
85092,AAA,2014J,0.1,0.08695652173913043
85144,AAA,2014J,0.0,0.0
85302,AAA,2014J,0.2,0.125
86047,DDD,2013B,0.1,0.046511627906976744
86291,BBB,2013J,0.05,0.125
86538,FFF,2013B,0.05,0.058823529411764705
86669,FFF,2013J,0.05,0.02127659574468085
87107,DDD,2013B,0.1,0.05128205128205128
87152,FFF,2013B,0.15,0.06818181818181818
87264,FFF,2014J,0.35,0.047619047619047616
87322,FFF,2014J,0.1,0.03278688524590164
87431,AAA,2014J,0.25,0.3125
87732,BBB,2013B,0.1,0.07407407407407407
87929,GGG,2013J,0.2,0.16666666666666666
88439,DDD,2014J,0.1,0.03636363636363636
88490,DDD,2014B,0.15,0.04477611940298507
88568,EEE,2013J,0.3,0.1875
88781,FFF,2013J,0.05,0.02564102564102564
88910,DDD,2014B,0.05,0.05263157894736842
89051,DDD,2013B,0.2,0.09302325581395349
89092,BBB,2014B,0.0,0.0
89188,DDD,2013J,0.2,0.05063291139240506
89545,EEE,2014J,0.45,0.32142857142857145
89727,DDD,2013J,0.1,0.06896551724137931
89778,BBB,2014B,0.05,0.08333333333333333
89850,BBB,2014J,0.05,0.038461538461538464
89895,FFF,2013B,0.35,0.0707070707070707
89904,DDD,2014B,0.05,0.043478260869565216
90243,BBB,2013J,0.05,0.08333333333333333
90361,BBB,2014B,0.0,0.0
90537,DDD,2014B,0.35,0.08974358974358974
90836,DDD,2013B,0.05,0.25
90901,FFF,2013J,0.05,0.017543859649122806
90979,DDD,2013J,0.0,0.0
91040,CCC,2014J,0.05,0.25
91265,AAA,2013J,0.0,0.0
91322,BBB,2013B,0.05,0.05555555555555555
91354,DDD,2013J,0.05,0.06666666666666667
91470,DDD,2014J,0.1,0.031746031746031744
92274,BBB,2013B,0.0,0.0
92341,BBB,2014B,0.0,0.0
92391,DDD,2013J,0.05,0.06666666666666667
92775,DDD,2013B,0.0,0.0
92832,BBB,2013B,0.1,0.0625
92947,BBB,2013B,0.15,0.12
92993,BBB,2013B,0.0,0.0
94484,CCC,2014B,0.3,0.24
94616,BBB,2013B,0.0,0.0
94749,FFF,2014J,0.1,0.11764705882352941
94923,DDD,2013B,0.0,0.0
94961,AAA,2014J,0.05,0.058823529411764705
94978,CCC,2014J,0.0,0.0
95356,DDD,2013B,0.0,0.0
95746,FFF,2013J,0.25,0.08771929824561403
95906,CCC,2014B,0.2,0.10256410256410256
96117,GGG,2013J,0.15,0.12
96423,GGG,2014B,0.15,0.11538461538461539
96475,BBB,2013J,0.0,0.0
96538,CCC,2014B,0.0,0.0
96592,DDD,2013B,0.15,0.05263157894736842
96729,FFF,2013B,0.15,0.05084745762711865
96873,EEE,2013J,0.05,0.3333333333333333
96874,CCC,2014J,0.0,0.0
96874,DDD,2014J,0.0,0.0
97006,BBB,2014B,0.0,0.0
97154,BBB,2013B,0.05,0.02702702702702703
97567,BBB,2013J,0.05,0.047619047619047616
98094,AAA,2013J,0.1,0.0625
98268,BBB,2013J,0.0,0.0
98313,BBB,2013B,0.0,0.0
98720,BBB,2013J,0.0,0.0
98842,BBB,2014J,0.05,0.037037037037037035
99075,DDD,2014J,0.2,0.10810810810810811
99088,BBB,2014J,0.05,0.14285714285714285
99670,FFF,2014B,0.1,0.045454545454545456
99799,BBB,2014B,0.0,0.0
99993,FFF,2013B,0.15,0.047619047619047616
100064,FFF,2013J,0.35,0.04861111111111111
100561,DDD,2014J,0.1,0.034482758620689655
100788,CCC,2014J,0.1,0.05
100788,FFF,2013J,0.15,0.030927835051546393
100893,AAA,2013J,0.0,0.0
101116,AAA,2014J,0.2,0.16
101217,FFF,2014J,0.0,0.0
101306,FFF,2013B,0.0,0.0
101420,FFF,2013J,0.35,0.0660377358490566
101781,AAA,2013J,0.1,0.04878048780487805
102028,FFF,2013J,0.3,0.047244094488188976
102209,CCC,2014J,0.0,0.0
102221,DDD,2014J,0.05,0.034482758620689655
102343,FFF,2013J,0.0,0.0
102806,AAA,2013J,0.05,0.02857142857142857
102850,DDD,2013J,0.15,0.045454545454545456
102854,FFF,2014J,0.2,0.047058823529411764
102952,AAA,2013J,0.2,0.10526315789473684
103496,BBB,2014J,0.3,0.10909090909090909
103535,BBB,2014B,0.1,0.09090909090909091
103800,DDD,2013J,0.0,0.0
103904,DDD,2013B,0.05,0.02127659574468085
104054,BBB,2013B,0.0,0.0
104213,FFF,2013J,0.15,0.0625
104316,FFF,2014B,0.15,0.046153846153846156
104476,AAA,2013J,0.2,0.08163265306122448
104480,CCC,2014J,0.0,0.0
104643,DDD,2013J,0.15,0.04838709677419355
104772,DDD,2014J,0.0,0.0
105168,CCC,2014J,0.0,0.0
105168,EEE,2013J,0.0,0.0
105413,CCC,2014J,0.35,0.0945945945945946
105523,CCC,2014B,0.1,0.09090909090909091
105523,DDD,2013J,0.05,0.02040816326530612
105527,BBB,2013J,0.05,0.038461538461538464
105629,FFF,2013J,0.25,0.04504504504504504
105851,BBB,2013J,0.05,0.06666666666666667
105883,BBB,2013J,0.0,0.0
105939,FFF,2014J,0.2,0.06451612903225806
106095,BBB,2014J,0.1,0.04878048780487805
106247,AAA,2013J,0.05,0.25
106553,DDD,2014J,0.05,0.027777777777777776
106577,AAA,2013J,0.05,0.05263157894736842
106588,BBB,2013J,0.1,0.07692307692307693
106793,BBB,2014J,0.05,0.09090909090909091
107028,FFF,2013J,0.0,0.0
107084,FFF,2013J,0.05,0.019230769230769232
107162,FFF,2013B,0.25,0.050505050505050504
107339,CCC,2014B,0.2,0.1
107339,EEE,2013J,0.05,0.041666666666666664
107455,FFF,2014J,0.2,0.11764705882352941
107489,AAA,2014J,0.35,0.1891891891891892
108118,BBB,2013J,0.05,0.041666666666666664
108207,FFF,2014B,0.25,0.07352941176470588
108281,EEE,2014J,0.35,0.21875
108330,FFF,2013B,0.1,0.05128205128205128
108377,BBB,2013B,0.0,0.0
108497,EEE,2014J,0.2,0.18181818181818182
108589,BBB,2013B,0.05,0.05
108760,BBB,2013J,0.05,0.125
108799,BBB,2014B,0.05,0.06666666666666667
108822,FFF,2014B,0.25,0.056179775280898875
108834,CCC,2014B,0.0,0.0
108859,BBB,2014J,0.25,0.1282051282051282
108872,AAA,2014J,0.25,0.17857142857142858
108949,FFF,2014J,0.05,0.037037037037037035
109155,AAA,2014J,0.25,0.16666666666666666
109372,BBB,2013J,0.05,0.041666666666666664
109441,BBB,2014J,0.1,0.04878048780487805
109577,CCC,2014J,0.0,0.0
109577,FFF,2014J,0.05,0.02
109772,GGG,2014B,0.1,0.15384615384615385
109782,BBB,2013J,0.0,0.0
109938,BBB,2013B,0.1,0.10526315789473684
110085,FFF,2013B,0.05,0.017857142857142856
110116,FFF,2013B,0.25,0.07575757575757576
110175,AAA,2013J,0.1,0.08
110200,DDD,2013B,0.05,0.3333333333333333
110524,DDD,2014J,0.2,0.0625
110529,FFF,2014B,0.0,0.0
110640,DDD,2014J,0.25,0.10416666666666667
110789,EEE,2014J,0.4,0.34782608695652173
110881,BBB,2013B,0.0,0.0
110881,FFF,2013J,0.1,0.025974025974025976
110911,BBB,2014J,0.0,0.0
111360,DDD,2013B,0.0,0.0
111360,DDD,2013J,0.0,0.0
111548,DDD,2013J,0.15,0.17647058823529413
111717,AAA,2013J,0.15,0.08823529411764706
111775,FFF,2013B,0.1,0.037037037037037035
111926,DDD,2013J,0.0,0.0
111926,DDD,2014J,0.05,0.1
111942,BBB,2013J,0.25,0.06944444444444445
111959,DDD,2014B,0.05,0.125
112245,DDD,2013B,0.15,0.0410958904109589
112441,GGG,2014B,0.3,0.17142857142857143
112454,CCC,2014J,0.45,0.1875
113295,AAA,2013J,0.1,0.045454545454545456
113565,FFF,2013J,0.2,0.04878048780487805
113702,FFF,2014J,0.05,0.2
113824,EEE,2013J,0.1,0.3333333333333333
114017,AAA,2013J,0.05,0.09090909090909091
114367,CCC,2014J,0.15,0.08571428571428572
114402,BBB,2014J,0.1,0.09090909090909091
114500,FFF,2013J,0.2,0.0547945205479452
114558,DDD,2013J,0.25,0.078125
114999,AAA,2013J,0.2,0.09523809523809523
115373,FFF,2013B,0.1,0.0392156862745098
115452,BBB,2014B,0.0,0.0
116319,GGG,2014B,0.15,0.16666666666666666
116518,CCC,2014B,0.1,0.09090909090909091
116529,FFF,2013J,0.0,0.0
116529,FFF,2014J,0.0,0.0
116541,AAA,2013J,0.1,0.05405405405405406
116603,BBB,2013B,0.15,0.0967741935483871
116606,BBB,2014J,0.05,0.0625
116621,FFF,2014B,0.0,0.0
116692,AAA,2013J,0.05,0.047619047619047616
116808,FFF,2013J,0.3,0.03636363636363636
117197,EEE,2013J,0.25,0.20833333333333334
117232,CCC,2014B,0.0,0.0
117232,FFF,2013J,0.05,0.017241379310344827
117281,DDD,2014B,0.1,0.03773584905660377
117435,DDD,2013B,0.15,0.09090909090909091
117510,FFF,2014B,0.15,0.028037383177570093
117544,BBB,2014J,0.0,0.0
117545,BBB,2014J,0.05,0.125
117699,BBB,2014B,0.1,0.09090909090909091
117818,AAA,2014J,0.3,0.16216216216216217
117939,DDD,2013B,0.05,0.06666666666666667
118050,FFF,2013J,0.0,0.0
118098,CCC,2014B,0.05,0.09090909090909091
118213,BBB,2014J,0.0,0.0
118474,GGG,2014B,0.25,0.22727272727272727
118479,DDD,2014B,0.15,0.061224489795918366
118532,FFF,2013B,0.3,0.08695652173913043
118578,DDD,2014J,0.05,0.0625
118668,FFF,2013B,0.2,0.05714285714285714
118983,AAA,2013J,0.0,0.0
119310,FFF,2014J,0.1,0.029850746268656716
119353,FFF,2013B,0.1,0.02666666666666667
119444,GGG,2014B,0.0,0.0
119471,BBB,2014B,0.05,0.02631578947368421
119865,FFF,2014J,0.05,0.016129032258064516
119898,BBB,2013J,0.0,0.0
119902,AAA,2014J,0.25,0.15625
120236,CCC,2014J,0.2,0.16
120611,GGG,2014B,0.05,0.2
120994,BBB,2013B,0.05,0.3333333333333333
120999,DDD,2013J,0.1,0.05128205128205128
121056,GGG,2013J,0.05,1.0
121163,EEE,2014J,0.05,0.125
121349,AAA,2014J,0.3,0.16666666666666666
122337,GGG,2014B,0.3,0.2222222222222222
122392,CCC,2014B,0.1,0.11764705882352941
122459,GGG,2013J,0.05,0.058823529411764705
122739,DDD,2013J,0.0,0.0
122846,GGG,2013J,0.15,0.13043478260869565
122928,GGG,2013J,0.1,0.125
123044,AAA,2013J,0.15,0.08333333333333333
123053,DDD,2014J,0.0,0.0
123087,BBB,2014J,0.15,0.13636363636363635
123183,DDD,2014J,0.2,0.046511627906976744
123462,BBB,2014B,0.15,0.08333333333333333
123598,CCC,2014B,0.0,0.0
123598,CCC,2014J,0.0,0.0
123598,DDD,2013J,0.05,0.010752688172043012
123716,BBB,2013J,0.05,0.06666666666666667
123860,BBB,2013B,0.15,0.05172413793103448
123957,DDD,2013J,0.05,0.2
123957,DDD,2014J,0.05,0.05
124006,DDD,2013J,0.1,0.043478260869565216
124064,AAA,2014J,0.15,0.125
124134,DDD,2014B,0.05,0.03333333333333333
124193,CCC,2014B,0.05,0.0625
124304,EEE,2014J,0.2,0.16666666666666666
124728,DDD,2014J,0.0,0.0
124909,BBB,2013J,0.05,0.05263157894736842
124944,GGG,2014B,0.05,0.043478260869565216
125018,AAA,2014J,0.25,0.20833333333333334
125055,BBB,2014B,0.05,0.2
125063,FFF,2014J,0.3,0.06593406593406594
125407,GGG,2014J,0.05,0.2
125535,BBB,2014J,0.1,0.18181818181818182
125830,DDD,2014J,0.1,0.06666666666666667
125996,FFF,2013B,0.2,0.05714285714285714
126088,FFF,2013B,0.1,0.11764705882352941
126322,BBB,2013B,0.05,0.2
126337,EEE,2013J,0.1,0.1111111111111111
126394,CCC,2014B,0.0,0.0
126394,DDD,2013J,0.0,0.0
126395,CCC,2014B,0.35,0.15217391304347827
126450,EEE,2014J,0.35,0.2413793103448276
126608,BBB,2014B,0.1,0.13333333333333333
126713,BBB,2014B,0.05,0.07142857142857142
126769,BBB,2014J,0.05,0.037037037037037035
126800,BBB,2014J,0.0,0.0
126812,CCC,2014J,0.05,0.2
126812,DDD,2013J,0.05,0.023809523809523808
127580,DDD,2014B,0.2,0.07407407407407407
127582,AAA,2013J,0.2,0.15384615384615385
127642,FFF,2013J,0.35,0.09333333333333334
127988,DDD,2013J,0.05,0.034482758620689655
128132,FFF,2014B,0.1,0.05405405405405406
128142,FFF,2013B,0.05,0.08333333333333333
128348,DDD,2014B,0.0,0.0
128386,BBB,2013J,0.0,0.0
128510,CCC,2014J,0.1,0.07407407407407407
128656,DDD,2013J,0.0,0.0
128678,DDD,2013B,0.05,0.02564102564102564
128791,FFF,2013B,0.05,0.05555555555555555
128889,BBB,2013J,0.1,0.05405405405405406
128929,EEE,2013J,0.4,0.26666666666666666
128965,DDD,2013J,0.05,0.01818181818181818
128968,FFF,2014B,0.2,0.08
128971,EEE,2014B,0.35,0.25
129198,CCC,2014B,0.0,0.0
129198,CCC,2014J,0.05,0.25
129212,GGG,2013J,0.45,0.2903225806451613
129878,CCC,2014B,0.0,0.0
129907,FFF,2014J,0.2,0.038461538461538464
129955,AAA,2013J,0.05,0.25
129955,AAA,2014J,0.05,0.1
129989,DDD,2014J,0.1,0.038461538461538464
130003,DDD,2013B,0.0,0.0
130013,BBB,2014B,0.05,0.047619047619047616
130034,AAA,2014J,0.3,0.18181818181818182
130403,FFF,2013B,0.15,0.03260869565217391
130409,FFF,2014J,0.1,0.03333333333333333
130467,DDD,2013J,0.05,0.0196078431372549
130547,AAA,2014J,0.2,0.125
130636,AAA,2014J,0.15,0.15789473684210525
130658,FFF,2013J,0.0,0.0
130671,DDD,2013J,0.1,0.0625
130992,FFF,2014B,0.1,0.05128205128205128
131051,BBB,2013J,0.1,0.046511627906976744
131145,CCC,2014B,0.15,0.05172413793103448
131145,DDD,2013B,0.15,0.05660377358490566
131152,DDD,2014J,0.1,0.08333333333333333
131222,CCC,2014J,0.0,0.0
131222,DDD,2013J,0.15,0.046875
131272,FFF,2013B,0.15,0.04225352112676056
131314,GGG,2014J,0.15,0.25
131538,FFF,2014B,0.1,0.058823529411764705
131597,FFF,2014J,0.2,0.06557377049180328
131612,DDD,2014J,0.2,0.07407407407407407
131776,EEE,2014J,0.15,0.13636363636363635
131820,GGG,2014B,0.15,0.375
131933,CCC,2014B,0.0,0.0
131933,CCC,2014J,0.1,0.10526315789473684
132123,EEE,2013J,0.25,0.3125
132157,DDD,2014J,0.1,0.05405405405405406
132157,FFF,2014B,0.15,0.05660377358490566
132401,DDD,2013J,0.1,0.07407407407407407
132453,FFF,2013J,0.05,0.03571428571428571
132475,FFF,2014J,0.05,0.014084507042253521
132477,FFF,2014B,0.05,0.034482758620689655
132511,DDD,2014J,0.0,0.0
132626,BBB,2013J,0.0,0.0
132932,GGG,2014J,0.1,0.2
132972,BBB,2014B,0.0,0.0
132976,AAA,2013J,0.15,0.09090909090909091
133019,FFF,2013J,0.15,0.034482758620689655
133068,GGG,2014B,0.25,0.20833333333333334
133104,CCC,2014B,0.0,0.0
133104,FFF,2014B,0.1,0.04878048780487805
133155,BBB,2013B,0.0,0.0
133185,FFF,2013J,0.1,0.02631578947368421
133322,FFF,2014B,0.1,0.05
133365,DDD,2014J,0.25,0.08196721311475409
133748,BBB,2013B,0.05,0.5
133816,AAA,2014J,0.35,0.21875
133922,AAA,2014J,0.1,0.1111111111111111
134025,CCC,2014B,0.0,0.0
134025,DDD,2013B,0.15,0.03571428571428571
134123,GGG,2014B,0.25,0.20833333333333334
134143,AAA,2013J,0.0,0.0
134188,DDD,2013B,0.2,0.10526315789473684
134212,EEE,2014J,0.15,0.13636363636363635
134243,DDD,2014J,0.2,0.06153846153846154
134260,FFF,2013B,0.0,0.0
134336,DDD,2013B,0.05,0.16666666666666666
134563,BBB,2013J,0.0,0.0
134847,FFF,2014B,0.1,0.022727272727272728
134851,FFF,2014B,0.2,0.03571428571428571
134920,DDD,2014J,0.0,0.0
134982,EEE,2013J,0.1,0.08695652173913043
135075,FFF,2013B,0.05,0.006711409395973154
135280,FFF,2014J,0.3,0.04081632653061224
135385,DDD,2013J,0.25,0.053763440860215055
135400,AAA,2014J,0.05,0.07142857142857142
135471,AAA,2014J,0.05,0.030303030303030304
135763,EEE,2014J,0.2,0.25
136054,FFF,2014B,0.3,0.10526315789473684
136135,DDD,2014J,0.1,0.04878048780487805
136335,CCC,2014J,0.0,0.0
136793,DDD,2014J,0.05,0.0625
136894,FFF,2013J,0.15,0.061224489795918366
136944,FFF,2014B,0.05,0.5
136944,FFF,2014J,0.1,0.05
137281,CCC,2014J,0.0,0.0
137603,DDD,2013B,0.15,0.05263157894736842
137873,AAA,2013J,0.0,0.0
137903,FFF,2013J,0.3,0.033707865168539325
138289,BBB,2013J,0.05,0.047619047619047616
138407,BBB,2014J,0.1,0.07407407407407407
138416,DDD,2014B,0.1,0.05405405405405406
138704,DDD,2014B,0.15,0.05454545454545454
138710,GGG,2013J,0.55,0.22448979591836735
138715,DDD,2013J,0.05,0.058823529411764705
138715,DDD,2014J,0.0,0.0
138861,CCC,2014J,0.05,0.038461538461538464
138920,BBB,2013J,0.0,0.0
138997,CCC,2014J,0.0,0.0
139033,AAA,2014J,0.15,0.08108108108108109
139190,FFF,2013J,0.15,0.05555555555555555
139206,FFF,2014J,0.35,0.07692307692307693
139250,BBB,2014B,0.05,0.058823529411764705
139278,FFF,2013J,0.15,0.05172413793103448
139329,GGG,2014B,0.4,0.27586206896551724
139549,BBB,2013J,0.0,0.0
139701,FFF,2013J,0.0,0.0
139949,FFF,2013B,0.1,0.043478260869565216
140060,EEE,2013J,0.4,0.2857142857142857
140719,BBB,2014B,0.1,0.09523809523809523
140807,DDD,2013J,0.05,0.015873015873015872
140866,FFF,2013B,0.4,0.1509433962264151
140907,FFF,2013B,0.05,0.029411764705882353
141301,DDD,2013J,0.0,0.0
141355,AAA,2013J,0.15,0.07894736842105263
141377,AAA,2013J,0.0,0.0
141377,AAA,2014J,0.15,0.0967741935483871
141430,FFF,2014B,0.15,0.039473684210526314
141648,FFF,2013J,0.2,0.04938271604938271
141827,GGG,2014J,0.2,0.14814814814814814
141949,BBB,2013J,0.15,0.2
142092,CCC,2014J,0.15,0.15789473684210525
142092,EEE,2014J,0.2,0.125
142310,FFF,2014J,0.2,0.06060606060606061
142324,BBB,2013B,0.0,0.0
142324,BBB,2014J,0.0,0.0
142326,AAA,2013J,0.15,0.07317073170731707
142339,FFF,2013B,0.0,0.0
142819,DDD,2013B,0.1,0.06666666666666667
142935,CCC,2014B,0.2,0.08888888888888889
142990,GGG,2013J,0.15,0.15789473684210525
143350,FFF,2013B,0.1,0.05405405405405406
143711,EEE,2013J,0.2,0.14814814814814814
143741,BBB,2013B,0.0,0.0
143755,FFF,2014J,0.25,0.0641025641025641
144448,EEE,2013J,0.1,0.08333333333333333
144562,FFF,2013J,0.15,0.075
144745,CCC,2014J,0.25,0.07936507936507936
144745,EEE,2014B,0.05,0.043478260869565216
144747,FFF,2013B,0.15,0.031578947368421054
144801,AAA,2013J,0.05,0.02631578947368421
144895,DDD,2013J,0.1,0.05263157894736842
144923,DDD,2013B,0.0,0.0
144959,FFF,2013J,0.0,0.0
144959,FFF,2014J,0.05,0.2
145114,CCC,2014J,0.05,0.07692307692307693
145114,DDD,2014B,0.0,0.0
145130,AAA,2013J,0.0,0.0
145280,BBB,2014J,0.15,0.13043478260869565
145282,CCC,2014B,0.25,0.15151515151515152
145388,GGG,2014B,0.0,0.0
145490,CCC,2014J,0.0,0.0
145544,BBB,2013B,0.25,0.10416666666666667
145640,CCC,2014J,0.15,0.11538461538461539
145640,DDD,2014B,0.05,0.016666666666666666
146165,BBB,2013J,0.1,0.08695652173913043
146188,AAA,2013J,0.05,0.041666666666666664
146485,DDD,2013J,0.05,0.09090909090909091
146503,AAA,2014J,0.05,0.5
146600,BBB,2013J,0.05,0.041666666666666664
146651,DDD,2013B,0.05,0.041666666666666664
146666,DDD,2013J,0.1,0.05128205128205128
146738,FFF,2013J,0.15,0.026785714285714284
146943,DDD,2014J,0.05,0.25
146974,EEE,2013J,0.35,0.23333333333333334
147168,FFF,2013B,0.05,0.009433962264150943
147328,DDD,2014J,0.2,0.057971014492753624
147715,DDD,2014J,0.25,0.08333333333333333
147756,AAA,2013J,0.0,0.0
147756,AAA,2014J,0.1,0.05263157894736842
147876,BBB,2013B,0.0,0.0
148008,DDD,2013J,0.05,0.09090909090909091
148282,EEE,2014B,0.0,0.0
148414,DDD,2014J,0.15,0.08571428571428572
148427,BBB,2014B,0.05,0.0625
148993,AAA,2013J,0.05,0.038461538461538464
148993,AAA,2014J,0.15,0.15789473684210525
149178,FFF,2014J,0.0,0.0
149680,FFF,2013B,0.1,0.02247191011235955
149693,FFF,2013B,0.15,0.08571428571428572
149741,AAA,2014J,0.25,0.1724137931034483
149962,AAA,2014J,0.0,0.0
150282,FFF,2014J,0.1,0.04878048780487805
150398,BBB,2014J,0.0,0.0
150578,DDD,2013B,0.05,0.045454545454545456
150763,FFF,2013B,0.25,0.08620689655172414
151358,AAA,2013J,0.0,0.0
151465,FFF,2013B,0.2,0.08163265306122448
151587,AAA,2014J,0.0,0.0
151697,BBB,2013B,0.05,0.07692307692307693
151745,DDD,2014J,0.1,0.03508771929824561
151800,BBB,2013J,0.0,0.0
151917,BBB,2013J,0.2,0.09090909090909091
151917,BBB,2014J,0.05,0.03571428571428571
152153,BBB,2013B,0.0,0.0
152320,DDD,2014B,0.05,0.038461538461538464
152320,DDD,2014J,0.0,0.0
152428,CCC,2014B,0.25,0.10204081632653061
152524,FFF,2014J,0.3,0.046875
152587,FFF,2013J,0.15,0.05357142857142857
152626,FFF,2014B,0.1,0.017391304347826087
152668,AAA,2014J,0.0,0.0
152671,GGG,2014B,0.15,0.2
152910,BBB,2013B,0.1,0.1
152917,FFF,2014J,0.65,0.07262569832402235
152929,BBB,2013B,0.15,0.13636363636363635
152962,CCC,2014B,0.15,0.08823529411764706
152973,BBB,2014J,0.1,0.1111111111111111
153110,FFF,2013B,0.0,0.0
153170,DDD,2014J,0.15,0.07142857142857142
153212,BBB,2013B,0.05,0.045454545454545456
153611,FFF,2014B,0.0,0.0
153704,BBB,2013B,0.05,0.058823529411764705
153704,BBB,2013J,0.05,0.09090909090909091
153785,FFF,2013B,0.1,0.03333333333333333
153788,EEE,2013J,0.05,0.05263157894736842
154011,BBB,2013J,0.15,0.09090909090909091
154027,BBB,2013B,0.05,0.037037037037037035
154059,FFF,2013J,0.2,0.07142857142857142
154073,DDD,2014J,0.05,0.047619047619047616
154125,BBB,2013B,0.0,0.0
154191,FFF,2013J,0.15,0.04411764705882353
154540,BBB,2013B,0.0,0.0
154570,BBB,2013J,0.05,0.058823529411764705
155067,CCC,2014B,0.1,0.2
155158,FFF,2014B,0.05,0.03225806451612903
155256,GGG,2013J,0.15,0.09375
155298,CCC,2014J,0.0,0.0
155298,FFF,2013J,0.0,0.0
155484,BBB,2014J,0.05,0.037037037037037035
155511,FFF,2013B,0.15,0.05357142857142857
155550,AAA,2013J,0.15,0.1
155631,BBB,2014B,0.1,0.125
155854,AAA,2013J,0.1,0.04
155938,FFF,2014J,0.0,0.0
155956,CCC,2014J,0.1,0.06666666666666667
155963,CCC,2014B,0.1,0.1111111111111111
155984,AAA,2013J,0.0,0.0
155984,AAA,2014J,0.15,0.07142857142857142
156127,GGG,2013J,0.2,0.2222222222222222
156171,FFF,2013J,0.1,0.0625
156311,BBB,2013J,0.25,0.1111111111111111
156358,BBB,2014J,0.0,0.0
156594,EEE,2014B,0.6,0.35294117647058826
156783,DDD,2013J,0.15,0.08571428571428572
156835,BBB,2013B,0.3,0.15789473684210525
157060,BBB,2013J,0.05,0.047619047619047616
157225,FFF,2014J,0.0,0.0
157276,BBB,2014B,0.1,0.05555555555555555
157298,DDD,2013B,0.1,0.041666666666666664
157308,FFF,2013B,0.15,0.08108108108108109
157310,DDD,2013J,0.05,0.029411764705882353
157568,AAA,2013J,0.05,0.03125
157752,BBB,2014J,0.05,0.16666666666666666
157795,BBB,2013J,0.05,0.05555555555555555
158575,DDD,2014J,0.0,0.0
158611,DDD,2013J,0.05,0.02631578947368421
158707,AAA,2014J,0.25,0.20833333333333334
158708,EEE,2014J,0.3,0.20689655172413793
158831,EEE,2014B,0.35,0.2692307692307692
159287,EEE,2014J,0.15,0.14285714285714285
159293,BBB,2014B,0.1,0.125
159484,GGG,2013J,0.0,0.0
159571,GGG,2014B,0.0,0.0
159596,DDD,2013B,0.0,0.0
159906,FFF,2014J,0.05,0.02631578947368421
159925,DDD,2013B,0.15,0.04
159947,FFF,2014J,0.1,0.0425531914893617
159954,AAA,2013J,0.05,0.05263157894736842
159954,AAA,2014J,0.0,0.0
160005,DDD,2013B,0.2,0.04395604395604396
160026,BBB,2014J,0.05,0.3333333333333333
160181,DDD,2014J,0.15,0.08823529411764706
160300,CCC,2014B,0.25,0.11363636363636363
160310,FFF,2013J,0.4,0.05063291139240506
160472,FFF,2014B,0.1,0.06896551724137931
160479,GGG,2014B,0.25,0.22727272727272727
160536,CCC,2014J,0.05,0.1
160536,EEE,2013J,0.05,0.058823529411764705
160945,GGG,2014B,0.2,0.16666666666666666
160946,FFF,2013J,0.1,0.020833333333333332
161491,BBB,2013J,0.0,0.0
161658,FFF,2013B,0.05,0.08333333333333333
161781,EEE,2014J,0.0,0.0
162210,EEE,2014J,0.15,0.125
162650,CCC,2014B,0.0,0.0
162809,FFF,2013J,0.05,0.030303030303030304
163067,DDD,2013B,0.05,0.027777777777777776
163120,FFF,2013J,0.1,0.03636363636363636
163332,FFF,2014B,0.1,0.08695652173913043
163996,DDD,2014J,0.05,0.058823529411764705
164148,FFF,2014J,0.1,0.043478260869565216
164211,GGG,2014B,0.25,0.20833333333333334
164259,AAA,2013J,0.05,0.043478260869565216
164922,GGG,2013J,0.15,0.13043478260869565
164935,DDD,2013J,0.1,0.028985507246376812
164944,AAA,2014J,0.1,0.1111111111111111
164968,CCC,2014J,0.1,0.09090909090909091
164968,EEE,2013J,0.05,0.03571428571428571
165099,BBB,2014J,0.15,0.13043478260869565
165178,DDD,2014B,0.0,0.0
165243,BBB,2013B,0.05,0.0625
165376,EEE,2014B,0.4,0.3076923076923077
165421,DDD,2013B,0.2,0.06349206349206349
165509,EEE,2013J,0.15,0.1875
165617,FFF,2013B,0.25,0.08064516129032258
165647,CCC,2014B,0.05,0.08333333333333333
165647,CCC,2014J,0.15,0.125
165733,CCC,2014B,0.0,0.0
165733,CCC,2014J,0.05,0.06666666666666667
165733,DDD,2013B,0.1,0.0425531914893617
165806,FFF,2013B,0.0,0.0
165898,GGG,2014B,0.0,0.0
165904,BBB,2014B,0.2,0.13793103448275862
166123,FFF,2014J,0.3,0.08695652173913043
166160,CCC,2014B,0.1,0.05405405405405406
166183,GGG,2013J,0.05,0.16666666666666666
166327,FFF,2013B,0.3,0.09090909090909091
166342,DDD,2013B,0.2,0.06779661016949153
166421,FFF,2013B,0.15,0.06521739130434782
166713,DDD,2013B,0.35,0.09859154929577464
166988,DDD,2013B,0.2,0.06451612903225806
167106,FFF,2014B,0.2,0.045454545454545456
167717,DDD,2013B,0.0,0.0
167759,FFF,2013B,0.15,0.08823529411764706
167791,CCC,2014B,0.1,0.05714285714285714
167791,EEE,2014B,0.1,0.06896551724137931
167906,AAA,2013J,0.2,0.1
167945,DDD,2014J,0.0,0.0
167961,AAA,2014J,0.2,0.12903225806451613
168178,CCC,2014B,0.2,0.12121212121212122
168229,FFF,2013J,0.3,0.05714285714285714
168843,DDD,2014J,0.0,0.0
168936,AAA,2013J,0.0,0.0
169008,BBB,2014J,0.3,0.1111111111111111
169079,DDD,2013J,0.15,0.07894736842105263
169213,BBB,2013J,0.0,0.0
169297,CCC,2014J,0.0,0.0
169380,CCC,2014B,0.1,0.04
169400,BBB,2014J,0.0,0.0
169490,FFF,2013B,0.05,0.03333333333333333
169515,BBB,2013B,0.1,0.2857142857142857
169555,FFF,2013B,0.0,0.0
169596,FFF,2014J,0.15,0.057692307692307696
169858,FFF,2013B,0.15,0.05660377358490566
169894,DDD,2014J,0.0,0.0
170025,DDD,2013B,0.1,0.037037037037037035
170030,CCC,2014J,0.05,0.03333333333333333
170030,FFF,2013J,0.0,0.0
170165,FFF,2013B,0.25,0.07692307692307693
170864,CCC,2014B,0.15,0.1
170874,FFF,2014J,0.05,0.023255813953488372
170936,EEE,2014B,0.3,0.3157894736842105
170943,FFF,2013J,0.25,0.05434782608695652
171304,FFF,2013J,0.15,0.14285714285714285
171549,FFF,2013J,0.0,0.0
171692,FFF,2013J,0.05,0.029411764705882353
171692,FFF,2014J,0.0,0.0
171751,BBB,2014B,0.15,0.1875
171843,EEE,2014J,0.25,0.19230769230769232
171896,CCC,2014B,0.05,1.0
171896,DDD,2013B,0.0,0.0
172112,AAA,2013J,0.1,0.044444444444444446
172137,BBB,2014B,0.15,0.1
172493,FFF,2014J,0.3,0.06521739130434782
172797,AAA,2013J,0.25,0.09259259259259259
172965,CCC,2014B,0.15,0.04477611940298507
172965,DDD,2014J,0.1,0.05555555555555555
173004,DDD,2013B,0.0,0.0
173004,DDD,2013J,0.0,0.0
173163,BBB,2014J,0.1,0.08333333333333333
173316,BBB,2013B,0.0,0.0
173335,BBB,2013B,0.0,0.0
173370,DDD,2013J,0.05,0.017857142857142856
173412,FFF,2013J,0.15,0.05555555555555555
173412,FFF,2014J,0.1,0.034482758620689655
173710,EEE,2013J,0.15,0.12
173834,EEE,2013J,0.5,0.2702702702702703
174010,EEE,2013J,0.2,0.5
174024,AAA,2014J,0.1,0.09090909090909091
174094,AAA,2014J,0.55,0.3142857142857143
174222,BBB,2013J,0.05,0.125
174440,BBB,2013J,0.0,0.0
174487,BBB,2013J,0.05,0.0625
174745,AAA,2014J,0.25,0.2
174782,AAA,2013J,0.1,0.05
175392,AAA,2013J,0.0,0.0
175447,AAA,2014J,0.3,0.21428571428571427
175453,FFF,2013J,0.0,0.0
175490,CCC,2014B,0.15,0.07692307692307693
175638,CCC,2014J,0.05,0.125
175932,AAA,2013J,0.15,0.15
175940,EEE,2014J,0.2,0.13333333333333333
175991,AAA,2013J,0.0,0.0
176092,DDD,2013B,0.0,0.0
177333,DDD,2013B,0.1,0.05128205128205128
177354,DDD,2013J,0.2,0.0625
177492,FFF,2014J,0.2,0.03571428571428571
177568,FFF,2013J,0.1,0.03278688524590164
177781,DDD,2014J,0.0,0.0
177817,DDD,2013B,0.05,0.07692307692307693
177967,CCC,2014B,0.25,0.13157894736842105
177981,DDD,2013B,0.35,0.08536585365853659
178020,DDD,2013J,0.35,0.05384615384615385
178072,CCC,2014B,0.0,0.0
178072,CCC,2014J,0.1,0.07692307692307693
178118,FFF,2013J,0.0,0.0
178179,FFF,2014B,0.2,0.06451612903225806
178258,DDD,2014B,0.05,0.02702702702702703
178496,CCC,2014B,0.05,0.05
178738,BBB,2013J,0.0,0.0
178963,BBB,2013J,0.1,0.25
179073,BBB,2014J,0.05,0.05
179081,FFF,2014B,0.05,0.05
179254,BBB,2013J,0.0,0.0
179718,DDD,2013J,0.15,0.046875
179892,DDD,2013B,0.05,0.019230769230769232
179904,DDD,2013J,0.05,0.1111111111111111
180651,DDD,2013J,0.2,0.038834951456310676
180667,DDD,2013B,0.15,0.05454545454545454
180753,AAA,2013J,0.05,0.023809523809523808
180958,DDD,2013B,0.35,0.07
180974,FFF,2013B,0.1,0.11764705882352941
180974,FFF,2013J,0.0,0.0
180976,CCC,2014B,0.2,0.08333333333333333
181508,FFF,2013B,0.25,0.06756756756756757
181861,CCC,2014J,0.15,0.06521739130434782
181992,FFF,2013B,0.3,0.13636363636363635
182400,EEE,2014B,0.3,0.3157894736842105
182468,FFF,2013B,0.1,0.06666666666666667
182824,BBB,2013B,0.0,0.0
182854,CCC,2014J,0.1,0.058823529411764705
183057,AAA,2014J,0.1,0.2222222222222222
183096,AAA,2013J,0.1,0.058823529411764705
183331,DDD,2014B,0.0,0.0
183429,FFF,2014B,0.05,0.025
183714,DDD,2013B,0.15,0.05660377358490566
183947,AAA,2013J,0.1,0.058823529411764705
184129,FFF,2013B,0.0,0.0
184137,GGG,2014B,0.15,0.17647058823529413
184271,AAA,2013J,0.1,0.05
184409,DDD,2014J,0.15,0.08571428571428572
184473,FFF,2013J,0.0,0.0
184720,FFF,2014J,0.0,0.0
184972,BBB,2014J,0.0,0.0
185021,BBB,2014B,0.0,0.0
185024,DDD,2013J,0.0,0.0
185024,DDD,2014J,0.0,0.0
185057,EEE,2014B,0.0,0.0
185127,CCC,2014J,0.0,0.0
185127,DDD,2013J,0.05,0.015625
185349,BBB,2013B,0.0,0.0
185350,AAA,2014J,0.05,0.2
185496,FFF,2013B,0.35,0.10294117647058823
185994,FFF,2014J,0.3,0.06593406593406594
186149,AAA,2013J,0.0,0.0
186380,FFF,2013B,0.2,0.0380952380952381
186476,EEE,2014B,0.25,0.25
186565,BBB,2014B,0.1,0.3333333333333333
186670,BBB,2013B,0.0,0.0
186988,BBB,2013B,0.0,0.0
187100,AAA,2013J,0.1,0.05
187199,FFF,2013J,0.1,0.03389830508474576
187257,BBB,2014B,0.1,0.2222222222222222
187435,CCC,2014B,0.15,0.06818181818181818
187601,BBB,2014B,0.15,0.05357142857142857
187623,DDD,2013B,0.15,0.11538461538461539
187663,DDD,2014B,0.05,0.058823529411764705
187793,BBB,2013B,0.0,0.0
188026,BBB,2013J,0.0,0.0
188152,BBB,2013B,0.15,0.14285714285714285
188251,CCC,2014J,0.1,0.18181818181818182
188260,EEE,2014B,0.05,0.05555555555555555
188273,CCC,2014J,0.05,0.06666666666666667
188273,EEE,2013J,0.05,0.041666666666666664
188278,AAA,2014J,0.0,0.0
188524,FFF,2013J,0.0,0.0
188662,CCC,2014J,0.15,0.09375
188662,EEE,2014B,0.15,0.125
188766,BBB,2014J,0.05,0.043478260869565216
189035,BBB,2014B,0.1,0.13333333333333333
189095,BBB,2013J,0.0,0.0
189117,EEE,2014J,0.25,0.19230769230769232
189143,DDD,2014J,0.0,0.0
189178,DDD,2014B,0.0,0.0
189428,CCC,2014B,0.0,0.0
189442,DDD,2014B,0.0,0.0
189624,CCC,2014B,0.1,0.03278688524590164
189624,DDD,2013J,0.1,0.02857142857142857
189629,EEE,2013J,0.2,0.21052631578947367
189664,GGG,2013J,0.15,0.125
189720,FFF,2013B,0.05,0.1111111111111111
189879,AAA,2013J,0.05,0.029411764705882353
190279,DDD,2014J,0.1,0.03773584905660377
190352,BBB,2014B,0.25,0.2
190418,FFF,2014B,0.2,0.041666666666666664
190565,BBB,2014B,0.05,0.043478260869565216
190780,EEE,2014J,0.15,0.10344827586206896
190910,FFF,2013J,0.0,0.0
190930,FFF,2014B,0.15,0.05357142857142857
191000,EEE,2013J,0.0,0.0
191195,DDD,2013B,0.1,0.05
191269,BBB,2013J,0.15,0.1111111111111111
191445,DDD,2013J,0.15,0.043478260869565216
191459,BBB,2014J,0.05,0.03571428571428571
191590,FFF,2014B,0.25,0.09433962264150944
191732,DDD,2014J,0.0,0.0
191746,BBB,2014J,0.05,0.058823529411764705
191797,CCC,2014B,0.1,0.08
191896,DDD,2013B,0.3,0.10714285714285714
191972,DDD,2013B,0.35,0.0707070707070707
191973,BBB,2014J,0.1,0.07692307692307693
192183,AAA,2013J,0.05,0.02631578947368421
192186,DDD,2014B,0.15,0.08108108108108109
192196,DDD,2013B,0.1,0.05
192375,DDD,2014J,0.1,0.0625
192424,BBB,2013B,0.1,0.05555555555555555
192680,FFF,2013J,0.1,0.04
192944,BBB,2014J,0.1,0.05128205128205128
193163,CCC,2014B,0.05,0.125
193163,EEE,2014B,0.1,0.15384615384615385
193193,FFF,2013B,0.05,0.034482758620689655
193310,BBB,2014J,0.1,0.0625
193822,BBB,2013B,0.0,0.0
193834,FFF,2013B,0.05,0.023255813953488372
194163,FFF,2014J,0.3,0.05714285714285714
195096,BBB,2013J,0.05,0.04
195234,EEE,2013J,0.05,0.2
195246,FFF,2014J,0.1,0.05263157894736842
195262,AAA,2013J,0.05,0.03125
195345,BBB,2014J,0.0,0.0
195515,FFF,2014B,0.25,0.11904761904761904
195552,FFF,2014J,0.3,0.06593406593406594
195897,EEE,2014J,0.25,0.15625
195938,BBB,2013J,0.25,0.21739130434782608
195940,BBB,2014J,0.0,0.0
196132,EEE,2014J,0.2,0.15384615384615385
196189,CCC,2014J,0.05,0.041666666666666664
196266,DDD,2013B,0.0,0.0
197240,BBB,2013J,0.05,0.16666666666666666
197412,BBB,2013J,0.1,0.08333333333333333
197486,EEE,2013J,0.05,0.034482758620689655
197527,BBB,2014J,0.0,0.0
197536,FFF,2014J,0.05,0.05263157894736842
197538,FFF,2014B,0.05,0.058823529411764705
197595,BBB,2013B,0.1,0.1111111111111111
197730,EEE,2014B,0.3,0.23076923076923078
197759,BBB,2013J,0.1,0.06060606060606061
198167,GGG,2014J,0.45,0.3
198902,CCC,2014B,0.05,0.08333333333333333
198902,EEE,2014B,0.05,0.06666666666666667
198956,BBB,2013B,0.1,0.16666666666666666
199009,FFF,2014J,0.2,0.07272727272727272
199029,BBB,2013J,0.1,0.06666666666666667
199244,FFF,2013B,0.2,0.0625
199361,CCC,2014J,0.25,0.09433962264150944
199361,FFF,2013J,0.15,0.02097902097902098
199446,FFF,2013B,0.1,0.02531645569620253
199520,BBB,2013B,0.1,0.09090909090909091
199636,AAA,2014J,0.35,0.21212121212121213
199663,BBB,2013J,0.25,0.2631578947368421
199760,CCC,2014J,0.15,0.07692307692307693
199897,AAA,2014J,0.25,0.16129032258064516
200095,EEE,2013J,0.1,0.08695652173913043
200372,CCC,2014B,0.0,0.0
200773,FFF,2013B,0.15,0.043478260869565216
200804,AAA,2014J,0.1,0.06060606060606061
200860,AAA,2013J,0.05,0.125
200905,BBB,2013B,0.45,0.17647058823529413
201151,DDD,2014B,0.05,0.02631578947368421
201327,CCC,2014B,0.2,0.14285714285714285
201425,CCC,2014J,0.25,0.16666666666666666
201431,BBB,2014B,0.15,0.25
202138,DDD,2014J,0.0,0.0
202394,BBB,2014B,0.15,0.2
202487,FFF,2013B,0.1,0.041666666666666664
202506,DDD,2013B,0.0,0.0
202606,EEE,2014J,0.1,0.14285714285714285
202635,AAA,2013J,0.05,0.08333333333333333
202677,EEE,2013J,0.2,0.19047619047619047
203050,FFF,2013B,0.25,0.06944444444444445
203066,DDD,2013J,0.15,0.047619047619047616
203149,DDD,2014J,0.05,0.06666666666666667
203481,BBB,2013B,0.0,0.0
203568,FFF,2014B,0.05,0.03125
203640,BBB,2013J,0.0,0.0
203707,FFF,2013B,0.1,0.06060606060606061
203963,GGG,2014B,0.25,0.15151515151515152
204182,DDD,2013J,0.1,0.028985507246376812
204410,DDD,2014J,0.2,0.07142857142857142
204505,DDD,2013J,0.15,0.05454545454545454
204609,DDD,2014J,0.05,0.037037037037037035
204725,CCC,2014B,0.15,0.10344827586206896
204738,GGG,2014B,0.3,0.20689655172413793
204745,GGG,2013J,0.1,0.2857142857142857
204746,BBB,2013B,0.05,0.1111111111111111
204996,DDD,2013B,0.1,0.04
205350,AAA,2013J,0.1,0.047619047619047616
205398,CCC,2014B,0.05,1.0
205425,CCC,2014B,0.15,0.075
205425,EEE,2013J,0.15,0.12
205442,DDD,2013J,0.25,0.07246376811594203
205494,AAA,2014J,0.1,0.08695652173913043
205719,AAA,2013J,0.1,0.2857142857142857
205788,BBB,2013J,0.15,0.057692307692307696
206003,BBB,2014B,0.1,0.08333333333333333
206245,CCC,2014B,0.2,0.19047619047619047
206599,CCC,2014B,0.05,0.02
206599,FFF,2013J,0.0,0.0
226374,BBB,2013B,0.05,0.06666666666666667
226747,BBB,2014B,0.15,0.12
226827,BBB,2013B,0.2,0.14814814814814814
226839,BBB,2014J,0.0,0.0
226879,GGG,2014J,0.3,0.2222222222222222
226890,GGG,2014J,0.15,0.3333333333333333
226895,DDD,2014B,0.05,0.025
226955,FFF,2014J,0.15,0.1111111111111111
227020,DDD,2013J,0.1,0.08695652173913043
227192,CCC,2014B,0.2,0.1
227192,EEE,2013J,0.1,0.07407407407407407
227297,FFF,2014B,0.1,0.045454545454545456
227401,FFF,2013B,0.0,0.0
227416,BBB,2013J,0.0,0.0
227491,DDD,2013B,0.05,0.0625
227499,AAA,2013J,0.05,0.030303030303030304
227517,AAA,2013J,0.0,0.0
227752,CCC,2014B,0.2,0.12121212121212122
227826,DDD,2014B,0.0,0.0
228021,AAA,2014J,0.15,0.09090909090909091
228082,AAA,2013J,0.1,0.14285714285714285
228138,FFF,2014B,0.1,0.07407407407407407
228222,AAA,2013J,0.1,0.11764705882352941
228242,DDD,2013B,0.15,0.12
228258,FFF,2014B,0.15,0.05
228272,DDD,2014B,0.1,0.03636363636363636
228383,AAA,2014J,0.45,0.25
228481,BBB,2014B,0.25,0.14285714285714285
228633,FFF,2014J,0.1,0.045454545454545456
228695,DDD,2013J,0.0,0.0
228695,FFF,2013J,0.0,0.0
228703,FFF,2013B,0.2,0.09090909090909091
228729,FFF,2014B,0.25,0.07352941176470588
228775,DDD,2014B,0.05,0.03333333333333333
228784,BBB,2014B,0.05,0.14285714285714285
228824,BBB,2014B,0.0,0.0
228888,DDD,2013J,0.05,0.024390243902439025
228909,BBB,2014J,0.05,0.1111111111111111
229057,DDD,2013B,0.0,0.0
229179,AAA,2013J,0.05,0.06666666666666667
229240,BBB,2013B,0.0,0.0
229361,AAA,2013J,0.05,0.037037037037037035
229426,BBB,2013B,0.2,0.17391304347826086
229498,FFF,2014J,0.15,0.06666666666666667
230081,BBB,2013J,0.1,0.07142857142857142
230279,FFF,2013B,0.1,0.03636363636363636
230383,BBB,2014J,0.0,0.0
230684,FFF,2013B,0.1,0.5
230761,CCC,2014B,0.05,0.058823529411764705
231017,EEE,2014J,0.3,0.2222222222222222
231019,EEE,2014B,0.05,0.5
231024,FFF,2013J,0.2,0.04819277108433735
231339,CCC,2014B,0.1,0.08
231339,EEE,2014B,0.1,0.08333333333333333
231554,AAA,2013J,0.2,0.12903225806451613
231572,DDD,2013J,0.05,0.02040816326530612
231606,FFF,2013J,0.1,0.03773584905660377
231959,BBB,2013J,0.0,0.0
232072,CCC,2014J,0.05,0.1
232078,DDD,2013J,0.0,0.0
232078,EEE,2014J,0.0,0.0
232173,FFF,2014J,0.1,0.03389830508474576
232286,FFF,2014B,0.1,0.05
232307,AAA,2014J,0.1,0.11764705882352941
232347,FFF,2013J,0.4,0.13114754098360656
232480,GGG,2014J,0.1,0.15384615384615385
232539,BBB,2014B,0.05,0.03333333333333333
232660,FFF,2013J,0.1,0.02857142857142857
232695,BBB,2013B,0.1,0.05714285714285714
232764,FFF,2013B,0.0,0.0
232764,FFF,2013J,0.05,0.016129032258064516
232827,DDD,2014B,0.0,0.0
232856,FFF,2013J,0.15,0.02654867256637168
233087,FFF,2013J,0.3,0.043795620437956206
233095,BBB,2014B,0.0,0.0
233102,BBB,2014B,0.05,0.04
233153,GGG,2013J,0.2,0.16666666666666666
233311,EEE,2013J,0.2,0.14814814814814814
233317,BBB,2013J,0.0,0.0
233335,EEE,2014J,0.15,0.17647058823529413
233389,DDD,2013B,0.15,0.125
233444,CCC,2014B,0.0,0.0
233444,CCC,2014J,0.0,0.0
233685,EEE,2014J,0.2,0.21052631578947367
233752,BBB,2013J,0.1,0.06666666666666667
233771,DDD,2013B,0.25,0.08333333333333333
233771,EEE,2013J,0.0,0.0
233868,DDD,2014B,0.0,0.0
233873,DDD,2014J,0.1,0.046511627906976744
233957,BBB,2013J,0.1,0.06451612903225806
234068,FFF,2013J,0.0,0.0
234311,CCC,2014B,0.05,0.14285714285714285
234311,EEE,2013J,0.15,0.0967741935483871
234406,DDD,2013J,0.2,0.06557377049180328
234552,DDD,2014J,0.15,0.061224489795918366
234559,EEE,2014B,0.3,0.35294117647058826
234609,FFF,2013B,0.4,0.03902439024390244
234661,FFF,2014J,0.15,0.038461538461538464
234727,FFF,2013B,0.1,0.022727272727272728
234740,CCC,2014B,0.0,0.0
234740,DDD,2013B,0.1,0.046511627906976744
234796,FFF,2014B,0.15,0.05263157894736842
234859,DDD,2013B,0.0,0.0
234929,BBB,2013J,0.05,0.034482758620689655
235068,AAA,2014J,0.0,0.0
235097,BBB,2013B,0.0,0.0
235131,FFF,2013J,0.15,0.375
235371,BBB,2014J,0.0,0.0
235380,BBB,2014B,0.05,0.06666666666666667
235428,BBB,2014B,0.05,0.024390243902439025
235428,DDD,2013B,0.0,0.0
235507,AAA,2014J,0.1,0.08
235670,FFF,2013J,0.05,0.019230769230769232
235706,FFF,2013J,0.0,0.0
235768,FFF,2014J,0.15,0.1
235893,DDD,2014J,0.0,0.0
235971,FFF,2014J,0.25,0.08196721311475409
235978,FFF,2013J,0.25,0.05154639175257732
236090,FFF,2014J,0.15,0.05454545454545454
236161,BBB,2014B,0.1,0.09090909090909091
236205,CCC,2014B,0.25,0.10416666666666667
236284,AAA,2013J,0.25,0.1388888888888889
236498,DDD,2013B,0.05,0.014705882352941176
236620,CCC,2014B,0.15,0.06666666666666667
236620,DDD,2013B,0.1,0.024390243902439025
236844,FFF,2013B,0.15,0.08108108108108109
236857,DDD,2013J,0.0,0.0
236875,AAA,2014J,0.05,0.09090909090909091
236953,DDD,2013J,0.05,0.018867924528301886
237182,FFF,2014B,0.0,0.0
237274,AAA,2014J,0.25,0.1388888888888889
237304,BBB,2013B,0.2,0.16666666666666666
237370,FFF,2014B,0.0,0.0
237387,FFF,2013J,0.1,0.13333333333333333
237401,FFF,2013B,0.1,0.05
237602,DDD,2013J,0.1,0.03125
237891,FFF,2014J,0.3,0.1016949152542373
237913,BBB,2013B,0.0,0.0
237913,BBB,2014J,0.2,0.07547169811320754
237921,GGG,2014J,0.4,0.22857142857142856
237953,FFF,2013B,0.1,0.034482758620689655
238007,AAA,2013J,0.05,0.024390243902439025
238144,BBB,2014J,0.15,0.12
238150,FFF,2013J,0.2,0.047058823529411764
238255,CCC,2014J,0.0,0.0
238519,BBB,2014B,0.0,0.0
238800,DDD,2013J,0.05,0.06666666666666667
238901,FFF,2013B,0.15,0.075
238983,DDD,2013J,0.05,0.02127659574468085
239095,GGG,2013J,0.2,0.16666666666666666
239345,FFF,2014B,0.1,0.03125
239459,DDD,2014B,0.05,0.014925373134328358
239540,FFF,2013B,0.1,0.041666666666666664
239748,FFF,2013B,0.1,0.15384615384615385
239751,GGG,2014J,0.2,0.21052631578947367
239908,EEE,2014J,0.2,0.15384615384615385
240024,FFF,2013B,0.25,0.07462686567164178
240186,DDD,2014J,0.1,0.058823529411764705
240236,DDD,2014J,0.0,0.0
240389,DDD,2013B,0.1,0.058823529411764705
240486,CCC,2014J,0.1,0.05
240486,DDD,2014B,0.1,0.0425531914893617
240641,DDD,2013J,0.1,0.07692307692307693
240712,AAA,2013J,0.1,0.14285714285714285
240755,DDD,2013B,0.05,0.047619047619047616
240755,DDD,2014B,0.1,0.07142857142857142
240884,AAA,2013J,0.15,0.15
240993,BBB,2013J,0.05,0.034482758620689655
241039,FFF,2013J,0.05,0.016129032258064516
241066,DDD,2014J,0.1,0.07407407407407407
241338,BBB,2013J,0.0,0.0
241649,AAA,2013J,0.0,0.0
241728,EEE,2014J,0.4,0.22857142857142856
241729,AAA,2013J,0.05,0.030303030303030304
241769,DDD,2014J,0.0,0.0
241771,DDD,2013B,0.2,0.06896551724137931
241922,DDD,2013B,0.3,0.09230769230769231
242149,BBB,2013J,0.0,0.0
242254,FFF,2014B,0.1,0.08
242472,DDD,2013J,0.0,0.0
242491,FFF,2013J,0.15,0.05263157894736842
242633,DDD,2014B,0.05,0.045454545454545456
242778,CCC,2014J,0.0,0.0
242778,EEE,2013J,0.0,0.0
242793,AAA,2013J,0.0,0.0
242858,CCC,2014B,0.0,0.0
242858,EEE,2013J,0.2,0.14814814814814814
242893,BBB,2013J,0.0,0.0
242998,FFF,2014B,0.05,0.014705882352941176
243025,DDD,2014J,0.1,0.0625
243358,CCC,2014J,0.1,0.09090909090909091
243372,DDD,2013J,0.05,0.030303030303030304
243396,FFF,2013J,0.0,0.0
243510,AAA,2014J,0.1,0.11764705882352941
243600,FFF,2013B,0.0,0.0
243657,FFF,2013B,0.15,0.03529411764705882
243851,BBB,2013J,0.0,0.0
243926,EEE,2014J,0.0,0.0
243992,BBB,2013J,0.0,0.0
244064,BBB,2014B,0.1,0.09090909090909091
244114,FFF,2013B,0.25,0.09803921568627451
244166,EEE,2014B,0.15,0.15789473684210525
244205,FFF,2013J,0.5,0.0641025641025641
244246,AAA,2014J,0.2,0.16666666666666666
244738,CCC,2014J,0.1,0.03508771929824561
244738,DDD,2013J,0.2,0.06060606060606061
244816,FFF,2013B,0.15,0.2
244875,DDD,2013B,0.15,0.04918032786885246
244918,FFF,2013B,0.2,0.07407407407407407
244919,DDD,2013B,0.15,0.12
244961,FFF,2014B,0.25,0.1
244977,CCC,2014B,0.15,0.061224489795918366
244977,EEE,2014B,0.25,0.2
245217,CCC,2014B,0.0,0.0
245217,CCC,2014J,0.0,0.0
245283,FFF,2013J,0.1,0.027777777777777776
245316,EEE,2013J,0.05,0.25
245494,CCC,2014B,0.1,0.2
245494,EEE,2013J,0.1,0.05405405405405406
245600,CCC,2014J,0.25,0.1388888888888889
245605,EEE,2013J,0.15,0.12
245784,BBB,2014J,0.05,0.0625
245802,GGG,2014B,0.4,0.2222222222222222
245946,DDD,2013J,0.0,0.0
245987,BBB,2013J,0.0,0.0
246060,EEE,2013J,0.25,0.23809523809523808
246652,DDD,2013B,0.2,0.0547945205479452
246829,CCC,2014J,0.0,0.0
246834,AAA,2013J,0.1,0.1
247267,BBB,2013B,0.1,0.07407407407407407
247292,BBB,2014B,0.1,0.13333333333333333
247457,BBB,2014J,0.1,0.05555555555555555
247513,BBB,2014B,0.1,0.08695652173913043
247666,FFF,2013B,0.2,0.041237113402061855
247819,CCC,2014B,0.05,0.047619047619047616
247819,EEE,2014B,0.25,0.18518518518518517
247856,FFF,2013B,0.0,0.0
247902,BBB,2013J,0.0,0.0
247967,BBB,2014J,0.1,0.09523809523809523
248103,BBB,2013B,0.1,0.10526315789473684
248270,AAA,2013J,0.0,0.0
248511,DDD,2013B,0.1,0.038461538461538464
248581,AAA,2014J,0.1,0.05128205128205128
248653,BBB,2013J,0.05,0.043478260869565216
248695,DDD,2013J,0.15,0.0625
248716,BBB,2013J,0.05,0.03125
248818,EEE,2014B,0.1,0.09090909090909091
248882,FFF,2013J,0.1,0.022222222222222223
248961,DDD,2013J,0.05,0.029411764705882353
248994,DDD,2013B,0.1,0.030303030303030304
249357,FFF,2014J,0.15,0.05
249359,DDD,2014J,0.05,0.047619047619047616
249362,FFF,2013B,0.2,0.04040404040404041
249423,DDD,2013B,0.05,0.022727272727272728
249534,BBB,2013B,0.05,0.04
249704,DDD,2013J,0.0,0.0
249750,FFF,2013J,0.3,0.06896551724137931
249965,GGG,2013J,0.2,0.13793103448275862
249996,DDD,2013B,0.05,0.047619047619047616
250047,EEE,2013J,0.25,0.18518518518518517
250123,BBB,2014B,0.05,0.16666666666666666
250159,EEE,2014J,0.1,0.1
250163,DDD,2013J,0.2,0.044444444444444446
251166,FFF,2014J,0.2,0.05263157894736842
251351,BBB,2013B,0.0,0.0
251375,FFF,2014B,0.1,0.0425531914893617
251385,CCC,2014B,0.4,0.1568627450980392
251405,FFF,2013J,0.15,0.03571428571428571
251965,FFF,2013J,0.05,0.07142857142857142
251999,DDD,2013B,0.05,0.023809523809523808
252041,FFF,2013B,0.1,0.05263157894736842
252073,AAA,2014J,0.15,0.125
252095,FFF,2013B,0.1,0.03125
252149,DDD,2013B,0.15,0.057692307692307696
252257,BBB,2013J,0.05,0.05555555555555555
252489,DDD,2013B,0.2,0.08
252652,BBB,2013J,0.0,0.0
252652,BBB,2014B,0.05,0.02857142857142857
252863,BBB,2014J,0.0,0.0
253013,CCC,2014J,0.1,0.05405405405405406
253208,GGG,2013J,0.2,0.13793103448275862
253496,CCC,2014J,0.05,0.1111111111111111
253496,EEE,2014J,0.1,0.1111111111111111
253567,GGG,2013J,0.1,0.16666666666666666
253577,BBB,2013J,0.05,0.045454545454545456
253579,DDD,2013J,0.0,0.0
253633,FFF,2014J,0.2,0.1
253763,FFF,2014J,0.4,0.0898876404494382
253767,FFF,2013J,0.2,0.05333333333333334
253859,CCC,2014B,0.15,0.07692307692307693
254044,FFF,2013B,0.05,0.01639344262295082
254162,FFF,2013B,0.0,0.0
254325,FFF,2013B,0.1,0.031746031746031744
254446,FFF,2013J,0.25,0.06097560975609756
254463,FFF,2013B,0.15,0.10714285714285714
254612,BBB,2014J,0.05,0.25
254625,AAA,2014J,0.2,0.14285714285714285
255310,CCC,2014B,0.05,0.015384615384615385
255310,FFF,2013J,0.25,0.05319148936170213
255344,FFF,2013B,0.35,0.06481481481481481
255347,BBB,2013B,0.3,0.17647058823529413
255548,AAA,2013J,0.1,0.06451612903225806
255747,DDD,2013B,0.1,0.05555555555555555
255878,FFF,2014B,0.05,0.014705882352941176
255902,DDD,2013B,0.05,0.041666666666666664
255998,BBB,2013B,0.0,0.0
256144,DDD,2014J,0.2,0.06060606060606061
256740,FFF,2014B,0.3,0.047619047619047616
256815,AAA,2013J,0.1,0.044444444444444446
256867,CCC,2014J,0.1,0.07407407407407407
256867,EEE,2014B,0.15,0.11538461538461539
256905,FFF,2013J,0.0,0.0
256998,BBB,2013J,0.05,0.07142857142857142
257104,FFF,2014B,0.1,0.15384615384615385
257167,DDD,2013J,0.05,0.02631578947368421
257887,CCC,2014J,0.2,0.06779661016949153
257887,FFF,2013J,0.25,0.03597122302158273
258010,DDD,2013J,0.15,0.0379746835443038
258035,BBB,2013J,0.25,0.08928571428571429
258042,DDD,2013J,0.1,0.03636363636363636
258245,FFF,2014J,0.05,0.022222222222222223
258268,BBB,2014J,0.1,0.125
258310,DDD,2013B,0.05,0.125
258392,AAA,2013J,0.1,0.0625
258509,FFF,2014J,0.15,0.04477611940298507
258538,DDD,2014J,0.25,0.09090909090909091
258587,AAA,2014J,0.3,0.20689655172413793
258737,FFF,2014B,0.25,0.06944444444444445
258840,BBB,2014J,0.0,0.0
258894,AAA,2013J,0.1,0.05128205128205128
258978,FFF,2014J,0.05,0.02857142857142857
259060,DDD,2013J,0.1,0.0425531914893617
259641,CCC,2014J,0.1,0.044444444444444446
259641,DDD,2013J,0.1,0.029411764705882353
259662,EEE,2013J,0.05,0.043478260869565216
259951,DDD,2013J,0.05,0.047619047619047616
260062,FFF,2014B,0.0,0.0
260077,DDD,2014J,0.1,0.05263157894736842
260137,BBB,2014J,0.0,0.0
260179,BBB,2013J,0.0,0.0
260216,BBB,2014J,0.05,0.25
260355,AAA,2013J,0.05,0.06666666666666667
260491,DDD,2013B,0.1,0.0392156862745098
260565,DDD,2014B,0.0,0.0
260623,AAA,2014J,0.15,0.15
260639,DDD,2013B,0.0,0.0
260949,CCC,2014B,0.05,0.058823529411764705
260955,BBB,2014B,0.05,0.05
261160,CCC,2014J,0.0,0.0
261265,CCC,2014B,0.05,0.045454545454545456
261265,FFF,2014B,0.05,0.023255813953488372
261335,FFF,2013B,0.25,0.11363636363636363
261342,GGG,2014B,0.05,0.08333333333333333
261466,BBB,2013J,0.25,0.19230769230769232
261495,DDD,2013J,0.05,0.01818181818181818
261525,FFF,2013J,0.0,0.0
261615,CCC,2014B,0.35,0.1320754716981132
261718,GGG,2013J,0.15,0.08823529411764706
261863,FFF,2014J,0.0,0.0
262011,AAA,2013J,0.0,0.0
262025,FFF,2014J,0.15,0.04838709677419355
262294,BBB,2013B,0.0,0.0
262385,CCC,2014J,0.0,0.0
262394,FFF,2014J,0.05,0.03571428571428571
262403,FFF,2013J,0.2,0.043478260869565216
262454,BBB,2013B,0.15,0.14285714285714285
262639,BBB,2013J,0.05,0.05555555555555555
262741,BBB,2013B,0.05,0.034482758620689655
262934,AAA,2013J,0.1,0.07692307692307693
263251,AAA,2014J,0.15,0.11538461538461539
263341,GGG,2014J,0.25,0.3125
263448,BBB,2014J,0.15,0.08333333333333333
263499,BBB,2013B,0.0,0.0
263524,DDD,2013B,0.0,0.0
263543,AAA,2014J,0.2,0.16666666666666666
263862,FFF,2014J,0.15,0.030303030303030304
263952,AAA,2014J,0.25,0.15625
264106,BBB,2014B,0.0,0.0
264151,CCC,2014J,0.25,0.2777777777777778
264152,BBB,2013J,0.1,0.08333333333333333
264159,CCC,2014B,0.1,0.06451612903225806
264164,FFF,2013J,0.15,0.03225806451612903
264298,FFF,2014B,0.0,0.0
264694,BBB,2014J,0.05,0.05
264715,CCC,2014J,0.0,0.0
264723,DDD,2014B,0.0,0.0
264744,BBB,2013J,0.0,0.0
264845,CCC,2014J,0.25,0.11904761904761904
265112,FFF,2013B,0.3,0.05825242718446602
265170,BBB,2013J,0.0,0.0
265268,FFF,2013J,0.35,0.08235294117647059
265466,BBB,2014J,0.15,0.1
265497,FFF,2014J,0.05,0.018867924528301886
265769,EEE,2013J,0.25,0.20833333333333334
265855,FFF,2013B,0.35,0.06363636363636363
265958,BBB,2014B,0.0,0.0
265978,FFF,2013J,0.1,0.05128205128205128
266286,DDD,2013J,0.25,0.05952380952380952
266331,BBB,2013J,0.05,0.030303030303030304
266450,DDD,2013B,0.15,0.0967741935483871
266514,DDD,2013B,0.1,0.05128205128205128
266524,AAA,2014J,0.15,0.15
266536,FFF,2014B,0.1,0.038461538461538464
266558,CCC,2014B,0.0,0.0
266558,DDD,2013J,0.05,0.045454545454545456
266564,BBB,2013J,0.1,0.07692307692307693
266626,GGG,2013J,0.25,0.16129032258064516
266744,BBB,2014B,0.0,0.0
266757,DDD,2013B,0.05,0.0625
266915,EEE,2013J,0.0,0.0
266922,DDD,2014B,0.05,0.03225806451612903
267602,FFF,2013B,0.3,0.05042016806722689
267619,CCC,2014J,0.05,0.03125
267761,BBB,2013B,0.05,0.16666666666666666
267871,DDD,2013J,0.05,0.02040816326530612
267961,EEE,2014B,0.05,0.125
268018,CCC,2014B,0.1,0.2857142857142857
268073,AAA,2013J,0.15,0.061224489795918366
268143,DDD,2014J,0.0,0.0
268153,FFF,2013J,0.2,0.05405405405405406
268301,BBB,2014B,0.45,0.16981132075471697
268391,GGG,2013J,0.15,0.13043478260869565
268589,BBB,2013J,0.0,0.0
268649,FFF,2014B,0.05,0.1111111111111111
268733,AAA,2013J,0.0,0.0
268845,FFF,2014B,0.0,0.0
269082,BBB,2013J,0.25,0.1
269204,BBB,2013J,0.15,0.07142857142857142
269220,EEE,2014J,0.35,0.2413793103448276
269243,FFF,2013B,0.25,0.035211267605633804
269388,CCC,2014J,0.2,0.11428571428571428
269508,FFF,2013J,0.3,0.05217391304347826
269510,BBB,2014J,0.05,0.08333333333333333
269575,DDD,2014J,0.3,0.1111111111111111
269584,FFF,2014J,0.05,0.027777777777777776
269593,FFF,2013B,0.05,0.125
269676,CCC,2014B,0.05,0.022222222222222223
269676,DDD,2013B,0.1,0.04878048780487805
269730,FFF,2014B,0.2,0.08
269764,EEE,2013J,0.05,0.1
269856,DDD,2014J,0.15,0.06
270393,DDD,2013J,0.05,0.022727272727272728
270421,FFF,2014J,0.25,0.07352941176470588
270493,DDD,2013J,0.0,0.0
270502,DDD,2014J,0.05,0.02857142857142857
270567,BBB,2013B,0.1,0.13333333333333333
270638,EEE,2013J,0.15,0.13043478260869565
270646,BBB,2013J,0.0,0.0
270814,DDD,2013B,0.3,0.0967741935483871
270988,EEE,2014J,0.4,0.47058823529411764
271036,BBB,2013B,0.2,0.06779661016949153
271206,DDD,2013J,0.0,0.0
271251,AAA,2013J,0.1,0.05263157894736842
271274,FFF,2013J,0.0,0.0
271467,BBB,2014B,0.0,0.0
271526,DDD,2013J,0.15,0.0410958904109589
271974,DDD,2014B,0.1,0.05405405405405406
272580,BBB,2013B,0.05,0.04
272623,FFF,2013J,0.05,0.09090909090909091
273339,DDD,2013B,0.0,0.0
273346,AAA,2014J,0.25,0.16666666666666666
273442,FFF,2013J,0.3,0.06315789473684211
273731,BBB,2013B,0.0,0.0
273782,FFF,2013J,0.05,0.01694915254237288
273877,BBB,2013B,0.1,0.14285714285714285
274218,EEE,2014B,0.1,0.1111111111111111
274247,BBB,2013J,0.1,0.1
274443,FFF,2013J,0.2,0.07407407407407407
274712,DDD,2013J,0.05,0.07142857142857142
274947,AAA,2014J,0.0,0.0
274967,EEE,2014J,0.2,0.14814814814814814
274971,BBB,2013J,0.05,0.02631578947368421
275006,BBB,2014J,0.05,0.06666666666666667
275112,BBB,2014B,0.05,0.06666666666666667
275136,GGG,2014J,0.35,0.22580645161290322
275151,FFF,2013B,0.15,0.02564102564102564
275162,EEE,2013J,0.0,0.0
275180,BBB,2014J,0.1,0.044444444444444446
275232,DDD,2013J,0.25,0.056179775280898875
275296,BBB,2014J,0.0,0.0
275297,CCC,2014J,0.1,0.03571428571428571
275297,DDD,2014J,0.2,0.056338028169014086
275674,AAA,2014J,0.2,0.6666666666666666
275711,CCC,2014J,0.45,0.0967741935483871
275792,AAA,2014J,0.05,0.043478260869565216
276265,FFF,2014B,0.05,0.125
276265,FFF,2014J,0.15,0.02608695652173913
276314,FFF,2013B,0.1,0.044444444444444446
276337,FFF,2014J,0.1,0.14285714285714285
276388,FFF,2013J,0.2,0.06666666666666667
276717,BBB,2013B,0.05,0.041666666666666664
276808,FFF,2013J,0.25,0.07692307692307693
276830,GGG,2013J,0.05,0.05263157894736842
276857,DDD,2013J,0.05,0.011111111111111112
276893,GGG,2014J,0.2,0.125
276925,BBB,2013J,0.0,0.0
276925,BBB,2014J,0.0,0.0
276935,DDD,2014J,0.15,0.037037037037037035
277044,FFF,2013B,0.35,0.051094890510948905
277123,AAA,2014J,0.2,0.2222222222222222
277166,DDD,2014B,0.05,0.037037037037037035
277412,DDD,2013J,0.0,0.0
277577,FFF,2014B,0.05,0.019230769230769232
277596,DDD,2013J,0.15,0.03409090909090909
277729,DDD,2013J,0.05,0.06666666666666667
277733,BBB,2013B,0.0,0.0
277812,BBB,2013J,0.05,0.045454545454545456
277880,AAA,2013J,0.0,0.0
277880,AAA,2014J,0.0,0.0
277967,BBB,2014J,0.2,0.08163265306122448
278155,FFF,2014B,0.1,0.024691358024691357
278272,BBB,2013J,0.0,0.0
278380,FFF,2014J,0.1,0.041666666666666664
278447,BBB,2013B,0.05,0.0625
278786,EEE,2014B,0.05,0.0625
278794,BBB,2013J,0.05,0.07142857142857142
278861,CCC,2014B,0.0,0.0
278955,FFF,2013J,0.1,0.05263157894736842
278962,GGG,2014B,0.35,0.23333333333333334
279085,FFF,2013J,0.15,0.020833333333333332
279440,FFF,2014J,0.4,0.06722689075630252
279572,AAA,2013J,0.0,0.0
279653,FFF,2014J,0.4,0.06611570247933884
279747,GGG,2013J,0.1,0.05555555555555555
279750,FFF,2013J,0.35,0.05511811023622047
279755,FFF,2014B,0.15,0.04838709677419355
279868,CCC,2014B,0.0,0.0
279868,DDD,2013J,0.0,0.0
280017,EEE,2013J,0.5,0.24390243902439024
280152,BBB,2014J,0.25,0.1111111111111111
281022,AAA,2013J,0.1,0.09090909090909091
281077,AAA,2014J,0.1,0.11764705882352941
281118,DDD,2013B,0.1,0.08333333333333333
281134,FFF,2014J,0.2,0.046511627906976744
281172,DDD,2014J,0.1,0.06666666666666667
281250,AAA,2013J,0.0,0.0
281564,BBB,2013B,0.0,0.0
281589,AAA,2013J,0.05,0.3333333333333333
281619,GGG,2013J,0.15,0.25
281636,AAA,2014J,0.3,0.14634146341463414
281638,FFF,2013J,0.3,0.0821917808219178
281651,FFF,2013B,0.1,0.046511627906976744
281656,EEE,2013J,0.0,0.0
281801,CCC,2014B,0.4,0.16326530612244897
281920,DDD,2014J,0.1,0.03773584905660377
282193,CCC,2014B,0.0,0.0
282193,DDD,2013B,0.15,0.06666666666666667
282317,DDD,2013J,0.1,0.038461538461538464
282388,GGG,2014B,0.4,0.26666666666666666
282713,BBB,2014B,0.0,0.0
282806,FFF,2014B,0.1,0.07692307692307693
282821,AAA,2013J,0.15,0.10344827586206896
282849,FFF,2014J,0.2,0.058823529411764705
282879,FFF,2013B,0.15,0.04411764705882353
282975,FFF,2013J,0.3,0.038461538461538464
283035,GGG,2014B,0.05,0.25
283131,BBB,2014B,0.0,0.0
283133,EEE,2013J,0.1,0.1
283230,FFF,2013B,0.2,0.046511627906976744
283348,FFF,2013B,0.25,0.07936507936507936
283402,FFF,2014J,0.25,0.06172839506172839
283535,DDD,2013J,0.0,0.0
283564,BBB,2014B,0.0,0.0
283618,CCC,2014J,0.05,1.0
283618,DDD,2013B,0.1,0.03389830508474576
283798,CCC,2014B,0.15,0.10344827586206896
283953,FFF,2013J,0.2,0.04878048780487805
283978,BBB,2014B,0.05,1.0
284076,BBB,2013B,0.1,0.16666666666666666
284095,CCC,2014J,0.05,0.021739130434782608
284095,EEE,2014J,0.15,0.1
284246,BBB,2014J,0.2,0.10526315789473684
284395,FFF,2013J,0.05,0.014084507042253521
284741,DDD,2014J,0.0,0.0
284762,BBB,2014J,0.0,0.0
284812,CCC,2014B,0.2,0.0851063829787234
284906,BBB,2013J,0.0,0.0
285050,BBB,2013J,0.0,0.0
285085,DDD,2013J,0.0,0.0
285096,DDD,2013B,0.3,0.07317073170731707
285170,CCC,2014B,0.4,0.11594202898550725
285170,EEE,2014B,0.05,0.034482758620689655
285193,GGG,2014B,0.1,0.08333333333333333
285315,AAA,2014J,0.15,0.17647058823529413
285391,FFF,2013B,0.05,0.027777777777777776
285412,DDD,2014B,0.1,0.047619047619047616
285470,BBB,2014J,0.0,0.0
285475,CCC,2014B,0.05,0.038461538461538464
285475,DDD,2013B,0.1,0.031746031746031744
285481,DDD,2014J,0.0,0.0
285557,DDD,2013J,0.2,0.07142857142857142
285567,BBB,2014B,0.3,0.10909090909090909
285633,BBB,2013B,0.0,0.0
285637,CCC,2014J,0.05,0.16666666666666666
285705,GGG,2013J,0.2,0.2
285912,BBB,2013B,0.0,0.0
285934,EEE,2014J,0.45,0.28125
285996,FFF,2013B,0.4,0.18181818181818182
286067,FFF,2013B,0.05,0.1
286160,GGG,2013J,0.1,0.06666666666666667
286262,EEE,2014J,0.1,0.1
286338,BBB,2014J,0.0,0.0
286402,BBB,2013J,0.25,0.11627906976744186
286422,FFF,2013B,0.15,0.058823529411764705
286488,AAA,2013J,0.1,0.05555555555555555
286527,EEE,2013J,0.0,0.0
286527,EEE,2014J,0.15,0.3333333333333333
286658,CCC,2014J,0.35,0.14285714285714285
286690,BBB,2013J,0.0,0.0
286762,GGG,2013J,0.1,0.06060606060606061
286778,FFF,2014J,0.25,0.08064516129032258
286842,DDD,2013J,0.0,0.0
286914,BBB,2014B,0.15,0.075
286947,BBB,2014J,0.05,0.04
287040,AAA,2014J,0.35,0.15555555555555556
287079,FFF,2014J,0.0,0.0
287099,FFF,2013B,0.15,0.058823529411764705
287107,BBB,2013J,0.0,0.0
287204,AAA,2014J,0.25,0.13513513513513514
287210,AAA,2014J,0.3,0.3
287258,FFF,2014J,0.05,0.010309278350515464
287309,BBB,2013J,0.05,0.043478260869565216
287432,DDD,2013B,0.15,0.03896103896103896
287548,AAA,2013J,0.1,0.08695652173913043
287679,BBB,2013J,0.1,0.1111111111111111
287783,DDD,2013J,0.15,0.06521739130434782
288086,BBB,2014J,0.05,0.038461538461538464
288282,EEE,2013J,0.15,0.13043478260869565
288967,BBB,2014B,0.05,0.05263157894736842
289009,CCC,2014B,0.0,0.0
289009,DDD,2013J,0.1,0.07142857142857142
289108,BBB,2014B,0.15,0.061224489795918366
289221,FFF,2013J,0.2,0.03125
289247,FFF,2014J,0.05,0.017857142857142856
289304,FFF,2013J,0.15,0.02702702702702703
289397,EEE,2014B,0.0,0.0
289449,AAA,2014J,0.25,0.16666666666666666
289564,DDD,2013B,0.05,0.037037037037037035
290043,DDD,2013B,0.0,0.0
290089,BBB,2013J,0.0,0.0
290164,AAA,2014J,0.35,0.16279069767441862
290184,BBB,2014J,0.2,0.2222222222222222
290201,AAA,2013J,0.15,0.10344827586206896
290382,EEE,2013J,0.1,0.058823529411764705
290521,FFF,2013J,0.2,0.05555555555555555
290550,BBB,2013B,0.05,0.07142857142857142
290658,GGG,2013J,0.15,0.23076923076923078
290757,AAA,2013J,0.05,0.05555555555555555
290854,GGG,2014J,0.25,0.2631578947368421
290914,BBB,2014B,0.1,0.09090909090909091
291005,DDD,2014B,0.0,0.0
291037,BBB,2013B,0.05,0.043478260869565216
291133,DDD,2013B,0.3,0.0821917808219178
291156,CCC,2014J,0.05,0.3333333333333333
291159,FFF,2013B,0.15,0.07142857142857142
291194,BBB,2013B,0.05,0.047619047619047616
291237,FFF,2013J,0.2,0.058823529411764705
291334,AAA,2013J,0.05,0.02631578947368421
291516,FFF,2013J,0.05,0.0625
291544,BBB,2013J,0.15,0.12
291674,CCC,2014J,0.05,0.047619047619047616
291674,EEE,2014B,0.1,0.08695652173913043
291745,FFF,2013J,0.5,0.06329113924050633
291805,CCC,2014B,0.4,0.1568627450980392
291844,BBB,2014B,0.2,0.15384615384615385
291960,FFF,2013B,0.3,0.07058823529411765
292136,GGG,2013J,0.25,0.20833333333333334
292525,AAA,2014J,0.15,0.11538461538461539
292537,BBB,2013J,0.0,0.0
292694,DDD,2013J,0.0,0.0
292775,AAA,2014J,0.3,0.2
293162,CCC,2014J,0.35,0.12280701754385964
293317,FFF,2013J,0.15,0.23076923076923078
293387,BBB,2014J,0.1,0.0625
293454,FFF,2014B,0.05,0.047619047619047616
293686,CCC,2014J,0.55,0.14285714285714285
293686,EEE,2014B,0.15,0.11538461538461539
293699,AAA,2013J,0.1,0.08333333333333333
293712,BBB,2013J,0.0,0.0
293754,BBB,2013J,0.05,0.043478260869565216
293760,BBB,2013J,0.0,0.0
293824,AAA,2014J,0.35,0.25925925925925924
293853,DDD,2013J,0.0,0.0
293992,BBB,2014B,0.1,0.18181818181818182
294112,CCC,2014J,0.0,0.0
294112,FFF,2014J,0.05,0.03571428571428571
294134,BBB,2014J,0.05,0.030303030303030304
294219,FFF,2014J,0.2,0.0547945205479452
294364,DDD,2013J,0.1,0.0425531914893617
294381,BBB,2013B,0.05,0.5
294496,AAA,2014J,0.05,0.045454545454545456
294513,BBB,2014B,0.0,0.0
294570,AAA,2013J,0.05,0.025
294594,AAA,2013J,0.2,0.16666666666666666
294655,AAA,2014J,0.3,0.17647058823529413
294929,FFF,2014J,0.15,0.09090909090909091
294961,BBB,2013B,0.0,0.0
295060,AAA,2014J,0.05,0.06666666666666667
295075,AAA,2014J,0.2,0.11764705882352941
295118,DDD,2014J,0.5,0.11764705882352941
295255,FFF,2013J,0.15,0.04225352112676056
295728,BBB,2014B,0.0,0.0
295741,AAA,2013J,0.05,0.06666666666666667
295741,FFF,2014B,0.1,0.05
295754,BBB,2013B,0.0,0.0
295893,CCC,2014B,0.0,0.0
296138,DDD,2014J,0.05,0.034482758620689655
296222,EEE,2014J,0.15,0.10344827586206896
296232,BBB,2014B,0.05,0.14285714285714285
296332,AAA,2013J,0.0,0.0
296411,CCC,2014B,0.15,0.09375
296424,AAA,2014J,0.15,0.125
296725,CCC,2014J,0.0,0.0
296904,FFF,2014B,0.1,0.0425531914893617
296993,GGG,2013J,0.05,0.043478260869565216
297014,FFF,2014B,0.2,0.06557377049180328
297166,CCC,2014J,0.15,0.0967741935483871
297179,BBB,2014J,0.0,0.0
297218,FFF,2014J,0.2,0.058823529411764705
297341,FFF,2014J,0.2,0.0784313725490196
297484,BBB,2013B,0.1,0.09090909090909091
297685,BBB,2014J,0.35,0.1590909090909091
297853,EEE,2013J,0.25,0.1724137931034483
297990,GGG,2013J,0.05,0.08333333333333333
298034,AAA,2014J,0.2,0.1111111111111111
298040,CCC,2014B,0.0,0.0
298040,DDD,2013B,0.25,0.07575757575757576
298148,EEE,2014J,0.35,0.20588235294117646
298186,GGG,2013J,0.1,0.15384615384615385
298187,BBB,2014J,0.05,0.03333333333333333
298303,BBB,2014J,0.05,0.05
298322,BBB,2013B,0.0,0.0
298402,DDD,2013J,0.2,0.07142857142857142
298476,BBB,2013B,0.05,0.05263157894736842
298497,DDD,2013B,0.05,0.02564102564102564
298696,AAA,2013J,0.2,0.23529411764705882
298777,DDD,2014J,0.0,0.0
298838,AAA,2014J,0.1,0.06060606060606061
298961,BBB,2014J,0.0,0.0
299237,FFF,2013B,0.1,0.03773584905660377
299281,FFF,2013J,0.2,0.046511627906976744
299473,DDD,2013J,0.15,0.045454545454545456
299707,EEE,2014J,0.35,0.2413793103448276
299886,FFF,2013J,0.0,0.0
299949,DDD,2014B,0.1,0.05263157894736842
300057,DDD,2014J,0.0,0.0
300059,CCC,2014B,0.05,0.043478260869565216
300264,FFF,2013B,0.15,0.08333333333333333
300398,AAA,2013J,0.1,0.1
300508,GGG,2013J,0.2,0.13793103448275862
300592,DDD,2014B,0.0,0.0
300592,EEE,2013J,0.0,0.0
300611,CCC,2014B,0.0,0.0
300611,CCC,2014J,0.1,0.08695652173913043
300819,BBB,2014J,0.1,0.06451612903225806
301074,FFF,2014J,0.3,0.0967741935483871
301232,CCC,2014B,0.0,0.0
301298,FFF,2013B,0.0,0.0
301498,GGG,2014B,0.05,0.05
301561,FFF,2014J,0.0,0.0
301967,AAA,2014J,0.1,0.2222222222222222
301987,BBB,2013J,0.1,0.10526315789473684
302145,GGG,2014J,0.2,0.14814814814814814
302302,AAA,2013J,0.1,0.15384615384615385
302476,AAA,2014J,0.05,0.037037037037037035
302522,GGG,2014J,0.15,0.3
302566,FFF,2013J,0.05,0.3333333333333333
302924,FFF,2013B,0.05,0.015151515151515152
303141,DDD,2014J,0.25,0.060240963855421686
303165,BBB,2014J,0.15,0.075
303165,GGG,2013J,0.05,0.05
303218,CCC,2014J,0.25,0.1282051282051282
303288,FFF,2013B,0.05,0.1111111111111111
303331,BBB,2013J,0.0,0.0
303521,AAA,2014J,0.45,0.13846153846153847
303582,DDD,2013J,0.0,0.0
303595,FFF,2013B,0.3,0.06382978723404255
303617,BBB,2013J,0.0,0.0
303617,BBB,2014J,0.0,0.0
303985,AAA,2014J,0.15,0.25
304240,FFF,2013J,0.2,0.0851063829787234
304465,AAA,2014J,0.55,0.2682926829268293
304589,FFF,2013J,0.2,0.032
304607,BBB,2014B,0.0,0.0
304734,DDD,2013B,0.1,0.10526315789473684
304893,DDD,2013B,0.0,0.0
305036,EEE,2013J,0.0,0.0
305064,FFF,2014J,0.1,0.031746031746031744
305152,AAA,2013J,0.05,0.25
305373,BBB,2014B,0.1,0.2
305386,AAA,2013J,0.05,0.034482758620689655
305659,FFF,2014J,0.1,0.038461538461538464
305702,DDD,2013B,0.05,0.16666666666666666
305702,DDD,2013J,0.0,0.0
305783,EEE,2013J,0.05,0.041666666666666664
305792,GGG,2014B,0.4,0.25
305858,FFF,2013J,0.05,0.02564102564102564
305876,CCC,2014B,0.0,0.0
305876,FFF,2014B,0.15,0.07317073170731707
305909,BBB,2014J,0.0,0.0
305918,FFF,2014B,0.1,0.06896551724137931
306107,AAA,2013J,0.05,0.03571428571428571
306150,EEE,2013J,0.3,0.21428571428571427
306202,CCC,2014J,0.1,0.10526315789473684
306466,AAA,2013J,0.0,0.0
306478,BBB,2014J,0.1,0.09090909090909091
306610,GGG,2013J,0.15,0.09090909090909091
306646,AAA,2014J,0.05,0.1111111111111111
306886,BBB,2013B,0.05,0.14285714285714285
306897,AAA,2013J,0.0,0.0
306944,DDD,2014B,0.0,0.0
306964,BBB,2013J,0.1,0.09523809523809523
307061,AAA,2013J,0.15,0.08823529411764706
307116,DDD,2014J,0.0,0.0
307245,FFF,2013J,0.05,0.03333333333333333
307290,DDD,2013B,0.1,0.08
307386,BBB,2014B,0.0,0.0
307676,FFF,2013J,0.05,0.05555555555555555
307689,FFF,2013B,0.2,0.07407407407407407
307866,AAA,2013J,0.05,0.041666666666666664
307953,EEE,2014J,0.35,0.25
308363,FFF,2013B,0.2,0.05970149253731343
308589,DDD,2013B,0.0,0.0
308707,DDD,2013J,0.0,0.0
308767,DDD,2013B,0.0,0.0
308775,BBB,2014J,0.15,0.09375
308807,GGG,2014J,0.3,0.2727272727272727
308918,CCC,2014B,0.05,0.2
308953,CCC,2014J,0.0,0.0
309118,CCC,2014B,0.45,0.16363636363636364
309142,AAA,2014J,0.05,0.043478260869565216
309175,BBB,2013B,0.05,0.25
309580,DDD,2013B,0.2,0.0547945205479452
309709,BBB,2013B,0.05,0.2
309734,BBB,2013B,0.3,0.17647058823529413
309756,DDD,2014B,0.0,0.0
309893,FFF,2013J,0.05,0.011111111111111112
310088,CCC,2014B,0.05,0.1
310125,BBB,2013J,0.0,0.0
310205,FFF,2014J,0.15,0.06
310280,CCC,2014J,0.2,0.13793103448275862
310412,AAA,2014J,0.25,0.19230769230769232
310646,FFF,2013J,0.25,0.05
310765,CCC,2014J,0.05,0.06666666666666667
310933,BBB,2013J,0.0,0.0
310968,EEE,2014J,0.25,0.18518518518518517
311117,DDD,2013J,0.0,0.0
311158,GGG,2013J,0.35,0.23333333333333334
311235,AAA,2014J,0.25,0.22727272727272727
311332,CCC,2014J,0.1,0.25
311599,BBB,2014B,0.05,0.043478260869565216
311616,CCC,2014B,0.1,0.04878048780487805
311845,EEE,2013J,0.35,0.2413793103448276
311862,CCC,2014J,0.05,0.1111111111111111
311877,DDD,2013J,0.05,0.05263157894736842
311889,BBB,2014B,0.0,0.0
311917,AAA,2013J,0.0,0.0
312061,CCC,2014J,0.2,0.125
312231,FFF,2014J,0.0,0.0
312537,AAA,2013J,0.1,0.04878048780487805
312760,FFF,2013J,0.05,0.023809523809523808
312761,DDD,2014B,0.1,0.07407407407407407
312782,AAA,2013J,0.0,0.0
312960,FFF,2014J,0.0,0.0
313206,FFF,2013J,0.0,0.0
313243,FFF,2014B,0.2,0.04395604395604396
313246,BBB,2014B,0.2,0.3333333333333333
313501,EEE,2013J,0.4,0.22857142857142856
313561,DDD,2014J,0.45,0.11842105263157894
313700,FFF,2013J,0.2,0.11428571428571428
313756,FFF,2014B,0.15,0.03896103896103896
313810,BBB,2013B,0.25,0.08196721311475409
313925,GGG,2014J,0.55,0.34375
313937,AAA,2014J,0.35,0.18421052631578946
313975,FFF,2013B,0.3,0.06593406593406594
314252,BBB,2014J,0.0,0.0
314507,FFF,2013B,0.1,0.05555555555555555
314548,FFF,2013B,0.1,0.047619047619047616
314675,BBB,2014J,0.0,0.0
314776,FFF,2013J,0.25,0.07936507936507936
314801,BBB,2014J,0.0,0.0
314956,CCC,2014J,0.0,0.0
314956,DDD,2013J,0.0,0.0
315025,FFF,2014B,0.25,0.06493506493506493
315076,AAA,2014J,0.25,0.14285714285714285
315105,BBB,2013J,0.1,0.043478260869565216
315186,BBB,2013B,0.15,0.0967741935483871
315322,CCC,2014B,0.0,0.0
315625,DDD,2013J,0.05,0.037037037037037035
315728,CCC,2014B,0.15,0.08823529411764706
315730,DDD,2013J,0.2,0.06060606060606061
315744,AAA,2014J,0.3,0.25
315795,FFF,2014J,0.0,0.0
315808,FFF,2013J,0.2,0.05128205128205128
315850,FFF,2014B,0.3,0.05555555555555555
315909,DDD,2013J,0.0,0.0
315945,FFF,2013B,0.35,0.08974358974358974
316076,BBB,2013J,0.0,0.0
316082,FFF,2014J,0.05,0.019230769230769232
316091,CCC,2014J,0.0,0.0
316098,FFF,2013J,0.15,0.03296703296703297
316227,CCC,2014B,0.35,0.125
316289,DDD,2013B,0.1,0.04081632653061224
316327,FFF,2014B,0.0,0.0
316541,FFF,2013J,0.1,0.02702702702702703
316772,FFF,2014B,0.0,0.0
316841,BBB,2013B,0.15,0.14285714285714285
317096,DDD,2013J,0.3,0.09836065573770492
317394,FFF,2014B,0.0,0.0
317399,GGG,2014J,0.0,0.0
317801,CCC,2014J,0.1,0.06666666666666667
317801,DDD,2014B,0.0,0.0
318056,BBB,2013B,0.0,0.0
318068,FFF,2014B,0.15,0.04477611940298507
318147,FFF,2014J,0.3,0.06451612903225806
318241,FFF,2013B,0.15,0.15
318500,BBB,2014B,0.0,0.0
318627,FFF,2013J,0.2,0.046511627906976744
318769,EEE,2014J,0.45,0.25
318794,DDD,2013J,0.15,0.0625
318848,BBB,2013J,0.0,0.0
318876,BBB,2014B,0.1,0.11764705882352941
318919,DDD,2014J,0.1,0.06060606060606061
318933,AAA,2013J,0.0,0.0
319042,CCC,2014B,0.0,0.0
319042,FFF,2014B,0.25,0.07462686567164178
319047,AAA,2013J,0.2,0.07272727272727272
319073,FFF,2014J,0.2,0.06349206349206349
319209,BBB,2013B,0.0,0.0
319331,GGG,2013J,0.3,0.25
319563,FFF,2013B,0.1,0.045454545454545456
319578,FFF,2013J,0.0,0.0
319606,BBB,2014B,0.0,0.0
319618,BBB,2013J,0.05,0.05263157894736842
319884,FFF,2013B,0.05,0.013333333333333334
320014,DDD,2013B,0.05,0.015151515151515152
320051,BBB,2013J,0.0,0.0
320133,FFF,2014J,0.15,0.024793388429752067
320251,FFF,2013B,0.05,0.03125
320363,BBB,2014B,0.1,0.25
320437,FFF,2013J,0.1,0.08
320612,FFF,2014J,0.3,0.075
320757,BBB,2013J,0.1,0.1111111111111111
320963,DDD,2013J,0.0,0.0
321096,FFF,2014B,0.05,0.03225806451612903
321121,BBB,2014B,0.0,0.0
321346,BBB,2014B,0.0,0.0
321450,BBB,2014J,0.0,0.0
321525,DDD,2013B,0.0,0.0
321744,DDD,2013B,0.05,0.3333333333333333
321810,DDD,2014B,0.0,0.0
321942,AAA,2013J,0.0,0.0
321952,DDD,2014J,0.05,0.04
321969,FFF,2013J,0.0,0.0
322106,FFF,2013B,0.1,0.2222222222222222
322137,DDD,2014J,0.25,0.08771929824561403
322184,BBB,2014J,0.1,0.09523809523809523
322509,BBB,2014B,0.05,0.05
322641,CCC,2014J,0.05,0.034482758620689655
322641,EEE,2014J,0.0,0.0
322844,CCC,2014J,0.0,0.0
322907,CCC,2014J,0.05,0.25
322985,FFF,2013B,0.35,0.08333333333333333
323090,BBB,2013J,0.05,0.1
323146,DDD,2013B,0.0,0.0
323370,AAA,2014J,0.3,0.09836065573770492
323480,FFF,2013J,0.05,0.02631578947368421
323606,BBB,2013J,0.0,0.0
323659,DDD,2014B,0.0,0.0
323680,DDD,2014J,0.25,0.078125
323809,FFF,2013B,0.2,0.0380952380952381
323940,GGG,2014J,0.15,0.16666666666666666
323984,FFF,2013J,0.05,0.019230769230769232
324002,AAA,2013J,0.0,0.0
324084,AAA,2013J,0.1,0.047619047619047616
324095,GGG,2013J,0.15,0.09375
324236,BBB,2013B,0.0,0.0
324257,CCC,2014B,0.0,0.0
324257,EEE,2014B,0.0,0.0
324282,AAA,2013J,0.0,0.0
324331,FFF,2013J,0.0,0.0
324332,EEE,2013J,0.2,0.15384615384615385
324338,CCC,2014J,0.0,0.0
324338,DDD,2014J,0.05,0.07142857142857142
324447,FFF,2013B,0.15,0.057692307692307696
324672,FFF,2013J,0.05,0.014084507042253521
324691,DDD,2013B,0.25,0.09615384615384616
324773,GGG,2014B,0.3,0.4
324907,BBB,2014B,0.15,0.23076923076923078
324948,FFF,2014B,0.1,0.09090909090909091
325044,DDD,2014B,0.35,0.11475409836065574
325080,BBB,2014B,0.05,0.03571428571428571
325089,FFF,2014B,0.1,0.046511627906976744
325308,BBB,2014B,0.0,0.0
325497,CCC,2014B,0.0,0.0
325497,DDD,2013J,0.05,0.027777777777777776
325511,BBB,2013B,0.1,0.2222222222222222
325566,DDD,2014B,0.05,0.07142857142857142
325750,FFF,2013J,0.2,0.09302325581395349
325879,BBB,2013B,0.0,0.0
325887,BBB,2013J,0.0,0.0
327003,BBB,2014B,0.05,0.038461538461538464
327024,DDD,2013B,0.2,0.07547169811320754
327057,CCC,2014J,0.1,0.08
327449,DDD,2014B,0.0,0.0
327616,FFF,2014B,0.05,0.041666666666666664
327641,BBB,2014B,0.05,0.14285714285714285
327650,FFF,2013B,0.3,0.08108108108108109
328024,AAA,2014J,0.25,0.2
328123,CCC,2014J,0.0,0.0
328123,DDD,2014B,0.0,0.0
328173,DDD,2013J,0.1,0.10526315789473684
328241,DDD,2014J,0.05,0.023809523809523808
328476,FFF,2013B,0.15,0.058823529411764705
328797,FFF,2014J,0.05,0.02857142857142857
328844,EEE,2013J,0.2,0.13793103448275862
328942,EEE,2013J,0.3,0.21428571428571427
329030,BBB,2013J,0.0,0.0
329192,BBB,2013J,0.0,0.0
329226,BBB,2013B,0.0,0.0
329321,BBB,2013B,0.0,0.0
329455,EEE,2014B,0.2,0.14285714285714285
329659,AAA,2014J,0.05,0.14285714285714285
329673,CCC,2014B,0.4,0.14545454545454545
329673,EEE,2013J,0.1,0.07142857142857142
329689,DDD,2013B,0.1,0.10526315789473684
329800,BBB,2013B,0.1,0.06896551724137931
329895,FFF,2014B,0.0,0.0
329895,FFF,2014J,0.05,0.02857142857142857
329967,DDD,2013B,0.0,0.0
330067,DDD,2013B,0.05,0.034482758620689655
330177,GGG,2013J,0.3,0.15789473684210525
330192,FFF,2013J,0.1,0.023255813953488372
330347,FFF,2013J,0.15,0.14285714285714285
330453,CCC,2014J,0.0,0.0
330530,EEE,2013J,0.0,0.0
330594,AAA,2014J,0.15,0.1875
330682,GGG,2014J,0.4,0.34782608695652173
330723,FFF,2013J,0.05,0.16666666666666666
330862,CCC,2014B,0.05,0.06666666666666667
330917,BBB,2014J,0.15,0.09090909090909091
330966,CCC,2014J,0.1,0.14285714285714285
331039,FFF,2013J,0.1,0.0625
331107,FFF,2014B,0.3,0.15
331156,BBB,2014B,0.05,0.25
331232,DDD,2013B,0.25,0.08333333333333333
331315,DDD,2013J,0.2,0.04819277108433735
331318,FFF,2013B,0.15,0.022900763358778626
331354,BBB,2013B,0.05,0.3333333333333333
331358,AAA,2014J,0.5,0.14084507042253522
331404,DDD,2013J,0.2,0.08333333333333333
331417,FFF,2013J,0.45,0.0891089108910891
331789,FFF,2014J,0.2,0.0392156862745098
331844,BBB,2013B,0.1,0.05263157894736842
331883,FFF,2013B,0.2,0.04819277108433735
332309,DDD,2013J,0.0,0.0
332436,CCC,2014J,0.1,0.037037037037037035
332436,DDD,2013J,0.1,0.03225806451612903
332715,GGG,2013J,0.15,0.1111111111111111
332726,DDD,2013J,0.15,0.10714285714285714
332789,AAA,2013J,0.2,0.13333333333333333
332884,AAA,2014J,0.2,0.09090909090909091
332945,EEE,2014J,0.4,0.24242424242424243
333059,AAA,2013J,0.1,0.07407407407407407
333308,DDD,2014B,0.05,0.02564102564102564
333323,AAA,2013J,0.05,0.045454545454545456
333493,EEE,2013J,0.3,0.1935483870967742
333637,EEE,2014J,0.1,0.14285714285714285
333651,BBB,2013J,0.0,0.0
333710,FFF,2013J,0.0,0.0
333832,FFF,2013B,0.4,0.25
333856,DDD,2013B,0.15,0.05172413793103448
333976,EEE,2014J,0.1,0.1
333993,FFF,2014J,0.15,0.0410958904109589
334023,BBB,2014B,0.0,0.0
334048,DDD,2014J,0.3,0.0821917808219178
334134,FFF,2013B,0.05,0.025
334154,CCC,2014J,0.0,0.0
334154,EEE,2013J,0.05,0.045454545454545456
334224,FFF,2013B,0.05,0.0125
334224,FFF,2014J,0.0,0.0
334225,CCC,2014J,0.1,0.06896551724137931
334255,DDD,2013J,0.15,0.05555555555555555
334257,DDD,2013J,0.15,0.05555555555555555
334259,AAA,2013J,0.0,0.0
334291,BBB,2013B,0.0,0.0
334441,AAA,2014J,0.0,0.0
334476,FFF,2013J,0.1,0.043478260869565216
334565,BBB,2014B,0.05,0.05263157894736842
334581,DDD,2014J,0.1,0.03508771929824561
334973,DDD,2014J,0.2,0.057971014492753624
334981,BBB,2014B,0.1,0.11764705882352941
335018,DDD,2013J,0.05,0.05555555555555555
335018,DDD,2014J,0.0,0.0
335020,DDD,2013B,0.3,0.058823529411764705
335035,BBB,2014J,0.1,0.05263157894736842
335095,FFF,2014J,0.05,0.021739130434782608
335136,BBB,2013J,0.0,0.0
335242,FFF,2013B,0.25,0.05952380952380952
335247,AAA,2014J,0.0,0.0
335355,EEE,2014B,0.05,0.1111111111111111
335405,CCC,2014J,0.05,0.030303030303030304
335405,DDD,2013J,0.05,0.0136986301369863
335421,BBB,2013B,0.0,0.0
335476,FFF,2013J,0.05,0.021739130434782608
335562,FFF,2013J,0.05,0.012048192771084338
335582,FFF,2013J,0.2,0.05128205128205128
335644,FFF,2013J,0.15,0.05
335726,FFF,2013J,0.05,0.038461538461538464
335764,AAA,2013J,0.05,0.0625
335764,AAA,2014J,0.15,0.10344827586206896
335910,BBB,2013B,0.0,0.0
336014,CCC,2014J,0.1,0.2857142857142857
336014,EEE,2014J,0.1,0.3333333333333333
336037,DDD,2013J,0.1,0.05405405405405406
336112,DDD,2013B,0.0,0.0
336131,CCC,2014J,0.2,0.07142857142857142
336207,AAA,2013J,0.2,0.16
336213,DDD,2014J,0.05,0.025
336218,DDD,2014J,0.0,0.0
336258,FFF,2013B,0.15,0.07894736842105263
336356,BBB,2014B,0.0,0.0
336362,FFF,2013B,0.05,0.0625
336398,CCC,2014B,0.3,0.13043478260869565
336402,EEE,2013J,0.4,0.3333333333333333
336478,BBB,2013J,0.1,0.09523809523809523
336684,DDD,2013B,0.1,0.04081632653061224
336695,CCC,2014J,0.1,0.058823529411764705
336696,DDD,2013B,0.1,0.06896551724137931
336772,CCC,2014J,0.6,0.23076923076923078
337000,FFF,2014J,0.1,0.024691358024691357
337151,BBB,2013J,0.0,0.0
337189,FFF,2013B,0.15,0.030927835051546393
337359,DDD,2014J,0.25,0.09259259259259259
337414,DDD,2013B,0.05,0.037037037037037035
337615,FFF,2014B,0.05,0.25
338034,DDD,2013J,0.2,0.08695652173913043
338056,BBB,2013B,0.0,0.0
338076,DDD,2013B,0.05,0.041666666666666664
338113,GGG,2014J,0.5,0.35714285714285715
338168,BBB,2014B,0.05,0.1
338407,AAA,2014J,0.05,0.125
338536,FFF,2013J,0.1,0.044444444444444446
338554,BBB,2014J,0.1,0.09090909090909091
338604,CCC,2014B,0.0,0.0
338689,FFF,2014J,0.45,0.07086614173228346
338704,DDD,2014J,0.05,0.02857142857142857
338731,CCC,2014B,0.15,0.0967741935483871
338731,CCC,2014J,0.05,0.021739130434782608
338741,BBB,2013J,0.0,0.0
338806,FFF,2013J,0.05,0.04
338806,FFF,2014J,0.0,0.0
338854,EEE,2014B,0.35,0.35
338861,BBB,2013B,0.0,0.0
338894,EEE,2013J,0.2,0.2857142857142857
338958,FFF,2014B,0.1,0.07692307692307693
338975,FFF,2013J,0.0,0.0
339235,CCC,2014J,0.0,0.0
339379,BBB,2013B,0.0,0.0
339381,BBB,2014B,0.1,0.06666666666666667
339481,DDD,2013B,0.0,0.0
339494,BBB,2013J,0.1,0.1111111111111111
339513,DDD,2014B,0.15,0.05
339519,FFF,2014J,0.2,0.024390243902439025
339608,BBB,2013J,0.1,0.25
339640,EEE,2013J,0.25,0.15625
339645,GGG,2014J,0.3,0.18181818181818182
339727,GGG,2013J,0.15,0.13043478260869565
339728,FFF,2014B,0.15,0.046153846153846156
339739,DDD,2013J,0.15,0.07317073170731707
339785,EEE,2013J,0.35,0.2413793103448276
339824,CCC,2014J,0.05,0.07692307692307693
339824,FFF,2014B,0.2,0.07692307692307693
339853,DDD,2014J,0.25,0.06756756756756757
339853,GGG,2013J,0.0,0.0
339855,FFF,2014B,0.0,0.0
339924,DDD,2013J,0.0,0.0
339946,BBB,2013B,0.0,0.0
339972,AAA,2013J,0.1,0.16666666666666666
340010,CCC,2014J,0.1,0.06896551724137931
340216,BBB,2014J,0.1,0.05405405405405406
340242,GGG,2014J,0.35,0.3333333333333333
340486,GGG,2013J,0.15,0.09375
340496,FFF,2013B,0.05,0.02
340627,DDD,2014J,0.05,0.027777777777777776
340647,FFF,2013J,0.15,0.036585365853658534
340831,BBB,2013B,0.0,0.0
340831,BBB,2014B,0.0,0.0
340911,BBB,2013J,0.0,0.0
340965,BBB,2013J,0.05,0.045454545454545456
341010,EEE,2014J,0.2,0.15384615384615385
341044,FFF,2014B,0.05,0.06666666666666667
341093,FFF,2014J,0.0,0.0
341096,FFF,2013J,0.1,0.027777777777777776
341361,FFF,2013J,0.2,0.041237113402061855
341457,FFF,2014J,0.05,0.058823529411764705
341470,FFF,2013J,0.25,0.07462686567164178
341509,BBB,2013B,0.0,0.0
341611,BBB,2014J,0.05,0.125
341629,FFF,2014J,0.15,0.047619047619047616
341839,FFF,2013J,0.0,0.0
341854,DDD,2013J,0.1,0.06896551724137931
341855,DDD,2013J,0.0,0.0
341855,DDD,2014J,0.0,0.0
341872,AAA,2013J,0.05,0.06666666666666667
341921,DDD,2014J,0.0,0.0
342007,AAA,2014J,0.2,0.08888888888888889
342017,BBB,2014B,0.0,0.0
342100,DDD,2013J,0.2,0.05063291139240506
342125,FFF,2014B,0.15,0.043478260869565216
342155,FFF,2013J,0.2,0.0449438202247191
342192,BBB,2014J,0.15,0.16666666666666666
342234,FFF,2014B,0.1,0.028985507246376812
342387,DDD,2013J,0.15,0.06818181818181818
342475,FFF,2013B,0.25,0.05813953488372093
342483,DDD,2013J,0.05,0.09090909090909091
342514,AAA,2013J,0.1,0.06896551724137931
342685,BBB,2013J,0.15,0.12
342799,CCC,2014J,0.0,0.0
342946,GGG,2014J,0.1,0.25
342949,DDD,2013J,0.0,0.0
342953,FFF,2013J,0.1,0.046511627906976744
342957,CCC,2014B,0.05,0.0625
342957,EEE,2014B,0.0,0.0
342962,EEE,2013J,0.4,0.25806451612903225
342972,AAA,2013J,0.0,0.0
342974,CCC,2014B,0.0,0.0
343138,BBB,2014J,0.15,0.2
343238,DDD,2013J,0.05,0.027777777777777776
343419,FFF,2013J,0.0,0.0
343446,AAA,2013J,0.05,0.027777777777777776
343543,EEE,2013J,0.3,0.21428571428571427
343655,GGG,2014J,0.15,0.08823529411764706
343709,FFF,2014J,0.0,0.0
343781,DDD,2013J,0.1,0.024096385542168676
343828,FFF,2013J,0.3,0.061855670103092786
343911,DDD,2013J,0.25,0.07352941176470588
344098,GGG,2014B,0.25,0.21739130434782608
344282,AAA,2013J,0.0,0.0
344367,CCC,2014B,0.0,0.0
344367,DDD,2013B,0.0,0.0
344409,FFF,2014B,0.15,0.04838709677419355
344451,FFF,2014B,0.0,0.0
344474,DDD,2013B,0.05,0.01818181818181818
344474,DDD,2013J,0.05,0.058823529411764705
344568,BBB,2013J,0.1,0.06451612903225806
344676,EEE,2013J,0.3,0.23076923076923078
344740,EEE,2014J,0.1,0.07142857142857142
344787,FFF,2013J,0.25,0.052083333333333336
344873,DDD,2013B,0.15,0.04411764705882353
345064,FFF,2013B,0.3,0.08333333333333333
345068,AAA,2013J,0.1,0.07142857142857142
345128,BBB,2013J,0.0,0.0
345256,CCC,2014B,0.05,0.015625
345256,EEE,2014J,0.35,0.21875
345257,DDD,2013B,0.0,0.0
345271,FFF,2014J,0.0,0.0
345288,EEE,2014J,0.35,0.18421052631578946
345313,DDD,2013B,0.05,0.03571428571428571
345357,AAA,2013J,0.1,0.05
345440,AAA,2014J,0.15,0.3
345442,FFF,2014B,0.0,0.0
345519,AAA,2014J,0.2,0.13793103448275862
345568,DDD,2013B,0.05,0.5
345881,GGG,2014B,0.4,0.27586206896551724
346025,AAA,2013J,0.05,0.07142857142857142
346093,EEE,2014J,0.35,0.23333333333333334
346118,AAA,2014J,0.05,0.08333333333333333
346207,FFF,2013B,0.2,0.03508771929824561
346333,DDD,2013J,0.2,0.0547945205479452
346853,FFF,2013B,0.05,0.07142857142857142
347197,FFF,2014J,0.2,0.06779661016949153
347484,FFF,2013J,0.0,0.0
347518,EEE,2013J,0.25,0.18518518518518517
347809,CCC,2014J,0.15,0.075
347809,FFF,2013J,0.05,0.01639344262295082
347864,BBB,2014B,0.0,0.0
348050,CCC,2014B,0.05,0.16666666666666666
348050,DDD,2013J,0.05,0.041666666666666664
348108,FFF,2014J,0.1,0.022727272727272728
348159,CCC,2014B,0.1,0.05555555555555555
348159,FFF,2013B,0.05,0.01818181818181818
348275,AAA,2014J,0.0,0.0
348288,EEE,2014J,0.4,0.36363636363636365
348324,FFF,2014J,0.05,0.02
348351,EEE,2013J,0.0,0.0
348579,GGG,2013J,0.3,0.20689655172413793
348655,EEE,2013J,0.05,0.1111111111111111
348717,FFF,2013J,0.3,0.06818181818181818
348771,BBB,2014B,0.2,0.08888888888888889
348783,CCC,2014J,0.0,0.0
348783,FFF,2013J,0.1,0.029411764705882353
348790,DDD,2013B,0.05,0.25
348807,AAA,2014J,0.15,0.3
348837,GGG,2014J,0.4,0.2857142857142857
348855,CCC,2014J,0.1,0.08
348855,FFF,2014B,0.05,0.010869565217391304
348986,FFF,2013B,0.1,0.03125
349093,CCC,2014J,0.35,0.1206896551724138
349182,DDD,2013J,0.15,0.2
349219,FFF,2013J,0.0,0.0
349360,GGG,2013J,0.2,0.14814814814814814
349515,FFF,2014J,0.05,0.022222222222222223
349554,BBB,2013J,0.0,0.0
349675,BBB,2013J,0.0,0.0
349676,FFF,2013J,0.2,0.04938271604938271
349688,DDD,2014J,0.1,0.13333333333333333
349908,FFF,2013B,0.15,0.038461538461538464
349910,DDD,2014J,0.05,0.043478260869565216
350156,AAA,2014J,0.2,0.13793103448275862
350188,AAA,2013J,0.1,0.10526315789473684
350267,CCC,2014J,0.0,0.0
350622,BBB,2013B,0.0,0.0
350644,DDD,2013J,0.05,0.16666666666666666
350660,FFF,2013B,0.1,0.03571428571428571
350795,BBB,2013B,0.0,0.0
350797,BBB,2014J,0.05,0.034482758620689655
350929,DDD,2013J,0.05,0.02857142857142857
350939,AAA,2014J,0.25,0.23809523809523808
350944,GGG,2014J,0.3,0.23076923076923078
350949,DDD,2013J,0.0,0.0
351034,FFF,2013B,0.2,0.043478260869565216
351050,BBB,2014J,0.2,0.23529411764705882
351080,DDD,2014J,0.0,0.0
351147,FFF,2014J,0.15,0.033707865168539325
351170,FFF,2013J,0.05,0.02040816326530612
351181,FFF,2014B,0.05,0.009433962264150943
351244,DDD,2014J,0.05,0.058823529411764705
351271,BBB,2013B,0.1,0.06060606060606061
351290,BBB,2013B,0.1,0.2
351328,CCC,2014B,0.1,0.11764705882352941
351336,AAA,2014J,0.15,0.15789473684210525
351378,FFF,2013B,0.0,0.0
351500,FFF,2013B,0.0,0.0
351505,FFF,2013J,0.0,0.0
351512,DDD,2013B,0.1,0.08
351577,CCC,2014B,0.05,0.029411764705882353
351775,CCC,2014B,0.0,0.0
351775,DDD,2013B,0.15,0.08571428571428572
351903,CCC,2014J,0.0,0.0
352051,DDD,2013J,0.0,0.0
352112,BBB,2013J,0.0,0.0
352339,BBB,2013J,0.05,0.06666666666666667
352364,BBB,2013B,0.1,0.2857142857142857
352382,GGG,2013J,0.25,0.14285714285714285
352637,CCC,2014J,0.15,0.13636363636363635
352688,BBB,2013J,0.1,0.18181818181818182
352771,DDD,2013J,0.1,0.07407407407407407
353018,FFF,2013B,0.1,0.03225806451612903
353093,BBB,2013B,0.1,0.058823529411764705
353221,FFF,2013B,0.0,0.0
353368,EEE,2014B,0.1,0.2222222222222222
353665,AAA,2014J,0.05,0.058823529411764705
353790,FFF,2013J,0.1,0.08695652173913043
353804,CCC,2014B,0.05,0.05555555555555555
353953,EEE,2014B,0.15,0.23076923076923078
353979,FFF,2014B,0.0,0.0
354050,DDD,2013B,0.0,0.0
354050,DDD,2014B,0.0,0.0
354058,BBB,2013B,0.0,0.0
354170,AAA,2014J,0.05,0.06666666666666667
354171,FFF,2013B,0.3,0.07407407407407407
354173,FFF,2013B,0.0,0.0
354550,FFF,2013J,0.15,0.0967741935483871
354607,CCC,2014B,0.1,0.046511627906976744
354688,CCC,2014J,0.05,0.25
354698,FFF,2014J,0.2,0.07142857142857142
354779,BBB,2013J,0.05,0.5
354895,BBB,2013B,0.0,0.0
354984,BBB,2014B,0.0,0.0
354988,FFF,2014B,0.0,0.0
354992,FFF,2013B,0.15,0.10344827586206896
355049,EEE,2014J,0.25,0.21739130434782608
355143,CCC,2014B,0.0,0.0
355143,FFF,2013B,0.2,0.05970149253731343
355147,BBB,2014B,0.0,0.0
355293,FFF,2013J,0.2,0.17391304347826086
355293,FFF,2014J,0.0,0.0
355309,DDD,2014B,0.0,0.0
355335,FFF,2013J,0.15,0.04477611940298507
355510,DDD,2013J,0.15,0.047619047619047616
355617,EEE,2014J,0.05,0.05263157894736842
355643,BBB,2014B,0.0,0.0
355738,FFF,2013B,0.1,0.030303030303030304
355780,DDD,2014B,0.0,0.0
355935,CCC,2014J,0.0,0.0
355935,DDD,2014B,0.0,0.0
356166,DDD,2014B,0.25,0.04807692307692308
356170,AAA,2014J,0.3,0.1875
356297,CCC,2014J,0.15,0.07142857142857142
356297,DDD,2014B,0.05,0.010752688172043012
356371,FFF,2014B,0.0,0.0
356386,BBB,2014B,0.0,0.0
356523,CCC,2014B,0.05,0.09090909090909091
356523,CCC,2014J,0.15,0.07894736842105263
356561,DDD,2014J,0.0,0.0
356568,EEE,2013J,0.2,0.2857142857142857
356705,DDD,2014B,0.0,0.0
356735,EEE,2014J,0.3,0.3
357176,CCC,2014B,0.15,0.075
357219,FFF,2013B,0.05,0.015151515151515152
357297,FFF,2013B,0.15,0.047619047619047616
357576,DDD,2013B,0.0,0.0
357668,AAA,2013J,0.0,0.0
357851,FFF,2013J,0.05,0.03571428571428571
357901,BBB,2014J,0.15,0.15
357928,BBB,2013B,0.0,0.0
357942,CCC,2014B,0.1,0.2857142857142857
358001,BBB,2014J,0.15,0.15
358075,CCC,2014B,0.0,0.0
358075,CCC,2014J,0.0,0.0
358075,DDD,2013B,0.05,0.037037037037037035
358182,AAA,2014J,0.0,0.0
358204,BBB,2014J,0.0,0.0
358341,GGG,2014J,0.25,0.15625
358504,DDD,2013J,0.1,0.019801980198019802
358522,DDD,2013B,0.2,0.04819277108433735
358808,FFF,2013B,0.0,0.0
358956,BBB,2014B,0.0,0.0
358966,GGG,2014J,0.4,0.2962962962962963
359114,CCC,2014B,0.05,0.05
359149,FFF,2013J,0.0,0.0
359156,FFF,2013B,0.4,0.08080808080808081
359417,FFF,2013B,0.05,0.02564102564102564
359438,BBB,2014B,0.0,0.0
359640,FFF,2013B,0.15,0.05
359645,GGG,2014B,0.0,0.0
359855,DDD,2013J,0.0,0.0
359883,FFF,2013B,0.45,0.1
359943,DDD,2013J,0.05,0.02564102564102564
359958,CCC,2014J,0.25,0.08064516129032258
360024,FFF,2013B,0.1,0.058823529411764705
360188,BBB,2013B,0.05,0.03333333333333333
360190,BBB,2014B,0.0,0.0
360266,EEE,2014J,0.5,0.3125
360489,BBB,2013B,0.0,0.0
360492,DDD,2013B,0.25,0.07936507936507936
360683,GGG,2013J,0.15,0.125
360726,FFF,2013B,0.25,0.043478260869565216
360747,FFF,2013J,0.3,0.06315789473684211
360759,DDD,2014B,0.05,0.05555555555555555
360877,BBB,2013B,0.0,0.0
360986,FFF,2013J,0.3,0.08695652173913043
361209,DDD,2013B,0.15,0.061224489795918366
361243,DDD,2013J,0.05,0.02857142857142857
361282,DDD,2013B,0.0,0.0
361410,CCC,2014B,0.2,0.1
361411,BBB,2014J,0.2,0.13333333333333333
361603,BBB,2013B,0.05,0.1
362037,DDD,2013B,0.05,0.023255813953488372
362140,CCC,2014J,0.25,0.18518518518518517
362223,CCC,2014B,0.1,0.09090909090909091
362374,DDD,2013B,0.1,0.04
362548,CCC,2014J,0.05,0.045454545454545456
362661,FFF,2014B,0.0,0.0
362668,FFF,2013B,0.15,0.04918032786885246
362760,BBB,2013B,0.15,0.08823529411764706
363110,BBB,2014B,0.0,0.0
363122,DDD,2014B,0.05,0.043478260869565216
363213,BBB,2014J,0.05,0.07692307692307693
363396,BBB,2014B,0.3,0.2222222222222222
363401,BBB,2013B,0.0,0.0
363416,BBB,2013B,0.1,0.25
363660,BBB,2013B,0.05,0.03225806451612903
363738,FFF,2013J,0.0,0.0
363749,FFF,2013B,0.1,0.024691358024691357
363773,CCC,2014B,0.05,0.03125
363906,CCC,2014B,0.1,0.1
363939,CCC,2014B,0.05,0.038461538461538464
363939,EEE,2013J,0.1,0.07142857142857142
364066,FFF,2014J,0.25,0.05747126436781609
364073,BBB,2013J,0.05,0.05
364103,CCC,2014J,0.15,0.13043478260869565
364177,AAA,2013J,0.1,0.11764705882352941
364239,DDD,2013J,0.1,0.023809523809523808
364322,EEE,2014J,0.15,0.10714285714285714
364405,DDD,2013B,0.2,0.06060606060606061
364527,BBB,2014J,0.05,0.058823529411764705
364547,DDD,2013J,0.15,0.05555555555555555
364666,BBB,2013J,0.0,0.0
364770,DDD,2013J,0.1,0.05555555555555555
364790,FFF,2013J,0.3,0.08695652173913043
364871,BBB,2013J,0.0,0.0
364957,AAA,2014J,0.35,0.2692307692307692
364974,FFF,2013J,0.25,0.04132231404958678
365084,GGG,2014B,0.45,0.2571428571428571
365097,BBB,2014J,0.1,0.05405405405405406
365111,BBB,2014J,0.05,0.1
365169,BBB,2013J,0.1,0.08
365192,GGG,2013J,0.05,0.05
365222,EEE,2013J,0.05,0.125
365244,AAA,2013J,0.2,0.11428571428571428
365375,DDD,2014J,0.0,0.0
365397,DDD,2014B,0.0,0.0
365439,BBB,2013B,0.0,0.0
365452,BBB,2013B,0.0,0.0
365631,BBB,2013J,0.05,0.043478260869565216
365642,AAA,2013J,0.1,0.05555555555555555
365661,CCC,2014J,0.25,0.09433962264150944
365701,CCC,2014J,0.2,0.10526315789473684
365707,BBB,2013B,0.05,0.07692307692307693
365762,EEE,2013J,0.2,0.8
365764,DDD,2014B,0.05,0.1111111111111111
365782,DDD,2013B,0.25,0.05813953488372093
365860,FFF,2014B,0.1,0.03508771929824561
365893,DDD,2013J,0.0,0.0
365893,DDD,2014J,0.0,0.0
365993,CCC,2014B,0.0,0.0
366024,DDD,2013B,0.05,0.04
366140,FFF,2014J,0.35,0.0707070707070707
366164,CCC,2014J,0.05,0.1
366310,CCC,2014B,0.05,0.038461538461538464
366310,DDD,2013B,0.0,0.0
366367,CCC,2014J,0.1,0.14285714285714285
366371,GGG,2014B,0.05,0.1111111111111111
366424,EEE,2014B,0.25,0.18518518518518517
366449,DDD,2013J,0.05,0.023255813953488372
366479,BBB,2014J,0.0,0.0
366483,AAA,2013J,0.1,0.07692307692307693
366492,FFF,2013B,0.15,0.04
366524,BBB,2013J,0.1,0.13333333333333333
366771,GGG,2014B,0.2,0.26666666666666666
366873,CCC,2014J,0.05,0.2
366936,BBB,2014B,0.0,0.0
366987,DDD,2013J,0.2,0.10256410256410256
367127,DDD,2014B,0.15,0.05263157894736842
367151,FFF,2014J,0.15,0.11538461538461539
367309,DDD,2014J,0.05,0.018518518518518517
367352,CCC,2014J,0.05,0.02702702702702703
367433,BBB,2013J,0.0,0.0
367510,FFF,2013J,0.0,0.0
367510,FFF,2014B,0.0,0.0
367535,BBB,2014B,0.05,0.043478260869565216
367605,FFF,2013J,0.15,0.06
367609,BBB,2013B,0.2,0.07272727272727272
367646,DDD,2014B,0.3,0.07142857142857142
367815,CCC,2014J,0.0,0.0
367898,FFF,2014B,0.15,0.07317073170731707
368077,BBB,2013J,0.0,0.0
368106,DDD,2013J,0.0,0.0
368194,AAA,2013J,0.15,0.125
368195,DDD,2014J,0.0,0.0
368245,GGG,2013J,0.1,0.08695652173913043
368306,EEE,2014B,0.15,0.2727272727272727
368315,FFF,2013J,0.25,0.03731343283582089
368436,CCC,2014J,0.15,0.12
368436,DDD,2013J,0.0,0.0
368521,BBB,2014J,0.05,0.05555555555555555
368675,FFF,2014B,0.25,0.05813953488372093
368749,DDD,2013B,0.05,0.02127659574468085
368824,AAA,2013J,0.05,0.06666666666666667
368876,CCC,2014B,0.0,0.0
368886,FFF,2013B,0.05,0.030303030303030304
368935,FFF,2013J,0.0,0.0
368963,AAA,2013J,0.0,0.0
368969,GGG,2013J,0.25,0.15625
369119,EEE,2013J,0.1,0.18181818181818182
369208,FFF,2013J,0.0,0.0
369234,BBB,2014J,0.05,0.05555555555555555
369242,FFF,2014J,0.05,0.012987012987012988
369319,DDD,2013J,0.05,0.01818181818181818
369378,GGG,2013J,0.1,0.16666666666666666
369450,FFF,2014J,0.55,0.10576923076923077
369610,CCC,2014J,0.2,0.08333333333333333
369713,EEE,2014J,0.3,0.3
369715,BBB,2014B,0.1,0.08695652173913043
369811,FFF,2013B,0.05,0.012048192771084338
369834,AAA,2014J,0.15,0.12
369908,DDD,2013B,0.3,0.06818181818181818
369942,EEE,2014J,0.15,0.10344827586206896
369986,BBB,2013J,0.0,0.0
370008,BBB,2014B,0.0,0.0
370089,DDD,2014J,0.0,0.0
370100,DDD,2014J,0.0,0.0
370184,DDD,2014J,0.1,0.15384615384615385
370274,DDD,2014J,0.2,0.06779661016949153
370302,BBB,2013B,0.0,0.0
370312,FFF,2013B,0.15,0.07894736842105263
370367,DDD,2013J,0.1,0.03571428571428571
370375,DDD,2014J,0.25,0.0847457627118644
370512,CCC,2014J,0.5,0.15384615384615385
370720,BBB,2013B,0.0,0.0
370735,FFF,2014J,0.1,0.03636363636363636
370839,CCC,2014J,0.0,0.0
370859,BBB,2013J,0.15,0.08571428571428572
370865,DDD,2014B,0.0,0.0
370949,DDD,2013B,0.35,0.08860759493670886
371019,DDD,2014J,0.25,0.078125
371044,DDD,2013B,0.35,0.10606060606060606
371133,FFF,2013J,0.05,0.07142857142857142
371168,FFF,2014B,0.2,0.0625
371169,FFF,2013B,0.0,0.0
371184,DDD,2013B,0.05,0.07692307692307693
371247,FFF,2013J,0.1,0.034482758620689655
371402,GGG,2014J,0.2,0.16
371439,CCC,2014J,0.0,0.0
371526,CCC,2014B,0.15,0.0967741935483871
371530,BBB,2013J,0.0,0.0
371679,BBB,2013B,0.0,0.0
371710,AAA,2014J,0.2,0.16
371787,FFF,2013B,0.0,0.0
371831,DDD,2013B,0.1,0.043478260869565216
371869,FFF,2013J,0.0,0.0
371901,CCC,2014B,0.1,0.09090909090909091
372141,GGG,2014J,0.2,0.19047619047619047
372234,CCC,2014J,0.25,0.08620689655172414
372262,FFF,2013J,0.2,0.036036036036036036
372345,FFF,2014J,0.2,0.09302325581395349
372509,FFF,2014J,0.3,0.09523809523809523
372511,FFF,2014J,0.15,0.05
372577,CCC,2014J,0.0,0.0
372577,EEE,2014J,0.05,0.07142857142857142
372602,BBB,2014J,0.05,0.07692307692307693
372658,BBB,2013J,0.15,0.375
372691,GGG,2013J,0.05,0.047619047619047616
372837,GGG,2014B,0.05,0.06666666666666667
372997,BBB,2014B,0.0,0.0
373126,DDD,2013B,0.1,0.058823529411764705
373135,FFF,2013B,0.1,0.05
373174,BBB,2014J,0.0,0.0
373237,DDD,2013J,0.15,0.12
373269,BBB,2013J,0.05,0.037037037037037035
373280,DDD,2013J,0.05,0.022727272727272728
373280,DDD,2014J,0.0,0.0
373369,DDD,2013B,0.05,0.022222222222222223
373613,FFF,2013B,0.05,0.03571428571428571
373807,BBB,2013J,0.0,0.0
373846,BBB,2014J,0.0,0.0
373848,BBB,2013J,0.1,0.08695652173913043
373872,AAA,2014J,0.1,0.07407407407407407
374028,CCC,2014B,0.4,0.14814814814814814
374038,BBB,2013J,0.0,0.0
374102,BBB,2013B,0.0,0.0
374192,EEE,2013J,0.25,0.1724137931034483
374234,BBB,2013B,0.05,0.038461538461538464
374266,GGG,2014B,0.3,0.2
374515,BBB,2014B,0.0,0.0
374636,DDD,2013J,0.1,0.058823529411764705
374645,DDD,2014B,0.1,0.046511627906976744
374739,EEE,2013J,0.1,0.08
374747,BBB,2014B,0.0,0.0
374756,CCC,2014B,0.0,0.0
375260,AAA,2014J,0.2,0.15384615384615385
375300,DDD,2013B,0.0,0.0
375527,FFF,2014J,0.15,0.07317073170731707
375600,GGG,2013J,0.1,0.08
375646,AAA,2014J,0.1,0.125
375688,CCC,2014B,0.05,0.25
375717,BBB,2014B,0.0,0.0
375856,DDD,2014B,0.1,0.0625
375882,GGG,2013J,0.3,0.23076923076923078
375960,BBB,2013J,0.0,0.0
376109,FFF,2013B,0.0,0.0
376439,AAA,2013J,0.05,0.043478260869565216
376581,AAA,2013J,0.1,0.03773584905660377
376617,BBB,2013B,0.05,0.06666666666666667
376758,DDD,2014J,0.05,0.08333333333333333
377046,FFF,2013B,0.0,0.0
377244,FFF,2013B,0.15,0.06521739130434782
377274,FFF,2013B,0.05,0.022222222222222223
377469,BBB,2014B,0.05,0.125
377546,AAA,2014J,0.2,0.11428571428571428
377705,FFF,2013J,0.05,0.03571428571428571
377759,BBB,2013B,0.0,0.0
377846,BBB,2013B,0.0,0.0
377905,BBB,2013B,0.0,0.0
378462,BBB,2013B,0.05,0.07142857142857142
378543,BBB,2013B,0.0,0.0
378576,CCC,2014J,0.05,0.2
378705,FFF,2014J,0.0,0.0
378728,DDD,2014B,0.1,0.044444444444444446
378809,FFF,2014B,0.1,0.03076923076923077
378825,DDD,2013J,0.1,0.02631578947368421
378825,EEE,2014J,0.0,0.0
378884,FFF,2013B,0.25,0.07352941176470588
378920,CCC,2014B,0.1,0.05714285714285714
378920,EEE,2013J,0.15,0.1
378946,FFF,2014J,0.3,0.045454545454545456
378950,FFF,2013B,0.15,0.02142857142857143
378953,DDD,2013B,0.1,0.11764705882352941
379023,DDD,2013J,0.1,0.09090909090909091
379042,CCC,2014J,0.05,0.03571428571428571
379042,FFF,2014B,0.25,0.04950495049504951
379070,FFF,2013J,0.1,0.024691358024691357
379107,FFF,2014B,0.05,0.0625
379124,DDD,2013J,0.1,0.044444444444444446
379185,CCC,2014J,0.0,0.0
379210,BBB,2013J,0.0,0.0
379212,BBB,2014J,0.05,0.125
379255,CCC,2014J,0.0,0.0
379265,CCC,2014J,0.15,0.2727272727272727
379278,FFF,2014J,0.1,0.3333333333333333
379330,DDD,2014B,0.05,0.08333333333333333
379336,DDD,2014J,0.15,0.046153846153846156
379406,CCC,2014B,0.15,0.09375
379406,CCC,2014J,0.25,0.08620689655172414
379528,EEE,2013J,0.15,0.25
379558,FFF,2013B,0.35,0.07216494845360824
379720,BBB,2014J,0.15,0.08333333333333333
379769,FFF,2014B,0.0,0.0
379843,FFF,2013J,0.35,0.056910569105691054
379844,GGG,2013J,0.1,0.06896551724137931
379861,DDD,2013B,0.2,0.05128205128205128
380138,DDD,2013J,0.05,0.09090909090909091
380184,BBB,2014B,0.05,0.06666666666666667
380204,BBB,2014B,0.1,0.05555555555555555
380238,GGG,2014B,0.35,0.35
380239,DDD,2013J,0.1,0.038461538461538464
380240,BBB,2013J,0.05,0.14285714285714285
380253,DDD,2013J,0.05,0.022727272727272728
380341,DDD,2013B,0.15,0.05660377358490566
380429,DDD,2013J,0.1,0.03773584905660377
380435,FFF,2013J,0.0,0.0
380599,GGG,2014J,0.45,0.3103448275862069
380662,DDD,2013J,0.0,0.0
380668,GGG,2014J,0.25,0.19230769230769232
380681,DDD,2014J,0.0,0.0
380894,GGG,2014B,0.25,0.16129032258064516
380919,DDD,2013B,0.05,0.02631578947368421
380921,EEE,2014B,0.1,0.14285714285714285
380952,FFF,2014J,0.25,0.09615384615384616
380953,AAA,2013J,0.1,0.06896551724137931
381185,EEE,2014J,0.2,0.2
381240,CCC,2014B,0.1,0.2857142857142857
381257,FFF,2014J,0.3,0.04195804195804196
381414,FFF,2014J,0.0,0.0
381428,FFF,2014J,0.0,0.0
381439,DDD,2014J,0.0,0.0
381533,BBB,2014B,0.0,0.0
381539,DDD,2013J,0.05,0.08333333333333333
381541,BBB,2013J,0.0,0.0
381544,BBB,2014B,0.05,0.03571428571428571
381586,EEE,2014J,0.25,0.29411764705882354
381642,AAA,2014J,0.15,0.15789473684210525
381646,DDD,2013B,0.1,0.030303030303030304
381669,BBB,2013J,0.0,0.0
381882,BBB,2014J,0.0,0.0
381909,BBB,2014B,0.05,0.045454545454545456
381917,BBB,2014B,0.05,0.04
381927,CCC,2014B,0.0,0.0
381959,FFF,2013J,0.15,0.061224489795918366
381983,EEE,2014J,0.05,1.0
382051,DDD,2014B,0.2,0.07692307692307693
382095,AAA,2014J,0.1,0.11764705882352941
382378,CCC,2014J,0.0,0.0
382378,DDD,2013J,0.1,0.04081632653061224
382497,DDD,2013B,0.2,0.0547945205479452
382575,BBB,2013J,0.0,0.0
382641,DDD,2013B,0.2,0.056338028169014086
382738,FFF,2013J,0.1,0.08695652173913043
382742,DDD,2013J,0.0,0.0
382857,FFF,2014B,0.0,0.0
382910,EEE,2014B,0.4,0.2222222222222222
382920,BBB,2013J,0.0,0.0
382979,BBB,2013J,0.1,0.07142857142857142
383140,CCC,2014B,0.35,0.23333333333333334
383158,CCC,2014B,0.15,0.125
383180,AAA,2014J,0.05,0.14285714285714285
383239,EEE,2014B,0.15,0.15789473684210525
383241,BBB,2014B,0.6,0.17647058823529413
383254,AAA,2013J,0.0,0.0
383303,BBB,2013J,0.05,0.058823529411764705
383316,FFF,2013B,0.25,0.049019607843137254
383347,CCC,2014B,0.05,0.019230769230769232
383347,DDD,2013B,0.2,0.045454545454545456
383372,CCC,2014B,0.25,0.14705882352941177
383420,GGG,2014B,0.15,0.23076923076923078
383445,FFF,2014J,0.0,0.0
383517,FFF,2013J,0.3,0.09090909090909091
383541,FFF,2013B,0.1,0.024691358024691357
383558,FFF,2013B,0.1,0.07142857142857142
383571,BBB,2013J,0.2,0.23529411764705882
383600,AAA,2014J,0.05,0.05
383602,FFF,2014J,0.3,0.06382978723404255
383629,FFF,2014J,0.2,0.05714285714285714
383694,DDD,2013J,0.1,0.03225806451612903
383701,DDD,2013B,0.05,0.04
383723,AAA,2014J,0.3,0.15384615384615385
383748,FFF,2013B,0.05,0.1
383907,FFF,2013B,0.25,0.0625
383921,FFF,2014B,0.35,0.07216494845360824
383946,FFF,2013B,0.05,0.043478260869565216
383967,BBB,2014B,0.15,0.1875
383971,CCC,2014B,0.2,0.18181818181818182
383978,DDD,2013J,0.15,0.07142857142857142
384035,GGG,2014B,0.2,0.26666666666666666
384107,FFF,2014J,0.05,0.034482758620689655
384153,DDD,2013J,0.05,0.07692307692307693
384203,AAA,2014J,0.25,0.15625
384227,FFF,2013J,0.1,0.025974025974025976
384246,DDD,2013B,0.1,0.04878048780487805
384295,DDD,2014J,0.1,0.06896551724137931
384499,DDD,2014J,0.15,0.07692307692307693
384636,BBB,2014B,0.05,0.25
384678,BBB,2013B,0.0,0.0
384725,AAA,2014J,0.25,0.13513513513513514
384797,EEE,2013J,0.2,0.13793103448275862
384866,FFF,2013B,0.2,0.09523809523809523
384884,BBB,2014B,0.0,0.0
384909,BBB,2013B,0.0,0.0
384999,DDD,2013J,0.0,0.0
384999,DDD,2014J,0.1,0.0273972602739726
385033,CCC,2014J,0.05,0.018867924528301886
385033,FFF,2013J,0.15,0.039473684210526314
385120,CCC,2014B,0.2,0.12121212121212122
385195,FFF,2013J,0.15,0.06818181818181818
385209,FFF,2013J,0.1,0.043478260869565216
385218,DDD,2013J,0.05,0.06666666666666667
385228,GGG,2014B,0.1,0.1
385341,BBB,2014J,0.05,0.3333333333333333
385387,CCC,2014B,0.45,0.19148936170212766
385405,BBB,2014J,0.15,0.16666666666666666
385495,DDD,2014J,0.0,0.0
385547,FFF,2013J,0.15,0.045454545454545456
385563,DDD,2014J,0.25,0.14705882352941177
385820,BBB,2013J,0.05,0.02564102564102564
385927,DDD,2014B,0.05,0.03125
385937,DDD,2013J,0.25,0.0684931506849315
386180,GGG,2014J,0.3,0.24
386348,BBB,2013B,0.05,0.045454545454545456
386389,FFF,2014J,0.05,0.021739130434782608
386671,DDD,2014B,0.05,0.045454545454545456
386833,DDD,2013B,0.05,0.02127659574468085
386880,DDD,2013B,0.1,0.0392156862745098
386889,BBB,2013J,0.1,0.08333333333333333
386924,AAA,2013J,0.05,0.08333333333333333
386952,AAA,2013J,0.1,0.08695652173913043
386956,FFF,2014J,0.05,0.3333333333333333
387009,CCC,2014B,0.05,0.03333333333333333
387174,FFF,2013B,0.1,0.047619047619047616
387289,DDD,2013B,0.05,0.037037037037037035
387289,DDD,2014B,0.0,0.0
387294,GGG,2014B,0.3,0.2857142857142857
387359,DDD,2013J,0.0,0.0
387359,DDD,2014J,0.15,0.09375
387364,DDD,2014J,0.1,0.06451612903225806
387406,BBB,2014J,0.05,0.125
387446,GGG,2014J,0.25,0.14705882352941177
387447,FFF,2013B,0.15,0.04
387507,FFF,2013J,0.05,0.009708737864077669
387533,AAA,2014J,0.35,0.28
387537,EEE,2013J,0.1,0.10526315789473684
387550,GGG,2013J,0.05,0.09090909090909091
387635,FFF,2013B,0.05,0.08333333333333333
387648,EEE,2013J,0.35,0.22580645161290322
387700,BBB,2013J,0.05,0.047619047619047616
387773,BBB,2014J,0.05,0.03125
387944,CCC,2014J,0.2,0.14814814814814814
387944,EEE,2014J,0.15,0.12
387963,CCC,2014J,0.05,0.023255813953488372
387963,DDD,2014B,0.1,0.029850746268656716
388052,BBB,2013J,0.05,0.16666666666666666
388147,AAA,2014J,0.05,0.25
388205,BBB,2013B,0.0,0.0
388252,EEE,2013J,0.05,0.5
388259,GGG,2014J,0.05,0.07692307692307693
388360,BBB,2013B,0.0,0.0
388410,BBB,2013B,0.0,0.0
388432,BBB,2013J,0.0,0.0
388538,CCC,2014B,0.55,0.2037037037037037
388697,FFF,2014B,0.35,0.109375
388708,CCC,2014B,0.1,0.2
388722,AAA,2013J,0.0,0.0
388738,BBB,2014J,0.0,0.0
388750,CCC,2014B,0.0,0.0
388754,FFF,2013J,0.25,0.05
388885,AAA,2013J,0.1,0.08
388923,EEE,2013J,0.3,0.2
388947,DDD,2013J,0.1,0.037037037037037035
388975,BBB,2013J,0.1,0.1
389025,DDD,2013J,0.1,0.10526315789473684
389101,BBB,2013J,0.05,0.05555555555555555
389208,FFF,2013J,0.35,0.08860759493670886
389249,BBB,2014B,0.05,0.1111111111111111
389267,EEE,2014B,0.2,0.19047619047619047
389362,DDD,2013B,0.0,0.0
389362,DDD,2013J,0.1,0.03571428571428571
389369,BBB,2013B,0.0,0.0
389471,BBB,2013J,0.1,0.13333333333333333
389639,DDD,2013J,0.3,0.1111111111111111
389759,FFF,2014B,0.0,0.0
389773,FFF,2013B,0.15,0.030927835051546393
389773,FFF,2014B,0.05,0.06666666666666667
389853,FFF,2014J,0.0,0.0
390026,DDD,2014B,0.05,0.025
390029,DDD,2013J,0.2,0.04819277108433735
390029,EEE,2013J,0.05,0.027777777777777776
390070,FFF,2014J,0.1,0.04878048780487805
390210,DDD,2013B,0.05,0.029411764705882353
390220,BBB,2013B,0.1,0.10526315789473684
390233,DDD,2013B,0.05,0.04
390400,FFF,2013B,0.2,0.08888888888888889
390442,BBB,2013B,0.1,0.08333333333333333
390461,BBB,2013B,0.0,0.0
390556,DDD,2013J,0.0,0.0
390556,DDD,2014J,0.0,0.0
390690,DDD,2013J,0.25,0.07352941176470588
390849,DDD,2014J,0.1,0.07407407407407407
390890,AAA,2013J,0.0,0.0
390890,AAA,2014J,0.1,0.11764705882352941
390958,BBB,2013J,0.05,0.05555555555555555
391059,CCC,2014J,0.0,0.0
391114,FFF,2014B,0.15,0.07142857142857142
391153,BBB,2014B,0.05,0.03571428571428571
391185,DDD,2013B,0.15,0.05660377358490566
391187,FFF,2013J,0.05,0.07142857142857142
391249,AAA,2014J,0.0,0.0
391301,EEE,2014J,0.2,0.5714285714285714
391343,CCC,2014B,0.0,0.0
391343,FFF,2013B,0.0,0.0
391419,CCC,2014B,0.15,0.11538461538461539
391466,CCC,2014J,0.05,0.06666666666666667
391466,EEE,2013J,0.05,0.05263157894736842
391537,DDD,2013J,0.15,0.06666666666666667
391578,DDD,2013J,0.05,0.07692307692307693
391613,FFF,2013B,0.15,0.046875
391630,FFF,2013B,0.05,0.03125
391638,DDD,2013J,0.0,0.0
391822,FFF,2013B,0.15,0.047619047619047616
391891,FFF,2013B,0.15,0.04477611940298507
391924,DDD,2014B,0.2,0.06779661016949153
391937,BBB,2014J,0.05,0.022727272727272728
391937,GGG,2014B,0.15,0.09375
392021,DDD,2013B,0.05,0.045454545454545456
392060,BBB,2013J,0.0,0.0
392207,FFF,2014B,0.1,0.1111111111111111
392213,BBB,2013B,0.05,0.1
392215,GGG,2013J,0.05,0.06666666666666667
392281,BBB,2013J,0.0,0.0
392427,FFF,2013J,0.0,0.0
392428,BBB,2013B,0.1,0.14285714285714285
392526,CCC,2014B,0.15,0.09090909090909091
392604,BBB,2014B,0.25,0.10869565217391304
392626,DDD,2013J,0.0,0.0
392664,DDD,2013J,0.25,0.0684931506849315
392756,AAA,2013J,0.1,0.14285714285714285
392890,CCC,2014J,0.0,0.0
392890,DDD,2013J,0.0,0.0
392931,AAA,2013J,0.15,0.07317073170731707
392994,EEE,2013J,0.35,0.22580645161290322
393094,DDD,2014B,0.0,0.0
393142,CCC,2014J,0.0,0.0
393207,AAA,2013J,0.2,0.14814814814814814
393327,BBB,2013J,0.0,0.0
393451,GGG,2013J,0.05,1.0
393488,EEE,2014B,0.3,0.3157894736842105
393526,FFF,2013J,0.2,0.04081632653061224
393682,GGG,2014B,0.05,0.1
393698,FFF,2013J,0.25,0.16666666666666666
393727,DDD,2014J,0.15,0.0379746835443038
393827,FFF,2013J,0.1,0.03076923076923077
393918,FFF,2013B,0.1,0.044444444444444446
393934,FFF,2013B,0.0,0.0
394024,GGG,2014B,0.25,0.22727272727272727
394060,EEE,2013J,0.1,0.2
394067,BBB,2014B,0.1,0.18181818181818182
394082,DDD,2013B,0.0,0.0
394218,FFF,2013J,0.35,0.11475409836065574
394239,FFF,2013J,0.15,0.037037037037037035
394311,CCC,2014B,0.25,0.15151515151515152
394314,BBB,2014J,0.15,0.10714285714285714
394331,BBB,2014B,0.1,0.07142857142857142
394347,FFF,2013B,0.2,0.08888888888888889
394520,BBB,2014B,0.05,0.1111111111111111
394791,CCC,2014J,0.3,0.17647058823529413
394937,FFF,2013B,0.15,0.07317073170731707
394951,DDD,2013J,0.0,0.0
394979,DDD,2013B,0.15,0.08571428571428572
395073,BBB,2013J,0.0,0.0
395188,FFF,2014B,0.1,0.0425531914893617
395288,DDD,2013B,0.0,0.0
395288,DDD,2014B,0.0,0.0
395320,BBB,2014J,0.1,0.05128205128205128
395367,FFF,2013B,0.0,0.0
395373,FFF,2013J,0.2,0.05128205128205128
395374,BBB,2014B,0.1,0.1
395463,FFF,2013B,0.05,0.04
395535,DDD,2014J,0.05,0.05
395588,FFF,2013B,0.1,0.019230769230769232
395696,FFF,2013J,0.15,0.0625
395715,BBB,2013J,0.0,0.0
395757,CCC,2014J,0.0,0.0
395757,DDD,2013B,0.15,0.04285714285714286
395822,BBB,2014J,0.1,0.05405405405405406
396114,BBB,2013J,0.0,0.0
396145,GGG,2013J,0.05,0.037037037037037035
396210,DDD,2013J,0.0,0.0
396292,DDD,2013J,0.1,0.02702702702702703
396456,BBB,2014B,0.1,0.2
396502,FFF,2013J,0.0,0.0
396599,AAA,2014J,0.05,0.1
396631,EEE,2013J,0.0,0.0
396633,DDD,2013B,0.2,0.0625
396655,AAA,2014J,0.05,0.05555555555555555
396668,DDD,2013J,0.2,0.07272727272727272
396673,BBB,2014J,0.15,0.21428571428571427
396674,EEE,2014J,0.25,0.19230769230769232
396679,FFF,2013B,0.0,0.0
396683,FFF,2014J,0.15,0.05660377358490566
396739,FFF,2013B,0.1,0.018691588785046728
396799,BBB,2014B,0.0,0.0
396825,CCC,2014B,0.2,0.10256410256410256
396834,FFF,2014J,0.1,0.047619047619047616
396872,AAA,2013J,0.1,0.06451612903225806
396907,FFF,2014J,0.1,0.05714285714285714
397118,BBB,2013B,0.05,0.09090909090909091
397149,EEE,2013J,0.0,0.0
397219,FFF,2014J,0.2,0.04
397292,FFF,2014J,0.0,0.0
397312,BBB,2014B,0.05,0.125
397405,DDD,2013B,0.05,0.03125
397414,BBB,2014J,0.0,0.0
397470,FFF,2013J,0.25,0.07246376811594203
397506,CCC,2014B,0.0,0.0
397506,FFF,2013J,0.15,0.02857142857142857
397557,EEE,2013J,0.2,0.16
397671,FFF,2014J,0.45,0.05202312138728324
397747,BBB,2014B,0.0,0.0
397829,BBB,2014B,0.0,0.0
397894,DDD,2014J,0.1,0.04878048780487805
398019,EEE,2014J,0.1,0.16666666666666666
398040,FFF,2013B,0.15,0.03529411764705882
398067,BBB,2013J,0.05,0.04
398084,BBB,2013B,0.05,0.02702702702702703
398118,FFF,2013B,0.1,0.02197802197802198
398171,AAA,2014J,0.15,0.10714285714285714
398199,DDD,2013B,0.35,0.056451612903225805
398349,AAA,2014J,0.4,0.24242424242424243
398413,EEE,2014J,0.1,0.14285714285714285
398439,FFF,2014B,0.1,0.04878048780487805
398442,BBB,2014J,0.1,0.07692307692307693
398487,CCC,2014B,0.2,0.10256410256410256
398496,CCC,2014J,0.35,0.12962962962962962
398525,BBB,2013J,0.1,0.11764705882352941
398550,FFF,2014J,0.05,0.020833333333333332
398552,AAA,2013J,0.05,0.02857142857142857
398630,FFF,2014J,0.05,0.02127659574468085
398656,FFF,2013B,0.0,0.0
398816,DDD,2014J,0.1,0.02564102564102564
398862,FFF,2013B,0.05,0.02040816326530612
398877,EEE,2013J,0.0,0.0
398891,BBB,2013J,0.0,0.0
398956,BBB,2013J,0.05,0.25
399429,FFF,2014J,0.25,0.07575757575757576
399450,DDD,2013B,0.25,0.07575757575757576
399453,DDD,2013J,0.1,0.045454545454545456
399628,DDD,2014J,0.1,0.1
399737,BBB,2014J,0.05,0.021739130434782608
399794,DDD,2013J,0.0,0.0
399794,DDD,2014J,0.0,0.0
399863,FFF,2013J,0.0,0.0
399895,FFF,2013B,0.0,0.0
399935,DDD,2013J,0.05,0.08333333333333333
400004,FFF,2013B,0.0,0.0
400049,BBB,2013B,0.2,0.125
400087,FFF,2013B,0.1,0.029411764705882353
400091,DDD,2014J,0.2,0.06349206349206349
400145,FFF,2013J,0.1,0.046511627906976744
400147,AAA,2014J,0.15,0.1875
400252,FFF,2014B,0.1,0.04878048780487805
400266,FFF,2013J,0.15,0.06382978723404255
400451,DDD,2013B,0.2,0.06557377049180328
400469,BBB,2013B,0.1,0.08695652173913043
400474,BBB,2013B,0.1,0.1
400549,BBB,2014J,0.0,0.0
400599,DDD,2014B,0.1,0.1
400630,DDD,2013B,0.0,0.0
400632,FFF,2013B,0.2,0.0784313725490196
400682,AAA,2014J,0.4,0.22857142857142856
400759,DDD,2013B,0.25,0.08620689655172414
400894,BBB,2013B,0.0,0.0
400942,DDD,2013J,0.0,0.0
400958,CCC,2014J,0.05,0.038461538461538464
401011,CCC,2014J,0.0,0.0
401011,EEE,2013J,0.05,0.07142857142857142
401139,GGG,2013J,0.1,0.1
401240,EEE,2014J,0.3,0.25
401296,CCC,2014B,0.05,0.045454545454545456
401296,EEE,2013J,0.0,0.0
401317,BBB,2014J,0.1,0.05714285714285714
401339,BBB,2013B,0.15,0.0967741935483871
401349,BBB,2013B,0.05,0.05555555555555555
401404,AAA,2014J,0.25,0.14705882352941177
401486,DDD,2013B,0.0,0.0
401824,FFF,2013J,0.0,0.0
401866,FFF,2013J,0.0,0.0
401869,AAA,2013J,0.15,0.13043478260869565
401903,CCC,2014B,0.15,0.08333333333333333
402180,BBB,2014J,0.1,0.05405405405405406
402204,AAA,2014J,0.0,0.0
402210,CCC,2014J,0.0,0.0
402210,DDD,2013J,0.2,0.05714285714285714
402295,EEE,2014J,0.25,0.3125
402314,DDD,2014B,0.15,0.047619047619047616
402378,CCC,2014J,0.15,0.0967741935483871
402433,DDD,2013J,0.0,0.0
402449,FFF,2014B,0.0,0.0
402458,FFF,2013J,0.15,0.07317073170731707
402470,AAA,2013J,0.1,0.10526315789473684
402502,FFF,2014B,0.1,0.020833333333333332
402575,DDD,2014B,0.0,0.0
402662,FFF,2013J,0.3,0.11764705882352941
402695,FFF,2014J,0.1,0.041666666666666664
402727,AAA,2014J,0.15,0.16666666666666666
402806,FFF,2014B,0.35,0.07954545454545454
402808,EEE,2013J,0.0,0.0
402958,DDD,2014J,0.15,0.06
402961,AAA,2014J,0.5,0.2857142857142857
402993,BBB,2013J,0.0,0.0
403052,DDD,2013J,0.1,0.05263157894736842
403085,CCC,2014B,0.1,0.045454545454545456
403085,DDD,2013B,0.05,0.021739130434782608
403093,BBB,2013B,0.0,0.0
403213,BBB,2014J,0.1,0.15384615384615385
403902,DDD,2013B,0.1,0.2
404022,BBB,2013B,0.15,0.14285714285714285
404050,EEE,2013J,0.2,0.5714285714285714
404121,BBB,2014J,0.3,0.1276595744680851
404135,FFF,2013B,0.2,0.036036036036036036
404170,FFF,2013B,0.0,0.0
404170,FFF,2014B,0.1,0.02564102564102564
404200,EEE,2014J,0.3,0.3333333333333333
404269,BBB,2013J,0.1,0.1111111111111111
404325,GGG,2013J,0.2,0.125
404356,AAA,2014J,0.1,0.1
404415,BBB,2014J,0.05,0.023255813953488372
404449,EEE,2013J,0.15,0.16666666666666666
404536,FFF,2013J,0.05,0.02857142857142857
404631,FFF,2013J,0.3,0.0594059405940594
404671,BBB,2013J,0.2,0.07142857142857142
404695,EEE,2014J,0.1,0.08
404708,BBB,2013J,0.1,0.047619047619047616
404727,BBB,2013B,0.05,0.05555555555555555
404804,AAA,2013J,0.0,0.0
405088,AAA,2013J,0.25,0.13513513513513514
405125,EEE,2014J,0.05,0.047619047619047616
405192,FFF,2014B,0.15,0.07142857142857142
405193,FFF,2014J,0.3,0.0425531914893617
405219,FFF,2013B,0.45,0.06716417910447761
405268,BBB,2014B,0.05,0.058823529411764705
405314,FFF,2013B,0.1,0.025
405314,FFF,2013J,0.0,0.0
405336,DDD,2013J,0.05,0.3333333333333333
405426,DDD,2013B,0.1,0.125
405471,BBB,2013B,0.05,0.16666666666666666
405743,DDD,2013B,0.05,1.0
405775,FFF,2014B,0.05,0.03125
405784,DDD,2013B,0.0,0.0
405784,DDD,2013J,0.0,0.0
405889,FFF,2013B,0.05,0.02127659574468085
405945,BBB,2013J,0.05,0.045454545454545456
405995,BBB,2013B,0.1,0.1111111111111111
406000,BBB,2014J,0.1,0.043478260869565216
406056,DDD,2013B,0.05,0.01694915254237288
406121,EEE,2013J,0.1,0.09090909090909091
406224,DDD,2013J,0.05,0.02631578947368421
406254,FFF,2013J,0.2,0.05263157894736842
406311,BBB,2013B,0.0,0.0
406498,DDD,2013J,0.2,0.06557377049180328
406541,DDD,2013B,0.25,0.09433962264150944
406549,EEE,2013J,0.25,0.2
406600,BBB,2014B,0.0,0.0
406671,AAA,2014J,0.0,0.0
406682,AAA,2014J,0.25,0.1724137931034483
406698,CCC,2014J,0.1,0.09090909090909091
406751,GGG,2014B,0.3,0.21428571428571427
406908,CCC,2014B,0.05,0.058823529411764705
406974,BBB,2013B,0.0,0.0
406974,BBB,2014B,0.0,0.0
407232,FFF,2014J,0.15,0.03296703296703297
407303,DDD,2014B,0.0,0.0
407371,FFF,2013B,0.05,0.02127659574468085
407374,DDD,2013J,0.25,0.05813953488372093
407404,CCC,2014J,0.05,0.07142857142857142
407453,CCC,2014B,0.2,0.13333333333333333
407453,EEE,2013J,0.1,0.06060606060606061
407487,DDD,2014J,0.0,0.0
407500,FFF,2014B,0.05,0.022222222222222223
407545,BBB,2014B,0.0,0.0
407595,DDD,2013B,0.05,0.2
407670,FFF,2013B,0.05,0.022222222222222223
407681,FFF,2013B,0.3,0.10714285714285714
407731,EEE,2014J,0.25,0.21739130434782608
407818,CCC,2014B,0.0,0.0
407818,FFF,2013B,0.2,0.045454545454545456
407968,FFF,2013B,0.05,0.018518518518518517
408061,DDD,2013J,0.1,0.06896551724137931
408105,FFF,2014B,0.05,0.06666666666666667
408112,BBB,2013B,0.05,0.1111111111111111
408239,DDD,2013J,0.15,0.08823529411764706
408353,FFF,2014B,0.05,0.04
408372,FFF,2013B,0.1,0.05405405405405406
408413,CCC,2014B,0.05,0.1
408581,BBB,2014B,0.35,0.1590909090909091
408608,CCC,2014J,0.1,0.07692307692307693
408651,FFF,2013B,0.0,0.0
408753,FFF,2013B,0.1,0.03636363636363636
408763,EEE,2014J,0.6,0.32432432432432434
408817,DDD,2013J,0.1,0.08
408975,BBB,2013J,0.0,0.0
409040,FFF,2013J,0.2,0.08333333333333333
409091,DDD,2013B,0.2,0.05555555555555555
409100,AAA,2014J,0.2,0.10526315789473684
409109,DDD,2013B,0.05,0.023255813953488372
409120,DDD,2014J,0.0,0.0
409205,DDD,2014J,0.0,0.0
409651,FFF,2014B,0.3,0.05217391304347826
409662,BBB,2013B,0.0,0.0
409663,FFF,2013B,0.05,0.16666666666666666
409703,AAA,2014J,0.2,0.11428571428571428
409708,BBB,2014J,0.2,0.12121212121212122
409733,CCC,2014J,0.3,0.15384615384615385
409852,CCC,2014J,0.1,0.07692307692307693
409880,DDD,2013J,0.05,0.01818181818181818
409930,BBB,2013J,0.0,0.0
409945,BBB,2013J,0.1,0.08695652173913043
409953,CCC,2014J,0.0,0.0
409953,DDD,2013J,0.1,0.037037037037037035
410052,BBB,2013J,0.05,0.02127659574468085
410084,DDD,2013J,0.0,0.0
410092,AAA,2014J,0.05,0.0625
410176,CCC,2014J,0.0,0.0
410199,FFF,2014B,0.2,0.034482758620689655
410203,CCC,2014B,0.35,0.12962962962962962
410281,BBB,2013J,0.05,0.02631578947368421
410357,BBB,2013J,0.1,0.125
410407,CCC,2014B,0.05,0.018867924528301886
410407,FFF,2014J,0.25,0.04132231404958678
410537,BBB,2013J,0.0,0.0
410573,GGG,2013J,0.1,0.1111111111111111
410587,EEE,2014J,0.15,0.0967741935483871
410592,EEE,2014J,0.25,0.22727272727272727
410666,FFF,2014B,0.0,0.0
410699,CCC,2014B,0.05,0.07142857142857142
410739,BBB,2013B,0.15,0.08823529411764706
410767,DDD,2013J,0.0,0.0
410767,DDD,2014J,0.2,0.04819277108433735
410810,EEE,2014B,0.4,0.27586206896551724
410816,DDD,2014B,0.0,0.0
410838,FFF,2013J,0.15,0.028846153846153848
410842,BBB,2013J,0.05,0.04
410883,FFF,2014J,0.1,0.04081632653061224
410886,DDD,2013B,0.2,0.0625
411013,FFF,2013B,0.3,0.0625
411060,DDD,2014B,0.4,0.07207207207207207
411105,GGG,2013J,0.1,0.07692307692307693
411150,BBB,2014J,0.0,0.0
411304,FFF,2014J,0.1,0.025
411549,CCC,2014J,0.0,0.0
411549,DDD,2014J,0.05,0.021739130434782608
411619,EEE,2014J,0.4,0.24242424242424243
411642,BBB,2013J,0.0,0.0
411707,DDD,2013J,0.15,0.039473684210526314
411971,AAA,2014J,0.05,0.04
412025,FFF,2013B,0.05,0.047619047619047616
412063,DDD,2013B,0.1,0.2
412081,BBB,2014J,0.1,0.1111111111111111
412102,FFF,2013B,0.15,0.036585365853658534
412175,DDD,2013J,0.05,0.06666666666666667
412258,CCC,2014B,0.25,0.07936507936507936
412263,FFF,2013B,0.1,0.05555555555555555
412284,CCC,2014B,0.3,0.13953488372093023
412307,FFF,2013B,0.2,0.042105263157894736
412343,BBB,2014J,0.05,0.16666666666666666
412353,FFF,2014J,0.15,0.02857142857142857
412387,FFF,2014B,0.0,0.0
412407,BBB,2013B,0.0,0.0
412600,CCC,2014J,0.05,0.05
412600,DDD,2014B,0.0,0.0
412618,DDD,2013J,0.05,0.015384615384615385
412654,BBB,2013B,0.05,0.125
412663,CCC,2014J,0.15,0.05084745762711865
412663,DDD,2014B,0.05,0.02040816326530612
412695,FFF,2014B,0.05,0.01098901098901099
412697,FFF,2013J,0.5,0.054945054945054944
412717,DDD,2014J,0.2,0.04878048780487805
412731,DDD,2013B,0.3,0.11538461538461539
412772,DDD,2013B,0.1,0.04
412911,EEE,2013J,0.2,0.2857142857142857
413083,CCC,2014B,0.4,0.11764705882352941
413087,CCC,2014J,0.0,0.0
413087,DDD,2014J,0.05,0.07692307692307693
413180,FFF,2014J,0.1,0.043478260869565216
413200,CCC,2014J,0.0,0.0
413200,FFF,2014B,0.1,0.047619047619047616
413580,DDD,2013B,0.0,0.0
413709,FFF,2014J,0.15,0.07317073170731707
413891,EEE,2014B,0.0,0.0
413934,DDD,2013B,0.3,0.06666666666666667
413949,FFF,2014J,0.4,0.0625
413984,BBB,2013B,0.0,0.0
414028,BBB,2013J,0.15,0.046875
414094,DDD,2014J,0.3,0.15789473684210525
414117,AAA,2013J,0.0,0.0
414247,DDD,2013J,0.0,0.0
414258,FFF,2013B,0.1,0.07142857142857142
414258,FFF,2014B,0.1,0.02666666666666667
414304,DDD,2013B,0.5,0.1282051282051282
414350,BBB,2013J,0.2,0.07142857142857142
414495,BBB,2013J,0.05,0.047619047619047616
414587,DDD,2013B,0.15,0.05263157894736842
414633,GGG,2014J,0.3,0.2222222222222222
414668,GGG,2014B,0.3,0.2222222222222222
414696,GGG,2014B,0.2,0.14285714285714285
414758,DDD,2013B,0.0,0.0
414772,CCC,2014J,0.0,0.0
414803,DDD,2013B,0.15,0.08823529411764706
414958,BBB,2013B,0.0,0.0
414963,DDD,2014J,0.2,0.06060606060606061
415216,BBB,2013J,0.0,0.0
415546,BBB,2013J,0.0,0.0
415631,CCC,2014J,0.0,0.0
415695,DDD,2013B,0.1,0.06451612903225806
415695,DDD,2014B,0.0,0.0
415716,BBB,2013B,0.0,0.0
415760,BBB,2013B,0.0,0.0
415812,DDD,2013B,0.15,0.375
415818,GGG,2014B,0.25,0.21739130434782608
415952,FFF,2013B,0.15,0.06521739130434782
415969,AAA,2013J,0.0,0.0
415969,AAA,2014J,0.05,0.25
415988,FFF,2013B,0.3,0.10909090909090909
416007,BBB,2013B,0.05,0.08333333333333333
416008,DDD,2013B,0.0,0.0
416008,DDD,2014B,0.0,0.0
416199,FFF,2014J,0.15,0.07317073170731707
416229,FFF,2013B,0.15,0.05172413793103448
416243,DDD,2013J,0.05,0.04
416284,CCC,2014J,0.05,0.14285714285714285
416302,FFF,2014B,0.3,0.08108108108108109
416304,FFF,2013J,0.3,0.02912621359223301
416355,GGG,2013J,0.5,0.19607843137254902
416407,FFF,2014J,0.15,0.05454545454545454
416420,EEE,2013J,0.45,0.36
416500,DDD,2013J,0.0,0.0
416654,BBB,2013B,0.15,0.057692307692307696
416689,CCC,2014B,0.05,0.047619047619047616
416696,FFF,2013B,0.0,0.0
416696,FFF,2013J,0.0,0.0
416700,GGG,2014J,0.1,0.09090909090909091
416725,FFF,2013B,0.35,0.07
416860,CCC,2014B,0.0,0.0
416860,CCC,2014J,0.05,0.05263157894736842
417096,GGG,2014B,0.4,0.24242424242424243
417184,FFF,2014B,0.15,0.0625
417242,DDD,2013B,0.3,0.07407407407407407
417263,BBB,2014B,0.05,0.05555555555555555
417414,FFF,2013J,0.45,0.08333333333333333
417522,CCC,2014J,0.1,0.038461538461538464
417547,EEE,2014B,0.35,0.28
417657,BBB,2013J,0.0,0.0
417663,FFF,2013J,0.0,0.0
417684,BBB,2014B,0.35,0.21875
417724,CCC,2014J,0.15,0.06666666666666667
417724,EEE,2013J,0.0,0.0
417820,CCC,2014B,0.0,0.0
417974,DDD,2013B,0.0,0.0
417986,BBB,2014J,0.15,0.061224489795918366
418007,FFF,2013J,0.1,0.03125
418032,GGG,2013J,0.1,0.05714285714285714
418035,EEE,2014J,0.15,0.16666666666666666
418077,BBB,2014J,0.05,0.023809523809523808
418122,DDD,2013B,0.05,0.027777777777777776
418159,DDD,2013J,0.05,0.037037037037037035
418201,FFF,2014J,0.05,0.03333333333333333
418216,EEE,2014J,0.25,0.17857142857142858
418218,FFF,2014B,0.15,0.08333333333333333
418224,CCC,2014B,0.35,0.1346153846153846
418325,BBB,2013B,0.05,0.05555555555555555
418397,CCC,2014J,0.15,0.05357142857142857
418397,DDD,2013J,0.2,0.07407407407407407
418453,DDD,2014B,0.05,0.023809523809523808
418490,DDD,2013B,0.2,0.06666666666666667
418623,CCC,2014B,0.15,0.07894736842105263
418634,FFF,2013B,0.35,0.06542056074766354
418731,AAA,2014J,0.1,0.125
418781,DDD,2014B,0.05,0.025
418900,EEE,2013J,0.3,0.2727272727272727
418956,DDD,2013B,0.2,0.05
418971,CCC,2014B,0.0,0.0
418998,FFF,2013B,0.15,0.0625
419024,FFF,2013J,0.1,0.016666666666666666
419059,FFF,2014J,0.1,0.03389830508474576
419192,DDD,2013J,0.05,0.029411764705882353
419223,EEE,2013J,0.1,0.08333333333333333
419233,CCC,2014B,0.0,0.0
419273,DDD,2013B,0.1,0.07142857142857142
419284,FFF,2014B,0.25,0.0641025641025641
419375,BBB,2013J,0.0,0.0
419517,DDD,2013J,0.05,0.014084507042253521
419565,FFF,2013B,0.05,0.03125
419565,FFF,2013J,0.0,0.0
419791,FFF,2013B,0.15,0.05084745762711865
419913,DDD,2014J,0.05,0.02564102564102564
419924,BBB,2014J,0.15,0.17647058823529413
419946,FFF,2013B,0.15,0.07142857142857142
419990,FFF,2013J,0.1,0.023529411764705882
420042,CCC,2014J,0.15,0.05454545454545454
420042,FFF,2014B,0.1,0.018018018018018018
420087,AAA,2013J,0.05,0.06666666666666667
420141,DDD,2014J,0.35,0.1044776119402985
420163,BBB,2013J,0.0,0.0
420173,EEE,2013J,0.1,0.07407407407407407
420333,EEE,2014B,0.35,0.2692307692307692
420344,DDD,2014J,0.0,0.0
420345,CCC,2014B,0.4,0.21621621621621623
420388,DDD,2013B,0.1,0.04081632653061224
420528,CCC,2014B,0.4,0.125
420560,DDD,2014J,0.0,0.0
420604,BBB,2013B,0.0,0.0
420631,BBB,2014J,0.05,0.04
420663,BBB,2014B,0.0,0.0
420699,FFF,2013B,0.2,0.05970149253731343
420720,FFF,2013B,0.15,0.039473684210526314
420724,BBB,2013J,0.15,0.17647058823529413
420762,DDD,2014J,0.2,0.0625
420867,FFF,2013J,0.05,0.015873015873015872
420894,FFF,2013B,0.1,0.045454545454545456
420935,CCC,2014B,0.15,0.061224489795918366
421018,BBB,2013J,0.05,0.043478260869565216
421111,CCC,2014J,0.0,0.0
421111,EEE,2014B,0.1,0.08695652173913043
421179,FFF,2014B,0.0,0.0
421185,DDD,2014J,0.1,0.044444444444444446
421205,BBB,2013B,0.05,0.2
421209,CCC,2014B,0.25,0.15625
421301,DDD,2013J,0.0,0.0
421326,BBB,2014B,0.0,0.0
421455,AAA,2014J,0.2,0.21052631578947367
421992,BBB,2014B,0.0,0.0
421999,GGG,2013J,0.1,0.08695652173913043
422006,FFF,2013J,0.05,0.030303030303030304
422061,FFF,2013B,0.1,0.037037037037037035
422070,BBB,2013B,0.0,0.0
422087,FFF,2013B,0.3,0.06741573033707865
422164,DDD,2013B,0.05,0.04
422276,DDD,2013J,0.1,0.07407407407407407
422280,FFF,2013B,0.05,0.029411764705882353
422340,FFF,2013B,0.45,0.08333333333333333
422343,CCC,2014J,0.05,0.1
422343,DDD,2014J,0.0,0.0
422479,BBB,2013J,0.0,0.0
422530,FFF,2014B,0.0,0.0
422534,DDD,2013J,0.05,0.038461538461538464
422542,CCC,2014J,0.0,0.0
422626,FFF,2014B,0.15,0.02830188679245283
422670,CCC,2014J,0.3,0.17142857142857143
422697,FFF,2014B,0.0,0.0
422768,DDD,2013B,0.1,0.041666666666666664
423093,GGG,2014J,0.2,0.16
423147,DDD,2013J,0.1,0.0625
423210,FFF,2014J,0.15,0.04477611940298507
423386,DDD,2013B,0.05,0.022727272727272728
423398,BBB,2014J,0.25,0.09433962264150944
423399,BBB,2013J,0.0,0.0
423488,FFF,2014J,0.05,0.045454545454545456
423601,FFF,2013B,0.25,0.11363636363636363
423607,CCC,2014J,0.15,0.08823529411764706
423622,CCC,2014J,0.15,0.25
423648,FFF,2014B,0.0,0.0
423652,BBB,2014B,0.1,0.16666666666666666
423664,CCC,2014J,0.0,0.0
423757,DDD,2013B,0.1,0.05263157894736842
423781,FFF,2014J,0.15,0.06
423871,BBB,2013B,0.1,0.08695652173913043
423879,CCC,2014B,0.15,0.06818181818181818
423947,EEE,2014J,0.25,0.20833333333333334
423985,FFF,2013B,0.0,0.0
424014,BBB,2014B,0.05,0.07692307692307693
424082,CCC,2014B,0.05,0.03571428571428571
424112,CCC,2014B,0.15,0.09090909090909091
424171,FFF,2013J,0.1,0.02247191011235955
424211,DDD,2014J,0.1,0.03125
424220,BBB,2014J,0.1,0.125
424437,FFF,2013J,0.55,0.088
424539,BBB,2013J,0.0,0.0
424544,FFF,2013B,0.2,0.07547169811320754
424577,AAA,2014J,0.2,0.18181818181818182
424637,BBB,2013J,0.05,0.14285714285714285
424880,DDD,2014B,0.15,0.07142857142857142
424950,CCC,2014B,0.0,0.0
424978,EEE,2014B,0.2,0.2222222222222222
424987,DDD,2013B,0.2,0.043010752688172046
425218,FFF,2013J,0.1,0.05555555555555555
425257,GGG,2014B,0.15,0.25
425274,EEE,2013J,0.05,0.07692307692307693
425287,CCC,2014B,0.0,0.0
425287,CCC,2014J,0.15,0.08571428571428572
425543,DDD,2013J,0.1,0.05714285714285714
425748,FFF,2013B,0.05,0.03333333333333333
425772,BBB,2014J,0.05,0.058823529411764705
425808,BBB,2013B,0.1,0.08695652173913043
425817,BBB,2013B,0.05,0.5
425820,BBB,2013B,0.1,0.09090909090909091
425910,DDD,2014J,0.1,0.06896551724137931
425997,FFF,2013B,0.3,0.09230769230769231
426059,DDD,2013B,0.1,0.043478260869565216
426059,DDD,2013J,0.05,0.021739130434782608
426074,FFF,2013B,0.3,0.08695652173913043
426094,DDD,2013B,0.0,0.0
426297,DDD,2014B,0.5,0.12987012987012986
426316,EEE,2014B,0.0,0.0
426458,BBB,2013J,0.0,0.0
426465,FFF,2013B,0.15,0.043478260869565216
426547,GGG,2014B,0.3,0.2727272727272727
426610,CCC,2014B,0.15,0.17647058823529413
426616,CCC,2014B,0.15,0.08571428571428572
426616,EEE,2014B,0.25,0.1724137931034483
426624,BBB,2014J,0.1,0.05128205128205128
426650,BBB,2013B,0.0,0.0
426736,GGG,2013J,0.1,0.2857142857142857
426838,BBB,2013B,0.05,0.05
426871,DDD,2013B,0.25,0.07692307692307693
426887,DDD,2013J,0.2,0.038834951456310676
427256,FFF,2014J,0.25,0.07352941176470588
427321,GGG,2013J,0.2,0.16
427344,DDD,2013J,0.0,0.0
427348,FFF,2013B,0.0,0.0
427390,CCC,2014J,0.05,0.06666666666666667
427413,CCC,2014J,0.2,0.07272727272727272
427413,EEE,2013J,0.05,0.045454545454545456
427536,BBB,2013B,0.1,0.05555555555555555
427683,BBB,2013J,0.0,0.0
427704,BBB,2013B,0.05,0.045454545454545456
427773,BBB,2013B,0.2,0.1
427802,FFF,2013J,0.05,0.0196078431372549
427921,BBB,2013J,0.05,0.047619047619047616
428116,DDD,2014J,0.05,0.03333333333333333
428142,FFF,2013B,0.15,0.046153846153846156
428323,BBB,2013J,0.1,0.09090909090909091
428641,FFF,2013B,0.05,0.01818181818181818
428653,BBB,2013J,0.0,0.0
428787,DDD,2014J,0.1,0.125
428932,FFF,2013B,0.1,0.03125
428979,FFF,2013B,0.1,0.044444444444444446
429004,GGG,2014J,0.25,0.18518518518518517
429015,CCC,2014J,0.0,0.0
429015,FFF,2014B,0.05,0.02564102564102564
429038,BBB,2013B,0.0,0.0
429065,CCC,2014B,0.0,0.0
429099,BBB,2014B,0.15,0.08823529411764706
429162,FFF,2013B,0.0,0.0
429185,CCC,2014B,0.3,0.15384615384615385
429212,DDD,2013J,0.05,0.1111111111111111
429417,BBB,2014B,0.25,0.1282051282051282
429610,BBB,2013J,0.2,0.10526315789473684
429832,FFF,2013J,0.05,0.045454545454545456
429832,FFF,2014J,0.0,0.0
429833,DDD,2013B,0.05,0.037037037037037035
429854,DDD,2013J,0.0,0.0
429858,AAA,2014J,0.05,0.04
429958,AAA,2013J,0.05,0.041666666666666664
430356,DDD,2013J,0.25,0.06172839506172839
430357,BBB,2013B,0.0,0.0
430392,BBB,2013J,0.15,0.12
430487,CCC,2014J,0.15,0.11538461538461539
430516,FFF,2014B,0.0,0.0
430530,BBB,2014J,0.1,0.15384615384615385
430554,FFF,2013B,0.0,0.0
430625,FFF,2014B,0.05,0.25
430678,DDD,2014B,0.0,0.0
430686,CCC,2014B,0.1,0.07692307692307693
430708,BBB,2013J,0.0,0.0
430806,CCC,2014J,0.45,0.140625
431005,DDD,2013B,0.0,0.0
431005,DDD,2013J,0.0,0.0
431014,EEE,2013J,0.0,0.0
431025,AAA,2014J,0.0,0.0
431071,BBB,2013B,0.05,0.047619047619047616
431136,DDD,2014B,0.0,0.0
431136,DDD,2014J,0.0,0.0
431139,FFF,2014J,0.15,0.036585365853658534
431251,FFF,2013B,0.2,0.03508771929824561
431386,CCC,2014B,0.0,0.0
431406,DDD,2014B,0.1,0.04
431987,FFF,2014B,0.15,0.0375
432144,BBB,2013J,0.0,0.0
432222,FFF,2013B,0.2,0.041666666666666664
432232,BBB,2013B,0.05,0.08333333333333333
432237,BBB,2013J,0.05,0.1
432336,FFF,2013J,0.0,0.0
432478,CCC,2014J,0.0,0.0
432480,BBB,2014B,0.0,0.0
432484,EEE,2014J,0.0,0.0
432532,FFF,2013B,0.3,0.05660377358490566
432592,FFF,2013J,0.2,0.039603960396039604
432624,DDD,2013J,0.05,0.047619047619047616
432642,DDD,2014J,0.2,0.06349206349206349
432703,FFF,2013J,0.15,0.058823529411764705
432724,CCC,2014J,0.2,0.10526315789473684
432862,DDD,2013J,0.05,0.030303030303030304
432870,BBB,2013B,0.1,0.05128205128205128
432968,DDD,2013J,0.05,0.09090909090909091
433151,DDD,2013B,0.25,0.08333333333333333
433165,GGG,2013J,0.1,0.07692307692307693
433280,BBB,2013J,0.2,0.1
433386,DDD,2013B,0.1,0.0392156862745098
433508,CCC,2014J,0.0,0.0
433508,DDD,2013J,0.05,0.014084507042253521
433531,BBB,2013B,0.1,0.08333333333333333
433748,DDD,2013J,0.05,0.034482758620689655
433755,BBB,2013B,0.0,0.0
433794,CCC,2014J,0.15,0.07317073170731707
433864,BBB,2013J,0.0,0.0
433939,BBB,2013B,0.0,0.0
433939,BBB,2014J,0.05,0.07692307692307693
434002,DDD,2014B,0.0,0.0
434002,DDD,2014J,0.05,0.018867924528301886
434192,BBB,2013B,0.0,0.0
434298,FFF,2013B,0.0,0.0
434347,EEE,2014J,0.2,0.13793103448275862
434353,BBB,2013B,0.05,0.05263157894736842
434397,BBB,2013J,0.05,0.037037037037037035
434476,FFF,2013B,0.05,0.023809523809523808
434476,FFF,2014J,0.05,0.007042253521126761
434562,CCC,2014B,0.1,0.05405405405405406
434562,EEE,2013J,0.0,0.0
434585,BBB,2013J,0.05,0.017857142857142856
434617,FFF,2013J,0.0,0.0
434646,BBB,2013B,0.15,0.046153846153846156
434759,EEE,2013J,0.2,0.17391304347826086
434767,DDD,2014J,0.0,0.0
434841,CCC,2014J,0.0,0.0
434841,DDD,2014B,0.0,0.0
434977,DDD,2013B,0.05,0.023809523809523808
435043,FFF,2013B,0.05,0.023255813953488372
435101,DDD,2013B,0.0,0.0
435245,BBB,2013B,0.1,0.15384615384615385
435277,EEE,2013J,0.2,0.14814814814814814
435282,BBB,2014B,0.0,0.0
435287,BBB,2014J,0.0,0.0
435423,DDD,2013B,0.2,0.056338028169014086
435446,FFF,2014B,0.15,0.08108108108108109
435572,DDD,2014J,0.15,0.125
435587,DDD,2013J,0.0,0.0
436044,FFF,2013J,0.0,0.0
436058,CCC,2014B,0.15,0.08571428571428572
436213,EEE,2014J,0.05,0.16666666666666666
436481,FFF,2014B,0.15,0.06818181818181818
436590,FFF,2014B,0.3,0.0625
436898,DDD,2014J,0.25,0.06578947368421052
437171,BBB,2014B,0.05,0.045454545454545456
437281,DDD,2013B,0.25,0.07352941176470588
437482,CCC,2014J,0.1,0.05405405405405406
437550,BBB,2014J,0.3,0.125
437562,BBB,2013B,0.15,0.075
437565,BBB,2014B,0.1,0.05714285714285714
437872,FFF,2013B,0.35,0.07368421052631578
437923,DDD,2013J,0.15,0.075
437967,BBB,2013B,0.1,0.15384615384615385
438063,FFF,2013J,0.0,0.0
438068,BBB,2013J,0.05,0.047619047619047616
438244,DDD,2013B,0.0,0.0
438283,EEE,2013J,0.0,0.0
438290,DDD,2013J,0.0,0.0
438313,FFF,2013J,0.05,0.022222222222222223
438323,FFF,2013B,0.0,0.0
438452,FFF,2013B,0.1,0.0392156862745098
438551,BBB,2013J,0.15,0.09375
438644,FFF,2013J,0.1,0.14285714285714285
438644,FFF,2014J,0.0,0.0
438662,DDD,2013B,0.05,0.047619047619047616
438703,BBB,2013B,0.1,0.1
438751,DDD,2013J,0.15,0.05
438796,CCC,2014B,0.0,0.0
438796,FFF,2014B,0.05,0.018518518518518517
439109,BBB,2014B,0.0,0.0
439170,GGG,2014J,0.15,0.12
439182,BBB,2013J,0.0,0.0
439305,AAA,2014J,0.15,0.15789473684210525
439433,FFF,2014B,0.2,0.1
439542,DDD,2013B,0.0,0.0
439568,DDD,2013J,0.25,0.058823529411764705
439633,FFF,2014B,0.05,0.043478260869565216
439677,BBB,2014J,0.0,0.0
439677,GGG,2013J,0.1,0.10526315789473684
439710,BBB,2014B,0.2,0.10256410256410256
439713,DDD,2013J,0.0,0.0
439806,BBB,2014J,0.15,0.12
439855,DDD,2013J,0.15,0.0379746835443038
439857,BBB,2013B,0.0,0.0
439896,FFF,2014B,0.0,0.0
439950,FFF,2014J,0.05,0.041666666666666664
439995,FFF,2014J,0.05,0.02631578947368421
440003,DDD,2013J,0.4,0.064
440057,BBB,2013B,0.15,0.3
440103,CCC,2014J,0.1,0.10526315789473684
440103,DDD,2014B,0.05,0.03571428571428571
440171,CCC,2014J,0.15,0.17647058823529413
440225,BBB,2013J,0.05,0.047619047619047616
440319,AAA,2014J,0.0,0.0
440323,CCC,2014B,0.15,0.10344827586206896
440331,DDD,2014B,0.3,0.08333333333333333
440375,DDD,2013B,0.0,0.0
440499,DDD,2013B,0.2,0.07692307692307693
440509,BBB,2013B,0.0,0.0
440559,FFF,2014B,0.15,0.04918032786885246
440563,BBB,2013J,0.1,0.05405405405405406
440610,EEE,2013J,0.2,0.17391304347826086
440632,FFF,2013B,0.2,0.08695652173913043
440765,BBB,2013J,0.0,0.0
440798,DDD,2014B,0.0,0.0
440818,FFF,2014J,0.4,0.061068702290076333
440825,FFF,2013B,0.05,0.08333333333333333
440905,CCC,2014B,0.1,0.08
441000,BBB,2013B,0.0,0.0
441018,AAA,2013J,0.05,0.037037037037037035
441087,DDD,2014J,0.2,0.06896551724137931
441113,DDD,2013B,0.15,0.046153846153846156
441132,DDD,2013B,0.05,0.023255813953488372
441165,FFF,2014J,0.05,0.024390243902439025
441181,BBB,2013B,0.1,0.07142857142857142
441201,DDD,2013B,0.25,0.10204081632653061
441213,DDD,2014B,0.2,0.08163265306122448
441255,BBB,2013B,0.0,0.0
441302,DDD,2013B,0.1,0.038461538461538464
441342,DDD,2013J,0.2,0.05970149253731343
441385,EEE,2014J,0.15,0.23076923076923078
441389,DDD,2013B,0.2,0.07692307692307693
441421,FFF,2014J,0.1,0.09090909090909091
441444,DDD,2013J,0.1,0.05714285714285714
441540,CCC,2014B,0.0,0.0
441540,EEE,2013J,0.1,0.06666666666666667
441606,FFF,2013J,0.1,0.024390243902439025
441791,GGG,2014B,0.15,0.16666666666666666
441852,EEE,2014B,0.45,0.45
441858,EEE,2013J,0.15,0.13636363636363635
441885,DDD,2013J,0.1,0.028985507246376812
441888,AAA,2013J,0.05,0.03125
441892,DDD,2013J,0.0,0.0
441895,EEE,2014J,0.3,0.23076923076923078
441897,DDD,2014J,0.0,0.0
441954,FFF,2013B,0.05,0.015873015873015872
442012,BBB,2013B,0.1,0.045454545454545456
442017,DDD,2014J,0.15,0.11538461538461539
442064,AAA,2014J,0.05,0.06666666666666667
442132,AAA,2014J,0.0,0.0
442183,BBB,2013B,0.05,0.05263157894736842
442199,FFF,2014J,0.15,0.0967741935483871
442347,FFF,2014J,0.0,0.0
442359,EEE,2014J,0.2,0.15384615384615385
442442,AAA,2013J,0.05,0.16666666666666666
442456,BBB,2013B,0.05,0.04
442497,BBB,2014B,0.05,0.14285714285714285
442545,DDD,2013B,0.0,0.0
442547,DDD,2013J,0.05,0.029411764705882353
442549,DDD,2014J,0.05,0.058823529411764705
442561,GGG,2014B,0.25,0.18518518518518517
442563,FFF,2014J,0.3,0.11538461538461539
442589,DDD,2013J,0.2,0.08888888888888889
442590,DDD,2013J,0.35,0.0958904109589041
442669,CCC,2014J,0.3,0.11320754716981132
442725,FFF,2014J,0.0,0.0
442753,FFF,2014B,0.0,0.0
442802,FFF,2014J,0.2,0.05970149253731343
442807,EEE,2013J,0.2,0.16
442865,DDD,2013B,0.15,0.058823529411764705
442873,DDD,2014B,0.05,0.0196078431372549
442877,GGG,2014B,0.35,0.20588235294117646
442878,DDD,2013J,0.0,0.0
442886,DDD,2013B,0.25,0.07042253521126761
442910,BBB,2013J,0.1,0.125
442924,CCC,2014J,0.0,0.0
442924,DDD,2013J,0.15,0.06818181818181818
442949,GGG,2014B,0.1,0.2222222222222222
442987,GGG,2014J,0.35,0.2413793103448276
443007,FFF,2014B,0.2,0.06896551724137931
443108,BBB,2013B,0.0,0.0
443151,FFF,2014J,0.2,0.06060606060606061
443181,EEE,2013J,0.4,0.25
443200,EEE,2014J,0.7,0.25925925925925924
443215,DDD,2013B,0.35,0.05982905982905983
443275,DDD,2014J,0.1,0.034482758620689655
443288,BBB,2013B,0.1,0.07142857142857142
443297,DDD,2013B,0.1,0.03773584905660377
443387,GGG,2014B,0.15,0.11538461538461539
443400,DDD,2013J,0.0,0.0
443438,DDD,2013J,0.0,0.0
443498,EEE,2014J,0.15,0.1875
443514,FFF,2014J,0.25,0.08928571428571429
443539,DDD,2014J,0.3,0.13636363636363635
443540,DDD,2013J,0.1,0.1111111111111111
443563,FFF,2013B,0.1,0.03389830508474576
443696,FFF,2013B,0.05,0.03333333333333333
443696,FFF,2014J,0.1,0.0625
443731,DDD,2013J,0.0,0.0
443765,GGG,2014J,0.4,0.3076923076923077
443861,DDD,2014B,0.1,0.05405405405405406
443948,EEE,2014B,0.45,0.4090909090909091
443950,FFF,2013B,0.15,0.0410958904109589
443964,CCC,2014J,0.6,0.16901408450704225
443989,FFF,2013B,0.1,0.02702702702702703
444011,FFF,2014J,0.05,0.02631578947368421
444117,BBB,2013B,0.05,0.058823529411764705
444180,DDD,2014J,0.1,0.029850746268656716
444197,EEE,2014B,0.15,0.14285714285714285
444266,FFF,2013J,0.15,0.05660377358490566
444317,DDD,2013J,0.4,0.07920792079207921
444349,EEE,2014B,0.0,0.0
444361,BBB,2014J,0.0,0.0
444375,DDD,2013J,0.2,0.057971014492753624
444403,EEE,2013J,0.25,0.16129032258064516
444408,BBB,2013B,0.0,0.0
444545,BBB,2014J,0.0,0.0
444561,BBB,2014B,0.05,0.043478260869565216
444574,FFF,2014B,0.2,0.06666666666666667
444576,DDD,2013B,0.05,0.1111111111111111
444619,FFF,2014J,0.05,0.010526315789473684
444677,AAA,2013J,0.15,0.07692307692307693
444697,FFF,2013J,0.1,0.04
444766,DDD,2014J,0.45,0.11392405063291139
444768,BBB,2014J,0.0,0.0
444783,DDD,2014J,0.15,0.10714285714285714
444784,BBB,2013B,0.05,0.09090909090909091
444821,BBB,2013J,0.0,0.0
444856,FFF,2013J,0.1,0.05405405405405406
444858,BBB,2014B,0.0,0.0
444872,BBB,2014B,0.0,0.0
444907,FFF,2014J,0.2,0.05
444926,BBB,2013B,0.0,0.0
444943,GGG,2013J,0.5,0.2702702702702703
445049,EEE,2014J,0.1,0.2
445065,BBB,2013B,0.2,0.14285714285714285
445086,GGG,2013J,0.2,0.13333333333333333
445109,DDD,2013J,0.3,0.13043478260869565
445114,CCC,2014J,0.2,0.11764705882352941
445125,BBB,2013B,0.1,0.2
445136,BBB,2014J,0.0,0.0
445145,DDD,2014B,0.1,0.1
445239,DDD,2014J,0.1,0.06060606060606061
445351,BBB,2013J,0.0,0.0
445386,DDD,2013J,0.05,0.017543859649122806
445410,FFF,2013J,0.0,0.0
445415,BBB,2014B,0.0,0.0
445429,DDD,2014J,0.2,0.07272727272727272
445451,DDD,2014J,0.25,0.09433962264150944
445494,BBB,2014B,0.05,0.14285714285714285
445686,FFF,2014J,0.25,0.08333333333333333
445760,BBB,2013J,0.0,0.0
445774,BBB,2014J,0.1,0.3333333333333333
445776,FFF,2013J,0.05,0.03571428571428571
445777,CCC,2014B,0.3,0.1111111111111111
445785,DDD,2013J,0.0,0.0
445857,DDD,2014B,0.25,0.06493506493506493
445889,BBB,2013B,0.0,0.0
445917,CCC,2014B,0.0,0.0
445917,DDD,2013J,0.1,0.045454545454545456
445930,DDD,2013J,0.1,0.03636363636363636
445947,FFF,2014B,0.0,0.0
445972,CCC,2014B,0.05,0.027777777777777776
445972,EEE,2013J,0.05,0.037037037037037035
446045,BBB,2013B,0.0,0.0
446077,EEE,2014B,0.05,0.3333333333333333
446097,DDD,2014J,0.05,0.03225806451612903
446108,AAA,2014J,0.1,0.08333333333333333
446246,DDD,2013J,0.1,0.03508771929824561
446279,DDD,2013J,0.35,0.09333333333333334
446296,BBB,2014B,0.0,0.0
446324,EEE,2013J,0.2,0.13793103448275862
446345,BBB,2013J,0.05,0.0625
446397,EEE,2013J,0.45,0.3
446439,CCC,2014J,0.1,0.058823529411764705
446440,FFF,2013B,0.2,0.06060606060606061
446479,CCC,2014J,0.0,0.0
446628,FFF,2013J,0.0,0.0
446650,BBB,2014B,0.05,0.02631578947368421
446730,DDD,2014J,0.2,0.05263157894736842
446755,BBB,2014B,0.05,0.05
446761,DDD,2014J,0.1,0.03278688524590164
446778,CCC,2014J,0.0,0.0
446814,DDD,2013B,0.05,0.043478260869565216
446856,BBB,2013B,0.05,0.02857142857142857
447059,DDD,2013J,0.2,0.0851063829787234
447086,BBB,2013J,0.15,0.2727272727272727
447124,BBB,2014J,0.1,0.046511627906976744
447127,FFF,2013B,0.0,0.0
447162,DDD,2014B,0.15,0.06
447184,BBB,2014B,0.15,0.12
447235,EEE,2014B,0.2,0.19047619047619047
447242,DDD,2013B,0.2,0.056338028169014086
447265,BBB,2014B,0.1,0.125
447324,BBB,2014J,0.0,0.0
447475,GGG,2014B,0.35,0.2413793103448276
447481,AAA,2014J,0.25,0.14705882352941177
447510,DDD,2014J,0.0,0.0
447516,BBB,2013J,0.05,0.03125
447644,CCC,2014J,0.0,0.0
447644,DDD,2014J,0.0,0.0
447695,CCC,2014J,0.0,0.0
447759,BBB,2013B,0.0,0.0
447782,BBB,2013B,0.15,0.2
447790,BBB,2013B,0.0,0.0
464236,DDD,2013B,0.2,0.06896551724137931
464525,BBB,2013J,0.25,0.12195121951219512
464616,FFF,2013J,0.05,0.02702702702702703
464685,DDD,2014B,0.05,0.012987012987012988
464724,EEE,2014B,0.1,0.07692307692307693
464732,CCC,2014J,0.2,0.11764705882352941
464748,DDD,2014B,0.0,0.0
464748,DDD,2014J,0.0,0.0
464780,EEE,2014J,0.05,0.03571428571428571
464785,FFF,2013B,0.15,0.03225806451612903
464924,DDD,2013J,0.25,0.06756756756756757
464957,EEE,2014J,0.15,0.1875
464968,DDD,2014J,0.1,0.05263157894736842
464981,CCC,2014J,0.0,0.0
464981,FFF,2013J,0.1,0.01818181818181818
465121,FFF,2014J,0.05,0.022727272727272728
465175,FFF,2013B,0.05,0.05263157894736842
465175,FFF,2014B,0.0,0.0
465260,DDD,2013B,0.2,0.06557377049180328
465294,FFF,2014J,0.35,0.07291666666666667
465312,FFF,2013B,0.2,0.046511627906976744
465331,CCC,2014J,0.05,0.047619047619047616
465369,BBB,2014B,0.1,0.15384615384615385
465392,EEE,2013J,0.0,0.0
465406,CCC,2014B,0.0,0.0
465406,EEE,2014J,0.3,0.14634146341463414
465413,DDD,2014B,0.1,0.030303030303030304
465421,FFF,2014B,0.2,0.06896551724137931
465430,FFF,2013B,0.25,0.07352941176470588
465441,DDD,2013J,0.0,0.0
465564,DDD,2014J,0.1,0.03333333333333333
465564,EEE,2013J,0.05,0.034482758620689655
465567,GGG,2014J,0.1,0.15384615384615385
465599,BBB,2013B,0.1,0.18181818181818182
465619,CCC,2014J,0.0,0.0
465619,EEE,2013J,0.0,0.0
465629,DDD,2013J,0.0,0.0
465629,DDD,2014J,0.0,0.0
465719,CCC,2014B,0.0,0.0
465727,DDD,2013B,0.2,0.05128205128205128
465730,BBB,2013B,0.0,0.0
465730,BBB,2013J,0.0,0.0
465732,CCC,2014J,0.05,0.14285714285714285
465764,DDD,2013B,0.2,0.0392156862745098
465777,EEE,2013J,0.15,0.21428571428571427
465789,CCC,2014J,0.15,0.08823529411764706
465843,CCC,2014B,0.05,0.02857142857142857
465843,DDD,2013B,0.1,0.03225806451612903
465893,FFF,2013J,0.1,0.023529411764705882
465900,CCC,2014J,0.05,0.09090909090909091
465900,FFF,2013J,0.05,0.019230769230769232
465952,GGG,2014J,0.1,0.13333333333333333
466120,FFF,2014J,0.15,0.13043478260869565
466202,BBB,2013J,0.1,0.1111111111111111
466203,FFF,2013B,0.15,0.024
466216,DDD,2013B,0.3,0.06741573033707865
466230,DDD,2014J,0.25,0.09090909090909091
466289,CCC,2014B,0.05,0.021739130434782608
466289,DDD,2014J,0.1,0.038461538461538464
466329,FFF,2013B,0.0,0.0
466347,FFF,2014B,0.15,0.1
466360,CCC,2014J,0.05,0.03125
466372,CCC,2014J,0.0,0.0
466377,BBB,2014B,0.0,0.0
466425,FFF,2013J,0.2,0.06557377049180328
466477,BBB,2013J,0.2,0.23529411764705882
466508,EEE,2014J,0.3,0.3
466539,DDD,2013J,0.05,0.011494252873563218
466576,FFF,2014B,0.1,0.05714285714285714
466714,CCC,2014B,0.0,0.0
466714,DDD,2014B,0.0,0.0
466800,BBB,2013B,0.05,0.2
466807,FFF,2013J,0.0,0.0
466807,FFF,2014J,0.05,0.029411764705882353
466810,BBB,2013B,0.05,0.02564102564102564
466828,FFF,2013B,0.05,0.01694915254237288
466854,BBB,2013J,0.0,0.0
466856,BBB,2014B,0.0,0.0
466880,DDD,2013J,0.0,0.0
466892,EEE,2014J,0.2,0.23529411764705882
466900,GGG,2013J,0.05,0.05263157894736842
466959,BBB,2013B,0.05,1.0
466961,EEE,2013J,0.1,0.08
466973,BBB,2013B,0.0,0.0
466987,FFF,2014J,0.4,0.1
466990,DDD,2013B,0.1,0.041666666666666664
467035,BBB,2013B,0.15,0.07894736842105263
467100,BBB,2014B,0.05,0.043478260869565216
467144,EEE,2014B,0.0,0.0
467230,CCC,2014B,0.05,0.045454545454545456
467230,DDD,2014B,0.0,0.0
467243,FFF,2013J,0.05,0.023255813953488372
467292,BBB,2013B,0.0,0.0
467294,DDD,2013B,0.05,0.043478260869565216
467302,EEE,2013J,0.4,0.24242424242424243
467303,BBB,2014B,0.05,0.16666666666666666
467363,FFF,2014J,0.1,0.06666666666666667
467396,BBB,2014J,0.15,0.08823529411764706
467413,DDD,2013B,0.25,0.07936507936507936
467416,FFF,2013B,0.35,0.07526881720430108
467504,FFF,2013J,0.15,0.03896103896103896
467506,FFF,2013B,0.25,0.0641025641025641
467524,FFF,2013J,0.15,0.0410958904109589
467580,BBB,2014B,0.05,0.03225806451612903
467582,FFF,2014B,0.25,0.05102040816326531
467685,FFF,2013J,0.0,0.0
467700,FFF,2013B,0.05,0.029411764705882353
467725,FFF,2013B,0.2,0.03389830508474576
467822,DDD,2013B,0.15,0.06818181818181818
467854,FFF,2013B,0.2,0.05194805194805195
467893,DDD,2014J,0.1,0.03225806451612903
467901,FFF,2013J,0.0,0.0
468349,BBB,2014B,0.0,0.0
468386,DDD,2014J,0.0,0.0
468529,BBB,2014B,0.0,0.0
468694,AAA,2014J,0.05,0.08333333333333333
468720,DDD,2014J,0.0,0.0
468753,CCC,2014B,0.0,0.0
468808,DDD,2013B,0.1,0.04878048780487805
468845,DDD,2014J,0.15,0.058823529411764705
468902,EEE,2013J,0.0,0.0
468908,FFF,2013B,0.0,0.0
468927,DDD,2013J,0.1,0.03389830508474576
468947,FFF,2013J,0.05,0.08333333333333333
468949,BBB,2013B,0.1,0.14285714285714285
469016,DDD,2013B,0.15,0.07894736842105263
469113,EEE,2013J,0.0,0.0
469154,FFF,2013B,0.25,0.0847457627118644
469177,BBB,2014B,0.0,0.0
469281,EEE,2013J,0.05,0.04
469424,EEE,2014J,0.25,0.21739130434782608
469425,DDD,2014B,0.05,0.06666666666666667
469465,DDD,2013J,0.25,0.08333333333333333
469499,FFF,2014J,0.15,0.046153846153846156
469553,DDD,2013J,0.05,0.041666666666666664
469579,BBB,2014J,0.1,0.3333333333333333
469614,DDD,2014B,0.0,0.0
469624,DDD,2014J,0.1,0.03333333333333333
469633,DDD,2014J,0.0,0.0
469683,BBB,2013B,0.0,0.0
469743,FFF,2013B,0.2,0.030534351145038167
469761,CCC,2014B,0.2,0.0851063829787234
469761,EEE,2014B,0.15,0.1
469861,EEE,2014B,0.15,0.23076923076923078
469878,BBB,2013J,0.05,0.038461538461538464
469887,CCC,2014J,0.05,0.1
469959,EEE,2013J,0.15,0.2727272727272727
469977,FFF,2014B,0.1,0.07407407407407407
470001,FFF,2013J,0.25,0.04716981132075472
470002,CCC,2014B,0.0,0.0
470113,BBB,2014B,0.1,0.07142857142857142
470159,CCC,2014J,0.05,0.07692307692307693
470187,GGG,2014J,0.1,0.2
470318,BBB,2013B,0.2,0.08
470331,BBB,2014B,0.1,0.0625
470340,GGG,2013J,0.15,0.13636363636363635
470385,CCC,2014J,0.6,0.19672131147540983
470403,DDD,2013J,0.1,0.05555555555555555
470461,EEE,2014J,0.05,0.07142857142857142
470461,FFF,2013J,0.15,0.08333333333333333
470464,BBB,2014J,0.0,0.0
470534,EEE,2013J,0.05,0.25
470588,AAA,2014J,0.0,0.0
470619,FFF,2014B,0.15,0.04918032786885246
470637,DDD,2013B,0.0,0.0
470653,BBB,2013B,0.1,0.13333333333333333
470693,BBB,2014B,0.15,0.13636363636363635
470733,DDD,2014B,0.0,0.0
470786,FFF,2013B,0.1,0.08695652173913043
470869,BBB,2013J,0.05,0.047619047619047616
470870,FFF,2013J,0.0,0.0
470900,GGG,2014J,0.4,0.25
470914,DDD,2014J,0.05,0.045454545454545456
470921,DDD,2013B,0.1,0.03278688524590164
470982,AAA,2014J,0.15,0.16666666666666666
471027,CCC,2014J,0.35,0.1076923076923077
471196,BBB,2013J,0.0,0.0
471284,FFF,2014J,0.05,0.020833333333333332
471373,DDD,2013J,0.3,0.08333333333333333
471434,BBB,2013J,0.0,0.0
471525,BBB,2013B,0.05,0.1111111111111111
471580,CCC,2014J,0.15,0.1111111111111111
471580,EEE,2013J,0.1,0.06896551724137931
471654,DDD,2013B,0.1,0.03225806451612903
471657,CCC,2014B,0.0,0.0
471711,BBB,2013J,0.1,0.08
471810,CCC,2014J,0.05,0.2
471925,BBB,2014B,0.2,0.12903225806451613
471973,FFF,2013J,0.1,0.024691358024691357
471977,FFF,2013B,0.2,0.07547169811320754
471979,CCC,2014B,0.05,0.02127659574468085
472000,DDD,2013J,0.1,0.047619047619047616
472060,DDD,2013B,0.0,0.0
472060,DDD,2013J,0.0,0.0
472073,DDD,2014J,0.15,0.06
472087,CCC,2014B,0.0,0.0
472087,EEE,2013J,0.15,0.15789473684210525
472120,FFF,2014B,0.0,0.0
472180,DDD,2013B,0.05,0.07142857142857142
472257,DDD,2014B,0.0,0.0
472262,BBB,2013J,0.1,0.07692307692307693
472284,DDD,2014B,0.05,0.014705882352941176
472290,EEE,2013J,0.1,0.07142857142857142
472309,CCC,2014B,0.0,0.0
472309,CCC,2014J,0.05,0.08333333333333333
472327,BBB,2013J,0.0,0.0
472336,EEE,2013J,0.25,0.15625
472348,BBB,2013B,0.0,0.0
472511,GGG,2014B,0.2,0.11764705882352941
472584,DDD,2013B,0.1,0.03571428571428571
472586,BBB,2013B,0.0,0.0
472602,FFF,2013B,0.05,0.02631578947368421
472616,DDD,2014J,0.05,0.03333333333333333
472651,CCC,2014J,0.05,0.03125
472651,DDD,2014B,0.1,0.03773584905660377
472736,CCC,2014J,0.2,0.07407407407407407
472762,CCC,2014J,0.15,0.07317073170731707
472762,EEE,2014J,0.1,0.06451612903225806
472810,FFF,2014B,0.0,0.0
472857,EEE,2013J,0.2,0.23529411764705882
472911,GGG,2013J,0.1,0.09090909090909091
472949,DDD,2014J,0.0,0.0
473008,DDD,2013B,0.05,0.025
473082,CCC,2014J,0.2,0.13333333333333333
473095,BBB,2013B,0.05,0.1111111111111111
473095,BBB,2014B,0.0,0.0
473095,BBB,2014J,0.05,0.045454545454545456
473102,FFF,2013B,0.0,0.0
473104,DDD,2013J,0.25,0.04504504504504504
473129,DDD,2014J,0.0,0.0
473162,FFF,2013B,0.2,0.0380952380952381
473265,DDD,2014B,0.0,0.0
473271,BBB,2014J,0.1,0.1111111111111111
473271,GGG,2013J,0.0,0.0
473328,BBB,2013B,0.0,0.0
473340,DDD,2013J,0.0,0.0
473378,DDD,2013J,0.15,0.09090909090909091
473491,CCC,2014J,0.1,0.025974025974025976
473491,FFF,2013J,0.05,0.014084507042253521
473640,DDD,2013B,0.05,0.05263157894736842
473640,DDD,2013J,0.0,0.0
473739,EEE,2013J,0.2,0.125
473789,FFF,2013B,0.3,0.05504587155963303
473924,GGG,2013J,0.25,0.1388888888888889
473943,EEE,2013J,0.15,0.21428571428571427
473965,CCC,2014B,0.0,0.0
473965,DDD,2013B,0.0,0.0
474067,GGG,2013J,0.35,0.175
474071,BBB,2013J,0.1,0.07692307692307693
474126,FFF,2013J,0.1,0.025974025974025976
474133,DDD,2013B,0.1,0.03508771929824561
474153,DDD,2013B,0.0,0.0
474153,DDD,2014B,0.0,0.0
474246,DDD,2013J,0.0,0.0
474283,CCC,2014B,0.1,0.2857142857142857
474290,EEE,2014J,0.15,0.1875
474387,BBB,2014J,0.05,0.034482758620689655
474408,BBB,2014J,0.3,0.09523809523809523
474451,DDD,2014B,0.1,0.15384615384615385
474464,DDD,2013B,0.15,0.07692307692307693
474495,CCC,2014J,0.1,0.05555555555555555
474495,DDD,2013J,0.0,0.0
474607,BBB,2014B,0.0,0.0
474628,CCC,2014J,0.15,0.08333333333333333
474628,EEE,2014B,0.25,0.19230769230769232
474633,DDD,2013B,0.35,0.10606060606060606
474667,FFF,2014J,0.1,0.04
474674,EEE,2014B,0.0,0.0
474677,FFF,2013B,0.0,0.0
474677,FFF,2014B,0.0,0.0
474740,DDD,2013B,0.1,0.06451612903225806
474902,DDD,2013J,0.15,0.061224489795918366
474949,FFF,2013J,0.0,0.0
475015,FFF,2014J,0.15,0.09090909090909091
475065,CCC,2014J,0.25,0.13513513513513514
475095,BBB,2013B,0.15,0.1111111111111111
475149,CCC,2014J,0.05,0.020833333333333332
475163,CCC,2014J,0.0,0.0
475215,BBB,2013J,0.0,0.0
475253,FFF,2013J,0.0,0.0
475363,BBB,2014J,0.0,0.0
475370,EEE,2013J,0.15,0.10714285714285714
475443,DDD,2013B,0.0,0.0
475460,BBB,2013B,0.0,0.0
475497,EEE,2014B,0.05,0.3333333333333333
475619,DDD,2013B,0.05,0.05263157894736842
475681,FFF,2013B,0.05,0.05555555555555555
475688,BBB,2013B,0.2,0.09090909090909091
475734,CCC,2014J,0.3,0.25
475811,FFF,2014B,0.1,0.05263157894736842
475839,DDD,2014J,0.0,0.0
475863,DDD,2014J,0.15,0.05454545454545454
475883,DDD,2013B,0.3,0.10714285714285714
475893,EEE,2013J,0.2,0.3076923076923077
475897,DDD,2013B,0.1,0.046511627906976744
475908,DDD,2014J,0.1,0.04081632653061224
475945,CCC,2014B,0.1,0.05405405405405406
475981,BBB,2014B,0.05,0.1111111111111111
476037,BBB,2013B,0.05,0.07142857142857142
476037,BBB,2014B,0.0,0.0
476041,DDD,2013B,0.0,0.0
476108,CCC,2014B,0.15,0.12
476144,DDD,2013J,0.05,0.014705882352941176
476170,DDD,2013J,0.0,0.0
476194,FFF,2013B,0.1,0.02666666666666667
476201,BBB,2013B,0.0,0.0
476278,BBB,2013J,0.1,0.08333333333333333
476297,BBB,2013B,0.0,0.0
476369,BBB,2013B,0.05,0.05
476401,FFF,2014J,0.05,0.015151515151515152
476438,EEE,2014J,0.15,0.13636363636363635
476497,EEE,2014J,0.1,0.5
476520,FFF,2013J,0.15,0.05357142857142857
476596,BBB,2013B,0.0,0.0
476603,AAA,2014J,0.25,0.1388888888888889
476629,FFF,2014J,0.1,0.04878048780487805
476637,DDD,2013B,0.0,0.0
476709,BBB,2013B,0.15,0.16666666666666666
476710,BBB,2013B,0.25,0.07042253521126761
476769,BBB,2014J,0.2,0.12903225806451613
476783,BBB,2013B,0.25,0.10869565217391304
476822,DDD,2013J,0.15,0.05555555555555555
476845,FFF,2013B,0.15,0.05084745762711865
476910,DDD,2013B,0.15,0.06
476921,GGG,2013J,0.05,0.16666666666666666
476937,CCC,2014B,0.1,0.09090909090909091
476964,DDD,2013B,0.15,0.041666666666666664
477009,BBB,2013B,0.05,0.2
477011,BBB,2013B,0.05,0.038461538461538464
477067,CCC,2014B,0.05,0.02702702702702703
477099,CCC,2014J,0.1,0.03636363636363636
477120,DDD,2013J,0.15,0.05357142857142857
477128,DDD,2013J,0.1,0.038461538461538464
477161,DDD,2013J,0.0,0.0
477164,BBB,2013B,0.0,0.0
477167,BBB,2013B,0.1,0.1111111111111111
477185,CCC,2014J,0.0,0.0
477185,FFF,2013B,0.0,0.0
477348,DDD,2013J,0.15,0.047619047619047616
477354,DDD,2014J,0.35,0.07954545454545454
477451,DDD,2013B,0.0,0.0
477468,GGG,2013J,0.0,0.0
477517,DDD,2013B,0.15,0.05660377358490566
477556,DDD,2014J,0.1,0.09090909090909091
477588,FFF,2014B,0.0,0.0
477650,GGG,2013J,0.05,0.05
477734,BBB,2013B,0.1,0.11764705882352941
477779,BBB,2014B,0.2,0.09302325581395349
477812,FFF,2013B,0.1,0.025
477812,FFF,2014B,0.0,0.0
477825,BBB,2013J,0.0,0.0
477833,FFF,2014B,0.0,0.0
477833,FFF,2014J,0.05,0.014285714285714285
477835,BBB,2013B,0.0,0.0
478069,BBB,2013J,0.1,0.16666666666666666
478073,FFF,2014B,0.15,0.06521739130434782
478212,CCC,2014B,0.05,0.07692307692307693
478212,EEE,2013J,0.0,0.0
478213,DDD,2013B,0.1,0.05555555555555555
478242,BBB,2014B,0.1,0.1111111111111111
478244,DDD,2013J,0.05,0.019230769230769232
478279,FFF,2013B,0.15,0.0625
478289,DDD,2013J,0.0,0.0
478317,BBB,2013B,0.05,0.058823529411764705
478317,BBB,2014B,0.05,0.07692307692307693
478332,FFF,2013J,0.05,0.012987012987012988
478337,FFF,2013B,0.15,0.03896103896103896
478346,CCC,2014J,0.0,0.0
478346,DDD,2013B,0.05,0.017543859649122806
478412,BBB,2014J,0.15,0.075
478432,FFF,2013B,0.3,0.07894736842105263
478435,EEE,2013J,0.15,0.42857142857142855
478444,BBB,2013B,0.0,0.0
478513,CCC,2014J,0.6,0.17142857142857143
478517,DDD,2014J,0.0,0.0
478550,CCC,2014B,0.05,0.041666666666666664
478550,EEE,2014B,0.1,0.18181818181818182
478556,GGG,2013J,0.1,0.09090909090909091
478562,EEE,2013J,0.05,0.03125
478583,FFF,2013J,0.0,0.0
478660,FFF,2013B,0.1,0.02564102564102564
478784,GGG,2013J,0.0,0.0
478791,EEE,2014B,0.4,0.4444444444444444
478792,BBB,2013B,0.05,0.125
478873,BBB,2013B,0.0,0.0
478886,GGG,2014J,0.45,0.3
478967,BBB,2013J,0.0,0.0
478977,CCC,2014B,0.0,0.0
479020,BBB,2013J,0.1,0.10526315789473684
479057,FFF,2013B,0.15,0.06521739130434782
479060,BBB,2013B,0.05,0.0625
479061,FFF,2014B,0.15,0.07894736842105263
479141,DDD,2013J,0.25,0.0684931506849315
479170,BBB,2013J,0.15,0.13043478260869565
479171,BBB,2013B,0.05,0.05263157894736842
479305,BBB,2013J,0.15,0.08571428571428572
479343,BBB,2013B,0.0,0.0
479356,FFF,2013B,0.2,0.07692307692307693
479442,GGG,2013J,0.2,0.12121212121212122
479457,DDD,2013J,0.15,0.02912621359223301
479516,BBB,2013B,0.0,0.0
479519,BBB,2013B,0.0,0.0
479522,CCC,2014J,0.3,0.13043478260869565
479553,DDD,2014J,0.25,0.09090909090909091
479649,DDD,2014B,0.0,0.0
479738,BBB,2014B,0.0,0.0
479753,CCC,2014B,0.15,0.3333333333333333
479753,EEE,2013J,0.0,0.0
479764,FFF,2013B,0.05,0.011764705882352941
479828,FFF,2013J,0.05,0.041666666666666664
479845,FFF,2013J,0.1,0.027777777777777776
479848,DDD,2013J,0.25,0.0641025641025641
479853,BBB,2013J,0.2,0.09090909090909091
479860,FFF,2013B,0.05,0.008928571428571428
479922,FFF,2013B,0.2,0.03508771929824561
479939,FFF,2014J,0.3,0.061855670103092786
479977,DDD,2013J,0.05,0.015625
479987,CCC,2014J,0.0,0.0
479987,EEE,2014J,0.0,0.0
480014,FFF,2013B,0.2,0.0547945205479452
480025,FFF,2013J,0.0,0.0
480086,GGG,2014B,0.2,0.4444444444444444
480115,CCC,2014J,0.2,0.10256410256410256
480115,EEE,2013J,0.0,0.0
480181,FFF,2013B,0.0,0.0
480199,FFF,2013B,0.3,0.09090909090909091
480207,DDD,2013B,0.2,0.05333333333333334
480225,DDD,2013B,0.35,0.13725490196078433
480372,BBB,2014B,0.0,0.0
480382,BBB,2013B,0.05,0.16666666666666666
480458,BBB,2013B,0.0,0.0
480507,BBB,2013B,0.1,0.18181818181818182
480554,BBB,2013B,0.05,0.09090909090909091
480579,EEE,2014J,0.25,0.18518518518518517
480590,GGG,2014B,0.25,0.2777777777777778
480604,CCC,2014B,0.05,0.07692307692307693
480650,BBB,2013B,0.05,0.047619047619047616
480667,BBB,2013J,0.0,0.0
480716,DDD,2013J,0.15,0.05454545454545454
480815,BBB,2013B,0.1,0.09090909090909091
480888,BBB,2013J,0.0,0.0
480929,CCC,2014B,0.0,0.0
480929,DDD,2013B,0.1,0.02564102564102564
480937,FFF,2013B,0.2,0.05063291139240506
480938,DDD,2013J,0.05,0.01694915254237288
480943,CCC,2014B,0.15,0.11538461538461539
480956,DDD,2014B,0.05,0.025
480959,GGG,2013J,0.15,0.1875
480960,FFF,2013B,0.15,0.030612244897959183
480981,FFF,2013B,0.0,0.0
480984,FFF,2013B,0.1,0.013071895424836602
481010,BBB,2013B,0.1,0.1
481022,AAA,2014J,0.0,0.0
481143,BBB,2013B,0.05,0.034482758620689655
481150,BBB,2014B,0.1,0.16666666666666666
481169,CCC,2014J,0.2,0.18181818181818182
481210,FFF,2014B,0.1,0.06896551724137931
481240,FFF,2014J,0.1,0.05555555555555555
481314,CCC,2014J,0.05,0.025
481314,FFF,2013J,0.1,0.017699115044247787
481350,CCC,2014J,0.1,0.0425531914893617
481350,DDD,2013B,0.05,0.013157894736842105
481404,GGG,2013J,0.1,0.09090909090909091
481453,FFF,2013B,0.2,0.0784313725490196
481538,DDD,2013J,0.2,0.08695652173913043
481549,DDD,2013B,0.1,0.0625
481580,BBB,2013B,0.0,0.0
481593,BBB,2014J,0.05,0.02040816326530612
481607,BBB,2013B,0.15,0.17647058823529413
481618,EEE,2014B,0.0,0.0
481667,DDD,2013J,0.1,0.037037037037037035
481717,FFF,2014J,0.25,0.05747126436781609
481762,GGG,2014B,0.25,0.1282051282051282
481772,GGG,2013J,0.0,0.0
481787,EEE,2014J,0.15,0.15
481790,BBB,2014J,0.15,0.15789473684210525
481863,DDD,2014B,0.0,0.0
481884,EEE,2014J,0.1,0.18181818181818182
482012,EEE,2013J,0.1,0.10526315789473684
482030,EEE,2014J,0.25,0.22727272727272727
482071,FFF,2013B,0.2,0.057971014492753624
482083,DDD,2013J,0.15,0.039473684210526314
482145,CCC,2014J,0.15,0.12
482173,DDD,2013J,0.05,0.08333333333333333
482173,DDD,2014J,0.05,0.019230769230769232
482187,FFF,2013B,0.25,0.0641025641025641
482264,FFF,2013B,0.05,0.1111111111111111
482280,CCC,2014B,0.2,0.08163265306122448
482356,BBB,2013J,0.0,0.0
482406,EEE,2013J,0.15,0.14285714285714285
482467,BBB,2013B,0.0,0.0
482513,FFF,2013B,0.1,0.029850746268656716
482644,FFF,2014J,0.25,0.08928571428571429
482677,GGG,2014B,0.4,0.25806451612903225
482680,BBB,2013J,0.05,0.05263157894736842
482710,BBB,2013B,0.0,0.0
482726,EEE,2013J,0.1,0.07407407407407407
482745,CCC,2014B,0.15,0.10714285714285714
482766,BBB,2013B,0.1,0.13333333333333333
482810,BBB,2013J,0.0,0.0
482843,FFF,2014B,0.1,0.02040816326530612
482856,DDD,2013B,0.15,0.02830188679245283
482868,DDD,2013J,0.05,0.02127659574468085
482945,BBB,2013B,0.0,0.0
483031,BBB,2014B,0.1,0.1111111111111111
483037,FFF,2014J,0.3,0.061855670103092786
483064,BBB,2013B,0.05,0.05555555555555555
483074,BBB,2013B,0.0,0.0
483108,CCC,2014J,0.0,0.0
483108,EEE,2013J,0.0,0.0
483109,BBB,2013B,0.05,0.05263157894736842
483131,EEE,2014J,0.35,0.28
483136,DDD,2014J,0.0,0.0
483149,DDD,2014J,0.4,0.09302325581395349
483200,DDD,2014J,0.25,0.10638297872340426
483243,BBB,2013B,0.0,0.0
483275,CCC,2014B,0.0,0.0
483275,DDD,2013B,0.0,0.0
483315,BBB,2014J,0.05,0.038461538461538464
483362,DDD,2013J,0.25,0.06097560975609756
483371,BBB,2013B,0.0,0.0
483389,FFF,2014B,0.3,0.0821917808219178
483411,BBB,2013B,0.05,0.3333333333333333
483468,BBB,2014B,0.1,0.10526315789473684
483485,BBB,2014B,0.1,0.08333333333333333
483508,BBB,2014J,0.15,0.08571428571428572
483543,CCC,2014J,0.1,0.08
483582,GGG,2014B,0.05,1.0
483620,FFF,2013B,0.05,0.012987012987012988
483626,FFF,2013J,0.0,0.0
483646,BBB,2013J,0.05,0.07142857142857142
483706,EEE,2013J,0.25,0.18518518518518517
483724,FFF,2013J,0.0,0.0
483744,BBB,2013J,0.0,0.0
483800,AAA,2014J,0.0,0.0
483818,DDD,2013B,0.1,0.029850746268656716
483858,CCC,2014J,0.05,0.04
483858,EEE,2014J,0.05,0.034482758620689655
483869,DDD,2013B,0.0,0.0
483872,FFF,2013B,0.1,0.03278688524590164
483876,BBB,2013J,0.0,0.0
483934,DDD,2013J,0.05,0.043478260869565216
483952,BBB,2013B,0.1,0.10526315789473684
483959,GGG,2013J,0.05,0.06666666666666667
483975,FFF,2014B,0.1,0.07692307692307693
483997,FFF,2013B,0.25,0.06578947368421052
484010,FFF,2014J,0.45,0.12857142857142856
484039,BBB,2013B,0.05,0.3333333333333333
484075,FFF,2014B,0.15,0.04918032786885246
484125,FFF,2013J,0.0,0.0
484130,DDD,2014J,0.0,0.0
484135,BBB,2013J,0.1,0.08
484165,FFF,2013B,0.0,0.0
484174,CCC,2014B,0.0,0.0
484213,DDD,2014B,0.15,0.05454545454545454
484223,CCC,2014J,0.05,0.034482758620689655
484223,FFF,2014B,0.05,0.016129032258064516
484242,FFF,2013B,0.0,0.0
484242,FFF,2013J,0.0,0.0
484252,BBB,2014J,0.05,0.1
484266,DDD,2013B,0.0,0.0
484301,BBB,2013J,0.05,0.034482758620689655
484355,DDD,2013J,0.0,0.0
484412,BBB,2013J,0.05,0.034482758620689655
484423,DDD,2013J,0.15,0.05263157894736842
484435,CCC,2014J,0.05,0.043478260869565216
484436,DDD,2013J,0.1,0.05
484458,FFF,2013B,0.35,0.07865168539325842
484464,CCC,2014B,0.1,0.05263157894736842
484475,FFF,2013J,0.0,0.0
484490,BBB,2014J,0.0,0.0
484556,FFF,2013B,0.4,0.11428571428571428
484574,FFF,2013J,0.1,0.08
484594,FFF,2014J,0.25,0.056818181818181816
484675,FFF,2014B,0.05,0.07692307692307693
484762,DDD,2014B,0.25,0.06756756756756757
484768,BBB,2013B,0.05,0.1111111111111111
484780,FFF,2013B,0.15,0.057692307692307696
484790,FFF,2013B,0.15,0.05263157894736842
484816,DDD,2013B,0.1,0.1
484885,BBB,2013B,0.15,0.057692307692307696
484897,AAA,2014J,0.05,0.05
484933,BBB,2013B,0.15,0.15789473684210525
484947,FFF,2013B,0.4,0.064
484983,BBB,2014B,0.0,0.0
485006,BBB,2013J,0.05,0.030303030303030304
485180,BBB,2014B,0.1,0.10526315789473684
485195,DDD,2013J,0.35,0.1346153846153846
485219,DDD,2014B,0.0,0.0
485228,FFF,2014J,0.1,0.03571428571428571
485262,BBB,2014B,0.0,0.0
485282,DDD,2014J,0.0,0.0
485312,CCC,2014B,0.0,0.0
485312,FFF,2014B,0.2,0.0547945205479452
485374,CCC,2014B,0.2,0.07692307692307693
485374,EEE,2013J,0.2,0.11764705882352941
485399,BBB,2013B,0.05,0.2
485421,DDD,2014J,0.0,0.0
485439,BBB,2013J,0.0,0.0
485448,GGG,2014B,0.15,0.17647058823529413
485464,DDD,2013B,0.05,0.034482758620689655
485506,DDD,2013J,0.1,0.03076923076923077
485519,DDD,2013J,0.0,0.0
485528,FFF,2013B,0.15,0.03260869565217391
485534,BBB,2013J,0.1,0.09523809523809523
485544,FFF,2013B,0.15,0.05357142857142857
485582,EEE,2013J,0.25,0.22727272727272727
485594,DDD,2013J,0.1,0.046511627906976744
485604,CCC,2014B,0.3,0.11538461538461539
485630,BBB,2013B,0.05,0.06666666666666667
485671,FFF,2013J,0.25,0.037037037037037035
485675,BBB,2014B,0.05,0.05555555555555555
485734,DDD,2013J,0.15,0.03225806451612903
485762,BBB,2013J,0.05,0.034482758620689655
485766,DDD,2013B,0.1,0.03225806451612903
485768,FFF,2013B,0.1,0.03773584905660377
485772,BBB,2013J,0.15,0.2727272727272727
485780,FFF,2014B,0.2,0.06896551724137931
485791,DDD,2013J,0.2,0.07017543859649122
485885,FFF,2013J,0.15,0.03409090909090909
485898,EEE,2013J,0.2,0.15384615384615385
485909,EEE,2013J,0.05,0.1111111111111111
485920,CCC,2014J,0.0,0.0
485920,EEE,2014B,0.0,0.0
485944,CCC,2014B,0.05,0.1
485962,AAA,2014J,0.1,0.06896551724137931
485980,BBB,2014B,0.15,0.075
486004,BBB,2013J,0.0,0.0
486007,FFF,2013B,0.0,0.0
486022,DDD,2014B,0.05,0.03571428571428571
486087,FFF,2014J,0.2,0.06557377049180328
486099,BBB,2013B,0.05,0.14285714285714285
486145,FFF,2013B,0.0,0.0
486279,GGG,2014B,0.2,0.2222222222222222
486287,DDD,2014J,0.15,0.03614457831325301
486391,BBB,2013B,0.0,0.0
486457,BBB,2013J,0.0,0.0
486511,FFF,2013J,0.15,0.03571428571428571
486516,BBB,2014J,0.15,0.15
486521,BBB,2013B,0.0,0.0
486533,DDD,2013J,0.05,0.012987012987012988
486545,EEE,2013J,0.2,0.12121212121212122
486551,FFF,2013J,0.0,0.0
486656,BBB,2013B,0.05,0.047619047619047616
486836,EEE,2014B,0.3,0.3
486877,DDD,2013J,0.1,0.041666666666666664
486890,DDD,2013J,0.0,0.0
486948,FFF,2013J,0.05,0.038461538461538464
486964,FFF,2014J,0.05,0.03125
486994,BBB,2014B,0.05,0.0625
487002,BBB,2014B,0.0,0.0
487168,FFF,2013B,0.0,0.0
487168,FFF,2014B,0.2,0.08888888888888889
487214,BBB,2013J,0.05,0.07692307692307693
487239,EEE,2014B,0.45,0.32142857142857145
487271,FFF,2013B,0.0,0.0
487278,GGG,2014B,0.2,0.16666666666666666
487293,DDD,2013J,0.05,0.03125
487314,CCC,2014J,0.2,0.07692307692307693
487314,FFF,2014B,0.15,0.046875
487329,BBB,2013B,0.1,0.08333333333333333
487371,BBB,2013J,0.0,0.0
487543,BBB,2014B,0.05,0.14285714285714285
487556,DDD,2013J,0.0,0.0
487556,DDD,2014J,0.05,0.034482758620689655
487588,EEE,2013J,0.15,0.1111111111111111
487607,DDD,2014J,0.1,0.13333333333333333
487621,EEE,2013J,0.25,0.21739130434782608
487629,CCC,2014B,0.6,0.23076923076923078
487636,FFF,2013B,0.1,0.07142857142857142
487646,BBB,2013B,0.0,0.0
487681,BBB,2013J,0.0,0.0
487711,DDD,2013B,0.15,0.034482758620689655
488136,FFF,2013J,0.05,0.2
488195,BBB,2013J,0.0,0.0
488386,FFF,2014B,0.05,0.011627906976744186
488394,FFF,2013J,0.15,0.018404907975460124
488425,BBB,2013B,0.0,0.0
488427,BBB,2013J,0.1,0.08333333333333333
488431,CCC,2014B,0.3,0.12
488445,GGG,2014B,0.3,0.2608695652173913
488524,FFF,2014B,0.4,0.06611570247933884
488525,FFF,2014J,0.2,0.06349206349206349
488575,DDD,2013J,0.0,0.0
488575,DDD,2014J,0.0,0.0
488675,FFF,2013B,0.15,0.03
488680,DDD,2013J,0.25,0.0641025641025641
488863,BBB,2013B,0.05,0.07692307692307693
488941,DDD,2014J,0.35,0.11475409836065574
488968,FFF,2013B,0.15,0.021897810218978103
488990,AAA,2014J,0.05,0.06666666666666667
489087,FFF,2013J,0.1,0.018018018018018018
489137,FFF,2014B,0.2,0.0784313725490196
489146,FFF,2013J,0.0,0.0
489209,DDD,2013J,0.15,0.057692307692307696
489222,GGG,2013J,0.25,0.15625
489251,BBB,2013B,0.2,0.23529411764705882
489291,DDD,2013B,0.0,0.0
489320,BBB,2013J,0.0,0.0
489410,DDD,2013J,0.1,0.1
489443,FFF,2013B,0.1,0.06666666666666667
489455,AAA,2013J,0.0,0.0
489507,DDD,2014B,0.0,0.0
489553,FFF,2014J,0.15,0.16666666666666666
489560,FFF,2013J,0.1,0.04081632653061224
489624,GGG,2013J,0.35,0.20588235294117646
489889,BBB,2013J,0.1,0.16666666666666666
489929,CCC,2014B,0.2,0.09523809523809523
489990,DDD,2013J,0.0,0.0
490024,CCC,2014B,0.15,0.05660377358490566
490081,CCC,2014B,0.15,0.08108108108108109
490081,EEE,2013J,0.1,0.125
490082,FFF,2013B,0.2,0.041237113402061855
490154,FFF,2014B,0.05,0.09090909090909091
490195,FFF,2013B,0.05,0.02127659574468085
490282,CCC,2014B,0.0,0.0
490284,FFF,2013B,0.05,0.037037037037037035
490297,DDD,2013J,0.05,0.0625
490313,CCC,2014J,0.05,0.2
490391,BBB,2014B,0.05,0.05555555555555555
490394,CCC,2014J,0.0,0.0
490449,FFF,2013J,0.0,0.0
490505,FFF,2013J,0.35,0.08139534883720931
490514,BBB,2013B,0.05,0.1111111111111111
490629,DDD,2014J,0.15,0.05172413793103448
490677,BBB,2013J,0.1,0.07692307692307693
490738,DDD,2013J,0.0,0.0
490768,EEE,2013J,0.1,0.06896551724137931
490769,CCC,2014B,0.1,0.1
490894,BBB,2013J,0.15,0.10344827586206896
491004,FFF,2013B,0.15,0.06382978723404255
491011,FFF,2014B,0.1,0.0425531914893617
491036,DDD,2014B,0.05,0.038461538461538464
491081,DDD,2013J,0.1,0.03125
491097,BBB,2013J,0.0,0.0
491106,DDD,2013B,0.1,0.03773584905660377
491108,DDD,2013B,0.05,0.02040816326530612
491126,FFF,2014J,0.25,0.046296296296296294
491170,CCC,2014B,0.3,0.25
491170,EEE,2014J,0.05,0.043478260869565216
491279,BBB,2013J,0.05,0.027777777777777776
491387,BBB,2014J,0.15,0.075
491474,GGG,2014B,0.0,0.0
491578,EEE,2013J,0.25,0.22727272727272727
491606,FFF,2013J,0.25,0.045871559633027525
491636,FFF,2013B,0.2,0.034782608695652174
491664,EEE,2014J,0.35,0.28
491693,DDD,2013B,0.0,0.0
491756,FFF,2013J,0.0,0.0
491756,FFF,2014J,0.0,0.0
491771,EEE,2013J,0.15,0.1
491843,CCC,2014B,0.0,0.0
491863,FFF,2014J,0.25,0.1
491914,DDD,2013B,0.1,0.05128205128205128
491926,DDD,2013J,0.35,0.07368421052631578
492024,FFF,2014J,0.2,0.06779661016949153
492088,FFF,2014B,0.35,0.05426356589147287
492095,DDD,2014B,0.45,0.11842105263157894
492153,BBB,2013J,0.05,0.041666666666666664
492177,DDD,2013B,0.1,0.11764705882352941
492182,BBB,2013B,0.0,0.0
492240,BBB,2013B,0.1,0.15384615384615385
492286,BBB,2013J,0.05,0.0625
492357,CCC,2014B,0.0,0.0
492357,CCC,2014J,0.1,0.09523809523809523
492371,DDD,2013B,0.1,0.04878048780487805
492403,EEE,2014B,0.25,0.2
492478,BBB,2013J,0.0,0.0
492480,DDD,2014J,0.1,0.2
492496,DDD,2014J,0.1,0.029411764705882353
492537,CCC,2014J,0.0,0.0
492537,DDD,2014B,0.05,0.043478260869565216
492557,FFF,2013J,0.0,0.0
492590,BBB,2013B,0.0,0.0
492592,BBB,2014J,0.2,0.13333333333333333
492613,CCC,2014J,0.0,0.0
492613,DDD,2013B,0.1,0.034482758620689655
492635,DDD,2013J,0.0,0.0
492676,BBB,2014J,0.15,0.2727272727272727
492726,BBB,2013J,0.05,0.0625
492740,DDD,2013J,0.15,0.05
492851,FFF,2013J,0.25,0.09090909090909091
492900,CCC,2014B,0.05,0.07142857142857142
492909,GGG,2014B,0.1,0.11764705882352941
492928,BBB,2014B,0.05,0.2
492946,BBB,2013B,0.0,0.0
492979,BBB,2014J,0.0,0.0
492993,DDD,2013B,0.0,0.0
493186,BBB,2013B,0.1,0.16666666666666666
493207,DDD,2013J,0.0,0.0
493207,DDD,2014J,0.0,0.0
493296,DDD,2014B,0.0,0.0
493404,DDD,2013J,0.15,0.05555555555555555
493416,CCC,2014J,0.15,0.08571428571428572
493434,DDD,2014B,0.0,0.0
493434,DDD,2014J,0.0,0.0
493443,BBB,2014J,0.1,0.08333333333333333
493451,BBB,2013B,0.0,0.0
493453,BBB,2013J,0.05,0.047619047619047616
493460,BBB,2014J,0.15,0.057692307692307696
493465,BBB,2013J,0.05,0.03571428571428571
493515,BBB,2013B,0.2,0.10256410256410256
493539,FFF,2013J,0.15,0.03125
493559,BBB,2014B,0.05,0.05
493725,DDD,2013J,0.05,0.07142857142857142
493760,FFF,2014B,0.25,0.12195121951219512
493763,BBB,2014J,0.0,0.0
493763,GGG,2013J,0.1,0.08
493773,BBB,2013B,0.0,0.0
493793,FFF,2014J,0.15,0.05
493876,DDD,2014J,0.0,0.0
493876,EEE,2013J,0.1,0.0625
493912,BBB,2013B,0.0,0.0
493958,BBB,2013B,0.0,0.0
493984,DDD,2013B,0.0,0.0
493988,EEE,2013J,0.2,0.12121212121212122
494046,FFF,2014J,0.1,0.028985507246376812
494095,BBB,2013B,0.05,0.06666666666666667
494143,FFF,2013J,0.0,0.0
494165,FFF,2013B,0.05,0.030303030303030304
494184,FFF,2014J,0.05,0.02127659574468085
494211,CCC,2014J,0.0,0.0
494211,EEE,2013J,0.0,0.0
494212,BBB,2014J,0.1,0.06896551724137931
494212,GGG,2013J,0.05,0.05263157894736842
494214,BBB,2013J,0.15,0.125
494270,EEE,2014J,0.4,0.27586206896551724
494278,BBB,2013B,0.15,0.13636363636363635
494329,DDD,2014B,0.0,0.0
494340,FFF,2013B,0.05,0.014925373134328358
494341,DDD,2013B,0.2,0.057971014492753624
494427,EEE,2014B,0.15,0.14285714285714285
494433,FFF,2014B,0.0,0.0
494443,FFF,2013B,0.1,0.01694915254237288
494471,BBB,2013J,0.0,0.0
494495,FFF,2013J,0.05,0.018518518518518517
494498,CCC,2014J,0.1,0.16666666666666666
494622,FFF,2013B,0.15,0.046875
494637,DDD,2013B,0.2,0.06779661016949153
494667,DDD,2013J,0.3,0.07228915662650602
494722,DDD,2013J,0.1,0.10526315789473684
494728,DDD,2013J,0.0,0.0
494786,BBB,2013B,0.15,0.13043478260869565
494789,BBB,2013J,0.05,0.04
494818,FFF,2014B,0.15,0.1
494829,CCC,2014J,0.0,0.0
494872,EEE,2014B,0.15,0.75
494896,BBB,2014B,0.1,0.047619047619047616
494903,FFF,2013B,0.1,0.2222222222222222
494919,CCC,2014B,0.05,0.027777777777777776
494919,DDD,2013B,0.1,0.038461538461538464
494960,BBB,2013J,0.05,0.037037037037037035
495035,BBB,2013J,0.0,0.0
495115,DDD,2013B,0.0,0.0
495239,BBB,2014J,0.05,0.030303030303030304
495276,GGG,2013J,0.4,0.3333333333333333
495284,AAA,2013J,0.05,0.037037037037037035
495320,CCC,2014B,0.2,0.0784313725490196
495429,EEE,2014J,0.25,0.19230769230769232
495438,CCC,2014J,0.2,0.125
495449,BBB,2013J,0.05,0.03333333333333333
495489,BBB,2014J,0.0,0.0
495493,DDD,2014J,0.2,0.07017543859649122
495509,BBB,2013J,0.0,0.0
495522,BBB,2014J,0.05,0.14285714285714285
495615,DDD,2014J,0.0,0.0
495618,FFF,2014B,0.0,0.0
495621,FFF,2013B,0.0,0.0
495625,BBB,2013J,0.1,0.10526315789473684
495734,DDD,2013B,0.05,0.02040816326530612
495856,BBB,2013B,0.05,0.05263157894736842
495879,BBB,2013J,0.1,0.08
495881,DDD,2014J,0.2,0.06557377049180328
495887,EEE,2013J,0.25,0.23809523809523808
495903,DDD,2014J,0.05,0.06666666666666667
495913,BBB,2013J,0.1,0.14285714285714285
495948,FFF,2013J,0.05,0.038461538461538464
495976,GGG,2014B,0.35,0.23333333333333334
496041,BBB,2013B,0.0,0.0
496070,BBB,2013B,0.0,0.0
496108,EEE,2014B,0.1,0.125
496154,DDD,2014J,0.1,0.14285714285714285
496220,BBB,2013B,0.05,0.041666666666666664
496243,BBB,2013B,0.0,0.0
496315,DDD,2013J,0.0,0.0
496334,BBB,2013J,0.0,0.0
496355,CCC,2014J,0.1,0.08333333333333333
496381,BBB,2014J,0.05,0.09090909090909091
496442,BBB,2013J,0.0,0.0
496470,FFF,2013B,0.35,0.12727272727272726
496491,FFF,2013B,0.1,0.028985507246376812
496530,CCC,2014J,0.0,0.0
496530,EEE,2014J,0.0,0.0
496542,DDD,2013B,0.15,0.13636363636363635
496561,FFF,2013B,0.15,0.08333333333333333
496564,DDD,2013B,0.0,0.0
496590,FFF,2014B,0.0,0.0
496601,DDD,2013B,0.2,0.0784313725490196
496657,FFF,2013B,0.1,0.3333333333333333
496671,FFF,2013B,0.3,0.08450704225352113
496764,BBB,2013J,0.2,0.06349206349206349
496801,FFF,2013J,0.0,0.0
496845,CCC,2014J,0.35,0.11864406779661017
496916,DDD,2014J,0.25,0.09259259259259259
496978,GGG,2014B,0.05,0.06666666666666667
497074,BBB,2014J,0.05,0.038461538461538464
497074,GGG,2013J,0.1,0.0625
497080,CCC,2014B,0.0,0.0
497084,BBB,2014J,0.1,0.0625
497088,BBB,2013B,0.05,0.16666666666666666
497102,FFF,2013B,0.0,0.0
497130,BBB,2013J,0.4,0.125
497180,FFF,2013B,0.25,0.10204081632653061
497190,GGG,2013J,0.05,0.06666666666666667
497211,FFF,2013B,0.25,0.08196721311475409
497226,FFF,2013B,0.05,0.05
497278,GGG,2013J,0.05,0.03225806451612903
497280,BBB,2013B,0.05,0.16666666666666666
497361,EEE,2014B,0.1,0.25
497410,FFF,2013B,0.1,0.03389830508474576
497415,FFF,2014J,0.0,0.0
497468,BBB,2013B,0.0,0.0
497475,DDD,2013J,0.0,0.0
497580,EEE,2014B,0.25,0.19230769230769232
497590,DDD,2013J,0.0,0.0
497619,GGG,2014B,0.1,0.15384615384615385
497632,BBB,2013J,0.1,0.045454545454545456
497793,BBB,2013B,0.15,0.12
497855,FFF,2013B,0.1,1.0
497897,FFF,2013B,0.25,0.16129032258064516
497994,DDD,2013J,0.0,0.0
498006,FFF,2014B,0.1,0.028985507246376812
498031,FFF,2013J,0.05,0.012048192771084338
498043,CCC,2014B,0.0,0.0
498065,BBB,2013B,0.15,0.13636363636363635
498131,BBB,2013B,0.1,0.1111111111111111
498138,CCC,2014B,0.05,0.09090909090909091
498175,BBB,2013B,0.1,0.18181818181818182
498236,CCC,2014J,0.15,0.1
498266,FFF,2014B,0.25,0.07142857142857142
498269,FFF,2013B,0.45,0.07964601769911504
498296,BBB,2013B,0.15,0.08108108108108109
498320,DDD,2013B,0.15,0.1
498363,DDD,2013B,0.05,0.03571428571428571
498363,DDD,2014B,0.1,0.041666666666666664
498432,DDD,2013B,0.0,0.0
498442,FFF,2014J,0.3,0.07894736842105263
498455,BBB,2013B,0.05,0.058823529411764705
498459,CCC,2014J,0.25,0.10638297872340426
498527,DDD,2013B,0.0,0.0
498543,BBB,2013J,0.05,0.14285714285714285
498554,FFF,2013B,0.6,0.07741935483870968
498564,GGG,2014J,0.0,0.0
498578,FFF,2013B,0.0,0.0
498635,BBB,2013J,0.05,0.043478260869565216
498636,FFF,2013B,0.0,0.0
498741,CCC,2014B,0.05,0.047619047619047616
498755,BBB,2013J,0.0,0.0
498793,DDD,2014B,0.0,0.0
498821,DDD,2013J,0.0,0.0
498828,CCC,2014J,0.1,0.07692307692307693
498828,FFF,2014B,0.0,0.0
498835,DDD,2013B,0.1,0.05128205128205128
498841,BBB,2013J,0.05,0.14285714285714285
498841,BBB,2014J,0.0,0.0
498857,AAA,2013J,0.1,0.07692307692307693
498898,FFF,2013J,0.05,0.04
498967,BBB,2013B,0.0,0.0
498980,DDD,2014B,0.05,0.16666666666666666
499006,GGG,2013J,0.1,0.1111111111111111
499027,BBB,2013B,0.1,0.045454545454545456
499056,DDD,2013B,0.05,0.01694915254237288
499067,BBB,2013B,0.0,0.0
499118,BBB,2013B,0.1,0.18181818181818182
499187,GGG,2014J,0.3,0.16666666666666666
499244,FFF,2013B,0.0,0.0
499244,FFF,2014J,0.0,0.0
499246,DDD,2013B,0.1,0.07142857142857142
499354,FFF,2013B,0.15,0.05172413793103448
499372,FFF,2013B,0.05,0.047619047619047616
499380,BBB,2013B,0.0,0.0
499386,FFF,2013J,0.2,0.07407407407407407
499387,BBB,2013B,0.05,0.04
499400,EEE,2013J,0.2,0.15384615384615385
499404,FFF,2014J,0.3,0.08450704225352113
499420,CCC,2014J,0.1,0.06896551724137931
499446,GGG,2013J,0.3,0.24
499483,BBB,2013B,0.0,0.0
499511,BBB,2013B,0.05,0.08333333333333333
499557,DDD,2013B,0.15,0.07142857142857142
499564,FFF,2013J,0.2,0.039603960396039604
499624,BBB,2013J,0.0,0.0
499703,CCC,2014J,0.15,0.09375
499790,BBB,2014J,0.0,0.0
499813,CCC,2014J,0.05,0.029411764705882353
499813,FFF,2014B,0.35,0.03535353535353535
499819,BBB,2014J,0.0,0.0
499848,CCC,2014J,0.0,0.0
499865,DDD,2014J,0.05,0.05
499881,EEE,2013J,0.25,0.3125
499891,BBB,2013B,0.0,0.0
499993,FFF,2013B,0.2,0.037037037037037035
500006,CCC,2014B,0.0,0.0
500006,DDD,2013B,0.05,0.038461538461538464
500016,BBB,2013J,0.05,0.037037037037037035
500068,FFF,2014J,0.4,0.13114754098360656
500112,GGG,2013J,0.2,0.2222222222222222
500113,AAA,2014J,0.15,0.1875
500135,BBB,2013J,0.05,0.2
500136,DDD,2013B,0.2,0.05714285714285714
500189,CCC,2014J,0.25,0.15625
500189,EEE,2013J,0.0,0.0
500230,FFF,2013B,0.3,0.04477611940298507
500283,DDD,2013J,0.0,0.0
500459,DDD,2013B,0.2,0.0851063829787234
500502,BBB,2014J,0.05,0.02702702702702703
500507,BBB,2013B,0.0,0.0
500522,DDD,2013B,0.0,0.0
500552,BBB,2013J,0.0,0.0
500581,DDD,2013J,0.15,0.061224489795918366
500585,BBB,2013B,0.0,0.0
500597,CCC,2014B,0.2,0.08163265306122448
500618,FFF,2014J,0.3,0.10909090909090909
500652,FFF,2013B,0.05,0.02040816326530612
500659,BBB,2013B,0.0,0.0
500668,BBB,2013J,0.05,0.1
500707,DDD,2013J,0.05,0.03571428571428571
500707,DDD,2014J,0.0,0.0
500720,GGG,2013J,0.15,0.075
500766,DDD,2013B,0.2,0.08888888888888889
500772,FFF,2013J,0.0,0.0
500779,EEE,2013J,0.3,0.2
500791,BBB,2013B,0.05,0.043478260869565216
500815,BBB,2013B,0.05,0.0625
500819,BBB,2013B,0.0,0.0
500836,BBB,2013B,0.0,0.0
500915,GGG,2014J,0.0,0.0
500958,BBB,2013B,0.0,0.0
501053,BBB,2013J,0.0,0.0
501095,BBB,2014B,0.05,0.0625
501146,CCC,2014J,0.25,0.14285714285714285
501158,DDD,2013B,0.05,0.01818181818181818
501203,DDD,2013J,0.35,0.18421052631578946
501208,BBB,2013J,0.1,0.07142857142857142
501336,FFF,2013J,0.15,0.04477611940298507
501421,FFF,2014B,0.1,0.047619047619047616
501425,FFF,2013J,0.2,0.042105263157894736
501432,BBB,2013B,0.05,0.025
501443,CCC,2014B,0.0,0.0
501444,FFF,2014J,0.05,0.015384615384615385
501487,DDD,2014B,0.2,0.08695652173913043
501488,DDD,2013J,0.05,0.04
501493,FFF,2013B,0.0,0.0
501550,BBB,2013B,0.1,0.10526315789473684
501617,CCC,2014J,0.35,0.11290322580645161
501637,BBB,2013J,0.1,0.08
501652,CCC,2014B,0.0,0.0
501723,DDD,2014B,0.0,0.0
501755,GGG,2014B,0.0,0.0
501867,CCC,2014J,0.05,0.2
501867,DDD,2013J,0.1,0.05405405405405406
501871,FFF,2013J,0.1,0.03278688524590164
501879,BBB,2013B,0.1,0.07407407407407407
501888,GGG,2014J,0.1,0.09090909090909091
501897,FFF,2014J,0.0,0.0
501921,EEE,2013J,0.3,0.1935483870967742
501945,BBB,2013J,0.0,0.0
501955,BBB,2013B,0.1,0.08695652173913043
501960,DDD,2013B,0.15,0.04225352112676056
502004,DDD,2014B,0.15,0.0410958904109589
502004,EEE,2014J,0.0,0.0
502011,FFF,2014J,0.15,0.046875
502057,DDD,2014B,0.0,0.0
502136,DDD,2013B,0.3,0.0821917808219178
502161,DDD,2014B,0.05,0.03571428571428571
502182,GGG,2014B,0.05,0.05555555555555555
502207,DDD,2014B,0.0,0.0
502249,FFF,2013J,0.05,0.017857142857142856
502356,CCC,2014J,0.1,0.046511627906976744
502361,FFF,2013J,0.05,0.020833333333333332
502393,EEE,2013J,0.4,0.27586206896551724
502441,BBB,2013B,0.0,0.0
502465,CCC,2014B,0.25,0.1282051282051282
502466,DDD,2013J,0.0,0.0
502470,DDD,2014J,0.25,0.11627906976744186
502477,DDD,2013J,0.2,0.04081632653061224
502501,FFF,2014B,0.55,0.08270676691729323
502512,FFF,2013B,0.0,0.0
502517,FFF,2013J,0.15,0.0410958904109589
502531,FFF,2013B,0.0,0.0
502531,FFF,2013J,0.0,0.0
502548,EEE,2014J,0.1,0.1
502554,CCC,2014B,0.05,0.018518518518518517
502554,DDD,2013B,0.3,0.06976744186046512
502604,BBB,2013B,0.1,0.1
502638,DDD,2013J,0.15,0.05454545454545454
502694,BBB,2013B,0.05,0.047619047619047616
502696,FFF,2013J,0.1,0.046511627906976744
502697,DDD,2013B,0.2,0.06896551724137931
502709,GGG,2014B,0.25,0.22727272727272727
502717,BBB,2013B,0.25,0.07462686567164178
502763,GGG,2014B,0.15,0.11538461538461539
502766,CCC,2014J,0.2,0.08163265306122448
502767,BBB,2014J,0.15,0.06
502833,EEE,2013J,0.05,0.16666666666666666
502868,CCC,2014B,0.05,0.02631578947368421
502900,FFF,2013B,0.0,0.0
502929,CCC,2014B,0.0,0.0
502929,EEE,2014B,0.05,0.058823529411764705
502993,FFF,2014B,0.2,0.10256410256410256
503023,DDD,2013J,0.05,0.018518518518518517
503086,DDD,2013B,0.15,0.03409090909090909
503120,DDD,2013B,0.3,0.06451612903225806
503154,FFF,2014B,0.1,0.02857142857142857
503170,DDD,2013B,0.15,0.09090909090909091
503183,FFF,2014B,0.25,0.07142857142857142
503322,BBB,2013J,0.2,0.11764705882352941
503352,FFF,2013J,0.0,0.0
503368,DDD,2013B,0.1,0.023529411764705882
503390,BBB,2013B,0.0,0.0
503457,CCC,2014J,0.5,0.2127659574468085
503469,CCC,2014B,0.15,0.14285714285714285
503477,FFF,2013J,0.0,0.0
503491,BBB,2013B,0.0,0.0
503497,DDD,2013B,0.25,0.10869565217391304
503509,BBB,2013B,0.05,0.043478260869565216
503516,BBB,2013J,0.05,0.07692307692307693
503544,FFF,2013B,0.2,0.0449438202247191
503610,CCC,2014J,0.0,0.0
503663,GGG,2013J,0.0,0.0
503668,FFF,2013B,0.2,0.0625
503710,CCC,2014J,0.25,0.1111111111111111
503764,FFF,2013J,0.05,0.016129032258064516
503779,CCC,2014J,0.25,0.11627906976744186
503783,DDD,2013J,0.0,0.0
503804,BBB,2013J,0.1,0.125
503838,DDD,2013J,0.15,0.061224489795918366
503872,EEE,2014B,0.05,0.09090909090909091
503878,BBB,2013B,0.0,0.0
503878,BBB,2013J,0.0,0.0
503889,AAA,2014J,0.35,0.16279069767441862
503926,DDD,2013B,0.2,0.06779661016949153
504013,BBB,2013J,0.0,0.0
504021,BBB,2013B,0.0,0.0
504022,BBB,2013J,0.0,0.0
504028,BBB,2013B,0.05,0.1
504057,CCC,2014B,0.2,0.13793103448275862
504062,EEE,2014B,0.4,0.42105263157894735
504064,DDD,2014J,0.1,0.02631578947368421
504076,FFF,2013J,0.3,0.05172413793103448
504102,BBB,2013B,0.0,0.0
504105,FFF,2013J,0.05,0.014925373134328358
504157,FFF,2013B,0.35,0.07777777777777778
504162,FFF,2013B,0.2,0.06153846153846154
504231,FFF,2013B,0.05,0.03333333333333333
504234,DDD,2013J,0.1,0.03636363636363636
504243,FFF,2013B,0.1,0.03333333333333333
504251,DDD,2014J,0.0,0.0
504270,FFF,2014J,0.05,0.125
504321,FFF,2013J,0.1,0.041666666666666664
504352,BBB,2014B,0.15,0.15
504363,CCC,2014J,0.1,0.05
504404,EEE,2013J,0.1,0.09090909090909091
504429,DDD,2013J,0.15,0.038461538461538464
504466,BBB,2013J,0.1,0.06896551724137931
504492,EEE,2013J,0.25,0.1724137931034483
504533,FFF,2013B,0.25,0.06944444444444445
504552,DDD,2014J,0.0,0.0
504589,DDD,2014J,0.2,0.08333333333333333
504596,DDD,2013J,0.05,0.037037037037037035
504597,BBB,2014J,0.05,0.03125
504635,BBB,2013J,0.0,0.0
504652,EEE,2014B,0.2,0.19047619047619047
504728,EEE,2014B,0.3,0.21428571428571427
504737,FFF,2013B,0.15,0.06976744186046512
504749,DDD,2014J,0.0,0.0
504819,DDD,2013B,0.15,0.03333333333333333
504834,FFF,2013J,0.1,0.13333333333333333
504936,BBB,2013B,0.05,0.047619047619047616
505002,FFF,2013B,0.0,0.0
505017,FFF,2014B,0.15,0.07142857142857142
505047,FFF,2013J,0.1,0.047619047619047616
505108,CCC,2014J,0.25,0.125
505131,FFF,2014B,0.0,0.0
505151,BBB,2014B,0.05,0.3333333333333333
505199,FFF,2013B,0.1,0.04081632653061224
505216,GGG,2014J,0.3,0.23076923076923078
505311,DDD,2013B,0.25,0.10416666666666667
505315,FFF,2013B,0.05,0.022222222222222223
505376,BBB,2013B,0.0,0.0
505410,FFF,2013J,0.15,0.037037037037037035
505413,BBB,2013J,0.05,0.04
505417,BBB,2013B,0.0,0.0
505488,FFF,2013B,0.1,0.07407407407407407
505508,FFF,2013B,0.4,0.056338028169014086
505561,DDD,2014B,0.0,0.0
505579,DDD,2013B,0.2,0.07547169811320754
505595,BBB,2013J,0.05,0.125
505606,BBB,2013B,0.1,0.06666666666666667
505700,CCC,2014J,0.0,0.0
505700,EEE,2013J,0.1,0.07142857142857142
505722,CCC,2014J,0.2,0.13333333333333333
505722,EEE,2013J,0.05,0.041666666666666664
505727,EEE,2013J,0.15,0.12
505754,GGG,2013J,0.15,0.16666666666666666
505762,GGG,2014J,0.2,0.16
505767,CCC,2014B,0.05,0.06666666666666667
505767,EEE,2014B,0.1,0.10526315789473684
505773,FFF,2014J,0.1,0.017241379310344827
505815,DDD,2014B,0.0,0.0
505854,DDD,2014B,0.05,0.043478260869565216
505855,EEE,2014B,0.2,0.2
505856,DDD,2013J,0.25,0.05813953488372093
505871,BBB,2013B,0.1,0.25
505871,BBB,2014J,0.0,0.0
505878,BBB,2014J,0.05,0.06666666666666667
505899,BBB,2014B,0.1,0.07407407407407407
505930,CCC,2014J,0.2,0.15384615384615385
505959,BBB,2013B,0.05,0.14285714285714285
505961,BBB,2013B,0.0,0.0
506020,BBB,2014J,0.1,0.14285714285714285
506038,FFF,2014B,0.0,0.0
506056,DDD,2013B,0.1,0.1111111111111111
506144,CCC,2014J,0.35,0.1891891891891892
506185,BBB,2013J,0.0,0.0
506205,GGG,2014J,0.1,0.125
506206,CCC,2014B,0.15,0.07142857142857142
506219,BBB,2014J,0.2,0.10256410256410256
506233,BBB,2013B,0.0,0.0
506248,BBB,2013J,0.05,1.0
506309,FFF,2013J,0.0,0.0
506321,FFF,2013B,0.3,0.10526315789473684
506360,BBB,2013B,0.0,0.0
506412,FFF,2013B,0.05,0.029411764705882353
506498,FFF,2013J,0.0,0.0
506504,EEE,2013J,0.25,0.19230769230769232
506533,GGG,2014B,0.3,0.21428571428571427
506543,CCC,2014J,0.2,0.0625
506550,FFF,2013J,0.05,0.020833333333333332
506582,DDD,2013J,0.35,0.058333333333333334
506618,EEE,2013J,0.0,0.0
506622,BBB,2014B,0.15,0.15
506650,BBB,2013B,0.0,0.0
506650,BBB,2014B,0.0,0.0
506674,FFF,2014B,0.0,0.0
506679,GGG,2013J,0.0,0.0
506705,CCC,2014J,0.0,0.0
506705,FFF,2014J,0.05,0.01694915254237288
506753,BBB,2013B,0.0,0.0
506767,DDD,2013B,0.05,0.041666666666666664
506783,FFF,2013J,0.05,0.09090909090909091
506785,DDD,2013B,0.1,0.07142857142857142
506804,BBB,2013J,0.1,0.041666666666666664
506829,DDD,2013B,0.0,0.0
506829,DDD,2013J,0.05,0.016666666666666666
506930,FFF,2013B,0.2,0.15384615384615385
507010,FFF,2013J,0.1,0.05128205128205128
507014,BBB,2014J,0.1,0.06666666666666667
507016,BBB,2013J,0.1,0.09523809523809523
507034,CCC,2014B,0.05,0.025
507034,FFF,2013B,0.3,0.06818181818181818
507113,DDD,2013J,0.05,0.018867924528301886
507149,BBB,2014J,0.15,0.06521739130434782
507279,BBB,2013J,0.0,0.0
507285,DDD,2013J,0.0,0.0
507334,GGG,2014B,0.3,0.21428571428571427
507344,CCC,2014J,0.1,0.18181818181818182
507344,DDD,2013J,0.05,0.0196078431372549
507359,BBB,2013B,0.0,0.0
507375,EEE,2013J,0.15,0.13043478260869565
507386,BBB,2014J,0.0,0.0
507478,DDD,2013J,0.0,0.0
507478,DDD,2014J,0.0,0.0
507523,CCC,2014B,0.4,0.25
507743,FFF,2014J,0.35,0.07692307692307693
507783,BBB,2014J,0.15,0.061224489795918366
507817,BBB,2013B,0.0,0.0
507844,EEE,2013J,0.15,0.14285714285714285
507935,FFF,2014J,0.2,0.046511627906976744
507941,FFF,2013J,0.1,0.029850746268656716
507967,EEE,2014J,0.05,0.07692307692307693
507983,BBB,2014B,0.0,0.0
508025,DDD,2013J,0.05,0.034482758620689655
508028,BBB,2013J,0.05,0.03333333333333333
508068,FFF,2013B,0.05,0.014925373134328358
508079,BBB,2013J,0.1,0.05714285714285714
508100,BBB,2014B,0.1,0.06060606060606061
508210,FFF,2013J,0.2,0.0625
508244,CCC,2014J,0.1,0.3333333333333333
508244,EEE,2013J,0.0,0.0
508246,DDD,2013J,0.2,0.1111111111111111
508274,FFF,2013J,0.15,0.03333333333333333
508295,FFF,2013J,0.05,0.030303030303030304
508326,FFF,2013J,0.1,0.0425531914893617
508388,FFF,2013J,0.15,0.05555555555555555
508400,BBB,2014B,0.1,0.05555555555555555
508452,BBB,2013B,0.3,0.09523809523809523
508470,BBB,2014B,0.0,0.0
508537,BBB,2013B,0.1,0.09523809523809523
508572,FFF,2013B,0.1,0.06896551724137931
508573,GGG,2014B,0.2,0.17391304347826086
508594,DDD,2014B,0.15,0.08333333333333333
508615,DDD,2014J,0.0,0.0
508626,FFF,2014J,0.35,0.06481481481481481
508627,FFF,2013J,0.25,0.14705882352941177
508637,CCC,2014J,0.05,0.03125
508637,DDD,2013J,0.15,0.041666666666666664
508662,BBB,2013B,0.05,0.03225806451612903
508749,FFF,2013B,0.05,0.0625
508759,BBB,2013J,0.05,0.02702702702702703
508804,FFF,2013J,0.05,0.011363636363636364
508818,AAA,2013J,0.05,0.0625
508829,DDD,2014J,0.05,0.14285714285714285
508829,EEE,2013J,0.0,0.0
508830,FFF,2013B,0.2,0.0975609756097561
508859,DDD,2014J,0.25,0.06329113924050633
508924,GGG,2014B,0.25,0.14705882352941177
508927,FFF,2013B,0.0,0.0
508934,DDD,2013B,0.2,0.07407407407407407
508940,BBB,2014B,0.1,0.05714285714285714
508942,FFF,2013J,0.3,0.047244094488188976
509029,CCC,2014B,0.05,0.034482758620689655
509034,GGG,2013J,0.25,0.12195121951219512
509036,BBB,2013J,0.0,0.0
509102,CCC,2014B,0.0,0.0
509102,DDD,2013J,0.1,0.02631578947368421
509150,CCC,2014J,0.55,0.13580246913580246
509156,EEE,2013J,0.05,0.5
509183,CCC,2014B,0.05,0.02040816326530612
509226,BBB,2013B,0.0,0.0
509236,BBB,2013J,0.0,0.0
509258,BBB,2013J,0.0,0.0
509277,GGG,2013J,0.1,0.08333333333333333
509279,DDD,2013J,0.0,0.0
509292,FFF,2014B,0.25,0.08196721311475409
509327,DDD,2013J,0.2,0.043478260869565216
509390,BBB,2013J,0.0,0.0
509466,BBB,2014J,0.05,0.25
509536,FFF,2014J,0.2,0.04395604395604396
509578,BBB,2014J,0.1,0.06896551724137931
509607,BBB,2013J,0.05,0.05263157894736842
509610,DDD,2013J,0.25,0.07692307692307693
509634,DDD,2013B,0.0,0.0
509649,CCC,2014B,0.25,0.13157894736842105
509696,BBB,2014B,0.0,0.0
509768,BBB,2013B,0.0,0.0
509780,EEE,2014J,0.1,0.08
509797,BBB,2013B,0.0,0.0
509839,CCC,2014B,0.15,0.1111111111111111
509845,BBB,2013J,0.0,0.0
509913,BBB,2013J,0.05,0.14285714285714285
509926,BBB,2013B,0.0,0.0
509929,DDD,2013J,0.05,0.03125
509933,DDD,2014J,0.05,0.04
509935,BBB,2014J,0.2,0.13793103448275862
509940,FFF,2013J,0.0,0.0
510027,FFF,2013B,0.0,0.0
510054,CCC,2014J,0.2,0.12121212121212122
510068,BBB,2014J,0.1,0.3333333333333333
510142,FFF,2014B,0.1,0.041666666666666664
510149,BBB,2013J,0.0,0.0
510169,EEE,2013J,0.15,0.6
510182,DDD,2013J,0.1,0.025974025974025976
510186,FFF,2013B,0.6,0.05309734513274336
510195,DDD,2013B,0.15,0.08108108108108109
510266,CCC,2014J,0.1,0.05128205128205128
510266,EEE,2014B,0.1,0.08695652173913043
510335,FFF,2013B,0.1,0.058823529411764705
510401,EEE,2013J,0.0,0.0
510402,EEE,2014J,0.15,0.10344827586206896
510420,FFF,2014B,0.2,0.0851063829787234
510424,DDD,2014J,0.05,0.043478260869565216
510456,DDD,2014J,0.1,0.03333333333333333
510460,EEE,2013J,0.0,0.0
510471,BBB,2014J,0.05,0.034482758620689655
510492,BBB,2013B,0.1,0.08695652173913043
510530,DDD,2013B,0.2,0.09302325581395349
510533,GGG,2013J,0.25,0.16666666666666666
510534,FFF,2013J,0.25,0.056818181818181816
510556,BBB,2013B,0.1,0.07142857142857142
510693,FFF,2013B,0.0,0.0
510693,FFF,2014B,0.0,0.0
510694,EEE,2013J,0.05,0.047619047619047616
510737,GGG,2013J,0.15,0.15789473684210525
510756,BBB,2013B,0.15,0.17647058823529413
510759,FFF,2013B,0.15,0.1
510845,BBB,2013B,0.05,0.14285714285714285
510864,DDD,2013J,0.05,0.05
510873,DDD,2013J,0.05,0.030303030303030304
510874,GGG,2014B,0.2,0.19047619047619047
510883,FFF,2013B,0.1,0.021052631578947368
510914,CCC,2014B,0.0,0.0
511001,BBB,2014J,0.1,0.04
511050,BBB,2013B,0.0,0.0
511067,BBB,2013B,0.1,0.08
511199,EEE,2014B,0.1,0.15384615384615385
511228,GGG,2014B,0.2,0.18181818181818182
511258,CCC,2014J,0.4,0.15384615384615385
511282,DDD,2013J,0.1,0.034482758620689655
511306,BBB,2013B,0.2,0.14285714285714285
511309,FFF,2014J,0.15,0.075
511345,DDD,2014J,0.2,0.06779661016949153
511350,FFF,2014B,0.0,0.0
511350,FFF,2014J,0.0,0.0
511453,DDD,2013J,0.05,0.034482758620689655
511459,BBB,2013B,0.0,0.0
511473,CCC,2014B,0.15,0.07142857142857142
511492,GGG,2014B,0.0,0.0
511506,BBB,2014B,0.05,0.06666666666666667
511515,BBB,2013B,0.2,0.06779661016949153
511524,BBB,2013B,0.1,0.08333333333333333
511527,BBB,2013B,0.0,0.0
511571,GGG,2013J,0.4,0.2
511576,DDD,2013B,0.05,0.07142857142857142
511612,CCC,2014J,0.0,0.0
511676,DDD,2014J,0.1,0.0625
511678,BBB,2013J,0.05,0.06666666666666667
511693,BBB,2013B,0.1,0.18181818181818182
511762,FFF,2013B,0.6,0.08695652173913043
511807,BBB,2014J,0.0,0.0
511901,BBB,2014B,0.05,0.058823529411764705
511912,FFF,2014B,0.05,0.02
511949,DDD,2013B,0.0,0.0
511981,FFF,2014J,0.1,0.04
512046,DDD,2014J,0.15,0.06382978723404255
512080,DDD,2013B,0.0,0.0
512236,FFF,2014B,0.15,0.375
512242,BBB,2013B,0.05,0.25
512257,CCC,2014J,0.2,0.2222222222222222
512258,GGG,2013J,0.25,0.1388888888888889
512259,CCC,2014J,0.0,0.0
512259,DDD,2013J,0.15,0.05084745762711865
512411,BBB,2014J,0.1,0.05405405405405406
512417,BBB,2013J,0.1,0.15384615384615385
512460,AAA,2013J,0.2,0.16666666666666666
512475,CCC,2014B,0.35,0.1320754716981132
512525,DDD,2013J,0.0,0.0
512581,BBB,2013J,0.0,0.0
512582,CCC,2014B,0.2,0.10526315789473684
512706,DDD,2013J,0.15,0.075
512722,BBB,2014J,0.1,0.05405405405405406
512775,BBB,2013J,0.0,0.0
512805,BBB,2013B,0.1,0.14285714285714285
512852,CCC,2014J,0.1,0.06896551724137931
512861,DDD,2013B,0.05,0.02040816326530612
512883,BBB,2013J,0.0,0.0
512911,BBB,2013B,0.0,0.0
512929,BBB,2013B,0.05,0.03571428571428571
512940,BBB,2013J,0.0,0.0
512977,BBB,2013J,0.05,0.05555555555555555
512995,BBB,2013B,0.1,0.08
513007,DDD,2013J,0.0,0.0
513076,BBB,2013J,0.05,0.2
513077,BBB,2014B,0.15,0.058823529411764705
513093,BBB,2013B,0.0,0.0
513166,GGG,2014J,0.1,0.1
513172,FFF,2013B,0.1,0.1111111111111111
513204,DDD,2013J,0.05,0.16666666666666666
513210,BBB,2013B,0.0,0.0
513228,FFF,2013J,0.05,0.01818181818181818
513246,DDD,2013B,0.0,0.0
513250,BBB,2014J,0.0,0.0
513266,FFF,2013B,0.35,0.08045977011494253
513268,FFF,2013B,0.05,0.01818181818181818
513283,DDD,2014J,0.0,0.0
513315,BBB,2013B,0.3,0.18181818181818182
513349,DDD,2013J,0.1,0.06896551724137931
513356,DDD,2013J,0.05,0.1
513396,DDD,2013B,0.1,0.05555555555555555
513422,FFF,2014J,0.05,0.01639344262295082
513428,FFF,2013B,0.15,0.029411764705882353
513428,FFF,2014J,0.0,0.0
513499,DDD,2013J,0.1,0.058823529411764705
513638,CCC,2014B,0.15,0.0967741935483871
513672,EEE,2014B,0.25,0.29411764705882354
513687,DDD,2013B,0.15,0.05555555555555555
513687,DDD,2014B,0.2,0.020942408376963352
513701,FFF,2014B,0.15,0.08108108108108109
513733,BBB,2013B,0.15,0.15789473684210525
513751,BBB,2014J,0.3,0.11320754716981132
513757,BBB,2013B,0.05,0.03225806451612903
513773,DDD,2013B,0.0,0.0
513853,DDD,2013J,0.35,0.08139534883720931
513854,DDD,2013B,0.25,0.07142857142857142
513881,BBB,2013B,0.05,0.2
513934,CCC,2014B,0.25,0.3333333333333333
513954,DDD,2013J,0.05,0.5
513957,DDD,2014B,0.1,0.10526315789473684
513969,CCC,2014J,0.05,0.09090909090909091
514000,CCC,2014B,0.0,0.0
514031,BBB,2014B,0.15,0.14285714285714285
514040,EEE,2013J,0.05,1.0
514043,BBB,2013J,0.05,0.07692307692307693
514074,BBB,2013J,0.0,0.0
514078,FFF,2014J,0.15,0.04918032786885246
514096,FFF,2013B,0.1,0.18181818181818182
514125,DDD,2013J,0.05,0.014492753623188406
514140,BBB,2013B,0.15,0.0967741935483871
514277,DDD,2014J,0.0,0.0
514300,DDD,2013B,0.05,0.0625
514302,BBB,2013J,0.05,0.06666666666666667
514324,DDD,2014J,0.0,0.0
514445,BBB,2013J,0.15,0.08333333333333333
514504,CCC,2014J,0.0,0.0
514556,FFF,2014J,0.0,0.0
514558,FFF,2013J,0.0,0.0
514580,FFF,2013B,0.15,0.04918032786885246
514648,GGG,2014J,0.45,0.2727272727272727
514675,FFF,2013B,0.05,0.047619047619047616
514756,FFF,2013B,0.1,0.03389830508474576
514776,BBB,2013J,0.2,0.06451612903225806
514864,BBB,2013J,0.1,0.05714285714285714
514903,FFF,2013B,0.35,0.08045977011494253
514913,FFF,2013B,0.05,0.09090909090909091
514969,FFF,2013B,0.2,0.0380952380952381
514981,BBB,2013B,0.0,0.0
514987,BBB,2013B,0.0,0.0
515046,CCC,2014B,0.0,0.0
515046,DDD,2013B,0.2,0.05063291139240506
515051,GGG,2014B,0.1,0.1
515052,DDD,2014J,0.1,0.08695652173913043
515056,DDD,2013J,0.1,0.04878048780487805
515105,BBB,2013B,0.15,0.375
515107,CCC,2014B,0.2,0.09523809523809523
515125,EEE,2014B,0.0,0.0
515170,DDD,2013B,0.1,0.037037037037037035
515203,BBB,2013J,0.1,0.25
515247,DDD,2013J,0.05,0.14285714285714285
515285,FFF,2013J,0.3,0.06896551724137931
515311,BBB,2013B,0.05,0.08333333333333333
515329,BBB,2014J,0.05,0.023255813953488372
515331,DDD,2014B,0.05,0.125
515345,GGG,2014J,0.0,0.0
515349,BBB,2014J,0.15,0.10714285714285714
515426,CCC,2014J,0.05,0.125
515474,BBB,2013B,0.05,0.0625
515491,CCC,2014J,0.05,0.019230769230769232
515496,GGG,2013J,0.2,0.17391304347826086
515497,BBB,2013B,0.0,0.0
515515,CCC,2014B,0.05,0.14285714285714285
515520,DDD,2013J,0.05,0.025
515574,FFF,2013J,0.15,0.07317073170731707
515595,DDD,2013B,0.15,0.058823529411764705
515645,DDD,2014J,0.05,0.05555555555555555
515646,BBB,2013J,0.05,0.041666666666666664
515676,BBB,2013J,0.2,0.08888888888888889
515734,CCC,2014J,0.1,0.13333333333333333
515774,CCC,2014B,0.05,0.08333333333333333
515774,EEE,2013J,0.0,0.0
515821,EEE,2013J,0.1,0.5
515833,FFF,2013J,0.1,0.041666666666666664
515844,FFF,2013B,0.0,0.0
515857,CCC,2014J,0.0,0.0
515857,FFF,2013J,0.0,0.0
515859,FFF,2013J,0.0,0.0
515888,FFF,2013J,0.0,0.0
515903,DDD,2013B,0.1,0.05128205128205128
515936,CCC,2014B,0.2,0.17391304347826086
515938,FFF,2013B,0.15,0.08333333333333333
515945,DDD,2013B,0.25,0.08928571428571429
515959,BBB,2013B,0.0,0.0
515965,FFF,2014B,0.0,0.0
515977,EEE,2014J,0.4,0.25806451612903225
516010,DDD,2013B,0.15,0.06976744186046512
516024,CCC,2014B,0.1,0.06896551724137931
516057,BBB,2013B,0.05,0.125
516095,FFF,2013J,0.05,0.011363636363636364
516238,CCC,2014B,0.05,0.03571428571428571
516238,EEE,2014B,0.05,0.05263157894736842
516281,DDD,2013B,0.1,0.13333333333333333
516318,DDD,2014B,0.0,0.0
516364,BBB,2013J,0.1,0.05263157894736842
516398,DDD,2013B,0.05,0.03225806451612903
516432,BBB,2013B,0.2,0.08163265306122448
516434,BBB,2014J,0.1,0.05128205128205128
516434,GGG,2013J,0.05,0.047619047619047616
516435,FFF,2013B,0.1,0.08
516450,DDD,2013B,0.2,0.05970149253731343
516456,BBB,2013B,0.0,0.0
516475,BBB,2013B,0.0,0.0
516495,BBB,2013B,0.0,0.0
516496,CCC,2014B,0.05,0.1111111111111111
516529,BBB,2013B,0.0,0.0
516562,DDD,2014J,0.15,0.07692307692307693
516601,BBB,2014B,0.0,0.0
516602,FFF,2014J,0.25,0.09803921568627451
516620,FFF,2013J,0.1,0.04
516634,FFF,2014B,0.1,0.04878048780487805
516653,DDD,2013J,0.05,0.03571428571428571
516726,CCC,2014B,0.05,0.05263157894736842
516770,FFF,2013J,0.05,0.1
516770,FFF,2014B,0.0,0.0
516841,BBB,2013B,0.0,0.0
516843,DDD,2013B,0.15,0.10714285714285714
516926,BBB,2013J,0.0,0.0
516946,DDD,2013J,0.0,0.0
517000,BBB,2013J,0.1,0.125
517043,BBB,2013B,0.0,0.0
517062,FFF,2013B,0.0,0.0
517093,DDD,2013J,0.25,0.056818181818181816
517094,EEE,2014J,0.25,0.15625
517195,FFF,2013B,0.15,0.058823529411764705
517231,BBB,2013J,0.0,0.0
517263,GGG,2014J,0.2,0.12121212121212122
517269,FFF,2013B,0.4,0.045714285714285714
517274,FFF,2014B,0.0,0.0
517277,FFF,2014B,0.1,0.038461538461538464
517349,FFF,2013B,0.05,0.01818181818181818
517349,FFF,2013J,0.0,0.0
517352,BBB,2013J,0.05,0.0625
517416,CCC,2014J,0.05,0.034482758620689655
517416,DDD,2013J,0.1,0.02564102564102564
517474,BBB,2013B,0.05,0.045454545454545456
517481,FFF,2013J,0.15,0.06
517551,FFF,2014J,0.1,0.05714285714285714
517569,FFF,2013B,0.1,0.046511627906976744
517617,BBB,2013B,0.05,0.045454545454545456
517646,DDD,2013B,0.15,0.047619047619047616
517679,BBB,2014B,0.05,0.06666666666666667
517731,FFF,2013J,0.05,0.014285714285714285
517778,BBB,2013B,0.05,0.06666666666666667
517850,FFF,2013B,0.05,0.023255813953488372
517864,DDD,2014B,0.05,0.08333333333333333
517890,BBB,2013B,0.05,0.25
517999,CCC,2014B,0.1,0.0425531914893617
518097,DDD,2013B,0.0,0.0
518126,BBB,2013J,0.05,0.1
518145,GGG,2014B,0.2,0.2
518155,DDD,2013B,0.0,0.0
518189,BBB,2013B,0.1,0.16666666666666666
518210,FFF,2014B,0.0,0.0
518223,BBB,2013J,0.05,0.030303030303030304
518244,DDD,2014J,0.25,0.07936507936507936
518258,BBB,2013J,0.05,0.041666666666666664
518349,DDD,2013B,0.1,0.046511627906976744
518359,CCC,2014J,0.05,0.02040816326530612
518359,FFF,2014B,0.1,0.025
518363,CCC,2014B,0.05,0.058823529411764705
518364,FFF,2013J,0.0,0.0
518389,BBB,2014J,0.15,0.1
518412,FFF,2013B,0.0,0.0
518436,DDD,2013B,0.3,0.07407407407407407
518469,BBB,2013B,0.0,0.0
518496,BBB,2013J,0.25,0.08771929824561403
518544,FFF,2013J,0.05,0.01282051282051282
518661,GGG,2014B,0.0,0.0
518731,DDD,2013J,0.0,0.0
518771,FFF,2013B,0.0,0.0
518808,AAA,2014J,0.1,0.06666666666666667
518831,FFF,2013B,0.2,0.07547169811320754
518862,CCC,2014B,0.1,0.06666666666666667
518876,BBB,2013B,0.1,0.125
518879,BBB,2013B,0.2,0.16666666666666666
518930,FFF,2013J,0.0,0.0
518937,FFF,2013J,0.15,0.046153846153846156
518951,DDD,2013J,0.0,0.0
518970,BBB,2013B,0.05,0.2
519057,CCC,2014J,0.15,0.09375
519078,BBB,2014B,0.0,0.0
519091,GGG,2013J,0.1,0.07407407407407407
519094,DDD,2013B,0.1,0.028985507246376812
519100,DDD,2013J,0.0,0.0
519102,DDD,2013B,0.1,0.0392156862745098
519115,FFF,2014J,0.1,0.038461538461538464
519211,DDD,2013J,0.05,0.06666666666666667
519222,BBB,2013B,0.05,0.02631578947368421
519258,EEE,2014B,0.1,0.11764705882352941
519294,BBB,2013J,0.0,0.0
519387,BBB,2013B,0.05,0.038461538461538464
519472,FFF,2013B,0.1,0.06896551724137931
519506,CCC,2014J,0.0,0.0
519510,FFF,2013B,0.3,0.08955223880597014
519544,CCC,2014B,0.15,0.1
519552,DDD,2013J,0.3,0.05660377358490566
519584,BBB,2013J,0.05,0.041666666666666664
519602,BBB,2013B,0.05,0.0625
519684,CCC,2014J,0.0,0.0
519684,EEE,2013J,0.05,0.03333333333333333
519715,FFF,2013B,0.1,0.022222222222222223
519800,BBB,2013B,0.0,0.0
519859,BBB,2014B,0.2,0.08695652173913043
519910,GGG,2014B,0.0,0.0
519936,FFF,2013B,0.0,0.0
519941,DDD,2014J,0.1,0.25
519961,DDD,2013J,0.0,0.0
519969,FFF,2013B,0.05,0.02631578947368421
520002,BBB,2013J,0.05,0.0625
520006,BBB,2013J,0.05,0.06666666666666667
520024,BBB,2013J,0.05,0.07692307692307693
520024,BBB,2014J,0.0,0.0
520061,FFF,2013J,0.15,0.024193548387096774
520073,FFF,2013B,0.15,0.21428571428571427
520076,BBB,2014J,0.1,0.07407407407407407
520077,CCC,2014J,0.35,0.12280701754385964
520077,EEE,2014J,0.2,0.13333333333333333
520082,FFF,2013B,0.15,0.06818181818181818
520097,FFF,2013B,0.3,0.08823529411764706
520150,DDD,2013J,0.3,0.06976744186046512
520187,FFF,2013B,0.15,0.07894736842105263
520286,BBB,2013J,0.15,0.125
520325,BBB,2013J,0.0,0.0
520332,CCC,2014J,0.2,0.08333333333333333
520349,DDD,2014B,0.05,0.125
520349,DDD,2014J,0.0,0.0
520377,CCC,2014B,0.35,0.2
520400,DDD,2013B,0.1,0.05405405405405406
520544,FFF,2013B,0.05,0.03125
520588,CCC,2014B,0.25,0.10416666666666667
520836,BBB,2013B,0.05,0.14285714285714285
520891,DDD,2013J,0.2,0.06557377049180328
520962,DDD,2014B,0.2,0.03636363636363636
520972,BBB,2014J,0.0,0.0
521051,CCC,2014B,0.05,0.1111111111111111
521081,BBB,2014J,0.0,0.0
521096,BBB,2013B,0.0,0.0
521109,FFF,2013J,0.0,0.0
521115,CCC,2014J,0.15,0.06382978723404255
521115,FFF,2014J,0.25,0.04201680672268908
521153,FFF,2014J,0.0,0.0
521160,DDD,2013B,0.15,0.04054054054054054
521164,BBB,2014J,0.0,0.0
521164,GGG,2013J,0.0,0.0
521255,FFF,2014J,0.15,0.03
521292,CCC,2014J,0.35,0.175
521297,CCC,2014B,0.45,0.16981132075471697
521329,FFF,2013J,0.25,0.06493506493506493
521341,BBB,2013J,0.25,0.13513513513513514
521377,FFF,2013B,0.05,0.1
521394,BBB,2013B,0.0,0.0
521404,DDD,2013B,0.15,0.06976744186046512
521430,BBB,2013B,0.2,0.125
521509,BBB,2013J,0.1,0.06451612903225806
521526,FFF,2013B,0.1,0.025974025974025976
521541,EEE,2014J,0.0,0.0
521590,BBB,2013J,0.1,0.06060606060606061
521614,CCC,2014B,0.15,0.06818181818181818
521631,GGG,2014J,0.15,0.17647058823529413
521644,GGG,2014B,0.15,0.12
521709,DDD,2013B,0.15,0.07317073170731707
521742,DDD,2013B,0.1,0.045454545454545456
521764,BBB,2013B,0.0,0.0
521788,FFF,2013J,0.0,0.0
521895,BBB,2013J,0.0,0.0
521903,BBB,2013B,0.0,0.0
521957,BBB,2013J,0.05,1.0
521957,BBB,2014B,0.05,0.1111111111111111
522004,CCC,2014J,0.0,0.0
522007,FFF,2013J,0.2,0.06557377049180328
522082,FFF,2013J,0.1,0.0425531914893617
522082,FFF,2014J,0.1,0.02531645569620253
522087,BBB,2014B,0.0,0.0
522090,BBB,2013B,0.05,0.125
522189,BBB,2014J,0.05,0.05263157894736842
522205,DDD,2014B,0.0,0.0
522249,BBB,2013B,0.0,0.0
522257,CCC,2014J,0.1,0.07692307692307693
522257,FFF,2013J,0.1,0.015151515151515152
522312,CCC,2014B,0.0,0.0
522312,DDD,2013J,0.1,0.03636363636363636
522363,DDD,2014B,0.05,0.020833333333333332
522373,BBB,2013B,0.15,0.10344827586206896
522381,BBB,2014J,0.15,0.07894736842105263
522383,BBB,2013B,0.05,0.1111111111111111
522426,BBB,2013J,0.15,0.08108108108108109
522433,FFF,2013B,0.1,0.2857142857142857
522434,BBB,2013J,0.05,0.030303030303030304
522441,BBB,2013J,0.1,0.125
522446,BBB,2013J,0.1,0.08695652173913043
522473,DDD,2013J,0.3,0.08333333333333333
522484,CCC,2014B,0.0,0.0
522484,EEE,2013J,0.05,0.06666666666666667
522525,CCC,2014J,0.15,0.08333333333333333
522525,EEE,2014B,0.2,0.14814814814814814
522529,BBB,2013J,0.1,0.06451612903225806
522534,CCC,2014J,0.2,1.0
522538,DDD,2013J,0.0,0.0
522561,GGG,2013J,0.2,0.125
522572,DDD,2013B,0.1,0.038461538461538464
522645,EEE,2014J,0.0,0.0
522654,DDD,2013B,0.05,0.021739130434782608
522708,CCC,2014J,0.0,0.0
522714,BBB,2013J,0.3,0.15384615384615385
522718,FFF,2013B,0.1,0.05128205128205128
522731,GGG,2013J,0.0,0.0
522740,FFF,2013J,0.05,0.025
522743,FFF,2013B,0.15,0.0967741935483871
522754,CCC,2014J,0.0,0.0
522777,DDD,2013J,0.2,0.06153846153846154
522792,BBB,2013J,0.1,0.031746031746031744
522840,DDD,2014B,0.25,0.056818181818181816
522850,FFF,2013B,0.25,0.04950495049504951
522859,FFF,2013B,0.3,0.06451612903225806
522878,DDD,2013B,0.05,0.03125
522889,BBB,2013J,0.05,0.030303030303030304
522891,BBB,2013J,0.25,0.2631578947368421
522894,BBB,2013J,0.15,0.07692307692307693
522899,BBB,2013J,0.3,0.10526315789473684
522923,FFF,2013B,0.2,0.06666666666666667
522924,CCC,2014J,0.0,0.0
522994,EEE,2013J,0.25,0.2631578947368421
523012,BBB,2013B,0.05,0.043478260869565216
523017,FFF,2014J,0.1,0.04081632653061224
523021,BBB,2014B,0.0,0.0
523047,DDD,2013J,0.0,0.0
523061,CCC,2014B,0.1,0.07142857142857142
523061,EEE,2014B,0.05,0.05263157894736842
523079,CCC,2014B,0.0,0.0
523132,BBB,2014J,0.2,0.07142857142857142
523142,FFF,2013B,0.05,0.01694915254237288
523169,EEE,2013J,0.1,0.14285714285714285
523239,CCC,2014J,0.0,0.0
523247,BBB,2014B,0.05,0.045454545454545456
523248,DDD,2013J,0.05,0.045454545454545456
523249,FFF,2014J,0.05,0.015151515151515152
523334,CCC,2014J,0.1,0.1111111111111111
523335,FFF,2013B,0.05,0.04
523392,DDD,2013B,0.05,0.03333333333333333
523466,BBB,2013J,0.1,0.08
523545,BBB,2013J,0.1,0.14285714285714285
523596,BBB,2013B,0.1,0.25
523599,FFF,2013J,0.05,0.0625
523630,BBB,2013B,0.0,0.0
523655,BBB,2013J,0.0,0.0
523672,BBB,2013B,0.05,0.16666666666666666
523680,FFF,2013J,0.3,0.04918032786885246
523700,FFF,2013B,0.25,0.08333333333333333
523762,CCC,2014J,0.1,0.047619047619047616
523762,DDD,2014J,0.0,0.0
523803,GGG,2013J,0.15,0.13636363636363635
523831,BBB,2014J,0.2,0.26666666666666666
523833,FFF,2013B,0.4,0.06299212598425197
523841,FFF,2013B,0.15,0.17647058823529413
523857,BBB,2013J,0.1,0.02857142857142857
523857,DDD,2014B,0.2,0.06349206349206349
523872,CCC,2014J,0.1,0.07692307692307693
523872,EEE,2014J,0.1,0.1
523875,BBB,2013J,0.25,0.1282051282051282
523905,BBB,2014J,0.15,0.07894736842105263
523928,BBB,2013J,0.0,0.0
523940,FFF,2013B,0.15,0.04918032786885246
523944,CCC,2014J,0.25,0.1111111111111111
523966,BBB,2013B,0.05,0.09090909090909091
523971,FFF,2013J,0.2,0.08
523978,DDD,2014B,0.15,0.06976744186046512
524043,BBB,2014J,0.25,0.17857142857142858
524109,DDD,2014B,0.1,0.08
524128,CCC,2014B,0.35,0.11475409836065574
524137,DDD,2013B,0.0,0.0
524137,DDD,2014B,0.2,0.05970149253731343
524160,DDD,2013B,0.1,0.03278688524590164
524175,DDD,2013B,0.15,0.04918032786885246
524227,FFF,2013B,0.2,0.08163265306122448
524261,DDD,2013B,0.05,0.030303030303030304
524261,DDD,2013J,0.0,0.0
524290,BBB,2014B,0.0,0.0
524295,CCC,2014B,0.55,0.16923076923076924
524296,FFF,2014B,0.0,0.0
524361,FFF,2013B,0.05,0.014285714285714285
524369,DDD,2013B,0.15,0.06818181818181818
524377,FFF,2013B,0.3,0.11320754716981132
524378,CCC,2014B,0.1,0.0625
524378,DDD,2013B,0.05,0.022727272727272728
524384,FFF,2013J,0.0,0.0
524396,DDD,2013B,0.05,0.02564102564102564
524407,FFF,2013J,0.3,0.05084745762711865
524427,DDD,2014J,0.05,0.029411764705882353
524431,FFF,2013B,0.0,0.0
524452,BBB,2013B,0.1,0.125
524466,FFF,2013B,0.2,0.07692307692307693
524575,DDD,2013J,0.2,0.036036036036036036
524631,EEE,2013J,0.05,0.08333333333333333
524711,DDD,2013J,0.0,0.0
524790,BBB,2013J,0.05,0.041666666666666664
524791,DDD,2013J,0.15,0.03896103896103896
524825,FFF,2013B,0.1,0.02666666666666667
524845,FFF,2013J,0.0,0.0
524938,FFF,2013J,0.0,0.0
524974,FFF,2013J,0.2,0.057971014492753624
525066,DDD,2013B,0.0,0.0
525068,DDD,2014J,0.1,0.07407407407407407
525189,DDD,2013J,0.0,0.0
525217,EEE,2014J,0.35,0.28
525246,EEE,2013J,0.05,0.058823529411764705
525332,CCC,2014B,0.0,0.0
525332,EEE,2014B,0.05,0.1
525412,DDD,2014B,0.05,0.03225806451612903
525412,FFF,2013B,0.1,0.05128205128205128
525456,DDD,2013J,0.05,0.019230769230769232
525469,FFF,2013B,0.1,0.03333333333333333
525472,DDD,2013J,0.1,0.03571428571428571
525490,FFF,2013B,0.05,0.16666666666666666
525501,BBB,2013B,0.0,0.0
525512,FFF,2013B,0.15,0.06976744186046512
525520,BBB,2013B,0.05,0.05263157894736842
525624,FFF,2013B,0.65,0.0948905109489051
525625,EEE,2014J,0.25,0.21739130434782608
525632,FFF,2013B,0.25,0.08620689655172414
525635,DDD,2014B,0.1,0.0625
525679,BBB,2013B,0.0,0.0
525683,BBB,2013B,0.15,0.13043478260869565
525700,FFF,2013B,0.1,0.024691358024691357
525703,EEE,2013J,0.3,0.2727272727272727
525749,DDD,2013B,0.1,0.043478260869565216
525762,DDD,2013B,0.05,0.08333333333333333
525820,DDD,2013B,0.1,0.05555555555555555
525832,CCC,2014B,0.3,0.12
525870,DDD,2014J,0.0,0.0
525877,BBB,2013J,0.0,0.0
525885,BBB,2013J,0.05,0.058823529411764705
525942,BBB,2013B,0.0,0.0
525942,BBB,2014B,0.1,0.13333333333333333
525974,BBB,2013J,0.1,0.1
526051,EEE,2014B,0.45,0.2571428571428571
526068,DDD,2013B,0.1,0.03333333333333333
526073,CCC,2014B,0.15,0.15
526073,EEE,2013J,0.1,0.1111111111111111
526088,BBB,2013J,0.0,0.0
526098,DDD,2013J,0.05,0.06666666666666667
526132,CCC,2014J,0.0,0.0
526151,FFF,2013B,0.2,0.041237113402061855
526158,DDD,2013J,0.1,0.05714285714285714
526175,DDD,2014B,0.0,0.0
526177,BBB,2013J,0.15,0.42857142857142855
526200,BBB,2013B,0.05,0.25
526235,CCC,2014B,0.05,0.16666666666666666
526235,CCC,2014J,0.0,0.0
526242,DDD,2013J,0.3,0.10344827586206896
526285,BBB,2014B,0.0,0.0
526303,FFF,2014B,0.1,0.029411764705882353
526352,DDD,2014J,0.15,0.06382978723404255
526370,BBB,2013B,0.05,0.2
526417,FFF,2013B,0.1,0.0273972602739726
526441,CCC,2014J,0.1,0.06896551724137931
526549,FFF,2013B,0.15,0.05084745762711865
526551,FFF,2013B,0.2,0.0392156862745098
526559,FFF,2013B,0.15,0.046153846153846156
526564,CCC,2014B,0.05,0.043478260869565216
526589,FFF,2013B,0.3,0.10526315789473684
526601,FFF,2013J,0.1,0.03125
526679,DDD,2013J,0.25,0.07936507936507936
526721,FFF,2014J,0.15,0.034482758620689655
526741,CCC,2014J,0.05,0.047619047619047616
526761,FFF,2013B,0.05,0.06666666666666667
526810,BBB,2013J,0.0,0.0
526818,FFF,2013B,0.15,0.05172413793103448
526819,FFF,2013B,0.1,0.045454545454545456
526819,FFF,2014J,0.2,0.05970149253731343
526821,FFF,2014B,0.15,0.06382978723404255
526876,CCC,2014B,0.05,0.038461538461538464
526896,FFF,2013B,0.2,0.05405405405405406
526912,DDD,2014J,0.0,0.0
526927,CCC,2014B,0.0,0.0
526927,FFF,2013B,0.2,0.024390243902439025
526980,FFF,2013B,0.1,0.06896551724137931
527020,BBB,2013B,0.0,0.0
527039,GGG,2014J,0.0,0.0
527100,AAA,2014J,0.25,0.15625
527102,BBB,2014J,0.05,0.09090909090909091
527148,FFF,2013J,0.05,0.015151515151515152
527164,BBB,2013B,0.0,0.0
527225,FFF,2013B,0.25,0.08196721311475409
527227,BBB,2013B,0.05,0.047619047619047616
527242,DDD,2014B,0.0,0.0
527306,DDD,2013B,0.0,0.0
527323,DDD,2013B,0.0,0.0
527323,DDD,2014B,0.0,0.0
527393,BBB,2013J,0.0,0.0
527427,DDD,2013J,0.0,0.0
527494,FFF,2013J,0.15,0.057692307692307696
527538,GGG,2014J,0.35,0.3333333333333333
527565,FFF,2013J,0.05,0.1111111111111111
527574,DDD,2013J,0.05,0.013888888888888888
527580,BBB,2013J,0.0,0.0
527601,FFF,2013B,0.0,0.0
527619,FFF,2013J,0.0,0.0
527622,FFF,2013B,0.05,0.014925373134328358
527636,BBB,2013J,0.0,0.0
527685,FFF,2013B,0.05,0.023255813953488372
527713,FFF,2013J,0.2,0.043478260869565216
527742,BBB,2014J,0.0,0.0
527742,GGG,2013J,0.05,0.08333333333333333
527747,DDD,2013B,0.1,0.13333333333333333
527751,DDD,2013J,0.35,0.058823529411764705
527799,BBB,2013J,0.25,0.07936507936507936
527801,AAA,2014J,0.0,0.0
527826,CCC,2014B,0.4,0.13793103448275862
527886,BBB,2013B,0.0,0.0
527917,DDD,2013B,0.45,0.12857142857142856
527927,FFF,2013B,0.0,0.0
527954,DDD,2013J,0.1,0.06451612903225806
527958,CCC,2014J,0.0,0.0
527964,CCC,2014B,0.2,0.125
527980,BBB,2013B,0.1,0.09523809523809523
527991,FFF,2013B,0.1,0.06060606060606061
528021,EEE,2013J,0.05,0.05555555555555555
528023,CCC,2014B,0.1,0.4
528034,DDD,2013B,0.0,0.0
528066,CCC,2014B,0.2,0.08888888888888889
528075,FFF,2013B,0.15,0.043478260869565216
528083,EEE,2013J,0.1,0.06666666666666667
528161,BBB,2013B,0.0,0.0
528184,DDD,2013B,0.1,0.047619047619047616
528250,BBB,2013B,0.0,0.0
528261,BBB,2013B,0.05,0.05
528270,FFF,2013B,0.0,0.0
528351,FFF,2013B,0.2,0.05555555555555555
528353,BBB,2013B,0.1,0.06666666666666667
528363,DDD,2014J,0.0,0.0
528424,FFF,2013B,0.0,0.0
528432,BBB,2014J,0.0,0.0
528464,BBB,2013J,0.1,0.09090909090909091
528467,DDD,2013J,0.0,0.0
528506,CCC,2014J,0.0,0.0
528506,FFF,2013J,0.0,0.0
528509,FFF,2013B,0.3,0.05084745762711865
528515,GGG,2013J,0.25,0.2777777777777778
528517,FFF,2013B,0.1,0.024096385542168676
528535,DDD,2014J,0.0,0.0
528538,FFF,2014B,0.0,0.0
528551,DDD,2013J,0.25,0.06172839506172839
528559,FFF,2013J,0.1,0.027777777777777776
528649,BBB,2013B,0.0,0.0
528662,FFF,2013B,0.05,0.06666666666666667
528698,BBB,2013B,0.2,0.13333333333333333
528699,DDD,2014B,0.0,0.0
528702,BBB,2014J,0.3,0.35294117647058826
528713,FFF,2013B,0.0,0.0
528713,FFF,2014B,0.05,0.07142857142857142
528734,FFF,2013B,0.3,0.06060606060606061
528846,DDD,2013B,0.05,0.023255813953488372
528892,CCC,2014B,0.05,0.05555555555555555
528892,DDD,2013J,0.05,0.02127659574468085
528904,BBB,2013B,0.05,0.047619047619047616
528923,DDD,2013B,0.05,0.05555555555555555
528971,DDD,2013J,0.1,0.043478260869565216
528992,FFF,2013B,0.15,0.04
529025,CCC,2014B,0.05,0.029411764705882353
529025,DDD,2013B,0.2,0.06451612903225806
529030,FFF,2013B,0.1,0.06896551724137931
529065,BBB,2013B,0.0,0.0
529073,DDD,2013J,0.0,0.0
529078,CCC,2014B,0.05,0.02564102564102564
529078,DDD,2013B,0.05,0.01639344262295082
529097,FFF,2013B,0.15,0.057692307692307696
529174,BBB,2013B,0.0,0.0
529175,FFF,2013B,0.2,0.07142857142857142
529190,DDD,2014B,0.2,0.10256410256410256
529197,FFF,2013J,0.05,0.027777777777777776
529201,FFF,2013J,0.3,0.1276595744680851
529211,FFF,2013J,0.05,0.05
529212,BBB,2013B,0.0,0.0
529226,DDD,2013J,0.1,0.04
529240,FFF,2013B,0.35,0.07142857142857142
529287,EEE,2014J,0.15,0.2727272727272727
529297,FFF,2013B,0.15,0.1
529304,EEE,2014B,0.0,0.0
529309,FFF,2013J,0.15,0.06818181818181818
529349,FFF,2013B,0.2,0.03305785123966942
529366,FFF,2013B,0.1,0.02531645569620253
529404,DDD,2013B,0.2,0.09090909090909091
529434,CCC,2014B,0.05,0.07692307692307693
529438,BBB,2014B,0.1,0.11764705882352941
529446,BBB,2013B,0.1,0.07142857142857142
529452,BBB,2013B,0.05,0.0625
529486,FFF,2013B,0.15,0.05357142857142857
529490,FFF,2013J,0.15,0.11538461538461539
529493,FFF,2013B,0.25,0.053763440860215055
529502,BBB,2013B,0.05,0.041666666666666664
529512,EEE,2013J,0.1,0.08
529522,DDD,2013J,0.15,0.125
529561,FFF,2013B,0.1,0.06451612903225806
529563,FFF,2013B,0.1,0.06896551724137931
529565,FFF,2013B,0.2,0.12121212121212122
529566,FFF,2013B,0.05,0.02857142857142857
529567,FFF,2013B,0.1,0.03571428571428571
529569,FFF,2013B,0.05,0.029411764705882353
529597,BBB,2013J,0.05,0.06666666666666667
529644,FFF,2013B,0.1,0.045454545454545456
529670,EEE,2014J,0.2,0.15384615384615385
529684,FFF,2013J,0.1,0.1
529689,FFF,2013B,0.15,0.026785714285714284
529693,FFF,2014J,0.15,0.03225806451612903
529723,FFF,2013J,0.0,0.0
529762,FFF,2013B,0.15,0.05555555555555555
529795,BBB,2013J,0.0,0.0
529834,FFF,2013B,0.25,0.045871559633027525
529862,FFF,2013J,0.15,0.029411764705882353
529863,DDD,2013B,0.25,0.07142857142857142
529864,FFF,2013B,0.1,0.05714285714285714
529868,DDD,2013J,0.2,0.05063291139240506
529870,FFF,2013B,0.15,0.046153846153846156
529871,FFF,2013B,0.1,0.025
529877,DDD,2013B,0.0,0.0
529975,CCC,2014J,0.0,0.0
529991,FFF,2013B,0.05,0.018867924528301886
529991,FFF,2014J,0.1,0.05405405405405406
530021,BBB,2014J,0.0,0.0
530043,FFF,2013J,0.25,0.047619047619047616
530057,FFF,2013B,0.2,0.057971014492753624
530065,BBB,2013B,0.0,0.0
530087,EEE,2014J,0.2,0.17391304347826086
530148,FFF,2014J,0.15,0.1111111111111111
530159,FFF,2013J,0.45,0.09375
530172,EEE,2013J,0.05,0.3333333333333333
530196,FFF,2014B,0.15,0.08333333333333333
530226,BBB,2013B,0.05,0.024390243902439025
530234,DDD,2013B,0.1,0.058823529411764705
530296,FFF,2013B,0.4,0.09523809523809523
530344,FFF,2013B,0.25,0.036231884057971016
530360,EEE,2013J,0.1,0.14285714285714285
530445,FFF,2013B,0.15,0.057692307692307696
530487,BBB,2013J,0.2,0.10810810810810811
530493,BBB,2013B,0.0,0.0
530514,BBB,2013J,0.05,0.16666666666666666
530558,FFF,2013B,0.25,0.07692307692307693
530567,FFF,2013B,0.1,0.023529411764705882
530650,CCC,2014B,0.2,0.08333333333333333
530663,CCC,2014J,0.1,0.13333333333333333
530669,BBB,2013B,0.1,0.07692307692307693
530676,FFF,2013B,0.0,0.0
530736,FFF,2013B,0.2,0.04938271604938271
530748,DDD,2013B,0.0,0.0
530765,EEE,2013J,0.3,0.25
530772,BBB,2014J,0.0,0.0
530802,FFF,2013B,0.4,0.07142857142857142
530841,BBB,2013J,0.0,0.0
530853,FFF,2013B,0.05,0.14285714285714285
530862,FFF,2013B,0.1,0.025
530936,CCC,2014B,0.1,0.3333333333333333
530940,FFF,2013J,0.3,0.05128205128205128
530941,BBB,2014J,0.15,0.08333333333333333
530944,FFF,2013B,0.05,0.022727272727272728
530967,DDD,2013J,0.05,0.022222222222222223
530987,BBB,2013B,0.1,0.11764705882352941
531018,FFF,2014J,0.2,0.031007751937984496
531047,DDD,2013B,0.05,0.01818181818181818
531069,DDD,2013B,0.0,0.0
531069,DDD,2014B,0.0,0.0
531075,DDD,2013B,0.0,0.0
531077,FFF,2013B,0.2,0.047619047619047616
531124,FFF,2013B,0.0,0.0
531182,FFF,2013B,0.1,0.058823529411764705
531190,FFF,2013B,0.25,0.09803921568627451
531202,DDD,2013B,0.3,0.075
531224,GGG,2013J,0.2,0.3076923076923077
531234,DDD,2014B,0.0,0.0
531270,FFF,2013B,0.15,0.03529411764705882
531294,FFF,2013B,0.15,0.05660377358490566
531340,DDD,2014B,0.0,0.0
531384,BBB,2013J,0.25,0.08928571428571429
531402,DDD,2013J,0.4,0.07207207207207207
531427,BBB,2013B,0.0,0.0
531448,FFF,2013B,0.0,0.0
531450,BBB,2014J,0.15,0.10714285714285714
531569,BBB,2013B,0.0,0.0
531573,BBB,2013B,0.25,0.2777777777777778
531629,FFF,2013B,0.4,0.0898876404494382
531643,BBB,2013J,0.05,0.047619047619047616
531646,DDD,2014J,0.05,0.022222222222222223
531709,FFF,2013B,0.2,0.06153846153846154
531753,BBB,2014J,0.05,0.027777777777777776
531755,BBB,2014B,0.05,0.041666666666666664
531787,DDD,2013B,0.3,0.10344827586206896
531791,FFF,2013B,0.2,0.23529411764705882
531865,BBB,2014J,0.2,0.13793103448275862
531871,FFF,2014J,0.1,0.046511627906976744
531894,FFF,2013B,0.0,0.0
531896,CCC,2014J,0.05,0.058823529411764705
531905,FFF,2013B,0.1,0.05
531924,DDD,2013B,0.1,0.05
532020,CCC,2014B,0.05,0.019230769230769232
532020,DDD,2013J,0.0,0.0
532049,FFF,2013B,0.0,0.0
532050,FFF,2013B,0.05,0.041666666666666664
532114,BBB,2013J,0.0,0.0
532116,DDD,2013J,0.0,0.0
532121,FFF,2013J,0.1,0.045454545454545456
532140,BBB,2013B,0.05,0.14285714285714285
532144,DDD,2013J,0.1,0.028985507246376812
532194,DDD,2014B,0.0,0.0
532236,DDD,2014J,0.05,0.029411764705882353
532254,FFF,2014J,0.2,0.08888888888888889
532267,DDD,2013B,0.0,0.0
532274,BBB,2014B,0.0,0.0
532335,BBB,2013J,0.3,0.10714285714285714
532350,CCC,2014B,0.1,0.08
532413,FFF,2014B,0.1,0.04878048780487805
532428,FFF,2013B,0.3,0.13636363636363635
532436,FFF,2013B,0.25,0.04716981132075472
532440,CCC,2014J,0.15,0.13636363636363635
532464,FFF,2013B,0.0,0.0
532477,BBB,2013J,0.15,0.15789473684210525
532491,DDD,2013B,0.05,0.029411764705882353
532491,EEE,2013J,0.0,0.0
532500,BBB,2013B,0.0,0.0
532512,BBB,2013B,0.0,0.0
532531,CCC,2014B,0.15,0.21428571428571427
532531,EEE,2014B,0.0,0.0
532534,BBB,2013B,0.05,1.0
532565,CCC,2014J,0.0,0.0
532565,DDD,2013B,0.1,0.03225806451612903
532578,FFF,2013B,0.1,0.04878048780487805
532579,EEE,2014J,0.1,0.05714285714285714
532579,FFF,2013B,0.3,0.05042016806722689
532589,FFF,2013B,0.05,0.017241379310344827
532608,FFF,2013B,0.1,0.017094017094017096
532615,BBB,2013J,0.1,0.10526315789473684
532617,BBB,2014B,0.1,0.15384615384615385
532627,FFF,2013B,0.15,0.047619047619047616
532649,CCC,2014J,0.0,0.0
532665,BBB,2013B,0.0,0.0
532683,DDD,2013J,0.0,0.0
532695,DDD,2013B,0.15,0.05454545454545454
532715,FFF,2013B,0.1,0.03389830508474576
532718,CCC,2014B,0.0,0.0
532718,DDD,2013B,0.05,0.029411764705882353
532739,BBB,2013J,0.05,0.08333333333333333
532741,FFF,2013J,0.05,0.037037037037037035
532745,DDD,2013B,0.2,0.0784313725490196
532750,BBB,2013J,0.05,0.05
532779,BBB,2014J,0.05,0.029411764705882353
532839,BBB,2013B,0.0,0.0
532839,BBB,2013J,0.1,0.09090909090909091
532846,CCC,2014J,0.05,0.14285714285714285
532846,EEE,2014J,0.1,0.09090909090909091
532855,DDD,2013B,0.15,0.06521739130434782
532868,BBB,2013J,0.05,0.05
532869,BBB,2013J,0.15,0.13636363636363635
532886,BBB,2013B,0.0,0.0
532941,DDD,2013J,0.0,0.0
532950,BBB,2013B,0.15,0.08333333333333333
532968,FFF,2013B,0.2,0.032
533004,CCC,2014B,0.0,0.0
533004,DDD,2013B,0.05,0.020833333333333332
533012,EEE,2013J,0.0,0.0
533016,FFF,2013B,0.0,0.0
533044,FFF,2013B,0.1,0.03636363636363636
533054,GGG,2014B,0.05,0.07142857142857142
533068,AAA,2014J,0.05,0.06666666666666667
533077,BBB,2014B,0.05,0.2
533091,BBB,2013J,0.0,0.0
533134,FFF,2013B,0.1,0.022222222222222223
533140,FFF,2014B,0.1,0.08
533141,FFF,2014B,0.05,1.0
533164,BBB,2013J,0.0,0.0
533172,FFF,2013B,0.05,0.01694915254237288
533198,FFF,2013B,0.0,0.0
533198,FFF,2014B,0.0,0.0
533201,FFF,2013B,0.2,0.10256410256410256
533209,BBB,2014J,0.15,0.07894736842105263
533210,BBB,2014B,0.05,0.09090909090909091
533217,FFF,2014B,0.1,0.03389830508474576
533291,DDD,2013B,0.05,0.034482758620689655
533301,BBB,2013J,0.05,0.05
533311,EEE,2013J,0.0,0.0
533321,FFF,2013B,0.1,0.016260162601626018
533324,BBB,2013B,0.05,0.2
533347,BBB,2013B,0.05,0.07142857142857142
533348,FFF,2013B,0.0,0.0
533365,BBB,2013B,0.05,0.2
533418,FFF,2014J,0.4,0.07407407407407407
533485,FFF,2013B,0.05,0.018867924528301886
533512,CCC,2014J,0.0,0.0
533523,FFF,2013J,0.15,0.046153846153846156
533527,BBB,2014B,0.0,0.0
533535,FFF,2013B,0.5,0.1
533545,BBB,2013B,0.0,0.0
533614,FFF,2013B,0.1,0.03636363636363636
533689,CCC,2014J,0.0,0.0
533697,BBB,2013B,0.0,0.0
533722,BBB,2013B,0.0,0.0
533839,BBB,2013B,0.0,0.0
533874,FFF,2013B,0.05,0.041666666666666664
533877,DDD,2013B,0.15,0.0375
533929,FFF,2013B,0.35,0.0673076923076923
533975,FFF,2013J,0.0,0.0
533988,DDD,2013J,0.2,0.057971014492753624
533997,FFF,2013B,0.0,0.0
534014,FFF,2013B,0.1,0.18181818181818182
534037,FFF,2013B,0.05,0.015873015873015872
534051,BBB,2013B,0.0,0.0
534064,FFF,2013B,0.2,0.05194805194805195
534074,CCC,2014J,0.0,0.0
534086,BBB,2013B,0.1,0.2222222222222222
534093,CCC,2014J,0.1,0.029411764705882353
534093,DDD,2013J,0.15,0.06521739130434782
534112,FFF,2014J,0.0,0.0
534133,BBB,2013J,0.1,0.0625
534143,BBB,2014B,0.05,0.5
534163,BBB,2014B,0.0,0.0
534201,DDD,2014B,0.0,0.0
534203,DDD,2013B,0.05,0.02127659574468085
534251,GGG,2013J,0.15,0.2727272727272727
534323,BBB,2013J,0.1,0.047619047619047616
534343,BBB,2013B,0.1,0.08695652173913043
534346,FFF,2013B,0.0,0.0
534349,DDD,2013B,0.0,0.0
534360,BBB,2013B,0.05,0.09090909090909091
534371,EEE,2013J,0.25,0.16129032258064516
534373,BBB,2013B,0.05,0.045454545454545456
534428,BBB,2014J,0.1,0.07407407407407407
534431,FFF,2013B,0.35,0.08333333333333333
534432,BBB,2013B,0.1,0.125
534457,FFF,2014J,0.05,0.02564102564102564
534602,FFF,2013B,0.3,0.05714285714285714
534647,GGG,2013J,0.05,0.16666666666666666
534652,BBB,2013B,0.15,0.1875
534672,GGG,2014J,0.1,0.125
534698,BBB,2013B,0.05,0.034482758620689655
534709,BBB,2013B,0.2,0.19047619047619047
534715,BBB,2014J,0.1,0.05
534733,CCC,2014J,0.25,0.08928571428571429
534744,BBB,2013B,0.0,0.0
534750,FFF,2013B,0.1,0.044444444444444446
534765,BBB,2013B,0.05,0.16666666666666666
534784,FFF,2013B,0.05,0.024390243902439025
534792,FFF,2013B,0.4,0.06349206349206349
534816,BBB,2013J,0.0,0.0
534854,FFF,2013B,0.0,0.0
534856,FFF,2013B,0.1,0.0425531914893617
534884,BBB,2014J,0.0,0.0
534892,FFF,2013B,0.3,0.08108108108108109
534910,DDD,2013B,0.1,0.05
534913,FFF,2013B,0.1,0.1111111111111111
534946,BBB,2013J,0.0,0.0
534952,FFF,2013B,0.1,0.03125
534958,FFF,2013B,0.1,0.021505376344086023
534983,BBB,2013B,0.0,0.0
534989,FFF,2013B,0.15,0.08571428571428572
534991,BBB,2013B,0.05,0.2
534998,BBB,2013J,0.05,0.037037037037037035
535012,BBB,2013B,0.05,0.07142857142857142
535037,FFF,2013B,0.25,0.03875968992248062
535047,CCC,2014B,0.0,0.0
535077,BBB,2014B,0.05,0.04
535131,FFF,2013J,0.1,0.03333333333333333
535140,BBB,2013B,0.05,0.05
535145,BBB,2013B,0.2,0.10810810810810811
535152,BBB,2013B,0.0,0.0
535155,BBB,2013B,0.0,0.0
535161,CCC,2014J,0.0,0.0
535161,DDD,2013J,0.1,0.04878048780487805
535215,DDD,2013B,0.0,0.0
535220,DDD,2014J,0.0,0.0
535259,CCC,2014J,0.1,0.05263157894736842
535259,EEE,2013J,0.0,0.0
535278,BBB,2013B,0.0,0.0
535328,BBB,2013B,0.05,0.05263157894736842
535379,BBB,2013J,0.05,0.14285714285714285
535396,BBB,2013B,0.0,0.0
535407,BBB,2013B,0.0,0.0
535424,DDD,2013B,0.15,0.07317073170731707
535460,FFF,2013B,0.0,0.0
535463,DDD,2013B,0.05,0.05555555555555555
535468,BBB,2013B,0.05,0.04
535506,BBB,2014B,0.15,0.10714285714285714
535529,FFF,2013J,0.1,0.18181818181818182
535530,BBB,2013B,0.0,0.0
535548,BBB,2014B,0.05,0.125
535605,BBB,2013B,0.1,0.08695652173913043
535620,DDD,2013B,0.05,0.1
535628,FFF,2013B,0.2,0.10810810810810811
535632,DDD,2013J,0.0,0.0
535648,CCC,2014J,0.05,0.05555555555555555
535662,FFF,2013B,0.1,0.027777777777777776
535671,FFF,2014J,0.15,0.03614457831325301
535755,BBB,2013B,0.05,0.0625
535760,BBB,2013B,0.0,0.0
535773,BBB,2013B,0.05,0.03333333333333333
535794,DDD,2013J,0.1,0.03636363636363636
535799,DDD,2013B,0.15,0.047619047619047616
535800,BBB,2013B,0.0,0.0
535804,FFF,2013B,0.25,0.046296296296296294
535807,BBB,2013B,0.0,0.0
535820,BBB,2013B,0.0,0.0
535831,DDD,2013B,0.25,0.08928571428571429
535833,BBB,2013J,0.05,0.05263157894736842
535963,BBB,2014J,0.05,0.02631578947368421
535986,DDD,2013B,0.0,0.0
535997,FFF,2014J,0.0,0.0
536032,DDD,2013B,0.0,0.0
536038,FFF,2013B,0.0,0.0
536046,FFF,2013B,0.0,0.0
536103,FFF,2013B,0.05,0.08333333333333333
536112,BBB,2013B,0.05,0.06666666666666667
536125,FFF,2013B,0.15,0.05454545454545454
536147,FFF,2013B,0.05,0.06666666666666667
536170,CCC,2014B,0.05,0.01818181818181818
536170,DDD,2013B,0.4,0.09090909090909091
536178,FFF,2013B,0.1,0.029411764705882353
536188,BBB,2013B,0.0,0.0
536189,BBB,2013B,0.0,0.0
536199,DDD,2013J,0.0,0.0
536203,BBB,2013B,0.0,0.0
536205,BBB,2013B,0.0,0.0
536210,DDD,2013J,0.0,0.0
536214,FFF,2013B,0.15,0.06521739130434782
536261,CCC,2014B,0.0,0.0
536261,DDD,2013B,0.05,0.01639344262295082
536276,CCC,2014J,0.3,0.17142857142857143
536286,BBB,2014B,0.0,0.0
536296,DDD,2014J,0.05,0.03571428571428571
536318,BBB,2013J,0.05,0.05263157894736842
536331,FFF,2013J,0.0,0.0
536351,FFF,2014J,0.3,0.08571428571428572
536435,CCC,2014B,0.0,0.0
536442,BBB,2013B,0.05,0.1
536452,BBB,2013B,0.1,0.0625
536455,FFF,2013B,0.2,0.0784313725490196
536475,FFF,2014J,0.15,0.06976744186046512
536536,CCC,2014B,0.0,0.0
536536,DDD,2013B,0.05,0.03333333333333333
536556,FFF,2013B,0.0,0.0
536591,FFF,2013B,0.1,0.037037037037037035
536593,FFF,2013B,0.45,0.075
536629,BBB,2014B,0.05,0.1111111111111111
536632,BBB,2013J,0.0,0.0
536636,FFF,2014B,0.0,0.0
536647,GGG,2013J,0.1,0.1111111111111111
536649,BBB,2013J,0.3,0.2
536660,BBB,2013J,0.1,0.18181818181818182
536666,BBB,2013J,0.0,0.0
536681,FFF,2013B,0.0,0.0
536696,DDD,2013B,0.0,0.0
536698,FFF,2013B,0.0,0.0
536722,BBB,2013B,0.0,0.0
536726,BBB,2013B,0.0,0.0
536767,BBB,2014J,0.05,0.16666666666666666
536805,BBB,2014B,0.05,0.14285714285714285
536843,FFF,2013B,0.05,0.07142857142857142
536852,BBB,2013J,0.05,0.14285714285714285
536856,BBB,2013B,0.05,0.08333333333333333
536900,BBB,2013B,0.0,0.0
536906,FFF,2013B,0.1,0.045454545454545456
536926,DDD,2013B,0.2,0.07407407407407407
536930,FFF,2013B,0.05,0.03571428571428571
536941,DDD,2014B,0.65,0.059907834101382486
536950,FFF,2013B,0.05,0.0196078431372549
536963,FFF,2014J,0.15,0.06818181818181818
536979,DDD,2013J,0.15,0.1111111111111111
536984,EEE,2014J,0.45,0.2571428571428571
536992,BBB,2013J,0.0,0.0
537077,BBB,2014B,0.2,0.17391304347826086
537081,AAA,2014J,0.1,0.1111111111111111
537115,GGG,2014J,0.0,0.0
537133,FFF,2013B,0.0,0.0
537133,FFF,2013J,0.0,0.0
537138,DDD,2013B,0.0,0.0
537139,DDD,2013B,0.25,0.09090909090909091
537162,BBB,2013B,0.0,0.0
537171,BBB,2014B,0.1,0.16666666666666666
537181,GGG,2013J,0.15,0.0967741935483871
537193,BBB,2013B,0.25,0.1388888888888889
537194,BBB,2014J,0.2,0.08333333333333333
537255,BBB,2013B,0.05,0.034482758620689655
537259,BBB,2013B,0.15,0.046153846153846156
537322,CCC,2014B,0.0,0.0
537322,FFF,2014B,0.0,0.0
537322,FFF,2014J,0.0,0.0
537328,FFF,2013J,0.15,0.04838709677419355
537342,BBB,2013B,0.05,0.03333333333333333
537373,BBB,2014B,0.15,0.25
537414,BBB,2013B,0.1,0.13333333333333333
537434,BBB,2013B,0.1,0.04878048780487805
537452,DDD,2013B,0.0,0.0
537464,BBB,2013B,0.05,0.02702702702702703
537473,BBB,2013B,0.05,0.0625
537488,BBB,2013B,0.05,0.058823529411764705
537515,FFF,2013B,0.15,0.04918032786885246
537558,BBB,2013B,0.05,0.07692307692307693
537572,BBB,2013B,0.15,0.1111111111111111
537577,DDD,2014J,0.15,0.04411764705882353
537603,CCC,2014B,0.0,0.0
537603,DDD,2013B,0.1,0.05405405405405406
537606,CCC,2014B,0.0,0.0
537606,FFF,2014J,0.0,0.0
537622,DDD,2013B,0.1,0.043478260869565216
537640,BBB,2014J,0.1,0.07692307692307693
537645,FFF,2013B,0.2,0.05063291139240506
537654,CCC,2014B,0.05,0.03333333333333333
537654,CCC,2014J,0.25,0.0847457627118644
537656,FFF,2013B,0.0,0.0
537658,DDD,2013B,0.1,0.046511627906976744
537662,GGG,2013J,0.05,0.0625
537670,GGG,2013J,0.25,0.3125
537672,FFF,2013B,0.2,0.04395604395604396
537674,FFF,2013B,0.1,0.13333333333333333
537679,BBB,2013B,0.05,0.05555555555555555
537683,FFF,2013B,0.05,0.047619047619047616
537687,FFF,2013B,0.2,0.03773584905660377
537688,BBB,2013B,0.0,0.0
537698,BBB,2014B,0.4,0.07407407407407407
537700,FFF,2013B,0.0,0.0
537703,FFF,2014B,0.15,0.03614457831325301
537704,BBB,2013B,0.0,0.0
537747,DDD,2013J,0.1,0.029411764705882353
537756,DDD,2014B,0.05,0.043478260869565216
537811,CCC,2014J,0.0,0.0
537811,DDD,2013J,0.0,0.0
537811,FFF,2014J,0.05,0.009259259259259259
537844,BBB,2013B,0.05,0.16666666666666666
537868,DDD,2013B,0.0,0.0
537875,BBB,2013B,0.1,0.1
537898,BBB,2013B,0.1,0.08
537905,BBB,2013B,0.15,0.05
537926,DDD,2013B,0.1,0.05555555555555555
537929,EEE,2013J,0.2,0.16666666666666666
537938,FFF,2014B,0.2,0.10256410256410256
537942,FFF,2013J,0.2,0.038834951456310676
537955,FFF,2013B,0.15,0.0967741935483871
537962,DDD,2013J,0.1,0.043478260869565216
537980,FFF,2013B,0.3,0.0625
537995,FFF,2013B,0.05,0.02127659574468085
538040,EEE,2013J,0.1,0.2
538045,FFF,2013B,0.1,0.0625
538069,DDD,2013B,0.0,0.0
538102,EEE,2014B,0.2,0.3333333333333333
538202,FFF,2013B,0.2,0.09302325581395349
538210,BBB,2013J,0.2,0.1
538221,BBB,2013B,0.15,0.13636363636363635
538251,DDD,2013B,0.0,0.0
538611,DDD,2013B,0.15,0.08333333333333333
538701,DDD,2013B,0.2,0.07407407407407407
538863,DDD,2013J,0.05,0.020833333333333332
538887,CCC,2014B,0.05,1.0
538887,EEE,2013J,0.0,0.0
538897,BBB,2013B,0.1,0.058823529411764705
538903,DDD,2013J,0.1,0.030303030303030304
538916,FFF,2013B,0.2,0.0625
538918,GGG,2014B,0.05,0.2
538941,FFF,2013B,0.2,0.07272727272727272
538942,BBB,2013B,0.0,0.0
538949,FFF,2013B,0.1,0.043478260869565216
538987,BBB,2013B,0.05,0.03571428571428571
539043,DDD,2013B,0.0,0.0
539056,BBB,2013B,0.1,0.058823529411764705
539063,EEE,2013J,0.2,0.16666666666666666
539066,DDD,2013B,0.15,0.04411764705882353
539117,FFF,2013B,0.15,0.06
539142,DDD,2013B,0.05,0.058823529411764705
539186,DDD,2014B,0.05,0.0625
539209,DDD,2013B,0.2,0.07272727272727272
539219,FFF,2013B,0.0,0.0
539232,BBB,2013B,0.0,0.0
539241,FFF,2013B,0.1,0.0425531914893617
539253,BBB,2013B,0.05,0.043478260869565216
539265,BBB,2013B,0.0,0.0
539303,BBB,2013B,0.1,0.25
539308,FFF,2013B,0.0,0.0
539308,FFF,2014J,0.05,0.034482758620689655
539328,CCC,2014B,0.0,0.0
539328,DDD,2013B,0.15,0.061224489795918366
539332,FFF,2013B,0.05,0.021739130434782608
539345,BBB,2013B,0.05,0.05263157894736842
539359,FFF,2013B,0.15,0.03409090909090909
539364,FFF,2013B,0.25,0.08333333333333333
539365,BBB,2013B,0.3,0.11538461538461539
539385,BBB,2013B,0.05,0.07692307692307693
539418,BBB,2013B,0.0,0.0
539436,GGG,2013J,0.15,0.125
539440,FFF,2013B,0.55,0.09482758620689655
539444,FFF,2014B,0.1,0.022222222222222223
539451,CCC,2014J,0.0,0.0
539451,DDD,2014B,0.1,0.03333333333333333
539497,FFF,2013B,0.25,0.08620689655172414
539514,CCC,2014B,0.1,0.1
539514,FFF,2013B,0.05,0.020833333333333332
539558,BBB,2013B,0.1,0.08
539572,BBB,2013B,0.05,0.07692307692307693
539622,DDD,2013B,0.3,0.10344827586206896
539635,BBB,2014J,0.25,0.10638297872340426
539643,DDD,2013B,0.15,0.1
539675,BBB,2014B,0.0,0.0
539737,BBB,2013B,0.0,0.0
539759,FFF,2013B,0.1,0.022988505747126436
539784,CCC,2014B,0.3,0.13953488372093023
539894,BBB,2014B,0.15,0.21428571428571427
539896,FFF,2013B,0.1,0.058823529411764705
539922,FFF,2013B,0.05,0.007633587786259542
539922,FFF,2014B,0.05,0.010416666666666666
539945,FFF,2013J,0.0,0.0
539945,FFF,2014J,0.1,0.03333333333333333
539953,FFF,2013B,0.0,0.0
539962,BBB,2013B,0.0,0.0
539963,FFF,2013B,0.2,0.08
539971,CCC,2014B,0.05,0.09090909090909091
539990,EEE,2013J,0.1,0.2
539994,FFF,2013B,0.2,0.13793103448275862
540054,FFF,2013B,0.15,0.036585365853658534
540055,BBB,2013B,0.05,0.07692307692307693
540147,FFF,2013B,0.25,0.09259259259259259
540155,FFF,2013B,0.0,0.0
540160,FFF,2013B,0.25,0.06172839506172839
540184,BBB,2013B,0.05,0.04
540207,DDD,2013B,0.15,0.06976744186046512
540209,FFF,2013B,0.2,0.06153846153846154
540219,EEE,2014J,0.25,0.20833333333333334
540224,FFF,2013B,0.2,0.07142857142857142
540249,BBB,2013J,0.15,0.08333333333333333
540293,BBB,2013J,0.05,0.05
540298,DDD,2013B,0.25,0.10869565217391304
540310,DDD,2013B,0.15,0.058823529411764705
540503,FFF,2013J,0.1,0.03571428571428571
540509,EEE,2014B,0.1,0.0625
540511,BBB,2013B,0.15,0.12
540513,BBB,2013B,0.0,0.0
540521,BBB,2013J,0.05,0.09090909090909091
540530,BBB,2013B,0.0,0.0
540549,FFF,2013B,0.0,0.0
540558,BBB,2014B,0.1,0.08
540577,FFF,2013B,0.15,0.05555555555555555
540581,FFF,2013B,0.15,0.07894736842105263
540592,DDD,2013B,0.25,0.15625
540602,BBB,2013J,0.0,0.0
540605,DDD,2013B,0.25,0.07936507936507936
540607,BBB,2013B,0.0,0.0
540614,BBB,2013B,0.1,0.2857142857142857
540637,FFF,2013J,0.15,0.08823529411764706
540656,BBB,2013B,0.05,0.16666666666666666
540682,BBB,2013J,0.1,0.05
540686,CCC,2014B,0.05,0.019230769230769232
540686,DDD,2013B,0.25,0.05952380952380952
540694,DDD,2013B,0.1,0.038461538461538464
540713,FFF,2013B,0.05,0.02857142857142857
540723,FFF,2014J,0.3,0.05454545454545454
540727,FFF,2013B,0.15,0.03571428571428571
540750,BBB,2013B,0.05,0.05
540758,DDD,2013B,0.15,0.03409090909090909
540758,DDD,2014B,0.05,0.017857142857142856
540780,BBB,2013B,0.1,0.14285714285714285
540800,FFF,2013B,0.1,0.02531645569620253
540806,DDD,2013J,0.25,0.05555555555555555
540821,DDD,2014J,0.05,0.021739130434782608
540826,BBB,2013B,0.1,0.08333333333333333
540848,DDD,2013B,0.25,0.06944444444444445
540947,DDD,2013J,0.25,0.08064516129032258
541000,DDD,2014B,0.05,0.0196078431372549
541003,CCC,2014B,0.25,0.14705882352941177
541003,EEE,2014B,0.15,0.1875
541013,BBB,2013B,0.1,0.0625
541040,EEE,2013J,0.0,0.0
541044,GGG,2014B,0.05,0.3333333333333333
541073,BBB,2013B,0.1,0.2
541101,FFF,2013B,0.0,0.0
541108,DDD,2013J,0.05,0.015873015873015872
541113,BBB,2013B,0.0,0.0
541171,BBB,2013J,0.0,0.0
541171,BBB,2014J,0.05,0.05555555555555555
541174,EEE,2013J,0.1,0.11764705882352941
541202,DDD,2013B,0.0,0.0
541228,DDD,2013B,0.0,0.0
541231,BBB,2013B,0.0,0.0
541232,BBB,2013B,0.05,0.125
541252,GGG,2013J,0.1,0.13333333333333333
541274,BBB,2013J,0.05,0.05555555555555555
541315,BBB,2014J,0.15,0.16666666666666666
541349,FFF,2013B,0.25,0.054945054945054944
541363,BBB,2013B,0.15,0.23076923076923078
541418,FFF,2013B,0.05,0.016666666666666666
541476,BBB,2014J,0.2,0.08888888888888889
541482,CCC,2014J,0.1,0.07142857142857142
541482,DDD,2013J,0.05,0.012658227848101266
541521,FFF,2013B,0.15,0.06
541523,BBB,2013B,0.1,0.1
541531,CCC,2014J,0.35,0.15217391304347827
541532,FFF,2014J,0.05,0.037037037037037035
541538,CCC,2014J,0.25,0.11363636363636363
541579,FFF,2013B,0.25,0.07936507936507936
541586,BBB,2013J,0.15,0.16666666666666666
541697,BBB,2013B,0.0,0.0
541702,BBB,2013J,0.0,0.0
541706,BBB,2013B,0.0,0.0
541708,CCC,2014J,0.5,0.125
541753,FFF,2013B,0.15,0.06818181818181818
541763,BBB,2013B,0.05,0.16666666666666666
541764,BBB,2013B,0.0,0.0
541765,DDD,2014B,0.05,0.017857142857142856
541768,FFF,2013J,0.15,0.047619047619047616
541769,BBB,2014B,0.0,0.0
541774,GGG,2014J,0.05,0.5
541781,FFF,2013B,0.2,0.06779661016949153
541783,FFF,2013J,0.05,0.05
541794,BBB,2013B,0.05,0.045454545454545456
541803,BBB,2013B,0.05,0.1111111111111111
541808,BBB,2013B,0.0,0.0
541822,BBB,2013B,0.15,0.23076923076923078
541832,BBB,2013B,0.0,0.0
541890,GGG,2014B,0.1,0.11764705882352941
541921,FFF,2014J,0.3,0.07894736842105263
541923,FFF,2013B,0.0,0.0
541973,BBB,2013B,0.0,0.0
541977,DDD,2013B,0.0,0.0
542003,FFF,2013B,0.15,0.09375
542010,BBB,2013B,0.0,0.0
542020,FFF,2013B,0.2,0.0851063829787234
542026,FFF,2013B,0.35,0.12727272727272726
542036,DDD,2013B,0.2,0.08888888888888889
542049,DDD,2013B,0.2,0.06153846153846154
542050,CCC,2014B,0.0,0.0
542050,EEE,2014B,0.0,0.0
542054,CCC,2014J,0.0,0.0
542054,DDD,2013B,0.15,0.05555555555555555
542084,BBB,2013B,0.05,0.058823529411764705
542100,FFF,2013B,0.2,0.05714285714285714
542115,BBB,2013B,0.05,0.06666666666666667
542164,BBB,2014J,0.1,0.046511627906976744
542167,CCC,2014J,0.05,0.05
542180,DDD,2013J,0.1,0.03125
542202,FFF,2014J,0.15,0.047619047619047616
542205,DDD,2013B,0.2,0.057971014492753624
542259,BBB,2013B,0.05,0.07692307692307693
542260,BBB,2013B,0.05,0.5
542279,EEE,2014J,0.25,0.20833333333333334
542287,FFF,2014B,0.15,0.07142857142857142
542291,BBB,2013B,0.05,0.1
542293,DDD,2013B,0.35,0.08860759493670886
542296,BBB,2013J,0.0,0.0
542356,FFF,2013B,0.2,0.0851063829787234
542372,DDD,2013B,0.0,0.0
542386,FFF,2013B,0.1,0.04081632653061224
542466,BBB,2014B,0.05,0.07692307692307693
542476,DDD,2013B,0.05,0.037037037037037035
542506,FFF,2013B,0.2,0.04819277108433735
542524,EEE,2014B,0.3,0.2608695652173913
542536,FFF,2013B,0.2,0.08888888888888889
542547,BBB,2014B,0.05,0.3333333333333333
542550,FFF,2013B,0.0,0.0
542550,FFF,2013J,0.0,0.0
542557,CCC,2014J,0.1,0.03571428571428571
542557,FFF,2014B,0.15,0.024
542558,DDD,2013J,0.3,0.1016949152542373
542562,GGG,2014B,0.05,0.04
542574,BBB,2013J,0.15,0.1
542613,BBB,2013B,0.1,0.06666666666666667
542635,FFF,2013B,0.15,0.04918032786885246
542646,FFF,2013B,0.1,0.03571428571428571
542653,FFF,2013B,0.2,0.09302325581395349
542657,FFF,2013B,0.35,0.1794871794871795
542663,BBB,2013B,0.0,0.0
542707,BBB,2013J,0.0,0.0
542745,BBB,2013B,0.05,0.1111111111111111
542748,BBB,2013B,0.05,0.03333333333333333
542987,FFF,2013B,0.6,0.10714285714285714
542991,BBB,2013B,0.0,0.0
543010,FFF,2013B,0.1,0.018518518518518517
543010,FFF,2014J,0.15,0.030612244897959183
543019,FFF,2013B,0.3,0.04580152671755725
543060,DDD,2013B,0.3,0.08571428571428572
543113,FFF,2013B,0.25,0.1
543124,BBB,2013B,0.2,0.09090909090909091
543140,BBB,2013B,0.0,0.0
543165,BBB,2013B,0.05,0.06666666666666667
543170,CCC,2014B,0.15,0.15789473684210525
543180,BBB,2013B,0.05,0.08333333333333333
543202,DDD,2013B,0.3,0.08
543279,BBB,2013J,0.0,0.0
543340,DDD,2013B,0.1,0.028985507246376812
543351,BBB,2013B,0.0,0.0
543356,BBB,2013B,0.05,0.034482758620689655
543384,FFF,2013B,0.15,0.06666666666666667
543415,FFF,2013B,0.35,0.08860759493670886
543417,CCC,2014B,0.0,0.0
543417,EEE,2013J,0.05,0.05263157894736842
543418,BBB,2013J,0.05,1.0
543428,BBB,2013J,0.35,0.08860759493670886
543432,FFF,2014J,0.0,0.0
543436,FFF,2013B,0.1,0.05714285714285714
543439,BBB,2014J,0.0,0.0
543447,FFF,2013B,0.1,0.03773584905660377
543459,DDD,2013B,0.05,0.020833333333333332
543473,BBB,2013B,0.0,0.0
543474,EEE,2013J,0.15,0.2727272727272727
543475,CCC,2014B,0.1,0.041666666666666664
543475,EEE,2014B,0.2,0.16
543478,DDD,2014J,0.0,0.0
543481,DDD,2013J,0.35,0.13725490196078433
543510,DDD,2013B,0.2,0.14285714285714285
543533,BBB,2013B,0.05,0.0625
543536,FFF,2013B,0.2,0.14814814814814814
543573,DDD,2013B,0.1,0.037037037037037035
543599,FFF,2013B,0.15,0.05084745762711865
543607,FFF,2013J,0.0,0.0
543630,BBB,2013B,0.0,0.0
543643,FFF,2013B,0.15,0.07692307692307693
543648,DDD,2013J,0.25,0.05555555555555555
543678,CCC,2014B,0.2,0.14814814814814814
543686,FFF,2014B,0.25,0.0641025641025641
543719,BBB,2013B,0.0,0.0
543723,DDD,2013J,0.1,0.045454545454545456
543749,DDD,2013B,0.0,0.0
543756,DDD,2013B,0.05,0.03125
543763,FFF,2013J,0.0,0.0
543785,FFF,2013B,0.1,0.047619047619047616
543788,CCC,2014J,0.0,0.0
543788,DDD,2013J,0.05,0.014705882352941176
543789,DDD,2014B,0.15,0.03571428571428571
543798,FFF,2013B,0.05,0.023809523809523808
543825,DDD,2013J,0.15,0.07142857142857142
543853,BBB,2013B,0.05,0.07142857142857142
543860,DDD,2013B,0.05,0.023809523809523808
543910,GGG,2014B,0.15,0.15789473684210525
543919,DDD,2013B,0.05,0.022727272727272728
543926,BBB,2013B,0.0,0.0
543931,EEE,2014J,0.45,0.25
543948,CCC,2014B,0.35,0.12280701754385964
543948,EEE,2014B,0.1,0.08
543953,FFF,2013J,0.15,0.027522935779816515
543970,BBB,2013B,0.0,0.0
544017,BBB,2013B,0.0,0.0
544021,FFF,2013J,0.25,0.11363636363636363
544052,CCC,2014J,0.05,0.02631578947368421
544052,EEE,2014B,0.0,0.0
544053,DDD,2013B,0.15,0.057692307692307696
544055,FFF,2013B,0.2,0.06557377049180328
544063,DDD,2013B,0.0,0.0
544090,CCC,2014B,0.0,0.0
544090,FFF,2013J,0.15,0.046875
544091,DDD,2013B,0.35,0.08536585365853659
544092,FFF,2013J,0.1,0.04081632653061224
544098,FFF,2013B,0.05,0.038461538461538464
544103,AAA,2013J,0.2,0.10810810810810811
544108,FFF,2014B,0.0,0.0
544122,BBB,2013J,0.05,0.047619047619047616
544140,FFF,2014B,0.05,0.16666666666666666
544173,FFF,2013B,0.3,0.043478260869565216
544186,BBB,2013B,0.0,0.0
544195,FFF,2013B,0.0,0.0
544207,FFF,2013J,0.05,0.015873015873015872
544212,FFF,2013B,0.1,0.04081632653061224
544226,DDD,2013B,0.0,0.0
544249,FFF,2013B,0.0,0.0
544253,AAA,2014J,0.2,0.12121212121212122
544267,CCC,2014J,0.4,0.1509433962264151
544271,FFF,2014B,0.05,0.023255813953488372
544284,DDD,2013B,0.2,0.09090909090909091
544289,FFF,2013J,0.0,0.0
544295,FFF,2013B,0.25,0.06578947368421052
544307,DDD,2013B,0.25,0.05154639175257732
544313,FFF,2013B,0.1,0.038461538461538464
544351,BBB,2013B,0.0,0.0
544383,EEE,2013J,0.25,0.21739130434782608
544455,BBB,2013B,0.2,0.36363636363636365
544467,DDD,2013B,0.1,0.044444444444444446
544479,FFF,2013B,0.2,0.05128205128205128
544490,CCC,2014B,0.15,0.12
544500,BBB,2013B,0.05,0.3333333333333333
544519,BBB,2013B,0.0,0.0
544530,FFF,2013B,0.25,0.06666666666666667
544532,BBB,2013B,0.0,0.0
544543,FFF,2013B,0.2,0.06896551724137931
544576,DDD,2013J,0.2,0.0625
544587,DDD,2014B,0.05,0.021739130434782608
544593,FFF,2014B,0.2,0.06779661016949153
544594,CCC,2014B,0.0,0.0
544594,DDD,2013J,0.05,0.020833333333333332
544603,DDD,2013B,0.05,0.025
544612,DDD,2014J,0.0,0.0
544615,GGG,2013J,0.0,0.0
544627,BBB,2013B,0.0,0.0
544632,BBB,2013B,0.05,0.09090909090909091
544639,BBB,2013B,0.0,0.0
544642,BBB,2013B,0.15,0.15789473684210525
544649,DDD,2013J,0.0,0.0
544649,DDD,2014J,0.0,0.0
544720,CCC,2014J,0.05,0.2
544741,BBB,2013B,0.0,0.0
544745,FFF,2013J,0.0,0.0
544745,FFF,2014J,0.05,0.015873015873015872
544791,EEE,2013J,0.05,0.043478260869565216
544839,CCC,2014B,0.1,0.03278688524590164
544839,DDD,2013B,0.2,0.06779661016949153
544847,FFF,2013B,0.15,0.06818181818181818
544848,BBB,2013B,0.05,0.058823529411764705
544850,FFF,2013B,0.25,0.06329113924050633
544859,BBB,2013B,0.0,0.0
544881,BBB,2013B,0.0,0.0
544890,BBB,2013B,0.05,0.07142857142857142
544894,FFF,2013B,0.25,0.08771929824561403
544898,GGG,2013J,0.15,0.2727272727272727
544907,DDD,2013B,0.1,0.08333333333333333
544930,FFF,2013B,0.0,0.0
544963,FFF,2013B,0.05,0.022727272727272728
544978,BBB,2013B,0.0,0.0
544982,DDD,2013J,0.2,0.05263157894736842
544989,BBB,2013B,0.1,0.13333333333333333
544991,FFF,2013B,0.1,0.046511627906976744
545041,BBB,2013B,0.0,0.0
545045,CCC,2014B,0.0,0.0
545048,FFF,2013B,0.15,0.05454545454545454
545080,FFF,2013B,0.0,0.0
545083,DDD,2013B,0.0,0.0
545093,DDD,2013J,0.1,0.029850746268656716
545118,CCC,2014J,0.05,0.3333333333333333
545118,DDD,2013B,0.1,0.04878048780487805
545119,FFF,2014B,0.05,0.02702702702702703
545146,BBB,2014B,0.05,0.125
545164,FFF,2014J,0.25,0.08064516129032258
545191,BBB,2013B,0.1,0.1111111111111111
545196,BBB,2014B,0.2,0.12903225806451613
545200,BBB,2013J,0.0,0.0
545211,DDD,2013J,0.2,0.04819277108433735
545223,BBB,2013B,0.05,0.038461538461538464
545223,BBB,2014B,0.0,0.0
545229,FFF,2013B,0.05,0.021739130434782608
545245,DDD,2013B,0.35,0.10144927536231885
545254,BBB,2014B,0.15,0.11538461538461539
545255,CCC,2014J,0.05,0.125
545255,DDD,2013J,0.1,0.06451612903225806
545298,BBB,2013J,0.1,0.2222222222222222
545313,GGG,2013J,0.15,0.3333333333333333
545377,FFF,2013B,0.0,0.0
545379,FFF,2013B,0.05,0.013157894736842105
545387,DDD,2013B,0.0,0.0
545392,BBB,2013B,0.05,0.08333333333333333
545443,BBB,2013J,0.0,0.0
545462,BBB,2013J,0.1,0.09090909090909091
545480,BBB,2013B,0.0,0.0
545493,EEE,2014J,0.4,0.32
545637,FFF,2014B,0.0,0.0
545658,BBB,2013B,0.1,0.11764705882352941
545665,GGG,2014B,0.35,0.3181818181818182
545693,FFF,2013B,0.0,0.0
545697,BBB,2013B,0.0,0.0
545702,BBB,2013B,0.05,0.16666666666666666
545704,CCC,2014J,0.1,0.0392156862745098
545704,DDD,2013B,0.0,0.0
545720,FFF,2013B,0.1,0.06451612903225806
545725,BBB,2013B,0.0,0.0
545740,CCC,2014B,0.1,0.03225806451612903
545740,EEE,2013J,0.1,0.058823529411764705
545741,FFF,2014B,0.05,0.027777777777777776
545747,CCC,2014B,0.2,0.1
545751,FFF,2013B,0.15,0.10714285714285714
545752,DDD,2014J,0.05,0.029411764705882353
545758,EEE,2013J,0.1,0.13333333333333333
545769,DDD,2013J,0.1,0.03278688524590164
545785,GGG,2013J,0.05,0.05
545791,FFF,2013B,0.0,0.0
545803,BBB,2013B,0.0,0.0
545909,FFF,2013B,0.1,0.03225806451612903
545916,FFF,2013J,0.2,0.08333333333333333
545918,FFF,2013B,0.05,0.3333333333333333
545962,FFF,2014J,0.2,0.0547945205479452
545964,BBB,2014J,0.05,0.03333333333333333
545991,DDD,2013J,0.0,0.0
545993,DDD,2013B,0.0,0.0
546025,DDD,2014B,0.0,0.0
546040,DDD,2014B,0.0,0.0
546052,BBB,2013B,0.1,0.125
546054,DDD,2013B,0.2,0.07692307692307693
546065,FFF,2013J,0.05,0.017543859649122806
546071,FFF,2014B,0.15,0.045454545454545456
546074,DDD,2013B,0.25,0.09803921568627451
546089,DDD,2013B,0.15,0.08108108108108109
546097,GGG,2013J,0.15,0.13043478260869565
546139,CCC,2014J,0.0,0.0
546157,BBB,2013B,0.0,0.0
546191,DDD,2013B,0.0,0.0
546192,GGG,2013J,0.0,0.0
546196,BBB,2013J,0.15,0.10714285714285714
546202,BBB,2013B,0.0,0.0
546202,BBB,2014B,0.0,0.0
546215,FFF,2013B,0.25,0.0625
546221,DDD,2013B,0.05,0.02
546250,BBB,2014J,0.2,0.16666666666666666
546262,FFF,2013B,0.05,0.07692307692307693
546286,GGG,2014J,0.35,0.2413793103448276
546299,DDD,2014J,0.0,0.0
546322,BBB,2013B,0.05,0.07142857142857142
546329,FFF,2013B,0.05,0.023809523809523808
546348,FFF,2013B,0.15,0.04
546403,DDD,2014B,0.0,0.0
546407,BBB,2013B,0.05,0.041666666666666664
546412,FFF,2013B,0.05,0.03125
546428,BBB,2013B,0.05,0.05555555555555555
546439,FFF,2013B,0.0,0.0
546457,GGG,2013J,0.15,0.13043478260869565
546464,FFF,2013B,0.3,0.047619047619047616
546480,FFF,2013J,0.05,0.013157894736842105
546500,BBB,2013B,0.0,0.0
546533,BBB,2013B,0.1,0.08
546547,FFF,2013J,0.0,0.0
546547,FFF,2014J,0.2,0.04597701149425287
546563,FFF,2013B,0.15,0.25
546583,FFF,2013B,0.2,0.04395604395604396
546584,DDD,2014B,0.4,0.08602150537634409
546604,EEE,2013J,0.2,0.19047619047619047
546609,BBB,2013B,0.1,0.15384615384615385
546627,FFF,2014B,0.2,0.07017543859649122
546632,BBB,2013B,0.1,0.06896551724137931
546634,CCC,2014J,0.0,0.0
546643,FFF,2013J,0.0,0.0
546645,FFF,2014J,0.05,0.018518518518518517
546654,CCC,2014J,0.0,0.0
546654,DDD,2014B,0.0,0.0
546675,CCC,2014B,0.0,0.0
546675,DDD,2013B,0.0,0.0
546682,FFF,2013B,0.1,0.021739130434782608
546685,BBB,2013B,0.1,0.09090909090909091
546722,DDD,2013J,0.25,0.05
546724,GGG,2014J,0.35,0.3684210526315789
546749,BBB,2013B,0.2,0.11428571428571428
546773,DDD,2014J,0.0,0.0
546780,FFF,2013B,0.0,0.0
546804,DDD,2013B,0.0,0.0
546811,BBB,2013B,0.1,0.5
546826,DDD,2013B,0.3,0.09375
546830,DDD,2013B,0.05,0.043478260869565216
546837,BBB,2013B,0.05,0.05
546843,BBB,2013B,0.05,0.25
546852,DDD,2013J,0.1,0.0392156862745098
546862,DDD,2013B,0.25,0.06944444444444445
546868,FFF,2013B,0.0,0.0
546909,BBB,2013B,0.1,0.11764705882352941
546912,FFF,2013B,0.15,0.06666666666666667
546921,BBB,2013B,0.25,0.10416666666666667
546925,FFF,2013B,0.2,0.042105263157894736
546932,FFF,2013B,0.1,0.05263157894736842
546934,FFF,2013J,0.05,0.019230769230769232
546941,BBB,2013J,0.1,0.16666666666666666
546953,DDD,2013B,0.15,0.046875
546958,BBB,2013B,0.0,0.0
546961,FFF,2014B,0.25,0.1282051282051282
547014,FFF,2013B,0.2,0.03225806451612903
547128,FFF,2013B,0.1,0.1
547128,FFF,2014B,0.15,0.05172413793103448
547153,CCC,2014J,0.2,0.08888888888888889
547153,EEE,2014J,0.05,0.08333333333333333
547154,FFF,2013J,0.1,0.043478260869565216
547155,GGG,2014B,0.15,0.1875
547173,EEE,2013J,0.15,0.17647058823529413
547192,BBB,2013B,0.0,0.0
547228,FFF,2013B,0.15,0.05263157894736842
547259,BBB,2013B,0.2,0.13793103448275862
547287,CCC,2014B,0.1,0.05714285714285714
547311,BBB,2013J,0.15,0.09375
547332,CCC,2014B,0.15,0.125
547347,FFF,2014J,0.2,0.06349206349206349
547349,DDD,2013B,0.45,0.0481283422459893
547390,BBB,2013B,0.0,0.0
547393,FFF,2013J,0.1,0.04878048780487805
547399,FFF,2013B,0.15,0.05454545454545454
547400,FFF,2013B,0.0,0.0
547403,BBB,2013B,0.0,0.0
547408,BBB,2014J,0.1,0.08
547413,CCC,2014B,0.0,0.0
547413,FFF,2014B,0.1,0.07692307692307693
547424,EEE,2013J,0.35,0.22580645161290322
547427,BBB,2013B,0.05,0.3333333333333333
547445,DDD,2013B,0.15,0.0625
547448,DDD,2013J,0.1,0.037037037037037035
547466,BBB,2013B,0.05,0.07692307692307693
547486,DDD,2013B,0.0,0.0
547487,BBB,2014B,0.1,0.1
547506,FFF,2014B,0.0,0.0
547556,BBB,2014B,0.05,0.05
547571,CCC,2014B,0.0,0.0
547581,FFF,2013B,0.15,0.030927835051546393
547584,DDD,2013J,0.05,0.06666666666666667
547612,CCC,2014J,0.25,0.15151515151515152
547629,DDD,2013B,0.0,0.0
547629,DDD,2014B,0.0,0.0
547679,DDD,2013B,0.1,0.08
547680,FFF,2014B,0.15,0.02857142857142857
547689,BBB,2013B,0.0,0.0
547690,BBB,2013B,0.1,0.09090909090909091
547697,BBB,2013B,0.0,0.0
547718,BBB,2013J,0.0,0.0
547737,DDD,2013J,0.05,0.015625
547757,BBB,2013B,0.1,0.1111111111111111
547773,FFF,2013J,0.1,0.043478260869565216
547784,DDD,2013B,0.1,0.045454545454545456
547784,DDD,2013J,0.05,0.02857142857142857
547786,DDD,2014B,0.0,0.0
547788,BBB,2014J,0.15,0.075
547841,BBB,2013B,0.05,0.09090909090909091
547873,BBB,2013B,0.1,0.125
547884,FFF,2013B,0.0,0.0
547884,FFF,2014B,0.0,0.0
547892,BBB,2013B,0.05,0.041666666666666664
547902,BBB,2013B,0.1,0.125
547903,BBB,2013B,0.1,0.125
547953,FFF,2013B,0.1,0.06666666666666667
547986,DDD,2013B,0.0,0.0
548027,DDD,2013J,0.15,0.04477611940298507
548057,FFF,2013B,0.05,0.023809523809523808
548069,DDD,2013B,0.35,0.07692307692307693
548087,FFF,2013B,0.05,0.020833333333333332
548090,BBB,2013B,0.1,0.06451612903225806
548095,FFF,2013B,0.35,0.1044776119402985
548099,FFF,2013B,0.4,0.07272727272727272
548106,BBB,2013B,0.0,0.0
548120,AAA,2014J,0.25,0.15151515151515152
548124,BBB,2013B,0.05,0.06666666666666667
548173,DDD,2013J,0.0,0.0
548190,GGG,2013J,0.25,0.15151515151515152
548197,BBB,2013J,0.1,0.06451612903225806
548219,FFF,2013B,0.3,0.0759493670886076
548241,BBB,2013B,0.0,0.0
548255,BBB,2013B,0.15,0.12
548261,CCC,2014B,0.05,0.5
548261,EEE,2014B,0.0,0.0
548267,DDD,2013B,0.05,0.014285714285714285
548271,DDD,2013B,0.1,0.046511627906976744
548275,BBB,2013B,0.0,0.0
548292,DDD,2014B,0.15,0.03260869565217391
548301,DDD,2013J,0.2,0.06666666666666667
548312,FFF,2013B,0.3,0.05217391304347826
548334,BBB,2013B,0.0,0.0
548352,FFF,2013B,0.2,0.05970149253731343
548386,CCC,2014B,0.2,0.1
548388,GGG,2013J,0.05,0.08333333333333333
548424,FFF,2014B,0.2,0.045454545454545456
548439,BBB,2013B,0.1,0.125
548445,BBB,2014B,0.05,0.05555555555555555
548459,FFF,2013B,0.1,0.03125
548473,DDD,2013B,0.1,0.08
548488,BBB,2013B,0.0,0.0
548500,DDD,2014B,0.0,0.0
548504,BBB,2013B,0.05,0.047619047619047616
548508,FFF,2013J,0.1,0.044444444444444446
548509,CCC,2014B,0.1,0.04878048780487805
548521,FFF,2013B,0.2,0.044444444444444446
548535,DDD,2013B,0.1,0.047619047619047616
548547,FFF,2013B,0.0,0.0
548547,FFF,2013J,0.0,0.0
548573,FFF,2013B,0.0,0.0
548585,BBB,2013B,0.05,0.5
548602,CCC,2014B,0.0,0.0
548602,DDD,2013B,0.1,0.06451612903225806
548617,BBB,2013B,0.0,0.0
548642,BBB,2013B,0.0,0.0
548666,FFF,2013J,0.1,0.0392156862745098
548677,CCC,2014B,0.1,0.06060606060606061
548677,DDD,2013B,0.2,0.047619047619047616
548714,BBB,2013B,0.0,0.0
548722,FFF,2013J,0.0,0.0
548741,FFF,2013B,0.0,0.0
548744,BBB,2013B,0.0,0.0
548759,FFF,2013B,0.2,0.03361344537815126
548764,CCC,2014B,0.0,0.0
548764,FFF,2013B,0.05,0.02
548791,BBB,2013B,0.05,0.05263157894736842
548807,EEE,2014J,0.1,0.08695652173913043
548825,DDD,2013J,0.0,0.0
548834,BBB,2013B,0.05,0.03571428571428571
548838,BBB,2013B,0.1,0.07407407407407407
548839,BBB,2013B,0.05,0.08333333333333333
548843,BBB,2013B,0.05,0.021739130434782608
548854,CCC,2014B,0.05,0.02857142857142857
548857,FFF,2013B,0.3,0.11320754716981132
548861,EEE,2013J,0.25,0.17857142857142858
548869,DDD,2013B,0.0,0.0
548871,BBB,2013B,0.0,0.0
548884,BBB,2013B,0.0,0.0
548885,BBB,2013B,0.0,0.0
548899,BBB,2013J,0.1,0.10526315789473684
548921,BBB,2013B,0.0,0.0
548926,CCC,2014J,0.0,0.0
548926,FFF,2013B,0.05,0.058823529411764705
548926,FFF,2014B,0.0,0.0
548935,BBB,2013B,0.0,0.0
548954,BBB,2013B,0.05,0.2
548959,DDD,2013B,0.0,0.0
548969,FFF,2013B,0.0,0.0
548981,BBB,2013B,0.0,0.0
548992,EEE,2014B,0.0,0.0
548994,EEE,2013J,0.15,0.13043478260869565
548996,DDD,2013B,0.2,0.07142857142857142
549009,BBB,2013B,0.05,0.5
549014,FFF,2013B,0.0,0.0
549032,DDD,2013J,0.1,0.05263157894736842
549038,DDD,2013B,0.1,0.03389830508474576
549047,BBB,2013B,0.05,0.1111111111111111
549056,FFF,2013B,0.1,0.15384615384615385
549065,FFF,2013B,0.0,0.0
549078,BBB,2013B,0.1,0.09090909090909091
549078,BBB,2014B,0.0,0.0
549093,FFF,2013B,0.05,0.3333333333333333
549095,DDD,2013B,0.05,0.03333333333333333
549113,DDD,2013J,0.0,0.0
549125,DDD,2013B,0.1,0.046511627906976744
549129,BBB,2013J,0.1,0.08333333333333333
549135,DDD,2013B,0.15,0.07692307692307693
549158,BBB,2013B,0.1,0.25
549190,BBB,2014B,0.1,0.16666666666666666
549196,BBB,2013B,0.15,0.12
549219,FFF,2014J,0.05,0.017241379310344827
549226,BBB,2013J,0.2,0.4
549239,FFF,2013B,0.2,0.06451612903225806
549261,BBB,2013B,0.1,0.11764705882352941
549262,EEE,2013J,0.3,0.2222222222222222
549283,DDD,2013B,0.1,0.05405405405405406
549300,FFF,2013J,0.25,0.05102040816326531
549321,FFF,2014J,0.4,0.07079646017699115
549337,DDD,2013J,0.0,0.0
549343,FFF,2013B,0.15,0.031578947368421054
549361,DDD,2013B,0.0,0.0
549369,FFF,2013B,0.3,0.08
549370,FFF,2013B,0.2,0.08333333333333333
549391,BBB,2013B,0.0,0.0
549397,FFF,2013J,0.3,0.05172413793103448
549420,FFF,2013B,0.5,0.07246376811594203
549424,DDD,2013B,0.05,0.03125
549439,CCC,2014J,0.2,0.08163265306122448
549445,BBB,2013J,0.1,0.08
549504,FFF,2013B,0.0,0.0
549517,FFF,2013B,0.2,0.04819277108433735
549537,FFF,2013B,0.25,0.09433962264150944
549545,DDD,2013B,0.1,0.029850746268656716
549568,BBB,2013B,0.0,0.0
549586,BBB,2013J,0.15,0.16666666666666666
549596,FFF,2013B,0.25,0.10869565217391304
549601,DDD,2013J,0.2,0.09302325581395349
549626,DDD,2014J,0.1,0.1111111111111111
549626,FFF,2013B,0.15,0.03571428571428571
549636,CCC,2014B,0.15,0.16666666666666666
549648,FFF,2013J,0.1,0.029411764705882353
549651,BBB,2013B,0.05,0.14285714285714285
549681,EEE,2013J,0.25,0.17857142857142858
549684,DDD,2013B,0.2,0.04878048780487805
549687,CCC,2014J,0.2,0.12903225806451613
549690,DDD,2013B,0.1,0.058823529411764705
549698,DDD,2013B,0.05,0.023809523809523808
549706,CCC,2014J,0.15,0.06382978723404255
549706,FFF,2013B,0.15,0.031578947368421054
549710,DDD,2013B,0.05,0.030303030303030304
549731,DDD,2013B,0.3,0.10909090909090909
549732,BBB,2013B,0.0,0.0
549745,BBB,2013J,0.0,0.0
549751,FFF,2013B,0.0,0.0
549754,BBB,2013B,0.05,0.0625
549769,CCC,2014J,0.0,0.0
549775,BBB,2014J,0.0,0.0
549783,CCC,2014J,0.1,0.03278688524590164
549783,DDD,2013B,0.1,0.02702702702702703
549790,FFF,2013B,0.0,0.0
549792,FFF,2013B,0.1,0.09090909090909091
549792,FFF,2014B,0.05,0.018518518518518517
549795,DDD,2013B,0.3,0.07894736842105263
549825,FFF,2013B,0.15,0.07317073170731707
549847,FFF,2014J,0.5,0.10309278350515463
549862,BBB,2013B,0.0,0.0
549872,DDD,2013B,0.15,0.1111111111111111
549873,BBB,2013B,0.0,0.0
549887,GGG,2013J,0.1,0.06451612903225806
549888,CCC,2014J,0.05,0.05555555555555555
549897,DDD,2013B,0.55,0.08943089430894309
549898,FFF,2013B,0.05,0.029411764705882353
549907,BBB,2013B,0.0,0.0
549909,GGG,2013J,0.05,0.04
549913,DDD,2013B,0.0,0.0
549918,BBB,2013J,0.05,0.06666666666666667
549922,EEE,2014J,0.1,0.08695652173913043
549928,CCC,2014B,0.0,0.0
549928,DDD,2013B,0.0,0.0
549951,CCC,2014B,0.25,0.14285714285714285
549960,EEE,2013J,0.15,0.1111111111111111
549973,GGG,2013J,0.0,0.0
550025,EEE,2013J,0.25,0.18518518518518517
550026,FFF,2013B,0.2,0.09302325581395349
550038,FFF,2014B,0.05,0.022727272727272728
550046,DDD,2014B,0.05,0.022727272727272728
550064,DDD,2013B,0.1,0.07407407407407407
550077,BBB,2013B,0.15,0.08108108108108109
550081,BBB,2014J,0.05,0.14285714285714285
550092,CCC,2014B,0.0,0.0
550092,DDD,2013B,0.0,0.0
550097,FFF,2014B,0.05,0.020833333333333332
550098,BBB,2013B,0.2,0.10256410256410256
550123,FFF,2013B,0.15,0.07692307692307693
550142,DDD,2013B,0.0,0.0
550142,DDD,2013J,0.0,0.0
550197,EEE,2014B,0.05,0.09090909090909091
550209,BBB,2013B,0.05,0.05263157894736842
550245,BBB,2014J,0.05,0.05
550269,BBB,2014B,0.05,0.16666666666666666
550272,FFF,2013B,0.25,0.07692307692307693
550287,FFF,2013B,0.25,0.045454545454545456
550322,BBB,2013B,0.0,0.0
550331,DDD,2013J,0.15,0.05454545454545454
550342,BBB,2013B,0.05,0.027777777777777776
550348,DDD,2013B,0.05,0.2
550354,BBB,2013B,0.1,0.07407407407407407
550357,EEE,2014B,0.15,0.15
550358,DDD,2014J,0.0,0.0
550380,DDD,2014J,0.0,0.0
550381,BBB,2013B,0.0,0.0
550383,AAA,2013J,0.05,0.07692307692307693
550393,CCC,2014J,0.0,0.0
550393,EEE,2013J,0.05,0.058823529411764705
550400,BBB,2013B,0.1,0.09090909090909091
550403,BBB,2013B,0.0,0.0
550412,BBB,2013J,0.05,0.08333333333333333
550420,FFF,2014J,0.15,0.04225352112676056
550429,BBB,2013B,0.05,0.08333333333333333
550435,FFF,2013B,0.25,0.07142857142857142
550470,FFF,2013B,0.2,0.04081632653061224
550495,FFF,2013B,0.3,0.07792207792207792
550515,GGG,2014B,0.05,0.05555555555555555
550520,BBB,2013B,0.05,0.06666666666666667
550545,CCC,2014B,0.0,0.0
550545,CCC,2014J,0.0,0.0
550545,DDD,2013B,0.1,0.034482758620689655
550549,BBB,2013B,0.05,0.08333333333333333
550556,FFF,2013J,0.25,0.13513513513513514
550573,EEE,2014J,0.25,0.23809523809523808
550597,BBB,2013B,0.0,0.0
550604,DDD,2013B,0.3,0.07407407407407407
550613,BBB,2013B,0.1,0.058823529411764705
550638,DDD,2014B,0.1,0.125
550651,FFF,2013B,0.3,0.1111111111111111
550662,GGG,2014B,0.1,0.2857142857142857
550668,BBB,2013B,0.0,0.0
550702,CCC,2014J,0.15,0.06521739130434782
550703,FFF,2014J,0.5,0.06993006993006994
550707,BBB,2013B,0.15,0.0967741935483871
550708,BBB,2013B,0.15,0.21428571428571427
550711,DDD,2013B,0.0,0.0
550725,DDD,2013B,0.15,0.07692307692307693
550736,FFF,2013B,0.35,0.0707070707070707
550758,GGG,2014B,0.1,0.08333333333333333
550762,DDD,2013B,0.1,0.05405405405405406
550763,FFF,2013B,0.3,0.0625
550787,FFF,2013B,0.1,0.029850746268656716
550792,FFF,2013B,0.2,0.042105263157894736
550797,FFF,2013B,0.25,0.0847457627118644
550802,FFF,2013B,0.15,0.06
550812,CCC,2014B,0.05,0.1111111111111111
550812,EEE,2014B,0.1,0.13333333333333333
550813,FFF,2013B,0.05,0.02631578947368421
550814,CCC,2014J,0.0,0.0
550814,DDD,2013J,0.0,0.0
550853,FFF,2013B,0.3,0.056074766355140186
550865,DDD,2013B,0.05,0.013333333333333334
550866,FFF,2013B,0.1,0.16666666666666666
550867,BBB,2013B,0.0,0.0
550880,BBB,2013J,0.05,0.06666666666666667
550893,DDD,2013B,0.0,0.0
550893,DDD,2014B,0.0,0.0
550898,BBB,2013B,0.05,0.09090909090909091
550903,FFF,2014B,0.3,0.049586776859504134
550909,FFF,2013B,0.0,0.0
550921,BBB,2013B,0.0,0.0
550923,BBB,2013B,0.0,0.0
550925,FFF,2014B,0.25,0.08333333333333333
550933,FFF,2013B,0.05,0.025
550941,BBB,2013J,0.05,0.09090909090909091
550960,BBB,2013B,0.0,0.0
550961,FFF,2013B,0.0,0.0
550963,BBB,2013B,0.0,0.0
551000,BBB,2014J,0.05,0.2
551017,EEE,2013J,0.05,0.05
551027,FFF,2013B,0.1,0.034482758620689655
551031,BBB,2013J,0.05,0.038461538461538464
551032,BBB,2013B,0.1,0.06060606060606061
551053,BBB,2013B,0.0,0.0
551053,BBB,2014B,0.0,0.0
551058,FFF,2013B,0.1,0.03225806451612903
551061,FFF,2013B,0.0,0.0
551080,BBB,2013B,0.0,0.0
551115,CCC,2014B,0.4,0.1951219512195122
551126,DDD,2013J,0.3,0.06
551129,BBB,2013B,0.0,0.0
551142,FFF,2013B,0.0,0.0
551169,DDD,2013B,0.15,0.10714285714285714
551171,DDD,2014B,0.1,0.04081632653061224
551182,EEE,2014J,0.05,0.043478260869565216
551183,DDD,2013B,0.1,0.047619047619047616
551205,BBB,2013J,0.05,0.1
551212,FFF,2013B,0.1,0.03773584905660377
551214,CCC,2014J,0.0,0.0
551214,DDD,2013J,0.05,0.02040816326530612
551219,BBB,2013J,0.0,0.0
551220,CCC,2014J,0.0,0.0
551234,BBB,2013J,0.25,0.09259259259259259
551242,BBB,2014J,0.1,0.058823529411764705
551245,FFF,2013J,0.0,0.0
551252,BBB,2014B,0.1,0.10526315789473684
551258,FFF,2013B,0.1,0.05
551267,CCC,2014B,0.25,0.1111111111111111
551277,FFF,2013J,0.0,0.0
551282,BBB,2013B,0.05,0.09090909090909091
551299,FFF,2013J,0.1,0.10526315789473684
551304,CCC,2014B,0.05,0.02564102564102564
551311,FFF,2013B,0.25,0.07936507936507936
551332,CCC,2014J,0.0,0.0
551332,DDD,2014J,0.0,0.0
551334,DDD,2013B,0.1,0.041666666666666664
551347,BBB,2013J,0.1,0.18181818181818182
551354,FFF,2013J,0.05,0.018518518518518517
551375,DDD,2013B,0.1,0.047619047619047616
551389,GGG,2013J,0.3,0.17647058823529413
551397,CCC,2014J,0.15,0.05357142857142857
551397,FFF,2013B,0.05,0.006622516556291391
551399,FFF,2013J,0.05,0.015384615384615385
551430,EEE,2013J,0.1,0.2222222222222222
551456,DDD,2013J,0.0,0.0
551478,CCC,2014B,0.0,0.0
551478,DDD,2013B,0.05,0.030303030303030304
551480,BBB,2013B,0.05,0.05
551487,BBB,2013B,0.05,0.037037037037037035
551495,FFF,2013B,0.05,0.041666666666666664
551515,BBB,2014B,0.15,0.0625
551528,FFF,2013B,0.0,0.0
551550,DDD,2013B,0.0,0.0
551557,FFF,2013J,0.05,0.02857142857142857
551562,GGG,2014B,0.15,0.16666666666666666
551573,DDD,2013B,0.1,0.030303030303030304
551576,BBB,2013B,0.1,0.09523809523809523
551583,FFF,2013B,0.1,0.045454545454545456
551602,FFF,2013B,0.1,0.0625
551604,CCC,2014B,0.05,0.1
551636,FFF,2014B,0.0,0.0
551688,FFF,2013B,0.05,0.03333333333333333
551702,BBB,2013B,0.0,0.0
551706,BBB,2013B,0.0,0.0
551714,BBB,2013B,0.0,0.0
551715,BBB,2013B,0.05,0.04
551716,BBB,2013B,0.05,0.05555555555555555
551718,BBB,2014B,0.2,0.12903225806451613
551730,FFF,2013B,0.0,0.0
551760,DDD,2013J,0.05,0.029411764705882353
551770,BBB,2013B,0.15,0.21428571428571427
551772,CCC,2014J,0.05,0.125
551774,DDD,2013J,0.0,0.0
551791,FFF,2013B,0.05,0.02631578947368421
551796,FFF,2013B,0.15,0.057692307692307696
551802,BBB,2013J,0.05,0.03333333333333333
551805,FFF,2013B,0.05,0.023809523809523808
551812,FFF,2013J,0.15,0.05555555555555555
551814,DDD,2014B,0.05,0.0196078431372549
551836,BBB,2013J,0.0,0.0
551856,CCC,2014B,0.15,0.10344827586206896
551856,EEE,2014B,0.1,0.125
551886,BBB,2013B,0.05,0.0625
551895,BBB,2013B,0.0,0.0
551902,CCC,2014B,0.2,0.3333333333333333
551906,BBB,2013B,0.05,0.07692307692307693
551922,BBB,2014J,0.0,0.0
551938,BBB,2013B,0.1,0.07142857142857142
551953,BBB,2014B,0.0,0.0
551954,BBB,2013B,0.0,0.0
552003,DDD,2014B,0.2,0.04819277108433735
552007,BBB,2013B,0.15,0.07317073170731707
552017,BBB,2013B,0.3,0.12244897959183673
552025,BBB,2013B,0.0,0.0
552025,BBB,2014B,0.0,0.0
552039,BBB,2013B,0.0,0.0
552057,FFF,2013B,0.0,0.0
552067,EEE,2014B,0.35,0.28
552104,FFF,2013J,0.1,0.012903225806451613
552110,BBB,2013B,0.0,0.0
552114,DDD,2013B,0.0,0.0
552114,DDD,2014J,0.1,0.05
552116,BBB,2013J,0.15,0.08823529411764706
552135,BBB,2013B,0.05,0.5
552142,FFF,2013B,0.0,0.0
552166,DDD,2013B,0.05,0.018518518518518517
552173,FFF,2014J,0.3,0.07792207792207792
552205,BBB,2013J,0.05,0.1
552220,CCC,2014J,0.1,0.07407407407407407
552222,BBB,2013B,0.0,0.0
552255,DDD,2014B,0.0,0.0
552273,BBB,2013B,0.0,0.0
552282,DDD,2013J,0.05,0.07142857142857142
552284,FFF,2014B,0.15,0.07317073170731707
552313,DDD,2013J,0.15,0.030927835051546393
552320,FFF,2013B,0.05,0.07692307692307693
552339,BBB,2013J,0.05,0.05
552374,FFF,2013B,0.05,0.02564102564102564
552395,FFF,2013B,0.0,0.0
552395,FFF,2014B,0.0,0.0
552399,BBB,2013J,0.0,0.0
552441,CCC,2014B,0.15,0.058823529411764705
552441,EEE,2014J,0.1,0.06451612903225806
552450,FFF,2013B,0.15,0.046153846153846156
552486,GGG,2014B,0.4,0.27586206896551724
552491,FFF,2013B,0.3,0.0821917808219178
552498,CCC,2014B,0.0,0.0
552498,CCC,2014J,0.0,0.0
552509,GGG,2014B,0.05,0.1111111111111111
552515,BBB,2013J,0.05,0.09090909090909091
552535,BBB,2013B,0.05,0.125
552537,DDD,2013J,0.0,0.0
552567,FFF,2013B,0.05,0.0625
552590,CCC,2014B,0.2,0.19047619047619047
552622,BBB,2013J,0.05,0.05555555555555555
552635,DDD,2013B,0.15,0.046875
552648,FFF,2013B,0.05,0.015625
552648,FFF,2014B,0.05,0.023255813953488372
552661,DDD,2013B,0.25,0.06097560975609756
552666,CCC,2014J,0.0,0.0
552667,BBB,2013B,0.15,0.08333333333333333
552698,BBB,2014J,0.05,0.07142857142857142
552701,BBB,2013B,0.15,0.08823529411764706
552708,FFF,2013B,0.2,0.05970149253731343
552721,FFF,2013B,0.15,0.057692307692307696
552747,DDD,2013J,0.2,0.05714285714285714
552750,GGG,2013J,0.15,0.1875
552789,DDD,2013B,0.05,0.025
552795,EEE,2013J,0.45,0.28125
552822,BBB,2013B,0.05,0.07692307692307693
552826,BBB,2013B,0.1,0.1111111111111111
552834,FFF,2013B,0.1,0.13333333333333333
552859,BBB,2013B,0.1,0.14285714285714285
552894,BBB,2013B,0.1,0.125
552898,DDD,2013J,0.1,0.06896551724137931
552902,BBB,2013B,0.0,0.0
552908,DDD,2014B,0.0,0.0
552913,CCC,2014B,0.2,0.2222222222222222
552914,BBB,2013B,0.0,0.0
552921,DDD,2013B,0.05,0.018518518518518517
552929,BBB,2013B,0.1,0.07142857142857142
552955,DDD,2013B,0.0,0.0
552965,CCC,2014J,0.05,0.038461538461538464
552965,DDD,2014J,0.25,0.08196721311475409
552987,FFF,2013B,0.35,0.1111111111111111
552991,BBB,2013B,0.05,0.125
552999,DDD,2013B,0.0,0.0
553017,FFF,2013B,0.15,0.06
553021,CCC,2014B,0.1,0.0625
553031,FFF,2014J,0.2,0.07142857142857142
553032,FFF,2014B,0.0,0.0
553047,BBB,2013B,0.1,0.1111111111111111
553078,BBB,2013J,0.0,0.0
553100,FFF,2013B,0.3,0.07407407407407407
553104,FFF,2013B,0.15,0.08333333333333333
553125,BBB,2013B,0.0,0.0
553155,FFF,2013B,0.1,0.041666666666666664
553160,FFF,2014B,0.15,0.13043478260869565
553187,FFF,2013J,0.05,0.02040816326530612
553220,FFF,2013B,0.35,0.0875
553262,FFF,2013B,0.4,0.07339449541284404
553275,DDD,2013B,0.15,0.07692307692307693
553280,CCC,2014B,0.0,0.0
553280,DDD,2013J,0.1,0.06666666666666667
553283,FFF,2013J,0.1,0.046511627906976744
553284,FFF,2014J,0.05,0.021739130434782608
553301,DDD,2013J,0.1,0.03773584905660377
553321,BBB,2013B,0.1,0.08333333333333333
553325,FFF,2013B,0.3,0.06060606060606061
553364,FFF,2013J,0.2,0.05
553367,DDD,2014J,0.0,0.0
553382,DDD,2013B,0.3,0.0759493670886076
553394,CCC,2014B,0.45,0.1836734693877551
553425,FFF,2013B,0.15,0.08571428571428572
553427,FFF,2013J,0.05,0.01282051282051282
553442,BBB,2013B,0.1,0.09523809523809523
553462,BBB,2013B,0.0,0.0
553487,BBB,2013B,0.0,0.0
553500,FFF,2013B,0.25,0.058823529411764705
553502,BBB,2013B,0.0,0.0
553508,BBB,2013B,0.0,0.0
553528,FFF,2013B,0.25,0.06097560975609756
553572,BBB,2013B,0.15,0.08108108108108109
553575,DDD,2013B,0.3,0.07407407407407407
553599,CCC,2014J,0.1,0.045454545454545456
553643,GGG,2013J,0.0,0.0
553649,FFF,2013B,0.2,0.10810810810810811
553655,CCC,2014B,0.15,0.06976744186046512
553655,FFF,2013B,0.0,0.0
553716,BBB,2013B,0.0,0.0
553719,CCC,2014J,0.0,0.0
553719,DDD,2013J,0.05,0.022727272727272728
553727,FFF,2013B,0.05,0.030303030303030304
553729,BBB,2013B,0.0,0.0
553733,BBB,2014B,0.0,0.0
553741,CCC,2014B,0.0,0.0
553741,CCC,2014J,0.0,0.0
553755,BBB,2013B,0.05,0.16666666666666666
553781,FFF,2013B,0.05,0.01639344262295082
553800,BBB,2013B,0.0,0.0
553807,BBB,2013B,0.0,0.0
553807,BBB,2014B,0.0,0.0
553808,BBB,2014B,0.15,0.0625
553813,FFF,2013B,0.0,0.0
553813,FFF,2014J,0.05,0.024390243902439025
553825,BBB,2013J,0.0,0.0
553831,FFF,2013B,0.1,0.023255813953488372
553832,DDD,2013J,0.05,1.0
553840,BBB,2013B,0.05,0.03225806451612903
553856,BBB,2013J,0.1,0.0392156862745098
553878,FFF,2013B,0.05,0.027777777777777776
553943,EEE,2013J,0.05,1.0
553963,FFF,2013B,0.1,0.05128205128205128
553964,DDD,2013B,0.1,0.05
554004,BBB,2014B,0.15,0.06666666666666667
554038,FFF,2013B,0.15,0.06382978723404255
554044,FFF,2013B,0.15,0.06382978723404255
554048,BBB,2014J,0.05,0.03125
554052,EEE,2013J,0.3,0.2222222222222222
554063,FFF,2014J,0.25,0.0641025641025641
554065,CCC,2014J,0.0,0.0
554065,DDD,2014B,0.15,0.038461538461538464
554083,BBB,2013B,0.0,0.0
554132,EEE,2013J,0.05,0.16666666666666666
554141,CCC,2014B,0.0,0.0
554161,DDD,2013B,0.1,0.034482758620689655
554166,FFF,2013B,0.0,0.0
554174,DDD,2013B,0.15,0.0625
554193,DDD,2013B,0.25,0.0684931506849315
554205,CCC,2014B,0.1,0.05263157894736842
554205,DDD,2013B,0.05,0.021739130434782608
554206,BBB,2013B,0.1,0.10526315789473684
554226,BBB,2013B,0.05,0.05263157894736842
554235,EEE,2013J,0.0,0.0
554236,FFF,2013B,0.1,0.02702702702702703
554243,BBB,2013J,0.0,0.0
554243,BBB,2014J,0.0,0.0
554245,DDD,2013B,0.3,0.061224489795918366
554256,FFF,2013B,0.0,0.0
554257,FFF,2013J,0.15,0.043478260869565216
554283,DDD,2013J,0.0,0.0
554289,FFF,2013B,0.1,0.028169014084507043
554295,DDD,2013B,0.1,0.1111111111111111
554300,DDD,2013B,0.0,0.0
554314,BBB,2013J,0.05,0.3333333333333333
554331,FFF,2013B,0.05,0.011627906976744186
554336,BBB,2013B,0.05,0.06666666666666667
554344,BBB,2013B,0.0,0.0
554352,BBB,2013B,0.05,0.08333333333333333
554356,DDD,2013J,0.25,0.05813953488372093
554372,FFF,2013B,0.35,0.08536585365853659
554374,BBB,2013B,0.1,0.2
554435,FFF,2013B,0.1,0.02247191011235955
554446,DDD,2013B,0.1,0.041666666666666664
554459,CCC,2014J,0.25,0.16666666666666666
554459,EEE,2013J,0.0,0.0
554459,EEE,2014J,0.05,0.0625
554470,FFF,2013J,0.15,0.033707865168539325
554476,FFF,2013B,0.15,0.03225806451612903
554484,DDD,2013B,0.05,0.015384615384615385
554512,BBB,2013B,0.05,1.0
554525,FFF,2014J,0.0,0.0
554540,BBB,2013J,0.2,0.11428571428571428
554551,BBB,2013B,0.0,0.0
554558,FFF,2013B,0.0,0.0
554574,DDD,2013B,0.05,0.029411764705882353
554580,GGG,2014J,0.6,0.3157894736842105
554583,CCC,2014B,0.0,0.0
554583,EEE,2013J,0.1,0.07142857142857142
554586,FFF,2013J,0.2,0.07547169811320754
554588,DDD,2013B,0.0,0.0
554592,FFF,2013B,0.3,0.07894736842105263
554599,BBB,2014J,0.0,0.0
554608,BBB,2013B,0.25,0.20833333333333334
554620,FFF,2013B,0.35,0.1111111111111111
554664,FFF,2013B,0.05,0.019230769230769232
554691,CCC,2014J,0.0,0.0
554691,DDD,2013B,0.05,0.125
554691,DDD,2013J,0.05,0.015873015873015872
554712,DDD,2014B,0.0,0.0
554746,DDD,2014J,0.05,0.1
554748,FFF,2013B,0.05,0.007874015748031496
554761,CCC,2014J,0.1,0.05263157894736842
554761,FFF,2013B,0.1,0.025974025974025976
554773,DDD,2013B,0.05,0.027777777777777776
554795,BBB,2013B,0.15,0.10714285714285714
554813,FFF,2013B,0.2,0.058823529411764705
554818,BBB,2013B,0.0,0.0
554830,BBB,2013B,0.0,0.0
554846,FFF,2013J,0.15,0.037037037037037035
554852,FFF,2013B,0.3,0.08955223880597014
554863,DDD,2014J,0.05,0.025
554870,CCC,2014B,0.0,0.0
554881,DDD,2013B,0.1,0.044444444444444446
554881,FFF,2014B,0.0,0.0
554885,DDD,2013B,0.0,0.0
554894,BBB,2013B,0.2,0.23529411764705882
554898,BBB,2013B,0.05,0.125
554908,FFF,2013B,0.25,0.07352941176470588
554919,FFF,2013B,0.0,0.0
554923,FFF,2013B,0.0,0.0
554930,BBB,2013B,0.0,0.0
554940,FFF,2013B,0.05,0.03125
554946,FFF,2013B,0.0,0.0
554951,CCC,2014B,0.2,0.09302325581395349
554967,GGG,2013J,0.1,0.2222222222222222
554969,BBB,2014B,0.1,0.125
554995,DDD,2013B,0.05,0.019230769230769232
554998,BBB,2013B,0.0,0.0
554999,EEE,2014J,0.0,0.0
555008,CCC,2014B,0.0,0.0
555015,BBB,2014B,0.05,0.05
555022,EEE,2014B,0.3,0.23076923076923078
555049,FFF,2014J,0.15,0.0410958904109589
555059,BBB,2013B,0.0,0.0
555086,BBB,2013B,0.0,0.0
555102,BBB,2013B,0.0,0.0
555132,DDD,2014B,0.0,0.0
555132,DDD,2014J,0.05,0.2
555144,FFF,2013B,0.05,0.02040816326530612
555157,BBB,2013B,0.0,0.0
555228,EEE,2013J,0.2,0.16
555239,DDD,2013J,0.2,0.04819277108433735
555250,FFF,2013B,0.1,0.04878048780487805
555263,BBB,2013B,0.3,0.24
555309,BBB,2013B,0.05,0.024390243902439025
555316,DDD,2013J,0.0,0.0
555346,BBB,2013J,0.25,0.16129032258064516
555349,FFF,2013B,0.1,0.03278688524590164
555407,BBB,2013B,0.2,0.19047619047619047
555408,DDD,2013B,0.05,0.03333333333333333
555408,DDD,2014B,0.0,0.0
555414,BBB,2013B,0.05,0.045454545454545456
555440,FFF,2013J,0.15,0.16666666666666666
555444,FFF,2013B,0.1,0.047619047619047616
555446,DDD,2013B,0.0,0.0
555447,EEE,2013J,0.15,0.17647058823529413
555498,CCC,2014J,0.05,0.0196078431372549
555498,FFF,2013J,0.3,0.046875
555503,FFF,2013B,0.05,0.02
555604,CCC,2014B,0.15,0.10344827586206896
555609,FFF,2013B,0.0,0.0
555614,BBB,2013J,0.0,0.0
555644,DDD,2013J,0.05,0.07142857142857142
555667,BBB,2013B,0.05,0.047619047619047616
555670,BBB,2013B,0.05,0.05555555555555555
555672,BBB,2013B,0.15,0.0967741935483871
555673,BBB,2013B,0.15,0.07317073170731707
555674,BBB,2013B,0.1,0.08333333333333333
555675,BBB,2013B,0.0,0.0
555695,BBB,2013B,0.05,0.047619047619047616
555706,CCC,2014B,0.35,0.1320754716981132
555709,FFF,2013B,0.05,0.024390243902439025
555721,BBB,2013J,0.1,0.05
555740,DDD,2013B,0.1,0.05405405405405406
555747,BBB,2013B,0.0,0.0
555749,BBB,2014J,0.1,0.06666666666666667
555756,EEE,2014B,0.4,0.2962962962962963
555760,CCC,2014J,0.0,0.0
555765,DDD,2013B,0.05,0.09090909090909091
555772,DDD,2013B,0.0,0.0
555786,FFF,2013B,0.0,0.0
555786,FFF,2013J,0.05,0.045454545454545456
555791,DDD,2013J,0.1,0.045454545454545456
555827,FFF,2014J,0.05,0.125
555837,BBB,2013B,0.05,0.25
555838,BBB,2013B,0.1,0.10526315789473684
555855,FFF,2013J,0.2,0.031746031746031744
555860,BBB,2014B,0.1,0.2222222222222222
555884,CCC,2014J,0.0,0.0
555929,FFF,2014B,0.15,0.08571428571428572
555935,BBB,2013B,0.0,0.0
555946,BBB,2013B,0.0,0.0
555989,CCC,2014J,0.0,0.0
555989,DDD,2014J,0.05,0.029411764705882353
555994,BBB,2014B,0.1,0.1
556004,FFF,2013B,0.05,0.030303030303030304
556007,DDD,2014B,0.0,0.0
556012,BBB,2014B,0.0,0.0
556022,FFF,2013B,0.35,0.0660377358490566
556057,DDD,2014B,0.1,0.05128205128205128
556082,DDD,2013B,0.45,0.1267605633802817
556089,BBB,2013J,0.1,0.16666666666666666
556109,EEE,2013J,0.05,0.03571428571428571
556126,FFF,2013B,0.05,0.047619047619047616
556126,FFF,2014J,0.1,0.01904761904761905
556133,FFF,2013B,0.15,0.03260869565217391
556140,CCC,2014J,0.0,0.0
556140,FFF,2014B,0.0,0.0
556165,DDD,2013B,0.15,0.07894736842105263
556175,BBB,2013J,0.0,0.0
556177,EEE,2013J,0.1,0.09090909090909091
556185,DDD,2013B,0.15,0.04285714285714286
556210,FFF,2013B,0.3,0.09090909090909091
556211,EEE,2013J,0.15,0.11538461538461539
556228,BBB,2013J,0.0,0.0
556231,EEE,2013J,0.4,0.3333333333333333
556246,CCC,2014B,0.2,0.10810810810810811
556251,CCC,2014J,0.0,0.0
556251,FFF,2013B,0.0,0.0
556284,BBB,2013B,0.0,0.0
556292,BBB,2013B,0.35,0.14285714285714285
556295,CCC,2014B,0.1,0.03571428571428571
556295,DDD,2013B,0.0,0.0
556301,BBB,2013B,0.05,0.0625
556302,FFF,2013B,0.15,0.0625
556308,DDD,2013B,0.1,0.05128205128205128
556337,DDD,2013B,0.1,0.0392156862745098
556349,BBB,2013B,0.2,0.08888888888888889
556354,DDD,2013B,0.0,0.0
556362,DDD,2013B,0.15,0.08333333333333333
556369,DDD,2013B,0.0,0.0
556370,DDD,2013B,0.05,0.03225806451612903
556373,DDD,2013B,0.1,0.02666666666666667
556374,DDD,2014B,0.0,0.0
556374,DDD,2014J,0.0,0.0
556389,DDD,2013B,0.1,0.058823529411764705
556391,FFF,2013B,0.1,0.031746031746031744
556406,GGG,2014B,0.25,0.21739130434782608
556416,DDD,2014B,0.15,0.0410958904109589
556427,BBB,2013J,0.0,0.0
556429,FFF,2013B,0.1,0.041666666666666664
556440,FFF,2013B,0.1,0.04081632653061224
556463,GGG,2014B,0.1,0.4
556476,CCC,2014J,0.05,0.037037037037037035
556492,FFF,2013B,0.05,0.07142857142857142
556492,FFF,2014B,0.05,0.02
556498,FFF,2013B,0.1,0.04
556502,BBB,2013B,0.05,0.058823529411764705
556509,GGG,2013J,0.1,0.1
556514,DDD,2014J,0.3,0.0967741935483871
556520,GGG,2013J,0.25,0.2
556521,EEE,2013J,0.0,0.0
556523,GGG,2013J,0.35,0.16666666666666666
556539,DDD,2013J,0.2,0.05263157894736842
556540,FFF,2013B,0.4,0.05673758865248227
556553,BBB,2013B,0.1,0.14285714285714285
556567,FFF,2013B,0.15,0.057692307692307696
556575,DDD,2013B,0.25,0.06756756756756757
556584,CCC,2014B,0.05,0.02040816326530612
556584,DDD,2013B,0.15,0.05660377358490566
556592,BBB,2013J,0.0,0.0
556605,BBB,2013B,0.0,0.0
556639,FFF,2013J,0.25,0.0641025641025641
556644,BBB,2014J,0.0,0.0
556645,CCC,2014J,0.25,0.08064516129032258
556645,EEE,2013J,0.05,0.04
556646,FFF,2013J,0.1,0.024691358024691357
556648,BBB,2013B,0.0,0.0
556659,FFF,2013B,0.25,0.05747126436781609
556660,DDD,2013B,0.2,0.07272727272727272
556692,BBB,2013B,0.0,0.0
556709,EEE,2013J,0.0,0.0
556721,DDD,2013B,0.2,0.05714285714285714
556751,DDD,2013J,0.0,0.0
556774,DDD,2013B,0.35,0.10294117647058823
556780,DDD,2013B,0.0,0.0
556783,FFF,2013B,0.4,0.05161290322580645
556785,DDD,2013B,0.15,0.047619047619047616
556824,CCC,2014J,0.15,0.09375
556835,DDD,2013B,0.35,0.08433734939759036
556853,BBB,2014B,0.05,0.1111111111111111
556858,CCC,2014B,0.2,0.13333333333333333
556860,BBB,2013B,0.05,0.02857142857142857
556863,BBB,2014J,0.0,0.0
556865,BBB,2013B,0.05,0.16666666666666666
556871,BBB,2013B,0.0,0.0
556876,BBB,2013B,0.1,0.4
556877,BBB,2014B,0.0,0.0
556878,BBB,2013B,0.15,0.15789473684210525
556880,FFF,2013B,0.0,0.0
556883,BBB,2013B,0.0,0.0
556887,BBB,2013B,0.05,0.045454545454545456
556892,BBB,2013B,0.1,0.08695652173913043
556898,BBB,2013B,0.05,0.038461538461538464
556918,DDD,2013B,0.15,0.05
556924,FFF,2013B,0.35,0.08536585365853659
556931,FFF,2013B,0.2,0.13333333333333333
556934,DDD,2013B,0.1,0.02702702702702703
556945,FFF,2013B,0.35,0.08641975308641975
556959,BBB,2013B,0.1,0.08
556970,FFF,2013B,0.0,0.0
556972,BBB,2013J,0.1,0.1111111111111111
556987,BBB,2013B,0.0,0.0
556990,BBB,2013B,0.05,0.047619047619047616
556992,BBB,2013B,0.0,0.0
556997,BBB,2013B,0.0,0.0
556999,BBB,2013B,0.0,0.0
557006,BBB,2013B,0.1,0.3333333333333333
557012,FFF,2013J,0.25,0.0847457627118644
557020,FFF,2013J,0.25,0.04424778761061947
557024,BBB,2013B,0.1,0.1
557029,BBB,2014B,0.05,0.25
557031,GGG,2013J,0.0,0.0
557032,BBB,2013B,0.05,0.022222222222222223
557044,FFF,2013J,0.15,0.046153846153846156
557045,DDD,2013B,0.2,0.06060606060606061
557053,FFF,2013B,0.45,0.07317073170731707
557054,FFF,2013J,0.0,0.0
557057,BBB,2013B,0.0,0.0
557060,BBB,2013B,0.0,0.0
557085,FFF,2014J,0.05,0.01282051282051282
557085,GGG,2013J,0.0,0.0
557129,FFF,2013B,0.25,0.10638297872340426
557145,BBB,2013B,0.0,0.0
557147,EEE,2013J,0.15,0.21428571428571427
557177,FFF,2013B,0.05,0.03571428571428571
557203,FFF,2013B,0.05,0.1111111111111111
557220,BBB,2013B,0.0,0.0
557229,EEE,2014J,0.55,0.2682926829268293
557232,FFF,2013J,0.0,0.0
557237,DDD,2013B,0.0,0.0
557237,DDD,2014J,0.05,0.02702702702702703
557247,DDD,2013B,0.0,0.0
557247,DDD,2013J,0.0,0.0
557285,BBB,2013B,0.0,0.0
557290,FFF,2014J,0.0,0.0
557308,BBB,2013B,0.15,0.05357142857142857
557314,FFF,2013B,0.0,0.0
557325,BBB,2013B,0.0,0.0
557345,FFF,2013B,0.2,0.035398230088495575
557351,BBB,2014B,0.0,0.0
557358,DDD,2013B,0.1,0.06896551724137931
557385,FFF,2013J,0.05,0.014925373134328358
557388,FFF,2013B,0.3,0.05555555555555555
557389,DDD,2014J,0.15,0.08108108108108109
557395,FFF,2013J,0.1,0.03225806451612903
557404,DDD,2014B,0.2,0.08333333333333333
557415,EEE,2013J,0.2,0.13793103448275862
557432,DDD,2013B,0.05,0.25
557445,FFF,2013B,0.5,0.06944444444444445
557451,BBB,2013B,0.0,0.0
557469,FFF,2014B,0.1,0.025
557474,DDD,2013J,0.0,0.0
557474,DDD,2014J,0.0,0.0
557477,DDD,2013B,0.05,0.03125
557528,BBB,2013B,0.05,0.08333333333333333
557542,FFF,2013B,0.0,0.0
557545,FFF,2013J,0.25,0.06097560975609756
557594,BBB,2013B,0.05,0.05263157894736842
557608,CCC,2014J,0.0,0.0
557622,BBB,2013B,0.0,0.0
557650,CCC,2014J,0.1,0.03773584905660377
557650,FFF,2014B,0.05,0.013513513513513514
557652,BBB,2013J,0.0,0.0
557655,FFF,2013J,0.1,0.02666666666666667
557661,FFF,2013J,0.15,0.1
557694,DDD,2013B,0.2,0.06349206349206349
557700,CCC,2014J,0.05,0.03125
557700,EEE,2014B,0.05,0.047619047619047616
557708,FFF,2014B,0.0,0.0
557709,BBB,2013B,0.0,0.0
557710,FFF,2013B,0.25,0.027777777777777776
557735,FFF,2013B,0.15,0.10714285714285714
557735,FFF,2013J,0.1,0.03389830508474576
557742,DDD,2013B,0.15,0.057692307692307696
557751,DDD,2013B,0.0,0.0
557752,DDD,2013B,0.05,1.0
557758,BBB,2013B,0.05,0.03225806451612903
557764,DDD,2013B,0.05,0.023255813953488372
557766,FFF,2013J,0.25,0.2777777777777778
557773,FFF,2013B,0.0,0.0
557775,BBB,2013B,0.05,0.037037037037037035
557787,FFF,2013B,0.0,0.0
557811,FFF,2013B,0.1,0.030303030303030304
557827,BBB,2013B,0.0,0.0
557830,FFF,2014J,0.0,0.0
557840,FFF,2013B,0.05,0.012987012987012988
557846,DDD,2013B,0.0,0.0
557850,DDD,2013B,0.0,0.0
557877,FFF,2013B,0.0,0.0
557891,FFF,2013B,0.25,0.06578947368421052
557911,DDD,2013B,0.15,0.04918032786885246
557924,DDD,2013B,0.2,0.05128205128205128
557959,CCC,2014J,0.05,0.030303030303030304
557968,BBB,2013B,0.05,0.08333333333333333
557979,BBB,2013B,0.0,0.0
557995,CCC,2014B,0.05,0.08333333333333333
558018,FFF,2013B,0.2,0.042105263157894736
558021,DDD,2013J,0.2,0.06349206349206349
558024,BBB,2013B,0.05,0.05263157894736842
558029,DDD,2014B,0.05,0.017857142857142856
558035,BBB,2013J,0.05,0.08333333333333333
558040,BBB,2013B,0.0,0.0
558042,BBB,2013B,0.05,0.14285714285714285
558044,FFF,2014J,0.5,0.072992700729927
558054,EEE,2013J,0.15,0.125
558066,BBB,2013B,0.05,0.14285714285714285
558068,BBB,2013B,0.05,0.125
558075,BBB,2013B,0.0,0.0
558084,BBB,2014B,0.05,0.08333333333333333
558090,FFF,2013J,0.0,0.0
558092,BBB,2013B,0.05,0.09090909090909091
558098,FFF,2013B,0.15,0.04054054054054054
558099,BBB,2013B,0.2,0.23529411764705882
558104,FFF,2013B,0.25,0.04950495049504951
558105,FFF,2014B,0.2,0.07547169811320754
558113,BBB,2013B,0.0,0.0
558114,BBB,2013B,0.0,0.0
558121,FFF,2014B,0.15,0.05454545454545454
558122,EEE,2014B,0.1,0.6666666666666666
558140,DDD,2013J,0.0,0.0
558153,DDD,2013B,0.05,0.14285714285714285
558168,BBB,2013B,0.0,0.0
558200,DDD,2013B,0.1,0.041666666666666664
558205,FFF,2013J,0.05,0.14285714285714285
558208,FFF,2013B,0.25,0.03289473684210526
558224,DDD,2013B,0.3,0.08
558247,BBB,2013B,0.0,0.0
558250,BBB,2013B,0.05,0.05555555555555555
558262,FFF,2013B,0.05,0.07692307692307693
558280,FFF,2013B,0.15,0.08333333333333333
558290,DDD,2013B,0.3,0.061224489795918366
558292,DDD,2014B,0.0,0.0
558301,FFF,2013J,0.05,0.16666666666666666
558333,BBB,2013J,0.0,0.0
558345,FFF,2013J,0.3,0.05555555555555555
558373,BBB,2013B,0.15,0.06382978723404255
558404,FFF,2013B,0.0,0.0
558415,DDD,2013B,0.1,0.0392156862745098
558435,BBB,2013B,0.25,0.18518518518518517
558440,CCC,2014J,0.0,0.0
558440,DDD,2013B,0.1,0.04
558444,EEE,2013J,0.05,0.1111111111111111
558463,CCC,2014J,0.1,0.16666666666666666
558463,EEE,2013J,0.0,0.0
558484,FFF,2013J,0.1,0.0392156862745098
558486,GGG,2014J,0.3,0.2857142857142857
558488,DDD,2013B,0.05,0.02857142857142857
558489,FFF,2013B,0.15,0.0625
558503,FFF,2013B,0.15,0.047619047619047616
558509,EEE,2014J,0.3,0.18181818181818182
558518,CCC,2014B,0.2,0.10256410256410256
558533,BBB,2013J,0.15,0.15
558558,FFF,2013B,0.3,0.057692307692307696
558595,BBB,2014B,0.1,0.15384615384615385
558597,FFF,2013B,0.1,0.03076923076923077
558610,DDD,2013B,0.0,0.0
558610,DDD,2013J,0.0,0.0
558616,CCC,2014B,0.25,0.19230769230769232
558622,BBB,2013B,0.1,0.07407407407407407
558628,FFF,2013B,0.3,0.05504587155963303
558629,DDD,2014B,0.1,0.0625
558635,FFF,2013J,0.05,0.02702702702702703
558645,DDD,2013B,0.1,0.04
558661,BBB,2013J,0.0,0.0
558662,BBB,2013B,0.0,0.0
558678,DDD,2013B,0.15,0.04054054054054054
558689,BBB,2013B,0.0,0.0
558692,FFF,2013B,0.05,0.08333333333333333
558703,BBB,2013B,0.0,0.0
558705,DDD,2014B,0.05,0.03225806451612903
558747,BBB,2013B,0.0,0.0
558760,FFF,2013B,0.15,0.07894736842105263
558764,FFF,2014J,0.15,0.05084745762711865
558765,DDD,2013J,0.15,0.05084745762711865
558769,BBB,2013B,0.0,0.0
558770,FFF,2013B,0.25,0.10416666666666667
558772,FFF,2013B,0.2,0.06666666666666667
558779,DDD,2013B,0.05,0.5
558787,DDD,2013B,0.4,0.10256410256410256
558801,FFF,2013B,0.35,0.10294117647058823
558806,DDD,2013B,0.0,0.0
558820,BBB,2013B,0.15,0.06382978723404255
558837,DDD,2013B,0.1,0.06666666666666667
558839,CCC,2014J,0.4,0.2
558851,FFF,2013B,0.1,0.03571428571428571
558854,FFF,2013B,0.05,0.07692307692307693
558893,FFF,2013J,0.05,0.008333333333333333
558903,BBB,2013B,0.0,0.0
558907,FFF,2013B,0.25,0.049019607843137254
558914,CCC,2014B,0.05,0.02702702702702703
558914,DDD,2013B,0.0,0.0
558915,FFF,2013B,0.15,0.0297029702970297
558921,BBB,2014B,0.35,0.15217391304347827
558948,DDD,2013B,0.15,0.16666666666666666
558955,BBB,2013B,0.0,0.0
558962,BBB,2013J,0.0,0.0
558963,FFF,2013B,0.0,0.0
558965,BBB,2013B,0.05,0.05263157894736842
558970,FFF,2013J,0.2,0.06153846153846154
558983,BBB,2013J,0.0,0.0
559004,FFF,2013B,0.15,0.04918032786885246
559031,BBB,2013B,0.05,0.16666666666666666
559058,FFF,2013B,0.3,0.09230769230769231
559067,FFF,2013J,0.0,0.0
559081,DDD,2013B,0.2,0.08888888888888889
559096,DDD,2013J,0.3,0.09230769230769231
559123,DDD,2013J,0.0,0.0
559140,DDD,2013J,0.1,0.02564102564102564
559155,FFF,2013B,0.15,0.06382978723404255
559157,CCC,2014B,0.2,0.16666666666666666
559168,BBB,2013J,0.15,0.1875
559180,BBB,2013B,0.05,0.07142857142857142
559253,BBB,2013B,0.0,0.0
559282,DDD,2013B,0.1,0.05128205128205128
559293,DDD,2013B,0.1,0.046511627906976744
559325,FFF,2013B,0.25,0.04950495049504951
559328,DDD,2014B,0.1,0.09523809523809523
559335,FFF,2013B,0.15,0.06521739130434782
559336,BBB,2014B,0.1,0.05714285714285714
559344,BBB,2014J,0.0,0.0
559350,BBB,2013B,0.1,0.2222222222222222
559366,GGG,2014J,0.0,0.0
559381,BBB,2014B,0.1,0.1
559382,BBB,2013J,0.1,0.06451612903225806
559389,BBB,2013B,0.0,0.0
559405,FFF,2013B,0.0,0.0
559410,DDD,2013B,0.05,0.3333333333333333
559414,BBB,2013J,0.0,0.0
559420,DDD,2013B,0.3,0.07792207792207792
559423,FFF,2013B,0.35,0.03888888888888889
559428,FFF,2013J,0.1,0.01904761904761905
559440,FFF,2013B,0.0,0.0
559447,DDD,2014J,0.2,0.06060606060606061
559451,FFF,2013B,0.0,0.0
559452,BBB,2013B,0.05,0.047619047619047616
559454,FFF,2013B,0.25,0.08620689655172414
559458,BBB,2013B,0.0,0.0
559459,DDD,2013B,0.05,0.041666666666666664
559467,BBB,2014B,0.05,0.3333333333333333
559469,DDD,2013B,0.1,0.03773584905660377
559474,DDD,2013B,0.2,0.06896551724137931
559475,BBB,2013B,0.0,0.0
559495,BBB,2013B,0.1,0.14285714285714285
559518,CCC,2014J,0.2,0.4
559518,EEE,2014B,0.0,0.0
559540,DDD,2013J,0.0,0.0
559551,EEE,2013J,0.25,0.3333333333333333
559573,BBB,2014B,0.05,0.3333333333333333
559584,BBB,2013J,0.1,0.11764705882352941
559589,FFF,2013B,0.0,0.0
559594,FFF,2013B,0.25,0.0847457627118644
559595,BBB,2013B,0.0,0.0
559603,BBB,2013B,0.0,0.0
559606,BBB,2013B,0.0,0.0
559608,BBB,2013B,0.1,0.06666666666666667
559609,FFF,2013B,0.0,0.0
559611,BBB,2013B,0.05,0.08333333333333333
559612,DDD,2013B,0.1,0.05555555555555555
559617,EEE,2013J,0.15,0.15
559642,FFF,2013B,0.2,0.04938271604938271
559651,BBB,2013B,0.1,0.16666666666666666
559672,DDD,2013B,0.1,0.047619047619047616
559680,DDD,2013J,0.15,0.039473684210526314
559685,BBB,2013J,0.0,0.0
559706,CCC,2014B,0.05,0.024390243902439025
559706,DDD,2013B,0.1,0.03508771929824561
559707,DDD,2014J,0.1,0.08
559735,DDD,2013J,0.0,0.0
559744,BBB,2013B,0.05,0.0625
559754,FFF,2013J,0.3,0.07317073170731707
559758,EEE,2013J,0.3,0.35294117647058826
559760,FFF,2013B,0.3,0.037267080745341616
559766,GGG,2014J,0.05,0.2
559770,CCC,2014B,0.05,0.017241379310344827
559770,FFF,2013B,0.2,0.02962962962962963
559785,FFF,2013B,0.25,0.052083333333333336
559813,FFF,2013J,0.2,0.08163265306122448
559823,DDD,2013B,0.0,0.0
559831,BBB,2014B,0.05,0.1111111111111111
559851,BBB,2013J,0.05,0.05
559852,DDD,2014J,0.25,0.07692307692307693
559855,DDD,2013J,0.05,0.1111111111111111
559856,FFF,2013B,0.55,0.06547619047619048
559861,BBB,2014B,0.1,0.09523809523809523
559863,CCC,2014J,0.15,0.05454545454545454
559863,FFF,2013J,0.0,0.0
559872,DDD,2014B,0.05,0.02631578947368421
559876,FFF,2014B,0.1,0.015503875968992248
559903,DDD,2013B,0.2,0.05714285714285714
559908,DDD,2013J,0.05,0.013888888888888888
559912,EEE,2013J,0.05,0.05263157894736842
559919,GGG,2013J,0.2,0.10256410256410256
559930,DDD,2013B,0.1,0.041666666666666664
559950,DDD,2013B,0.0,0.0
559973,BBB,2014J,0.0,0.0
559977,CCC,2014B,0.0,0.0
559979,FFF,2013J,0.0,0.0
559991,FFF,2013B,0.0,0.0
559992,DDD,2013J,0.2,0.05194805194805195
560012,BBB,2013B,0.0,0.0
560015,DDD,2013J,0.0,0.0
560022,FFF,2013B,0.2,0.058823529411764705
560024,DDD,2013B,0.05,0.020833333333333332
560046,FFF,2013B,0.25,0.06493506493506493
560047,FFF,2014J,0.2,0.05
560064,CCC,2014J,0.0,0.0
560065,CCC,2014J,0.1,0.11764705882352941
560067,FFF,2013B,0.05,0.125
560072,FFF,2013B,0.55,0.0738255033557047
560074,BBB,2013J,0.05,0.07692307692307693
560075,BBB,2013B,0.15,0.05555555555555555
560089,BBB,2014J,0.1,0.05
560114,CCC,2014B,0.15,0.05172413793103448
560114,DDD,2013B,0.15,0.05
560117,BBB,2013B,0.05,0.16666666666666666
560170,BBB,2013B,0.25,0.15151515151515152
560179,DDD,2013B,0.15,0.08333333333333333
560182,FFF,2013B,0.15,0.046153846153846156
560199,FFF,2013B,0.3,0.0967741935483871
560207,FFF,2013B,0.3,0.075
560208,BBB,2013B,0.0,0.0
560208,BBB,2014J,0.0,0.0
560238,BBB,2014B,0.15,0.13043478260869565
560240,DDD,2013B,0.2,0.0975609756097561
560243,DDD,2013J,0.15,0.02727272727272727
560260,DDD,2013B,0.0,0.0
560301,DDD,2014J,0.1,0.05128205128205128
560311,CCC,2014B,0.05,0.017857142857142856
560311,DDD,2013B,0.05,0.017857142857142856
560319,BBB,2013B,0.0,0.0
560328,GGG,2013J,0.1,0.07407407407407407
560329,FFF,2013J,0.15,0.05454545454545454
560347,DDD,2013B,0.05,0.0136986301369863
560374,GGG,2013J,0.05,0.058823529411764705
560381,DDD,2013B,0.15,0.05263157894736842
560391,DDD,2013B,0.1,0.03278688524590164
560399,FFF,2014B,0.1,0.02666666666666667
560401,FFF,2013J,0.2,0.06060606060606061
560404,FFF,2013B,0.15,0.03409090909090909
560410,FFF,2013J,0.15,0.047619047619047616
560425,FFF,2013B,0.1,0.02857142857142857
560431,FFF,2013B,0.25,0.06097560975609756
560444,DDD,2013B,0.1,0.02631578947368421
560455,BBB,2013B,0.0,0.0
560458,DDD,2013J,0.1,0.04878048780487805
560459,FFF,2014J,0.05,0.043478260869565216
560468,BBB,2013B,0.15,0.07692307692307693
560486,DDD,2013J,0.1,0.03636363636363636
560493,DDD,2013J,0.05,0.017857142857142856
560494,CCC,2014B,0.1,0.06896551724137931
560496,FFF,2014B,0.1,0.019230769230769232
560502,EEE,2013J,0.1,0.4
560536,BBB,2014B,0.05,0.05263157894736842
560554,CCC,2014J,0.1,0.18181818181818182
560567,BBB,2013J,0.05,0.1
560585,FFF,2013B,0.15,0.0375
560592,FFF,2013J,0.05,0.041666666666666664
560597,BBB,2014J,0.15,0.075
560643,GGG,2014J,0.05,0.5
560645,FFF,2014J,0.15,0.041666666666666664
560652,BBB,2014J,0.1,0.07407407407407407
560653,GGG,2013J,0.25,0.11904761904761904
560659,FFF,2013J,0.05,0.0625
560676,BBB,2013J,0.0,0.0
560703,FFF,2013J,0.0,0.0
560707,EEE,2014J,0.25,0.19230769230769232
560723,EEE,2013J,0.1,0.06451612903225806
560727,FFF,2013J,0.25,0.06172839506172839
560743,DDD,2013B,0.05,0.06666666666666667
560759,DDD,2013J,0.1,0.05
560759,EEE,2014J,0.05,0.043478260869565216
560765,FFF,2014J,0.0,0.0
560773,BBB,2013J,0.05,0.1
560784,CCC,2014J,0.1,0.038461538461538464
560784,EEE,2013J,0.0,0.0
560876,EEE,2013J,0.25,0.25
560879,CCC,2014J,0.0,0.0
560879,DDD,2013J,0.05,0.015873015873015872
560881,EEE,2014J,0.2,0.16
560921,EEE,2014J,0.15,0.12
560928,EEE,2013J,0.25,0.17857142857142858
560934,FFF,2013J,0.0,0.0
560944,DDD,2014B,0.1,0.03773584905660377
560946,FFF,2013J,0.15,0.14285714285714285
560948,DDD,2013J,0.15,0.06666666666666667
560949,FFF,2013J,0.1,0.02666666666666667
560968,BBB,2013B,0.1,0.09523809523809523
560970,BBB,2013B,0.15,0.10344827586206896
561009,CCC,2014J,0.0,0.0
561009,FFF,2014B,0.05,0.022727272727272728
561031,FFF,2013J,0.25,0.08620689655172414
561060,BBB,2014B,0.25,0.08620689655172414
561061,BBB,2014B,0.0,0.0
561068,FFF,2013J,0.0,0.0
561072,DDD,2013J,0.1,0.05
561088,DDD,2013B,0.15,0.15
561113,CCC,2014J,0.0,0.0
561138,BBB,2013B,0.0,0.0
561148,GGG,2013J,0.05,0.06666666666666667
561161,BBB,2013B,0.0,0.0
561163,GGG,2013J,0.4,0.1702127659574468
561164,BBB,2013B,0.15,0.08108108108108109
561166,BBB,2013B,0.0,0.0
561167,BBB,2013B,0.05,0.043478260869565216
561192,EEE,2013J,0.1,0.08695652173913043
561195,CCC,2014J,0.15,0.07692307692307693
561195,DDD,2013J,0.2,0.04819277108433735
561206,BBB,2014J,0.0,0.0
561208,CCC,2014J,0.1,0.06451612903225806
561208,EEE,2013J,0.0,0.0
561208,EEE,2014J,0.05,0.0625
561231,FFF,2014J,0.45,0.08653846153846154
561268,FFF,2013J,0.15,0.028846153846153848
561271,EEE,2014B,0.0,0.0
561312,BBB,2013J,0.05,0.037037037037037035
561343,BBB,2013B,0.05,0.1
561363,CCC,2014B,0.15,0.06382978723404255
561363,EEE,2014B,0.2,0.17391304347826086
561386,FFF,2013J,0.05,0.010526315789473684
561413,EEE,2014J,0.6,0.2926829268292683
561419,GGG,2014J,0.3,0.21428571428571427
561437,BBB,2013B,0.0,0.0
561441,GGG,2014B,0.0,0.0
561444,BBB,2013B,0.0,0.0
561445,BBB,2013B,0.15,0.09090909090909091
561448,BBB,2013B,0.0,0.0
561452,BBB,2013B,0.05,0.047619047619047616
561455,BBB,2013B,0.0,0.0
561457,BBB,2013J,0.0,0.0
561458,BBB,2013B,0.0,0.0
561459,BBB,2013B,0.0,0.0
561461,BBB,2013B,0.05,0.05263157894736842
561476,CCC,2014J,0.05,0.05263157894736842
561476,DDD,2013J,0.0,0.0
561515,DDD,2013J,0.05,0.022222222222222223
561519,EEE,2013J,0.15,0.25
561534,BBB,2013J,0.2,0.09302325581395349
561542,FFF,2013J,0.15,0.046875
561559,CCC,2014B,0.25,0.11904761904761904
561559,EEE,2014B,0.05,0.038461538461538464
561560,CCC,2014J,0.05,0.08333333333333333
561591,BBB,2013J,0.0,0.0
561608,BBB,2014J,0.1,0.06666666666666667
561618,BBB,2014J,0.05,0.027777777777777776
561640,BBB,2013J,0.05,0.058823529411764705
561711,BBB,2013B,0.0,0.0
561713,BBB,2013B,0.3,0.17142857142857143
561714,FFF,2013J,0.2,0.06153846153846154
561715,BBB,2013B,0.0,0.0
561716,BBB,2013B,0.0,0.0
561734,DDD,2013B,0.0,0.0
561734,DDD,2013J,0.05,0.06666666666666667
561752,BBB,2014J,0.15,0.075
561774,CCC,2014B,0.15,0.07142857142857142
561774,EEE,2014B,0.1,0.06451612903225806
561807,DDD,2013J,0.0,0.0
561810,DDD,2013J,0.1,0.041666666666666664
561819,DDD,2013J,0.15,0.06
561823,DDD,2013J,0.0,0.0
561826,CCC,2014J,0.2,0.12121212121212122
561826,EEE,2013J,0.0,0.0
561841,BBB,2013J,0.0,0.0
561848,CCC,2014J,0.0,0.0
561848,DDD,2013B,0.05,0.038461538461538464
561865,FFF,2013J,0.1,0.028169014084507043
561867,FFF,2013J,0.1,0.028169014084507043
561868,FFF,2013J,0.05,0.009523809523809525
561873,FFF,2013J,0.05,0.029411764705882353
561874,FFF,2013J,0.45,0.09375
561879,FFF,2013J,0.0,0.0
561880,FFF,2013J,0.0,0.0
561881,DDD,2013J,0.1,0.038461538461538464
561884,GGG,2013J,0.15,0.10344827586206896
561889,FFF,2013J,0.05,0.017543859649122806
561904,DDD,2014J,0.3,0.1
561905,DDD,2013J,0.1,0.07407407407407407
561913,CCC,2014J,0.0,0.0
561913,DDD,2014B,0.0,0.0
561929,FFF,2013J,0.25,0.049019607843137254
561930,FFF,2013J,0.0,0.0
561953,BBB,2014B,0.0,0.0
561955,DDD,2013J,0.1,0.05
561976,FFF,2013J,0.0,0.0
561978,BBB,2014B,0.05,0.058823529411764705
561979,BBB,2014J,0.0,0.0
562064,DDD,2013J,0.05,0.017857142857142856
562064,FFF,2014B,0.05,0.058823529411764705
562064,FFF,2014J,0.15,0.03296703296703297
562090,BBB,2013J,0.2,0.0975609756097561
562100,DDD,2013J,0.0,0.0
562100,DDD,2014J,0.0,0.0
562112,DDD,2014B,0.0,0.0
562239,BBB,2014J,0.05,0.04
562270,BBB,2013J,0.1,0.06896551724137931
562377,FFF,2013J,0.15,0.07894736842105263
562437,DDD,2013J,0.0,0.0
562448,FFF,2013J,0.1,0.023529411764705882
562450,CCC,2014B,0.1,0.05714285714285714
562456,BBB,2013J,0.05,0.16666666666666666
562460,FFF,2013J,0.1,0.08333333333333333
562465,BBB,2013B,0.1,0.1111111111111111
562489,BBB,2013B,0.0,0.0
562490,DDD,2013J,0.05,0.02857142857142857
562495,BBB,2013B,0.15,0.21428571428571427
562585,CCC,2014B,0.0,0.0
562585,DDD,2013J,0.0,0.0
562628,GGG,2014B,0.1,0.125
562632,DDD,2014B,0.1,0.03125
562696,GGG,2013J,0.2,0.12903225806451613
562708,DDD,2014B,0.0,0.0
562728,DDD,2013J,0.1,0.023529411764705882
562754,FFF,2014J,0.0,0.0
562763,FFF,2013J,0.0,0.0
562825,CCC,2014B,0.05,0.06666666666666667
562825,EEE,2014B,0.05,0.045454545454545456
562857,BBB,2014B,0.15,0.11538461538461539
562884,CCC,2014J,0.45,0.15517241379310345
562913,GGG,2013J,0.25,0.2
562917,FFF,2014B,0.15,0.6
562920,FFF,2013J,0.05,0.1111111111111111
562990,FFF,2014J,0.15,0.08108108108108109
563014,FFF,2013J,0.05,0.09090909090909091
563016,CCC,2014J,0.05,0.041666666666666664
563016,DDD,2013J,0.3,0.08823529411764706
563027,BBB,2014J,0.1,0.07407407407407407
563046,CCC,2014B,0.1,0.1
563046,EEE,2014J,0.25,0.17857142857142858
563051,CCC,2014J,0.1,0.11764705882352941
563051,FFF,2013J,0.0,0.0
563081,DDD,2014B,0.25,0.05434782608695652
563108,FFF,2014J,0.05,0.021739130434782608
563196,FFF,2013J,0.05,0.03225806451612903
563230,EEE,2014B,0.05,0.02631578947368421
563299,FFF,2013J,0.15,0.03614457831325301
563301,GGG,2014B,0.05,0.25
563302,BBB,2014J,0.05,0.024390243902439025
563321,CCC,2014J,0.05,0.034482758620689655
563321,EEE,2014J,0.0,0.0
563330,BBB,2013B,0.05,0.1
563363,BBB,2013B,0.0,0.0
563374,BBB,2013J,0.1,0.1111111111111111
563413,BBB,2014B,0.05,0.16666666666666666
563414,FFF,2014J,0.3,0.07317073170731707
563418,EEE,2013J,0.2,0.2
563453,DDD,2014J,0.35,0.12727272727272726
563487,BBB,2014B,0.0,0.0
563534,EEE,2014J,0.0,0.0
563595,DDD,2014J,0.0,0.0
563612,GGG,2013J,0.0,0.0
563636,FFF,2013J,0.0,0.0
563666,EEE,2013J,0.1,0.08695652173913043
563675,DDD,2013J,0.1,0.0625
563706,BBB,2013J,0.15,0.057692307692307696
563733,BBB,2013J,0.05,0.058823529411764705
563735,BBB,2013J,0.05,0.05
563742,FFF,2013J,0.0,0.0
563754,BBB,2014B,0.05,0.2
563763,DDD,2014B,0.1,0.05
563769,BBB,2013J,0.0,0.0
563770,DDD,2013J,0.0,0.0
563783,FFF,2013J,0.15,0.02142857142857143
563787,FFF,2013J,0.1,0.028169014084507043
563794,BBB,2013J,0.0,0.0
563819,CCC,2014B,0.0,0.0
563819,DDD,2013J,0.0,0.0
563820,BBB,2014J,0.15,0.08571428571428572
563823,FFF,2014B,0.05,0.011627906976744186
563845,DDD,2014J,0.1,0.03773584905660377
563847,DDD,2014J,0.0,0.0
563862,DDD,2013J,0.05,0.058823529411764705
563874,BBB,2013B,0.0,0.0
563877,BBB,2013B,0.05,0.08333333333333333
563878,BBB,2013B,0.15,0.21428571428571427
563879,BBB,2013B,0.1,0.10526315789473684
563888,DDD,2013J,0.15,0.1111111111111111
563920,CCC,2014J,0.3,0.12244897959183673
563967,EEE,2013J,0.05,0.045454545454545456
563971,DDD,2013J,0.0,0.0
563986,BBB,2014B,0.05,0.05
563987,BBB,2014B,0.2,0.18181818181818182
564000,DDD,2014J,0.05,0.09090909090909091
564105,BBB,2013J,0.0,0.0
564115,BBB,2014J,0.05,0.020833333333333332
564119,FFF,2013J,0.1,0.018518518518518517
564129,BBB,2013J,0.0,0.0
564144,BBB,2013J,0.0,0.0
564213,CCC,2014J,0.1,0.06666666666666667
564213,DDD,2013J,0.1,0.0625
564243,FFF,2014J,0.2,0.0425531914893617
564245,BBB,2013J,0.1,0.06451612903225806
564262,FFF,2013J,0.2,0.0425531914893617
564268,BBB,2013J,0.05,0.1111111111111111
564278,BBB,2014J,0.3,0.13636363636363635
564356,DDD,2013J,0.0,0.0
564409,BBB,2014B,0.15,0.1875
564445,EEE,2014J,0.35,0.2692307692307692
564450,AAA,2013J,0.0,0.0
564596,BBB,2013J,0.0,0.0
564609,GGG,2013J,0.1,0.16666666666666666
564617,FFF,2014J,0.3,0.07058823529411765
564626,BBB,2013J,0.05,0.07142857142857142
564632,FFF,2014B,0.25,0.078125
564649,CCC,2014J,0.1,0.07407407407407407
564700,EEE,2013J,0.05,0.043478260869565216
564702,FFF,2013J,0.05,0.017857142857142856
564714,CCC,2014J,0.0,0.0
564714,EEE,2013J,0.0,0.0
564734,EEE,2014J,0.4,0.27586206896551724
564770,FFF,2013J,0.0,0.0
564792,BBB,2013J,0.0,0.0
564821,FFF,2014J,0.0,0.0
564894,EEE,2013J,0.3,0.18181818181818182
564898,BBB,2013J,0.0,0.0
564906,BBB,2014B,0.05,0.045454545454545456
564933,FFF,2014J,0.4,0.12903225806451613
564958,BBB,2013J,0.0,0.0
564981,FFF,2013J,0.2,0.05970149253731343
565002,GGG,2013J,0.1,0.08333333333333333
565006,DDD,2014J,0.25,0.07575757575757576
565017,FFF,2014J,0.2,0.04819277108433735
565066,CCC,2014J,0.15,0.16666666666666666
565109,FFF,2014B,0.0,0.0
565158,DDD,2014B,0.05,0.037037037037037035
565175,DDD,2013J,0.05,0.047619047619047616
565182,BBB,2014J,0.45,0.1956521739130435
565209,DDD,2014J,0.05,0.02631578947368421
565222,GGG,2013J,0.25,0.16129032258064516
565273,BBB,2014J,0.15,0.08571428571428572
565275,EEE,2014J,0.15,0.2
565301,DDD,2013J,0.25,0.1
565348,FFF,2014B,0.0,0.0
565373,FFF,2014B,0.2,0.03389830508474576
565393,BBB,2013J,0.05,0.02857142857142857
565399,CCC,2014B,0.5,0.14492753623188406
565446,DDD,2014J,0.1,0.06666666666666667
565513,BBB,2013J,0.1,0.07692307692307693
565525,GGG,2013J,0.15,0.21428571428571427
565561,EEE,2013J,0.05,0.25
565570,DDD,2013J,0.05,0.027777777777777776
565575,BBB,2014J,0.05,0.03333333333333333
565576,BBB,2014J,0.1,0.05555555555555555
565582,BBB,2013J,0.05,0.16666666666666666
565587,FFF,2013J,0.15,0.027777777777777776
565599,BBB,2014J,0.1,0.046511627906976744
565605,CCC,2014J,0.35,0.12280701754385964
565607,BBB,2013J,0.3,0.11320754716981132
565640,GGG,2013J,0.15,0.11538461538461539
565653,FFF,2013J,0.05,0.013888888888888888
565657,DDD,2013J,0.1,0.041666666666666664
565698,FFF,2013J,0.0,0.0
565715,BBB,2013J,0.15,0.0967741935483871
565743,CCC,2014J,0.2,0.25
565840,CCC,2014J,0.0,0.0
565840,DDD,2014B,0.0,0.0
565849,FFF,2013J,0.25,0.03597122302158273
565869,BBB,2014B,0.0,0.0
565870,BBB,2013B,0.0,0.0
565883,EEE,2013J,0.0,0.0
565888,BBB,2013J,0.3,0.15
565892,GGG,2013J,0.05,0.047619047619047616
565919,BBB,2013J,0.1,0.125
565952,EEE,2014J,0.2,0.10810810810810811
565990,FFF,2013J,0.15,0.037037037037037035
565993,GGG,2013J,0.15,0.13043478260869565
565997,FFF,2013J,0.25,0.13157894736842105
566009,FFF,2013J,0.25,0.04950495049504951
566071,EEE,2013J,0.05,0.1
566133,BBB,2013J,0.05,0.1
566134,DDD,2013J,0.05,0.05
566135,CCC,2014J,0.1,0.15384615384615385
566135,FFF,2013J,0.1,0.05555555555555555
566181,BBB,2014B,0.15,0.10344827586206896
566183,GGG,2013J,0.35,0.35
566185,CCC,2014B,0.1,0.043478260869565216
566185,DDD,2013J,0.1,0.02702702702702703
566201,EEE,2013J,0.3,0.2
566240,DDD,2014B,0.1,0.028985507246376812
566270,FFF,2013J,0.1,0.04
566279,EEE,2014J,0.2,0.13793103448275862
566300,DDD,2014J,0.4,0.10256410256410256
566310,CCC,2014B,0.3,0.14285714285714285
566310,EEE,2013J,0.0,0.0
566337,EEE,2014B,0.05,0.125
566339,BBB,2013J,0.0,0.0
566346,BBB,2013J,0.1,0.07407407407407407
566358,BBB,2013J,0.05,0.07692307692307693
566369,BBB,2013J,0.05,0.047619047619047616
566381,DDD,2013J,0.15,0.0625
566392,BBB,2013J,0.05,0.025
566407,BBB,2013J,0.2,0.14285714285714285
566415,BBB,2013J,0.05,0.03571428571428571
566422,EEE,2014B,0.25,0.19230769230769232
566428,CCC,2014B,0.05,0.024390243902439025
566428,EEE,2014J,0.05,0.038461538461538464
566447,CCC,2014J,0.0,0.0
566460,FFF,2014B,0.0,0.0
566464,CCC,2014J,0.0,0.0
566465,FFF,2013J,0.3,0.06521739130434782
566482,DDD,2013J,0.0,0.0
566482,DDD,2014J,0.0,0.0
566512,GGG,2014J,0.1,0.11764705882352941
566553,DDD,2014J,0.0,0.0
566652,DDD,2014B,0.0,0.0
566664,EEE,2013J,0.0,0.0
566669,BBB,2014B,0.0,0.0
566670,CCC,2014B,0.3,0.1276595744680851
566694,DDD,2014B,0.1,0.07142857142857142
566715,CCC,2014B,0.0,0.0
566720,BBB,2013J,0.05,0.05263157894736842
566788,DDD,2014B,0.0,0.0
566813,BBB,2013J,0.25,0.08771929824561403
566814,BBB,2013J,0.05,0.07692307692307693
566817,FFF,2013J,0.05,0.020833333333333332
566818,GGG,2014B,0.0,0.0
566863,FFF,2013J,0.15,0.08571428571428572
566923,GGG,2013J,0.15,0.15789473684210525
566938,CCC,2014J,0.4,0.14285714285714285
566963,GGG,2013J,0.4,0.2222222222222222
566973,FFF,2013J,0.3,0.049586776859504134
566979,CCC,2014J,0.05,0.058823529411764705
566979,DDD,2013J,0.05,0.0196078431372549
567009,GGG,2013J,0.15,0.16666666666666666
567013,BBB,2013J,0.0,0.0
567033,BBB,2013J,0.05,0.05
567048,BBB,2014B,0.05,0.0625
567059,BBB,2014B,0.05,0.3333333333333333
567152,DDD,2013J,0.1,0.043478260869565216
567160,BBB,2013J,0.0,0.0
567165,FFF,2013J,0.15,0.05454545454545454
567167,DDD,2013J,0.0,0.0
567211,GGG,2013J,0.35,0.20588235294117646
567222,FFF,2013J,0.15,0.06976744186046512
567223,FFF,2013J,0.0,0.0
567262,BBB,2013J,0.1,0.11764705882352941
567285,DDD,2014J,0.4,0.11267605633802817
567292,DDD,2013J,0.1,0.043478260869565216
567304,CCC,2014J,0.0,0.0
567304,DDD,2013J,0.15,0.07142857142857142
567312,FFF,2013J,0.2,0.06557377049180328
567325,GGG,2013J,0.15,0.11538461538461539
567363,BBB,2013J,0.0,0.0
567402,BBB,2013J,0.05,0.05263157894736842
567417,DDD,2013J,0.15,0.034482758620689655
567429,BBB,2013J,0.1,0.14285714285714285
567451,DDD,2013J,0.1,0.0625
567500,BBB,2013J,0.1,0.15384615384615385
567595,DDD,2014B,0.1,0.03636363636363636
567597,CCC,2014J,0.05,0.14285714285714285
567627,BBB,2013J,0.0,0.0
567629,FFF,2014B,0.1,0.06451612903225806
567676,FFF,2013J,0.0,0.0
567719,CCC,2014J,0.1,0.09090909090909091
567752,EEE,2013J,0.15,0.1111111111111111
567754,BBB,2013J,0.1,0.1
567757,BBB,2014B,0.05,0.2
567859,FFF,2014B,0.1,0.0625
567873,FFF,2014B,0.15,0.10714285714285714
567880,FFF,2013J,0.3,0.12244897959183673
567888,CCC,2014J,0.1,0.031746031746031744
567888,FFF,2013J,0.1,0.01694915254237288
567889,BBB,2014B,0.05,0.058823529411764705
567892,EEE,2013J,0.0,0.0
567892,EEE,2014J,0.0,0.0
567901,FFF,2013J,0.15,0.039473684210526314
567915,BBB,2013J,0.0,0.0
567929,BBB,2013J,0.0,0.0
567950,EEE,2013J,0.4,0.3333333333333333
567958,BBB,2013J,0.0,0.0
567963,BBB,2014B,0.15,0.07317073170731707
567970,DDD,2013J,0.05,0.02631578947368421
567979,BBB,2013J,0.1,0.2
568019,BBB,2014J,0.2,0.11764705882352941
568047,CCC,2014B,0.0,0.0
568068,DDD,2013J,0.0,0.0
568074,BBB,2013J,0.1,0.09523809523809523
568084,CCC,2014B,0.0,0.0
568084,FFF,2013J,0.0,0.0
568103,DDD,2014J,0.05,0.03225806451612903
568118,GGG,2013J,0.3,0.2608695652173913
568132,FFF,2013J,0.1,0.03571428571428571
568153,FFF,2013J,0.1,0.017241379310344827
568196,DDD,2013J,0.2,0.05128205128205128
568204,FFF,2013J,0.1,0.03571428571428571
568207,FFF,2013J,0.1,0.03278688524590164
568223,DDD,2013J,0.05,0.014705882352941176
568232,BBB,2014J,0.0,0.0
568234,FFF,2013J,0.1,0.05555555555555555
568288,GGG,2013J,0.35,0.175
568297,DDD,2014J,0.0,0.0
568307,CCC,2014J,0.0,0.0
568333,FFF,2013J,0.2,0.037037037037037035
568370,BBB,2013J,0.1,0.06666666666666667
568370,BBB,2014B,0.1,0.02857142857142857
568446,DDD,2014J,0.1,0.03571428571428571
568450,FFF,2013J,0.1,0.022988505747126436
568474,BBB,2013J,0.0,0.0
568502,BBB,2013J,0.0,0.0
568533,BBB,2013J,0.1,0.1
568539,GGG,2013J,0.0,0.0
568551,FFF,2013J,0.25,0.07042253521126761
568559,BBB,2014B,0.3,0.10909090909090909
568566,DDD,2013J,0.25,0.06493506493506493
568592,FFF,2013J,0.5,0.07194244604316546
568596,CCC,2014J,0.5,0.23809523809523808
568598,DDD,2013J,0.15,0.04285714285714286
568601,AAA,2013J,0.05,0.2
568602,FFF,2013J,0.0,0.0
568631,DDD,2014B,0.0,0.0
568644,FFF,2013J,0.0,0.0
568686,DDD,2014B,0.0,0.0
568691,CCC,2014J,0.1,0.046511627906976744
568741,DDD,2013J,0.1,0.07142857142857142
568749,BBB,2014J,0.15,0.06976744186046512
568763,FFF,2013J,0.0,0.0
568767,FFF,2013J,0.2,0.06557377049180328
568774,FFF,2013J,0.15,0.03614457831325301
568813,EEE,2013J,0.25,0.15625
568835,DDD,2013J,0.0,0.0
568852,GGG,2014J,0.35,0.23333333333333334
568910,FFF,2013J,0.0,0.0
568948,CCC,2014J,0.05,0.043478260869565216
568948,DDD,2013J,0.15,0.05084745762711865
568954,FFF,2014B,0.2,0.05
568963,DDD,2013J,0.05,0.01694915254237288
568968,BBB,2014B,0.1,0.18181818181818182
568973,GGG,2013J,0.0,0.0
568987,FFF,2013J,0.0,0.0
568987,FFF,2014J,0.0,0.0
568998,FFF,2014J,0.0,0.0
569016,FFF,2013J,0.2,0.056338028169014086
569034,FFF,2014J,0.3,0.061855670103092786
569035,BBB,2013J,0.2,0.08888888888888889
569065,FFF,2014B,0.1,0.028985507246376812
569080,CCC,2014B,0.05,0.022727272727272728
569080,FFF,2014J,0.25,0.06578947368421052
569084,DDD,2014B,0.1,0.037037037037037035
569093,GGG,2014B,0.25,0.15625
569107,FFF,2013J,0.3,0.0425531914893617
569108,CCC,2014B,0.15,0.0625
569108,FFF,2014J,0.2,0.047058823529411764
569132,FFF,2013J,0.15,0.047619047619047616
569141,BBB,2013J,0.1,0.25
569167,FFF,2013J,0.1,0.046511627906976744
569225,BBB,2014B,0.0,0.0
569253,GGG,2013J,0.35,0.1794871794871795
569277,CCC,2014J,0.1,0.2
569279,DDD,2013J,0.0,0.0
569334,BBB,2013J,0.0,0.0
569342,CCC,2014B,0.05,0.05
569342,EEE,2013J,0.0,0.0
569358,EEE,2013J,0.0,0.0
569372,EEE,2014J,0.45,0.2571428571428571
569374,GGG,2014J,0.0,0.0
569474,FFF,2013J,0.15,0.04054054054054054
569490,GGG,2013J,0.1,0.05555555555555555
569505,AAA,2014J,0.3,0.16216216216216217
569507,FFF,2013J,0.1,0.015384615384615385
569511,GGG,2013J,0.1,0.10526315789473684
569560,EEE,2013J,0.3,0.2727272727272727
569566,FFF,2013J,0.3,0.10344827586206896
569589,BBB,2014J,0.0,0.0
569609,CCC,2014B,0.15,0.05660377358490566
569609,FFF,2013J,0.25,0.036231884057971016
569620,EEE,2014B,0.05,0.5
569625,FFF,2013J,0.05,0.025
569633,DDD,2014J,0.15,0.07142857142857142
569663,BBB,2014B,0.05,0.037037037037037035
569664,BBB,2014B,0.05,0.043478260869565216
569672,GGG,2014J,0.05,0.0625
569679,GGG,2013J,0.35,0.2692307692307692
569694,EEE,2013J,0.0,0.0
569706,DDD,2014B,0.0,0.0
569706,EEE,2013J,0.0,0.0
569712,CCC,2014B,0.05,0.16666666666666666
569712,FFF,2013J,0.2,0.047619047619047616
569737,DDD,2014J,0.2,0.06557377049180328
569761,BBB,2014B,0.0,0.0
569783,FFF,2014B,0.0,0.0
569840,DDD,2014J,0.05,0.02631578947368421
569854,BBB,2013J,0.1,0.125
569857,DDD,2013J,0.05,0.030303030303030304
569862,BBB,2013J,0.0,0.0
569864,BBB,2014B,0.1,0.09523809523809523
569876,FFF,2014J,0.25,0.04854368932038835
569928,DDD,2013J,0.25,0.08620689655172414
569930,BBB,2013J,0.0,0.0
569935,DDD,2013J,0.05,0.0196078431372549
569944,CCC,2014J,0.1,0.06896551724137931
569944,DDD,2014B,0.1,0.044444444444444446
569953,EEE,2014J,0.15,0.1875
569970,BBB,2014B,0.1,0.14285714285714285
569974,GGG,2013J,0.25,0.1388888888888889
569978,DDD,2013J,0.1,0.034482758620689655
569981,BBB,2014J,0.1,0.06060606060606061
569984,GGG,2013J,0.15,0.16666666666666666
570004,FFF,2014J,0.1,0.09523809523809523
570031,BBB,2014B,0.05,0.058823529411764705
570045,EEE,2014J,0.5,0.3333333333333333
570049,DDD,2014B,0.2,0.06153846153846154
570061,FFF,2013J,0.05,0.023255813953488372
570119,DDD,2014J,0.15,0.07317073170731707
570137,BBB,2013J,0.05,0.034482758620689655
570141,GGG,2013J,0.15,0.14285714285714285
570157,BBB,2013J,0.05,0.05
570168,BBB,2013J,0.15,0.2
570186,BBB,2014B,0.0,0.0
570213,FFF,2013J,0.15,0.02631578947368421
570213,FFF,2014J,0.05,0.012987012987012988
570215,DDD,2014B,0.35,0.06363636363636363
570237,DDD,2013J,0.2,0.06349206349206349
570239,BBB,2014B,0.05,0.1
570264,FFF,2014B,0.0,0.0
570271,BBB,2013J,0.05,0.05263157894736842
570273,EEE,2014J,0.4,0.2857142857142857
570275,BBB,2014J,0.05,0.023809523809523808
570280,FFF,2013J,0.1,0.05
570287,BBB,2013J,0.0,0.0
570317,AAA,2014J,0.2,0.14814814814814814
570351,BBB,2013J,0.0,0.0
570377,EEE,2013J,0.0,0.0
570403,DDD,2013J,0.05,0.018867924528301886
570410,CCC,2014B,0.05,0.058823529411764705
570411,DDD,2014J,0.1,0.038461538461538464
570414,EEE,2013J,0.15,0.5
570428,FFF,2013J,0.2,0.04819277108433735
570437,BBB,2014B,0.3,0.11764705882352941
570453,CCC,2014J,0.05,0.08333333333333333
570453,EEE,2013J,0.1,0.125
570455,FFF,2013J,0.35,0.08235294117647059
570484,BBB,2014J,0.1,0.05128205128205128
570488,EEE,2013J,0.1,0.25
570491,CCC,2014J,0.2,0.07547169811320754
570491,EEE,2014J,0.0,0.0
570515,FFF,2013J,0.05,0.5
570517,FFF,2013J,0.2,0.0975609756097561
570529,GGG,2013J,0.1,0.07142857142857142
570531,DDD,2013J,0.0,0.0
570550,FFF,2013J,0.2,0.06557377049180328
570623,BBB,2013J,0.0,0.0
570626,EEE,2013J,0.15,0.2
570627,BBB,2014B,0.0,0.0
570630,DDD,2013J,0.15,0.05555555555555555
570671,DDD,2013J,0.05,0.0136986301369863
570689,FFF,2013J,0.0,0.0
570689,FFF,2014J,0.0,0.0
570717,FFF,2013J,0.0,0.0
570732,CCC,2014J,0.0,0.0
570732,FFF,2013J,0.1,0.018018018018018018
570757,CCC,2014J,0.05,0.125
570759,BBB,2013J,0.0,0.0
570783,BBB,2013J,0.0,0.0
570801,GGG,2013J,0.45,0.25
570807,FFF,2013J,0.35,0.058823529411764705
570863,DDD,2014J,0.1,0.03571428571428571
570864,BBB,2013J,0.0,0.0
570871,DDD,2013J,0.15,0.06521739130434782
570872,CCC,2014B,0.0,0.0
570872,DDD,2013J,0.05,0.01694915254237288
570878,FFF,2013J,0.05,0.08333333333333333
570896,DDD,2013J,0.1,0.044444444444444446
570967,CCC,2014B,0.2,0.10810810810810811
570978,FFF,2013J,0.1,0.031746031746031744
570985,CCC,2014J,0.65,0.21311475409836064
571000,DDD,2014B,0.1,0.029411764705882353
571019,FFF,2013J,0.15,0.029411764705882353
571022,FFF,2013J,0.2,0.031007751937984496
571025,CCC,2014B,0.0,0.0
571025,EEE,2014B,0.0,0.0
571050,FFF,2014B,0.1,0.05128205128205128
571074,FFF,2014J,0.25,0.03816793893129771
571083,BBB,2013J,0.0,0.0
571089,GGG,2014B,0.4,0.2222222222222222
571117,FFF,2013J,0.15,0.05357142857142857
571128,EEE,2014B,0.2,0.14285714285714285
571129,CCC,2014B,0.0,0.0
571131,CCC,2014J,0.05,0.024390243902439025
571131,DDD,2013J,0.1,0.06060606060606061
571186,EEE,2013J,0.3,0.21428571428571427
571190,FFF,2014B,0.25,0.049019607843137254
571223,BBB,2014B,0.2,0.15384615384615385
571233,EEE,2014B,0.1,0.14285714285714285
571242,DDD,2013J,0.1,0.04878048780487805
571316,FFF,2014B,0.2,0.08888888888888889
571334,BBB,2014J,0.05,0.037037037037037035
571334,GGG,2013J,0.1,0.0625
571355,FFF,2013J,0.25,0.0641025641025641
571363,FFF,2013J,0.1,0.05263157894736842
571380,GGG,2013J,0.1,0.08
571389,EEE,2014B,0.0,0.0
571395,BBB,2014J,0.05,0.125
571397,DDD,2014B,0.05,0.024390243902439025
571441,BBB,2013J,0.0,0.0
571443,EEE,2013J,0.4,0.21621621621621623
571448,EEE,2013J,0.05,0.125
571451,DDD,2013J,0.2,0.06557377049180328
571458,GGG,2013J,0.0,0.0
571490,FFF,2013J,0.25,0.035211267605633804
571503,BBB,2013J,0.0,0.0
571512,DDD,2013J,0.3,0.08450704225352113
571516,BBB,2013J,0.0,0.0
571540,BBB,2014B,0.05,0.2
571554,BBB,2013J,0.0,0.0
571571,CCC,2014B,0.1,0.09090909090909091
571577,GGG,2013J,0.25,0.11904761904761904
571583,GGG,2014J,0.4,0.3076923076923077
571595,EEE,2013J,0.1,0.11764705882352941
571610,EEE,2013J,0.05,0.041666666666666664
571612,FFF,2013J,0.0,0.0
571612,FFF,2014B,0.0,0.0
571614,BBB,2014B,0.05,0.08333333333333333
571620,EEE,2013J,0.2,0.17391304347826086
571622,FFF,2013J,0.05,0.029411764705882353
571640,DDD,2013J,0.1,0.05263157894736842
571641,BBB,2014J,0.0,0.0
571644,DDD,2014J,0.05,0.02702702702702703
571650,FFF,2013J,0.15,0.025423728813559324
571681,BBB,2013J,0.05,0.05
571686,EEE,2013J,0.15,0.11538461538461539
571693,BBB,2013J,0.2,0.11764705882352941
571696,GGG,2013J,0.2,0.1
571716,DDD,2013J,0.05,0.02702702702702703
571765,CCC,2014J,0.1,0.05128205128205128
571765,DDD,2013J,0.0,0.0
571768,GGG,2013J,0.1,0.13333333333333333
571776,CCC,2014B,0.0,0.0
571776,DDD,2013J,0.1,0.028169014084507043
571779,BBB,2013J,0.2,0.0975609756097561
571787,GGG,2013J,0.1,0.2857142857142857
571800,FFF,2013J,0.2,0.05194805194805195
571802,FFF,2013J,0.0,0.0
571808,CCC,2014J,0.1,0.05128205128205128
571808,DDD,2013J,0.15,0.06
571818,EEE,2013J,0.15,0.13636363636363635
571828,FFF,2013J,0.4,0.07207207207207207
571831,FFF,2013J,0.2,0.06666666666666667
571833,CCC,2014J,0.2,0.0851063829787234
571844,FFF,2014B,0.0,0.0
571859,FFF,2013J,0.15,0.03333333333333333
571862,FFF,2013J,0.6,0.07100591715976332
571871,BBB,2013J,0.1,0.05263157894736842
571880,BBB,2014B,0.15,0.17647058823529413
571883,GGG,2013J,0.1,0.125
571885,BBB,2013J,0.0,0.0
571893,FFF,2013J,0.25,0.10416666666666667
571897,BBB,2014B,0.05,0.043478260869565216
571907,BBB,2013J,0.1,0.10526315789473684
571921,CCC,2014J,0.1,0.04878048780487805
571921,DDD,2013J,0.05,0.010869565217391304
571926,FFF,2013J,0.0,0.0
571950,DDD,2013J,0.0,0.0
571951,DDD,2013J,0.25,0.06329113924050633
571952,GGG,2013J,0.05,0.047619047619047616
571954,BBB,2014B,0.05,0.1
571962,CCC,2014J,0.15,0.08571428571428572
571962,FFF,2014B,0.1,0.04
571963,EEE,2014B,0.05,0.05555555555555555
571973,FFF,2013J,0.1,0.05
571992,EEE,2013J,0.05,0.08333333333333333
572003,FFF,2013J,0.1,0.03571428571428571
572011,CCC,2014J,0.0,0.0
572011,FFF,2013J,0.15,0.07894736842105263
572024,EEE,2013J,0.2,0.19047619047619047
572032,BBB,2014J,0.2,0.10256410256410256
572036,CCC,2014B,0.0,0.0
572036,FFF,2013J,0.1,0.031746031746031744
572047,FFF,2013J,0.1,0.03225806451612903
572051,BBB,2013J,0.05,0.047619047619047616
572053,FFF,2013J,0.25,0.0390625
572060,DDD,2013J,0.05,0.016129032258064516
572067,BBB,2013J,0.2,0.16
572074,FFF,2014J,0.1,0.08
572076,FFF,2013J,0.05,0.07692307692307693
572098,CCC,2014J,0.3,0.10714285714285714
572101,BBB,2014J,0.05,0.037037037037037035
572103,BBB,2013J,0.05,0.05263157894736842
572106,BBB,2014J,0.0,0.0
572116,FFF,2013J,0.05,0.07142857142857142
572119,BBB,2014J,0.1,0.07142857142857142
572124,FFF,2013J,0.05,0.017241379310344827
572125,FFF,2013J,0.1,0.024096385542168676
572149,DDD,2013J,0.3,0.07894736842105263
572154,CCC,2014J,0.05,0.09090909090909091
572154,FFF,2014B,0.2,0.044444444444444446
572156,DDD,2014J,0.35,0.08860759493670886
572163,BBB,2013J,0.0,0.0
572168,EEE,2013J,0.0,0.0
572179,FFF,2013J,0.0,0.0
572187,BBB,2014B,0.0,0.0
572213,FFF,2013J,0.0,0.0
572213,FFF,2014J,0.1,0.03225806451612903
572231,CCC,2014J,0.1,0.09090909090909091
572231,DDD,2013J,0.0,0.0
572233,DDD,2013J,0.1,0.08695652173913043
572241,DDD,2013J,0.0,0.0
572250,FFF,2013J,0.05,0.02040816326530612
572265,FFF,2013J,0.0,0.0
572265,FFF,2014J,0.05,1.0
572270,FFF,2013J,0.25,0.07692307692307693
572274,FFF,2013J,0.05,0.02564102564102564
572277,BBB,2013J,0.0,0.0
572279,EEE,2013J,0.0,0.0
572280,DDD,2013J,0.05,0.025
572281,DDD,2014J,0.0,0.0
572290,BBB,2014B,0.05,0.06666666666666667
572302,BBB,2013J,0.0,0.0
572303,CCC,2014B,0.3,0.15
572303,EEE,2013J,0.05,0.03125
572306,BBB,2014J,0.15,0.13043478260869565
572335,GGG,2013J,0.1,0.5
572338,DDD,2013J,0.1,0.03278688524590164
572348,DDD,2013J,0.5,0.1111111111111111
572367,FFF,2014B,0.1,0.08333333333333333
572371,BBB,2014J,0.0,0.0
572382,CCC,2014B,0.0,0.0
572382,DDD,2013J,0.05,0.058823529411764705
572388,GGG,2013J,0.1,0.08
572395,BBB,2014J,0.0,0.0
572396,CCC,2014J,0.15,0.12
572396,EEE,2013J,0.05,0.03571428571428571
572397,FFF,2013J,0.05,0.013888888888888888
572401,CCC,2014B,0.1,0.16666666666666666
572410,FFF,2013J,0.15,0.04918032786885246
572414,DDD,2014J,0.0,0.0
572416,BBB,2013J,0.0,0.0
572430,DDD,2014J,0.05,0.05263157894736842
572431,CCC,2014J,0.0,0.0
572431,DDD,2013J,0.05,0.02040816326530612
572434,DDD,2014J,0.05,0.05263157894736842
572436,BBB,2013J,0.1,0.08
572438,CCC,2014B,0.25,0.09259259259259259
572447,BBB,2013J,0.05,0.2
572452,DDD,2013J,0.0,0.0
572457,DDD,2013J,0.05,0.01694915254237288
572460,DDD,2013J,0.1,0.1
572471,GGG,2014J,0.35,0.28
572495,BBB,2013J,0.0,0.0
572496,BBB,2014J,0.1,0.08695652173913043
572504,BBB,2013J,0.15,0.075
572505,FFF,2013J,0.1,0.018518518518518517
572508,BBB,2013J,0.15,0.125
572514,BBB,2013J,0.05,0.16666666666666666
572515,EEE,2013J,0.2,0.125
572537,CCC,2014J,0.15,0.075
572538,BBB,2014J,0.3,0.11538461538461539
572560,FFF,2013J,0.1,0.031746031746031744
572567,DDD,2013J,0.0,0.0
572570,CCC,2014B,0.15,0.08108108108108109
572570,EEE,2013J,0.05,0.047619047619047616
572584,CCC,2014J,0.0,0.0
572584,FFF,2013J,0.15,0.04918032786885246
572588,FFF,2013J,0.0,0.0
572589,CCC,2014J,0.0,0.0
572589,FFF,2013J,0.0,0.0
572599,EEE,2014J,0.0,0.0
572602,EEE,2013J,0.25,0.21739130434782608
572634,FFF,2013J,0.25,0.07462686567164178
572648,DDD,2013J,0.2,0.11764705882352941
572652,AAA,2013J,0.3,0.15789473684210525
572663,GGG,2013J,0.15,0.1875
572688,DDD,2013J,0.0,0.0
572697,DDD,2013J,0.1,0.0392156862745098
572702,FFF,2013J,0.05,0.023809523809523808
572714,GGG,2013J,0.6,0.2857142857142857
572716,FFF,2014B,0.2,0.08888888888888889
572718,FFF,2013J,0.1,0.044444444444444446
572730,DDD,2013J,0.1,0.045454545454545456
572733,BBB,2013J,0.05,0.09090909090909091
572735,CCC,2014J,0.1,0.07142857142857142
572735,DDD,2013J,0.15,0.043478260869565216
572739,BBB,2013J,0.0,0.0
572752,BBB,2013J,0.05,0.05263157894736842
572754,DDD,2013J,0.05,0.06666666666666667
572765,BBB,2013J,0.05,0.038461538461538464
572769,FFF,2013J,0.0,0.0
572774,DDD,2013J,0.2,0.056338028169014086
572783,CCC,2014J,0.0,0.0
572783,FFF,2013J,0.35,0.02631578947368421
572806,DDD,2013J,0.2,0.0547945205479452
572832,FFF,2014B,0.2,0.05970149253731343
572845,FFF,2013J,0.3,0.075
572854,CCC,2014B,0.05,0.03125
572854,DDD,2013J,0.05,0.0196078431372549
572860,FFF,2013J,0.2,0.045454545454545456
572870,FFF,2014B,0.15,0.07317073170731707
572874,CCC,2014J,0.0,0.0
572874,DDD,2013J,0.1,0.03636363636363636
572880,DDD,2013J,0.05,0.027777777777777776
572880,DDD,2014J,0.0,0.0
572891,CCC,2014B,0.05,0.03571428571428571
572891,EEE,2013J,0.0,0.0
572898,BBB,2013J,0.0,0.0
572918,BBB,2013J,0.05,1.0
572919,CCC,2014J,0.0,0.0
572924,DDD,2014B,0.25,0.06666666666666667
572944,EEE,2013J,0.05,0.2
572949,DDD,2013J,0.05,0.16666666666666666
572976,DDD,2013J,0.05,0.041666666666666664
573007,FFF,2013J,0.0,0.0
573043,BBB,2013J,0.05,0.04
573054,GGG,2014J,0.3,0.16666666666666666
573063,BBB,2013J,0.0,0.0
573093,CCC,2014J,0.0,0.0
573093,FFF,2013J,0.05,0.017543859649122806
573108,BBB,2014B,0.0,0.0
573126,DDD,2014B,0.1,0.046511627906976744
573130,BBB,2014J,0.3,0.13333333333333333
573131,BBB,2014J,0.05,0.02631578947368421
573134,GGG,2013J,0.0,0.0
573150,FFF,2013J,0.0,0.0
573152,FFF,2013J,0.2,0.04819277108433735
573153,EEE,2013J,0.0,0.0
573159,BBB,2013J,0.0,0.0
573159,BBB,2014J,0.0,0.0
573166,CCC,2014B,0.05,0.2
573166,FFF,2013J,0.05,0.01818181818181818
573173,FFF,2013J,0.2,0.07142857142857142
573199,FFF,2013J,0.05,0.5
573200,EEE,2013J,0.3,0.23076923076923078
573208,BBB,2013J,0.0,0.0
573214,EEE,2013J,0.15,0.17647058823529413
573223,BBB,2013J,0.0,0.0
573224,FFF,2013J,0.3,0.09375
573225,BBB,2013J,0.1,0.11764705882352941
573245,FFF,2013J,0.0,0.0
573280,FFF,2013J,0.15,0.25
573291,FFF,2013J,0.05,0.058823529411764705
573292,EEE,2013J,0.2,0.16
573294,GGG,2013J,0.3,0.2222222222222222
573297,BBB,2014J,0.1,0.06451612903225806
573320,GGG,2014J,0.05,0.125
573323,BBB,2014B,0.1,0.2
573328,DDD,2014J,0.05,0.043478260869565216
573331,GGG,2013J,0.3,0.2
573336,EEE,2013J,0.25,0.1724137931034483
573377,CCC,2014B,0.2,0.15384615384615385
573377,EEE,2013J,0.05,0.05263157894736842
573411,BBB,2013J,0.0,0.0
573433,BBB,2013J,0.25,0.09803921568627451
573434,FFF,2013J,0.05,0.015625
573440,CCC,2014B,0.2,0.16
573440,EEE,2013J,0.05,0.0625
573453,BBB,2013J,0.1,0.08695652173913043
573460,GGG,2013J,0.25,0.2777777777777778
573462,EEE,2013J,0.0,0.0
573464,GGG,2013J,0.15,0.12
573467,FFF,2013J,0.05,0.02
573473,CCC,2014J,0.0,0.0
573473,DDD,2013J,0.0,0.0
573488,BBB,2014B,0.0,0.0
573496,BBB,2014B,0.0,0.0
573519,BBB,2013J,0.05,0.043478260869565216
573534,BBB,2014J,0.2,0.09523809523809523
573549,FFF,2014B,0.2,0.06153846153846154
573550,EEE,2013J,0.1,0.2
573554,GGG,2013J,0.15,0.13043478260869565
573558,CCC,2014B,0.0,0.0
573558,EEE,2014B,0.2,0.16
573578,BBB,2013J,0.25,0.15151515151515152
573583,FFF,2014J,0.2,0.07407407407407407
573593,EEE,2013J,0.0,0.0
573602,DDD,2013J,0.25,0.1
573639,FFF,2013J,0.25,0.07575757575757576
573646,DDD,2013J,0.0,0.0
573646,DDD,2014J,0.0,0.0
573654,BBB,2013J,0.0,0.0
573662,EEE,2013J,0.05,0.037037037037037035
573666,GGG,2013J,0.35,0.23333333333333334
573674,FFF,2013J,0.0,0.0
573678,FFF,2013J,0.0,0.0
573689,DDD,2013J,0.05,0.02631578947368421
573697,FFF,2013J,0.0,0.0
573697,FFF,2014J,0.0,0.0
573704,FFF,2013J,0.15,0.07894736842105263
573713,BBB,2014J,0.0,0.0
573742,DDD,2014J,0.0,0.0
573742,EEE,2013J,0.05,0.06666666666666667
573766,FFF,2013J,0.1,0.05
573777,BBB,2013J,0.0,0.0
573780,DDD,2013J,0.0,0.0
573790,BBB,2013J,0.1,0.125
573806,BBB,2014B,0.25,0.2
573821,BBB,2013J,0.05,0.14285714285714285
573831,BBB,2013J,0.0,0.0
573845,DDD,2013J,0.05,0.06666666666666667
573851,BBB,2014B,0.1,0.06896551724137931
573853,BBB,2014B,0.1,0.16666666666666666
573858,CCC,2014J,0.25,0.13513513513513514
573864,FFF,2013J,0.1,0.04081632653061224
573893,BBB,2013J,0.0,0.0
573900,FFF,2013J,0.0,0.0
573901,FFF,2013J,0.0,0.0
573920,EEE,2013J,0.0,0.0
573924,CCC,2014J,0.2,0.08
573934,BBB,2014J,0.0,0.0
573951,FFF,2013J,0.15,0.02631578947368421
573969,DDD,2014J,0.0,0.0
573986,BBB,2013J,0.15,0.3333333333333333
574002,BBB,2013J,0.05,0.1
574028,FFF,2014B,0.05,0.012345679012345678
574031,BBB,2014J,0.05,0.022222222222222223
574035,DDD,2013J,0.15,0.06818181818181818
574038,EEE,2013J,0.25,0.21739130434782608
574056,FFF,2013J,0.05,0.01639344262295082
574063,BBB,2014J,0.05,0.029411764705882353
574065,BBB,2013J,0.0,0.0
574070,FFF,2013J,0.15,0.03296703296703297
574078,FFF,2013J,0.2,0.0547945205479452
574088,DDD,2013J,0.2,0.07692307692307693
574098,DDD,2013J,0.05,0.021739130434782608
574099,DDD,2013J,0.0,0.0
574101,EEE,2013J,0.0,0.0
574125,BBB,2013J,0.25,0.16129032258064516
574190,DDD,2014B,0.0,0.0
574194,BBB,2013J,0.0,0.0
574207,FFF,2013J,0.1,0.04
574212,BBB,2013J,0.2,0.0625
574221,CCC,2014B,0.15,0.1875
574238,GGG,2013J,0.15,0.1875
574244,BBB,2014J,0.0,0.0
574245,FFF,2013J,0.1,0.2222222222222222
574250,BBB,2013J,0.05,0.041666666666666664
574253,BBB,2014J,0.0,0.0
574259,CCC,2014J,0.0,0.0
574259,EEE,2013J,0.0,0.0
574283,CCC,2014B,0.0,0.0
574283,FFF,2013J,0.1,0.0392156862745098
574310,CCC,2014J,0.05,0.02127659574468085
574310,DDD,2013J,0.1,0.03278688524590164
574315,FFF,2013J,0.2,0.07547169811320754
574320,BBB,2013J,0.0,0.0
574325,CCC,2014J,0.3,0.13636363636363635
574330,DDD,2013J,0.0,0.0
574347,DDD,2014J,0.0,0.0
574348,BBB,2013J,0.05,0.043478260869565216
574351,GGG,2013J,0.0,0.0
574418,FFF,2013J,0.1,0.037037037037037035
574431,DDD,2014J,0.1,0.07692307692307693
574446,FFF,2013J,0.1,0.03508771929824561
574498,DDD,2013J,0.2,0.058823529411764705
574505,AAA,2014J,0.25,0.15151515151515152
574507,CCC,2014J,0.05,0.25
574507,EEE,2013J,0.0,0.0
574508,EEE,2014B,0.1,0.09090909090909091
574512,BBB,2014J,0.0,0.0
574512,GGG,2013J,0.0,0.0
574523,EEE,2014B,0.0,0.0
574527,FFF,2014J,0.45,0.06870229007633588
574529,DDD,2013J,0.0,0.0
574534,FFF,2013J,0.15,0.030927835051546393
574549,BBB,2013J,0.1,0.09090909090909091
574551,CCC,2014B,0.0,0.0
574551,FFF,2013J,0.15,0.05263157894736842
574569,BBB,2014B,0.25,0.13157894736842105
574570,FFF,2013J,0.05,0.013333333333333334
574586,CCC,2014J,0.0,0.0
574586,EEE,2013J,0.0,0.0
574590,CCC,2014J,0.0,0.0
574590,DDD,2014B,0.25,0.07462686567164178
574606,GGG,2013J,0.1,0.4
574608,EEE,2013J,0.25,0.16666666666666666
574612,DDD,2014J,0.05,0.06666666666666667
574623,DDD,2013J,0.0,0.0
574637,CCC,2014J,0.0,0.0
574637,EEE,2014B,0.1,0.10526315789473684
574642,GGG,2013J,0.1,0.1111111111111111
574648,BBB,2013J,0.05,0.07142857142857142
574671,FFF,2014B,0.0,0.0
574681,FFF,2013J,0.2,0.07272727272727272
574705,CCC,2014J,0.05,0.05555555555555555
574705,DDD,2013J,0.0,0.0
574708,BBB,2013J,0.0,0.0
574720,CCC,2014J,0.05,0.03333333333333333
574720,DDD,2013J,0.05,0.02857142857142857
574722,FFF,2013J,0.15,0.045454545454545456
574732,FFF,2013J,0.2,0.041666666666666664
574735,FFF,2013J,0.2,0.0784313725490196
574743,DDD,2013J,0.15,0.11538461538461539
574766,BBB,2013J,0.0,0.0
574817,CCC,2014B,0.15,0.125
574819,DDD,2013J,0.05,0.02
574830,EEE,2013J,0.05,0.038461538461538464
574841,BBB,2014J,0.2,0.0975609756097561
574842,DDD,2013J,0.15,0.10344827586206896
574843,DDD,2014J,0.1,0.11764705882352941
574845,FFF,2013J,0.2,0.03076923076923077
574849,BBB,2014J,0.25,0.17857142857142858
574857,GGG,2013J,0.1,0.08
574865,BBB,2014J,0.1,0.06451612903225806
574873,DDD,2013J,0.2,0.057971014492753624
574874,FFF,2013J,0.25,0.03676470588235294
574895,DDD,2013J,0.1,0.030303030303030304
574909,DDD,2014B,0.2,0.038834951456310676
574928,CCC,2014J,0.0,0.0
574928,DDD,2014J,0.15,0.06818181818181818
574938,DDD,2013J,0.2,0.06779661016949153
574948,GGG,2013J,0.15,0.125
574957,GGG,2013J,0.05,0.16666666666666666
574960,GGG,2013J,0.1,0.07692307692307693
574973,BBB,2013J,0.2,0.13793103448275862
574983,EEE,2013J,0.2,0.14285714285714285
574988,GGG,2013J,0.3,0.14285714285714285
575009,DDD,2014J,0.2,0.06153846153846154
575018,BBB,2013J,0.0,0.0
575039,CCC,2014J,0.1,0.029411764705882353
575039,FFF,2013J,0.0,0.0
575047,CCC,2014J,0.0,0.0
575047,EEE,2013J,0.1,0.13333333333333333
575066,EEE,2014J,0.4,0.26666666666666666
575069,FFF,2014J,0.15,0.0410958904109589
575089,BBB,2013J,0.05,0.125
575100,BBB,2013J,0.1,0.2
575112,FFF,2014J,0.05,0.020833333333333332
575124,BBB,2013J,0.15,0.06521739130434782
575136,GGG,2013J,0.2,0.125
575162,EEE,2014B,0.15,0.21428571428571427
575166,CCC,2014B,0.0,0.0
575166,EEE,2013J,0.0,0.0
575186,FFF,2013J,0.1,0.058823529411764705
575192,DDD,2013J,0.1,0.044444444444444446
575199,GGG,2014B,0.2,0.3076923076923077
575214,GGG,2013J,0.15,0.13043478260869565
575217,GGG,2014B,0.1,0.08
575241,EEE,2013J,0.2,0.18181818181818182
575258,DDD,2013J,0.0,0.0
575265,FFF,2013J,0.05,0.041666666666666664
575281,BBB,2013J,0.0,0.0
575282,FFF,2013J,0.05,0.038461538461538464
575290,BBB,2013J,0.05,0.05
575302,FFF,2014J,0.05,0.010416666666666666
575324,GGG,2014B,0.0,0.0
575336,EEE,2013J,0.05,0.041666666666666664
575355,GGG,2013J,0.1,0.09090909090909091
575372,FFF,2013J,0.1,0.029850746268656716
575376,DDD,2013J,0.05,0.024390243902439025
575380,DDD,2014J,0.15,0.06
575385,DDD,2013J,0.0,0.0
575387,BBB,2013J,0.1,0.1
575398,CCC,2014J,0.05,0.0625
575398,DDD,2014J,0.15,0.10344827586206896
575401,EEE,2013J,0.2,0.16666666666666666
575404,BBB,2014J,0.2,0.1
575411,EEE,2014J,0.3,0.25
575419,EEE,2013J,0.1,0.18181818181818182
575431,DDD,2013J,0.1,0.08
575454,GGG,2013J,0.25,0.3333333333333333
575473,EEE,2014B,0.15,0.2
575488,GGG,2013J,0.05,0.06666666666666667
575493,DDD,2013J,0.05,0.022222222222222223
575512,FFF,2013J,0.0,0.0
575520,BBB,2013J,0.1,0.06666666666666667
575545,EEE,2013J,0.0,0.0
575553,EEE,2013J,0.0,0.0
575554,GGG,2013J,0.0,0.0
575559,GGG,2013J,0.15,0.09375
575560,BBB,2013J,0.1,0.09523809523809523
575602,BBB,2014B,0.15,0.10344827586206896
575603,DDD,2014B,0.0,0.0
575623,EEE,2014J,0.25,0.16666666666666666
575630,BBB,2014J,0.15,0.17647058823529413
575678,FFF,2013J,0.2,0.0625
575680,BBB,2014B,0.15,0.13636363636363635
575681,BBB,2013J,0.15,0.1
575685,FFF,2014J,0.0,0.0
575703,EEE,2013J,0.05,0.034482758620689655
575709,GGG,2014B,0.4,0.4444444444444444
575720,GGG,2013J,0.05,0.03571428571428571
575733,CCC,2014B,0.2,0.10810810810810811
575733,EEE,2013J,0.15,0.09375
575745,CCC,2014B,0.1,0.047619047619047616
575745,EEE,2013J,0.05,0.045454545454545456
575762,EEE,2013J,0.0,0.0
575763,CCC,2014J,0.1,0.2
575763,EEE,2013J,0.0,0.0
575764,EEE,2013J,0.1,0.07407407407407407
575766,CCC,2014J,0.0,0.0
575766,DDD,2013J,0.05,0.022727272727272728
575777,EEE,2014B,0.05,0.045454545454545456
575792,DDD,2014B,0.0,0.0
575797,FFF,2013J,0.1,0.03636363636363636
575798,CCC,2014J,0.0,0.0
575798,DDD,2013J,0.05,0.043478260869565216
575811,DDD,2013J,0.0,0.0
575824,CCC,2014B,0.15,0.125
575855,DDD,2014J,0.1,0.04081632653061224
575875,FFF,2013J,0.0,0.0
575929,BBB,2013J,0.1,0.11764705882352941
575930,BBB,2013J,0.2,0.15384615384615385
575956,FFF,2013J,0.2,0.05714285714285714
575967,CCC,2014B,0.0,0.0
575982,BBB,2013J,0.05,0.125
575984,GGG,2013J,0.15,0.2727272727272727
576036,EEE,2013J,0.15,0.15
576041,DDD,2014B,0.0,0.0
576083,DDD,2013J,0.15,0.10714285714285714
576097,FFF,2013J,0.1,0.02702702702702703
576107,FFF,2013J,0.2,0.10256410256410256
576143,GGG,2013J,0.15,0.08823529411764706
576158,BBB,2013J,0.0,0.0
576159,FFF,2014B,0.25,0.056818181818181816
576191,EEE,2013J,0.0,0.0
576205,FFF,2013J,0.25,0.04950495049504951
576229,FFF,2013J,0.15,0.034482758620689655
576233,CCC,2014J,0.15,0.08823529411764706
576233,DDD,2013J,0.1,0.02631578947368421
576251,CCC,2014J,0.05,0.023255813953488372
576251,DDD,2013J,0.15,0.04411764705882353
576262,BBB,2014J,0.05,0.1
576268,BBB,2014J,0.0,0.0
576306,DDD,2014J,0.25,0.08771929824561403
576314,DDD,2013J,0.1,0.2
576368,DDD,2013J,0.15,0.0375
576371,GGG,2013J,0.2,0.17391304347826086
576375,BBB,2014B,0.05,0.05555555555555555
576383,CCC,2014B,0.0,0.0
576383,DDD,2013J,0.0,0.0
576399,FFF,2013J,0.1,0.04878048780487805
576405,EEE,2013J,0.2,0.19047619047619047
576413,CCC,2014B,0.0,0.0
576413,DDD,2013J,0.25,0.05747126436781609
576423,FFF,2013J,0.0,0.0
576425,GGG,2013J,0.05,0.05263157894736842
576431,FFF,2013J,0.25,0.078125
576433,CCC,2014J,0.0,0.0
576433,FFF,2013J,0.05,0.017543859649122806
576439,CCC,2014J,0.15,0.05084745762711865
576439,EEE,2013J,0.1,0.07142857142857142
576445,GGG,2013J,0.05,0.027777777777777776
576453,CCC,2014J,0.05,0.030303030303030304
576453,DDD,2013J,0.15,0.0410958904109589
576455,GGG,2013J,0.05,0.2
576475,CCC,2014B,0.3,0.10714285714285714
576483,BBB,2013J,0.0,0.0
576488,GGG,2013J,0.1,0.0625
576515,DDD,2014J,0.05,0.0196078431372549
576516,CCC,2014B,0.0,0.0
576516,EEE,2013J,0.05,0.045454545454545456
576518,FFF,2013J,0.05,0.017857142857142856
576524,BBB,2013J,0.0,0.0
576541,CCC,2014J,0.15,0.0967741935483871
576568,CCC,2014J,0.0,0.0
576568,FFF,2013J,0.0,0.0
576584,DDD,2014B,0.05,0.041666666666666664
576600,BBB,2013J,0.05,0.045454545454545456
576654,GGG,2013J,0.05,0.03225806451612903
576672,FFF,2013J,0.0,0.0
576689,BBB,2014J,0.05,0.02857142857142857
576704,FFF,2013J,0.1,0.015873015873015872
576738,BBB,2014B,0.0,0.0
576750,EEE,2013J,0.15,0.14285714285714285
576761,GGG,2013J,0.15,0.125
576765,FFF,2013J,0.1,0.2857142857142857
576767,DDD,2013J,0.05,0.05263157894736842
576780,CCC,2014B,0.0,0.0
576780,FFF,2013J,0.15,0.021897810218978103
576782,CCC,2014B,0.05,0.05555555555555555
576789,FFF,2013J,0.35,0.056
576791,CCC,2014J,0.05,0.02
576791,FFF,2013J,0.2,0.05333333333333334
576813,FFF,2013J,0.2,0.06896551724137931
576841,BBB,2013J,0.05,0.03125
576847,DDD,2013J,0.15,0.03529411764705882
576856,FFF,2013J,0.0,0.0
576876,EEE,2014B,0.25,0.25
576879,DDD,2013J,0.2,0.06779661016949153
576882,BBB,2013J,0.0,0.0
576885,DDD,2014J,0.4,0.08602150537634409
576888,FFF,2013J,0.1,0.047619047619047616
576909,EEE,2013J,0.2,0.23529411764705882
576913,BBB,2014J,0.1,0.13333333333333333
576921,FFF,2013J,0.05,0.02040816326530612
576923,BBB,2014J,0.05,0.05
576935,BBB,2013J,0.1,0.05128205128205128
576940,BBB,2013J,0.1,0.08333333333333333
576946,BBB,2013J,0.0,0.0
576948,GGG,2013J,0.2,0.2222222222222222
576949,DDD,2013J,0.0,0.0
576962,EEE,2013J,0.2,0.15384615384615385
576972,FFF,2013J,0.0,0.0
576981,BBB,2013J,0.0,0.0
576996,BBB,2013J,0.0,0.0
577000,GGG,2014B,0.1,0.2222222222222222
577032,FFF,2014J,0.05,0.07142857142857142
577035,CCC,2014B,0.0,0.0
577035,DDD,2013J,0.05,0.018518518518518517
577042,FFF,2013J,0.2,0.0425531914893617
577069,BBB,2013J,0.2,0.12903225806451613
577096,BBB,2013J,0.05,0.038461538461538464
577099,BBB,2013J,0.05,0.09090909090909091
577126,DDD,2013J,0.05,0.024390243902439025
577136,GGG,2014B,0.2,0.2
577142,FFF,2014B,0.0,0.0
577148,EEE,2013J,0.0,0.0
577149,FFF,2013J,0.05,0.0136986301369863
577196,DDD,2013J,0.0,0.0
577196,DDD,2014J,0.05,0.1111111111111111
577200,DDD,2013J,0.0,0.0
577222,FFF,2013J,0.35,0.08536585365853659
577235,CCC,2014J,0.25,0.14705882352941177
577235,EEE,2013J,0.0,0.0
577236,CCC,2014B,0.25,0.125
577245,CCC,2014B,0.1,0.04081632653061224
577245,EEE,2014B,0.15,0.2
577256,BBB,2013J,0.05,0.04
577275,GGG,2014B,0.1,0.08333333333333333
577279,CCC,2014J,0.05,0.05263157894736842
577279,DDD,2013J,0.05,0.017241379310344827
577280,BBB,2013J,0.05,0.043478260869565216
577286,BBB,2013J,0.15,0.5
577347,BBB,2013J,0.1,0.18181818181818182
577376,BBB,2013J,0.05,0.125
577389,FFF,2013J,0.0,0.0
577404,FFF,2013J,0.0,0.0
577414,CCC,2014B,0.1,0.06060606060606061
577414,DDD,2013J,0.05,0.05263157894736842
577427,EEE,2013J,0.05,0.08333333333333333
577458,CCC,2014J,0.15,0.06
577460,CCC,2014J,0.0,0.0
577460,EEE,2014B,0.05,0.05
577464,DDD,2013J,0.1,0.046511627906976744
577467,BBB,2014J,0.05,0.03125
577476,FFF,2013J,0.1,0.028985507246376812
577498,BBB,2013J,0.05,0.125
577502,CCC,2014B,0.25,0.1111111111111111
577520,DDD,2014J,0.15,0.04225352112676056
577526,DDD,2014J,0.1,0.06060606060606061
577527,BBB,2014B,0.15,0.15789473684210525
577533,FFF,2013J,0.0,0.0
577533,FFF,2014J,0.15,0.041666666666666664
577551,CCC,2014J,0.0,0.0
577551,EEE,2013J,0.0,0.0
577562,EEE,2014B,0.45,0.3333333333333333
577566,CCC,2014J,0.05,0.037037037037037035
577566,DDD,2014J,0.05,0.0625
577570,DDD,2013J,0.2,0.10810810810810811
577605,FFF,2013J,0.05,0.023255813953488372
577607,FFF,2013J,0.0,0.0
577618,BBB,2014J,0.1,0.07407407407407407
577638,DDD,2013J,0.0,0.0
577638,DDD,2014J,0.05,0.05555555555555555
577645,BBB,2014J,0.1,0.043478260869565216
577648,BBB,2013J,0.15,0.3333333333333333
577652,DDD,2013J,0.05,0.022222222222222223
577652,DDD,2014J,0.0,0.0
577676,BBB,2014B,0.35,0.3888888888888889
577680,BBB,2013J,0.15,0.42857142857142855
577686,CCC,2014B,0.2,0.11428571428571428
577686,EEE,2013J,0.05,0.04
577692,BBB,2013J,0.0,0.0
577728,BBB,2014J,0.0,0.0
577735,EEE,2013J,0.2,0.13333333333333333
577743,BBB,2014J,0.0,0.0
577751,DDD,2014J,0.2,0.057971014492753624
577763,FFF,2013J,0.15,0.057692307692307696
577764,FFF,2013J,0.05,0.014084507042253521
577780,GGG,2013J,0.1,0.06451612903225806
577784,EEE,2013J,0.2,0.125
577792,GGG,2014B,0.3,0.2608695652173913
577820,GGG,2013J,0.2,0.125
577824,BBB,2013J,0.05,0.047619047619047616
577827,GGG,2013J,0.05,0.08333333333333333
577867,FFF,2013J,0.0,0.0
577888,GGG,2013J,0.25,0.16666666666666666
577914,BBB,2013J,0.05,0.05
577915,BBB,2013J,0.0,0.0
577922,FFF,2013J,0.15,0.08571428571428572
577937,DDD,2014J,0.3,0.11320754716981132
577954,DDD,2014B,0.0,0.0
577959,FFF,2013J,0.05,0.016666666666666666
577965,BBB,2014J,0.0,0.0
577980,BBB,2013J,0.0,0.0
577995,EEE,2013J,0.2,0.17391304347826086
577999,FFF,2013J,0.15,0.06521739130434782
578000,CCC,2014J,0.05,0.16666666666666666
578000,EEE,2013J,0.0,0.0
578026,CCC,2014J,0.0,0.0
578026,DDD,2013J,0.1,0.05714285714285714
578030,BBB,2013J,0.05,0.125
578031,DDD,2014B,0.2,0.05555555555555555
578034,CCC,2014B,0.25,0.19230769230769232
578034,EEE,2013J,0.0,0.0
578050,FFF,2013J,0.1,0.025
578056,EEE,2013J,0.05,0.07142857142857142
578057,BBB,2013J,0.0,0.0
578109,BBB,2013J,0.0,0.0
578132,BBB,2014J,0.05,0.030303030303030304
578140,GGG,2013J,0.1,0.05714285714285714
578150,DDD,2013J,0.0,0.0
578152,FFF,2014J,0.25,0.06578947368421052
578189,CCC,2014B,0.3,0.11538461538461539
578197,BBB,2013J,0.1,0.15384615384615385
578199,FFF,2013J,0.25,0.0684931506849315
578207,GGG,2013J,0.15,0.125
578208,FFF,2013J,0.0,0.0
578281,FFF,2013J,0.15,0.028846153846153848
578303,DDD,2013J,0.15,0.03896103896103896
578362,BBB,2013J,0.0,0.0
578375,GGG,2013J,0.2,0.15384615384615385
578378,GGG,2013J,0.15,0.375
578389,GGG,2014B,0.05,0.1
578395,DDD,2014J,0.15,0.07894736842105263
578418,BBB,2014J,0.05,0.05263157894736842
578427,DDD,2013J,0.05,0.02040816326530612
578427,DDD,2014J,0.0,0.0
578438,EEE,2013J,0.3,0.1875
578439,BBB,2014J,0.05,0.1111111111111111
578447,BBB,2013J,0.0,0.0
578450,CCC,2014B,0.0,0.0
578450,EEE,2013J,0.1,0.16666666666666666
578452,GGG,2014B,0.15,0.14285714285714285
578469,EEE,2014J,0.3,0.17647058823529413
578492,FFF,2013J,0.15,0.06666666666666667
578497,FFF,2013J,0.05,0.010101010101010102
578519,FFF,2013J,0.05,0.015151515151515152
578541,EEE,2014B,0.1,0.13333333333333333
578546,BBB,2013J,0.1,0.043478260869565216
578551,BBB,2014J,0.2,0.10256410256410256
578561,FFF,2013J,0.05,0.024390243902439025
578574,BBB,2014B,0.0,0.0
578578,BBB,2013J,0.05,0.05555555555555555
578595,DDD,2014B,0.15,0.06818181818181818
578600,BBB,2013J,0.15,0.13636363636363635
578616,DDD,2014J,0.25,0.07692307692307693
578634,EEE,2014B,0.2,0.16666666666666666
578644,DDD,2013J,0.2,0.0851063829787234
578646,DDD,2014J,0.2,0.125
578654,EEE,2013J,0.15,0.2
578655,CCC,2014B,0.25,0.09259259259259259
578666,GGG,2013J,0.25,0.125
578676,BBB,2013J,0.05,0.08333333333333333
578697,DDD,2013J,0.15,0.07894736842105263
578710,BBB,2014J,0.05,0.029411764705882353
578717,BBB,2013J,0.05,0.05263157894736842
578725,EEE,2013J,0.25,0.20833333333333334
578736,EEE,2013J,0.25,0.3333333333333333
578744,FFF,2013J,0.0,0.0
578754,FFF,2014B,0.15,0.17647058823529413
578764,FFF,2014B,0.05,0.01639344262295082
578797,GGG,2014J,0.2,0.18181818181818182
578815,CCC,2014J,0.0,0.0
578815,DDD,2014B,0.0,0.0
578820,CCC,2014J,0.0,0.0
578820,EEE,2013J,0.0,0.0
578823,DDD,2013J,0.1,0.07142857142857142
578845,GGG,2014B,0.05,0.14285714285714285
578847,FFF,2014J,0.15,0.047619047619047616
578850,CCC,2014B,0.0,0.0
578850,DDD,2013J,0.2,0.0975609756097561
578857,DDD,2014J,0.05,0.03571428571428571
578861,BBB,2014J,0.15,0.061224489795918366
578906,DDD,2013J,0.0,0.0
578940,GGG,2013J,0.15,0.1111111111111111
578943,DDD,2013J,0.05,0.017857142857142856
578956,DDD,2013J,0.1,0.03773584905660377
578958,CCC,2014B,0.2,0.10526315789473684
578958,EEE,2014B,0.0,0.0
578977,GGG,2013J,0.0,0.0
579011,EEE,2013J,0.2,0.23529411764705882
579015,GGG,2013J,0.1,0.09523809523809523
579017,DDD,2014J,0.15,0.06382978723404255
579020,GGG,2013J,0.15,0.11538461538461539
579027,EEE,2013J,0.0,0.0
579038,FFF,2013J,0.3,0.05042016806722689
579052,EEE,2014J,0.2,0.16
579064,FFF,2013J,0.0,0.0
579081,FFF,2014B,0.25,0.07142857142857142
579086,GGG,2013J,0.2,0.16
579105,DDD,2013J,0.2,0.06666666666666667
579125,GGG,2014J,0.2,0.2
579130,EEE,2013J,0.4,0.3076923076923077
579134,DDD,2014B,0.1,0.04
579151,DDD,2013J,0.15,0.05660377358490566
579161,BBB,2014J,0.0,0.0
579164,GGG,2013J,0.2,0.17391304347826086
579172,DDD,2014J,0.45,0.09183673469387756
579176,FFF,2013J,0.35,0.05343511450381679
579201,GGG,2013J,0.05,0.03125
579203,GGG,2013J,0.35,0.22580645161290322
579251,BBB,2014J,0.05,0.5
579255,BBB,2014B,0.0,0.0
579257,FFF,2013J,0.05,0.009523809523809525
579278,CCC,2014J,0.0,0.0
579278,FFF,2013J,0.1,0.03333333333333333
579279,BBB,2013J,0.15,0.12
579283,EEE,2014J,0.0,0.0
579309,GGG,2013J,0.0,0.0
579316,BBB,2013J,0.0,0.0
579325,DDD,2013J,0.25,0.08333333333333333
579340,EEE,2013J,0.1,0.07692307692307693
579343,CCC,2014B,0.15,0.09375
579343,EEE,2013J,0.15,0.11538461538461539
579362,CCC,2014J,0.1,0.25
579367,DDD,2013J,0.15,0.04838709677419355
579372,DDD,2013J,0.0,0.0
579376,FFF,2014B,0.3,0.10344827586206896
579381,GGG,2013J,0.15,0.10344827586206896
579386,DDD,2014J,0.2,0.06451612903225806
579409,BBB,2014J,0.3,0.21428571428571427
579416,FFF,2013J,0.0,0.0
579470,DDD,2013J,0.15,0.06382978723404255
579482,FFF,2013J,0.15,0.0967741935483871
579486,BBB,2013J,0.0,0.0
579506,FFF,2013J,0.05,0.024390243902439025
579526,FFF,2013J,0.05,0.01639344262295082
579528,GGG,2013J,0.1,0.08695652173913043
579537,BBB,2014B,0.0,0.0
579549,BBB,2013J,0.0,0.0
579550,CCC,2014B,0.2,0.12121212121212122
579557,FFF,2013J,0.15,0.043478260869565216
579567,DDD,2013J,0.2,0.06060606060606061
579571,BBB,2013J,0.0,0.0
579572,GGG,2013J,0.1,0.08
579575,BBB,2013J,0.0,0.0
579583,CCC,2014J,0.15,0.08571428571428572
579614,CCC,2014J,0.3,0.11538461538461539
579619,BBB,2013J,0.15,0.04411764705882353
579660,FFF,2014J,0.05,0.022727272727272728
579661,GGG,2013J,0.25,0.21739130434782608
579685,FFF,2013J,0.15,0.08108108108108109
579686,FFF,2014J,0.25,0.0641025641025641
579692,GGG,2014B,0.4,0.23529411764705882
579711,DDD,2014B,0.15,0.05357142857142857
579717,DDD,2013J,0.05,0.0136986301369863
579720,BBB,2014B,0.05,0.08333333333333333
579723,EEE,2013J,0.2,0.16
579737,FFF,2013J,0.05,0.015151515151515152
579762,BBB,2013J,0.05,0.05263157894736842
580094,BBB,2013J,0.05,0.037037037037037035
580317,FFF,2013J,0.05,0.015625
580342,CCC,2014J,0.05,0.018518518518518517
580342,FFF,2013J,0.3,0.06593406593406594
580346,BBB,2013J,0.0,0.0
580360,BBB,2013J,0.0,0.0
580372,EEE,2013J,0.1,0.18181818181818182
580380,FFF,2013J,0.05,0.02
580384,CCC,2014J,0.1,0.06451612903225806
580389,AAA,2013J,0.1,0.09090909090909091
580393,DDD,2013J,0.15,0.04918032786885246
580412,BBB,2013J,0.05,0.16666666666666666
580415,DDD,2013J,0.2,0.05970149253731343
580425,FFF,2014B,0.0,0.0
580450,DDD,2014J,0.0,0.0
580458,DDD,2014J,0.15,0.06382978723404255
580459,FFF,2014J,0.45,0.07964601769911504
580468,DDD,2013J,0.25,0.08333333333333333
580469,GGG,2013J,0.15,0.25
580477,FFF,2013J,0.05,0.027777777777777776
580511,CCC,2014B,0.25,0.20833333333333334
580516,DDD,2013J,0.1,0.03571428571428571
580525,CCC,2014B,0.2,0.06060606060606061
580534,DDD,2013J,0.0,0.0
580540,BBB,2013J,0.05,0.05263157894736842
580555,FFF,2013J,0.0,0.0
580592,BBB,2013J,0.0,0.0
580612,BBB,2013J,0.05,0.04
580642,DDD,2013J,0.2,0.0425531914893617
580646,BBB,2013J,0.1,0.15384615384615385
580657,FFF,2013J,0.1,0.025
580684,BBB,2013J,0.0,0.0
580688,BBB,2014B,0.05,0.07142857142857142
580689,EEE,2013J,0.0,0.0
580689,EEE,2014J,0.0,0.0
580702,FFF,2013J,0.05,0.05555555555555555
580709,FFF,2013J,0.05,0.023809523809523808
580714,CCC,2014J,0.0,0.0
580714,DDD,2013J,0.05,0.016666666666666666
580719,EEE,2013J,0.25,0.15151515151515152
580722,CCC,2014J,0.1,0.13333333333333333
580743,FFF,2013J,0.2,0.035398230088495575
580774,EEE,2013J,0.05,1.0
580779,CCC,2014B,0.15,0.04477611940298507
580779,FFF,2013J,0.15,0.03529411764705882
580798,CCC,2014J,0.1,0.05263157894736842
580798,EEE,2014J,0.1,0.06060606060606061
580834,FFF,2014J,0.3,0.037267080745341616
580842,FFF,2013J,0.15,0.03125
580845,CCC,2014J,0.05,0.02
580845,FFF,2014J,0.1,0.02666666666666667
580860,GGG,2013J,0.25,0.16666666666666666
580867,FFF,2013J,0.2,0.13333333333333333
580870,GGG,2013J,0.1,0.1111111111111111
580880,BBB,2013J,0.25,0.11363636363636363
580883,BBB,2013J,0.1,0.09090909090909091
580912,DDD,2014B,0.05,0.037037037037037035
580916,CCC,2014J,0.05,0.03225806451612903
580916,DDD,2013J,0.05,0.01694915254237288
580926,FFF,2014J,0.0,0.0
580960,BBB,2013J,0.15,0.0967741935483871
580970,EEE,2013J,0.35,0.28
580975,BBB,2013J,0.0,0.0
581003,GGG,2013J,0.0,0.0
581011,EEE,2013J,0.1,0.4
581016,BBB,2014J,0.1,0.06060606060606061
581034,FFF,2013J,0.2,0.024242424242424242
581062,GGG,2013J,0.35,0.2
581063,GGG,2013J,0.35,0.23333333333333334
581082,EEE,2014J,0.1,0.06896551724137931
581118,BBB,2014J,0.0,0.0
581118,GGG,2013J,0.1,0.09090909090909091
581123,CCC,2014B,0.15,0.16666666666666666
581123,CCC,2014J,0.1,0.0625
581123,EEE,2013J,0.0,0.0
581129,AAA,2013J,0.1,0.18181818181818182
581135,FFF,2013J,0.1,0.018018018018018018
581138,DDD,2013J,0.0,0.0
581139,BBB,2013J,0.05,0.04
581178,BBB,2014J,0.05,0.0625
581178,GGG,2013J,0.0,0.0
581179,CCC,2014J,0.1,0.06666666666666667
581179,EEE,2013J,0.0,0.0
581200,GGG,2013J,0.15,0.15
581219,FFF,2013J,0.25,0.1388888888888889
581219,FFF,2014J,0.05,0.045454545454545456
581222,BBB,2014B,0.1,0.2222222222222222
581234,EEE,2013J,0.25,0.18518518518518517
581235,BBB,2013J,0.05,0.3333333333333333
581235,BBB,2014J,0.0,0.0
581238,EEE,2014J,0.1,0.1
581239,GGG,2013J,0.3,0.21428571428571427
581247,CCC,2014J,0.4,0.16326530612244897
581253,FFF,2013J,0.15,0.01327433628318584
581253,FFF,2014J,0.05,0.014285714285714285
581257,EEE,2014B,0.3,0.2222222222222222
581261,FFF,2013J,0.1,0.03225806451612903
581269,EEE,2014B,0.2,0.14285714285714285
581288,CCC,2014J,0.0,0.0
581305,BBB,2013J,0.15,0.11538461538461539
581307,FFF,2013J,0.1,0.05
581316,CCC,2014J,0.15,0.09375
581332,FFF,2013J,0.1,0.05405405405405406
581340,EEE,2013J,0.3,0.20689655172413793
581342,FFF,2013J,0.05,0.16666666666666666
581353,BBB,2014B,0.05,0.07692307692307693
581410,CCC,2014J,0.0,0.0
581410,FFF,2013J,0.0,0.0
581414,GGG,2013J,0.15,0.15789473684210525
581431,BBB,2013J,0.0,0.0
581438,EEE,2013J,0.35,0.28
581485,GGG,2013J,0.25,0.15151515151515152
581486,FFF,2013J,0.1,0.03571428571428571
581490,FFF,2013J,0.05,0.029411764705882353
581510,GGG,2013J,0.05,0.16666666666666666
581520,FFF,2014B,0.15,0.04225352112676056
581523,FFF,2013J,0.2,0.05263157894736842
581530,BBB,2013J,0.0,0.0
581532,FFF,2013J,0.15,0.0234375
581533,EEE,2013J,0.2,0.25
581552,CCC,2014J,0.0,0.0
581552,DDD,2013J,0.0,0.0
581563,FFF,2013J,0.0,0.0
581574,FFF,2013J,0.1,0.029850746268656716
581586,BBB,2013J,0.0,0.0
581593,DDD,2013J,0.2,0.05263157894736842
581598,FFF,2014B,0.15,0.06666666666666667
581611,CCC,2014B,0.15,0.07142857142857142
581614,CCC,2014B,0.0,0.0
581614,FFF,2013J,0.1,0.04
581616,FFF,2013J,0.25,0.05154639175257732
581648,DDD,2014B,0.1,0.02702702702702703
581652,GGG,2013J,0.2,0.1111111111111111
581656,CCC,2014J,0.05,0.027777777777777776
581656,FFF,2013J,0.05,0.016666666666666666
581657,BBB,2013J,0.1,0.25
581659,FFF,2014J,0.2,0.03305785123966942
581676,CCC,2014J,0.2,0.08333333333333333
581676,EEE,2014B,0.1,0.0625
581697,DDD,2013J,0.05,0.015873015873015872
581708,CCC,2014J,0.0,0.0
581708,EEE,2013J,0.05,0.04
581716,EEE,2013J,0.25,0.20833333333333334
581744,CCC,2014B,0.0,0.0
581744,EEE,2013J,0.05,0.047619047619047616
581769,FFF,2013J,0.4,0.04938271604938271
581770,FFF,2013J,0.0,0.0
581779,FFF,2014J,0.15,0.05454545454545454
581787,FFF,2013J,0.05,0.022727272727272728
581796,FFF,2013J,0.1,0.03773584905660377
581806,GGG,2013J,0.15,0.13043478260869565
581810,FFF,2013J,0.1,0.05714285714285714
581826,BBB,2013J,0.0,0.0
581836,FFF,2013J,0.15,0.0375
581838,FFF,2013J,0.0,0.0
581851,EEE,2014J,0.4,0.25
581866,BBB,2014J,0.05,0.03333333333333333
581877,BBB,2014J,0.2,0.16666666666666666
581887,EEE,2014J,0.3,0.21428571428571427
581889,GGG,2013J,0.2,0.11764705882352941
581914,EEE,2013J,0.0,0.0
581922,DDD,2013J,0.1,0.027777777777777776
581956,GGG,2013J,0.2,0.13333333333333333
581965,GGG,2013J,0.2,0.13793103448275862
582009,DDD,2014J,0.1,0.034482758620689655
582034,FFF,2014J,0.05,0.2
582040,BBB,2014J,0.0,0.0
582063,FFF,2013J,0.15,0.0625
582087,CCC,2014B,0.15,0.07317073170731707
582087,EEE,2013J,0.0,0.0
582094,EEE,2014J,0.1,0.07407407407407407
582108,CCC,2014B,0.0,0.0
582108,FFF,2013J,0.0,0.0
582117,FFF,2014J,0.0,0.0
582123,BBB,2013J,0.0,0.0
582125,FFF,2013J,0.0,0.0
582160,DDD,2013J,0.05,0.1111111111111111
582184,BBB,2013J,0.0,0.0
582190,BBB,2013J,0.1,0.08
582197,DDD,2014J,0.1,0.03389830508474576
582218,BBB,2013J,0.0,0.0
582226,GGG,2013J,0.1,0.06451612903225806
582235,FFF,2013J,0.2,0.046511627906976744
582250,GGG,2013J,0.35,0.20588235294117646
582253,BBB,2014J,0.05,0.02564102564102564
582266,FFF,2014J,0.0,0.0
582283,GGG,2014B,0.35,0.18421052631578946
582301,BBB,2013J,0.05,0.09090909090909091
582302,DDD,2013J,0.05,0.09090909090909091
582305,BBB,2013J,0.0,0.0
582309,GGG,2013J,0.05,1.0
582320,CCC,2014J,0.0,0.0
582320,DDD,2013J,0.1,0.03389830508474576
582332,FFF,2014J,0.3,0.06451612903225806
582333,BBB,2013J,0.1,0.07407407407407407
582348,BBB,2014J,0.0,0.0
582364,FFF,2013J,0.05,0.0125
582373,DDD,2013J,0.15,0.075
582390,BBB,2013J,0.2,0.19047619047619047
582392,FFF,2013J,0.1,0.02564102564102564
582394,BBB,2013J,0.15,0.12
582395,CCC,2014J,0.0,0.0
582406,BBB,2013J,0.05,0.1111111111111111
582416,DDD,2013J,0.1,0.05555555555555555
582420,GGG,2013J,0.25,0.19230769230769232
582446,BBB,2013J,0.05,0.024390243902439025
582452,DDD,2013J,0.0,0.0
582460,BBB,2014J,0.05,0.02040816326530612
582460,GGG,2013J,0.05,0.038461538461538464
582464,DDD,2013J,0.1,0.022988505747126436
582474,BBB,2013J,0.05,0.034482758620689655
582479,DDD,2014B,0.0,0.0
582486,GGG,2013J,0.2,0.19047619047619047
582494,FFF,2013J,0.1,0.023529411764705882
582510,FFF,2013J,0.05,0.02631578947368421
582514,EEE,2013J,0.0,0.0
582536,GGG,2013J,0.4,0.26666666666666666
582550,CCC,2014J,0.4,0.14035087719298245
582553,FFF,2014B,0.05,0.030303030303030304
582554,DDD,2013J,0.1,0.038461538461538464
582562,FFF,2013J,0.35,0.0457516339869281
582568,GGG,2013J,0.05,0.09090909090909091
582574,BBB,2013J,0.0,0.0
582578,BBB,2013J,0.05,0.1
582608,DDD,2014J,0.05,0.025
582636,BBB,2013J,0.0,0.0
582649,GGG,2013J,0.2,0.16
582650,BBB,2013J,0.0,0.0
582651,CCC,2014J,0.0,0.0
582653,FFF,2014J,0.05,0.04
582670,FFF,2014J,0.05,0.037037037037037035
582677,FFF,2013J,0.05,0.027777777777777776
582694,BBB,2014J,0.1,0.2222222222222222
582697,GGG,2013J,0.25,0.20833333333333334
582705,FFF,2013J,0.45,0.05056179775280899
582709,BBB,2014J,0.1,0.11764705882352941
582709,GGG,2013J,0.05,0.058823529411764705
582723,EEE,2013J,0.05,0.034482758620689655
582742,BBB,2014B,0.0,0.0
582768,EEE,2013J,0.05,0.5
582790,FFF,2013J,0.15,0.036585365853658534
582827,EEE,2013J,0.05,0.06666666666666667
582833,BBB,2013J,0.0,0.0
582848,DDD,2013J,0.0,0.0
582878,BBB,2013J,0.1,0.06896551724137931
582879,CCC,2014B,0.15,0.06521739130434782
582879,DDD,2013J,0.25,0.053763440860215055
582898,BBB,2014J,0.0,0.0
582913,EEE,2013J,0.35,0.2413793103448276
582931,DDD,2013J,0.05,0.017543859649122806
582933,BBB,2014J,0.1,0.2
582940,BBB,2013J,0.05,0.06666666666666667
582950,CCC,2014B,0.0,0.0
582950,FFF,2013J,0.05,0.009433962264150943
582958,BBB,2013J,0.15,0.10344827586206896
582964,BBB,2014J,0.0,0.0
582975,BBB,2013J,0.1,0.10526315789473684
582992,FFF,2013J,0.0,0.0
583012,BBB,2013J,0.0,0.0
583031,GGG,2013J,0.2,0.14814814814814814
583032,CCC,2014B,0.25,0.10416666666666667
583032,EEE,2013J,0.05,0.047619047619047616
583037,DDD,2013J,0.05,0.05
583039,BBB,2013J,0.0,0.0
583051,FFF,2013J,0.0,0.0
583052,CCC,2014B,0.05,0.03333333333333333
583052,EEE,2013J,0.05,0.038461538461538464
583053,DDD,2014B,0.2,0.05714285714285714
583056,FFF,2014J,0.0,0.0
583098,BBB,2013J,0.05,0.09090909090909091
583101,GGG,2014B,0.1,0.2857142857142857
583102,BBB,2014B,0.25,0.4166666666666667
583113,BBB,2013J,0.0,0.0
583128,FFF,2013J,0.0,0.0
583131,FFF,2013J,0.05,0.015625
583138,FFF,2014B,0.0,0.0
583142,BBB,2013J,0.05,0.16666666666666666
583146,GGG,2013J,0.15,0.1111111111111111
583148,GGG,2014B,0.2,0.19047619047619047
583149,FFF,2013J,0.05,0.07692307692307693
583170,BBB,2013J,0.05,0.038461538461538464
583186,EEE,2013J,0.05,0.07692307692307693
583191,BBB,2013J,0.0,0.0
583192,CCC,2014B,0.05,0.02631578947368421
583192,EEE,2013J,0.0,0.0
583198,DDD,2013J,0.05,0.014492753623188406
583202,FFF,2013J,0.0,0.0
583215,DDD,2013J,0.0,0.0
583232,FFF,2013J,0.15,0.023809523809523808
583236,FFF,2013J,0.05,0.05555555555555555
583238,EEE,2013J,0.0,0.0
583240,BBB,2013J,0.05,0.08333333333333333
583247,DDD,2013J,0.0,0.0
583286,FFF,2013J,0.2,0.038834951456310676
583293,CCC,2014J,0.0,0.0
583293,DDD,2013J,0.0,0.0
583318,FFF,2014J,0.2,0.09302325581395349
583367,BBB,2013J,0.0,0.0
583381,FFF,2013J,0.05,0.012658227848101266
583423,GGG,2013J,0.15,0.0967741935483871
583433,BBB,2013J,0.2,0.2
583459,BBB,2013J,0.15,0.10344827586206896
583473,BBB,2013J,0.25,0.09803921568627451
583487,FFF,2014J,0.05,0.014492753623188406
583502,GGG,2013J,0.05,0.14285714285714285
583514,DDD,2013J,0.1,0.0425531914893617
583526,FFF,2013J,0.15,0.03571428571428571
583532,GGG,2013J,0.05,0.045454545454545456
583540,DDD,2013J,0.05,0.0196078431372549
583599,FFF,2013J,0.0,0.0
583606,DDD,2013J,0.05,0.03571428571428571
583607,GGG,2013J,0.15,0.13636363636363635
583609,BBB,2013J,0.05,0.043478260869565216
583623,GGG,2013J,0.05,0.05555555555555555
583645,BBB,2013J,0.0,0.0
583664,GGG,2013J,0.1,0.06451612903225806
583704,CCC,2014J,0.3,0.1111111111111111
583708,BBB,2013J,0.1,0.15384615384615385
583713,DDD,2014B,0.1,0.04
583714,EEE,2013J,0.15,0.23076923076923078
583719,EEE,2014J,0.1,0.06666666666666667
583721,GGG,2013J,0.2,0.23529411764705882
583730,GGG,2013J,0.05,0.058823529411764705
583741,FFF,2013J,0.15,0.061224489795918366
583775,BBB,2014J,0.0,0.0
583775,DDD,2014B,0.05,0.037037037037037035
583824,FFF,2013J,0.3,0.05217391304347826
583827,GGG,2013J,0.0,0.0
583839,EEE,2013J,0.0,0.0
583843,BBB,2014J,0.05,0.030303030303030304
583855,EEE,2013J,0.3,0.2222222222222222
583867,FFF,2013J,0.0,0.0
583871,DDD,2013J,0.15,0.05263157894736842
583873,BBB,2013J,0.0,0.0
583906,CCC,2014B,0.1,0.06451612903225806
583933,EEE,2013J,0.25,0.21739130434782608
583946,DDD,2013J,0.25,0.05952380952380952
583950,BBB,2014B,0.15,0.1875
583954,BBB,2014J,0.2,0.11764705882352941
583955,DDD,2013J,0.15,0.04477611940298507
583964,BBB,2013J,0.05,0.08333333333333333
583968,EEE,2014B,0.4,0.2962962962962963
583970,BBB,2013J,0.2,0.10810810810810811
583973,GGG,2013J,0.2,0.14285714285714285
583977,BBB,2013J,0.05,0.125
583993,CCC,2014J,0.0,0.0
583993,FFF,2013J,0.1,0.041666666666666664
584038,DDD,2014J,0.05,0.125
584040,FFF,2013J,0.0,0.0
584042,BBB,2013J,0.1,0.2222222222222222
584099,GGG,2014J,0.2,0.2857142857142857
584111,FFF,2013J,0.1,0.02702702702702703
584132,DDD,2013J,0.0,0.0
584143,GGG,2013J,0.15,0.075
584178,BBB,2013J,0.0,0.0
584183,DDD,2013J,0.05,0.022727272727272728
584184,FFF,2014B,0.25,0.06172839506172839
584191,CCC,2014B,0.1,0.058823529411764705
584191,EEE,2013J,0.15,0.15789473684210525
584195,GGG,2013J,0.15,0.17647058823529413
584210,FFF,2013J,0.0,0.0
584214,FFF,2013J,0.25,0.056179775280898875
584281,CCC,2014J,0.1,0.18181818181818182
584299,GGG,2013J,0.15,0.10344827586206896
584315,DDD,2013J,0.0,0.0
584325,BBB,2013J,0.1,0.16666666666666666
584386,CCC,2014J,0.15,0.075
584386,EEE,2013J,0.0,0.0
584408,BBB,2013J,0.0,0.0
584414,EEE,2013J,0.0,0.0
584433,DDD,2013J,0.1,0.13333333333333333
584442,GGG,2013J,0.0,0.0
584443,EEE,2013J,0.15,0.07142857142857142
584446,CCC,2014B,0.0,0.0
584446,FFF,2013J,0.1,0.03636363636363636
584448,GGG,2013J,0.05,0.038461538461538464
584468,FFF,2013J,0.1,0.024390243902439025
584495,DDD,2013J,0.1,0.05128205128205128
584500,GGG,2013J,0.3,0.18181818181818182
584509,BBB,2014J,0.15,0.09090909090909091
584509,GGG,2013J,0.0,0.0
584514,EEE,2014J,0.0,0.0
584515,FFF,2014J,0.1,0.05555555555555555
584539,BBB,2014J,0.1,0.05263157894736842
584546,FFF,2013J,0.1,0.030303030303030304
584550,FFF,2013J,0.2,0.047058823529411764
584553,EEE,2013J,0.05,0.045454545454545456
584580,BBB,2013J,0.0,0.0
584586,DDD,2013J,0.0,0.0
584591,DDD,2014J,0.0,0.0
584601,FFF,2013J,0.45,0.058823529411764705
584611,BBB,2013J,0.05,0.16666666666666666
584640,DDD,2013J,0.05,0.021739130434782608
584660,DDD,2014B,0.1,0.0625
584673,FFF,2014J,0.0,0.0
584710,GGG,2013J,0.4,0.1951219512195122
584712,GGG,2013J,0.0,0.0
584718,EEE,2014J,0.45,0.3
584733,BBB,2014J,0.05,0.030303030303030304
584733,GGG,2013J,0.05,0.041666666666666664
584766,BBB,2013J,0.05,0.07142857142857142
584771,CCC,2014J,0.05,0.037037037037037035
584771,FFF,2013J,0.05,0.017543859649122806
584806,FFF,2013J,0.1,0.06451612903225806
584813,BBB,2013J,0.1,0.11764705882352941
584827,GGG,2013J,0.15,0.13043478260869565
584842,FFF,2014B,0.05,0.041666666666666664
584844,GGG,2013J,0.1,0.2
584864,BBB,2014J,0.0,0.0
584908,GGG,2013J,0.35,0.4666666666666667
584914,DDD,2013J,0.0,0.0
584918,DDD,2013J,0.0,0.0
584926,CCC,2014J,0.1,0.05714285714285714
584940,CCC,2014B,0.2,0.10526315789473684
584942,GGG,2013J,0.25,0.14705882352941177
584943,DDD,2013J,0.15,0.04838709677419355
584969,GGG,2013J,0.1,0.0625
584981,DDD,2014J,0.05,0.011764705882352941
584990,FFF,2014B,0.05,0.25
585011,EEE,2013J,0.15,0.11538461538461539
585025,GGG,2013J,0.1,0.16666666666666666
585033,FFF,2013J,0.15,0.0410958904109589
585041,GGG,2013J,0.1,0.125
585048,BBB,2014B,0.3,0.12
585050,FFF,2013J,0.0,0.0
585057,CCC,2014B,0.0,0.0
585058,GGG,2013J,0.15,0.3
585093,CCC,2014B,0.0,0.0
585093,FFF,2013J,0.0,0.0
585098,CCC,2014J,0.05,0.0625
585098,DDD,2013J,0.1,0.037037037037037035
585114,GGG,2013J,0.25,0.125
585128,FFF,2013J,0.0,0.0
585134,CCC,2014J,0.1,0.07407407407407407
585134,DDD,2013J,0.05,0.03571428571428571
585141,GGG,2013J,0.1,0.125
585145,GGG,2013J,0.3,0.18181818181818182
585147,GGG,2013J,0.25,0.16129032258064516
585150,BBB,2014B,0.05,0.047619047619047616
585153,DDD,2014J,0.05,0.015625
585154,CCC,2014J,0.25,0.11904761904761904
585156,GGG,2013J,0.1,0.2222222222222222
585162,FFF,2013J,0.1,0.03508771929824561
585166,FFF,2013J,0.1,0.034482758620689655
585170,BBB,2013J,0.05,0.043478260869565216
585199,GGG,2013J,0.25,0.18518518518518517
585200,BBB,2013J,0.1,0.05405405405405406
585201,GGG,2013J,0.2,0.2
585208,DDD,2013J,0.1,0.05714285714285714
585210,DDD,2013J,0.05,0.043478260869565216
585212,BBB,2013J,0.05,0.043478260869565216
585222,FFF,2013J,0.0,0.0
585224,FFF,2014J,0.4,0.09411764705882353
585230,FFF,2013J,0.05,0.024390243902439025
585236,GGG,2013J,0.05,0.07692307692307693
585261,FFF,2014J,0.15,0.03488372093023256
585279,EEE,2013J,0.3,0.21428571428571427
585284,FFF,2014J,0.1,0.038461538461538464
585301,FFF,2013J,0.0,0.0
585305,FFF,2013J,0.0,0.0
585326,DDD,2013J,0.2,0.0784313725490196
585354,DDD,2014J,0.05,0.037037037037037035
585359,CCC,2014J,0.0,0.0
585359,DDD,2013J,0.15,0.1
585372,DDD,2014B,0.0,0.0
585383,CCC,2014B,0.0,0.0
585383,FFF,2013J,0.05,0.017857142857142856
585393,CCC,2014B,0.05,0.02127659574468085
585393,EEE,2014B,0.15,0.1
585397,CCC,2014B,0.25,0.09259259259259259
585397,EEE,2014B,0.15,0.14285714285714285
585406,BBB,2013J,0.1,0.13333333333333333
585422,CCC,2014J,0.0,0.0
585422,DDD,2013J,0.05,0.02857142857142857
585432,DDD,2014J,0.2,0.0625
585433,EEE,2013J,0.1,0.05714285714285714
585445,GGG,2013J,0.3,0.23076923076923078
585449,FFF,2013J,0.15,0.04411764705882353
585454,FFF,2014B,0.05,0.02631578947368421
585455,CCC,2014B,0.0,0.0
585455,EEE,2013J,0.1,0.07142857142857142
585464,EEE,2013J,0.15,0.11538461538461539
585466,FFF,2013J,0.25,0.0390625
585471,EEE,2013J,0.4,0.25806451612903225
585503,FFF,2014J,0.25,0.045454545454545456
585518,GGG,2013J,0.35,0.21875
585526,DDD,2014J,0.0,0.0
585547,BBB,2014B,0.2,0.25
585572,FFF,2014J,0.1,0.11764705882352941
585574,FFF,2013J,0.05,0.02857142857142857
585577,GGG,2013J,0.15,0.10714285714285714
585603,BBB,2013J,0.2,0.2222222222222222
585608,GGG,2013J,0.15,0.13043478260869565
585611,BBB,2013J,0.0,0.0
585613,GGG,2013J,0.1,0.06666666666666667
585615,FFF,2013J,0.1,0.028169014084507043
585626,DDD,2014J,0.25,0.05747126436781609
585643,EEE,2014J,0.0,0.0
585644,BBB,2013J,0.0,0.0
585652,BBB,2013J,0.0,0.0
585659,FFF,2013J,0.15,0.05172413793103448
585662,EEE,2014B,0.05,0.047619047619047616
585668,GGG,2013J,0.15,0.15
585681,EEE,2013J,0.1,0.125
585693,BBB,2013J,0.3,0.09523809523809523
585695,CCC,2014B,0.1,0.023809523809523808
585695,DDD,2013J,0.1,0.044444444444444446
585702,GGG,2013J,0.05,0.034482758620689655
585709,CCC,2014B,0.05,0.02857142857142857
585724,FFF,2013J,0.0,0.0
585724,FFF,2014J,0.0,0.0
585727,BBB,2014B,0.0,0.0
585731,FFF,2013J,0.0,0.0
585762,BBB,2014J,0.0,0.0
585768,GGG,2013J,0.15,0.14285714285714285
585769,CCC,2014J,0.0,0.0
585769,EEE,2013J,0.1,0.1
585769,EEE,2014J,0.0,0.0
585773,DDD,2014J,0.3,0.08333333333333333
585779,BBB,2013J,0.25,0.08620689655172414
585812,CCC,2014J,0.1,0.06060606060606061
585816,BBB,2013J,0.0,0.0
585825,FFF,2014J,0.05,0.3333333333333333
585830,DDD,2014B,0.25,0.07462686567164178
585832,DDD,2014J,0.25,0.06756756756756757
585837,EEE,2013J,0.3,0.18181818181818182
585847,GGG,2013J,0.15,0.08571428571428572
585852,EEE,2014J,0.1,0.09523809523809523
585921,FFF,2014B,0.1,0.01834862385321101
585942,FFF,2013J,0.0,0.0
585958,FFF,2014J,0.1,0.024691358024691357
585963,BBB,2013J,0.0,0.0
585963,BBB,2014J,0.0,0.0
585965,FFF,2013J,0.0,0.0
585998,DDD,2013J,0.0,0.0
585998,DDD,2014J,0.0,0.0
586022,DDD,2013J,0.0,0.0
586034,FFF,2013J,0.3,0.05042016806722689
586036,BBB,2014J,0.15,0.0967741935483871
586046,CCC,2014J,0.1,0.08333333333333333
586046,EEE,2013J,0.1,0.11764705882352941
586047,CCC,2014J,0.05,0.047619047619047616
586047,EEE,2013J,0.05,0.03333333333333333
586078,BBB,2013J,0.0,0.0
586080,FFF,2013J,0.1,0.08695652173913043
586086,BBB,2014B,0.0,0.0
586088,CCC,2014J,0.4,0.1509433962264151
586111,BBB,2014B,0.0,0.0
586113,DDD,2013J,0.2,0.11428571428571428
586121,DDD,2014J,0.0,0.0
586128,DDD,2013J,0.0,0.0
586132,EEE,2013J,0.0,0.0
586134,BBB,2014J,0.1,0.07692307692307693
586137,EEE,2013J,0.15,0.15
586142,BBB,2014J,0.1,0.045454545454545456
586145,BBB,2013J,0.05,0.05263157894736842
586158,GGG,2013J,0.2,0.18181818181818182
586165,BBB,2013J,0.05,0.058823529411764705
586180,BBB,2014J,0.05,0.0625
586196,GGG,2013J,0.15,0.16666666666666666
586224,FFF,2013J,0.0,0.0
586233,FFF,2013J,0.0,0.0
586236,EEE,2013J,0.25,0.21739130434782608
586243,DDD,2013J,0.15,0.04477611940298507
586246,FFF,2013J,0.05,0.3333333333333333
586257,DDD,2013J,0.1,0.03389830508474576
586259,FFF,2013J,0.0,0.0
586261,CCC,2014J,0.4,0.10126582278481013
586261,EEE,2013J,0.0,0.0
586281,FFF,2013J,0.15,0.15
586287,GGG,2013J,0.1,0.07142857142857142
586315,DDD,2014J,0.05,0.05
586324,GGG,2013J,0.2,0.11428571428571428
586337,GGG,2013J,0.15,0.1111111111111111
586346,BBB,2013J,0.35,0.12727272727272726
586347,DDD,2014B,0.15,0.06
586367,GGG,2013J,0.25,0.4166666666666667
586369,DDD,2014B,0.0,0.0
586371,GGG,2014J,0.4,0.3076923076923077
586376,BBB,2014J,0.1,0.045454545454545456
586416,BBB,2013J,0.1,0.2222222222222222
586423,GGG,2013J,0.2,0.11764705882352941
586428,FFF,2013J,0.1,0.020618556701030927
586440,BBB,2013J,0.0,0.0
586444,DDD,2014J,0.15,0.1111111111111111
586446,FFF,2013J,0.05,0.016666666666666666
586468,FFF,2013J,0.15,0.028037383177570093
586470,DDD,2013J,0.05,0.09090909090909091
586473,EEE,2013J,0.0,0.0
586474,EEE,2014J,0.1,0.11764705882352941
586476,CCC,2014J,0.0,0.0
586476,EEE,2013J,0.0,0.0
586477,FFF,2013J,0.2,0.04819277108433735
586483,FFF,2013J,0.0,0.0
586493,GGG,2013J,0.25,0.18518518518518517
586494,GGG,2014B,0.1,0.09090909090909091
586497,CCC,2014J,0.05,0.037037037037037035
586497,DDD,2013J,0.1,0.022727272727272728
586502,BBB,2014J,0.1,0.058823529411764705
586502,GGG,2013J,0.1,0.0625
586516,BBB,2014J,0.0,0.0
586518,FFF,2013J,0.3,0.061224489795918366
586526,DDD,2013J,0.05,0.024390243902439025
586535,BBB,2013J,0.0,0.0
586550,DDD,2013J,0.0,0.0
586581,BBB,2013J,0.05,0.058823529411764705
586592,FFF,2014B,0.2,0.0784313725490196
586594,CCC,2014J,0.15,0.06521739130434782
586594,FFF,2013J,0.1,0.029411764705882353
586598,GGG,2013J,0.1,0.07692307692307693
586609,DDD,2013J,0.0,0.0
586621,EEE,2013J,0.25,0.20833333333333334
586625,DDD,2013J,0.2,0.12121212121212122
586639,GGG,2013J,0.05,0.03333333333333333
586642,FFF,2013J,0.15,0.05555555555555555
586652,BBB,2014J,0.35,0.14893617021276595
586660,GGG,2013J,0.15,0.125
586668,CCC,2014J,0.1,0.05714285714285714
586668,EEE,2013J,0.0,0.0
586689,GGG,2013J,0.2,0.10256410256410256
586705,FFF,2013J,0.3,0.06666666666666667
586712,BBB,2014B,0.2,0.07142857142857142
586716,EEE,2013J,0.1,0.08
586719,FFF,2013J,0.2,0.05263157894736842
586720,BBB,2013J,0.0,0.0
586729,DDD,2014J,0.05,0.02857142857142857
586742,BBB,2013J,0.0,0.0
586750,CCC,2014J,0.2,0.11764705882352941
586750,EEE,2013J,0.05,0.04
586753,FFF,2013J,0.05,0.05263157894736842
586758,FFF,2013J,0.05,0.015151515151515152
586762,CCC,2014J,0.05,0.043478260869565216
586762,DDD,2013J,0.1,0.03333333333333333
586781,CCC,2014J,0.0,0.0
586781,FFF,2013J,0.15,0.022222222222222223
586784,FFF,2013J,0.25,0.06578947368421052
586787,GGG,2013J,0.05,0.09090909090909091
586800,DDD,2013J,0.05,0.020833333333333332
586808,CCC,2014J,0.05,0.017241379310344827
586808,FFF,2013J,0.05,0.014084507042253521
586818,GGG,2013J,0.1,0.09523809523809523
586838,CCC,2014J,0.05,0.04
586838,EEE,2013J,0.05,0.03571428571428571
586843,BBB,2013J,0.05,0.0625
586851,FFF,2013J,0.05,0.07692307692307693
586855,FFF,2013J,0.15,0.04918032786885246
586876,DDD,2014B,0.05,0.03571428571428571
586891,FFF,2013J,0.4,0.055944055944055944
586906,FFF,2014J,0.15,0.0297029702970297
586912,DDD,2013J,0.1,0.02857142857142857
586914,GGG,2013J,0.35,0.1794871794871795
586917,FFF,2014B,0.2,0.06349206349206349
586921,EEE,2013J,0.05,0.027777777777777776
586925,FFF,2013J,0.0,0.0
586928,BBB,2013J,0.0,0.0
586935,FFF,2013J,0.1,0.04
586946,DDD,2014J,0.1,0.02666666666666667
586957,FFF,2013J,0.0,0.0
586962,EEE,2013J,0.0,0.0
586979,EEE,2013J,0.15,0.42857142857142855
586981,GGG,2013J,0.35,0.35
586995,BBB,2014B,0.35,0.1320754716981132
586996,BBB,2013J,0.2,0.12903225806451613
587002,DDD,2013J,0.2,0.05714285714285714
587004,GGG,2013J,0.25,0.13157894736842105
587008,CCC,2014J,0.35,0.20588235294117646
587008,EEE,2014J,0.2,0.12903225806451613
587014,EEE,2013J,0.0,0.0
587037,BBB,2014J,0.0,0.0
587054,BBB,2014J,0.05,0.02
587082,CCC,2014J,0.0,0.0
587122,EEE,2013J,0.05,0.0625
587126,FFF,2013J,0.15,0.04411764705882353
587140,DDD,2014J,0.0,0.0
587150,GGG,2013J,0.1,0.18181818181818182
587161,GGG,2013J,0.15,0.0967741935483871
587178,FFF,2013J,0.1,0.03636363636363636
587181,BBB,2014B,0.05,0.06666666666666667
587183,GGG,2013J,0.2,0.2222222222222222
587192,BBB,2013J,0.15,0.1
587194,BBB,2013J,0.05,0.125
587195,FFF,2014B,0.05,0.08333333333333333
587223,BBB,2013J,0.1,0.11764705882352941
587244,CCC,2014J,0.7,0.17073170731707318
587275,GGG,2013J,0.05,0.25
587283,GGG,2013J,0.1,0.2857142857142857
587286,FFF,2013J,0.05,0.016129032258064516
587294,FFF,2013J,0.0,0.0
587297,BBB,2013J,0.25,0.09090909090909091
587308,FFF,2013J,0.0,0.0
587319,EEE,2013J,0.2,0.23529411764705882
587323,EEE,2014B,0.25,0.3333333333333333
587324,FFF,2013J,0.15,0.12
587330,GGG,2013J,0.0,0.0
587334,FFF,2013J,0.0,0.0
587346,EEE,2013J,0.4,0.2962962962962963
587362,GGG,2013J,0.1,0.0625
587369,FFF,2013J,0.0,0.0
587374,GGG,2013J,0.1,0.4
587375,DDD,2014J,0.05,0.014925373134328358
587377,CCC,2014J,0.1,0.10526315789473684
587391,CCC,2014J,0.4,0.1509433962264151
587409,BBB,2013J,0.1,0.14285714285714285
587418,BBB,2013J,0.05,0.058823529411764705
587423,BBB,2013J,0.1,0.05555555555555555
587435,FFF,2013J,0.05,0.07692307692307693
587446,DDD,2014J,0.15,0.0625
587451,FFF,2013J,0.15,0.031578947368421054
587456,FFF,2013J,0.15,0.03260869565217391
587459,BBB,2014J,0.1,0.11764705882352941
587462,FFF,2013J,0.0,0.0
587506,GGG,2013J,0.1,0.06451612903225806
587509,FFF,2014J,0.0,0.0
587509,GGG,2013J,0.05,0.3333333333333333
587523,GGG,2013J,0.25,0.2
587524,BBB,2014B,0.05,0.06666666666666667
587529,GGG,2013J,0.1,0.10526315789473684
587538,BBB,2014B,0.05,0.08333333333333333
587547,EEE,2013J,0.05,0.037037037037037035
587550,CCC,2014J,0.0,0.0
587555,GGG,2013J,0.0,0.0
587564,BBB,2013J,0.1,0.09090909090909091
587571,FFF,2014J,0.3,0.043478260869565216
587576,DDD,2014J,0.05,0.03333333333333333
587579,DDD,2014J,0.15,0.046153846153846156
587594,FFF,2013J,0.05,0.019230769230769232
587600,FFF,2014B,0.15,0.046875
587611,FFF,2013J,0.2,0.06896551724137931
587616,EEE,2013J,0.15,0.15
587619,FFF,2013J,0.05,0.013157894736842105
587621,EEE,2013J,0.0,0.0
587621,EEE,2014J,0.1,0.13333333333333333
587641,DDD,2013J,0.05,0.038461538461538464
587677,EEE,2013J,0.2,0.17391304347826086
587682,EEE,2013J,0.1,0.13333333333333333
587685,FFF,2013J,0.0,0.0
587690,FFF,2013J,0.0,0.0
587702,BBB,2013J,0.1,0.1
587714,EEE,2013J,0.25,0.22727272727272727
587722,BBB,2013J,0.0,0.0
587732,BBB,2013J,0.15,0.15789473684210525
587754,BBB,2013J,0.0,0.0
587755,BBB,2013J,0.05,0.07692307692307693
587780,BBB,2014B,0.1,0.07142857142857142
587783,CCC,2014B,0.05,0.02127659574468085
587783,FFF,2013J,0.1,0.02564102564102564
587793,EEE,2014J,0.25,0.19230769230769232
587810,BBB,2013J,0.4,0.10666666666666667
587824,BBB,2013J,0.0,0.0
587838,BBB,2013J,0.05,0.16666666666666666
587848,FFF,2013J,0.2,0.04395604395604396
587852,GGG,2013J,0.2,0.13333333333333333
587859,FFF,2013J,0.1,0.16666666666666666
587860,BBB,2014J,0.05,0.07692307692307693
587862,DDD,2013J,0.1,0.0425531914893617
587868,FFF,2013J,0.0,0.0
587881,FFF,2013J,0.05,0.03571428571428571
587906,CCC,2014B,0.1,0.05263157894736842
587906,EEE,2013J,0.2,0.12903225806451613
587909,GGG,2014J,0.1,0.2222222222222222
587911,CCC,2014B,0.2,0.07272727272727272
587911,EEE,2013J,0.1,0.06896551724137931
587923,BBB,2013J,0.05,0.09090909090909091
587961,BBB,2013J,0.0,0.0
587975,GGG,2013J,0.2,0.16
587976,FFF,2013J,0.1,0.10526315789473684
587985,BBB,2013J,0.05,0.1
587989,DDD,2013J,0.15,0.04285714285714286
587997,GGG,2013J,0.1,0.08333333333333333
588008,GGG,2013J,0.2,0.2222222222222222
588014,GGG,2013J,0.2,0.10256410256410256
588031,GGG,2014B,0.05,0.07692307692307693
588033,CCC,2014J,0.0,0.0
588033,DDD,2013J,0.05,0.023255813953488372
588039,BBB,2014B,0.0,0.0
588052,FFF,2013J,0.0,0.0
588058,DDD,2014J,0.0,0.0
588078,GGG,2013J,0.15,0.15
588086,DDD,2013J,0.25,0.09259259259259259
588100,CCC,2014J,0.05,0.043478260869565216
588105,GGG,2013J,0.25,0.1724137931034483
588106,GGG,2013J,0.05,0.5
588117,BBB,2013J,0.05,0.1111111111111111
588125,EEE,2013J,0.1,0.07407407407407407
588128,FFF,2013J,0.05,0.05263157894736842
588128,FFF,2014J,0.05,0.019230769230769232
588131,FFF,2013J,0.15,0.046153846153846156
588132,DDD,2013J,0.3,0.0821917808219178
588138,GGG,2013J,0.3,0.16216216216216217
588145,FFF,2014B,0.15,0.05172413793103448
588146,DDD,2013J,0.35,0.1206896551724138
588156,FFF,2013J,0.2,0.0547945205479452
588166,BBB,2014J,0.05,0.16666666666666666
588170,CCC,2014J,0.15,0.1875
588175,FFF,2013J,0.1,0.1111111111111111
588178,CCC,2014J,0.0,0.0
588178,DDD,2013J,0.1,0.02564102564102564
588179,DDD,2014J,0.05,0.047619047619047616
588182,DDD,2014B,0.0,0.0
588198,DDD,2014B,0.1,0.03773584905660377
588203,DDD,2014J,0.1,0.06060606060606061
588208,DDD,2013J,0.3,0.07058823529411765
588219,CCC,2014B,0.0,0.0
588219,DDD,2013J,0.0,0.0
588231,EEE,2013J,0.3,0.2
588233,GGG,2013J,0.2,0.16
588236,FFF,2013J,0.15,0.03333333333333333
588240,DDD,2014J,0.15,0.046875
588251,BBB,2014J,0.05,0.0625
588261,FFF,2013J,0.25,0.04201680672268908
588265,BBB,2013J,0.0,0.0
588274,CCC,2014B,0.15,0.06818181818181818
588274,EEE,2014B,0.15,0.125
588280,EEE,2013J,0.4,0.23529411764705882
588289,GGG,2013J,0.1,0.06060606060606061
588293,DDD,2013J,0.05,0.013888888888888888
588302,BBB,2014B,0.1,0.09090909090909091
588314,GGG,2013J,0.15,0.1875
588321,BBB,2013J,0.0,0.0
588352,DDD,2013J,0.15,0.06382978723404255
588355,BBB,2013J,0.15,0.08108108108108109
588363,GGG,2013J,0.15,0.1875
588367,GGG,2013J,0.15,0.17647058823529413
588382,GGG,2013J,0.15,0.10344827586206896
588391,GGG,2013J,0.1,0.08695652173913043
588397,DDD,2014B,0.05,0.027777777777777776
588402,CCC,2014B,0.3,0.0967741935483871
588402,EEE,2013J,0.05,0.047619047619047616
588411,GGG,2013J,0.1,0.15384615384615385
588430,CCC,2014B,0.0,0.0
588430,DDD,2013J,0.05,0.02040816326530612
588436,FFF,2014B,0.15,0.25
588442,EEE,2013J,0.1,0.10526315789473684
588459,BBB,2014B,0.05,0.25
588460,CCC,2014B,0.0,0.0
588460,DDD,2013J,0.0,0.0
588464,CCC,2014B,0.0,0.0
588473,CCC,2014B,0.05,0.027777777777777776
588474,EEE,2014J,0.25,0.2777777777777778
588477,AAA,2014J,0.35,0.35
588482,CCC,2014J,0.05,0.041666666666666664
588482,DDD,2013J,0.05,0.020833333333333332
588484,BBB,2014B,0.05,0.16666666666666666
588489,GGG,2014B,0.05,0.1
588493,CCC,2014J,0.0,0.0
588493,DDD,2013J,0.05,0.025
588502,EEE,2013J,0.1,0.07142857142857142
588505,GGG,2013J,0.1,0.08695652173913043
588522,GGG,2013J,0.0,0.0
588524,CCC,2014B,0.05,0.06666666666666667
588524,EEE,2013J,0.05,0.03125
588528,GGG,2013J,0.05,0.25
588540,DDD,2013J,0.3,0.07142857142857142
588556,DDD,2013J,0.0,0.0
588566,CCC,2014J,0.0,0.0
588566,DDD,2013J,0.0,0.0
588590,CCC,2014B,0.05,1.0
588592,BBB,2014B,0.0,0.0
588597,FFF,2013J,0.0,0.0
588628,EEE,2013J,0.0,0.0
588628,FFF,2014J,0.2,0.03389830508474576
588642,BBB,2013J,0.0,0.0
588672,FFF,2013J,0.15,0.04
588676,CCC,2014B,0.3,0.10714285714285714
588676,EEE,2013J,0.0,0.0
588685,BBB,2014B,0.0,0.0
588707,CCC,2014B,0.0,0.0
588707,DDD,2013J,0.1,0.024096385542168676
588710,EEE,2013J,0.05,0.05263157894736842
588752,DDD,2014B,0.0,0.0
588765,CCC,2014J,0.1,0.06666666666666667
588765,EEE,2014B,0.0,0.0
588775,AAA,2013J,0.15,0.061224489795918366
588781,GGG,2013J,0.15,0.10344827586206896
588824,DDD,2013J,0.25,0.07352941176470588
588835,EEE,2013J,0.1,0.09090909090909091
588842,CCC,2014J,0.1,0.06060606060606061
588846,CCC,2014B,0.1,0.1
588850,DDD,2013J,0.25,0.15151515151515152
588883,BBB,2013J,0.05,0.07142857142857142
588884,DDD,2013J,0.0,0.0
588910,BBB,2013J,0.05,0.09090909090909091
588913,FFF,2014B,0.05,0.058823529411764705
588914,FFF,2013J,0.0,0.0
588940,GGG,2014B,0.0,0.0
588942,EEE,2013J,0.1,0.15384615384615385
588944,BBB,2014J,0.0,0.0
588944,GGG,2013J,0.05,0.04
588956,CCC,2014B,0.0,0.0
588971,FFF,2013J,0.0,0.0
589003,FFF,2013J,0.25,0.03571428571428571
589009,GGG,2014B,0.25,0.2631578947368421
589014,FFF,2013J,0.35,0.0660377358490566
589016,FFF,2014B,0.1,0.058823529411764705
589019,DDD,2013J,0.05,0.03571428571428571
589029,FFF,2014B,0.05,0.04
589033,EEE,2014B,0.35,0.25925925925925924
589048,GGG,2013J,0.05,0.09090909090909091
589053,GGG,2014B,0.05,0.038461538461538464
589055,EEE,2013J,0.1,0.11764705882352941
589067,BBB,2013J,0.0,0.0
589080,FFF,2014J,0.15,0.02608695652173913
589099,FFF,2013J,0.0,0.0
589123,BBB,2013J,0.1,0.08333333333333333
589126,GGG,2013J,0.2,0.15384615384615385
589133,BBB,2014J,0.1,0.11764705882352941
589147,GGG,2013J,0.1,0.09523809523809523
589162,FFF,2014J,0.4,0.07766990291262135
589198,GGG,2013J,0.05,0.3333333333333333
589211,EEE,2013J,0.2,0.17391304347826086
589220,DDD,2013J,0.3,0.08695652173913043
589223,EEE,2014B,0.0,0.0
589260,EEE,2014B,0.3,0.25
589263,FFF,2013J,0.1,0.043478260869565216
589279,DDD,2014J,0.05,0.023809523809523808
589295,FFF,2013J,0.2,0.06896551724137931
589296,BBB,2013J,0.1,0.07407407407407407
589302,BBB,2013J,0.1,0.09523809523809523
589303,FFF,2013J,0.15,0.03529411764705882
589326,FFF,2013J,0.2,0.04395604395604396
589327,CCC,2014B,0.1,0.06896551724137931
589327,CCC,2014J,0.0,0.0
589327,EEE,2013J,0.05,0.03571428571428571
589332,FFF,2014J,0.2,0.05333333333333334
589333,BBB,2014B,0.1,0.125
589377,GGG,2013J,0.1,0.06666666666666667
589380,EEE,2013J,0.2,0.17391304347826086
589389,FFF,2014J,0.1,0.07142857142857142
589390,CCC,2014B,0.15,0.10714285714285714
589395,GGG,2013J,0.1,0.1111111111111111
589409,FFF,2013J,0.2,0.047619047619047616
589411,BBB,2013J,0.1,0.043478260869565216
589438,CCC,2014J,0.15,0.1
589441,CCC,2014J,0.0,0.0
589441,FFF,2013J,0.05,0.0136986301369863
589441,FFF,2014J,0.05,0.1
589444,BBB,2014B,0.05,0.06666666666666667
589449,FFF,2014B,0.25,0.04716981132075472
589454,FFF,2014B,0.1,0.03389830508474576
589458,DDD,2013J,0.0,0.0
589463,CCC,2014J,0.1,0.05
589474,FFF,2013J,0.05,0.3333333333333333
589490,FFF,2013J,0.05,0.3333333333333333
589493,GGG,2013J,0.2,0.17391304347826086
589503,DDD,2013J,0.15,0.046153846153846156
589506,EEE,2013J,0.1,0.11764705882352941
589507,GGG,2013J,0.15,0.15789473684210525
589508,BBB,2013J,0.05,0.05555555555555555
589509,BBB,2013J,0.0,0.0
589517,EEE,2013J,0.1,0.6666666666666666
589523,CCC,2014J,0.25,0.07575757575757576
589525,CCC,2014B,0.2,0.12903225806451613
589531,DDD,2013J,0.05,0.03333333333333333
589548,FFF,2014B,0.3,0.045112781954887216
589554,BBB,2014J,0.15,0.12
589557,DDD,2013J,0.05,0.05
589558,GGG,2013J,0.2,0.14814814814814814
589559,FFF,2013J,0.0,0.0
589562,GGG,2014J,0.1,0.125
589565,CCC,2014J,0.25,0.1111111111111111
589565,FFF,2014B,0.1,0.015384615384615385
589578,FFF,2013J,0.05,0.0125
589582,DDD,2013J,0.05,0.25
589583,FFF,2013J,0.4,0.045454545454545456
589584,DDD,2013J,0.0,0.0
589585,DDD,2014J,0.15,0.04477611940298507
589587,FFF,2013J,0.25,0.07936507936507936
589594,FFF,2013J,0.0,0.0
589605,FFF,2013J,0.05,0.016666666666666666
589621,BBB,2014J,0.0,0.0
589634,CCC,2014J,0.15,0.07317073170731707
589690,GGG,2013J,0.15,0.13043478260869565
589691,GGG,2013J,0.1,0.4
589702,GGG,2013J,0.1,0.13333333333333333
589707,FFF,2013J,0.25,0.0684931506849315
589723,DDD,2013J,0.05,0.01694915254237288
589734,GGG,2013J,0.35,0.21875
589744,GGG,2013J,0.3,0.2
589748,GGG,2013J,0.35,0.18421052631578946
589778,CCC,2014J,0.15,0.09090909090909091
589782,CCC,2014J,0.05,0.019230769230769232
589782,FFF,2013J,0.15,0.02027027027027027
589798,FFF,2014B,0.0,0.0
589828,EEE,2014B,0.0,0.0
589828,FFF,2013J,0.05,0.047619047619047616
589828,FFF,2014J,0.0,0.0
589843,FFF,2013J,0.0,0.0
589845,GGG,2013J,0.05,0.3333333333333333
589856,EEE,2013J,0.0,0.0
589856,EEE,2014J,0.15,0.125
589860,FFF,2013J,0.05,0.017241379310344827
589862,BBB,2014B,0.25,0.13157894736842105
589875,DDD,2013J,0.25,0.060240963855421686
589894,EEE,2013J,0.05,0.04
589902,EEE,2013J,0.1,0.08695652173913043
589903,BBB,2013J,0.1,0.031746031746031744
589914,GGG,2013J,0.3,0.15789473684210525
589935,BBB,2014J,0.05,0.5
589948,FFF,2013J,0.0,0.0
589950,BBB,2013J,0.15,0.25
589956,CCC,2014J,0.0,0.0
589956,DDD,2013J,0.2,0.0547945205479452
589963,DDD,2014B,0.0,0.0
589973,GGG,2014B,0.0,0.0
589997,BBB,2014B,0.05,0.1111111111111111
590017,EEE,2013J,0.1,0.11764705882352941
590018,FFF,2014B,0.2,0.058823529411764705
590034,GGG,2013J,0.2,0.14814814814814814
590046,GGG,2013J,0.15,0.11538461538461539
590086,BBB,2014J,0.15,0.125
590120,FFF,2014J,0.2,0.05714285714285714
590122,BBB,2014J,0.0,0.0
590127,DDD,2014J,0.15,0.08823529411764706
590147,GGG,2013J,0.3,0.35294117647058826
590188,FFF,2013J,0.05,0.022727272727272728
590189,FFF,2013J,0.05,0.06666666666666667
590202,BBB,2013J,0.0,0.0
590213,GGG,2013J,0.2,0.36363636363636365
590215,GGG,2013J,0.3,0.20689655172413793
590226,FFF,2013J,0.0,0.0
590227,DDD,2014J,0.05,0.045454545454545456
590231,BBB,2013J,0.0,0.0
590241,FFF,2013J,0.3,0.05405405405405406
590248,GGG,2013J,0.25,0.19230769230769232
590289,FFF,2013J,0.05,0.01694915254237288
590308,BBB,2013J,0.05,0.25
590325,BBB,2013J,0.0,0.0
590328,FFF,2013J,0.1,0.047619047619047616
590340,DDD,2014J,0.1,0.030303030303030304
590353,GGG,2013J,0.1,0.10526315789473684
590360,BBB,2013J,0.0,0.0
590362,BBB,2013J,0.0,0.0
590372,BBB,2013J,0.1,0.07142857142857142
590392,DDD,2013J,0.15,0.05555555555555555
590397,CCC,2014J,0.0,0.0
590397,DDD,2013J,0.05,0.01818181818181818
590402,DDD,2013J,0.0,0.0
590408,BBB,2014B,0.1,0.07407407407407407
590410,DDD,2014B,0.0,0.0
590416,BBB,2014J,0.1,0.13333333333333333
590443,DDD,2013J,0.25,0.05813953488372093
590444,BBB,2014J,0.05,0.08333333333333333
590445,GGG,2014B,0.05,0.06666666666666667
590462,FFF,2013J,0.0,0.0
590462,FFF,2014J,0.0,0.0
590482,DDD,2013J,0.05,0.02
590499,FFF,2013J,0.2,0.0625
590502,BBB,2013J,0.0,0.0
590508,FFF,2014B,0.4,0.12121212121212122
590540,GGG,2013J,0.15,0.15789473684210525
590541,DDD,2014B,0.05,0.00980392156862745
590543,FFF,2014B,0.0,0.0
590562,DDD,2014J,0.15,0.10344827586206896
590590,GGG,2013J,0.1,0.6666666666666666
590593,BBB,2014J,0.0,0.0
590593,GGG,2013J,0.2,0.15384615384615385
590616,DDD,2014J,0.0,0.0
590625,BBB,2013J,0.0,0.0
590626,EEE,2013J,0.05,0.037037037037037035
590662,GGG,2013J,0.0,0.0
590667,BBB,2013J,0.0,0.0
590668,BBB,2014J,0.05,0.018518518518518517
590676,CCC,2014J,0.0,0.0
590676,DDD,2013J,0.05,0.0196078431372549
590680,DDD,2014B,0.05,0.019230769230769232
590701,FFF,2013J,0.2,0.0784313725490196
590707,FFF,2013J,0.0,0.0
590711,GGG,2013J,0.15,0.0967741935483871
590744,EEE,2013J,0.2,0.17391304347826086
590762,CCC,2014B,0.0,0.0
590762,DDD,2013J,0.05,0.03225806451612903
590764,GGG,2013J,0.05,0.045454545454545456
590789,DDD,2013J,0.1,0.03125
590811,DDD,2013J,0.0,0.0
590812,BBB,2014B,0.05,0.3333333333333333
590818,FFF,2014J,0.0,0.0
590824,FFF,2013J,0.2,0.04395604395604396
590836,GGG,2013J,0.2,0.16
590837,EEE,2014J,0.3,0.2222222222222222
590849,FFF,2013J,0.1,0.02631578947368421
590854,BBB,2014J,0.1,0.08695652173913043
590864,GGG,2013J,0.15,0.10344827586206896
590867,BBB,2013J,0.0,0.0
590877,CCC,2014B,0.05,0.125
590877,EEE,2013J,0.0,0.0
590882,EEE,2013J,0.2,0.2
590886,DDD,2013J,0.0,0.0
590886,DDD,2014J,0.1,0.0425531914893617
590907,FFF,2013J,0.3,0.06
590914,CCC,2014B,0.05,0.09090909090909091
590918,DDD,2013J,0.05,0.05555555555555555
590920,DDD,2013J,0.0,0.0
590920,DDD,2014J,0.1,0.03225806451612903
590921,DDD,2013J,0.2,0.09523809523809523
590931,BBB,2013J,0.05,0.07142857142857142
590961,EEE,2013J,0.05,0.058823529411764705
590970,FFF,2014B,0.2,0.056338028169014086
590974,CCC,2014B,0.0,0.0
590980,FFF,2013J,0.25,0.06172839506172839
590989,FFF,2013J,0.15,0.07692307692307693
590994,BBB,2013J,0.05,0.07692307692307693
591021,EEE,2013J,0.25,0.19230769230769232
591030,BBB,2013J,0.05,0.125
591034,BBB,2013J,0.0,0.0
591055,FFF,2013J,0.0,0.0
591071,DDD,2013J,0.2,0.08888888888888889
591078,FFF,2013J,0.2,0.05063291139240506
591083,CCC,2014J,0.2,0.0975609756097561
591094,BBB,2014B,0.05,0.16666666666666666
591111,FFF,2014B,0.05,0.06666666666666667
591165,EEE,2013J,0.1,0.11764705882352941
591179,GGG,2013J,0.1,0.08695652173913043
591193,DDD,2013J,0.25,0.07936507936507936
591198,GGG,2013J,0.2,0.16666666666666666
591202,DDD,2013J,0.1,0.0625
591210,DDD,2013J,0.05,0.01020408163265306
591219,FFF,2013J,0.1,0.034482758620689655
591223,BBB,2013J,0.0,0.0
591225,GGG,2013J,0.2,0.23529411764705882
591230,CCC,2014J,0.05,0.022222222222222223
591230,DDD,2013J,0.05,0.02127659574468085
591243,GGG,2013J,0.05,0.05
591255,GGG,2013J,0.05,0.3333333333333333
591257,BBB,2013J,0.0,0.0
591273,BBB,2013J,0.0,0.0
591299,BBB,2013J,0.2,0.07407407407407407
591321,GGG,2013J,0.3,0.25
591343,FFF,2013J,0.05,0.04
591375,CCC,2014B,0.15,0.13043478260869565
591375,EEE,2013J,0.1,0.09090909090909091
591388,CCC,2014B,0.0,0.0
591388,EEE,2013J,0.1,0.08
591394,FFF,2013J,0.3,0.06315789473684211
591398,EEE,2014B,0.3,0.2222222222222222
591403,FFF,2013J,0.2,0.043010752688172046
591409,GGG,2013J,0.05,0.06666666666666667
591410,BBB,2013J,0.0,0.0
591414,BBB,2013J,0.1,0.0625
591420,BBB,2013J,0.05,0.14285714285714285
591424,EEE,2013J,0.15,0.25
591448,DDD,2014B,0.15,0.05660377358490566
591501,BBB,2013J,0.1,0.0625
591516,FFF,2013J,0.0,0.0
591518,BBB,2013J,0.05,0.07142857142857142
591523,EEE,2014J,0.3,0.2222222222222222
591525,FFF,2014J,0.3,0.06741573033707865
591540,DDD,2014J,0.2,0.06896551724137931
591547,BBB,2014B,0.05,0.2
591549,GGG,2013J,0.25,0.12195121951219512
591550,FFF,2014B,0.0,0.0
591558,BBB,2013J,0.15,0.07142857142857142
591563,GGG,2014B,0.35,0.2413793103448276
591566,EEE,2013J,0.0,0.0
591574,BBB,2013J,0.15,0.13043478260869565
591581,FFF,2013J,0.1,0.037037037037037035
591581,FFF,2014J,0.0,0.0
591588,GGG,2013J,0.15,0.10344827586206896
591589,BBB,2013J,0.1,0.07142857142857142
591591,BBB,2013J,0.15,0.0967741935483871
591593,DDD,2013J,0.05,0.07692307692307693
591602,GGG,2013J,0.25,0.21739130434782608
591613,FFF,2013J,0.0,0.0
591655,FFF,2013J,0.0,0.0
591671,GGG,2013J,0.0,0.0
591685,FFF,2013J,0.05,0.022727272727272728
591692,FFF,2013J,0.0,0.0
591695,FFF,2013J,0.1,0.02127659574468085
591719,EEE,2013J,0.0,0.0
591733,CCC,2014J,0.05,0.125
591735,FFF,2013J,0.15,0.08108108108108109
591746,FFF,2014J,0.05,0.058823529411764705
591755,GGG,2014J,0.15,0.125
591761,EEE,2014J,0.3,0.2727272727272727
591765,FFF,2013J,0.1,0.04081632653061224
591774,AAA,2013J,0.1,0.0425531914893617
591785,BBB,2013J,0.0,0.0
591787,BBB,2013J,0.05,0.043478260869565216
591804,GGG,2013J,0.15,0.0967741935483871
591820,BBB,2013J,0.2,0.08163265306122448
591837,GGG,2013J,0.25,0.35714285714285715
591849,GGG,2013J,0.15,0.23076923076923078
591859,GGG,2013J,0.05,0.0625
591869,CCC,2014J,0.4,0.16666666666666666
591869,EEE,2013J,0.0,0.0
591872,FFF,2013J,0.35,0.10294117647058823
591873,GGG,2013J,0.2,0.12903225806451613
591891,CCC,2014J,0.0,0.0
591891,DDD,2013J,0.1,0.034482758620689655
591940,FFF,2013J,0.25,0.034482758620689655
591942,EEE,2013J,0.05,0.04
591944,EEE,2013J,0.1,0.14285714285714285
591946,FFF,2014J,0.0,0.0
591958,CCC,2014B,0.0,0.0
591958,EEE,2013J,0.15,0.10714285714285714
591975,FFF,2013J,0.15,0.05555555555555555
591978,BBB,2013J,0.05,0.125
591986,BBB,2014J,0.2,0.6666666666666666
591995,EEE,2013J,0.15,0.14285714285714285
591999,BBB,2014J,0.0,0.0
592001,GGG,2014B,0.25,0.3125
592002,FFF,2013J,0.0,0.0
592003,EEE,2013J,0.35,0.2692307692307692
592007,CCC,2014B,0.1,0.07692307692307693
592007,FFF,2013J,0.15,0.04285714285714286
592014,FFF,2013J,0.0,0.0
592047,EEE,2014J,0.3,0.2608695652173913
592051,CCC,2014B,0.05,0.03571428571428571
592051,CCC,2014J,0.1,0.024691358024691357
592051,EEE,2013J,0.0,0.0
592056,GGG,2013J,0.1,0.058823529411764705
592059,GGG,2013J,0.25,0.14705882352941177
592092,FFF,2013J,0.1,0.02531645569620253
592093,CCC,2014B,0.0,0.0
592093,CCC,2014J,0.1,0.037037037037037035
592093,DDD,2013J,0.0,0.0
592127,GGG,2013J,0.0,0.0
592135,BBB,2014J,0.2,0.06896551724137931
592139,BBB,2014J,0.0,0.0
592142,FFF,2013J,0.0,0.0
592147,BBB,2013J,0.05,0.06666666666666667
592151,CCC,2014B,0.1,0.08
592168,FFF,2013J,0.15,0.043478260869565216
592189,DDD,2013J,0.0,0.0
592190,GGG,2014B,0.3,0.2222222222222222
592193,BBB,2014B,0.1,0.08695652173913043
592203,FFF,2013J,0.35,0.05555555555555555
592205,BBB,2013J,0.05,0.05555555555555555
592206,FFF,2013J,0.0,0.0
592214,DDD,2014J,0.15,0.04838709677419355
592218,FFF,2014J,0.25,0.04
592221,DDD,2014J,0.0,0.0
592245,GGG,2013J,0.0,0.0
592248,GGG,2013J,0.3,0.20689655172413793
592250,EEE,2013J,0.3,0.2608695652173913
592252,DDD,2013J,0.15,0.075
592258,BBB,2014J,0.1,0.05555555555555555
592259,FFF,2013J,0.05,0.018518518518518517
592272,GGG,2013J,0.1,0.06666666666666667
592287,GGG,2013J,0.1,0.125
592290,BBB,2013J,0.05,0.05
592295,FFF,2014J,0.2,0.07272727272727272
592310,CCC,2014J,0.4,0.13559322033898305
592315,DDD,2013J,0.15,0.1
592317,BBB,2013J,0.05,0.08333333333333333
592322,BBB,2013J,0.0,0.0
592338,CCC,2014J,0.0,0.0
592338,EEE,2014J,0.1,0.05405405405405406
592361,GGG,2013J,0.25,0.14705882352941177
592370,FFF,2013J,0.05,0.019230769230769232
592372,CCC,2014J,0.0,0.0
592372,EEE,2014B,0.05,0.058823529411764705
592373,FFF,2013J,0.1,0.03636363636363636
592382,DDD,2013J,0.15,0.03
592422,FFF,2014B,0.0,0.0
592441,BBB,2013J,0.0,0.0
592444,GGG,2013J,0.0,0.0
592450,FFF,2013J,0.1,0.1
592451,GGG,2013J,0.15,0.21428571428571427
592465,DDD,2014B,0.1,0.03508771929824561
592471,BBB,2013J,0.1,0.08
592476,FFF,2013J,0.0,0.0
592480,BBB,2013J,0.05,0.047619047619047616
592494,CCC,2014J,0.1,0.044444444444444446
592494,DDD,2013J,0.05,0.03333333333333333
592496,BBB,2013J,0.0,0.0
592558,FFF,2014J,0.1,0.031746031746031744
592577,DDD,2013J,0.05,0.022727272727272728
592593,EEE,2014B,0.15,0.23076923076923078
592609,CCC,2014B,0.1,0.08333333333333333
592609,EEE,2013J,0.25,0.15151515151515152
592616,FFF,2013J,0.0,0.0
592618,BBB,2013J,0.05,0.041666666666666664
592624,BBB,2013J,0.05,0.125
592625,CCC,2014J,0.0,0.0
592625,DDD,2013J,0.05,0.019230769230769232
592631,FFF,2013J,0.05,0.006993006993006993
592632,FFF,2014B,0.05,0.125
592634,FFF,2013J,0.3,0.06
592640,FFF,2013J,0.2,0.043010752688172046
592660,GGG,2013J,0.15,0.13043478260869565
592661,DDD,2014J,0.0,0.0
592666,EEE,2014B,0.3,0.3
592689,FFF,2013J,0.25,0.05813953488372093
592709,DDD,2013J,0.0,0.0
592725,BBB,2014B,0.05,0.1111111111111111
592731,CCC,2014J,0.2,0.17391304347826086
592733,BBB,2014J,0.25,0.08928571428571429
592737,GGG,2013J,0.1,0.07142857142857142
592763,FFF,2013J,0.2,0.1111111111111111
592766,FFF,2014B,0.15,0.041666666666666664
592772,BBB,2013J,0.05,0.047619047619047616
592775,CCC,2014B,0.1,0.05
592776,CCC,2014B,0.1,0.05714285714285714
592781,FFF,2013J,0.2,0.04878048780487805
592787,EEE,2013J,0.1,0.09523809523809523
592789,FFF,2013J,0.15,0.046153846153846156
592791,EEE,2013J,0.0,0.0
592810,FFF,2013J,0.3,0.05263157894736842
592815,BBB,2013J,0.05,0.16666666666666666
592842,EEE,2013J,0.0,0.0
592843,EEE,2014J,0.2,0.16
592854,BBB,2013J,0.0,0.0
592856,FFF,2013J,0.1,0.05128205128205128
592880,GGG,2013J,0.1,0.5
592882,GGG,2013J,0.1,0.11764705882352941
592895,EEE,2013J,0.25,0.19230769230769232
592899,DDD,2014J,0.05,0.024390243902439025
592900,BBB,2013J,0.1,0.05
592924,FFF,2013J,0.2,0.056338028169014086
592939,CCC,2014B,0.0,0.0
592939,FFF,2014B,0.0,0.0
592939,FFF,2014J,0.1,0.03333333333333333
592949,BBB,2013J,0.1,0.2
592950,DDD,2013J,0.3,0.044444444444444446
592961,CCC,2014B,0.35,0.10294117647058823
592961,EEE,2013J,0.05,0.043478260869565216
592976,CCC,2014B,0.3,0.09375
592997,CCC,2014J,0.2,0.10256410256410256
592997,EEE,2013J,0.0,0.0
593000,BBB,2014J,0.05,0.05263157894736842
593017,GGG,2013J,0.1,0.16666666666666666
593022,CCC,2014J,0.0,0.0
593022,FFF,2013J,0.25,0.0364963503649635
593023,BBB,2013J,0.3,0.15
593038,EEE,2014J,0.25,0.22727272727272727
593081,BBB,2013J,0.05,0.125
593099,DDD,2014J,0.25,0.06493506493506493
593103,CCC,2014B,0.1,0.1
593103,DDD,2013J,0.05,0.038461538461538464
593104,FFF,2013J,0.0,0.0
593121,GGG,2014B,0.1,0.13333333333333333
593123,CCC,2014B,0.0,0.0
593127,GGG,2013J,0.1,0.07142857142857142
593136,FFF,2014J,0.3,0.08450704225352113
593139,FFF,2013J,0.0,0.0
593246,GGG,2013J,0.05,0.07142857142857142
593272,FFF,2013J,0.35,0.06140350877192982
593281,BBB,2013J,0.0,0.0
593303,DDD,2013J,0.05,0.05263157894736842
593305,CCC,2014B,0.25,0.10638297872340426
593320,FFF,2013J,0.1,0.017094017094017096
593338,DDD,2013J,0.0,0.0
593345,BBB,2014B,0.0,0.0
593346,BBB,2014J,0.2,0.09090909090909091
593373,DDD,2014J,0.05,0.02
593385,BBB,2013J,0.0,0.0
593421,BBB,2013J,0.0,0.0
593427,BBB,2013J,0.0,0.0
593431,GGG,2013J,0.0,0.0
593444,BBB,2013J,0.05,0.030303030303030304
593459,FFF,2013J,0.15,0.057692307692307696
593476,BBB,2014J,0.0,0.0
593487,EEE,2013J,0.2,0.23529411764705882
593492,FFF,2013J,0.1,0.06451612903225806
593510,BBB,2013J,0.05,0.07142857142857142
593513,BBB,2013J,0.05,0.1
593514,BBB,2013J,0.0,0.0
593534,EEE,2013J,0.3,0.21428571428571427
593535,FFF,2013J,0.0,0.0
593540,GGG,2013J,0.25,0.14705882352941177
593546,GGG,2013J,0.05,0.034482758620689655
593563,FFF,2014J,0.2,0.06349206349206349
593583,BBB,2014J,0.0,0.0
593585,FFF,2013J,0.0,0.0
593587,EEE,2013J,0.25,0.18518518518518517
593593,BBB,2013J,0.1,0.10526315789473684
593594,DDD,2013J,0.05,0.05263157894736842
593607,CCC,2014J,0.0,0.0
593607,DDD,2014B,0.0,0.0
593631,BBB,2013J,0.05,0.1
593654,DDD,2013J,0.15,0.04285714285714286
593657,CCC,2014J,0.15,0.06
593657,DDD,2014B,0.15,0.037037037037037035
593658,GGG,2014J,0.25,0.4166666666666667
593681,FFF,2013J,0.05,0.015151515151515152
593685,BBB,2013J,0.0,0.0
593692,BBB,2013J,0.0,0.0
593694,BBB,2013J,0.15,0.0625
593695,BBB,2013J,0.1,0.1111111111111111
593709,BBB,2013J,0.0,0.0
593711,BBB,2013J,0.0,0.0
593712,BBB,2013J,0.0,0.0
593715,BBB,2013J,0.1,0.14285714285714285
593722,FFF,2014J,0.25,0.08771929824561403
593727,BBB,2013J,0.2,0.09302325581395349
593733,EEE,2014B,0.35,0.21875
593734,GGG,2013J,0.2,0.16666666666666666
593743,BBB,2013J,0.0,0.0
593755,FFF,2013J,0.15,0.06521739130434782
593780,FFF,2013J,0.1,0.14285714285714285
593785,GGG,2014B,0.3,0.24
593787,EEE,2013J,0.05,0.07692307692307693
593793,GGG,2013J,0.1,0.16666666666666666
593796,FFF,2014J,0.2,0.038461538461538464
593798,BBB,2013J,0.05,0.09090909090909091
593819,GGG,2013J,0.05,0.045454545454545456
593823,CCC,2014B,0.1,0.03571428571428571
593823,FFF,2013J,0.15,0.03296703296703297
593840,GGG,2013J,0.05,0.14285714285714285
593842,GGG,2013J,0.3,0.15789473684210525
593846,AAA,2014J,0.0,0.0
593858,GGG,2013J,0.15,0.10344827586206896
593871,BBB,2013J,0.0,0.0
593875,BBB,2013J,0.0,0.0
593896,EEE,2014J,0.2,0.16666666666666666
593898,BBB,2013J,0.05,0.03571428571428571
593900,BBB,2013J,0.05,0.09090909090909091
593903,DDD,2013J,0.05,0.02564102564102564
593903,DDD,2014J,0.05,0.025
593904,FFF,2013J,0.05,0.029411764705882353
593924,EEE,2013J,0.45,0.2647058823529412
593953,FFF,2013J,0.35,0.06306306306306306
593954,GGG,2013J,0.0,0.0
593965,GGG,2014B,0.4,0.25
593970,FFF,2013J,0.05,0.047619047619047616
593972,CCC,2014B,0.1,0.07692307692307693
593973,DDD,2013J,0.15,0.05454545454545454
593976,DDD,2014J,0.2,0.07017543859649122
593987,AAA,2014J,0.15,0.1
593995,CCC,2014B,0.25,0.08771929824561403
594011,DDD,2013J,0.2,0.05
594015,BBB,2013J,0.1,0.15384615384615385
594033,DDD,2014J,0.15,0.06382978723404255
594038,BBB,2013J,0.0,0.0
594043,BBB,2013J,0.0,0.0
594044,CCC,2014B,0.0,0.0
594044,FFF,2013J,0.05,0.02702702702702703
594048,DDD,2014J,0.05,0.027777777777777776
594052,DDD,2013J,0.05,0.03333333333333333
594056,BBB,2013J,0.1,0.11764705882352941
594061,BBB,2014B,0.3,0.1276595744680851
594065,FFF,2014J,0.2,0.05
594071,DDD,2014J,0.2,0.06153846153846154
594076,FFF,2013J,0.0,0.0
594078,DDD,2014B,0.1,0.04081632653061224
594081,DDD,2013J,0.0,0.0
594083,BBB,2014J,0.1,0.06451612903225806
594086,DDD,2013J,0.0,0.0
594111,EEE,2013J,0.0,0.0
594119,FFF,2013J,0.1,0.023809523809523808
594122,FFF,2014J,0.3,0.08450704225352113
594131,EEE,2014B,0.4,0.2962962962962963
594136,FFF,2014B,0.3,0.06315789473684211
594139,FFF,2013J,0.25,0.06756756756756757
594157,CCC,2014B,0.15,0.05357142857142857
594157,EEE,2013J,0.1,0.0625
594161,DDD,2014J,0.25,0.09433962264150944
594162,FFF,2013J,0.25,0.06756756756756757
594164,DDD,2013J,0.05,0.037037037037037035
594167,GGG,2014B,0.35,0.35
594185,GGG,2013J,0.15,0.2727272727272727
594188,GGG,2013J,0.2,0.18181818181818182
594196,GGG,2013J,0.1,0.125
594199,EEE,2013J,0.05,0.03571428571428571
594201,DDD,2013J,0.25,0.060240963855421686
594205,FFF,2013J,0.1,0.05
594229,FFF,2014J,0.2,0.046511627906976744
594233,EEE,2013J,0.05,0.5
594246,EEE,2013J,0.0,0.0
594250,FFF,2013J,0.05,0.010638297872340425
594258,FFF,2014B,0.0,0.0
594258,FFF,2014J,0.1,0.045454545454545456
594282,BBB,2014J,0.05,0.03225806451612903
594291,FFF,2013J,0.0,0.0
594319,FFF,2013J,0.05,0.016129032258064516
594326,CCC,2014J,0.2,0.07017543859649122
594326,FFF,2013J,0.0,0.0
594329,DDD,2014J,0.05,0.04
594342,FFF,2013J,0.15,0.07142857142857142
594360,FFF,2013J,0.05,0.037037037037037035
594371,CCC,2014B,0.3,0.1875
594374,FFF,2014B,0.1,0.03278688524590164
594376,FFF,2013J,0.05,0.07142857142857142
594395,FFF,2013J,0.05,0.041666666666666664
594399,EEE,2013J,0.1,0.08695652173913043
594404,FFF,2013J,0.0,0.0
594406,FFF,2013J,0.05,0.017241379310344827
594406,FFF,2014J,0.05,0.07142857142857142
594407,DDD,2013J,0.0,0.0
594407,DDD,2014B,0.0,0.0
594414,DDD,2013J,0.0,0.0
594417,BBB,2014B,0.0,0.0
594419,CCC,2014J,0.0,0.0
594419,DDD,2013J,0.1,0.058823529411764705
594431,EEE,2013J,0.3,0.21428571428571427
594450,GGG,2013J,0.05,0.25
594456,BBB,2013J,0.0,0.0
594468,BBB,2013J,0.2,0.11764705882352941
594497,BBB,2013J,0.0,0.0
594505,FFF,2013J,0.1,0.047619047619047616
594506,FFF,2013J,0.25,0.06666666666666667
594507,DDD,2013J,0.25,0.07142857142857142
594517,EEE,2013J,0.15,0.17647058823529413
594529,BBB,2013J,0.05,0.0625
594546,FFF,2013J,0.3,0.04878048780487805
594547,FFF,2013J,0.2,0.04938271604938271
594554,GGG,2013J,0.25,0.14705882352941177
594558,FFF,2013J,0.45,0.08256880733944955
594576,FFF,2013J,0.15,0.023255813953488372
594596,FFF,2013J,0.0,0.0
594602,EEE,2013J,0.1,0.5
594615,FFF,2014J,0.05,0.3333333333333333
594629,EEE,2014J,0.2,0.14814814814814814
594636,FFF,2014B,0.1,0.037037037037037035
594636,FFF,2014J,0.15,0.02608695652173913
594643,FFF,2013J,0.0,0.0
594677,BBB,2013J,0.05,0.0625
594684,EEE,2014B,0.5,0.3225806451612903
594693,BBB,2013J,0.05,0.058823529411764705
594723,GGG,2014B,0.15,0.16666666666666666
594745,GGG,2013J,0.15,0.125
594762,BBB,2013J,0.1,0.05405405405405406
594771,GGG,2013J,0.2,0.16666666666666666
594776,BBB,2013J,0.05,0.06666666666666667
594800,FFF,2013J,0.0,0.0
594814,FFF,2013J,0.15,0.04285714285714286
594815,FFF,2013J,0.05,0.1
594823,FFF,2013J,0.05,0.05
594834,GGG,2013J,0.25,0.18518518518518517
594845,BBB,2013J,0.0,0.0
594855,FFF,2013J,0.2,0.058823529411764705
594864,EEE,2013J,0.25,0.4166666666666667
594869,DDD,2013J,0.05,0.043478260869565216
594872,BBB,2014J,0.35,0.1346153846153846
594894,FFF,2013J,0.05,0.027777777777777776
594901,GGG,2013J,0.1,0.08333333333333333
594908,GGG,2014B,0.05,0.25
594909,CCC,2014J,0.1,0.03636363636363636
594909,FFF,2014B,0.05,0.01818181818181818
594910,GGG,2013J,0.2,0.16666666666666666
594925,DDD,2013J,0.25,0.06666666666666667
594928,BBB,2013J,0.0,0.0
594943,GGG,2013J,0.05,0.038461538461538464
594950,DDD,2014J,0.0,0.0
594956,FFF,2013J,0.05,0.05555555555555555
594963,DDD,2013J,0.2,0.03361344537815126
594976,EEE,2013J,0.2,0.17391304347826086
595010,BBB,2013J,0.0,0.0
595023,FFF,2013J,0.15,0.06818181818181818
595047,BBB,2014B,0.25,0.11904761904761904
595079,DDD,2013J,0.0,0.0
595094,BBB,2013J,0.0,0.0
595100,EEE,2014B,0.25,0.16129032258064516
595102,GGG,2014B,0.2,0.14285714285714285
595103,BBB,2013J,0.0,0.0
595106,CCC,2014J,0.05,0.02564102564102564
595106,FFF,2013J,0.1,0.013793103448275862
595130,BBB,2014J,0.25,0.16666666666666666
595137,BBB,2014J,0.1,0.2
595138,BBB,2013J,0.1,0.07142857142857142
595150,FFF,2013J,0.0,0.0
595164,CCC,2014B,0.0,0.0
595164,FFF,2013J,0.0,0.0
595182,CCC,2014B,0.05,0.02857142857142857
595182,EEE,2013J,0.1,0.07692307692307693
595185,GGG,2013J,0.15,0.12
595189,CCC,2014B,0.05,0.030303030303030304
595189,EEE,2013J,0.0,0.0
595193,DDD,2014B,0.1,0.058823529411764705
595215,DDD,2014J,0.25,0.06944444444444445
595230,FFF,2013J,0.15,0.06521739130434782
595235,FFF,2013J,0.1,0.043478260869565216
595241,BBB,2013J,0.0,0.0
595244,EEE,2013J,0.25,0.1724137931034483
595246,FFF,2013J,0.0,0.0
595256,GGG,2013J,0.15,0.13636363636363635
595262,FFF,2014J,0.25,0.16129032258064516
595295,BBB,2013J,0.05,0.043478260869565216
595298,BBB,2013J,0.05,0.5
595305,GGG,2013J,0.3,0.17142857142857143
595310,DDD,2014J,0.05,0.02040816326530612
595319,DDD,2013J,0.2,0.06153846153846154
595330,FFF,2013J,0.1,0.021505376344086023
595335,GGG,2013J,0.45,0.2571428571428571
595342,DDD,2014B,0.05,0.1
595343,GGG,2014B,0.05,0.1
595345,BBB,2013J,0.35,0.13725490196078433
595354,FFF,2013J,0.1,0.034482758620689655
595356,CCC,2014B,0.1,0.14285714285714285
595356,EEE,2014B,0.0,0.0
595365,BBB,2014J,0.0,0.0
595365,GGG,2013J,0.0,0.0
595373,DDD,2014B,0.0,0.0
595381,FFF,2013J,0.1,0.02702702702702703
595386,FFF,2013J,0.1,0.02631578947368421
595396,DDD,2013J,0.0,0.0
595401,FFF,2013J,0.05,0.03125
595421,BBB,2014J,0.1,0.09090909090909091
595434,GGG,2013J,0.25,0.1724137931034483
595436,BBB,2013J,0.1,0.14285714285714285
595440,GGG,2013J,0.1,0.06451612903225806
595474,GGG,2013J,0.25,0.1282051282051282
595477,FFF,2013J,0.15,0.036585365853658534
595483,FFF,2013J,0.0,0.0
595492,CCC,2014B,0.15,0.2
595492,EEE,2013J,0.1,0.07692307692307693
595495,CCC,2014J,0.0,0.0
595495,DDD,2013J,0.25,0.07142857142857142
595496,GGG,2013J,0.2,0.15384615384615385
595499,BBB,2013J,0.1,0.13333333333333333
595514,CCC,2014B,0.1,0.03773584905660377
595514,CCC,2014J,0.05,0.014925373134328358
595535,GGG,2013J,0.0,0.0
595553,EEE,2013J,0.15,0.08108108108108109
595570,BBB,2013J,0.15,0.17647058823529413
595572,GGG,2014B,0.45,0.21951219512195122
595593,FFF,2013J,0.0,0.0
595601,DDD,2013J,0.15,0.08333333333333333
595649,FFF,2013J,0.15,0.1111111111111111
595655,FFF,2013J,0.05,0.020833333333333332
595659,CCC,2014B,0.0,0.0
595659,DDD,2013J,0.05,0.06666666666666667
595672,BBB,2013J,0.2,0.2857142857142857
595676,FFF,2013J,0.05,0.0196078431372549
595678,BBB,2013J,0.1,0.09523809523809523
595685,DDD,2013J,0.0,0.0
595687,DDD,2013J,0.0,0.0
595721,FFF,2014J,0.35,0.11864406779661017
595735,FFF,2013J,0.0,0.0
595741,DDD,2014J,0.1,0.05
595746,FFF,2013J,0.1,0.022988505747126436
595752,FFF,2013J,0.4,0.04878048780487805
595769,FFF,2013J,0.3,0.05555555555555555
595781,CCC,2014B,0.0,0.0
595781,EEE,2013J,0.0,0.0
595787,DDD,2014J,0.05,0.05263157894736842
595797,CCC,2014B,0.25,0.16129032258064516
595808,EEE,2014B,0.1,0.13333333333333333
595818,BBB,2013J,0.1,0.07407407407407407
595840,FFF,2013J,0.05,0.008
595842,FFF,2013J,0.1,0.038461538461538464
595847,CCC,2014B,0.0,0.0
595847,FFF,2013J,0.0,0.0
595854,BBB,2013J,0.1,0.10526315789473684
595868,FFF,2013J,0.25,0.04504504504504504
595874,BBB,2013J,0.0,0.0
595876,DDD,2014J,0.05,0.025
595883,DDD,2014J,0.05,0.06666666666666667
595892,BBB,2014J,0.1,0.05263157894736842
595908,GGG,2013J,0.2,0.10526315789473684
595925,BBB,2013J,0.0,0.0
595927,GGG,2013J,0.6,0.2608695652173913
595935,FFF,2014B,0.05,0.012987012987012988
595938,EEE,2013J,0.0,0.0
595940,DDD,2013J,0.15,0.08333333333333333
595941,GGG,2014J,0.35,0.23333333333333334
595943,FFF,2014J,0.15,0.0410958904109589
595977,GGG,2013J,0.25,0.13513513513513514
595978,FFF,2014B,0.05,0.017241379310344827
595986,CCC,2014B,0.0,0.0
595986,DDD,2013J,0.05,0.03333333333333333
595988,DDD,2013J,0.0,0.0
595992,EEE,2014B,0.2,0.17391304347826086
596002,EEE,2013J,0.3,0.1935483870967742
596017,BBB,2013J,0.2,0.08163265306122448
596027,FFF,2013J,0.1,0.04
596029,FFF,2013J,0.0,0.0
596035,CCC,2014B,0.05,0.09090909090909091
596041,BBB,2013J,0.0,0.0
596071,GGG,2013J,0.3,0.18181818181818182
596075,GGG,2013J,0.25,0.16666666666666666
596089,GGG,2013J,0.2,0.16666666666666666
596091,GGG,2013J,0.1,0.09090909090909091
596093,DDD,2013J,0.0,0.0
596100,BBB,2013J,0.0,0.0
596104,DDD,2013J,0.1,0.1
596107,BBB,2013J,0.2,0.2222222222222222
596108,BBB,2013J,0.05,0.07142857142857142
596114,BBB,2013J,0.05,0.027777777777777776
596125,FFF,2013J,0.0,0.0
596128,BBB,2014J,0.0,0.0
596143,GGG,2013J,0.3,0.24
596144,BBB,2013J,0.0,0.0
596147,FFF,2013J,0.15,0.045454545454545456
596151,BBB,2014J,0.0,0.0
596157,CCC,2014B,0.15,0.07142857142857142
596171,BBB,2014B,0.1,0.125
596204,DDD,2013J,0.05,0.025
596208,GGG,2013J,0.1,0.08333333333333333
596214,GGG,2013J,0.1,0.2
596221,GGG,2013J,0.1,0.08
596242,BBB,2013J,0.05,0.043478260869565216
596243,FFF,2014J,0.15,0.033707865168539325
596253,FFF,2014J,0.2,0.06779661016949153
596255,GGG,2013J,0.05,0.25
596266,FFF,2013J,0.0,0.0
596270,DDD,2013J,0.25,0.06944444444444445
596288,AAA,2014J,0.05,0.047619047619047616
596292,DDD,2013J,0.0,0.0
596301,GGG,2013J,0.1,0.10526315789473684
596305,BBB,2013J,0.0,0.0
596306,DDD,2013J,0.0,0.0
596319,EEE,2013J,0.25,0.21739130434782608
596322,DDD,2014J,0.05,0.023809523809523808
596326,EEE,2014J,0.1,0.4
596332,CCC,2014J,0.1,0.06896551724137931
596347,EEE,2014B,0.15,0.17647058823529413
596358,GGG,2013J,0.15,0.15789473684210525
596359,DDD,2014J,0.0,0.0
596361,EEE,2013J,0.25,0.18518518518518517
596368,FFF,2013J,0.25,0.06578947368421052
596369,FFF,2013J,0.1,0.06896551724137931
596372,BBB,2013J,0.1,0.10526315789473684
596376,GGG,2013J,0.25,0.1388888888888889
596382,GGG,2014B,0.15,0.17647058823529413
596390,BBB,2013J,0.05,0.1111111111111111
596406,FFF,2013J,0.2,0.10526315789473684
596417,BBB,2013J,0.0,0.0
596432,EEE,2013J,0.0,0.0
596439,DDD,2014B,0.0,0.0
596441,DDD,2013J,0.0,0.0
596451,BBB,2013J,0.05,0.02702702702702703
596465,DDD,2014B,0.2,0.07017543859649122
596482,FFF,2014B,0.1,0.043478260869565216
596490,FFF,2013J,0.1,0.03773584905660377
596513,BBB,2014J,0.0,0.0
596513,GGG,2014B,0.05,0.03571428571428571
596521,FFF,2013J,0.0,0.0
596526,EEE,2013J,0.4,0.3333333333333333
596527,GGG,2013J,0.1,0.07692307692307693
596533,BBB,2014B,0.15,0.2
596535,BBB,2013J,0.15,0.13636363636363635
596570,DDD,2013J,0.1,0.05555555555555555
596588,GGG,2014B,0.15,0.16666666666666666
596589,DDD,2013J,0.0,0.0
596593,FFF,2013J,0.1,0.03636363636363636
596596,BBB,2013J,0.05,0.05555555555555555
596601,FFF,2014B,0.2,0.08888888888888889
596614,EEE,2013J,0.0,0.0
596624,FFF,2013J,0.0,0.0
596636,GGG,2013J,0.0,0.0
596646,FFF,2013J,0.1,0.05
596687,FFF,2013J,0.1,0.03125
596694,GGG,2013J,0.25,0.20833333333333334
596697,GGG,2013J,0.3,0.2
596699,FFF,2014B,0.1,0.07142857142857142
596711,CCC,2014J,0.1,0.14285714285714285
596728,BBB,2014J,0.15,0.07317073170731707
596731,CCC,2014B,0.1,0.08695652173913043
596731,DDD,2013J,0.05,0.025
596739,FFF,2013J,0.0,0.0
596751,GGG,2014B,0.15,0.125
596754,FFF,2013J,0.05,1.0
596756,FFF,2013J,0.05,0.016666666666666666
596758,FFF,2014J,0.35,0.06481481481481481
596759,DDD,2014J,0.3,0.07792207792207792
596789,EEE,2013J,0.0,0.0
596801,GGG,2013J,0.1,0.08695652173913043
596805,FFF,2014J,0.0,0.0
596812,EEE,2013J,0.0,0.0
596824,GGG,2013J,0.2,0.26666666666666666
596828,FFF,2013J,0.2,0.07547169811320754
596829,FFF,2013J,0.05,0.07692307692307693
596845,CCC,2014J,0.0,0.0
596845,DDD,2013J,0.05,0.02127659574468085
596846,CCC,2014J,0.05,0.038461538461538464
596846,DDD,2013J,0.1,0.0425531914893617
596847,BBB,2013J,0.05,0.16666666666666666
596849,BBB,2013J,0.0,0.0
596858,FFF,2013J,0.25,0.22727272727272727
596860,FFF,2013J,0.15,0.04477611940298507
596892,BBB,2013J,0.05,0.16666666666666666
596897,BBB,2013J,0.05,0.07692307692307693
596903,CCC,2014B,0.15,0.125
596931,EEE,2013J,0.0,0.0
596938,FFF,2013J,0.1,0.03571428571428571
596943,GGG,2013J,0.05,0.047619047619047616
596947,CCC,2014B,0.0,0.0
596947,EEE,2014B,0.0,0.0
596961,BBB,2013J,0.0,0.0
596964,BBB,2013J,0.0,0.0
596981,CCC,2014J,0.0,0.0
596981,FFF,2013J,0.05,0.014285714285714285
596982,FFF,2013J,0.25,0.06493506493506493
596988,BBB,2014J,0.1,0.0625
597010,GGG,2014B,0.1,0.125
597037,GGG,2014B,0.05,0.14285714285714285
597045,GGG,2013J,0.2,0.11764705882352941
597050,BBB,2013J,0.05,0.06666666666666667
597052,CCC,2014J,0.25,0.09803921568627451
597058,GGG,2013J,0.15,0.1
597060,GGG,2013J,0.2,0.13793103448275862
597078,BBB,2013J,0.1,0.4
597097,GGG,2013J,0.05,0.045454545454545456
597102,BBB,2013J,0.0,0.0
597114,GGG,2013J,0.0,0.0
597152,GGG,2013J,0.0,0.0
597199,FFF,2013J,0.35,0.051470588235294115
597204,FFF,2013J,0.15,0.018404907975460124
597206,EEE,2013J,0.15,0.2
597212,GGG,2013J,0.0,0.0
597234,FFF,2014B,0.0,0.0
597235,DDD,2013J,0.05,0.030303030303030304
597238,FFF,2013J,0.1,0.03508771929824561
597241,FFF,2013J,0.25,0.08620689655172414
597243,DDD,2013J,0.0,0.0
597252,EEE,2014J,0.0,0.0
597253,GGG,2013J,0.1,0.125
597255,BBB,2013J,0.0,0.0
597286,BBB,2013J,0.05,0.1111111111111111
597293,FFF,2013J,0.2,0.09523809523809523
597299,GGG,2013J,0.25,0.14285714285714285
597301,BBB,2013J,0.1,0.08695652173913043
597316,BBB,2014B,0.05,0.1
597319,EEE,2013J,0.1,0.09523809523809523
597333,GGG,2013J,0.15,0.10344827586206896
597335,EEE,2013J,0.15,0.21428571428571427
597356,DDD,2014B,0.0,0.0
597359,FFF,2014B,0.2,0.21052631578947367
597360,GGG,2013J,0.1,0.11764705882352941
597363,EEE,2013J,0.1,0.11764705882352941
597365,CCC,2014J,0.1,0.041666666666666664
597365,DDD,2013J,0.1,0.03125
597376,EEE,2013J,0.15,0.2727272727272727
597403,CCC,2014B,0.0,0.0
597403,DDD,2013J,0.0,0.0
597426,FFF,2014B,0.05,0.125
597428,DDD,2013J,0.1,0.024390243902439025
597433,CCC,2014J,0.0,0.0
597433,DDD,2013J,0.15,0.06818181818181818
597436,CCC,2014J,0.2,0.0784313725490196
597459,EEE,2013J,0.3,0.3
597485,FFF,2013J,0.2,0.06060606060606061
597495,FFF,2014B,0.0,0.0
597515,GGG,2013J,0.1,0.1
597529,DDD,2014J,0.05,0.02
597532,BBB,2013J,0.05,0.08333333333333333
597560,DDD,2013J,0.0,0.0
597571,DDD,2013J,0.25,0.08064516129032258
597573,EEE,2013J,0.25,0.23809523809523808
597582,BBB,2013J,0.0,0.0
597597,GGG,2013J,0.15,0.08571428571428572
597602,DDD,2013J,0.2,0.08
597608,DDD,2014J,0.15,0.07692307692307693
597617,GGG,2013J,0.1,0.15384615384615385
597627,FFF,2013J,0.15,0.061224489795918366
597662,FFF,2014B,0.2,0.038461538461538464
597669,GGG,2013J,0.25,0.17857142857142858
597689,BBB,2013J,0.0,0.0
597715,FFF,2013J,0.2,0.05263157894736842
597726,DDD,2013J,0.0,0.0
597730,BBB,2014B,0.05,0.06666666666666667
597732,EEE,2014J,0.4,0.2857142857142857
597737,FFF,2013J,0.0,0.0
597740,FFF,2014J,0.05,0.023809523809523808
597742,BBB,2013J,0.15,0.11538461538461539
597744,BBB,2014J,0.0,0.0
597747,FFF,2013J,0.2,0.06451612903225806
597755,CCC,2014J,0.05,0.02857142857142857
597755,DDD,2013J,0.3,0.08823529411764706
597770,DDD,2013J,0.05,0.01639344262295082
597779,DDD,2014J,0.0,0.0
597786,DDD,2014J,0.25,0.07462686567164178
597787,FFF,2013J,0.3,0.044444444444444446
597790,BBB,2013J,0.15,0.10714285714285714
597791,FFF,2013J,0.0,0.0
597797,FFF,2013J,0.1,0.03636363636363636
597819,FFF,2013J,0.1,0.02857142857142857
597839,DDD,2014B,0.0,0.0
597853,BBB,2014J,0.05,1.0
597866,BBB,2013J,0.0,0.0
597871,DDD,2013J,0.05,0.014925373134328358
597878,BBB,2013J,0.05,0.05263157894736842
597882,BBB,2014B,0.15,0.13043478260869565
597886,BBB,2013J,0.1,0.08695652173913043
597894,BBB,2013J,0.0,0.0
597906,FFF,2013J,0.25,0.08196721311475409
597909,EEE,2014B,0.2,0.17391304347826086
597912,FFF,2013J,0.15,0.05172413793103448
597926,CCC,2014B,0.15,0.075
597936,GGG,2013J,0.1,0.09090909090909091
597937,FFF,2014J,0.15,0.03260869565217391
597938,DDD,2013J,0.2,0.06060606060606061
597941,GGG,2013J,0.05,0.05263157894736842
597948,EEE,2013J,0.0,0.0
597968,DDD,2013J,0.1,0.0625
597971,GGG,2013J,0.15,0.15789473684210525
598000,BBB,2013J,0.1,0.15384615384615385
598001,FFF,2013J,0.05,0.025
598017,GGG,2014B,0.1,0.16666666666666666
598028,EEE,2013J,0.0,0.0
598032,FFF,2013J,0.05,0.09090909090909091
598035,BBB,2014J,0.05,0.14285714285714285
598052,DDD,2013J,0.15,0.07692307692307693
598064,DDD,2013J,0.35,0.109375
598074,EEE,2013J,0.0,0.0
598077,FFF,2013J,0.05,0.020833333333333332
598102,CCC,2014J,0.05,0.023255813953488372
598102,DDD,2014B,0.05,0.025
598103,DDD,2014J,0.15,0.057692307692307696
598107,GGG,2013J,0.35,0.1891891891891892
598113,CCC,2014B,0.0,0.0
598113,FFF,2014B,0.0,0.0
598123,DDD,2013J,0.0,0.0
598127,GGG,2014B,0.0,0.0
598139,GGG,2013J,0.2,0.09090909090909091
598141,DDD,2014J,0.3,0.09090909090909091
598176,GGG,2013J,0.1,0.15384615384615385
598178,GGG,2013J,0.15,0.14285714285714285
598179,DDD,2014B,0.05,0.029411764705882353
598201,BBB,2014J,0.05,0.0625
598213,FFF,2013J,0.45,0.08411214953271028
598215,FFF,2013J,0.1,0.02857142857142857
598226,GGG,2013J,0.05,0.16666666666666666
598230,BBB,2013J,0.05,0.07692307692307693
598235,FFF,2013J,0.0,0.0
598243,BBB,2013J,0.05,0.07142857142857142
598246,DDD,2013J,0.1,0.03571428571428571
598252,BBB,2013J,0.05,0.058823529411764705
598253,BBB,2013J,0.1,0.2
598260,BBB,2013J,0.0,0.0
598279,FFF,2013J,0.5,0.08
598282,BBB,2014J,0.05,0.022222222222222223
598285,FFF,2013J,0.1,0.0625
598294,FFF,2013J,0.05,0.030303030303030304
598299,CCC,2014J,0.2,0.0851063829787234
598299,FFF,2013J,0.05,0.02040816326530612
598303,DDD,2014J,0.05,0.1111111111111111
598306,FFF,2013J,0.1,0.05263157894736842
598308,FFF,2014J,0.0,0.0
598313,BBB,2014J,0.0,0.0
598321,CCC,2014B,0.15,0.06382978723404255
598321,EEE,2013J,0.15,0.08333333333333333
598327,GGG,2013J,0.05,0.045454545454545456
598351,BBB,2013J,0.15,0.08333333333333333
598376,FFF,2013J,0.3,0.049586776859504134
598385,FFF,2013J,0.05,0.029411764705882353
598415,BBB,2014B,0.05,0.06666666666666667
598420,GGG,2013J,0.1,0.125
598421,GGG,2013J,0.2,0.19047619047619047
598462,BBB,2013J,0.05,0.03125
598496,GGG,2014B,0.0,0.0
598498,FFF,2013J,0.0,0.0
598501,CCC,2014J,0.0,0.0
598501,DDD,2013J,0.25,0.08196721311475409
598516,DDD,2013J,0.05,0.016129032258064516
598536,DDD,2013J,0.1,0.058823529411764705
598536,DDD,2014J,0.0,0.0
598540,FFF,2014J,0.2,0.04597701149425287
598543,FFF,2013J,0.3,0.09523809523809523
598555,FFF,2013J,0.25,0.08333333333333333
598559,FFF,2014J,0.1,0.0392156862745098
598564,GGG,2014B,0.15,0.375
598571,FFF,2014B,0.1,0.014184397163120567
598581,BBB,2014J,0.0,0.0
598614,BBB,2014B,0.05,0.14285714285714285
598623,BBB,2013J,0.1,0.041666666666666664
598624,BBB,2014B,0.05,0.09090909090909091
598637,DDD,2013J,0.15,0.031914893617021274
598642,FFF,2014B,0.15,0.07142857142857142
598649,FFF,2013J,0.15,0.04918032786885246
598662,CCC,2014B,0.05,0.03571428571428571
598662,EEE,2013J,0.15,0.125
598664,DDD,2013J,0.35,0.07216494845360824
598665,CCC,2014J,0.0,0.0
598665,DDD,2013J,0.2,0.042105263157894736
598666,FFF,2013J,0.0,0.0
598667,GGG,2013J,0.05,0.04
598694,BBB,2014B,0.05,0.058823529411764705
598706,FFF,2013J,0.05,0.01639344262295082
598709,BBB,2013J,0.1,0.11764705882352941
598713,CCC,2014J,0.05,0.04
598713,FFF,2014B,0.1,0.038461538461538464
598717,GGG,2013J,0.1,0.2222222222222222
598750,DDD,2014B,0.1,0.045454545454545456
598751,CCC,2014J,0.05,0.1111111111111111
598752,FFF,2013J,0.2,0.10526315789473684
598757,FFF,2014J,0.05,0.06666666666666667
598760,BBB,2013J,0.05,0.0625
598761,FFF,2013J,0.25,0.03937007874015748
598762,GGG,2013J,0.25,0.4166666666666667
598769,BBB,2014J,0.05,0.2
598788,GGG,2013J,0.25,0.21739130434782608
598809,EEE,2013J,0.05,0.5
598821,EEE,2013J,0.0,0.0
598824,GGG,2013J,0.05,0.16666666666666666
598835,FFF,2013J,0.25,0.03875968992248062
598837,BBB,2014J,0.0,0.0
598840,GGG,2013J,0.3,0.13953488372093023
598842,DDD,2013J,0.05,0.019230769230769232
598860,CCC,2014B,0.05,0.023255813953488372
598860,DDD,2013J,0.05,0.009433962264150943
598865,BBB,2013J,0.0,0.0
598883,BBB,2013J,0.05,0.05263157894736842
598887,FFF,2013J,0.1,0.06896551724137931
598907,BBB,2013J,0.05,0.1
598914,BBB,2013J,0.05,0.029411764705882353
598918,BBB,2014B,0.1,0.15384615384615385
598921,GGG,2013J,0.1,0.14285714285714285
598962,FFF,2013J,0.05,0.027777777777777776
598963,CCC,2014J,0.25,0.12195121951219512
598963,EEE,2013J,0.0,0.0
598966,FFF,2013J,0.2,0.05970149253731343
598969,BBB,2013J,0.0,0.0
598973,EEE,2013J,0.25,0.1724137931034483
598983,CCC,2014J,0.1,0.08695652173913043
598983,FFF,2013J,0.1,0.0425531914893617
598986,BBB,2013J,0.0,0.0
598989,DDD,2013J,0.35,0.0707070707070707
599009,GGG,2013J,0.15,0.09375
599016,BBB,2013J,0.05,0.1111111111111111
599037,BBB,2013J,0.25,0.08620689655172414
599048,FFF,2014B,0.2,0.06779661016949153
599049,DDD,2013J,0.2,0.057971014492753624
599056,EEE,2014B,0.05,0.14285714285714285
599059,EEE,2014J,0.05,0.5
599068,DDD,2013J,0.05,0.014925373134328358
599080,GGG,2013J,0.15,0.13043478260869565
599083,DDD,2014J,0.3,0.08823529411764706
599084,CCC,2014J,0.05,0.3333333333333333
599094,FFF,2013J,0.0,0.0
599104,FFF,2013J,0.3,0.0425531914893617
599108,BBB,2014J,0.0,0.0
599109,CCC,2014J,0.05,0.023809523809523808
599109,DDD,2013J,0.05,0.020833333333333332
599132,BBB,2014B,0.05,0.1
599134,DDD,2014B,0.05,0.0625
599144,GGG,2014B,0.1,0.11764705882352941
599146,DDD,2013J,0.15,0.04225352112676056
599161,BBB,2014B,0.05,0.058823529411764705
599169,CCC,2014J,0.0,0.0
599169,DDD,2013J,0.2,0.03773584905660377
599176,CCC,2014J,0.15,0.08108108108108109
599176,EEE,2013J,0.05,0.034482758620689655
599177,DDD,2013J,0.1,0.05555555555555555
599199,FFF,2013J,0.2,0.05263157894736842
599202,BBB,2014B,0.05,0.0625
599207,BBB,2014B,0.05,0.047619047619047616
599215,EEE,2014J,0.25,0.21739130434782608
599230,BBB,2013J,0.1,0.06896551724137931
599245,FFF,2013J,0.0,0.0
599263,CCC,2014B,0.25,0.17857142857142858
599263,EEE,2014B,0.1,0.13333333333333333
599267,GGG,2013J,0.0,0.0
599275,CCC,2014B,0.1,0.08333333333333333
599276,GGG,2014B,0.2,0.17391304347826086
599278,GGG,2013J,0.05,0.1111111111111111
599282,GGG,2014J,0.25,0.2631578947368421
599284,EEE,2013J,0.1,0.2
599289,FFF,2013J,0.05,0.009433962264150943
599292,BBB,2013J,0.0,0.0
599297,FFF,2014J,0.0,0.0
599306,GGG,2013J,0.1,0.09090909090909091
599314,DDD,2013J,0.0,0.0
599315,FFF,2013J,0.2,0.039603960396039604
599341,EEE,2014B,0.0,0.0
599355,BBB,2014J,0.25,0.14285714285714285
599370,FFF,2013J,0.2,0.07407407407407407
599385,GGG,2013J,0.3,0.1935483870967742
599398,CCC,2014J,0.05,0.023255813953488372
599398,FFF,2014B,0.0,0.0
599402,BBB,2013J,0.2,0.17391304347826086
599410,GGG,2013J,0.25,0.16666666666666666
599425,DDD,2013J,0.05,0.019230769230769232
599429,EEE,2014J,0.0,0.0
599445,FFF,2013J,0.1,0.020202020202020204
599452,CCC,2014J,0.0,0.0
599452,EEE,2013J,0.0,0.0
599467,GGG,2014B,0.2,0.16
599468,FFF,2013J,0.05,0.01282051282051282
599478,EEE,2013J,0.25,0.20833333333333334
599479,EEE,2013J,0.25,0.3125
599491,CCC,2014J,0.55,0.22448979591836735
599495,BBB,2014B,0.2,0.09302325581395349
599503,GGG,2013J,0.1,0.5
599529,GGG,2013J,0.0,0.0
599542,EEE,2013J,0.05,0.058823529411764705
599554,EEE,2014B,0.4,0.34782608695652173
599559,FFF,2013J,0.1,0.01904761904761905
599570,FFF,2013J,0.0,0.0
599577,DDD,2013J,0.2,0.043010752688172046
599585,DDD,2013J,0.2,0.058823529411764705
599587,FFF,2013J,0.2,0.057971014492753624
599620,GGG,2014B,0.2,0.2
599639,BBB,2013J,0.0,0.0
599644,BBB,2013J,0.0,0.0
599649,DDD,2014B,0.0,0.0
599663,CCC,2014J,0.0,0.0
599663,FFF,2013J,0.05,0.015873015873015872
599683,FFF,2013J,0.25,0.04132231404958678
599709,BBB,2013J,0.0,0.0
599718,FFF,2013J,0.2,0.05714285714285714
599725,DDD,2013J,0.1,0.03076923076923077
599737,DDD,2013J,0.15,0.05084745762711865
599739,BBB,2013J,0.15,0.07142857142857142
599740,CCC,2014J,0.0,0.0
599740,FFF,2014B,0.15,0.02830188679245283
599742,DDD,2013J,0.0,0.0
599748,BBB,2013J,0.2,0.11428571428571428
599768,EEE,2013J,0.4,0.25806451612903225
599769,BBB,2014B,0.05,0.3333333333333333
599783,FFF,2013J,0.15,0.039473684210526314
599785,BBB,2013J,0.0,0.0
599787,BBB,2013J,0.5,0.14492753623188406
599789,DDD,2014B,0.15,0.08108108108108109
599794,BBB,2013J,0.3,0.09375
599795,FFF,2013J,0.05,0.2
599804,GGG,2013J,0.0,0.0
599812,FFF,2014B,0.0,0.0
599815,GGG,2013J,0.05,0.038461538461538464
599816,FFF,2013J,0.25,0.078125
599836,BBB,2013J,0.0,0.0
599837,DDD,2013J,0.0,0.0
599840,BBB,2013J,0.15,0.17647058823529413
599853,GGG,2013J,0.05,0.07692307692307693
599854,DDD,2013J,0.1,0.10526315789473684
599857,CCC,2014B,0.0,0.0
599857,FFF,2013J,0.0,0.0
599865,FFF,2014J,0.05,0.0625
599893,EEE,2013J,0.0,0.0
599895,BBB,2013J,0.0,0.0
599902,EEE,2013J,0.1,0.10526315789473684
599907,FFF,2013J,0.05,0.041666666666666664
599908,BBB,2013J,0.2,0.06666666666666667
599937,EEE,2014B,0.05,0.05263157894736842
599942,EEE,2013J,0.05,0.125
599947,DDD,2013J,0.05,0.05
599958,CCC,2014B,0.1,0.031746031746031744
599958,EEE,2013J,0.15,0.08108108108108109
599963,GGG,2013J,0.15,0.10344827586206896
599990,BBB,2014B,0.0,0.0
600033,DDD,2014J,0.25,0.07352941176470588
600035,GGG,2014B,0.15,0.13636363636363635
600067,CCC,2014J,0.2,0.06451612903225806
600067,DDD,2013J,0.05,0.01818181818181818
600071,EEE,2013J,0.0,0.0
600071,FFF,2014J,0.1,0.037037037037037035
600073,CCC,2014B,0.35,0.1590909090909091
600081,GGG,2013J,0.25,0.2777777777777778
600094,CCC,2014B,0.05,0.5
600094,DDD,2013J,0.0,0.0
600097,GGG,2013J,0.3,0.17142857142857143
600121,BBB,2013J,0.05,0.05
600142,CCC,2014B,0.05,0.25
600142,EEE,2013J,0.0,0.0
600175,FFF,2013J,0.1,0.019230769230769232
600187,EEE,2013J,0.25,0.2
600198,EEE,2013J,0.15,0.23076923076923078
600202,GGG,2013J,0.25,0.20833333333333334
600224,FFF,2013J,0.25,0.0641025641025641
600242,DDD,2013J,0.0,0.0
600243,FFF,2013J,0.15,0.1
600266,GGG,2013J,0.05,0.5
600267,EEE,2014J,0.15,0.2727272727272727
600277,GGG,2013J,0.1,0.2222222222222222
600279,BBB,2013J,0.2,0.16666666666666666
600292,FFF,2014B,0.05,0.024390243902439025
600305,GGG,2013J,0.3,0.16216216216216217
600320,GGG,2014J,0.15,0.10344827586206896
600335,CCC,2014B,0.05,0.030303030303030304
600335,EEE,2013J,0.0,0.0
600350,EEE,2013J,0.1,0.125
600365,DDD,2013J,0.15,0.13043478260869565
600367,FFF,2013J,0.0,0.0
600370,BBB,2013J,0.15,0.15789473684210525
600387,BBB,2014J,0.3,0.15789473684210525
600388,FFF,2014B,0.0,0.0
600398,BBB,2014J,0.1,0.0625
600405,FFF,2014J,0.0,0.0
600415,BBB,2014J,0.2,0.09302325581395349
600428,BBB,2014J,0.0,0.0
600436,FFF,2013J,0.05,0.02702702702702703
600461,GGG,2013J,0.05,0.08333333333333333
600463,BBB,2014J,0.0,0.0
600470,BBB,2013J,0.0,0.0
600471,GGG,2013J,0.15,0.125
600478,DDD,2013J,0.05,0.015384615384615385
600490,BBB,2013J,0.05,0.05263157894736842
600502,DDD,2014J,0.15,0.075
600509,CCC,2014B,0.0,0.0
600509,CCC,2014J,0.0,0.0
600509,EEE,2013J,0.0,0.0
600514,GGG,2013J,0.1,0.07407407407407407
600535,CCC,2014J,0.2,0.07272727272727272
600542,FFF,2013J,0.05,0.02
600547,CCC,2014B,0.0,0.0
600547,EEE,2013J,0.0,0.0
600558,FFF,2013J,0.1,0.037037037037037035
600566,GGG,2013J,0.2,0.19047619047619047
600606,BBB,2014J,0.05,0.045454545454545456
600606,GGG,2013J,0.1,0.08333333333333333
600615,FFF,2013J,0.0,0.0
600623,EEE,2014B,0.4,0.2857142857142857
600632,CCC,2014B,0.3,0.0967741935483871
600635,DDD,2013J,0.05,0.021739130434782608
600645,GGG,2013J,0.2,0.12121212121212122
600648,DDD,2013J,0.0,0.0
600664,BBB,2014J,0.1,0.06896551724137931
600670,DDD,2014B,0.2,0.047619047619047616
600671,DDD,2013J,0.1,0.03076923076923077
600676,FFF,2013J,0.15,0.025210084033613446
600680,DDD,2014J,0.25,0.10638297872340426
600682,FFF,2013J,0.2,0.0392156862745098
600684,BBB,2013J,0.15,0.061224489795918366
600686,DDD,2013J,0.05,0.02631578947368421
600702,FFF,2014B,0.45,0.06338028169014084
600714,GGG,2014B,0.1,0.18181818181818182
600733,GGG,2013J,0.2,0.12121212121212122
600740,BBB,2013J,0.2,0.08163265306122448
600766,EEE,2014J,0.25,0.18518518518518517
600767,DDD,2014B,0.15,0.06976744186046512
600771,BBB,2013J,0.0,0.0
600773,FFF,2014J,0.0,0.0
600796,CCC,2014J,0.0,0.0
600796,DDD,2013J,0.1,0.0425531914893617
600801,EEE,2014B,0.05,0.07142857142857142
600814,CCC,2014J,0.0,0.0
600814,EEE,2014B,0.15,0.10344827586206896
600817,DDD,2013J,0.2,0.05970149253731343
600856,BBB,2013J,0.05,0.043478260869565216
600860,FFF,2013J,0.25,0.041666666666666664
600869,EEE,2013J,0.05,0.1
600891,DDD,2014B,0.15,0.043478260869565216
600893,FFF,2014B,0.05,0.03333333333333333
600893,FFF,2014J,0.0,0.0
600895,GGG,2013J,0.3,0.16216216216216217
600906,GGG,2013J,0.05,0.2
600908,GGG,2013J,0.15,0.1875
600916,EEE,2013J,0.15,0.3333333333333333
600938,EEE,2013J,0.1,0.1
600944,FFF,2013J,0.05,0.030303030303030304
600945,CCC,2014B,0.05,0.03225806451612903
600945,EEE,2013J,0.2,0.18181818181818182
600947,FFF,2013J,0.0,0.0
600963,DDD,2013J,0.15,0.1
600966,BBB,2013J,0.05,0.058823529411764705
600987,CCC,2014B,0.0,0.0
600987,EEE,2014B,0.1,0.08695652173913043
600991,FFF,2013J,0.05,0.019230769230769232
601008,FFF,2014J,0.2,0.07407407407407407
601010,BBB,2014B,0.0,0.0
601021,FFF,2013J,0.05,0.019230769230769232
601040,FFF,2013J,0.1,0.05
601042,FFF,2013J,0.15,0.075
601043,CCC,2014J,0.05,0.25
601043,EEE,2014B,0.1,0.11764705882352941
601048,DDD,2013J,0.0,0.0
601054,EEE,2014B,0.05,0.05263157894736842
601064,GGG,2014B,0.15,0.1111111111111111
601082,CCC,2014J,0.0,0.0
601082,DDD,2014B,0.05,0.022222222222222223
601088,DDD,2013J,0.05,0.0625
601092,DDD,2013J,0.05,0.01694915254237288
601093,DDD,2014B,0.0,0.0
601099,FFF,2013J,0.35,0.05426356589147287
601104,FFF,2013J,0.05,0.022727272727272728
601105,FFF,2013J,0.0,0.0
601123,GGG,2013J,0.3,0.15
601125,GGG,2013J,0.3,0.35294117647058826
601126,GGG,2013J,0.15,0.14285714285714285
601132,GGG,2013J,0.15,0.1111111111111111
601133,DDD,2013J,0.0,0.0
601175,EEE,2013J,0.1,0.08695652173913043
601180,FFF,2013J,0.1,0.03076923076923077
601182,EEE,2013J,0.25,0.18518518518518517
601184,FFF,2013J,0.1,0.15384615384615385
601199,GGG,2013J,0.15,0.17647058823529413
601204,DDD,2013J,0.05,0.06666666666666667
601211,EEE,2014B,0.35,0.2413793103448276
601213,FFF,2013J,0.05,0.0196078431372549
601224,CCC,2014B,0.15,0.09090909090909091
601224,EEE,2013J,0.0,0.0
601230,DDD,2013J,0.1,0.034482758620689655
601234,CCC,2014J,0.0,0.0
601234,DDD,2013J,0.05,0.01694915254237288
601235,FFF,2014J,0.25,0.054945054945054944
601238,BBB,2014B,0.2,0.2222222222222222
601243,BBB,2013J,0.15,0.075
601247,BBB,2014J,0.35,0.12962962962962962
601251,BBB,2013J,0.1,0.125
601263,DDD,2013J,0.1,0.041666666666666664
601269,BBB,2013J,0.1,0.058823529411764705
601271,FFF,2013J,0.15,0.10344827586206896
601271,FFF,2014J,0.05,0.024390243902439025
601275,GGG,2013J,0.2,0.14285714285714285
601276,GGG,2013J,0.0,0.0
601286,DDD,2013J,0.0,0.0
601289,DDD,2013J,0.3,0.09230769230769231
601293,DDD,2013J,0.15,0.03896103896103896
601316,BBB,2014J,0.0,0.0
601319,GGG,2013J,0.05,0.05555555555555555
601345,FFF,2014B,0.2,0.13333333333333333
601346,BBB,2013J,0.0,0.0
601356,BBB,2014B,0.1,0.10526315789473684
601360,GGG,2013J,0.2,0.14285714285714285
601375,FFF,2014B,0.05,0.018518518518518517
601380,DDD,2013J,0.05,0.027777777777777776
601386,EEE,2014B,0.25,0.25
601388,CCC,2014J,0.0,0.0
601388,FFF,2013J,0.15,0.075
601389,FFF,2013J,0.05,0.016129032258064516
601390,FFF,2013J,0.1,0.0392156862745098
601399,FFF,2013J,0.1,0.046511627906976744
601414,GGG,2013J,0.0,0.0
601418,DDD,2014J,0.0,0.0
601430,FFF,2013J,0.25,0.07692307692307693
601431,CCC,2014J,0.05,0.024390243902439025
601433,EEE,2013J,0.1,0.25
601439,FFF,2013J,0.15,0.04411764705882353
601455,BBB,2013J,0.05,0.06666666666666667
601464,GGG,2013J,0.3,0.16216216216216217
601465,GGG,2013J,0.15,0.13636363636363635
601467,DDD,2013J,0.1,0.0392156862745098
601472,BBB,2013J,0.05,0.2
601488,DDD,2014J,0.0,0.0
601497,BBB,2013J,0.05,0.02040816326530612
601499,BBB,2013J,0.1,0.07407407407407407
601504,BBB,2013J,0.0,0.0
601505,BBB,2013J,0.0,0.0
601511,GGG,2013J,0.1,0.5
601517,CCC,2014J,0.0,0.0
601534,GGG,2013J,0.1,0.16666666666666666
601546,GGG,2013J,0.25,0.20833333333333334
601550,CCC,2014B,0.05,0.02702702702702703
601551,BBB,2013J,0.05,0.09090909090909091
601558,BBB,2013J,0.0,0.0
601560,FFF,2014B,0.0,0.0
601566,CCC,2014J,0.0,0.0
601566,DDD,2013J,0.0,0.0
601567,CCC,2014J,0.0,0.0
601567,EEE,2014J,0.05,0.0625
601576,GGG,2013J,0.15,0.42857142857142855
601579,DDD,2013J,0.2,0.07407407407407407
601583,FFF,2013J,0.1,0.021505376344086023
601605,GGG,2013J,0.15,0.10344827586206896
601616,BBB,2014B,0.15,0.15789473684210525
601635,BBB,2013J,0.05,0.06666666666666667
601645,GGG,2013J,0.1,0.06896551724137931
601653,EEE,2013J,0.05,0.03333333333333333
601655,BBB,2013J,0.05,0.125
601680,FFF,2014J,0.0,0.0
601681,FFF,2013J,0.2,0.04395604395604396
601706,BBB,2013J,0.05,0.16666666666666666
601706,BBB,2014J,0.0,0.0
601735,CCC,2014J,0.05,0.0625
601735,FFF,2014B,0.1,0.017094017094017096
601745,FFF,2013J,0.1,0.045454545454545456
601757,EEE,2013J,0.15,0.10714285714285714
601761,FFF,2013J,0.0,0.0
601788,FFF,2013J,0.05,0.020833333333333332
601803,BBB,2014J,0.1,0.5
601808,FFF,2013J,0.15,0.06666666666666667
601820,FFF,2014J,0.2,0.06451612903225806
601827,EEE,2013J,0.2,0.36363636363636365
601854,GGG,2013J,0.1,0.11764705882352941
601857,DDD,2013J,0.2,0.04819277108433735
601862,BBB,2014B,0.05,0.05555555555555555
601872,CCC,2014B,0.1,0.05714285714285714
601873,EEE,2013J,0.25,0.2777777777777778
601874,BBB,2014J,0.0,0.0
601885,BBB,2013J,0.05,0.16666666666666666
601887,BBB,2013J,0.05,0.1
601896,BBB,2013J,0.05,0.07692307692307693
601934,BBB,2013J,0.0,0.0
601939,GGG,2013J,0.15,0.09090909090909091
601949,CCC,2014B,0.1,0.05128205128205128
601951,BBB,2013J,0.0,0.0
601952,FFF,2013J,0.2,0.0975609756097561
601956,CCC,2014J,0.0,0.0
601956,DDD,2014B,0.0,0.0
601963,GGG,2013J,0.3,0.23076923076923078
601983,BBB,2014J,0.0,0.0
601983,GGG,2013J,0.15,0.08571428571428572
601997,GGG,2013J,0.05,0.16666666666666666
602007,EEE,2013J,0.3,0.18181818181818182
602009,BBB,2013J,0.0,0.0
602011,BBB,2014B,0.0,0.0
602014,BBB,2013J,0.0,0.0
602023,GGG,2013J,0.1,0.3333333333333333
602026,GGG,2013J,0.05,0.3333333333333333
602029,DDD,2014J,0.05,0.02127659574468085
602030,CCC,2014J,0.05,0.1
602042,CCC,2014B,0.2,0.18181818181818182
602045,GGG,2014B,0.45,0.2571428571428571
602053,FFF,2013J,0.05,0.02702702702702703
602061,GGG,2014B,0.1,0.2222222222222222
602066,BBB,2013J,0.0,0.0
602072,GGG,2013J,0.15,0.14285714285714285
602099,FFF,2013J,0.0,0.0
602109,BBB,2014J,0.0,0.0
602123,CCC,2014J,0.25,0.18518518518518517
602133,CCC,2014B,0.15,0.06666666666666667
602133,EEE,2013J,0.1,0.07142857142857142
602147,BBB,2013J,0.05,0.05263157894736842
602150,EEE,2014B,0.0,0.0
602151,CCC,2014J,0.05,0.03225806451612903
602168,GGG,2013J,0.05,0.125
602185,DDD,2014J,0.25,0.11904761904761904
602228,DDD,2014B,0.0,0.0
602233,EEE,2013J,0.2,0.23529411764705882
602245,BBB,2013J,0.0,0.0
602268,EEE,2013J,0.25,0.1724137931034483
602269,CCC,2014B,0.0,0.0
602269,EEE,2013J,0.1,0.125
602275,EEE,2013J,0.2,0.17391304347826086
602288,CCC,2014J,0.15,0.10344827586206896
602288,EEE,2013J,0.05,0.038461538461538464
602302,DDD,2013J,0.15,0.04411764705882353
602312,FFF,2013J,0.3,0.039473684210526314
602318,DDD,2014J,0.25,0.078125
602324,BBB,2013J,0.0,0.0
602356,DDD,2013J,0.2,0.08888888888888889
602360,GGG,2014J,0.15,0.23076923076923078
602365,DDD,2014B,0.0,0.0
602389,EEE,2013J,0.3,0.21428571428571427
602395,BBB,2013J,0.0,0.0
602398,EEE,2013J,0.0,0.0
602401,GGG,2013J,0.2,0.14285714285714285
602404,DDD,2013J,0.15,0.06
602424,EEE,2013J,0.25,0.25
602451,FFF,2013J,0.15,0.028846153846153848
602454,DDD,2014B,0.05,0.017241379310344827
602458,BBB,2013J,0.1,0.07142857142857142
602468,FFF,2013J,0.0,0.0
602469,FFF,2013J,0.25,0.06666666666666667
602470,GGG,2013J,0.3,0.21428571428571427
602471,BBB,2014J,0.3,0.13043478260869565
602483,BBB,2013J,0.05,0.14285714285714285
602496,BBB,2013J,0.05,0.16666666666666666
602502,FFF,2013J,0.0,0.0
602511,FFF,2013J,0.3,0.0594059405940594
602516,FFF,2013J,0.15,0.05263157894736842
602528,DDD,2014J,0.15,0.06382978723404255
602531,GGG,2013J,0.0,0.0
602533,CCC,2014J,0.0,0.0
602533,DDD,2014B,0.05,0.018518518518518517
602570,BBB,2014J,0.05,0.08333333333333333
602573,GGG,2013J,0.2,0.1
602577,FFF,2013J,0.05,0.0136986301369863
602594,FFF,2014J,0.3,0.06818181818181818
602595,DDD,2013J,0.15,0.061224489795918366
602604,GGG,2013J,0.15,0.1
602634,BBB,2013J,0.0,0.0
602655,GGG,2014B,0.15,0.13636363636363635
602663,EEE,2013J,0.45,0.2647058823529412
602666,BBB,2014J,0.0,0.0
602669,FFF,2013J,0.2,0.05263157894736842
602672,FFF,2014B,0.0,0.0
602681,FFF,2014B,0.15,0.05357142857142857
602683,CCC,2014J,0.15,0.10344827586206896
602696,BBB,2014J,0.15,0.061224489795918366
602703,CCC,2014B,0.0,0.0
602703,EEE,2013J,0.05,0.047619047619047616
602707,EEE,2014J,0.2,0.18181818181818182
602711,GGG,2013J,0.25,0.16666666666666666
602713,FFF,2013J,0.2,0.07692307692307693
602718,CCC,2014B,0.0,0.0
602718,EEE,2013J,0.1,0.08695652173913043
602719,FFF,2013J,0.15,0.045454545454545456
602721,EEE,2014B,0.35,0.30434782608695654
602725,DDD,2013J,0.1,0.11764705882352941
602729,DDD,2013J,0.25,0.054945054945054944
602734,FFF,2013J,0.0,0.0
602739,BBB,2013J,0.05,0.16666666666666666
602767,BBB,2013J,0.05,0.027777777777777776
602768,GGG,2013J,0.1,0.14285714285714285
602777,FFF,2013J,0.0,0.0
602779,BBB,2014J,0.25,0.08928571428571429
602780,GGG,2013J,0.15,0.09375
602783,DDD,2013J,0.05,0.017543859649122806
602792,FFF,2013J,0.05,0.05555555555555555
602803,BBB,2013J,0.05,0.06666666666666667
602811,FFF,2013J,0.05,0.017241379310344827
602815,BBB,2014B,0.0,0.0
602818,FFF,2014B,0.1,0.0273972602739726
602820,GGG,2013J,0.1,0.0625
602826,BBB,2013J,0.0,0.0
602827,CCC,2014J,0.0,0.0
602827,EEE,2013J,0.1,0.07142857142857142
602830,EEE,2014J,0.2,0.13333333333333333
602837,FFF,2013J,0.1,0.046511627906976744
602854,FFF,2014B,0.2,0.05555555555555555
602856,DDD,2013J,0.25,0.09090909090909091
602862,FFF,2014B,0.05,0.015625
602865,BBB,2014J,0.25,0.10869565217391304
602895,FFF,2013J,0.1,0.046511627906976744
602902,CCC,2014B,0.0,0.0
602902,DDD,2013J,0.25,0.08064516129032258
602913,CCC,2014B,0.05,0.07142857142857142
602929,BBB,2014B,0.0,0.0
602943,BBB,2014J,0.15,0.07142857142857142
602948,FFF,2013J,0.2,0.05128205128205128
602973,CCC,2014J,0.05,0.025
602991,BBB,2014B,0.1,0.11764705882352941
602994,FFF,2013J,0.0,0.0
603012,BBB,2013J,0.0,0.0
603034,DDD,2013J,0.05,0.03333333333333333
603035,BBB,2013J,0.0,0.0
603036,BBB,2013J,0.15,0.05084745762711865
603038,BBB,2013J,0.15,0.07142857142857142
603044,GGG,2013J,0.15,0.09375
603049,CCC,2014J,0.05,0.06666666666666667
603049,DDD,2013J,0.1,0.05
603055,BBB,2014J,0.0,0.0
603058,GGG,2013J,0.1,0.07142857142857142
603059,FFF,2013J,0.05,0.011764705882352941
603061,BBB,2014B,0.0,0.0
603064,GGG,2014B,0.5,0.2702702702702703
603108,EEE,2014J,0.15,0.15789473684210525
603111,FFF,2014B,0.15,0.03488372093023256
603112,BBB,2014B,0.1,0.14285714285714285
603113,BBB,2014J,0.0,0.0
603123,BBB,2013J,0.0,0.0
603129,CCC,2014J,0.1,0.09523809523809523
603155,FFF,2013J,0.2,0.08333333333333333
603163,FFF,2014B,0.15,0.10714285714285714
603164,GGG,2013J,0.25,0.2
603165,BBB,2013J,0.0,0.0
603170,FFF,2013J,0.2,0.0547945205479452
603179,CCC,2014J,0.05,0.041666666666666664
603179,EEE,2014J,0.1,0.1111111111111111
603199,FFF,2013J,0.0,0.0
603200,BBB,2014J,0.15,0.08108108108108109
603210,BBB,2013J,0.05,0.03571428571428571
603216,FFF,2013J,0.0,0.0
603222,CCC,2014B,0.0,0.0
603222,EEE,2013J,0.05,0.0625
603224,DDD,2014J,0.25,0.08771929824561403
603230,GGG,2013J,0.25,0.3333333333333333
603231,FFF,2013J,0.25,0.06944444444444445
603260,FFF,2013J,0.0,0.0
603265,BBB,2013J,0.05,0.3333333333333333
603270,BBB,2013J,0.1,0.09090909090909091
603287,BBB,2013J,0.0,0.0
603300,FFF,2013J,0.25,0.040983606557377046
603302,DDD,2014B,0.0,0.0
603303,DDD,2014J,0.2,0.10526315789473684
603309,EEE,2013J,0.45,0.2727272727272727
603325,CCC,2014J,0.0,0.0
603325,DDD,2013J,0.1,0.047619047619047616
603327,FFF,2013J,0.1,0.047619047619047616
603328,GGG,2013J,0.05,0.03571428571428571
603341,FFF,2013J,0.1,0.04878048780487805
603389,FFF,2013J,0.25,0.053763440860215055
603398,BBB,2013J,0.0,0.0
603406,DDD,2014J,0.1,0.038461538461538464
603410,DDD,2013J,0.15,0.09375
603423,FFF,2013J,0.1,0.4
603431,DDD,2013J,0.0,0.0
603437,FFF,2013J,0.2,0.05714285714285714
603440,BBB,2013J,0.0,0.0
603446,BBB,2013J,0.1,0.08695652173913043
603455,EEE,2013J,0.15,0.17647058823529413
603469,DDD,2013J,0.15,0.08823529411764706
603477,CCC,2014B,0.1,0.05555555555555555
603477,EEE,2013J,0.1,0.07142857142857142
603493,DDD,2014J,0.05,0.14285714285714285
603498,DDD,2013J,0.0,0.0
603503,CCC,2014J,0.15,0.08823529411764706
603503,EEE,2013J,0.05,0.041666666666666664
603513,DDD,2013J,0.1,0.05263157894736842
603529,CCC,2014J,0.15,0.08823529411764706
603529,FFF,2013J,0.2,0.029197080291970802
603531,EEE,2014B,0.3,0.2
603539,FFF,2014B,0.05,0.011235955056179775
603565,EEE,2013J,0.1,0.25
603576,FFF,2013J,0.05,0.022727272727272728
603579,GGG,2013J,0.2,0.2857142857142857
603580,BBB,2014J,0.05,0.02631578947368421
603585,GGG,2014J,0.0,0.0
603597,FFF,2013J,0.1,0.038461538461538464
603600,FFF,2013J,0.2,0.03361344537815126
603601,BBB,2013J,0.0,0.0
603611,FFF,2013J,0.15,0.045454545454545456
603612,GGG,2014B,0.15,0.13043478260869565
603620,CCC,2014J,0.1,0.08333333333333333
603627,BBB,2013J,0.05,0.041666666666666664
603639,CCC,2014B,0.15,0.25
603639,EEE,2013J,0.0,0.0
603648,FFF,2014J,0.4,0.06557377049180328
603651,FFF,2013J,0.1,0.029850746268656716
603661,BBB,2013J,0.0,0.0
603685,GGG,2013J,0.25,0.18518518518518517
603690,DDD,2014B,0.15,0.05172413793103448
603694,FFF,2014B,0.2,0.057971014492753624
603730,DDD,2013J,0.05,0.16666666666666666
603731,BBB,2014J,0.1,0.05
603733,FFF,2013J,0.2,0.05555555555555555
603740,GGG,2013J,0.15,0.2
603746,BBB,2014J,0.0,0.0
603762,BBB,2014B,0.05,0.16666666666666666
603763,GGG,2013J,0.05,0.06666666666666667
603818,BBB,2013J,0.0,0.0
603819,FFF,2013J,0.25,0.06329113924050633
603832,CCC,2014B,0.0,0.0
603832,EEE,2014B,0.1,0.06451612903225806
603834,AAA,2014J,0.0,0.0
603848,FFF,2013J,0.0,0.0
603848,FFF,2014B,0.0,0.0
603859,CCC,2014B,0.35,0.11290322580645161
603861,AAA,2013J,0.05,0.038461538461538464
603861,AAA,2014J,0.0,0.0
603908,BBB,2013J,0.0,0.0
603912,BBB,2013J,0.1,0.058823529411764705
603913,GGG,2013J,0.25,0.17857142857142858
603918,GGG,2013J,0.45,0.2647058823529412
603921,BBB,2014J,0.0,0.0
603921,GGG,2014B,0.0,0.0
603931,FFF,2013J,0.0,0.0
603961,DDD,2014J,0.05,0.03225806451612903
603972,FFF,2014B,0.1,0.0425531914893617
604050,EEE,2013J,0.05,0.05263157894736842
604055,DDD,2013J,0.25,0.078125
604057,CCC,2014J,0.2,0.09090909090909091
604057,EEE,2014J,0.1,0.05555555555555555
604061,GGG,2014J,0.1,0.18181818181818182
604064,GGG,2013J,0.1,0.06896551724137931
604072,DDD,2013J,0.0,0.0
604087,FFF,2013J,0.1,0.01904761904761905
604095,BBB,2013J,0.05,0.16666666666666666
604096,GGG,2013J,0.2,0.12903225806451613
604106,BBB,2014B,0.15,0.21428571428571427
604110,GGG,2013J,0.05,0.03125
604116,BBB,2013J,0.1,0.09523809523809523
604142,FFF,2013J,0.0,0.0
604147,BBB,2013J,0.0,0.0
604151,BBB,2013J,0.0,0.0
604153,GGG,2013J,0.1,0.14285714285714285
604154,BBB,2013J,0.0,0.0
604156,DDD,2013J,0.3,0.07317073170731707
604164,CCC,2014B,0.0,0.0
604164,CCC,2014J,0.25,0.09090909090909091
604172,EEE,2014B,0.25,0.22727272727272727
604174,FFF,2014B,0.1,0.029850746268656716
604184,FFF,2013J,0.1,0.0425531914893617
604187,BBB,2013J,0.0,0.0
604196,BBB,2013J,0.1,0.09523809523809523
604200,BBB,2013J,0.05,0.02702702702702703
604204,BBB,2013J,0.1,0.1
604213,GGG,2013J,0.05,0.034482758620689655
604238,BBB,2013J,0.15,0.05555555555555555
604270,EEE,2014B,0.35,0.30434782608695654
604281,DDD,2013J,0.4,0.10256410256410256
604292,BBB,2013J,0.15,0.07894736842105263
604293,FFF,2014B,0.15,0.0625
604315,BBB,2013J,0.0,0.0
604317,DDD,2013J,0.0,0.0
604336,GGG,2013J,0.1,0.1111111111111111
604337,EEE,2014B,0.05,0.3333333333333333
604338,FFF,2014B,0.1,0.06896551724137931
604356,BBB,2013J,0.05,0.05555555555555555
604358,BBB,2014J,0.1,0.034482758620689655
604378,EEE,2013J,0.3,0.2222222222222222
604379,FFF,2013J,0.0,0.0
604393,EEE,2013J,0.4,0.25806451612903225
604416,FFF,2013J,0.0,0.0
604423,GGG,2013J,0.15,0.1
604427,FFF,2013J,0.1,0.05128205128205128
604462,DDD,2013J,0.2,0.07692307692307693
604478,FFF,2013J,0.1,0.013888888888888888
604498,GGG,2013J,0.05,0.05263157894736842
604500,DDD,2014J,0.1,0.05128205128205128
604502,EEE,2014B,0.3,0.20689655172413793
604504,GGG,2014B,0.2,0.18181818181818182
604517,CCC,2014B,0.05,0.037037037037037035
604517,EEE,2013J,0.15,0.11538461538461539
604534,GGG,2013J,0.2,0.5714285714285714
604536,GGG,2013J,0.05,0.045454545454545456
604539,GGG,2013J,0.25,0.13513513513513514
604543,BBB,2013J,0.0,0.0
604556,BBB,2013J,0.0,0.0
604567,FFF,2014J,0.2,0.07142857142857142
604571,CCC,2014B,0.0,0.0
604571,EEE,2014B,0.0,0.0
604574,DDD,2013J,0.0,0.0
604581,FFF,2013J,0.0,0.0
604588,GGG,2013J,0.1,0.09090909090909091
604614,FFF,2014J,0.15,0.045454545454545456
604627,DDD,2013J,0.0,0.0
604633,FFF,2013J,0.2,0.10256410256410256
604635,FFF,2013J,0.0,0.0
604655,CCC,2014B,0.0,0.0
604655,DDD,2013J,0.05,0.047619047619047616
604671,DDD,2014J,0.0,0.0
604685,EEE,2013J,0.15,0.12
604698,FFF,2014B,0.25,0.09090909090909091
604700,FFF,2013J,0.3,0.0759493670886076
604709,DDD,2014J,0.0,0.0
604721,GGG,2013J,0.05,0.05
604723,CCC,2014B,0.05,0.04
604723,DDD,2013J,0.05,0.03571428571428571
604725,BBB,2014J,0.05,0.027777777777777776
604731,BBB,2013J,0.05,0.2
604741,FFF,2013J,0.1,0.03571428571428571
604755,FFF,2013J,0.05,0.025
604766,FFF,2013J,0.2,0.03773584905660377
604789,EEE,2014B,0.1,0.18181818181818182
604799,FFF,2013J,0.1,0.03125
604825,CCC,2014J,0.05,0.2
604854,DDD,2013J,0.15,0.0967741935483871
604879,FFF,2013J,0.4,0.05405405405405406
604901,GGG,2014B,0.25,0.1724137931034483
604905,DDD,2014B,0.1,0.06666666666666667
604906,CCC,2014J,0.0,0.0
604906,EEE,2013J,0.05,0.043478260869565216
604907,FFF,2014J,0.0,0.0
604912,DDD,2013J,0.0,0.0
604916,BBB,2013J,0.05,0.043478260869565216
604917,BBB,2013J,0.05,0.030303030303030304
604919,BBB,2013J,0.15,0.06382978723404255
604921,BBB,2013J,0.1,0.08
604930,GGG,2013J,0.35,0.1891891891891892
604932,BBB,2013J,0.05,0.1
604939,BBB,2013J,0.0,0.0
604942,BBB,2013J,0.05,0.0625
604945,FFF,2013J,0.05,0.05
604950,BBB,2014J,0.15,0.07692307692307693
604952,DDD,2013J,0.15,0.09090909090909091
604962,BBB,2014B,0.0,0.0
604966,BBB,2013J,0.05,0.030303030303030304
604969,FFF,2014B,0.0,0.0
604980,GGG,2013J,0.3,0.35294117647058826
604982,BBB,2013J,0.0,0.0
604990,BBB,2014J,0.2,0.09523809523809523
604997,CCC,2014B,0.0,0.0
605009,BBB,2013J,0.1,0.09523809523809523
605012,FFF,2013J,0.2,0.06349206349206349
605027,GGG,2013J,0.15,0.13043478260869565
605048,FFF,2013J,0.4,0.07547169811320754
605068,BBB,2014J,0.25,0.1111111111111111
605069,FFF,2013J,0.0,0.0
605070,DDD,2014J,0.1,0.125
605072,GGG,2013J,0.0,0.0
605089,BBB,2014J,0.1,0.09523809523809523
605102,BBB,2013J,0.0,0.0
605105,DDD,2013J,0.2,0.044444444444444446
605111,CCC,2014J,0.1,0.06060606060606061
605111,EEE,2013J,0.1,0.13333333333333333
605118,DDD,2013J,0.2,0.04938271604938271
605118,DDD,2014J,0.1,0.045454545454545456
605125,EEE,2014J,0.2,0.4
605129,EEE,2014J,0.25,0.29411764705882354
605144,CCC,2014B,0.15,0.0967741935483871
605144,DDD,2013J,0.15,0.043478260869565216
605156,GGG,2013J,0.4,0.21052631578947367
605180,EEE,2013J,0.0,0.0
605180,FFF,2014J,0.0,0.0
605195,FFF,2013J,0.15,0.02564102564102564
605207,BBB,2013J,0.05,0.07692307692307693
605225,GGG,2013J,0.05,0.045454545454545456
605228,FFF,2014J,0.0,0.0
605243,BBB,2014J,0.1,0.047619047619047616
605246,BBB,2013J,0.15,0.12
605255,BBB,2013J,0.0,0.0
605264,EEE,2013J,0.05,0.045454545454545456
605265,FFF,2013J,0.2,0.07142857142857142
605266,CCC,2014B,0.05,0.018518518518518517
605266,DDD,2013J,0.15,0.041666666666666664
605269,FFF,2013J,0.0,0.0
605294,EEE,2014J,0.3,0.21428571428571427
605301,GGG,2013J,0.25,0.16129032258064516
605306,GGG,2013J,0.1,0.125
605312,FFF,2014B,0.15,0.05084745762711865
605325,GGG,2013J,0.05,0.125
605327,BBB,2013J,0.0,0.0
605361,EEE,2013J,0.35,0.35
605367,CCC,2014J,0.15,0.06521739130434782
605367,EEE,2014B,0.2,0.15384615384615385
605375,GGG,2014B,0.05,0.06666666666666667
605390,BBB,2013J,0.15,0.08823529411764706
605394,FFF,2014J,0.05,0.01639344262295082
605409,FFF,2013J,0.15,0.028846153846153848
605438,BBB,2013J,0.0,0.0
605445,GGG,2014B,0.3,0.20689655172413793
605459,FFF,2013J,0.05,0.024390243902439025
605475,FFF,2014B,0.1,0.02040816326530612
605476,DDD,2013J,0.1,0.09523809523809523
605480,EEE,2013J,0.2,1.0
605488,DDD,2014J,0.05,0.01694915254237288
605493,FFF,2014B,0.15,0.0625
605505,BBB,2013J,0.1,0.1111111111111111
605521,GGG,2013J,0.2,0.25
605538,FFF,2013J,0.15,0.057692307692307696
605540,CCC,2014J,0.05,0.0625
605540,DDD,2013J,0.05,0.015384615384615385
605556,GGG,2014B,0.05,0.07692307692307693
605561,DDD,2013J,0.0,0.0
605571,CCC,2014B,0.2,0.058823529411764705
605571,FFF,2013J,0.25,0.0364963503649635
605589,FFF,2013J,0.1,0.03125
605594,BBB,2013J,0.0,0.0
605595,BBB,2013J,0.05,0.125
605596,DDD,2014B,0.1,0.05555555555555555
605597,BBB,2014B,0.1,0.2857142857142857
605598,FFF,2013J,0.15,0.03409090909090909
605621,FFF,2013J,0.1,0.038461538461538464
605652,DDD,2014B,0.0,0.0
605666,CCC,2014J,0.0,0.0
605666,FFF,2013J,0.05,0.023255813953488372
605672,BBB,2014B,0.05,0.05555555555555555
605679,BBB,2013J,0.0,0.0
605682,FFF,2014J,0.25,0.056179775280898875
605688,CCC,2014B,0.15,0.06666666666666667
605688,EEE,2014B,0.1,0.08333333333333333
605692,GGG,2013J,0.0,0.0
605693,BBB,2014B,0.1,0.16666666666666666
605695,DDD,2014B,0.05,0.027777777777777776
605702,GGG,2014B,0.2,0.2
605703,CCC,2014B,0.0,0.0
605703,DDD,2013J,0.15,0.04225352112676056
605733,GGG,2013J,0.0,0.0
605756,FFF,2013J,0.15,0.02912621359223301
605759,DDD,2014B,0.05,0.04
605759,DDD,2014J,0.05,0.03225806451612903
605770,BBB,2014J,0.2,0.17391304347826086
605771,BBB,2014J,0.1,0.041666666666666664
605781,DDD,2014B,0.05,0.045454545454545456
605828,GGG,2014B,0.1,0.13333333333333333
605832,BBB,2013J,0.05,0.2
605836,EEE,2014J,0.4,0.25
605840,CCC,2014J,0.1,0.2
605854,BBB,2013J,0.1,0.125
605861,GGG,2013J,0.0,0.0
605868,CCC,2014J,0.1,0.0625
605876,DDD,2014J,0.15,0.05660377358490566
605885,DDD,2013J,0.05,0.125
605886,FFF,2013J,0.1,0.022988505747126436
605901,BBB,2014J,0.1,0.043478260869565216
605901,GGG,2013J,0.0,0.0
605905,FFF,2013J,0.0,0.0
605908,EEE,2013J,0.15,0.375
605916,BBB,2013J,0.15,0.06976744186046512
605920,GGG,2013J,0.25,0.20833333333333334
605930,BBB,2013J,0.1,0.15384615384615385
605941,DDD,2013J,0.25,0.09433962264150944
605954,FFF,2013J,0.0,0.0
605974,FFF,2013J,0.4,0.0975609756097561
605977,GGG,2013J,0.2,0.16666666666666666
605988,FFF,2013J,0.2,0.03278688524590164
605993,FFF,2013J,0.3,0.05660377358490566
605996,BBB,2014B,0.0,0.0
606002,FFF,2013J,0.15,0.0379746835443038
606006,FFF,2013J,0.1,0.2222222222222222
606027,BBB,2014J,0.0,0.0
606028,GGG,2013J,0.0,0.0
606047,EEE,2013J,0.15,0.13043478260869565
606052,GGG,2013J,0.0,0.0
606062,FFF,2013J,0.3,0.06382978723404255
606064,CCC,2014J,0.35,0.25
606069,BBB,2014B,0.25,0.2
606079,FFF,2013J,0.05,0.0625
606082,DDD,2013J,0.0,0.0
606097,BBB,2013J,0.1,0.07407407407407407
606101,GGG,2014B,0.25,0.20833333333333334
606104,FFF,2013J,0.3,0.046153846153846156
606105,BBB,2014J,0.0,0.0
606127,EEE,2014B,0.05,0.07692307692307693
606134,BBB,2014J,0.1,0.05
606143,AAA,2013J,0.0,0.0
606167,FFF,2013J,0.25,0.06329113924050633
606170,CCC,2014J,0.2,0.16
606175,GGG,2014B,0.1,0.1111111111111111
606179,BBB,2013J,0.1,0.1
606182,EEE,2014B,0.1,0.09090909090909091
606194,BBB,2013J,0.15,0.10344827586206896
606206,CCC,2014B,0.05,0.09090909090909091
606206,EEE,2013J,0.05,0.045454545454545456
606229,BBB,2013J,0.05,0.08333333333333333
606233,GGG,2013J,0.2,0.4444444444444444
606239,BBB,2014J,0.25,0.22727272727272727
606245,GGG,2013J,0.15,0.13636363636363635
606257,FFF,2014J,0.35,0.0875
606282,CCC,2014B,0.25,0.15151515151515152
606296,GGG,2014B,0.35,0.21212121212121213
606304,FFF,2013J,0.2,0.04597701149425287
606313,BBB,2014B,0.25,0.09259259259259259
606319,DDD,2013J,0.15,0.05263157894736842
606322,DDD,2013J,0.15,0.07692307692307693
606344,CCC,2014J,0.0,0.0
606344,DDD,2013J,0.0,0.0
606345,CCC,2014J,0.3,0.15789473684210525
606350,CCC,2014B,0.05,0.16666666666666666
606355,BBB,2013J,0.0,0.0
606373,EEE,2013J,0.1,0.125
606377,BBB,2013J,0.0,0.0
606386,FFF,2013J,0.3,0.08823529411764706
606389,GGG,2014B,0.25,0.15625
606391,BBB,2014J,0.05,0.02040816326530612
606391,GGG,2013J,0.2,0.1111111111111111
606409,GGG,2013J,0.15,0.15
606410,BBB,2013J,0.1,0.2857142857142857
606412,BBB,2013J,0.05,0.058823529411764705
606414,BBB,2013J,0.1,0.16666666666666666
606420,BBB,2013J,0.05,0.043478260869565216
606422,BBB,2013J,0.05,0.03225806451612903
606435,GGG,2013J,0.0,0.0
606436,FFF,2013J,0.0,0.0
606442,BBB,2014J,0.0,0.0
606444,CCC,2014B,0.2,0.08163265306122448
606444,FFF,2013J,0.2,0.02531645569620253
606450,BBB,2013J,0.0,0.0
606458,BBB,2013J,0.0,0.0
606463,GGG,2013J,0.25,0.15151515151515152
606465,BBB,2013J,0.1,0.15384615384615385
606471,GGG,2013J,0.15,0.1
606513,DDD,2013J,0.0,0.0
606517,BBB,2014J,0.0,0.0
606529,BBB,2014B,0.0,0.0
606535,BBB,2014J,0.2,0.07692307692307693
606546,BBB,2013J,0.0,0.0
606562,BBB,2013J,0.05,0.027777777777777776
606570,GGG,2013J,0.15,0.1
606572,BBB,2013J,0.3,0.11320754716981132
606586,BBB,2014J,0.0,0.0
606593,DDD,2013J,0.0,0.0
606602,GGG,2014B,0.05,0.14285714285714285
606634,BBB,2014B,0.05,0.07142857142857142
606651,BBB,2013J,0.05,0.125
606665,CCC,2014B,0.0,0.0
606665,DDD,2013J,0.15,0.046153846153846156
606685,BBB,2013J,0.0,0.0
606690,BBB,2014B,0.05,0.021739130434782608
606697,BBB,2013J,0.25,0.08620689655172414
606707,GGG,2014B,0.2,0.19047619047619047
606711,FFF,2013J,0.2,0.06451612903225806
606712,FFF,2013J,0.0,0.0
606713,FFF,2014B,0.4,0.15384615384615385
606724,CCC,2014B,0.15,0.09375
606724,EEE,2013J,0.05,0.04
606743,EEE,2013J,0.1,0.13333333333333333
606757,DDD,2014J,0.2,0.0625
606788,DDD,2013J,0.2,0.07407407407407407
606805,FFF,2014J,0.25,0.14285714285714285
606815,GGG,2013J,0.15,0.1
606828,CCC,2014B,0.05,0.1
606835,FFF,2013J,0.15,0.02054794520547945
606837,DDD,2014J,0.0,0.0
606856,GGG,2014J,0.0,0.0
606858,GGG,2014B,0.2,0.2
606861,BBB,2014J,0.15,0.09375
606864,BBB,2014J,0.1,0.18181818181818182
606864,GGG,2013J,0.0,0.0
606869,GGG,2013J,0.25,0.18518518518518517
606870,FFF,2014B,0.1,0.044444444444444446
606884,DDD,2014B,0.15,0.06521739130434782
606895,GGG,2013J,0.0,0.0
606903,FFF,2013J,0.05,0.01639344262295082
606904,FFF,2014J,0.1,0.07692307692307693
606908,DDD,2013J,0.15,0.05263157894736842
606914,BBB,2014J,0.0,0.0
606918,EEE,2013J,0.25,0.20833333333333334
606930,FFF,2013J,0.0,0.0
606939,FFF,2013J,0.1,0.029411764705882353
606966,FFF,2013J,0.1,0.05128205128205128
606976,FFF,2014B,0.1,0.05263157894736842
606977,FFF,2014B,0.0,0.0
606990,FFF,2013J,0.05,0.029411764705882353
607018,GGG,2013J,0.15,0.21428571428571427
607047,CCC,2014J,0.0,0.0
607047,FFF,2013J,0.0,0.0
607052,CCC,2014B,0.1,0.046511627906976744
607052,FFF,2013J,0.15,0.05172413793103448
607061,CCC,2014B,0.0,0.0
607061,DDD,2013J,0.05,0.034482758620689655
607062,BBB,2014J,0.15,0.11538461538461539
607073,DDD,2013J,0.1,0.02857142857142857
607085,CCC,2014J,0.0,0.0
607085,EEE,2013J,0.0,0.0
607094,CCC,2014J,0.05,0.125
607097,BBB,2013J,0.0,0.0
607108,BBB,2014B,0.0,0.0
607110,DDD,2013J,0.0,0.0
607118,FFF,2013J,0.05,0.017857142857142856
607130,DDD,2014B,0.1,0.03773584905660377
607134,FFF,2013J,0.1,0.25
607135,FFF,2013J,0.0,0.0
607143,EEE,2013J,0.0,0.0
607151,DDD,2013J,0.25,0.058823529411764705
607163,GGG,2013J,0.15,0.16666666666666666
607176,BBB,2014J,0.0,0.0
607178,EEE,2013J,0.4,0.25806451612903225
607196,DDD,2013J,0.05,0.03125
607220,BBB,2014B,0.15,0.375
607235,GGG,2014B,0.2,0.13793103448275862
607243,FFF,2014J,0.3,0.06666666666666667
607247,FFF,2013J,0.35,0.05303030303030303
607256,GGG,2013J,0.15,0.0967741935483871
607293,GGG,2013J,0.15,0.1
607300,BBB,2013J,0.05,0.03333333333333333
607303,FFF,2014J,0.2,0.038834951456310676
607316,DDD,2013J,0.1,0.043478260869565216
607337,GGG,2013J,0.05,0.125
607342,GGG,2014J,0.4,0.27586206896551724
607387,GGG,2014J,0.2,0.16666666666666666
607398,BBB,2013J,0.0,0.0
607413,EEE,2014B,0.05,1.0
607429,CCC,2014J,0.05,0.045454545454545456
607443,GGG,2013J,0.15,0.15
607453,CCC,2014J,0.05,0.03125
607453,FFF,2014B,0.05,0.009345794392523364
607462,DDD,2014B,0.0,0.0
607483,DDD,2014J,0.15,0.046153846153846156
607483,GGG,2013J,0.0,0.0
607485,DDD,2013J,0.0,0.0
607493,BBB,2013J,0.15,0.1875
607498,DDD,2013J,0.05,0.015873015873015872
607501,FFF,2014J,0.15,0.04054054054054054
607507,GGG,2013J,0.15,0.12
607510,GGG,2013J,0.0,0.0
607525,DDD,2014J,0.15,0.0625
607529,BBB,2014B,0.05,0.07142857142857142
607530,GGG,2014B,0.2,0.2
607536,GGG,2014B,0.15,0.13636363636363635
607538,FFF,2013J,0.15,0.030612244897959183
607547,GGG,2014B,0.1,0.14285714285714285
607548,GGG,2013J,0.15,0.13043478260869565
607555,CCC,2014J,0.0,0.0
607555,DDD,2013J,0.1,0.027777777777777776
607572,DDD,2014B,0.0,0.0
607600,EEE,2013J,0.15,0.13043478260869565
607603,BBB,2014J,0.05,0.045454545454545456
607622,DDD,2013J,0.0,0.0
607636,CCC,2014B,0.05,0.038461538461538464
607636,EEE,2013J,0.0,0.0
607638,DDD,2014J,0.1,0.03278688524590164
607642,BBB,2013J,0.0,0.0
607650,FFF,2013J,0.15,0.046153846153846156
607668,CCC,2014J,0.2,0.1
607670,DDD,2013J,0.1,0.13333333333333333
607678,BBB,2014B,0.0,0.0
607679,FFF,2014J,0.2,0.05333333333333334
607696,FFF,2013J,0.0,0.0
607699,BBB,2013J,0.25,0.25
607700,FFF,2014J,0.05,0.02
607702,FFF,2014B,0.0,0.0
607725,BBB,2013J,0.05,0.038461538461538464
607735,BBB,2013J,0.05,0.037037037037037035
607754,GGG,2013J,0.5,0.19607843137254902
607762,GGG,2014B,0.05,0.08333333333333333
607767,DDD,2014J,0.1,0.08
607778,BBB,2013J,0.2,0.08888888888888889
607794,FFF,2013J,0.25,0.058823529411764705
607797,GGG,2013J,0.05,0.041666666666666664
607800,DDD,2013J,0.2,0.07407407407407407
607804,BBB,2013J,0.0,0.0
607812,CCC,2014J,0.15,0.06521739130434782
607814,EEE,2013J,0.0,0.0
607835,CCC,2014B,0.15,0.06521739130434782
607835,EEE,2013J,0.0,0.0
607848,BBB,2013J,0.0,0.0
607849,GGG,2013J,0.2,0.25
607854,DDD,2013J,0.1,0.043478260869565216
607866,FFF,2013J,0.0,0.0
607866,FFF,2014J,0.1,0.05128205128205128
607887,BBB,2013J,0.05,0.07692307692307693
607889,BBB,2013J,0.35,0.22580645161290322
607892,BBB,2013J,0.1,0.058823529411764705
607896,FFF,2014B,0.1,0.044444444444444446
607899,FFF,2014B,0.15,0.04054054054054054
607900,CCC,2014J,0.0,0.0
607900,DDD,2013J,0.2,0.04040404040404041
607909,BBB,2013J,0.0,0.0
607912,GGG,2013J,0.4,0.27586206896551724
607914,BBB,2013J,0.05,0.043478260869565216
607923,BBB,2014J,0.1,0.058823529411764705
607927,CCC,2014B,0.0,0.0
607927,DDD,2013J,0.0,0.0
607937,BBB,2013J,0.0,0.0
607938,FFF,2013J,0.05,0.015625
607947,CCC,2014J,0.1,0.1
607947,EEE,2013J,0.15,0.11538461538461539
607953,BBB,2014B,0.0,0.0
607957,GGG,2013J,0.2,0.3333333333333333
607966,CCC,2014B,0.0,0.0
607966,DDD,2013J,0.05,0.038461538461538464
607975,DDD,2014J,0.1,0.05
607979,FFF,2013J,0.05,0.008849557522123894
608000,BBB,2013J,0.1,0.05555555555555555
608008,FFF,2013J,0.1,0.03076923076923077
608024,EEE,2013J,0.1,0.125
608041,BBB,2013J,0.1,0.2
608043,FFF,2013J,0.2,0.02962962962962963
608047,BBB,2013J,0.0,0.0
608062,DDD,2013J,0.0,0.0
608068,BBB,2014J,0.0,0.0
608104,BBB,2014B,0.05,0.047619047619047616
608109,GGG,2014B,0.2,0.18181818181818182
608110,BBB,2014B,0.05,0.25
608111,FFF,2014B,0.0,0.0
608115,GGG,2013J,0.3,0.17142857142857143
608130,EEE,2013J,0.1,0.047619047619047616
608134,BBB,2014J,0.05,0.038461538461538464
608144,FFF,2013J,0.25,0.08928571428571429
608152,CCC,2014B,0.1,0.08
608152,EEE,2014B,0.0,0.0
608164,BBB,2014B,0.15,0.07894736842105263
608169,FFF,2013J,0.15,0.09090909090909091
608178,DDD,2013J,0.1,0.05
608195,BBB,2014J,0.1,0.041666666666666664
608195,GGG,2013J,0.05,0.02564102564102564
608196,FFF,2013J,0.05,0.1111111111111111
608206,DDD,2013J,0.0,0.0
608217,DDD,2013J,0.0,0.0
608221,GGG,2014B,0.0,0.0
608231,FFF,2013J,0.05,0.0136986301369863
608238,DDD,2013J,0.2,0.0547945205479452
608243,CCC,2014B,0.1,0.05555555555555555
608243,EEE,2013J,0.1,0.08695652173913043
608248,FFF,2014J,0.0,0.0
608263,GGG,2014B,0.2,0.10526315789473684
608264,BBB,2013J,0.1,0.09523809523809523
608267,DDD,2013J,0.1,0.09090909090909091
608280,FFF,2013J,0.0,0.0
608284,DDD,2013J,0.0,0.0
608292,GGG,2014B,0.4,0.25806451612903225
608306,GGG,2013J,0.0,0.0
608318,GGG,2013J,0.1,0.25
608322,DDD,2014B,0.15,0.046875
608349,FFF,2013J,0.1,0.04
608356,FFF,2013J,0.2,0.05
608407,BBB,2014B,0.25,0.14705882352941177
608417,DDD,2013J,0.05,0.038461538461538464
608419,BBB,2013J,0.1,0.09523809523809523
608421,FFF,2013J,0.25,0.05319148936170213
608422,CCC,2014J,0.05,0.05263157894736842
608422,FFF,2013J,0.1,0.02702702702702703
608423,CCC,2014J,0.1,0.14285714285714285
608448,BBB,2014J,0.1,0.05555555555555555
608449,DDD,2013J,0.15,0.05
608459,EEE,2013J,0.1,0.2222222222222222
608464,CCC,2014B,0.35,0.18421052631578946
608472,CCC,2014B,0.0,0.0
608472,EEE,2013J,0.05,0.0625
608477,FFF,2013J,0.2,0.057971014492753624
608487,DDD,2014B,0.0,0.0
608488,EEE,2014J,0.15,0.13636363636363635
608504,CCC,2014B,0.0,0.0
608504,EEE,2013J,0.05,0.05
608536,GGG,2014J,0.2,0.2222222222222222
608564,BBB,2013J,0.0,0.0
608577,CCC,2014B,0.0,0.0
608577,CCC,2014J,0.0,0.0
608578,BBB,2013J,0.05,0.045454545454545456
608596,GGG,2014B,0.15,0.15
608623,BBB,2013J,0.05,0.08333333333333333
608643,DDD,2013J,0.1,0.029411764705882353
608647,BBB,2013J,0.05,0.05
608672,GGG,2013J,0.2,0.11764705882352941
608681,CCC,2014J,0.0,0.0
608681,FFF,2013J,0.1,0.047619047619047616
608693,GGG,2013J,0.05,0.06666666666666667
608698,FFF,2013J,0.05,0.019230769230769232
608724,DDD,2014B,0.0,0.0
608733,DDD,2013J,0.15,0.05357142857142857
608735,CCC,2014B,0.2,0.19047619047619047
608737,FFF,2013J,0.1,0.05
608738,BBB,2013J,0.05,0.07142857142857142
608744,EEE,2013J,0.05,0.05263157894736842
608745,DDD,2013J,0.2,0.06153846153846154
608746,CCC,2014J,0.0,0.0
608746,DDD,2014J,0.1,0.05555555555555555
608747,FFF,2013J,0.1,0.024096385542168676
608753,CCC,2014B,0.05,0.03571428571428571
608753,FFF,2013J,0.05,0.023809523809523808
608766,BBB,2013J,0.1,0.06896551724137931
608775,DDD,2014J,0.1,0.02531645569620253
608815,DDD,2013J,0.15,0.05172413793103448
608827,FFF,2013J,0.1,0.046511627906976744
608842,DDD,2014J,0.2,0.08
608851,BBB,2014J,0.1,0.045454545454545456
608853,EEE,2014J,0.25,0.15625
608864,FFF,2014B,0.0,0.0
608866,FFF,2013J,0.1,0.08333333333333333
608884,EEE,2013J,0.2,0.26666666666666666
608891,CCC,2014J,0.05,0.1111111111111111
608891,FFF,2014B,0.1,0.04081632653061224
608904,CCC,2014B,0.45,0.15
608907,GGG,2014B,0.2,0.18181818181818182
608909,FFF,2013J,0.0,0.0
608913,FFF,2013J,0.15,0.046153846153846156
608923,DDD,2013J,0.1,0.09523809523809523
608942,BBB,2013J,0.1,0.2
608943,DDD,2014J,0.0,0.0
608966,FFF,2013J,0.1,0.031746031746031744
608978,CCC,2014J,0.25,0.1
608983,DDD,2013J,0.1,0.028169014084507043
609010,BBB,2013J,0.0,0.0
609019,DDD,2014B,0.05,0.02564102564102564
609025,CCC,2014B,0.2,0.16666666666666666
609025,EEE,2013J,0.05,0.04
609031,CCC,2014J,0.0,0.0
609031,DDD,2013J,0.15,0.034482758620689655
609044,DDD,2013J,0.05,0.1
609045,CCC,2014B,0.3,0.17647058823529413
609046,BBB,2013J,0.25,0.10638297872340426
609047,BBB,2013J,0.05,0.06666666666666667
609097,FFF,2013J,0.25,0.056179775280898875
609142,FFF,2014J,0.35,0.06930693069306931
609184,FFF,2013J,0.0,0.0
609192,CCC,2014B,0.0,0.0
609192,EEE,2013J,0.15,0.1111111111111111
609194,BBB,2014J,0.0,0.0
609194,DDD,2014B,0.05,0.022222222222222223
609203,BBB,2014J,0.1,0.0425531914893617
609220,FFF,2013J,0.35,0.03867403314917127
609221,FFF,2013J,0.2,0.06349206349206349
609229,CCC,2014B,0.05,0.0196078431372549
609229,FFF,2013J,0.05,0.025
609235,CCC,2014J,0.2,0.15384615384615385
609240,FFF,2014J,0.25,0.053763440860215055
609242,DDD,2013J,0.0,0.0
609244,FFF,2013J,0.0,0.0
609245,DDD,2014J,0.25,0.08333333333333333
609257,GGG,2014J,0.25,0.4166666666666667
609265,DDD,2014B,0.05,0.019230769230769232
609277,FFF,2013J,0.3,0.04195804195804196
609297,GGG,2014B,0.6,0.3333333333333333
609307,BBB,2013J,0.25,0.21739130434782608
609326,GGG,2014B,0.25,0.25
609330,GGG,2013J,0.3,0.17647058823529413
609347,FFF,2014B,0.05,0.25
609354,DDD,2014B,0.0,0.0
609383,EEE,2014B,0.05,0.0625
609399,GGG,2013J,0.05,0.05263157894736842
609403,BBB,2014J,0.15,0.06818181818181818
609403,GGG,2013J,0.05,0.02702702702702703
609416,FFF,2013J,0.1,0.03225806451612903
609422,BBB,2014B,0.0,0.0
609426,BBB,2014B,0.0,0.0
609427,GGG,2014J,0.05,0.1111111111111111
609439,FFF,2013J,0.1,0.02702702702702703
609450,EEE,2014B,0.0,0.0
609456,CCC,2014J,0.35,0.20588235294117646
609510,BBB,2013J,0.0,0.0
609515,CCC,2014B,0.0,0.0
609527,EEE,2013J,0.0,0.0
609535,GGG,2013J,0.0,0.0
609537,CCC,2014J,0.05,0.02127659574468085
609537,FFF,2013J,0.15,0.02857142857142857
609538,GGG,2013J,0.1,0.06896551724137931
609556,DDD,2014J,0.2,0.058823529411764705
609557,GGG,2013J,0.15,0.15
609558,FFF,2013J,0.0,0.0
609570,DDD,2014B,0.0,0.0
609573,DDD,2014B,0.1,0.038461538461538464
609593,DDD,2013J,0.1,0.047619047619047616
609596,BBB,2014B,0.1,0.09523809523809523
609602,CCC,2014B,0.1,0.08
609605,CCC,2014J,0.05,0.25
609605,EEE,2014J,0.05,0.05263157894736842
609645,CCC,2014B,0.15,0.061224489795918366
609645,EEE,2014B,0.1,0.08
609679,BBB,2013J,0.15,0.13636363636363635
609682,EEE,2013J,0.15,0.12
609704,BBB,2013J,0.05,0.14285714285714285
609743,FFF,2013J,0.25,0.08771929824561403
609754,GGG,2014B,0.25,0.1724137931034483
609761,GGG,2013J,0.3,0.1935483870967742
609777,FFF,2013J,0.0,0.0
609797,DDD,2013J,0.05,0.05555555555555555
609804,BBB,2013J,0.05,0.09090909090909091
609811,BBB,2013J,0.15,0.06666666666666667
609812,BBB,2013J,0.05,0.08333333333333333
609815,BBB,2013J,0.0,0.0
609817,BBB,2013J,0.1,0.058823529411764705
609837,GGG,2013J,0.15,0.3
609852,CCC,2014J,0.1,0.06896551724137931
609852,DDD,2014B,0.2,0.041237113402061855
609864,BBB,2013J,0.0,0.0
609871,BBB,2013J,0.0,0.0
609882,FFF,2013J,0.0,0.0
609891,CCC,2014J,0.15,0.06818181818181818
609891,FFF,2014B,0.1,0.041666666666666664
609900,GGG,2013J,0.3,0.2608695652173913
609908,FFF,2013J,0.15,0.028037383177570093
609912,GGG,2013J,0.2,0.1111111111111111
609927,BBB,2014J,0.05,0.030303030303030304
609932,DDD,2013J,0.05,0.01818181818181818
609969,CCC,2014J,0.2,0.13333333333333333
609969,DDD,2013J,0.05,0.02702702702702703
609985,FFF,2013J,0.1,0.03333333333333333
610012,GGG,2013J,0.15,0.15
610019,CCC,2014J,0.1,0.04081632653061224
610019,DDD,2013J,0.0,0.0
610025,EEE,2013J,0.1,0.13333333333333333
610032,BBB,2013J,0.0,0.0
610033,CCC,2014J,0.1,0.07692307692307693
610057,GGG,2013J,0.15,0.15
610059,BBB,2013J,0.05,0.05555555555555555
610094,FFF,2014B,0.15,0.07317073170731707
610097,FFF,2013J,0.15,0.036585365853658534
610099,CCC,2014B,0.1,0.03333333333333333
610099,FFF,2013J,0.2,0.038834951456310676
610127,GGG,2014B,0.2,0.36363636363636365
610158,EEE,2013J,0.05,0.06666666666666667
610172,FFF,2013J,0.25,0.07462686567164178
610188,EEE,2013J,0.15,0.1875
610197,DDD,2014J,0.05,0.016666666666666666
610220,DDD,2013J,0.15,0.0625
610234,CCC,2014J,0.45,0.1232876712328767
610234,EEE,2014B,0.05,0.045454545454545456
610244,FFF,2013J,0.15,0.03296703296703297
610257,DDD,2013J,0.2,0.05194805194805195
610258,FFF,2013J,0.15,0.07317073170731707
610260,BBB,2013J,0.2,0.09523809523809523
610266,FFF,2013J,0.1,0.03773584905660377
610272,FFF,2014B,0.0,0.0
610273,FFF,2014B,0.2,0.08163265306122448
610275,EEE,2014J,0.3,0.23076923076923078
610278,FFF,2013J,0.25,0.07575757575757576
610279,CCC,2014J,0.0,0.0
610279,DDD,2013J,0.15,0.07692307692307693
610285,CCC,2014J,0.0,0.0
610285,DDD,2014B,0.15,0.043478260869565216
610287,CCC,2014B,0.0,0.0
610287,EEE,2014B,0.0,0.0
610302,GGG,2014J,0.4,0.2962962962962963
610312,FFF,2013J,0.4,0.049079754601226995
610324,FFF,2013J,0.15,0.05357142857142857
610326,DDD,2014B,0.1,0.058823529411764705
610347,GGG,2013J,0.05,0.03333333333333333
610362,BBB,2013J,0.05,0.02564102564102564
610373,EEE,2014J,0.5,0.3448275862068966
610380,GGG,2013J,0.15,0.25
610385,BBB,2014J,0.0,0.0
610391,CCC,2014B,0.05,0.1111111111111111
610398,GGG,2014B,0.35,0.21875
610400,FFF,2013J,0.0,0.0
610402,DDD,2013J,0.0,0.0
610405,BBB,2014J,0.05,0.03225806451612903
610405,GGG,2013J,0.0,0.0
610416,BBB,2014B,0.1,0.09523809523809523
610423,BBB,2013J,0.0,0.0
610428,BBB,2013J,0.05,0.043478260869565216
610453,EEE,2013J,0.15,0.1111111111111111
610455,FFF,2013J,0.05,0.03225806451612903
610470,BBB,2014J,0.2,0.11764705882352941
610503,EEE,2013J,0.25,0.29411764705882354
610515,DDD,2014B,0.1,0.038461538461538464
610517,FFF,2013J,0.0,0.0
610530,GGG,2013J,0.05,0.3333333333333333
610537,DDD,2013J,0.0,0.0
610537,DDD,2014J,0.0,0.0
610545,BBB,2014J,0.15,0.11538461538461539
610549,EEE,2013J,0.0,0.0
610553,BBB,2013J,0.0,0.0
610557,GGG,2013J,0.15,0.23076923076923078
610569,GGG,2013J,0.5,0.2222222222222222
610575,CCC,2014B,0.1,0.06666666666666667
610575,EEE,2013J,0.05,0.03225806451612903
610577,FFF,2013J,0.05,0.0625
610595,DDD,2013J,0.1,0.034482758620689655
610597,GGG,2013J,0.25,0.18518518518518517
610603,DDD,2013J,0.05,0.023809523809523808
610637,FFF,2013J,0.15,0.08571428571428572
610643,CCC,2014J,0.0,0.0
610643,FFF,2013J,0.05,0.012987012987012988
610650,CCC,2014J,0.0,0.0
610672,EEE,2014J,0.3,0.24
610681,CCC,2014J,0.0,0.0
610684,EEE,2014B,0.3,0.17142857142857143
610687,FFF,2013J,0.15,0.034482758620689655
610725,BBB,2013J,0.0,0.0
610731,BBB,2013J,0.0,0.0
610738,GGG,2013J,0.15,0.3333333333333333
610739,GGG,2013J,0.15,0.13043478260869565
610745,BBB,2013J,0.05,0.05555555555555555
610746,FFF,2013J,0.35,0.0546875
610749,GGG,2013J,0.35,0.1891891891891892
610750,BBB,2013J,0.1,0.07142857142857142
610759,BBB,2014B,0.1,0.0625
610763,BBB,2013J,0.0,0.0
610771,FFF,2014B,0.05,0.02857142857142857
610775,FFF,2014B,0.1,0.06060606060606061
610780,BBB,2013J,0.0,0.0
610802,BBB,2013J,0.0,0.0
610802,BBB,2014B,0.0,0.0
610828,DDD,2014J,0.05,0.02631578947368421
610855,EEE,2013J,0.15,0.14285714285714285
610870,DDD,2013J,0.05,0.0625
610873,EEE,2013J,0.15,0.12
610881,CCC,2014J,0.15,0.06666666666666667
610888,EEE,2013J,0.05,0.3333333333333333
610904,CCC,2014J,0.15,0.057692307692307696
610904,EEE,2014J,0.05,0.038461538461538464
610906,BBB,2013J,0.05,0.047619047619047616
610917,GGG,2014B,0.0,0.0
610931,DDD,2014B,0.2,0.05970149253731343
610933,FFF,2013J,0.05,0.022222222222222223
610967,GGG,2014B,0.0,0.0
610979,EEE,2013J,0.1,0.6666666666666666
610992,FFF,2014B,0.2,0.07692307692307693
611012,BBB,2013J,0.1,0.05555555555555555
611013,DDD,2014J,0.0,0.0
611017,BBB,2013J,0.2,0.16666666666666666
611023,BBB,2013J,0.05,0.05263157894736842
611024,EEE,2014B,0.25,0.21739130434782608
611033,CCC,2014J,0.05,0.038461538461538464
611033,EEE,2013J,0.05,0.029411764705882353
611039,FFF,2013J,0.15,0.05172413793103448
611049,EEE,2013J,0.1,0.10526315789473684
611058,GGG,2013J,0.05,0.5
611060,BBB,2013J,0.15,0.07142857142857142
611062,EEE,2013J,0.0,0.0
611159,DDD,2014J,0.0,0.0
611162,DDD,2013J,0.1,0.05
611162,EEE,2014J,0.0,0.0
611173,CCC,2014J,0.0,0.0
611176,CCC,2014B,0.05,0.09090909090909091
611177,GGG,2013J,0.1,0.14285714285714285
611182,BBB,2013J,0.0,0.0
611185,FFF,2014B,0.0,0.0
611195,GGG,2014B,0.1,0.13333333333333333
611202,EEE,2013J,0.15,0.14285714285714285
611206,EEE,2013J,0.05,1.0
611215,GGG,2013J,0.15,0.0967741935483871
611218,GGG,2013J,0.1,0.0625
611226,FFF,2013J,0.3,0.05172413793103448
611228,BBB,2013J,0.05,0.1
611235,DDD,2014J,0.0,0.0
611241,BBB,2014J,0.15,0.1111111111111111
611241,GGG,2013J,0.0,0.0
611244,DDD,2013J,0.0,0.0
611255,CCC,2014J,0.25,0.08333333333333333
611255,EEE,2013J,0.05,0.030303030303030304
611259,DDD,2013J,0.1,0.0392156862745098
611260,CCC,2014B,0.2,0.12903225806451613
611268,BBB,2013J,0.1,0.07142857142857142
611268,BBB,2014J,0.0,0.0
611271,DDD,2013J,0.1,0.05555555555555555
611284,DDD,2013J,0.25,0.07462686567164178
611309,FFF,2013J,0.1,0.10526315789473684
611315,BBB,2013J,0.05,0.06666666666666667
611329,BBB,2014J,0.15,0.075
611344,EEE,2013J,0.25,0.18518518518518517
611345,BBB,2013J,0.1,0.4
611348,BBB,2014B,0.3,0.16216216216216217
611350,FFF,2014B,0.1,0.022727272727272728
611377,DDD,2014B,0.1,0.05128205128205128
611383,BBB,2013J,0.05,0.038461538461538464
611396,FFF,2013J,0.1,0.02666666666666667
611402,CCC,2014B,0.25,0.13157894736842105
611402,EEE,2013J,0.05,0.03571428571428571
611405,EEE,2014J,0.2,0.13333333333333333
611407,CCC,2014J,0.05,0.05
611407,EEE,2014B,0.05,0.045454545454545456
611408,DDD,2013J,0.15,0.10344827586206896
611417,CCC,2014J,0.45,0.17647058823529413
611464,DDD,2013J,0.15,0.07142857142857142
611475,BBB,2014B,0.0,0.0
611478,DDD,2013J,0.0,0.0
611489,GGG,2014B,0.5,0.2857142857142857
611496,GGG,2014B,0.35,0.30434782608695654
611502,EEE,2014B,0.25,0.19230769230769232
611517,FFF,2014B,0.0,0.0
611520,DDD,2014B,0.0,0.0
611531,BBB,2013J,0.2,0.12121212121212122
611542,CCC,2014J,0.0,0.0
611542,FFF,2014B,0.0,0.0
611561,EEE,2013J,0.15,0.5
611564,EEE,2013J,0.1,0.08
611580,GGG,2013J,0.2,0.12121212121212122
611588,DDD,2014J,0.0,0.0
611593,CCC,2014J,0.0,0.0
611593,DDD,2013J,0.05,0.01818181818181818
611595,FFF,2014B,0.45,0.09574468085106383
611603,FFF,2014J,0.15,0.0625
611612,GGG,2014B,0.3,0.21428571428571427
611635,FFF,2014B,0.35,0.10144927536231885
611639,EEE,2013J,0.05,0.1
611688,BBB,2013J,0.25,0.18518518518518517
611690,BBB,2013J,0.1,0.08695652173913043
611714,FFF,2014B,0.05,0.5
611763,FFF,2014B,0.25,0.11363636363636363
611790,DDD,2014J,0.15,0.04225352112676056
611800,DDD,2014J,0.15,0.05660377358490566
611813,CCC,2014J,0.1,0.0392156862745098
611813,FFF,2014B,0.05,0.014084507042253521
611821,BBB,2014J,0.2,0.12903225806451613
611845,DDD,2014B,0.15,0.05454545454545454
611865,DDD,2014J,0.0,0.0
611879,DDD,2014B,0.1,0.044444444444444446
611910,DDD,2014B,0.0,0.0
611961,EEE,2014J,0.35,0.23333333333333334
611962,GGG,2014B,0.3,0.16666666666666666
611967,GGG,2014J,0.25,0.25
611971,EEE,2014J,0.05,0.2
611974,BBB,2014B,0.0,0.0
611982,DDD,2014J,0.05,0.05555555555555555
611999,EEE,2014B,0.25,0.22727272727272727
612000,DDD,2014B,0.15,0.034482758620689655
612002,GGG,2014B,0.2,0.16666666666666666
612023,CCC,2014B,0.0,0.0
612023,EEE,2014B,0.05,0.1
612026,DDD,2014B,0.0,0.0
612039,GGG,2014B,0.2,0.23529411764705882
612048,EEE,2013J,0.2,0.15384615384615385
612082,BBB,2014B,0.05,0.027777777777777776
612089,GGG,2014B,0.1,0.2222222222222222
612119,CCC,2014B,0.15,0.1875
612120,BBB,2014B,0.0,0.0
612127,CCC,2014J,0.0,0.0
612127,EEE,2014B,0.0,0.0
612135,BBB,2014J,0.0,0.0
612136,DDD,2014B,0.15,0.04285714285714286
612177,CCC,2014J,0.0,0.0
612177,EEE,2013J,0.0,0.0
612179,CCC,2014J,0.1,0.08333333333333333
612183,CCC,2014J,0.4,0.125
612183,EEE,2013J,0.05,0.03333333333333333
612187,CCC,2014J,0.1,0.06060606060606061
612187,EEE,2013J,0.0,0.0
612210,BBB,2013J,0.1,0.0625
612217,BBB,2013J,0.05,0.1111111111111111
612230,BBB,2014J,0.05,0.047619047619047616
612235,GGG,2014J,0.1,0.1
612247,BBB,2014J,0.15,0.07142857142857142
612248,FFF,2014B,0.15,0.05084745762711865
612252,BBB,2013J,0.0,0.0
612255,BBB,2013J,0.0,0.0
612319,GGG,2014B,0.05,0.1111111111111111
612326,DDD,2014B,0.55,0.08870967741935484
612327,CCC,2014J,0.3,0.09375
612327,EEE,2014B,0.1,0.06060606060606061
612355,BBB,2013J,0.05,0.029411764705882353
612361,BBB,2013J,0.1,0.06666666666666667
612370,BBB,2014B,0.05,0.09090909090909091
612429,GGG,2014J,0.3,0.17647058823529413
612439,DDD,2014B,0.0,0.0
612443,DDD,2014J,0.0,0.0
612449,EEE,2014B,0.1,0.058823529411764705
612484,BBB,2013J,0.1,0.05555555555555555
612488,BBB,2013J,0.05,0.06666666666666667
612517,BBB,2013J,0.0,0.0
612528,FFF,2014B,0.05,0.018518518518518517
612530,FFF,2014B,0.1,0.041666666666666664
612535,FFF,2014B,0.1,0.043478260869565216
612538,FFF,2014B,0.05,0.02564102564102564
612539,FFF,2014B,0.15,0.08333333333333333
612540,FFF,2014B,0.15,0.04918032786885246
612542,FFF,2014B,0.0,0.0
612543,FFF,2014B,0.05,0.02702702702702703
612545,FFF,2014B,0.05,0.034482758620689655
612547,FFF,2014B,0.05,0.01818181818181818
612549,FFF,2014B,0.15,0.06976744186046512
612563,DDD,2014B,0.0,0.0
612565,GGG,2014B,0.15,0.13043478260869565
612566,BBB,2014J,0.0,0.0
612600,BBB,2014B,0.0,0.0
612607,FFF,2014B,0.05,0.16666666666666666
612621,GGG,2014B,0.15,0.13636363636363635
612638,FFF,2014B,0.05,0.037037037037037035
612644,CCC,2014B,0.05,0.058823529411764705
612644,EEE,2014B,0.0,0.0
612656,BBB,2013J,0.05,0.038461538461538464
612658,BBB,2013J,0.05,0.05263157894736842
612661,BBB,2013J,0.05,0.04
612684,BBB,2013J,0.15,0.0967741935483871
612690,GGG,2014B,0.15,0.11538461538461539
612717,DDD,2014J,0.3,0.0967741935483871
612721,BBB,2014B,0.1,0.0625
612740,FFF,2014B,0.25,0.07246376811594203
612750,BBB,2014J,0.2,0.12121212121212122
612756,BBB,2014B,0.25,0.10638297872340426
612757,BBB,2013J,0.0,0.0
612797,GGG,2014B,0.25,0.29411764705882354
612798,CCC,2014J,0.3,0.10344827586206896
612814,CCC,2014B,0.15,0.08571428571428572
612822,DDD,2014B,0.05,0.3333333333333333
612841,BBB,2014B,0.0,0.0
612842,FFF,2014J,0.0,0.0
612860,CCC,2014J,0.0,0.0
612862,BBB,2014B,0.1,0.08333333333333333
612870,GGG,2014B,0.25,0.18518518518518517
612880,FFF,2014B,0.1,0.13333333333333333
612891,BBB,2013J,0.15,0.04477611940298507
612903,GGG,2014B,0.05,0.045454545454545456
612919,BBB,2014B,0.2,0.09302325581395349
612929,GGG,2014B,0.25,0.19230769230769232
612982,FFF,2014B,0.0,0.0
612986,GGG,2013J,0.15,0.11538461538461539
613013,FFF,2014B,0.0,0.0
613015,GGG,2014B,0.2,0.14814814814814814
613027,GGG,2014J,0.2,0.2
613038,BBB,2014B,0.05,0.25
613039,GGG,2014B,0.0,0.0
613047,BBB,2014B,0.05,0.125
613059,GGG,2014J,0.25,0.15151515151515152
613063,DDD,2014B,0.0,0.0
613093,BBB,2014B,0.05,0.1
613102,BBB,2014J,0.05,0.0625
613107,DDD,2014B,0.25,0.07042253521126761
613122,CCC,2014J,0.2,0.1
613122,EEE,2014B,0.1,0.06451612903225806
613131,GGG,2014B,0.35,0.18421052631578946
613133,CCC,2014B,0.1,0.05128205128205128
613133,EEE,2014B,0.05,0.038461538461538464
613135,BBB,2014J,0.05,0.16666666666666666
613158,BBB,2013J,0.1,0.06896551724137931
613160,BBB,2013J,0.0,0.0
613162,BBB,2014B,0.0,0.0
613164,BBB,2013J,0.05,0.1
613165,FFF,2014J,0.05,0.022222222222222223
613170,BBB,2014B,0.1,0.2
613171,BBB,2013J,0.1,0.044444444444444446
613173,BBB,2013J,0.0,0.0
613175,BBB,2013J,0.05,0.04
613177,BBB,2013J,0.0,0.0
613196,BBB,2013J,0.05,0.07692307692307693
613199,BBB,2013J,0.0,0.0
613199,BBB,2014B,0.0,0.0
613200,BBB,2013J,0.05,0.06666666666666667
613203,BBB,2013J,0.0,0.0
613205,BBB,2014B,0.1,0.2857142857142857
613208,BBB,2013J,0.0,0.0
613213,EEE,2014B,0.25,0.22727272727272727
613226,FFF,2014B,0.05,0.1111111111111111
613235,GGG,2014B,0.2,0.11764705882352941
613237,CCC,2014J,0.15,0.06521739130434782
613255,FFF,2014B,0.0,0.0
613281,FFF,2014B,0.0,0.0
613293,BBB,2013J,0.0,0.0
613299,BBB,2014B,0.0,0.0
613300,GGG,2014B,0.2,0.15384615384615385
613310,CCC,2014B,0.05,0.2
613313,DDD,2014B,0.15,0.05084745762711865
613330,FFF,2014J,0.0,0.0
613355,BBB,2014B,0.05,0.125
613370,CCC,2014J,0.05,0.03571428571428571
613370,DDD,2014B,0.25,0.08771929824561403
613416,BBB,2013J,0.0,0.0
613418,BBB,2013J,0.05,0.045454545454545456
613426,BBB,2014B,0.2,0.14285714285714285
613459,FFF,2014B,0.0,0.0
613461,CCC,2014B,0.1,0.09090909090909091
613461,FFF,2014B,0.15,0.06976744186046512
613464,FFF,2014B,0.05,0.02857142857142857
613466,DDD,2014B,0.35,0.056451612903225805
613501,CCC,2014B,0.1,0.08695652173913043
613501,EEE,2014B,0.1,0.08695652173913043
613574,FFF,2014B,0.0,0.0
613593,FFF,2014B,0.05,0.037037037037037035
613611,GGG,2014B,0.0,0.0
613616,GGG,2014B,0.3,0.21428571428571427
613630,FFF,2014B,0.25,0.034722222222222224
613634,FFF,2014J,0.3,0.06382978723404255
613639,GGG,2014B,0.05,0.3333333333333333
613646,GGG,2014B,0.25,0.20833333333333334
613667,CCC,2014J,0.05,0.1111111111111111
613667,DDD,2014B,0.05,0.03225806451612903
613675,GGG,2014B,0.05,0.5
613676,FFF,2014B,0.15,0.07894736842105263
613677,FFF,2014B,0.0,0.0
613683,GGG,2014B,0.2,0.18181818181818182
613691,GGG,2014B,0.2,0.16
613703,BBB,2014B,0.05,0.16666666666666666
613717,FFF,2014B,0.05,0.14285714285714285
613718,BBB,2014B,0.0,0.0
613720,GGG,2014B,0.4,0.22857142857142856
613722,BBB,2014B,0.0,0.0
613728,GGG,2014J,0.3,0.35294117647058826
613735,BBB,2013J,0.2,0.13333333333333333
613738,BBB,2013J,0.25,0.1282051282051282
613743,BBB,2014B,0.05,0.037037037037037035
613775,FFF,2014B,0.0,0.0
613806,CCC,2014J,0.25,0.08064516129032258
613832,BBB,2014B,0.0,0.0
613834,DDD,2014B,0.1,0.047619047619047616
613856,BBB,2014B,0.05,0.2
613865,FFF,2014B,0.25,0.07142857142857142
613874,BBB,2014B,0.05,0.06666666666666667
613876,DDD,2014B,0.0,0.0
613881,BBB,2014B,0.1,0.125
613899,FFF,2014J,0.3,0.06976744186046512
613900,FFF,2014B,0.1,0.07407407407407407
613909,BBB,2014J,0.1,0.05555555555555555
613910,DDD,2014J,0.0,0.0
613928,FFF,2014B,0.15,0.06818181818181818
613946,BBB,2014B,0.15,0.16666666666666666
613952,FFF,2014B,0.05,0.041666666666666664
613953,EEE,2014J,0.15,0.10344827586206896
613954,CCC,2014J,0.0,0.0
613972,GGG,2014B,0.05,0.16666666666666666
613981,GGG,2014B,0.05,0.07692307692307693
613988,GGG,2014B,0.5,0.22727272727272727
613993,GGG,2014B,0.0,0.0
614013,BBB,2013J,0.2,0.07692307692307693
614039,BBB,2014B,0.0,0.0
614059,CCC,2014B,0.0,0.0
614059,FFF,2014J,0.1,0.028169014084507043
614064,BBB,2013J,0.1,0.08695652173913043
614068,BBB,2013J,0.0,0.0
614072,BBB,2013J,0.15,0.08571428571428572
614074,DDD,2014B,0.25,0.06329113924050633
614117,BBB,2014B,0.1,0.1
614129,GGG,2014B,0.1,0.16666666666666666
614130,BBB,2014B,0.1,0.125
614142,GGG,2014B,0.0,0.0
614159,BBB,2014J,0.05,0.058823529411764705
614162,GGG,2014B,0.15,0.3
614163,FFF,2014B,0.0,0.0
614172,FFF,2014B,0.0,0.0
614176,DDD,2014B,0.05,0.015873015873015872
614181,EEE,2014J,0.0,0.0
614181,FFF,2014B,0.15,0.04411764705882353
614204,GGG,2014B,0.25,0.20833333333333334
614212,BBB,2014B,0.15,0.2727272727272727
614224,GGG,2014B,0.0,0.0
614233,GGG,2014B,0.0,0.0
614234,EEE,2014B,0.35,0.2692307692307692
614241,DDD,2014B,0.05,0.041666666666666664
614245,EEE,2014B,0.2,0.19047619047619047
614265,CCC,2014J,0.1,0.03636363636363636
614265,DDD,2014B,0.1,0.06060606060606061
614300,CCC,2014J,0.1,0.07407407407407407
614300,EEE,2014J,0.05,0.05555555555555555
614357,BBB,2014B,0.0,0.0
614381,FFF,2014B,0.0,0.0
614398,GGG,2014B,0.15,0.15
614406,DDD,2014B,0.05,0.5
614419,GGG,2014B,0.45,0.3333333333333333
614424,GGG,2014B,0.3,0.3
614458,CCC,2014J,0.45,0.13636363636363635
614471,DDD,2014B,0.0,0.0
614471,DDD,2014J,0.0,0.0
614477,CCC,2014B,0.05,0.025
614495,BBB,2013J,0.1,0.10526315789473684
614546,BBB,2013J,0.0,0.0
614556,BBB,2013J,0.05,0.041666666666666664
614571,GGG,2014B,0.2,0.2222222222222222
614582,GGG,2014B,0.1,0.13333333333333333
614583,BBB,2014B,0.1,0.13333333333333333
614601,BBB,2014B,0.05,0.2
614629,BBB,2014B,0.05,0.03571428571428571
614633,DDD,2014B,0.0,0.0
614668,BBB,2014B,0.2,0.2222222222222222
614693,BBB,2014B,0.1,0.10526315789473684
614728,BBB,2014B,0.05,0.07142857142857142
614732,BBB,2014B,0.1,0.14285714285714285
614733,FFF,2014B,0.05,0.047619047619047616
614734,BBB,2014B,0.0,0.0
614737,EEE,2014J,0.0,0.0
614738,BBB,2014B,0.05,0.045454545454545456
614741,BBB,2014B,0.15,0.13043478260869565
614742,BBB,2014B,0.0,0.0
614744,BBB,2014B,0.0,0.0
614745,BBB,2014B,0.0,0.0
614754,EEE,2014B,0.35,0.30434782608695654
614761,CCC,2014J,0.05,0.14285714285714285
614764,FFF,2014B,0.05,0.024390243902439025
614791,DDD,2014J,0.05,0.041666666666666664
614798,GGG,2014J,0.25,0.2
614801,FFF,2014B,0.05,0.05555555555555555
614804,CCC,2014B,0.0,0.0
614804,CCC,2014J,0.05,0.045454545454545456
614804,DDD,2014B,0.05,0.018867924528301886
614808,DDD,2014B,0.1,0.06896551724137931
614812,FFF,2014B,0.1,0.10526315789473684
614844,CCC,2014B,0.1,0.044444444444444446
614871,BBB,2014B,0.1,0.15384615384615385
614887,FFF,2014B,0.15,0.06
614892,GGG,2014B,0.4,0.23529411764705882
614893,GGG,2014B,0.25,0.25
614909,BBB,2014B,0.15,0.10344827586206896
614930,DDD,2014J,0.0,0.0
614949,DDD,2014B,0.0,0.0
614952,EEE,2014B,0.0,0.0
614984,FFF,2014J,0.15,0.0410958904109589
615001,GGG,2014B,0.05,0.08333333333333333
615025,BBB,2014B,0.05,0.14285714285714285
615028,BBB,2014B,0.1,0.10526315789473684
615031,CCC,2014B,0.0,0.0
615075,CCC,2014J,0.0,0.0
615075,DDD,2014B,0.05,0.02564102564102564
615078,GGG,2014B,0.3,0.2608695652173913
615090,BBB,2014B,0.0,0.0
615103,GGG,2014B,0.0,0.0
615127,BBB,2013J,0.05,0.05
615148,BBB,2013J,0.0,0.0
615173,BBB,2014B,0.05,0.5
615183,DDD,2014J,0.0,0.0
615184,DDD,2014B,0.0,0.0
615225,FFF,2014B,0.25,0.10416666666666667
615229,CCC,2014B,0.05,0.03333333333333333
615229,EEE,2014B,0.15,0.13636363636363635
615241,CCC,2014J,0.0,0.0
615241,FFF,2014B,0.1,0.03773584905660377
615242,EEE,2014B,0.05,0.1
615249,CCC,2014B,0.2,0.2
615259,BBB,2014B,0.0,0.0
615266,FFF,2014J,0.15,0.06
615283,GGG,2014B,0.15,0.14285714285714285
615299,FFF,2014J,0.25,0.056818181818181816
615300,GGG,2014B,0.3,0.2608695652173913
615301,FFF,2014J,0.25,0.04672897196261682
615302,FFF,2014J,0.25,0.09615384615384616
615306,FFF,2014J,0.3,0.09375
615327,GGG,2014B,0.4,0.2857142857142857
615328,FFF,2014J,0.25,0.11627906976744186
615340,FFF,2014J,0.15,0.0625
615342,FFF,2014J,0.15,0.058823529411764705
615356,FFF,2014J,0.2,0.08888888888888889
615377,GGG,2014B,0.4,0.2962962962962963
615404,GGG,2014B,0.05,0.2
615425,GGG,2014B,0.1,0.25
615426,FFF,2014B,0.0,0.0
615429,EEE,2014J,0.1,0.1111111111111111
615437,CCC,2014B,0.15,0.1111111111111111
615439,FFF,2014B,0.05,0.022727272727272728
615443,BBB,2014B,0.0,0.0
616334,DDD,2014B,0.05,0.05263157894736842
616338,GGG,2014B,0.05,0.1111111111111111
616342,BBB,2013J,0.1,0.1111111111111111
616377,BBB,2014B,0.15,0.2727272727272727
616383,FFF,2014B,0.3,0.08450704225352113
616386,CCC,2014J,0.15,0.05263157894736842
616386,EEE,2014B,0.15,0.16666666666666666
616407,EEE,2014B,0.0,0.0
616407,EEE,2014J,0.0,0.0
616439,CCC,2014J,0.15,0.10344827586206896
616439,EEE,2014B,0.0,0.0
616453,FFF,2014B,0.1,0.2
616457,GGG,2014B,0.1,0.16666666666666666
616511,BBB,2014B,0.05,0.09090909090909091
616512,GGG,2014B,0.35,0.28
616517,FFF,2014J,0.1,0.029850746268656716
616526,BBB,2014B,0.0,0.0
616536,BBB,2014B,0.0,0.0
616542,DDD,2014B,0.0,0.0
616595,GGG,2014B,0.45,0.32142857142857145
616629,GGG,2014B,0.45,0.28125
616646,CCC,2014J,0.0,0.0
616646,FFF,2014B,0.0,0.0
616658,CCC,2014J,0.1,0.041666666666666664
616658,DDD,2014B,0.05,0.023255813953488372
616660,BBB,2014J,0.15,0.07142857142857142
616670,BBB,2014B,0.05,0.0625
616672,GGG,2014B,0.15,0.14285714285714285
616688,FFF,2014B,0.05,0.024390243902439025
616706,GGG,2014B,0.25,0.16666666666666666
616727,GGG,2014B,0.1,0.10526315789473684
616728,GGG,2014B,0.05,0.3333333333333333
616735,BBB,2013J,0.05,0.045454545454545456
616739,BBB,2014B,0.1,0.25
616742,GGG,2014B,0.35,0.1891891891891892
616789,CCC,2014J,0.0,0.0
616789,FFF,2014B,0.1,0.029411764705882353
616794,FFF,2014B,0.05,0.015873015873015872
616831,CCC,2014B,0.0,0.0
616831,EEE,2014B,0.1,0.06896551724137931
616851,GGG,2014B,0.15,0.13636363636363635
616866,GGG,2014B,0.3,0.2727272727272727
616870,CCC,2014J,0.1,0.05263157894736842
616870,DDD,2014B,0.15,0.0379746835443038
616909,FFF,2014B,0.15,0.1
616912,FFF,2014J,0.05,0.02040816326530612
616913,FFF,2014B,0.1,0.15384615384615385
616914,BBB,2014B,0.0,0.0
616919,BBB,2014B,0.0,0.0
616952,DDD,2014B,0.3,0.06451612903225806
617010,FFF,2014B,0.0,0.0
617010,FFF,2014J,0.0,0.0
617012,BBB,2014B,0.3,0.13333333333333333
617014,FFF,2014B,0.05,0.02040816326530612
617018,FFF,2014B,0.1,0.14285714285714285
617114,GGG,2014B,0.0,0.0
617116,BBB,2013J,0.05,0.08333333333333333
617119,FFF,2014J,0.0,0.0
617130,CCC,2014J,0.0,0.0
617130,FFF,2014B,0.0,0.0
617130,FFF,2014J,0.0,0.0
617133,GGG,2014B,0.0,0.0
617134,BBB,2014B,0.0,0.0
617146,BBB,2014B,0.0,0.0
617147,BBB,2014B,0.05,0.3333333333333333
617150,FFF,2014J,0.05,0.14285714285714285
617190,BBB,2014B,0.1,0.058823529411764705
617201,FFF,2014B,0.05,0.03225806451612903
617225,BBB,2014B,0.0,0.0
617238,GGG,2014B,0.05,0.125
617249,DDD,2014J,0.0,0.0
617287,BBB,2014B,0.0,0.0
617296,BBB,2014B,0.0,0.0
617297,BBB,2014B,0.05,0.3333333333333333
617297,BBB,2014J,0.1,0.125
617318,FFF,2014B,0.15,0.031914893617021274
617327,CCC,2014J,0.0,0.0
617327,DDD,2014B,0.0,0.0
617348,CCC,2014B,0.05,0.041666666666666664
617355,CCC,2014B,0.05,0.030303030303030304
617355,EEE,2014B,0.05,0.043478260869565216
617365,CCC,2014B,0.0,0.0
617365,EEE,2014B,0.15,0.13636363636363635
617382,FFF,2014B,0.05,0.014925373134328358
617391,GGG,2014B,0.05,0.08333333333333333
617416,CCC,2014B,0.15,0.1
617418,EEE,2014B,0.1,0.14285714285714285
617436,FFF,2014J,0.15,0.125
617437,FFF,2014B,0.0,0.0
617442,DDD,2014B,0.1,0.04878048780487805
617455,EEE,2014B,0.3,0.23076923076923078
617470,GGG,2014B,0.05,0.07142857142857142
617472,BBB,2013J,0.05,0.037037037037037035
617521,BBB,2014J,0.15,0.07142857142857142
617525,BBB,2014J,0.0,0.0
617530,BBB,2014J,0.0,0.0
617531,EEE,2014B,0.3,0.2727272727272727
617534,FFF,2014B,0.1,0.034482758620689655
617560,BBB,2014B,0.15,0.15789473684210525
617576,BBB,2014B,0.15,0.16666666666666666
617578,GGG,2014B,0.15,0.17647058823529413
617580,FFF,2014J,0.4,0.0851063829787234
617611,GGG,2014B,0.15,0.25
617619,DDD,2014B,0.1,0.10526315789473684
617678,FFF,2014B,0.05,0.023809523809523808
617699,DDD,2014B,0.05,0.02564102564102564
617700,GGG,2014B,0.3,0.2608695652173913
617714,BBB,2014B,0.0,0.0
617717,BBB,2014B,0.05,0.3333333333333333
617734,FFF,2014B,0.1,0.046511627906976744
617740,CCC,2014J,0.1,0.046511627906976744
617740,FFF,2014B,0.05,0.0196078431372549
617745,GGG,2014B,0.25,0.20833333333333334
617751,FFF,2014B,0.2,0.08
617764,BBB,2014B,0.1,0.11764705882352941
617781,CCC,2014B,0.1,0.1
617781,DDD,2014B,0.1,0.05263157894736842
617783,FFF,2014J,0.0,0.0
617792,BBB,2014B,0.05,0.0625
617801,DDD,2014B,0.15,0.04918032786885246
617805,FFF,2014B,0.15,0.025
617813,BBB,2014B,0.05,0.08333333333333333
617829,FFF,2014B,0.05,0.02702702702702703
617850,DDD,2014J,0.0,0.0
617868,FFF,2014B,0.15,0.04918032786885246
617880,DDD,2014B,0.05,0.030303030303030304
617886,GGG,2014B,0.4,0.2857142857142857
617888,EEE,2014J,0.15,0.1111111111111111
617909,GGG,2014B,0.25,0.19230769230769232
617922,FFF,2014J,0.15,0.06666666666666667
617942,CCC,2014B,0.05,0.3333333333333333
617952,DDD,2014J,0.05,0.0625
617959,BBB,2014B,0.0,0.0
617962,GGG,2014J,0.2,0.2222222222222222
617965,FFF,2014B,0.05,0.023255813953488372
617976,FFF,2014B,0.15,0.058823529411764705
617993,DDD,2014J,0.0,0.0
617998,FFF,2014B,0.25,0.05555555555555555
618004,FFF,2014B,0.2,0.05714285714285714
618005,FFF,2014B,0.15,0.04838709677419355
618015,FFF,2014B,0.2,0.11764705882352941
618033,DDD,2014J,0.0,0.0
618078,EEE,2014B,0.1,0.16666666666666666
618088,GGG,2014B,0.35,0.22580645161290322
618096,CCC,2014B,0.15,0.075
618124,FFF,2014B,0.0,0.0
618129,CCC,2014B,0.15,0.07692307692307693
618131,DDD,2014B,0.0,0.0
618145,BBB,2014B,0.05,0.09090909090909091
618151,BBB,2014B,0.1,0.25
618171,DDD,2014B,0.0,0.0
618176,GGG,2014B,0.25,0.1724137931034483
618197,BBB,2014J,0.1,0.05128205128205128
618205,BBB,2014B,0.2,0.13793103448275862
618216,FFF,2014B,0.15,0.0297029702970297
618244,GGG,2014B,0.35,0.2692307692307692
618253,GGG,2014J,0.05,0.14285714285714285
618258,BBB,2014B,0.25,0.1282051282051282
618280,FFF,2014B,0.25,0.0625
618293,FFF,2014B,0.2,0.09523809523809523
618295,DDD,2014B,0.1,0.03278688524590164
618338,GGG,2014B,0.4,0.20512820512820512
618377,CCC,2014J,0.0,0.0
618377,DDD,2014B,0.15,0.10714285714285714
618390,FFF,2014B,0.2,0.0625
618397,FFF,2014B,0.25,0.08771929824561403
618399,BBB,2014B,0.1,0.07142857142857142
618412,FFF,2014B,0.05,0.016129032258064516
618513,CCC,2014J,0.0,0.0
618513,FFF,2014B,0.0,0.0
618519,FFF,2014B,0.2,0.0625
618571,CCC,2014B,0.05,0.03333333333333333
618571,EEE,2014B,0.25,0.23809523809523808
618579,GGG,2014B,0.15,0.13636363636363635
618583,EEE,2014B,0.5,0.35714285714285715
618589,BBB,2014J,0.05,0.02857142857142857
618590,CCC,2014J,0.0,0.0
618590,FFF,2014B,0.0,0.0
618606,EEE,2014B,0.15,0.125
618621,GGG,2014B,0.2,0.25
618632,BBB,2014B,0.0,0.0
618649,CCC,2014J,0.1,0.09090909090909091
618649,DDD,2014B,0.0,0.0
618662,FFF,2014B,0.1,0.025974025974025976
618663,FFF,2014J,0.05,0.024390243902439025
618665,FFF,2014B,0.05,0.01694915254237288
618667,FFF,2014B,0.05,0.09090909090909091
618670,BBB,2014B,0.05,0.07692307692307693
618673,BBB,2014B,0.0,0.0
618675,DDD,2014B,0.1,0.10526315789473684
618679,CCC,2014B,0.05,0.09090909090909091
618683,CCC,2014J,0.0,0.0
618683,DDD,2014B,0.15,0.05357142857142857
618696,DDD,2014B,0.0,0.0
618734,BBB,2014J,0.1,0.08695652173913043
618737,DDD,2014J,0.2,0.07547169811320754
618767,GGG,2014B,0.25,0.18518518518518517
618777,CCC,2014J,0.15,0.12
618777,EEE,2014B,0.05,0.043478260869565216
618824,CCC,2014B,0.1,0.0625
618824,EEE,2014B,0.25,0.15625
618845,DDD,2014B,0.15,0.075
618846,GGG,2014B,0.05,0.3333333333333333
618849,CCC,2014J,0.0,0.0
618865,CCC,2014J,0.05,0.041666666666666664
618869,BBB,2014B,0.1,0.2
618875,CCC,2014J,0.05,0.021739130434782608
618875,FFF,2014B,0.05,0.0125
618882,BBB,2014B,0.3,0.16216216216216217
618887,GGG,2014B,0.5,0.3333333333333333
618893,GGG,2014B,0.3,0.23076923076923078
618914,FFF,2014B,0.1,0.038461538461538464
618937,DDD,2014B,0.05,0.05
618940,DDD,2014B,0.05,0.01694915254237288
618951,BBB,2014B,0.05,0.038461538461538464
618981,BBB,2014B,0.3,0.17647058823529413
618982,EEE,2014B,0.15,0.12
618983,BBB,2014J,0.2,0.2857142857142857
618989,DDD,2014J,0.25,0.07246376811594203
618994,BBB,2014J,0.1,0.0625
619001,FFF,2014B,0.2,0.2
619013,GGG,2014B,0.0,0.0
619014,CCC,2014B,0.0,0.0
619014,EEE,2014B,0.15,0.1875
619055,DDD,2014J,0.0,0.0
619082,BBB,2013J,0.05,0.047619047619047616
619161,BBB,2014B,0.0,0.0
619168,EEE,2014J,0.2,0.17391304347826086
619196,BBB,2014B,0.0,0.0
619204,FFF,2014J,0.2,0.06153846153846154
619212,GGG,2014B,0.35,0.25925925925925924
619288,BBB,2014B,0.1,0.3333333333333333
619292,EEE,2014B,0.1,0.09090909090909091
619292,FFF,2014J,0.1,0.02631578947368421
619297,DDD,2014B,0.2,0.04878048780487805
619303,CCC,2014B,0.1,0.06896551724137931
619311,BBB,2014B,0.0,0.0
619321,FFF,2014J,0.25,0.11363636363636363
619341,FFF,2014B,0.0,0.0
619359,CCC,2014J,0.0,0.0
619359,DDD,2014B,0.1,0.0625
619363,GGG,2014B,0.35,0.2916666666666667
619380,CCC,2014J,0.1,0.05405405405405406
619380,EEE,2014B,0.05,0.05
619403,DDD,2014B,0.2,0.07017543859649122
619410,FFF,2014B,0.1,0.0392156862745098
619447,CCC,2014B,0.15,0.06521739130434782
619461,FFF,2014B,0.1,0.029411764705882353
619471,BBB,2014B,0.15,0.21428571428571427
619478,GGG,2014B,0.05,0.125
619481,GGG,2014B,0.35,0.2413793103448276
619483,GGG,2014B,0.0,0.0
619502,FFF,2014J,0.25,0.054945054945054944
619503,EEE,2014B,0.1,0.06896551724137931
619508,BBB,2014B,0.0,0.0
619520,GGG,2014B,0.1,0.25
619851,DDD,2014J,0.5,0.03802281368821293
619870,CCC,2014B,0.4,0.14035087719298245
619907,DDD,2014J,0.1,0.041666666666666664
619910,DDD,2014J,0.2,0.06349206349206349
619921,FFF,2014B,0.05,0.08333333333333333
619926,GGG,2014B,0.1,0.1111111111111111
619927,CCC,2014J,0.05,0.034482758620689655
619927,EEE,2014B,0.05,0.1
619928,CCC,2014J,0.15,0.14285714285714285
619928,EEE,2014B,0.1,0.07407407407407407
619935,BBB,2014J,0.3,0.16666666666666666
619941,BBB,2013J,0.15,0.1111111111111111
619945,GGG,2014B,0.0,0.0
619952,GGG,2014B,0.35,0.23333333333333334
620000,BBB,2014J,0.0,0.0
620072,BBB,2014B,0.05,0.08333333333333333
620073,BBB,2014B,0.05,0.043478260869565216
620081,FFF,2014B,0.1,0.05405405405405406
620092,BBB,2014B,0.0,0.0
620094,FFF,2014J,0.45,0.05844155844155844
620102,DDD,2014B,0.0,0.0
620128,BBB,2014B,0.1,0.1
620129,BBB,2014B,0.0,0.0
620148,CCC,2014B,0.0,0.0
620159,DDD,2014B,0.1,0.13333333333333333
620179,GGG,2014B,0.25,0.23809523809523808
620190,GGG,2014B,0.25,0.16129032258064516
620197,GGG,2014B,0.2,0.15384615384615385
620200,FFF,2014B,0.05,0.01694915254237288
620215,EEE,2014B,0.35,0.21212121212121213
620231,CCC,2014J,0.0,0.0
620231,DDD,2014B,0.05,0.02631578947368421
620239,GGG,2014J,0.35,0.3181818181818182
620243,CCC,2014J,0.0,0.0
620243,DDD,2014B,0.0,0.0
620257,BBB,2014B,0.15,0.2
620269,FFF,2014J,0.1,0.05405405405405406
620277,FFF,2014B,0.1,0.06896551724137931
620317,GGG,2014B,0.05,0.041666666666666664
620337,DDD,2014B,0.0,0.0
620343,EEE,2014J,0.3,0.24
620349,FFF,2014J,0.0,0.0
620354,BBB,2014B,0.05,0.05263157894736842
620368,CCC,2014B,0.2,0.0975609756097561
620369,CCC,2014B,0.0,0.0
620369,EEE,2014B,0.25,0.25
620408,BBB,2014B,0.0,0.0
620409,BBB,2014B,0.1,0.25
620414,EEE,2014B,0.15,0.1875
620427,BBB,2014B,0.05,0.05263157894736842
620431,FFF,2014J,0.35,0.07368421052631578
620437,DDD,2014B,0.05,0.038461538461538464
620460,GGG,2014B,0.4,0.26666666666666666
620473,FFF,2014B,0.15,0.041666666666666664
620484,CCC,2014J,0.1,0.05
620490,GGG,2014B,0.1,0.11764705882352941
620507,BBB,2014B,0.05,0.25
620519,EEE,2014J,0.25,0.3333333333333333
620522,GGG,2014B,0.25,0.2777777777777778
620552,GGG,2014B,0.2,0.3076923076923077
620561,GGG,2014B,0.25,0.20833333333333334
620564,GGG,2014B,0.15,0.17647058823529413
620573,BBB,2014B,0.25,0.13513513513513514
620590,GGG,2014B,0.25,0.19230769230769232
620608,DDD,2014B,0.0,0.0
620629,GGG,2014B,0.3,0.3157894736842105
620630,DDD,2014B,0.45,0.08737864077669903
620646,CCC,2014B,0.1,0.25
620646,EEE,2014B,0.0,0.0
620652,CCC,2014J,0.0,0.0
620658,DDD,2014B,0.0,0.0
620694,BBB,2014B,0.05,0.1111111111111111
620698,BBB,2014J,0.05,0.0196078431372549
620716,CCC,2014J,0.1,0.06060606060606061
620716,EEE,2014B,0.05,0.06666666666666667
620726,GGG,2014B,0.4,0.27586206896551724
620734,DDD,2014B,0.05,0.020833333333333332
620740,FFF,2014J,0.25,0.052083333333333336
620750,FFF,2014J,0.15,0.06521739130434782
620782,EEE,2014J,0.15,0.21428571428571427
620801,FFF,2014B,0.1,0.045454545454545456
620808,GGG,2014B,0.05,0.08333333333333333
620810,FFF,2014J,0.1,0.03389830508474576
620819,FFF,2014B,0.2,0.06666666666666667
620820,DDD,2014B,0.05,0.017543859649122806
620826,GGG,2014J,0.0,0.0
620876,EEE,2014B,0.05,0.16666666666666666
620889,BBB,2014B,0.15,0.17647058823529413
620892,DDD,2014B,0.0,0.0
620897,CCC,2014B,0.0,0.0
620897,CCC,2014J,0.3,0.13636363636363635
620915,GGG,2014B,0.25,0.4166666666666667
620916,EEE,2014B,0.15,0.2
620922,BBB,2014B,0.1,0.07407407407407407
620923,BBB,2014B,0.0,0.0
620946,GGG,2014B,0.1,0.15384615384615385
620974,CCC,2014B,0.05,0.038461538461538464
620974,DDD,2014B,0.0,0.0
620977,EEE,2014B,0.0,0.0
620980,BBB,2014B,0.1,0.06896551724137931
620982,GGG,2014B,0.15,0.17647058823529413
621004,DDD,2014B,0.0,0.0
621010,DDD,2014B,0.1,0.03773584905660377
621300,CCC,2014J,0.0,0.0
621300,DDD,2014B,0.05,0.047619047619047616
621301,BBB,2014B,0.1,0.125
621303,BBB,2014B,0.0,0.0
621319,GGG,2014B,0.1,0.13333333333333333
621322,BBB,2014B,0.05,0.08333333333333333
621331,GGG,2014B,0.0,0.0
621345,FFF,2014B,0.05,0.03125
621352,DDD,2014B,0.0,0.0
621369,BBB,2014B,0.0,0.0
621370,FFF,2014B,0.0,0.0
621380,EEE,2014J,0.0,0.0
621394,BBB,2014B,0.1,0.1
621414,EEE,2014B,0.05,0.034482758620689655
621433,FFF,2014B,0.1,0.08695652173913043
621436,FFF,2014B,0.1,0.046511627906976744
621441,FFF,2014B,0.25,0.04504504504504504
621442,CCC,2014J,0.0,0.0
621442,DDD,2014B,0.0,0.0
621457,DDD,2014B,0.1,0.03571428571428571
621459,GGG,2014B,0.2,0.2857142857142857
621473,GGG,2014B,0.2,0.16
621475,FFF,2014B,0.1,0.028985507246376812
621478,GGG,2014B,0.05,1.0
621485,GGG,2014J,0.1,0.08333333333333333
621487,BBB,2014J,0.05,0.125
621508,BBB,2014B,0.0,0.0
621531,FFF,2014B,0.2,0.07142857142857142
621580,FFF,2014B,0.1,0.05128205128205128
621605,CCC,2014J,0.45,0.1836734693877551
621615,DDD,2014B,0.1,0.05
621655,EEE,2014B,0.2,0.16
621656,CCC,2014B,0.25,0.1111111111111111
621659,DDD,2014B,0.05,0.037037037037037035
621659,DDD,2014J,0.0,0.0
621690,FFF,2014B,0.0,0.0
621696,CCC,2014J,0.2,0.07547169811320754
621696,FFF,2014B,0.05,0.010309278350515464
621699,DDD,2014B,0.15,0.1
621716,GGG,2014B,0.35,0.23333333333333334
621722,FFF,2014B,0.2,0.04597701149425287
621755,GGG,2014B,0.45,0.28125
621826,BBB,2014J,0.2,0.16
621862,BBB,2014B,0.05,0.16666666666666666
621881,FFF,2014B,0.05,0.03225806451612903
621883,DDD,2014B,0.3,0.05172413793103448
621884,CCC,2014J,0.3,0.14634146341463414
621888,GGG,2014B,0.0,0.0
621894,BBB,2014B,0.0,0.0
621905,BBB,2014B,0.0,0.0
621906,EEE,2014B,0.15,0.17647058823529413
621908,DDD,2014B,0.05,0.037037037037037035
621923,GGG,2014B,0.15,0.2
621952,FFF,2014B,0.05,0.02631578947368421
621971,FFF,2014B,0.25,0.05813953488372093
621998,FFF,2014B,0.2,0.04938271604938271
622007,BBB,2014J,0.05,0.14285714285714285
622015,EEE,2014B,0.0,0.0
622027,CCC,2014J,0.05,0.125
622037,EEE,2014B,0.15,0.23076923076923078
622074,GGG,2014B,0.25,0.23809523809523808
622086,DDD,2014B,0.0,0.0
622096,CCC,2014J,0.0,0.0
622096,FFF,2014B,0.0,0.0
622117,BBB,2014J,0.0,0.0
622118,GGG,2014J,0.05,0.3333333333333333
622129,EEE,2014J,0.25,0.1724137931034483
622132,BBB,2014B,0.1,0.05128205128205128
622166,GGG,2014B,0.25,0.16666666666666666
622175,DDD,2014B,0.1,0.09523809523809523
622192,CCC,2014J,0.1,0.1
622192,DDD,2014B,0.1,0.04081632653061224
622208,BBB,2014B,0.1,0.1111111111111111
622215,CCC,2014B,0.0,0.0
622215,DDD,2014B,0.05,0.05263157894736842
622225,DDD,2014B,0.0,0.0
622245,GGG,2014B,0.4,0.25
622246,DDD,2014J,0.1,0.09090909090909091
622275,FFF,2014J,0.0,0.0
622278,FFF,2014B,0.15,0.06818181818181818
622280,EEE,2014B,0.0,0.0
622302,CCC,2014B,0.05,0.037037037037037035
622313,BBB,2014J,0.05,0.05263157894736842
622315,EEE,2014J,0.05,0.08333333333333333
622345,BBB,2014B,0.25,0.15625
622352,GGG,2014B,0.15,0.2
622368,CCC,2014B,0.05,0.027777777777777776
622368,EEE,2014B,0.05,0.037037037037037035
622374,CCC,2014J,0.15,0.061224489795918366
622374,FFF,2014B,0.1,0.024096385542168676
622382,GGG,2014B,0.15,0.13636363636363635
622384,CCC,2014J,0.0,0.0
622386,CCC,2014B,0.05,0.025
622392,FFF,2014B,0.05,0.08333333333333333
622413,DDD,2014B,0.05,0.014705882352941176
622425,EEE,2014B,0.2,0.12903225806451613
622430,FFF,2014B,0.0,0.0
622432,GGG,2014B,0.3,0.2
622433,GGG,2014B,0.2,0.23529411764705882
622435,DDD,2014B,0.05,0.041666666666666664
622442,FFF,2014B,0.4,0.14285714285714285
622466,BBB,2014B,0.15,0.12
622480,GGG,2014B,0.1,0.2857142857142857
622481,FFF,2014J,0.05,0.018867924528301886
622500,GGG,2014B,0.45,0.2727272727272727
622505,BBB,2014B,0.25,0.08928571428571429
622516,GGG,2014B,0.1,0.10526315789473684
622541,CCC,2014J,0.0,0.0
622541,DDD,2014B,0.0,0.0
622555,DDD,2014J,0.05,0.027777777777777776
622570,GGG,2014B,0.2,0.15384615384615385
622571,DDD,2014B,0.0,0.0
622573,BBB,2014J,0.05,0.034482758620689655
622597,DDD,2014J,0.0,0.0
622604,BBB,2014B,0.05,0.14285714285714285
622609,EEE,2014B,0.2,0.23529411764705882
622626,DDD,2014J,0.15,0.05084745762711865
622639,FFF,2014B,0.15,0.09090909090909091
622646,GGG,2014B,0.1,0.5
622652,CCC,2014B,0.0,0.0
622686,FFF,2014B,0.15,0.02830188679245283
622701,FFF,2014B,0.1,0.045454545454545456
622715,BBB,2014B,0.05,0.03225806451612903
622720,BBB,2014B,0.35,0.18421052631578946
622724,DDD,2014B,0.05,0.034482758620689655
622753,CCC,2014B,0.05,0.1111111111111111
622760,FFF,2014J,0.3,0.06976744186046512
622764,DDD,2014B,0.1,0.0392156862745098
622766,BBB,2014B,0.05,0.125
622773,CCC,2014B,0.15,0.07894736842105263
622787,CCC,2014B,0.1,0.05
622812,CCC,2014J,0.1,0.06060606060606061
622812,EEE,2014B,0.15,0.13043478260869565
622838,BBB,2014B,0.0,0.0
622844,DDD,2014B,0.0,0.0
622859,FFF,2014B,0.05,0.03571428571428571
622867,BBB,2014B,0.0,0.0
622910,FFF,2014J,0.05,0.5
622934,FFF,2014J,0.4,0.05673758865248227
622935,CCC,2014J,0.25,0.078125
622935,FFF,2014B,0.1,0.02197802197802198
622948,CCC,2014B,0.0,0.0
622948,EEE,2014B,0.05,0.07692307692307693
622967,FFF,2014J,0.05,0.07692307692307693
622974,BBB,2014B,0.05,0.07692307692307693
622976,CCC,2014J,0.25,0.09090909090909091
622976,FFF,2014B,0.15,0.023076923076923078
622982,BBB,2014B,0.05,0.0625
623008,DDD,2014B,0.1,0.06451612903225806
623010,GGG,2014B,0.5,0.4
623042,BBB,2014J,0.15,0.17647058823529413
623052,CCC,2014B,0.05,0.05
623052,DDD,2014B,0.0,0.0
623055,BBB,2014B,0.3,0.13043478260869565
623072,GGG,2014B,0.2,0.16666666666666666
623073,DDD,2014B,0.1,0.03571428571428571
623079,EEE,2014B,0.1,0.07692307692307693
623081,GGG,2014B,0.0,0.0
623097,BBB,2014J,0.0,0.0
623100,CCC,2014J,0.2,0.06779661016949153
623100,EEE,2014B,0.2,0.16
623115,EEE,2014B,0.05,0.5
623124,CCC,2014J,0.05,0.022727272727272728
623164,DDD,2014B,0.2,0.08
623168,BBB,2014B,0.0,0.0
623169,BBB,2014B,0.1,0.11764705882352941
623177,BBB,2014B,0.0,0.0
623178,GGG,2014J,0.15,0.25
623180,FFF,2014B,0.05,0.05263157894736842
623184,EEE,2014B,0.0,0.0
623190,DDD,2014J,0.05,0.058823529411764705
623210,DDD,2014B,0.0,0.0
623221,CCC,2014J,0.1,0.05714285714285714
623223,DDD,2014J,0.1,0.2857142857142857
623225,DDD,2014J,0.3,0.09230769230769231
623230,FFF,2014J,0.0,0.0
623240,BBB,2014B,0.1,0.2222222222222222
623250,CCC,2014B,0.1,0.07407407407407407
623250,EEE,2014B,0.05,0.03571428571428571
623257,DDD,2014B,0.1,0.13333333333333333
623276,DDD,2014J,0.15,0.061224489795918366
623289,DDD,2014J,0.0,0.0
623290,CCC,2014B,0.15,0.11538461538461539
623295,BBB,2014B,0.0,0.0
623314,FFF,2014B,0.2,0.06451612903225806
623321,BBB,2014B,0.05,0.045454545454545456
623322,GGG,2014B,0.1,0.5
623333,BBB,2014B,0.05,0.037037037037037035
623335,GGG,2014B,0.4,0.26666666666666666
623347,CCC,2014B,0.1,0.0392156862745098
623347,DDD,2014B,0.1,0.041666666666666664
623376,BBB,2014J,0.15,0.05
623406,BBB,2014B,0.15,0.08571428571428572
623416,GGG,2014B,0.25,0.22727272727272727
623421,CCC,2014B,0.0,0.0
623421,EEE,2014B,0.0,0.0
623433,FFF,2014B,0.2,0.11764705882352941
623438,FFF,2014B,0.1,0.02857142857142857
623441,BBB,2014J,0.0,0.0
623442,GGG,2014B,0.1,0.1
623457,GGG,2014B,0.2,0.19047619047619047
623467,EEE,2014J,0.2,0.14285714285714285
623471,FFF,2014J,0.2,0.047058823529411764
623475,GGG,2014J,0.05,0.058823529411764705
623484,CCC,2014J,0.05,0.01818181818181818
623495,GGG,2014B,0.05,0.08333333333333333
623496,FFF,2014B,0.1,0.05714285714285714
623511,CCC,2014J,0.1,0.041666666666666664
623514,DDD,2014B,0.25,0.07042253521126761
623519,BBB,2014J,0.05,0.03333333333333333
623537,FFF,2014B,0.2,0.0851063829787234
623541,DDD,2014B,0.0,0.0
623554,FFF,2014B,0.05,0.07142857142857142
623562,CCC,2014B,0.05,0.05
623562,EEE,2014B,0.0,0.0
623575,GGG,2014B,0.15,0.15
623579,FFF,2014B,0.3,0.06976744186046512
623585,DDD,2014B,0.1,0.09090909090909091
623588,GGG,2014J,0.2,0.2
623589,FFF,2014J,0.5,0.06993006993006994
623602,GGG,2014B,0.2,0.2857142857142857
623603,BBB,2014B,0.05,1.0
623605,CCC,2014B,0.05,0.25
623622,BBB,2014B,0.0,0.0
623641,DDD,2014J,0.1,0.05
623648,BBB,2014J,0.2,0.08695652173913043
623654,BBB,2014B,0.05,0.06666666666666667
623660,BBB,2014B,0.3,0.12244897959183673
623667,CCC,2014B,0.0,0.0
623667,EEE,2014B,0.15,0.1111111111111111
623687,FFF,2014B,0.0,0.0
623689,BBB,2014J,0.0,0.0
623732,CCC,2014B,0.45,0.17647058823529413
623738,EEE,2014B,0.1,0.10526315789473684
623765,FFF,2014J,0.15,0.041666666666666664
623778,GGG,2014B,0.3,0.1875
623780,CCC,2014B,0.1,0.06451612903225806
623780,EEE,2014B,0.05,0.05555555555555555
623797,CCC,2014B,0.05,0.05263157894736842
623797,EEE,2014B,0.05,0.1111111111111111
623804,GGG,2014B,0.2,0.36363636363636365
623812,GGG,2014J,0.05,0.05
623815,DDD,2014B,0.15,0.0625
623821,BBB,2014B,0.0,0.0
623826,DDD,2014B,0.1,0.03076923076923077
623831,GGG,2014B,0.4,0.32
623840,AAA,2014J,0.15,0.09375
623845,BBB,2014B,0.15,0.15
623857,BBB,2014B,0.15,0.12
623859,GGG,2014B,0.2,0.13793103448275862
623864,DDD,2014J,0.1,0.04
623864,EEE,2014B,0.2,0.11764705882352941
623882,BBB,2014B,0.0,0.0
623889,EEE,2014J,0.25,0.2631578947368421
623903,GGG,2014B,0.1,0.07407407407407407
623919,GGG,2014B,0.4,0.2
623924,FFF,2014B,0.0,0.0
623931,DDD,2014B,0.05,0.038461538461538464
623935,BBB,2014B,0.1,0.10526315789473684
623937,DDD,2014J,0.35,0.1111111111111111
623940,EEE,2014B,0.0,0.0
623948,FFF,2014B,0.25,0.053763440860215055
623953,GGG,2014B,0.05,0.3333333333333333
623968,DDD,2014J,0.45,0.1232876712328767
623988,GGG,2014B,0.15,0.15789473684210525
623989,EEE,2014J,0.35,0.3333333333333333
624007,DDD,2014B,0.15,0.05172413793103448
624011,BBB,2014B,0.2,0.16
624014,FFF,2014B,0.0,0.0
624039,CCC,2014B,0.0,0.0
624046,BBB,2014B,0.0,0.0
624052,DDD,2014B,0.05,0.015625
624060,CCC,2014B,0.0,0.0
624060,CCC,2014J,0.25,0.08333333333333333
624069,BBB,2014B,0.05,0.14285714285714285
624077,DDD,2014B,0.1,0.025
624078,DDD,2014B,0.1,0.2
624092,EEE,2014B,0.0,0.0
624099,GGG,2014B,0.0,0.0
624105,DDD,2014B,0.0,0.0
624127,CCC,2014B,0.05,0.08333333333333333
624134,CCC,2014B,0.0,0.0
624152,FFF,2014B,0.3,0.16666666666666666
624153,EEE,2014B,0.05,0.16666666666666666
624156,CCC,2014J,0.0,0.0
624156,DDD,2014B,0.05,0.024390243902439025
624164,CCC,2014B,0.0,0.0
624178,FFF,2014B,0.1,0.046511627906976744
624196,BBB,2014B,0.05,0.0625
624197,FFF,2014B,0.2,0.037383177570093455
624209,CCC,2014J,0.35,0.1111111111111111
624222,EEE,2014J,0.15,0.15789473684210525
624226,GGG,2014B,0.25,0.2631578947368421
624230,GGG,2014B,0.3,0.2727272727272727
624256,CCC,2014J,0.25,0.09803921568627451
624282,FFF,2014J,0.15,0.03529411764705882
624306,BBB,2014B,0.0,0.0
624321,GGG,2014B,0.1,0.25
624342,BBB,2014J,0.2,0.11428571428571428
624344,FFF,2014B,0.1,0.045454545454545456
624354,CCC,2014J,0.1,0.125
624358,DDD,2014B,0.2,0.057971014492753624
624406,BBB,2014B,0.3,0.13953488372093023
624407,DDD,2014B,0.05,0.09090909090909091
624415,BBB,2014B,0.05,0.14285714285714285
624433,GGG,2014B,0.3,0.2857142857142857
624441,CCC,2014B,0.0,0.0
624441,EEE,2014B,0.25,0.29411764705882354
624445,CCC,2014B,0.1,0.09090909090909091
624469,EEE,2014B,0.1,0.08
624476,DDD,2014B,0.05,0.09090909090909091
624483,CCC,2014B,0.25,0.10638297872340426
624493,CCC,2014J,0.0,0.0
624493,DDD,2014B,0.05,0.03125
624499,FFF,2014B,0.4,0.20512820512820512
624514,BBB,2014B,0.0,0.0
624522,GGG,2014B,0.1,0.13333333333333333
624556,FFF,2014B,0.1,0.08695652173913043
624563,GGG,2014J,0.1,0.125
624569,GGG,2014B,0.25,0.3333333333333333
624570,DDD,2014B,0.15,0.07142857142857142
624585,DDD,2014B,0.05,0.03333333333333333
624586,FFF,2014B,0.0,0.0
624591,CCC,2014B,0.1,0.058823529411764705
624591,FFF,2014B,0.1,0.046511627906976744
624592,BBB,2014B,0.15,0.2727272727272727
624610,DDD,2014B,0.05,0.03333333333333333
624653,BBB,2014B,0.05,0.0625
624661,BBB,2014B,0.1,0.08
624679,GGG,2014B,0.15,0.1875
624704,BBB,2014B,0.0,0.0
624706,GGG,2014B,0.0,0.0
624714,GGG,2014B,0.25,0.2
624727,GGG,2014B,0.2,0.21052631578947367
624730,DDD,2014B,0.0,0.0
624734,BBB,2014B,0.05,0.09090909090909091
624738,BBB,2014B,0.15,0.08333333333333333
624751,FFF,2014B,0.1,0.030303030303030304
624763,FFF,2014B,0.0,0.0
624767,GGG,2014B,0.15,0.13636363636363635
624773,FFF,2014B,0.1,0.025
624777,GGG,2014B,0.05,0.09090909090909091
624782,CCC,2014B,0.0,0.0
624782,EEE,2014B,0.1,0.11764705882352941
624789,CCC,2014J,0.05,0.034482758620689655
624789,DDD,2014B,0.1,0.05263157894736842
624795,GGG,2014B,0.1,0.09523809523809523
624804,DDD,2014B,0.0,0.0
624810,CCC,2014B,0.0,0.0
624839,DDD,2014B,0.05,0.027777777777777776
624847,BBB,2014B,0.0,0.0
624864,FFF,2014J,0.15,0.04411764705882353
624875,CCC,2014B,0.2,0.125
624881,DDD,2014B,0.3,0.056074766355140186
624891,DDD,2014J,0.05,0.020833333333333332
624906,GGG,2014B,0.1,0.08
624912,GGG,2014B,0.05,0.3333333333333333
624927,CCC,2014J,0.0,0.0
624927,DDD,2014B,0.05,0.02631578947368421
624938,GGG,2014B,0.15,0.1875
624946,FFF,2014B,0.25,0.056179775280898875
624957,CCC,2014J,0.05,0.05263157894736842
624970,CCC,2014B,0.0,0.0
624970,FFF,2014J,0.2,0.05714285714285714
624972,BBB,2014B,0.0,0.0
624981,FFF,2014B,0.05,0.023809523809523808
624997,BBB,2014B,0.1,0.2222222222222222
625014,CCC,2014B,0.15,0.05555555555555555
625021,BBB,2014B,0.1,0.07407407407407407
625024,BBB,2014B,0.1,0.2222222222222222
625028,CCC,2014B,0.05,0.027777777777777776
625033,GGG,2014B,0.35,0.23333333333333334
625034,FFF,2014B,0.0,0.0
625035,DDD,2014B,0.45,0.07142857142857142
625067,CCC,2014J,0.05,0.018867924528301886
625067,EEE,2014B,0.15,0.11538461538461539
625071,BBB,2014B,0.05,0.125
625075,FFF,2014B,0.05,0.041666666666666664
625077,CCC,2014B,0.1,0.07692307692307693
625078,CCC,2014B,0.0,0.0
625087,BBB,2014B,0.1,0.14285714285714285
625089,GGG,2014B,0.25,0.21739130434782608
625094,BBB,2014B,0.0,0.0
625098,DDD,2014B,0.0,0.0
625100,CCC,2014J,0.0,0.0
625106,GGG,2014B,0.0,0.0
625108,CCC,2014B,0.15,0.08333333333333333
625124,BBB,2014B,0.0,0.0
625126,EEE,2014B,0.1,0.125
625167,BBB,2014B,0.0,0.0
625174,EEE,2014B,0.35,0.2692307692307692
625185,BBB,2014B,0.0,0.0
625191,FFF,2014B,0.1,0.034482758620689655
625213,EEE,2014B,0.1,0.09090909090909091
625218,DDD,2014B,0.2,0.043010752688172046
625241,GGG,2014J,0.15,0.13636363636363635
625245,FFF,2014J,0.2,0.05
625249,BBB,2014B,0.1,0.10526315789473684
625251,BBB,2014B,0.05,0.07142857142857142
625263,CCC,2014J,0.0,0.0
625263,DDD,2014B,0.1,0.03278688524590164
625283,DDD,2014J,0.1,0.03571428571428571
625291,FFF,2014B,0.1,0.046511627906976744
625295,BBB,2014B,0.0,0.0
625303,FFF,2014B,0.2,0.07407407407407407
625306,FFF,2014B,0.1,0.03225806451612903
625330,CCC,2014B,0.05,0.016666666666666666
625330,FFF,2014J,0.1,0.10526315789473684
625349,FFF,2014B,0.15,0.04838709677419355
625357,CCC,2014J,0.05,0.037037037037037035
625361,FFF,2014B,0.15,0.12
625376,GGG,2014B,0.3,0.20689655172413793
625383,BBB,2014B,0.05,0.09090909090909091
625390,BBB,2014B,0.05,0.14285714285714285
625394,FFF,2014B,0.0,0.0
625406,FFF,2014B,0.15,0.046153846153846156
625411,GGG,2014J,0.3,0.2857142857142857
625427,DDD,2014B,0.2,0.05970149253731343
625444,BBB,2014B,0.05,0.05555555555555555
625446,GGG,2014B,0.1,0.08333333333333333
625453,CCC,2014B,0.3,0.13636363636363635
625467,DDD,2014J,0.2,0.1
625476,CCC,2014B,0.05,0.1
625476,EEE,2014B,0.0,0.0
625477,BBB,2014B,0.15,0.13636363636363635
625494,GGG,2014B,0.25,0.22727272727272727
625514,BBB,2014B,0.05,0.07692307692307693
625515,FFF,2014J,0.15,0.07142857142857142
625527,CCC,2014B,0.05,0.06666666666666667
625527,EEE,2014B,0.15,0.10344827586206896
625530,GGG,2014J,0.25,0.13157894736842105
625536,FFF,2014B,0.2,0.0392156862745098
625540,GGG,2014B,0.1,0.6666666666666666
625541,CCC,2014J,0.1,0.09523809523809523
625541,EEE,2014B,0.05,0.045454545454545456
625544,GGG,2014B,0.05,0.16666666666666666
625545,GGG,2014B,0.35,0.1794871794871795
625548,FFF,2014B,0.1,0.06896551724137931
625552,CCC,2014B,0.05,0.047619047619047616
625555,DDD,2014J,0.15,0.07317073170731707
625566,FFF,2014B,0.2,0.04819277108433735
625574,CCC,2014B,0.3,0.13636363636363635
625588,FFF,2014B,0.05,0.011764705882352941
625603,GGG,2014B,0.1,0.09523809523809523
625609,FFF,2014B,0.0,0.0
625614,CCC,2014B,0.0,0.0
625614,EEE,2014J,0.35,0.15555555555555556
625615,DDD,2014B,0.0,0.0
625642,FFF,2014B,0.0,0.0
625649,GGG,2014B,0.1,0.16666666666666666
625651,GGG,2014B,0.0,0.0
625666,BBB,2014J,0.05,0.027777777777777776
625676,GGG,2014B,0.15,0.15789473684210525
625684,CCC,2014B,0.0,0.0
625713,BBB,2014B,0.15,0.15789473684210525
625714,CCC,2014B,0.0,0.0
625714,DDD,2014B,0.0,0.0
625722,GGG,2014B,0.25,0.15625
625724,BBB,2014B,0.2,0.17391304347826086
625740,CCC,2014B,0.0,0.0
625740,EEE,2014B,0.05,0.043478260869565216
625743,FFF,2014J,0.2,0.05405405405405406
625745,CCC,2014B,0.15,0.06382978723404255
625748,DDD,2014B,0.05,0.02857142857142857
625753,FFF,2014B,0.3,0.07317073170731707
625765,DDD,2014J,0.1,0.09523809523809523
625768,BBB,2014B,0.0,0.0
625775,GGG,2014B,0.2,0.3076923076923077
625782,CCC,2014B,0.3,0.1276595744680851
625785,EEE,2014J,0.1,0.06666666666666667
625790,EEE,2014B,0.0,0.0
625793,FFF,2014B,0.0,0.0
625794,FFF,2014B,0.1,0.07142857142857142
625797,EEE,2014J,0.15,0.5
625800,FFF,2014B,0.05,0.5
625802,FFF,2014J,0.0,0.0
625816,BBB,2014B,0.1,0.11764705882352941
625822,CCC,2014B,0.15,0.13636363636363635
625826,BBB,2014J,0.05,0.041666666666666664
625833,BBB,2014B,0.15,0.3333333333333333
625838,CCC,2014B,0.0,0.0
625838,FFF,2014J,0.15,0.06521739130434782
625857,BBB,2014B,0.0,0.0
625861,EEE,2014B,0.2,0.3076923076923077
625864,DDD,2014B,0.25,0.09433962264150944
625874,DDD,2014B,0.0,0.0
625875,GGG,2014B,0.05,0.05
625879,BBB,2014B,0.1,0.125
625903,GGG,2014B,0.15,0.1111111111111111
625912,GGG,2014B,0.15,0.15
625919,BBB,2014B,0.05,0.043478260869565216
625953,CCC,2014B,0.05,0.5
625953,EEE,2014B,0.05,0.1
625977,FFF,2014B,0.2,0.1
625983,DDD,2014B,0.0,0.0
625995,FFF,2014B,0.1,0.2222222222222222
626005,GGG,2014J,0.3,0.2608695652173913
626012,BBB,2014J,0.2,0.08163265306122448
626018,DDD,2014B,0.0,0.0
626022,EEE,2014B,0.25,0.3333333333333333
626023,GGG,2014B,0.35,0.23333333333333334
626033,FFF,2014J,0.2,0.07017543859649122
626040,DDD,2014B,0.0,0.0
626046,BBB,2014B,0.05,0.038461538461538464
626055,EEE,2014B,0.0,0.0
626061,DDD,2014B,0.0,0.0
626075,BBB,2014J,0.0,0.0
626091,GGG,2014B,0.2,0.2222222222222222
626092,GGG,2014B,0.05,0.2
626103,CCC,2014J,0.15,0.04918032786885246
626103,FFF,2014B,0.15,0.02912621359223301
626114,DDD,2014B,0.05,0.011494252873563218
626123,BBB,2014B,0.05,0.0625
626126,BBB,2014B,0.1,0.2
626128,FFF,2014B,0.4,0.0761904761904762
626132,DDD,2014J,0.45,0.1323529411764706
626138,BBB,2014B,0.05,0.05263157894736842
626139,BBB,2014J,0.05,0.037037037037037035
626145,GGG,2014B,0.15,0.17647058823529413
626146,DDD,2014B,0.2,0.09090909090909091
626159,BBB,2014J,0.0,0.0
626159,GGG,2014B,0.1,0.06666666666666667
626164,BBB,2014B,0.0,0.0
626172,DDD,2014B,0.2,0.05714285714285714
626179,DDD,2014J,0.05,0.025
626183,CCC,2014B,0.05,0.125
626183,EEE,2014B,0.05,0.058823529411764705
626192,DDD,2014B,0.2,0.06060606060606061
626195,BBB,2014J,0.1,0.0392156862745098
626198,FFF,2014B,0.2,0.10810810810810811
626210,BBB,2014J,0.0,0.0
626217,DDD,2014B,0.0,0.0
626231,FFF,2014B,0.05,0.022222222222222223
626238,DDD,2014B,0.1,0.04081632653061224
626240,AAA,2014J,0.05,0.043478260869565216
626245,BBB,2014B,0.0,0.0
626252,CCC,2014B,0.35,0.12280701754385964
626254,BBB,2014B,0.0,0.0
626256,GGG,2014B,0.3,0.2222222222222222
626259,FFF,2014B,0.05,0.029411764705882353
626282,GGG,2014B,0.2,0.2
626287,GGG,2014B,0.1,0.15384615384615385
626296,CCC,2014J,0.15,0.06666666666666667
626296,EEE,2014B,0.0,0.0
626297,BBB,2014B,0.05,0.07142857142857142
626306,GGG,2014B,0.25,0.19230769230769232
626307,GGG,2014B,0.0,0.0
626317,GGG,2014B,0.25,0.38461538461538464
626326,FFF,2014B,0.15,0.03896103896103896
626348,DDD,2014B,0.05,0.038461538461538464
626349,FFF,2014B,0.0,0.0
626349,FFF,2014J,0.0,0.0
626352,BBB,2014B,0.1,0.08695652173913043
626365,BBB,2014B,0.05,0.14285714285714285
626372,GGG,2014B,0.15,0.15
626379,GGG,2014B,0.4,0.24242424242424243
626384,GGG,2014J,0.1,0.18181818181818182
626386,BBB,2014B,0.0,0.0
626405,DDD,2014B,0.2,0.2857142857142857
626407,CCC,2014J,0.2,0.13333333333333333
626407,EEE,2014B,0.15,0.0967741935483871
626416,FFF,2014J,0.4,0.08080808080808081
626417,CCC,2014J,0.0,0.0
626417,DDD,2014B,0.0,0.0
626419,FFF,2014B,0.1,0.02
626448,FFF,2014B,0.05,0.017857142857142856
626450,DDD,2014B,0.05,0.012195121951219513
626454,FFF,2014J,0.3,0.04477611940298507
626463,CCC,2014J,0.0,0.0
626473,FFF,2014B,0.15,0.11538461538461539
626477,FFF,2014J,0.2,0.08163265306122448
626491,BBB,2014B,0.1,0.125
626501,CCC,2014B,0.0,0.0
626514,FFF,2014J,0.2,0.07272727272727272
626516,CCC,2014B,0.0,0.0
626516,EEE,2014B,0.15,0.16666666666666666
626519,CCC,2014J,0.35,0.11290322580645161
626519,EEE,2014B,0.05,0.041666666666666664
626530,FFF,2014B,0.05,0.022222222222222223
626537,FFF,2014B,0.15,0.1111111111111111
626539,FFF,2014B,0.0,0.0
626539,FFF,2014J,0.0,0.0
626551,DDD,2014B,0.15,0.041666666666666664
626552,FFF,2014J,0.2,0.07407407407407407
626555,BBB,2014B,0.4,0.16
626556,DDD,2014B,0.15,0.07317073170731707
626579,FFF,2014J,0.05,0.024390243902439025
626585,GGG,2014B,0.25,0.22727272727272727
626589,GGG,2014B,0.2,0.17391304347826086
626604,BBB,2014B,0.35,0.1206896551724138
626607,DDD,2014B,0.1,0.03508771929824561
626614,CCC,2014B,0.15,0.14285714285714285
626618,GGG,2014B,0.0,0.0
626625,CCC,2014J,0.0,0.0
626625,EEE,2014B,0.1,0.09090909090909091
626629,GGG,2014B,0.1,0.13333333333333333
626630,DDD,2014J,0.0,0.0
626642,BBB,2014B,0.15,0.42857142857142855
626644,FFF,2014B,0.15,0.05084745762711865
626646,BBB,2014J,0.05,0.02857142857142857
626667,GGG,2014B,0.15,0.3
626675,GGG,2014B,0.05,0.2
626692,FFF,2014B,0.0,0.0
626708,GGG,2014B,0.3,0.24
626714,CCC,2014B,0.05,0.04
626714,EEE,2014B,0.0,0.0
626740,BBB,2014J,0.1,0.08695652173913043
626749,EEE,2014B,0.3,0.3157894736842105
626753,CCC,2014J,0.0,0.0
626753,EEE,2014B,0.1,0.09523809523809523
626757,CCC,2014J,0.15,0.07317073170731707
626763,CCC,2014B,0.1,0.045454545454545456
626765,FFF,2014B,0.15,0.12
626768,EEE,2014B,0.05,0.05
626772,EEE,2014B,0.0,0.0
626778,FFF,2014B,0.15,0.02631578947368421
626801,FFF,2014B,0.05,0.1
626828,FFF,2014B,0.05,0.011904761904761904
626841,BBB,2014B,0.15,0.12
626843,BBB,2014B,0.0,0.0
626852,DDD,2014B,0.2,0.09302325581395349
626857,CCC,2014B,0.1,0.07692307692307693
626862,CCC,2014B,0.1,0.05128205128205128
626877,CCC,2014B,0.3,0.3
626877,EEE,2014B,0.1,0.15384615384615385
626878,CCC,2014J,0.0,0.0
626878,FFF,2014B,0.0,0.0
626881,FFF,2014B,0.2,0.08
626885,DDD,2014B,0.0,0.0
626889,DDD,2014B,0.15,0.09090909090909091
626890,FFF,2014B,0.2,0.05063291139240506
626917,BBB,2014B,0.15,0.21428571428571427
626927,GGG,2014B,0.05,0.5
626928,BBB,2014B,0.1,0.11764705882352941
626951,BBB,2014B,0.1,0.09090909090909091
626966,BBB,2014B,0.05,0.043478260869565216
626979,DDD,2014B,0.05,0.03571428571428571
626982,GGG,2014B,0.25,0.22727272727272727
626987,FFF,2014B,0.25,0.06172839506172839
626998,CCC,2014B,0.05,0.043478260869565216
626998,EEE,2014J,0.1,0.2
627000,BBB,2014B,0.0,0.0
627021,DDD,2014B,0.1,0.058823529411764705
627022,FFF,2014B,0.05,0.03125
627026,FFF,2014B,0.1,0.2222222222222222
627027,BBB,2014B,0.0,0.0
627050,GGG,2014B,0.15,0.125
627057,GGG,2014B,0.1,0.18181818181818182
627061,FFF,2014B,0.1,0.030303030303030304
627066,CCC,2014B,0.05,0.2
627067,FFF,2014B,0.05,0.022727272727272728
627071,DDD,2014B,0.0,0.0
627097,DDD,2014J,0.0,0.0
627100,DDD,2014B,0.05,0.021739130434782608
627115,BBB,2014B,0.15,0.3
627118,BBB,2014B,0.1,0.11764705882352941
627126,FFF,2014B,0.0,0.0
627136,CCC,2014B,0.1,0.09523809523809523
627145,FFF,2014B,0.2,0.06153846153846154
627173,DDD,2014B,0.0,0.0
627176,FFF,2014B,0.05,0.05263157894736842
627179,BBB,2014B,0.0,0.0
627184,CCC,2014J,0.0,0.0
627184,DDD,2014B,0.0,0.0
627185,BBB,2014B,0.0,0.0
627190,BBB,2014B,0.3,0.1016949152542373
627217,GGG,2014B,0.35,0.2413793103448276
627236,DDD,2014J,0.1,0.04
627244,BBB,2014B,0.05,0.038461538461538464
627247,FFF,2014B,0.2,0.04878048780487805
627251,GGG,2014B,0.1,0.07407407407407407
627253,CCC,2014B,0.2,0.19047619047619047
627264,GGG,2014B,0.2,0.16
627269,BBB,2014J,0.2,0.06666666666666667
627270,BBB,2014B,0.05,0.045454545454545456
627276,DDD,2014B,0.15,0.06
627283,CCC,2014J,0.1,0.06666666666666667
627283,EEE,2014J,0.0,0.0
627285,BBB,2014B,0.15,0.16666666666666666
627290,CCC,2014J,0.0,0.0
627290,EEE,2014B,0.05,0.07692307692307693
627295,DDD,2014J,0.1,0.03571428571428571
627307,FFF,2014B,0.05,0.02631578947368421
627312,EEE,2014J,0.3,0.24
627321,BBB,2014B,0.05,1.0
627322,DDD,2014B,0.35,0.0958904109589041
627327,GGG,2014B,0.25,0.16666666666666666
627330,GGG,2014B,0.35,0.2916666666666667
627333,DDD,2014B,0.2,0.04819277108433735
627343,CCC,2014B,0.15,0.08571428571428572
627348,CCC,2014B,0.0,0.0
627365,FFF,2014J,0.15,0.038461538461538464
627367,DDD,2014B,0.0,0.0
627367,DDD,2014J,0.0,0.0
627374,CCC,2014B,0.0,0.0
627380,BBB,2014B,0.1,0.1111111111111111
627386,CCC,2014B,0.05,0.09090909090909091
627387,CCC,2014B,0.0,0.0
627387,EEE,2014B,0.05,0.07692307692307693
627388,BBB,2014B,0.1,0.3333333333333333
627397,DDD,2014B,0.05,0.022222222222222223
627399,CCC,2014B,0.15,0.05172413793103448
627399,EEE,2014B,0.15,0.11538461538461539
627401,CCC,2014J,0.05,0.1111111111111111
627401,EEE,2014B,0.05,0.05555555555555555
627403,BBB,2014B,0.15,0.15789473684210525
627417,CCC,2014J,0.1,0.029850746268656716
627417,FFF,2014B,0.0,0.0
627442,FFF,2014B,0.0,0.0
627450,CCC,2014J,0.15,0.10344827586206896
627450,EEE,2014B,0.15,0.15789473684210525
627453,DDD,2014J,0.25,0.13513513513513514
627468,FFF,2014B,0.05,0.02040816326530612
627471,CCC,2014J,0.35,0.11864406779661017
627471,EEE,2014B,0.1,0.08333333333333333
627476,DDD,2014J,0.05,0.03571428571428571
627481,GGG,2014J,0.1,0.2222222222222222
627500,EEE,2014B,0.1,0.4
627509,BBB,2014B,0.05,0.2
627516,EEE,2014B,0.35,0.30434782608695654
627521,FFF,2014B,0.1,0.045454545454545456
627524,FFF,2014B,0.1,0.15384615384615385
627527,CCC,2014J,0.1,0.16666666666666666
627530,GGG,2014B,0.1,0.13333333333333333
627536,DDD,2014B,0.0,0.0
627549,BBB,2014B,0.05,0.058823529411764705
627550,BBB,2014B,0.05,0.07142857142857142
627563,BBB,2014J,0.2,0.10526315789473684
627581,DDD,2014B,0.0,0.0
627595,FFF,2014B,0.2,0.06153846153846154
627597,GGG,2014B,0.3,0.25
627618,DDD,2014J,0.05,0.03333333333333333
627620,FFF,2014B,0.2,0.07692307692307693
627622,FFF,2014B,0.1,0.0425531914893617
627636,EEE,2014B,0.15,0.14285714285714285
627638,DDD,2014B,0.0,0.0
627647,BBB,2014B,0.1,0.09523809523809523
627659,BBB,2014B,0.0,0.0
627660,BBB,2014J,0.05,0.022727272727272728
627661,GGG,2014B,0.05,0.05555555555555555
627679,FFF,2014B,0.1,0.05128205128205128
627685,BBB,2014B,0.1,0.16666666666666666
627691,CCC,2014B,0.25,0.16129032258064516
627692,FFF,2014B,0.1,0.04081632653061224
627695,DDD,2014J,0.0,0.0
627711,CCC,2014B,0.1,0.25
627711,EEE,2014B,0.0,0.0
627717,FFF,2014B,0.1,0.05714285714285714
627747,CCC,2014B,0.25,0.1724137931034483
627750,CCC,2014B,0.1,0.1
627750,EEE,2014B,0.05,0.058823529411764705
627751,FFF,2014B,0.05,0.16666666666666666
627764,GGG,2014B,0.2,0.3333333333333333
627772,DDD,2014B,0.05,0.021739130434782608
627773,GGG,2014B,0.15,0.0967741935483871
627777,BBB,2014B,0.3,0.18181818181818182
627784,CCC,2014B,0.0,0.0
627787,GGG,2014B,0.25,0.2631578947368421
627812,GGG,2014J,0.05,0.058823529411764705
627821,GGG,2014B,0.2,0.18181818181818182
627827,GGG,2014B,0.2,0.16666666666666666
627829,FFF,2014J,0.05,0.0136986301369863
627834,GGG,2014B,0.25,0.21739130434782608
627843,GGG,2014B,0.0,0.0
627860,FFF,2014B,0.15,0.08823529411764706
627879,DDD,2014B,0.15,0.13636363636363635
627882,DDD,2014B,0.1,0.029850746268656716
627886,FFF,2014B,0.0,0.0
627891,DDD,2014B,0.0,0.0
627895,GGG,2014B,0.25,0.2777777777777778
627901,GGG,2014B,0.05,0.05263157894736842
627907,EEE,2014B,0.05,0.04
627924,DDD,2014B,0.05,0.05555555555555555
627933,CCC,2014B,0.05,0.125
627948,BBB,2014B,0.0,0.0
627968,BBB,2014J,0.0,0.0
627973,GGG,2014B,0.0,0.0
628004,FFF,2014B,0.1,0.05405405405405406
628006,BBB,2014B,0.15,0.09375
628008,DDD,2014B,0.05,0.027777777777777776
628029,CCC,2014B,0.25,0.15151515151515152
628034,CCC,2014J,0.0,0.0
628034,FFF,2014B,0.25,0.03787878787878788
628038,FFF,2014B,0.1,0.05555555555555555
628054,EEE,2014B,0.05,0.043478260869565216
628054,EEE,2014J,0.05,0.037037037037037035
628054,FFF,2014J,0.0,0.0
628058,FFF,2014B,0.1,0.03278688524590164
628086,CCC,2014B,0.1,0.06451612903225806
628090,CCC,2014B,0.0,0.0
628098,FFF,2014B,0.25,0.125
628099,DDD,2014B,0.25,0.07936507936507936
628114,CCC,2014J,0.0,0.0
628114,FFF,2014B,0.15,0.04477611940298507
628117,FFF,2014B,0.2,0.07272727272727272
628119,BBB,2014B,0.1,0.3333333333333333
628140,FFF,2014B,0.2,0.06153846153846154
628141,FFF,2014B,0.0,0.0
628143,FFF,2014B,0.1,0.06060606060606061
628149,FFF,2014J,0.2,0.038461538461538464
628152,FFF,2014B,0.1,0.030303030303030304
628157,CCC,2014B,0.0,0.0
628157,FFF,2014J,0.15,0.05357142857142857
628172,GGG,2014J,0.05,1.0
628174,FFF,2014B,0.25,0.078125
628176,BBB,2014B,0.1,0.07692307692307693
628178,BBB,2014B,0.15,0.0967741935483871
628180,BBB,2014B,0.05,0.16666666666666666
628181,BBB,2014B,0.1,0.18181818181818182
628189,GGG,2014B,0.25,0.25
628190,BBB,2014B,0.0,0.0
628216,CCC,2014J,0.15,0.06818181818181818
628216,DDD,2014B,0.05,0.02702702702702703
628217,GGG,2014B,0.0,0.0
628227,GGG,2014B,0.15,0.17647058823529413
628246,DDD,2014B,0.1,0.04878048780487805
628259,DDD,2014J,0.0,0.0
628280,GGG,2014B,0.15,0.17647058823529413
628287,BBB,2014B,0.05,0.05263157894736842
628293,CCC,2014B,0.15,0.10344827586206896
628299,GGG,2014J,0.2,0.14814814814814814
628300,CCC,2014J,0.0,0.0
628300,EEE,2014B,0.2,0.14285714285714285
628301,BBB,2014B,0.1,0.09523809523809523
628307,FFF,2014B,0.15,0.06976744186046512
628316,GGG,2014B,0.15,0.13043478260869565
628328,BBB,2014B,0.05,0.03571428571428571
628333,DDD,2014B,0.05,0.022222222222222223
628347,DDD,2014B,0.0,0.0
628361,CCC,2014J,0.15,0.06521739130434782
628361,FFF,2014B,0.1,0.03389830508474576
628367,GGG,2014B,0.05,0.06666666666666667
628369,GGG,2014B,0.15,0.125
628370,FFF,2014B,0.15,0.08571428571428572
628376,CCC,2014J,0.0,0.0
628376,DDD,2014B,0.1,0.0425531914893617
628379,BBB,2014B,0.1,0.09523809523809523
628383,CCC,2014B,0.1,0.041666666666666664
628383,FFF,2014J,0.2,0.06666666666666667
628386,DDD,2014B,0.0,0.0
628388,BBB,2014J,0.1,0.09523809523809523
628389,BBB,2014B,0.15,0.06666666666666667
628390,DDD,2014J,0.1,0.03571428571428571
628407,CCC,2014J,0.05,0.024390243902439025
628411,BBB,2014B,0.0,0.0
628423,BBB,2014B,0.2,0.16
628437,DDD,2014J,0.05,0.01818181818181818
628443,FFF,2014B,0.1,0.04878048780487805
628455,GGG,2014B,0.25,0.17857142857142858
628476,FFF,2014B,0.15,0.08571428571428572
628480,EEE,2014J,0.15,0.07894736842105263
628495,GGG,2014B,0.15,0.15789473684210525
628502,DDD,2014B,0.2,0.08888888888888889
628506,CCC,2014B,0.0,0.0
628511,BBB,2014B,0.0,0.0
628516,BBB,2014B,0.05,0.058823529411764705
628519,DDD,2014J,0.15,0.06818181818181818
628521,FFF,2014J,0.15,0.05084745762711865
628530,GGG,2014B,0.1,0.08
628545,GGG,2014B,0.3,0.1935483870967742
628561,FFF,2014B,0.2,0.04938271604938271
628565,CCC,2014B,0.35,0.2916666666666667
628569,GGG,2014J,0.0,0.0
628575,CCC,2014B,0.0,0.0
628575,DDD,2014B,0.1,0.05405405405405406
628580,BBB,2014B,0.2,0.15384615384615385
628586,BBB,2014B,0.0,0.0
628593,DDD,2014J,0.2,0.09302325581395349
628598,GGG,2014B,0.1,0.11764705882352941
628616,BBB,2014B,0.05,0.05
628618,CCC,2014J,0.0,0.0
628630,GGG,2014B,0.1,0.15384615384615385
628631,DDD,2014J,0.05,0.02857142857142857
628635,BBB,2014B,0.1,0.16666666666666666
628642,DDD,2014B,0.0,0.0
628656,BBB,2014J,0.2,0.14814814814814814
628663,CCC,2014B,0.05,0.05
628669,GGG,2014B,0.1,0.25
628677,EEE,2014B,0.0,0.0
628679,BBB,2014J,0.2,0.1
628712,GGG,2014B,0.25,0.2631578947368421
628717,EEE,2014J,0.0,0.0
628718,EEE,2014B,0.2,0.2857142857142857
628720,FFF,2014B,0.0,0.0
628741,EEE,2014J,0.25,0.35714285714285715
628751,BBB,2014B,0.1,0.06896551724137931
628759,GGG,2014B,0.0,0.0
628766,EEE,2014J,0.2,0.4
628771,CCC,2014B,0.0,0.0
628777,CCC,2014J,0.05,0.030303030303030304
628777,EEE,2014B,0.05,0.038461538461538464
628803,FFF,2014B,0.05,0.01818181818181818
628806,DDD,2014B,0.0,0.0
628835,DDD,2014B,0.1,0.03773584905660377
628837,FFF,2014B,0.15,0.16666666666666666
628841,FFF,2014B,0.0,0.0
628846,CCC,2014J,0.05,0.043478260869565216
628846,FFF,2014B,0.1,0.03636363636363636
628869,GGG,2014B,0.25,0.23809523809523808
628870,GGG,2014B,0.1,0.1
628875,DDD,2014B,0.0,0.0
628881,GGG,2014B,0.3,0.20689655172413793
628888,FFF,2014J,0.15,0.046875
628910,CCC,2014J,0.3,0.09836065573770492
628910,EEE,2014B,0.0,0.0
628915,DDD,2014B,0.15,0.058823529411764705
628925,FFF,2014B,0.25,0.07936507936507936
628929,GGG,2014B,0.2,0.18181818181818182
628931,GGG,2014B,0.35,0.3181818181818182
628941,BBB,2014B,0.0,0.0
628954,BBB,2014B,0.0,0.0
628956,DDD,2014B,0.1,0.029411764705882353
628959,EEE,2014B,0.3,0.2727272727272727
628964,FFF,2014J,0.1,0.017857142857142856
628972,FFF,2014B,0.15,0.06382978723404255
628982,BBB,2014B,0.0,0.0
628991,BBB,2014J,0.1,0.03508771929824561
628995,FFF,2014B,0.05,0.03125
629000,DDD,2014B,0.0,0.0
629014,EEE,2014J,0.25,0.25
629022,FFF,2014B,0.2,0.09302325581395349
629026,BBB,2014B,0.15,0.09375
629029,FFF,2014J,0.0,0.0
629037,BBB,2014B,0.05,0.1
629039,DDD,2014B,0.0,0.0
629044,BBB,2014B,0.05,0.125
629053,BBB,2014J,0.05,0.03225806451612903
629055,DDD,2014B,0.05,0.05
629056,CCC,2014J,0.15,0.1875
629060,BBB,2014B,0.05,0.07692307692307693
629081,CCC,2014B,0.0,0.0
629094,BBB,2014B,0.0,0.0
629096,CCC,2014J,0.0,0.0
629096,FFF,2014B,0.0,0.0
629101,EEE,2014J,0.15,0.21428571428571427
629103,BBB,2014B,0.05,0.2
629127,BBB,2014J,0.15,0.07692307692307693
629153,GGG,2014B,0.1,0.08695652173913043
629163,FFF,2014B,0.0,0.0
629164,CCC,2014B,0.3,0.1111111111111111
629182,FFF,2014B,0.05,0.07142857142857142
629182,FFF,2014J,0.05,0.030303030303030304
629198,GGG,2014B,0.25,0.2
629202,EEE,2014B,0.35,0.25
629240,BBB,2014B,0.05,0.022727272727272728
629244,FFF,2014B,0.1,0.041666666666666664
629245,BBB,2014J,0.0,0.0
629258,GGG,2014J,0.45,0.20930232558139536
629267,FFF,2014B,0.15,0.06976744186046512
629274,BBB,2014B,0.0,0.0
629291,FFF,2014B,0.3,0.040268456375838924
629303,FFF,2014B,0.1,0.058823529411764705
629309,DDD,2014J,0.25,0.07142857142857142
629310,GGG,2014B,0.05,0.1
629342,CCC,2014B,0.1,0.06666666666666667
629342,EEE,2014B,0.05,0.05555555555555555
629379,DDD,2014J,0.2,0.07142857142857142
629400,EEE,2014J,0.35,0.28
629405,CCC,2014J,0.1,0.07407407407407407
629405,DDD,2014B,0.2,0.04
629414,FFF,2014B,0.35,0.15217391304347827
629452,DDD,2014B,0.2,0.06896551724137931
629454,DDD,2014B,0.2,0.1
629490,BBB,2014B,0.0,0.0
629491,FFF,2014J,0.0,0.0
629500,EEE,2014B,0.1,0.14285714285714285
629504,BBB,2014B,0.0,0.0
629506,EEE,2014B,0.15,0.21428571428571427
629507,BBB,2014B,0.05,0.16666666666666666
629514,GGG,2014B,0.25,0.35714285714285715
629522,FFF,2014B,0.0,0.0
629522,FFF,2014J,0.0,0.0
629523,CCC,2014J,0.35,0.35
629535,CCC,2014J,0.0,0.0
629535,EEE,2014J,0.1,0.07692307692307693
629540,FFF,2014B,0.35,0.06422018348623854
629541,FFF,2014B,0.15,0.03529411764705882
629553,BBB,2014J,0.05,0.06666666666666667
629554,BBB,2014B,0.05,0.3333333333333333
629560,CCC,2014J,0.1,0.14285714285714285
629601,EEE,2014B,0.15,0.15
629603,FFF,2014B,0.1,0.0273972602739726
629607,CCC,2014J,0.2,0.11428571428571428
629619,BBB,2014B,0.15,0.23076923076923078
629632,DDD,2014B,0.0,0.0
629633,GGG,2014B,0.25,0.1724137931034483
629642,EEE,2014J,0.05,0.08333333333333333
629654,CCC,2014B,0.1,0.10526315789473684
629654,EEE,2014B,0.1,0.09523809523809523
629692,CCC,2014J,0.25,0.10869565217391304
629692,FFF,2014B,0.1,0.0273972602739726
629693,FFF,2014B,0.1,0.03571428571428571
629696,CCC,2014B,0.0,0.0
629696,CCC,2014J,0.0,0.0
629696,DDD,2014B,0.1,0.03571428571428571
629699,DDD,2014B,0.0,0.0
629703,DDD,2014J,0.1,0.03389830508474576
629710,CCC,2014B,0.0,0.0
629710,DDD,2014B,0.35,0.04929577464788732
629725,DDD,2014B,0.05,0.02702702702702703
629736,GGG,2014B,0.2,0.16
629739,FFF,2014B,0.2,0.08695652173913043
629745,GGG,2014B,0.25,0.18518518518518517
629753,EEE,2014B,0.55,0.3548387096774194
629766,CCC,2014B,0.1,0.05405405405405406
629767,FFF,2014B,0.0,0.0
629772,GGG,2014B,0.2,0.18181818181818182
629777,GGG,2014B,0.3,0.3157894736842105
629779,GGG,2014B,0.05,0.1
629798,CCC,2014B,0.0,0.0
629813,GGG,2014B,0.05,0.08333333333333333
629818,FFF,2014J,0.3,0.0625
629820,GGG,2014B,0.0,0.0
629822,DDD,2014B,0.05,0.02702702702702703
629835,BBB,2014B,0.05,0.125
629852,EEE,2014J,0.1,0.3333333333333333
629853,GGG,2014B,0.1,0.08
629862,CCC,2014B,0.1,0.06060606060606061
629862,EEE,2014J,0.1,0.07692307692307693
629873,FFF,2014B,0.3,0.0821917808219178
629876,DDD,2014B,0.0,0.0
629877,DDD,2014B,0.1,0.02564102564102564
629878,DDD,2014J,0.25,0.08196721311475409
629881,FFF,2014B,0.15,0.04411764705882353
629886,BBB,2014B,0.15,0.15
629890,CCC,2014B,0.0,0.0
629891,BBB,2014B,0.2,0.16
629898,DDD,2014B,0.1,0.04878048780487805
629906,EEE,2014B,0.0,0.0
629921,DDD,2014B,0.05,0.023809523809523808
629922,FFF,2014J,0.2,0.057971014492753624
629923,BBB,2014B,0.1,0.08
629936,CCC,2014B,0.1,0.16666666666666666
629938,FFF,2014B,0.2,0.05194805194805195
629944,FFF,2014J,0.35,0.09859154929577464
629961,GGG,2014B,0.05,0.3333333333333333
629976,BBB,2014B,0.1,0.3333333333333333
629978,GGG,2014B,0.0,0.0
629993,FFF,2014B,0.15,0.08108108108108109
630005,CCC,2014B,0.15,0.15789473684210525
630012,CCC,2014B,0.05,0.04
630013,CCC,2014J,0.05,0.025
630013,FFF,2014B,0.05,0.037037037037037035
630015,FFF,2014B,0.2,0.04395604395604396
630028,BBB,2014B,0.1,0.07692307692307693
630029,BBB,2014B,0.05,0.08333333333333333
630030,BBB,2014B,0.1,0.125
630045,FFF,2014B,0.1,0.024096385542168676
630047,CCC,2014B,0.1,0.06451612903225806
630047,EEE,2014B,0.1,0.1
630052,BBB,2014B,0.05,0.0625
630053,BBB,2014B,0.1,0.09090909090909091
630073,CCC,2014J,0.0,0.0
630073,DDD,2014B,0.0,0.0
630083,FFF,2014B,0.1,0.03278688524590164
630086,CCC,2014B,0.05,0.025
630086,EEE,2014B,0.1,0.1
630090,BBB,2014B,0.0,0.0
630099,GGG,2014B,0.3,0.1935483870967742
630105,EEE,2014J,0.15,0.125
630106,EEE,2014J,0.3,0.25
630108,GGG,2014B,0.3,0.2
630109,FFF,2014J,0.1,0.05
630129,FFF,2014B,0.0,0.0
630137,DDD,2014B,0.15,0.08333333333333333
630142,AAA,2014J,0.05,0.25
630157,CCC,2014B,0.1,0.05405405405405406
630158,FFF,2014J,0.55,0.05789473684210526
630165,CCC,2014J,0.0,0.0
630165,EEE,2014B,0.15,0.10344827586206896
630168,FFF,2014B,0.05,0.030303030303030304
630177,CCC,2014J,0.15,0.06521739130434782
630177,FFF,2014B,0.05,0.007407407407407408
630178,CCC,2014B,0.05,0.037037037037037035
630178,DDD,2014B,0.25,0.09615384615384616
630200,CCC,2014B,0.0,0.0
630200,CCC,2014J,0.0,0.0
630200,DDD,2014B,0.0,0.0
630211,CCC,2014B,0.25,0.16129032258064516
630219,GGG,2014B,0.0,0.0
630221,GGG,2014B,0.3,0.2222222222222222
630240,GGG,2014B,0.05,0.125
630242,GGG,2014B,0.05,0.125
630260,BBB,2014B,0.05,0.1
630264,FFF,2014B,0.0,0.0
630286,BBB,2014J,0.0,0.0
630315,BBB,2014B,0.1,0.058823529411764705
630326,FFF,2014B,0.2,0.039603960396039604
630328,DDD,2014J,0.05,0.07142857142857142
630333,BBB,2014B,0.0,0.0
630345,BBB,2014B,0.05,0.1
630354,DDD,2014J,0.0,0.0
630359,DDD,2014B,0.1,0.5
630372,BBB,2014B,0.15,0.13043478260869565
630380,DDD,2014J,0.05,0.02040816326530612
630393,BBB,2014B,0.0,0.0
630401,DDD,2014B,0.05,0.1111111111111111
630404,BBB,2014J,0.05,0.029411764705882353
630415,BBB,2014B,0.15,0.1
630430,CCC,2014J,0.25,0.07936507936507936
630431,CCC,2014J,0.05,0.09090909090909091
630432,DDD,2014B,0.0,0.0
630443,BBB,2014B,0.05,0.04
630446,GGG,2014B,0.2,0.2
630449,CCC,2014B,0.05,0.05555555555555555
630449,EEE,2014B,0.1,0.08333333333333333
630451,BBB,2014B,0.1,0.08695652173913043
630452,CCC,2014J,0.0,0.0
630452,FFF,2014B,0.05,0.02
630467,CCC,2014J,0.45,0.15
630479,CCC,2014J,0.0,0.0
630479,FFF,2014B,0.1,0.025
630488,FFF,2014B,0.3,0.12244897959183673
630496,GGG,2014B,0.1,0.08333333333333333
630519,CCC,2014J,0.1,0.06451612903225806
630519,EEE,2014J,0.1,0.07407407407407407
630522,GGG,2014B,0.1,0.1
630540,CCC,2014B,0.1,0.14285714285714285
630540,EEE,2014B,0.15,0.21428571428571427
630541,EEE,2014J,0.1,0.15384615384615385
630549,BBB,2014B,0.0,0.0
630561,BBB,2014B,0.05,0.3333333333333333
630569,GGG,2014B,0.2,0.15384615384615385
630585,CCC,2014B,0.0,0.0
630585,EEE,2014B,0.05,0.25
630586,BBB,2014B,0.15,0.13043478260869565
630596,DDD,2014B,0.3,0.05405405405405406
630597,BBB,2014J,0.0,0.0
630606,CCC,2014B,0.1,0.04878048780487805
630606,EEE,2014B,0.1,0.08695652173913043
630608,BBB,2014B,0.05,0.16666666666666666
630613,CCC,2014B,0.1,0.043478260869565216
630613,DDD,2014B,0.3,0.061224489795918366
630634,FFF,2014B,0.05,0.041666666666666664
630635,CCC,2014B,0.0,0.0
630635,EEE,2014B,0.1,0.09523809523809523
630653,FFF,2014B,0.1,0.05714285714285714
630654,FFF,2014B,0.2,0.08888888888888889
630655,FFF,2014B,0.05,0.02631578947368421
630657,EEE,2014B,0.0,0.0
630671,FFF,2014B,0.0,0.0
630696,EEE,2014B,0.0,0.0
630697,BBB,2014J,0.0,0.0
630716,BBB,2014J,0.25,0.19230769230769232
630718,BBB,2014B,0.05,0.058823529411764705
630722,EEE,2014B,0.25,0.2777777777777778
630730,CCC,2014B,0.3,0.13043478260869565
630734,FFF,2014B,0.4,0.05714285714285714
630736,BBB,2014B,0.0,0.0
630745,FFF,2014J,0.2,0.13333333333333333
630759,FFF,2014B,0.05,0.05263157894736842
630762,GGG,2014B,0.0,0.0
630763,BBB,2014B,0.05,0.1111111111111111
630770,GGG,2014B,0.6,0.375
630774,DDD,2014B,0.15,0.05263157894736842
630776,GGG,2014B,0.15,0.2727272727272727
630778,BBB,2014B,0.25,0.07692307692307693
630787,GGG,2014B,0.15,0.21428571428571427
630788,GGG,2014B,0.4,0.2857142857142857
630794,BBB,2014B,0.05,0.07692307692307693
630804,FFF,2014B,0.05,0.1
630818,DDD,2014B,0.05,0.011627906976744186
630823,BBB,2014B,0.2,0.23529411764705882
630830,FFF,2014B,0.05,0.02857142857142857
630833,BBB,2014B,0.0,0.0
630834,BBB,2014J,0.0,0.0
630834,GGG,2014B,0.2,0.13333333333333333
630835,FFF,2014J,0.1,0.03278688524590164
630841,GGG,2014B,0.2,0.11764705882352941
630854,FFF,2014B,0.05,0.02564102564102564
630858,DDD,2014J,0.15,0.05263157894736842
630859,FFF,2014B,0.2,0.07547169811320754
630863,GGG,2014B,0.2,0.14814814814814814
630868,FFF,2014B,0.05,0.125
630876,BBB,2014B,0.05,0.06666666666666667
630881,GGG,2014B,0.3,0.20689655172413793
630888,EEE,2014B,0.05,0.043478260869565216
630891,FFF,2014B,0.1,0.029850746268656716
630896,CCC,2014B,0.05,0.038461538461538464
630900,DDD,2014J,0.1,0.05
630900,EEE,2014B,0.2,0.13333333333333333
630905,CCC,2014J,0.45,0.12857142857142856
630905,FFF,2014J,0.3,0.04195804195804196
630910,FFF,2014J,0.3,0.06593406593406594
630912,CCC,2014B,0.0,0.0
630912,FFF,2014B,0.05,0.047619047619047616
630924,FFF,2014B,0.2,0.07692307692307693
630935,CCC,2014J,0.05,0.022727272727272728
630935,DDD,2014B,0.15,0.04838709677419355
630937,FFF,2014B,0.2,0.05194805194805195
630944,BBB,2014B,0.0,0.0
630946,GGG,2014B,0.3,0.21428571428571427
630948,DDD,2014B,0.05,0.016129032258064516
630966,FFF,2014B,0.45,0.07317073170731707
630992,FFF,2014J,0.0,0.0
631016,CCC,2014J,0.0,0.0
631016,EEE,2014B,0.2,0.14814814814814814
631023,FFF,2014B,0.2,0.029197080291970802
631029,DDD,2014B,0.0,0.0
631033,GGG,2014B,0.1,0.15384615384615385
631044,CCC,2014B,0.35,0.1320754716981132
631055,DDD,2014J,0.15,0.04225352112676056
631073,CCC,2014J,0.0,0.0
631073,EEE,2014B,0.1,0.1
631075,CCC,2014B,0.0,0.0
631075,FFF,2014B,0.0,0.0
631075,FFF,2014J,0.15,0.0967741935483871
631081,BBB,2014B,0.25,0.1724137931034483
631086,BBB,2014B,0.0,0.0
631099,FFF,2014B,0.15,0.08571428571428572
631104,FFF,2014B,0.15,0.03614457831325301
631108,BBB,2014B,0.05,0.03571428571428571
631109,BBB,2014B,0.1,0.1111111111111111
631111,FFF,2014B,0.1,0.07692307692307693
631113,EEE,2014J,0.15,0.15
631117,CCC,2014J,0.05,0.02
631117,EEE,2014B,0.05,0.09090909090909091
631122,CCC,2014B,0.05,0.1111111111111111
631131,DDD,2014B,0.25,0.045871559633027525
631132,BBB,2014B,0.05,0.06666666666666667
631189,GGG,2014B,0.1,0.16666666666666666
631201,GGG,2014B,0.25,0.17857142857142858
631207,DDD,2014B,0.05,0.16666666666666666
631225,BBB,2014B,0.0,0.0
631230,BBB,2014J,0.15,0.07692307692307693
631235,FFF,2014B,0.05,0.038461538461538464
631240,DDD,2014B,0.0,0.0
631240,DDD,2014J,0.05,0.043478260869565216
631247,CCC,2014J,0.15,0.08823529411764706
631247,FFF,2014B,0.1,0.022222222222222223
631248,BBB,2014J,0.1,0.046511627906976744
631257,DDD,2014B,0.0,0.0
631277,GGG,2014B,0.25,0.3125
631290,GGG,2014B,0.4,0.27586206896551724
631299,DDD,2014B,0.05,0.06666666666666667
631300,CCC,2014B,0.0,0.0
631300,FFF,2014B,0.2,0.06779661016949153
631311,FFF,2014B,0.15,0.05172413793103448
631322,DDD,2014B,0.1,0.0273972602739726
631327,FFF,2014B,0.05,0.023809523809523808
631334,CCC,2014B,0.1,0.05263157894736842
631334,EEE,2014B,0.3,0.1875
631341,BBB,2014B,0.05,0.16666666666666666
631354,BBB,2014B,0.0,0.0
631356,EEE,2014B,0.25,0.21739130434782608
631384,BBB,2014B,0.0,0.0
631388,DDD,2014B,0.2,0.0392156862745098
631392,GGG,2014B,0.25,0.19230769230769232
631416,BBB,2014J,0.05,0.06666666666666667
631422,BBB,2014B,0.0,0.0
631439,DDD,2014B,0.15,0.05
631441,BBB,2014B,0.15,0.10714285714285714
631445,BBB,2014B,0.0,0.0
631446,GGG,2014B,0.25,0.19230769230769232
631453,CCC,2014B,0.05,0.043478260869565216
631453,EEE,2014B,0.15,0.14285714285714285
631454,GGG,2014B,0.35,0.2692307692307692
631455,CCC,2014B,0.05,0.029411764705882353
631467,FFF,2014B,0.15,0.04838709677419355
631473,CCC,2014B,0.25,0.0684931506849315
631473,FFF,2014B,0.1,0.02
631491,CCC,2014J,0.35,0.1
631492,BBB,2014B,0.15,0.1111111111111111
631509,EEE,2014B,0.35,0.3684210526315789
631513,DDD,2014J,0.0,0.0
631514,DDD,2014B,0.25,0.05555555555555555
631515,BBB,2014B,0.15,0.13043478260869565
631524,FFF,2014J,0.1,0.1111111111111111
631530,BBB,2014B,0.1,0.125
631542,GGG,2014B,0.3,0.25
631561,BBB,2014B,0.0,0.0
631563,BBB,2014B,0.05,0.5
631569,DDD,2014B,0.1,0.03125
631573,CCC,2014J,0.1,0.04
631583,CCC,2014B,0.15,0.17647058823529413
631603,DDD,2014J,0.0,0.0
631613,BBB,2014B,0.15,0.06
631639,DDD,2014B,0.05,0.022222222222222223
631640,BBB,2014J,0.0,0.0
631650,BBB,2014B,0.0,0.0
631655,CCC,2014B,0.15,0.07317073170731707
631655,EEE,2014B,0.15,0.14285714285714285
631658,FFF,2014J,0.35,0.051094890510948905
631663,CCC,2014J,0.2,0.11764705882352941
631670,DDD,2014B,0.0,0.0
631673,FFF,2014B,0.15,0.09090909090909091
631679,BBB,2014B,0.2,0.2222222222222222
631680,FFF,2014B,0.25,0.060240963855421686
631681,FFF,2014J,0.2,0.06557377049180328
631699,CCC,2014B,0.3,0.17142857142857143
631701,FFF,2014B,0.0,0.0
631715,CCC,2014B,0.05,0.021739130434782608
631715,FFF,2014J,0.2,0.0380952380952381
631719,FFF,2014B,0.2,0.1111111111111111
631723,GGG,2014J,0.4,0.3076923076923077
631724,BBB,2014B,0.1,0.1
631740,FFF,2014J,0.05,0.024390243902439025
631753,GGG,2014B,0.15,0.16666666666666666
631756,GGG,2014B,0.05,0.14285714285714285
631765,FFF,2014B,0.2,0.09523809523809523
631766,BBB,2014B,0.15,0.17647058823529413
631771,CCC,2014J,0.0,0.0
631771,DDD,2014B,0.0,0.0
631772,CCC,2014B,0.05,0.018518518518518517
631775,BBB,2014J,0.1,0.2222222222222222
631777,BBB,2014B,0.1,0.13333333333333333
631786,GGG,2014B,0.1,0.2222222222222222
631788,GGG,2014B,0.0,0.0
631807,EEE,2014B,0.05,0.16666666666666666
631813,DDD,2014B,0.05,0.058823529411764705
631835,DDD,2014J,0.25,0.08196721311475409
631837,FFF,2014J,0.35,0.04861111111111111
631846,DDD,2014B,0.05,0.1111111111111111
631848,BBB,2014B,0.05,0.07692307692307693
631850,CCC,2014B,0.1,0.058823529411764705
631851,CCC,2014J,0.1,0.05128205128205128
631851,DDD,2014B,0.1,0.03225806451612903
631853,FFF,2014B,0.0,0.0
631860,FFF,2014B,0.05,0.01282051282051282
631870,CCC,2014J,0.0,0.0
631880,FFF,2014B,0.05,0.017543859649122806
631884,FFF,2014B,0.05,0.015873015873015872
631913,FFF,2014B,0.15,0.08108108108108109
631924,CCC,2014J,0.05,0.02
631924,FFF,2014J,0.1,0.03636363636363636
631935,GGG,2014B,0.25,0.15625
631953,GGG,2014B,0.05,0.09090909090909091
631954,BBB,2014J,0.25,0.17857142857142858
631978,GGG,2014B,0.05,0.25
631981,CCC,2014B,0.2,0.10810810810810811
631998,DDD,2014J,0.05,0.02857142857142857
632004,CCC,2014J,0.15,0.04285714285714286
632004,EEE,2014B,0.1,0.07692307692307693
632017,CCC,2014B,0.2,0.14814814814814814
632019,FFF,2014B,0.1,0.04
632044,FFF,2014B,0.1,0.0392156862745098
632074,CCC,2014B,0.05,0.02857142857142857
632074,EEE,2014B,0.1,0.09090909090909091
632074,FFF,2014J,0.1,0.0273972602739726
632078,FFF,2014B,0.1,0.0625
632083,CCC,2014J,0.1,0.10526315789473684
632083,EEE,2014B,0.05,0.058823529411764705
632084,BBB,2014B,0.15,0.23076923076923078
632093,DDD,2014J,0.0,0.0
632111,CCC,2014B,0.05,0.058823529411764705
632111,EEE,2014B,0.05,0.047619047619047616
632114,FFF,2014B,0.05,0.037037037037037035
632124,FFF,2014B,0.05,1.0
632125,DDD,2014B,0.0,0.0
632133,CCC,2014B,0.0,0.0
632133,EEE,2014B,0.0,0.0
632135,CCC,2014B,0.0,0.0
632135,EEE,2014B,0.05,0.2
632143,FFF,2014B,0.05,0.05
632148,BBB,2014B,0.0,0.0
632152,GGG,2014B,0.0,0.0
632153,GGG,2014B,0.1,0.18181818181818182
632161,GGG,2014J,0.2,0.17391304347826086
632195,DDD,2014B,0.0,0.0
632205,DDD,2014B,0.0,0.0
632215,DDD,2014B,0.25,0.08064516129032258
632242,CCC,2014B,0.0,0.0
632254,BBB,2014B,0.05,0.05263157894736842
632255,BBB,2014J,0.2,0.25
632258,FFF,2014B,0.35,0.06481481481481481
632266,GGG,2014J,0.25,0.20833333333333334
632281,BBB,2014J,0.0,0.0
632290,FFF,2014J,0.15,0.05084745762711865
632302,BBB,2014B,0.05,0.043478260869565216
632305,DDD,2014B,0.0,0.0
632306,FFF,2014B,0.1,0.02666666666666667
632312,EEE,2014B,0.0,0.0
632313,CCC,2014B,0.1,0.06666666666666667
632314,DDD,2014B,0.05,0.07142857142857142
632314,DDD,2014J,0.1,0.14285714285714285
632316,FFF,2014B,0.25,0.058823529411764705
632339,FFF,2014B,0.25,0.042735042735042736
632363,FFF,2014B,0.25,0.12195121951219512
632365,GGG,2014J,0.35,0.21875
632368,GGG,2014J,0.1,0.2
632378,CCC,2014J,0.15,0.10714285714285714
632379,FFF,2014B,0.15,0.09375
632380,FFF,2014B,0.1,0.07142857142857142
632389,EEE,2014B,0.0,0.0
632402,FFF,2014B,0.1,0.05263157894736842
632447,BBB,2014B,0.0,0.0
632451,CCC,2014J,0.2,0.125
632454,BBB,2014B,0.05,0.1
632458,FFF,2014J,0.35,0.06140350877192982
632459,CCC,2014B,0.15,0.10344827586206896
632459,EEE,2014B,0.15,0.1
632463,DDD,2014B,0.0,0.0
632475,GGG,2014B,0.15,0.15
632482,DDD,2014B,0.0,0.0
632483,GGG,2014B,0.35,0.2916666666666667
632485,GGG,2014B,0.35,0.2916666666666667
632503,BBB,2014B,0.05,0.01818181818181818
632506,CCC,2014B,0.0,0.0
632512,GGG,2014B,0.1,0.11764705882352941
632513,FFF,2014B,0.15,0.02857142857142857
632514,GGG,2014B,0.25,0.25
632526,GGG,2014B,0.15,0.08823529411764706
632543,GGG,2014B,0.2,0.18181818181818182
632544,FFF,2014B,0.3,0.07317073170731707
632546,CCC,2014B,0.05,0.09090909090909091
632551,DDD,2014B,0.1,0.05263157894736842
632554,CCC,2014B,0.3,0.13636363636363635
632556,FFF,2014J,0.2,0.0784313725490196
632559,GGG,2014B,0.35,0.21875
632569,GGG,2014B,0.25,0.20833333333333334
632571,CCC,2014B,0.05,0.2
632575,CCC,2014J,0.15,0.061224489795918366
632577,GGG,2014B,0.15,0.12
632578,BBB,2014B,0.0,0.0
632588,FFF,2014B,0.1,0.022988505747126436
632597,CCC,2014B,0.0,0.0
632597,FFF,2014J,0.05,0.019230769230769232
632605,BBB,2014J,0.1,0.13333333333333333
632613,GGG,2014B,0.15,0.75
632619,GGG,2014B,0.0,0.0
632620,FFF,2014B,0.1,0.0625
632623,FFF,2014B,0.1,0.046511627906976744
632626,EEE,2014J,0.05,0.03125
632632,BBB,2014J,0.05,0.03125
632635,EEE,2014J,0.4,0.3076923076923077
632637,CCC,2014J,0.0,0.0
632638,GGG,2014B,0.0,0.0
632640,GGG,2014B,0.15,0.125
632641,EEE,2014B,0.1,0.06896551724137931
632645,DDD,2014J,0.15,0.05084745762711865
632658,BBB,2014B,0.0,0.0
632667,GGG,2014B,0.2,0.19047619047619047
632673,GGG,2014B,0.25,0.20833333333333334
632675,GGG,2014B,0.15,0.125
632680,DDD,2014B,0.2,0.05405405405405406
632682,BBB,2014B,0.0,0.0
632687,GGG,2014B,0.1,0.07692307692307693
632691,CCC,2014B,0.1,0.16666666666666666
632691,FFF,2014B,0.05,0.0625
632698,FFF,2014B,0.0,0.0
632700,EEE,2014B,0.1,0.09090909090909091
632704,BBB,2014B,0.1,0.047619047619047616
632705,FFF,2014B,0.15,0.08108108108108109
632709,CCC,2014J,0.25,0.10204081632653061
632712,BBB,2014B,0.05,0.16666666666666666
632741,DDD,2014B,0.4,0.09090909090909091
632752,BBB,2014B,0.25,0.1724137931034483
632756,CCC,2014J,0.3,0.10526315789473684
632790,DDD,2014B,0.25,0.07936507936507936
632793,DDD,2014B,0.0,0.0
632800,EEE,2014B,0.2,0.19047619047619047
632823,BBB,2014B,0.05,0.06666666666666667
632826,FFF,2014J,0.3,0.05405405405405406
632831,DDD,2014J,0.05,0.045454545454545456
632836,CCC,2014B,0.0,0.0
632836,FFF,2014J,0.35,0.05185185185185185
632840,FFF,2014B,0.1,0.09090909090909091
632845,DDD,2014B,0.1,0.0392156862745098
632848,FFF,2014B,0.15,0.0297029702970297
632856,CCC,2014B,0.05,0.2
632866,CCC,2014J,0.15,0.08823529411764706
632869,BBB,2014B,0.1,0.18181818181818182
632877,DDD,2014J,0.2,0.06060606060606061
632883,EEE,2014B,0.15,0.17647058823529413
632895,FFF,2014B,0.05,0.02631578947368421
632898,DDD,2014B,0.0,0.0
632900,CCC,2014B,0.0,0.0
632904,EEE,2014B,0.2,0.125
632923,FFF,2014B,0.0,0.0
632929,FFF,2014B,0.05,0.025
632936,GGG,2014B,0.25,0.15151515151515152
632947,FFF,2014B,0.0,0.0
632950,EEE,2014J,0.2,0.14814814814814814
632955,BBB,2014J,0.15,0.10344827586206896
632959,GGG,2014B,0.25,0.16129032258064516
632966,GGG,2014B,0.05,0.5
632977,EEE,2014B,0.2,0.18181818181818182
632989,GGG,2014B,0.2,0.15384615384615385
632991,FFF,2014B,0.2,0.05714285714285714
633008,CCC,2014J,0.1,0.05405405405405406
633008,DDD,2014B,0.25,0.05813953488372093
633024,BBB,2014B,0.1,0.0625
633026,GGG,2014B,0.3,0.25
633047,CCC,2014J,0.0,0.0
633047,FFF,2014B,0.1,0.03773584905660377
633060,GGG,2014J,0.05,0.09090909090909091
633069,CCC,2014J,0.05,0.034482758620689655
633077,FFF,2014B,0.15,0.037037037037037035
633079,FFF,2014J,0.3,0.08333333333333333
633093,GGG,2014J,0.45,0.2571428571428571
633096,GGG,2014B,0.1,0.125
633098,GGG,2014B,0.3,0.24
633100,FFF,2014B,0.0,0.0
633107,EEE,2014B,0.3,0.25
633112,CCC,2014B,0.15,0.10714285714285714
633118,GGG,2014B,0.2,0.17391304347826086
633123,GGG,2014B,0.05,0.1111111111111111
633130,BBB,2014B,0.05,0.06666666666666667
633157,FFF,2014B,0.0,0.0
633178,CCC,2014B,0.05,0.06666666666666667
633179,CCC,2014J,0.05,0.02857142857142857
633179,FFF,2014B,0.15,0.04054054054054054
633193,BBB,2014B,0.1,0.13333333333333333
633198,CCC,2014J,0.05,1.0
633205,FFF,2014B,0.0,0.0
633208,BBB,2014B,0.0,0.0
633209,GGG,2014B,0.2,0.23529411764705882
633212,BBB,2014B,0.0,0.0
633214,DDD,2014B,0.0,0.0
633219,FFF,2014B,0.25,0.058823529411764705
633221,FFF,2014B,0.25,0.0423728813559322
633228,BBB,2014B,0.0,0.0
633238,FFF,2014B,0.1,0.03125
633250,CCC,2014B,0.15,0.07692307692307693
633256,CCC,2014B,0.05,0.07142857142857142
633257,BBB,2014B,0.05,0.1
633259,EEE,2014B,0.0,0.0
633270,CCC,2014B,0.1,0.0625
633270,EEE,2014B,0.05,0.045454545454545456
633273,DDD,2014B,0.1,0.3333333333333333
633281,CCC,2014B,0.15,0.1
633285,GGG,2014B,0.15,0.2727272727272727
633292,FFF,2014B,0.0,0.0
633295,DDD,2014J,0.0,0.0
633303,CCC,2014J,0.0,0.0
633303,FFF,2014B,0.15,0.043478260869565216
633304,EEE,2014B,0.25,0.29411764705882354
633310,CCC,2014B,0.0,0.0
633310,EEE,2014B,0.05,0.07142857142857142
633319,FFF,2014B,0.2,0.041666666666666664
633325,DDD,2014B,0.0,0.0
633328,CCC,2014J,0.25,0.1724137931034483
633328,FFF,2014B,0.15,0.02054794520547945
633331,DDD,2014B,0.0,0.0
633331,DDD,2014J,0.05,0.027777777777777776
633334,CCC,2014J,0.0,0.0
633334,EEE,2014B,0.05,0.07142857142857142
633341,CCC,2014B,0.0,0.0
633341,DDD,2014B,0.05,0.25
633355,DDD,2014B,0.2,0.08695652173913043
633368,DDD,2014B,0.05,0.029411764705882353
633384,CCC,2014B,0.0,0.0
633384,DDD,2014B,0.05,0.08333333333333333
633386,BBB,2014B,0.1,0.11764705882352941
633388,FFF,2014B,0.1,0.025
633389,GGG,2014B,0.0,0.0
633394,BBB,2014B,0.0,0.0
633409,DDD,2014J,0.05,0.045454545454545456
633411,FFF,2014B,0.0,0.0
633414,DDD,2014J,0.1,0.037037037037037035
633417,GGG,2014B,0.05,0.125
633424,GGG,2014J,0.2,0.16666666666666666
633429,GGG,2014B,0.4,0.24242424242424243
633432,EEE,2014B,0.0,0.0
633447,CCC,2014B,0.25,0.17857142857142858
633453,GGG,2014B,0.35,0.22580645161290322
633455,EEE,2014B,0.05,0.047619047619047616
633459,GGG,2014B,0.3,0.17142857142857143
633460,CCC,2014B,0.0,0.0
633464,GGG,2014B,0.25,0.22727272727272727
633467,DDD,2014B,0.2,0.10526315789473684
633472,BBB,2014B,0.05,0.058823529411764705
633474,GGG,2014B,0.25,0.23809523809523808
633475,DDD,2014J,0.0,0.0
633491,BBB,2014B,0.0,0.0
633493,CCC,2014B,0.15,0.08333333333333333
633498,GGG,2014B,0.05,0.125
633499,BBB,2014B,0.2,0.08695652173913043
633504,CCC,2014J,0.1,0.06896551724137931
633504,FFF,2014B,0.05,0.023255813953488372
633505,FFF,2014B,0.2,0.13333333333333333
633511,CCC,2014J,0.25,0.125
633511,EEE,2014B,0.05,0.03571428571428571
633514,GGG,2014B,0.15,0.15
633516,FFF,2014J,0.15,0.03409090909090909
633530,EEE,2014B,0.25,0.23809523809523808
633544,CCC,2014J,0.15,0.0967741935483871
633544,EEE,2014B,0.15,0.13043478260869565
633555,FFF,2014J,0.3,0.06382978723404255
633560,BBB,2014B,0.0,0.0
633561,GGG,2014J,0.25,0.18518518518518517
633568,FFF,2014J,0.15,0.08108108108108109
633570,BBB,2014B,0.0,0.0
633574,DDD,2014J,0.35,0.11290322580645161
633585,GGG,2014B,0.1,0.18181818181818182
633588,GGG,2014B,0.15,0.12
633590,BBB,2014B,0.1,0.15384615384615385
633591,DDD,2014B,0.05,0.021739130434782608
633603,BBB,2014B,0.2,0.125
633605,EEE,2014B,0.0,0.0
633608,GGG,2014B,0.1,0.1
633609,GGG,2014B,0.25,0.22727272727272727
633618,CCC,2014J,0.0,0.0
633618,DDD,2014J,0.1,0.05263157894736842
633625,FFF,2014B,0.05,0.022727272727272728
633634,CCC,2014J,0.0,0.0
633634,EEE,2014B,0.15,0.125
633643,GGG,2014B,0.25,0.18518518518518517
633646,BBB,2014B,0.0,0.0
633647,CCC,2014J,0.45,0.17647058823529413
633650,BBB,2014B,0.0,0.0
633655,CCC,2014J,0.35,0.14893617021276595
633660,GGG,2014B,0.15,0.125
633666,GGG,2014B,0.35,0.2916666666666667
633669,BBB,2014B,0.05,0.125
633679,CCC,2014B,0.1,0.18181818181818182
633682,GGG,2014B,0.1,0.08
633683,GGG,2014B,0.1,0.11764705882352941
633685,GGG,2014B,0.45,0.25
633690,GGG,2014B,0.3,0.1935483870967742
633691,FFF,2014B,0.0,0.0
633695,CCC,2014B,0.05,0.04
633695,EEE,2014B,0.2,0.13793103448275862
633716,EEE,2014B,0.2,0.3076923076923077
633717,FFF,2014B,0.1,0.13333333333333333
633722,CCC,2014B,0.3,0.11320754716981132
633745,FFF,2014B,0.05,0.02857142857142857
633746,CCC,2014J,0.3,0.09836065573770492
633746,EEE,2014B,0.15,0.10344827586206896
633747,GGG,2014B,0.3,0.1875
633756,FFF,2014B,0.05,0.025
633763,DDD,2014B,0.2,0.09302325581395349
633764,DDD,2014B,0.0,0.0
633773,FFF,2014B,0.05,0.02631578947368421
633818,GGG,2014J,0.45,0.28125
633824,EEE,2014J,0.45,0.3
633840,FFF,2014B,0.1,0.5
633857,CCC,2014B,0.3,0.15789473684210525
633864,DDD,2014B,0.05,0.03225806451612903
633867,FFF,2014J,0.2,0.06666666666666667
633902,BBB,2014J,0.05,0.024390243902439025
633914,CCC,2014J,0.15,0.061224489795918366
633914,EEE,2014J,0.05,0.03333333333333333
633921,DDD,2014B,0.3,0.09375
633923,GGG,2014B,0.1,0.125
633924,FFF,2014B,0.1,0.04878048780487805
633929,BBB,2014B,0.2,0.19047619047619047
633931,FFF,2014J,0.3,0.05084745762711865
633935,BBB,2014B,0.05,0.125
633942,CCC,2014B,0.15,0.10344827586206896
633949,BBB,2014J,0.1,0.0425531914893617
633956,GGG,2014B,0.25,0.1724137931034483
633960,CCC,2014J,0.05,0.045454545454545456
633960,DDD,2014B,0.3,0.058823529411764705
633979,GGG,2014B,0.3,0.21428571428571427
633983,FFF,2014B,0.0,0.0
633987,GGG,2014J,0.3,0.24
633998,CCC,2014B,0.05,0.037037037037037035
633998,EEE,2014B,0.05,0.03333333333333333
634018,GGG,2014B,0.35,0.22580645161290322
634019,GGG,2014J,0.25,0.18518518518518517
634035,DDD,2014J,0.0,0.0
634037,DDD,2014J,0.05,0.02040816326530612
634047,DDD,2014J,0.25,0.09615384615384616
634057,FFF,2014B,0.0,0.0
634058,BBB,2014B,0.05,0.16666666666666666
634061,GGG,2014B,0.15,0.13636363636363635
634066,GGG,2014B,0.0,0.0
634070,FFF,2014B,0.25,0.046296296296296294
634075,BBB,2014B,0.1,0.07407407407407407
634076,GGG,2014B,0.15,0.10344827586206896
634077,BBB,2014B,0.1,0.18181818181818182
634088,FFF,2014J,0.35,0.08860759493670886
634094,DDD,2014B,0.05,0.02702702702702703
634094,EEE,2014J,0.0,0.0
634106,DDD,2014B,0.1,0.03333333333333333
634111,CCC,2014J,0.0,0.0
634111,FFF,2014B,0.05,0.02857142857142857
634114,FFF,2014B,0.0,0.0
634114,FFF,2014J,0.05,0.029411764705882353
634119,CCC,2014J,0.05,0.05
634128,CCC,2014B,0.1,0.1
634139,FFF,2014B,0.2,0.07692307692307693
634155,FFF,2014B,0.05,0.011363636363636364
634157,CCC,2014B,0.3,0.12244897959183673
634164,BBB,2014B,0.0,0.0
634165,FFF,2014B,0.1,0.03636363636363636
634167,CCC,2014B,0.0,0.0
634178,DDD,2014B,0.15,0.03896103896103896
634188,BBB,2014B,0.0,0.0
634193,EEE,2014B,0.35,0.21212121212121213
634200,CCC,2014J,0.0,0.0
634200,FFF,2014B,0.0,0.0
634209,FFF,2014B,0.1,0.04
634216,CCC,2014B,0.1,0.06451612903225806
634216,EEE,2014B,0.05,0.04
634217,CCC,2014B,0.2,0.06557377049180328
634230,BBB,2014B,0.15,0.1111111111111111
634234,GGG,2014B,0.2,0.21052631578947367
634241,CCC,2014B,0.15,0.09090909090909091
634241,EEE,2014B,0.25,0.2
634245,FFF,2014B,0.25,0.21739130434782608
634246,DDD,2014B,0.0,0.0
634247,BBB,2014J,0.15,0.2
634258,GGG,2014B,0.05,0.1
634260,FFF,2014B,0.3,0.08108108108108109
634265,BBB,2014B,0.05,0.07692307692307693
634273,GGG,2014B,0.1,0.4
634280,BBB,2014B,0.25,0.21739130434782608
634286,BBB,2014B,0.05,0.04
634304,BBB,2014B,0.1,0.09090909090909091
634305,DDD,2014J,0.15,0.06
634309,CCC,2014J,0.0,0.0
634309,EEE,2014B,0.1,0.07407407407407407
634316,GGG,2014B,0.1,0.11764705882352941
634318,EEE,2014B,0.15,0.25
634320,GGG,2014B,0.05,0.09090909090909091
634323,GGG,2014B,0.2,0.15384615384615385
634343,FFF,2014B,0.05,0.010752688172043012
634344,GGG,2014B,0.05,0.125
634345,GGG,2014B,0.05,0.5
634349,FFF,2014B,0.0,0.0
634351,CCC,2014J,0.0,0.0
634351,DDD,2014B,0.05,0.024390243902439025
634365,CCC,2014J,0.35,0.13725490196078433
634367,EEE,2014J,0.45,0.28125
634369,GGG,2014B,0.15,0.16666666666666666
634383,DDD,2014B,0.15,0.036585365853658534
634397,DDD,2014B,0.0,0.0
634404,GGG,2014B,0.2,0.14814814814814814
634412,BBB,2014B,0.05,0.038461538461538464
634414,CCC,2014B,0.1,0.25
634420,CCC,2014J,0.15,0.13043478260869565
634420,DDD,2014B,0.15,0.02586206896551724
634426,FFF,2014B,0.05,0.03225806451612903
634427,FFF,2014B,0.15,0.08571428571428572
634429,FFF,2014B,0.2,0.09523809523809523
634430,FFF,2014B,0.2,0.12121212121212122
634431,FFF,2014B,0.2,0.1111111111111111
634433,CCC,2014B,0.0,0.0
634435,FFF,2014B,0.15,0.07894736842105263
634444,GGG,2014B,0.25,0.29411764705882354
634461,GGG,2014B,0.05,0.058823529411764705
634470,GGG,2014B,0.1,0.13333333333333333
634472,BBB,2014B,0.0,0.0
634477,BBB,2014B,0.1,0.18181818181818182
634479,FFF,2014B,0.1,0.06896551724137931
634481,BBB,2014B,0.05,0.1111111111111111
634483,BBB,2014B,0.35,0.11290322580645161
634489,DDD,2014J,0.0,0.0
634491,BBB,2014B,0.0,0.0
634494,GGG,2014B,0.0,0.0
634498,GGG,2014B,0.35,0.30434782608695654
634500,CCC,2014B,0.0,0.0
634500,FFF,2014B,0.1,0.06666666666666667
634503,GGG,2014B,0.25,0.23809523809523808
634507,CCC,2014B,0.15,0.0967741935483871
634508,DDD,2014B,0.0,0.0
634508,DDD,2014J,0.0,0.0
634512,CCC,2014B,0.1,0.05263157894736842
634512,FFF,2014J,0.1,0.02702702702702703
634526,FFF,2014J,0.45,0.07563025210084033
634529,GGG,2014B,0.3,0.2222222222222222
634530,GGG,2014B,0.35,0.2692307692307692
634536,CCC,2014J,0.1,0.04878048780487805
634536,FFF,2014B,0.1,0.03125
634539,FFF,2014B,0.0,0.0
634547,GGG,2014B,0.05,0.09090909090909091
634551,GGG,2014B,0.15,0.15789473684210525
634552,CCC,2014J,0.0,0.0
634552,EEE,2014J,0.1,0.1
634569,GGG,2014B,0.15,0.10714285714285714
634570,CCC,2014B,0.05,0.03225806451612903
634570,EEE,2014B,0.3,0.23076923076923078
634578,CCC,2014B,0.05,0.08333333333333333
634578,EEE,2014B,0.05,0.09090909090909091
634583,GGG,2014B,0.4,0.42105263157894735
634589,CCC,2014B,0.2,0.09302325581395349
634596,DDD,2014B,0.1,0.05555555555555555
634600,CCC,2014J,0.15,0.12
634600,EEE,2014B,0.0,0.0
634601,FFF,2014J,0.05,0.14285714285714285
634606,BBB,2014B,0.05,0.16666666666666666
634616,FFF,2014B,0.15,0.03896103896103896
634618,CCC,2014B,0.05,0.03225806451612903
634635,FFF,2014B,0.2,0.1
634636,BBB,2014J,0.05,0.037037037037037035
634636,FFF,2014B,0.05,0.02631578947368421
634646,DDD,2014J,0.15,0.08333333333333333
634648,CCC,2014J,0.0,0.0
634648,DDD,2014B,0.0,0.0
634671,CCC,2014B,0.3,0.1935483870967742
634681,DDD,2014B,0.15,0.05660377358490566
634693,DDD,2014J,0.0,0.0
634715,BBB,2014B,0.15,0.1
634721,CCC,2014J,0.0,0.0
634721,EEE,2014J,0.0,0.0
634737,EEE,2014B,0.0,0.0
634744,CCC,2014B,0.0,0.0
634744,EEE,2014B,0.0,0.0
634746,GGG,2014B,0.35,0.25925925925925924
634749,FFF,2014J,0.25,0.07462686567164178
634751,GGG,2014B,0.05,0.07692307692307693
634772,BBB,2014J,0.05,0.03333333333333333
634776,EEE,2014J,0.1,0.07407407407407407
634784,FFF,2014B,0.0,0.0
634816,CCC,2014B,0.05,0.022727272727272728
634817,EEE,2014B,0.05,0.043478260869565216
634820,FFF,2014B,0.05,0.03333333333333333
634824,CCC,2014J,0.1,0.05714285714285714
634824,DDD,2014B,0.15,0.06
634833,BBB,2014B,0.25,0.25
634848,GGG,2014B,0.05,0.1111111111111111
634851,BBB,2014B,0.1,0.2
634853,CCC,2014B,0.05,0.021739130434782608
634859,FFF,2014B,0.15,0.14285714285714285
634862,CCC,2014B,0.05,0.03125
634862,EEE,2014B,0.05,0.03571428571428571
634869,EEE,2014B,0.25,0.18518518518518517
634876,BBB,2014B,0.05,0.3333333333333333
634878,CCC,2014B,0.0,0.0
634879,EEE,2014J,0.45,0.2647058823529412
634905,DDD,2014B,0.1,0.06451612903225806
634909,DDD,2014B,0.0,0.0
634919,FFF,2014B,0.05,0.047619047619047616
634924,FFF,2014B,0.4,0.08333333333333333
634928,BBB,2014B,0.05,0.0625
634940,EEE,2014J,0.15,0.125
634944,BBB,2014B,0.1,0.07407407407407407
634966,DDD,2014J,0.05,0.02040816326530612
634976,BBB,2014B,0.1,0.1
634986,GGG,2014B,0.25,0.16129032258064516
634999,FFF,2014B,0.35,0.1
635011,BBB,2014B,0.05,0.125
635034,CCC,2014B,0.05,0.05555555555555555
635034,FFF,2014B,0.0,0.0
635035,GGG,2014B,0.45,0.2647058823529412
635041,EEE,2014B,0.15,0.14285714285714285
635043,CCC,2014B,0.0,0.0
635043,EEE,2014B,0.3,0.1935483870967742
635052,GGG,2014B,0.1,0.2222222222222222
635058,DDD,2014B,0.3,0.08
635100,DDD,2014B,0.0,0.0
635109,CCC,2014B,0.0,0.0
635109,EEE,2014B,0.1,0.125
635113,BBB,2014B,0.0,0.0
635122,BBB,2014B,0.05,0.0625
635136,BBB,2014B,0.0,0.0
635141,DDD,2014B,0.0,0.0
635170,DDD,2014J,0.35,0.1891891891891892
635173,BBB,2014B,0.25,0.17857142857142858
635184,FFF,2014J,0.05,0.023809523809523808
635228,BBB,2014B,0.0,0.0
635230,BBB,2014B,0.05,0.058823529411764705
635233,GGG,2014B,0.1,0.25
635241,BBB,2014B,0.1,0.07142857142857142
635244,BBB,2014B,0.0,0.0
635246,BBB,2014B,0.0,0.0
635247,BBB,2014B,0.05,0.043478260869565216
635255,DDD,2014J,0.15,0.07894736842105263
635279,GGG,2014J,0.05,0.06666666666666667
635325,EEE,2014J,0.15,0.15789473684210525
635328,BBB,2014J,0.05,0.07692307692307693
635334,GGG,2014J,0.4,0.36363636363636365
635410,CCC,2014J,0.0,0.0
635410,FFF,2014J,0.05,0.14285714285714285
635416,CCC,2014B,0.3,0.11538461538461539
635418,DDD,2014J,0.2,0.0784313725490196
635433,BBB,2014B,0.0,0.0
635435,BBB,2014B,0.0,0.0
635452,BBB,2014J,0.15,0.06818181818181818
635473,BBB,2014B,0.0,0.0
635506,GGG,2014B,0.1,0.1111111111111111
635515,CCC,2014B,0.05,0.3333333333333333
635515,EEE,2014B,0.0,0.0
635561,BBB,2014J,0.0,0.0
635564,EEE,2014J,0.35,0.25925925925925924
635573,CCC,2014J,0.35,0.18421052631578946
635591,BBB,2014B,0.15,0.075
635703,GGG,2014J,0.25,0.25
635711,CCC,2014J,0.25,0.10638297872340426
635719,GGG,2014J,0.35,0.20588235294117646
635720,EEE,2014J,0.15,0.12
635751,FFF,2014J,0.2,0.08
635755,BBB,2014B,0.15,0.09090909090909091
635761,BBB,2014B,0.0,0.0
635764,BBB,2014B,0.05,0.07692307692307693
635771,BBB,2014B,0.15,0.3
635773,BBB,2014B,0.1,0.16666666666666666
635774,BBB,2014B,0.25,0.14285714285714285
635777,BBB,2014J,0.0,0.0
635779,GGG,2014J,0.35,0.2413793103448276
635788,BBB,2014B,0.25,0.09433962264150944
635795,FFF,2014J,0.35,0.05223880597014925
635802,CCC,2014J,0.1,0.13333333333333333
635813,GGG,2014B,0.2,0.26666666666666666
635885,GGG,2014B,0.05,0.09090909090909091
635890,BBB,2014J,0.0,0.0
635903,FFF,2014J,0.05,0.043478260869565216
635921,BBB,2014J,0.0,0.0
635924,BBB,2014J,0.1,0.05263157894736842
635953,EEE,2014J,0.25,0.1724137931034483
635972,GGG,2014J,0.35,0.3333333333333333
635985,FFF,2014J,0.0,0.0
635988,GGG,2014J,0.05,0.1
635992,DDD,2014J,0.2,0.06153846153846154
636000,CCC,2014J,0.25,0.11363636363636363
636018,GGG,2014J,0.2,0.18181818181818182
636124,CCC,2014J,0.15,0.07142857142857142
636124,EEE,2014J,0.05,0.043478260869565216
636243,DDD,2014J,0.0,0.0
636282,GGG,2014J,0.15,0.2
636283,GGG,2014J,0.05,0.05555555555555555
636302,BBB,2014J,0.1,0.044444444444444446
636314,FFF,2014J,0.3,0.07317073170731707
636364,CCC,2014J,0.25,0.08196721311475409
636364,DDD,2014J,0.3,0.10909090909090909
636387,CCC,2014J,0.3,0.15384615384615385
636400,FFF,2014J,0.15,0.04477611940298507
636408,FFF,2014J,0.05,0.037037037037037035
636422,CCC,2014J,0.25,0.1
636443,EEE,2014J,0.0,0.0
636451,DDD,2014J,0.0,0.0
636464,GGG,2014J,0.45,0.3333333333333333
636467,EEE,2014J,0.3,0.18181818181818182
636469,FFF,2014J,0.1,0.03333333333333333
636484,DDD,2014J,0.1,0.07692307692307693
636503,DDD,2014J,0.05,0.037037037037037035
636525,BBB,2014J,0.05,0.03225806451612903
636547,FFF,2014J,0.25,0.11363636363636363
636554,GGG,2014J,0.4,0.24242424242424243
636565,FFF,2014J,0.0,0.0
636594,DDD,2014J,0.05,0.02564102564102564
636656,FFF,2014J,0.05,0.020833333333333332
636697,DDD,2014J,0.0,0.0
636704,FFF,2014J,0.0,0.0
636716,CCC,2014J,0.05,0.2
636732,CCC,2014J,0.05,0.14285714285714285
636783,CCC,2014J,0.1,0.06666666666666667
636783,FFF,2014J,0.1,0.04081632653061224
636830,FFF,2014J,0.15,0.0379746835443038
636832,FFF,2014J,0.1,0.023529411764705882
636875,DDD,2014J,0.05,0.05555555555555555
636996,CCC,2014J,0.2,0.11764705882352941
636996,EEE,2014J,0.1,0.09523809523809523
637003,BBB,2014J,0.05,0.030303030303030304
637004,FFF,2014J,0.05,0.014925373134328358
637063,BBB,2014J,0.2,0.0975609756097561
637064,DDD,2014J,0.0,0.0
637067,GGG,2014J,0.1,0.15384615384615385
637070,CCC,2014J,0.35,0.14893617021276595
637089,FFF,2014J,0.05,0.05263157894736842
637123,EEE,2014J,0.35,0.28
637203,GGG,2014J,0.45,0.36
637206,GGG,2014J,0.2,0.16
637238,BBB,2014J,0.2,0.07692307692307693
637279,BBB,2014J,0.1,0.08695652173913043
637280,GGG,2014J,0.3,0.2
637347,DDD,2014J,0.0,0.0
637348,BBB,2014J,0.1,0.13333333333333333
637358,FFF,2014J,0.25,0.10638297872340426
637370,BBB,2014J,0.2,0.09090909090909091
637374,DDD,2014J,0.1,0.1111111111111111
637382,BBB,2014J,0.0,0.0
637388,BBB,2014J,0.05,0.02631578947368421
637401,EEE,2014J,0.3,0.3157894736842105
637414,BBB,2014J,0.1,0.05555555555555555
637468,GGG,2014J,0.3,0.25
637473,DDD,2014J,0.15,0.04054054054054054
637476,GGG,2014J,0.4,0.2857142857142857
637496,GGG,2014J,0.3,0.2608695652173913
637509,FFF,2014J,0.0,0.0
637514,FFF,2014J,0.05,0.0625
637582,FFF,2014J,0.2,0.0625
637586,BBB,2014J,0.1,0.05405405405405406
637621,GGG,2014J,0.45,0.2647058823529412
637624,EEE,2014J,0.3,0.24
637665,AAA,2014J,0.35,0.21212121212121213
637691,CCC,2014J,0.0,0.0
637691,DDD,2014J,0.1,0.06666666666666667
637708,CCC,2014J,0.1,0.05714285714285714
637708,FFF,2014J,0.1,0.02631578947368421
637715,BBB,2014J,0.2,0.09523809523809523
637722,GGG,2014J,0.25,0.21739130434782608
637754,CCC,2014J,0.3,0.125
637810,BBB,2014J,0.05,0.05
637815,BBB,2014J,0.1,0.034482758620689655
637820,BBB,2014J,0.05,0.058823529411764705
637867,BBB,2014J,0.0,0.0
637903,BBB,2014J,0.0,0.0
637906,FFF,2014J,0.2,0.09523809523809523
637939,FFF,2014J,0.1,0.125
637980,FFF,2014J,0.15,0.04411764705882353
637993,GGG,2014J,0.1,0.3333333333333333
638007,GGG,2014J,0.5,0.25
638018,CCC,2014J,0.2,0.13333333333333333
638018,EEE,2014J,0.1,0.1111111111111111
638034,FFF,2014J,0.3,0.05825242718446602
638036,BBB,2014J,0.05,0.08333333333333333
638051,DDD,2014J,0.0,0.0
638092,GGG,2014J,0.05,0.3333333333333333
638202,DDD,2014J,0.0,0.0
638228,GGG,2014J,0.2,0.12903225806451613
638254,CCC,2014J,0.25,0.125
638257,EEE,2014J,0.1,0.2222222222222222
638384,DDD,2014J,0.15,0.05357142857142857
638388,FFF,2014J,0.2,0.0784313725490196
638411,FFF,2014J,0.45,0.06
638498,FFF,2014J,0.05,0.018518518518518517
638503,GGG,2014J,0.1,0.14285714285714285
638515,FFF,2014J,0.15,0.058823529411764705
638516,BBB,2014J,0.35,0.12280701754385964
638544,BBB,2014J,0.0,0.0
638604,EEE,2014J,0.15,0.125
638625,FFF,2014J,0.3,0.05128205128205128
638655,FFF,2014J,0.25,0.078125
638677,FFF,2014J,0.05,0.037037037037037035
638699,GGG,2014J,0.15,0.23076923076923078
638756,BBB,2014J,0.0,0.0
638771,CCC,2014J,0.2,0.08163265306122448
638831,FFF,2014J,0.25,0.06756756756756757
638970,EEE,2014J,0.1,0.25
638997,BBB,2014J,0.1,0.05714285714285714
639012,CCC,2014J,0.15,0.08108108108108109
639012,EEE,2014J,0.05,0.03333333333333333
639028,FFF,2014J,0.4,0.08888888888888889
639053,AAA,2014J,0.1,0.4
639181,GGG,2014J,0.35,0.2413793103448276
639194,EEE,2014J,0.15,0.17647058823529413
639231,FFF,2014J,0.1,0.045454545454545456
639234,FFF,2014J,0.1,0.07407407407407407
639238,FFF,2014J,0.0,0.0
639243,EEE,2014J,0.2,0.36363636363636365
639251,GGG,2014J,0.3,0.15
639253,EEE,2014J,0.35,0.175
639461,GGG,2014J,0.1,0.15384615384615385
639514,DDD,2014J,0.25,0.07936507936507936
639522,FFF,2014J,0.05,0.018867924528301886
639663,BBB,2014J,0.0,0.0
639724,BBB,2014J,0.1,0.06451612903225806
639766,DDD,2014J,0.15,0.045454545454545456
640098,FFF,2014J,0.3,0.075
640178,DDD,2014J,0.4,0.12903225806451613
640225,BBB,2014J,0.15,0.1111111111111111
640278,FFF,2014J,0.5,0.06369426751592357
640289,BBB,2014J,0.0,0.0
640307,EEE,2014J,0.25,0.22727272727272727
640329,FFF,2014J,0.3,0.07317073170731707
640425,BBB,2014J,0.05,0.07142857142857142
640429,FFF,2014J,0.15,0.05263157894736842
640439,EEE,2014J,0.2,0.3333333333333333
640455,BBB,2014J,0.05,0.08333333333333333
640505,GGG,2014J,0.25,0.17857142857142858
640701,BBB,2014J,0.05,0.07142857142857142
640706,BBB,2014J,0.1,0.4
640711,FFF,2014J,0.05,0.015873015873015872
640752,FFF,2014J,0.25,0.07246376811594203
640753,BBB,2014J,0.0,0.0
640773,CCC,2014J,0.1,0.041666666666666664
640773,DDD,2014J,0.05,0.023809523809523808
640836,DDD,2014J,0.15,0.10344827586206896
640848,FFF,2014J,0.15,0.047619047619047616
640892,FFF,2014J,0.15,0.030303030303030304
640913,FFF,2014J,0.1,0.03333333333333333
640927,FFF,2014J,0.35,0.07142857142857142
640942,DDD,2014J,0.3,0.07407407407407407
640975,DDD,2014J,0.25,0.056818181818181816
640982,DDD,2014J,0.25,0.11363636363636363
640995,GGG,2014J,0.1,0.18181818181818182
641073,GGG,2014J,0.1,0.4
641085,FFF,2014J,0.0,0.0
641112,GGG,2014J,0.4,0.2962962962962963
641116,EEE,2014J,0.1,0.06896551724137931
641134,GGG,2014J,0.0,0.0
641137,FFF,2014J,0.35,0.05185185185185185
641200,EEE,2014J,0.2,0.2222222222222222
641253,DDD,2014J,0.25,0.07575757575757576
641309,FFF,2014J,0.2,0.056338028169014086
641311,FFF,2014J,0.55,0.0990990990990991
641315,DDD,2014J,0.05,0.015384615384615385
641329,BBB,2014J,0.2,0.2
641347,CCC,2014J,0.0,0.0
641363,CCC,2014J,0.0,0.0
641363,FFF,2014J,0.0,0.0
641401,FFF,2014J,0.15,0.046875
641433,FFF,2014J,0.0,0.0
641434,GGG,2014J,0.3,0.24
641452,GGG,2014J,0.1,0.2222222222222222
641461,FFF,2014J,0.15,0.061224489795918366
641470,FFF,2014J,0.0,0.0
641535,GGG,2014J,0.0,0.0
641547,FFF,2014J,0.15,0.058823529411764705
641566,EEE,2014J,0.15,0.1111111111111111
641569,EEE,2014J,0.15,0.15789473684210525
641609,DDD,2014J,0.05,0.07142857142857142
641616,BBB,2014J,0.05,0.037037037037037035
641696,CCC,2014J,0.1,0.058823529411764705
641744,DDD,2014J,0.1,0.02531645569620253
641804,CCC,2014J,0.0,0.0
641817,EEE,2014J,0.0,0.0
641840,BBB,2014J,0.05,0.03125
641864,FFF,2014J,0.55,0.11956521739130435
641896,DDD,2014J,0.1,0.045454545454545456
641899,EEE,2014J,0.25,0.19230769230769232
641914,FFF,2014J,0.35,0.06086956521739131
642029,FFF,2014J,0.15,0.06666666666666667
642056,FFF,2014J,0.05,0.01694915254237288
642066,EEE,2014J,0.05,0.2
642067,BBB,2014J,0.05,0.027777777777777776
642075,BBB,2014J,0.0,0.0
642083,BBB,2014J,0.0,0.0
642122,BBB,2014J,0.05,0.1
642139,DDD,2014J,0.0,0.0
642181,GGG,2014J,0.25,0.25
642196,GGG,2014J,0.05,0.14285714285714285
642201,BBB,2014J,0.1,0.10526315789473684
642250,BBB,2014J,0.15,0.09375
642291,CCC,2014J,0.0,0.0
642310,DDD,2014J,0.15,0.05454545454545454
642342,EEE,2014J,0.55,0.36666666666666664
642375,FFF,2014J,0.15,0.047619047619047616
642396,EEE,2014J,0.1,0.10526315789473684
642405,BBB,2014J,0.1,0.06060606060606061
642413,BBB,2014J,0.1,0.08333333333333333
642439,BBB,2014J,0.05,0.16666666666666666
642443,DDD,2014J,0.15,0.061224489795918366
642448,FFF,2014J,0.2,0.08888888888888889
642449,FFF,2014J,0.15,0.03529411764705882
642474,DDD,2014J,0.15,0.057692307692307696
642493,FFF,2014J,0.1,0.05
642498,FFF,2014J,0.1,0.05
642501,DDD,2014J,0.3,0.08
642512,EEE,2014J,0.0,0.0
642528,GGG,2014J,0.25,0.25
642550,BBB,2014J,0.15,0.075
642551,FFF,2014J,0.4,0.06060606060606061
642561,GGG,2014J,0.2,0.14814814814814814
642591,CCC,2014J,0.25,0.0684931506849315
642591,EEE,2014J,0.1,0.06896551724137931
642595,BBB,2014J,0.1,0.0392156862745098
642600,BBB,2014J,0.05,0.07142857142857142
642625,DDD,2014J,0.0,0.0
642656,EEE,2014J,0.4,0.27586206896551724
642694,GGG,2014J,0.4,0.32
642698,BBB,2014J,0.1,0.05555555555555555
642740,FFF,2014J,0.55,0.07586206896551724
642750,FFF,2014J,0.5,0.08130081300813008
642817,CCC,2014J,0.15,0.13043478260869565
642821,GGG,2014J,0.2,0.17391304347826086
642834,BBB,2014J,0.1,0.06896551724137931
642838,CCC,2014J,0.0,0.0
642838,DDD,2014J,0.05,0.06666666666666667
642839,EEE,2014J,0.05,0.0625
642840,FFF,2014J,0.05,0.16666666666666666
642843,FFF,2014J,0.3,0.049586776859504134
642850,CCC,2014J,0.0,0.0
642851,GGG,2014J,0.25,0.21739130434782608
642872,FFF,2014J,0.25,0.06756756756756757
642879,GGG,2014J,0.45,0.23684210526315788
642883,GGG,2014J,0.35,0.35
642900,GGG,2014J,0.1,0.1111111111111111
642902,CCC,2014J,0.15,0.06976744186046512
642905,GGG,2014J,0.3,0.21428571428571427
642909,FFF,2014J,0.0,0.0
642949,GGG,2014J,0.45,0.391304347826087
642953,GGG,2014J,0.35,0.25925925925925924
642968,GGG,2014J,0.2,0.25
642989,GGG,2014J,0.4,0.25806451612903225
643006,DDD,2014J,0.05,0.014084507042253521
643036,DDD,2014J,0.1,0.08333333333333333
643069,FFF,2014J,0.25,0.06944444444444445
643077,EEE,2014J,0.35,0.23333333333333334
643118,EEE,2014J,0.35,0.2413793103448276
643126,DDD,2014J,0.25,0.07246376811594203
643168,EEE,2014J,0.05,0.047619047619047616
643172,BBB,2014J,0.15,0.07317073170731707
643199,CCC,2014J,0.0,0.0
643199,DDD,2014J,0.0,0.0
643202,FFF,2014J,0.1,0.022727272727272728
643206,GGG,2014J,0.15,0.23076923076923078
643208,BBB,2014J,0.05,0.02564102564102564
643220,FFF,2014J,0.05,0.023809523809523808
643230,DDD,2014J,0.0,0.0
643267,EEE,2014J,0.25,0.20833333333333334
643270,EEE,2014J,0.2,0.25
643273,FFF,2014J,0.1,0.03389830508474576
643280,DDD,2014J,0.1,0.05263157894736842
643285,DDD,2014J,0.25,0.10638297872340426
643321,BBB,2014J,0.25,0.09433962264150944
643323,GGG,2014J,0.3,0.23076923076923078
643326,FFF,2014J,0.05,0.010638297872340425
643354,BBB,2014J,0.0,0.0
643372,FFF,2014J,0.0,0.0
643403,CCC,2014J,0.45,0.140625
643404,CCC,2014J,0.0,0.0
643404,EEE,2014J,0.0,0.0
643406,GGG,2014J,0.2,0.15384615384615385
643416,EEE,2014J,0.1,0.09090909090909091
643434,CCC,2014J,0.0,0.0
643434,EEE,2014J,0.0,0.0
643457,EEE,2014J,0.05,0.05555555555555555
643466,FFF,2014J,0.1,0.034482758620689655
643477,FFF,2014J,0.25,0.050505050505050504
643481,EEE,2014J,0.1,0.09523809523809523
643484,EEE,2014J,0.15,0.17647058823529413
643496,FFF,2014J,0.1,0.03636363636363636
643502,FFF,2014J,0.1,0.0425531914893617
643510,EEE,2014J,0.3,0.20689655172413793
643514,EEE,2014J,0.4,0.1702127659574468
643529,GGG,2014J,0.05,0.125
643531,EEE,2014J,0.25,0.23809523809523808
643568,CCC,2014J,0.1,0.0625
643587,BBB,2014J,0.2,0.09523809523809523
643591,FFF,2014J,0.1,0.041666666666666664
643619,GGG,2014J,0.3,0.20689655172413793
643653,FFF,2014J,0.15,0.06818181818181818
643659,GGG,2014J,0.0,0.0
643672,GGG,2014J,0.15,0.13636363636363635
643696,FFF,2014J,0.25,0.29411764705882354
643705,EEE,2014J,0.5,0.3333333333333333
643729,DDD,2014J,0.25,0.08333333333333333
643751,FFF,2014J,0.4,0.05925925925925926
643754,FFF,2014J,0.25,0.06097560975609756
643757,FFF,2014J,0.05,0.045454545454545456
643758,CCC,2014J,0.05,0.03225806451612903
643758,DDD,2014J,0.0,0.0
643770,CCC,2014J,0.0,0.0
643770,EEE,2014J,0.0,0.0
643771,EEE,2014J,0.4,0.27586206896551724
643953,BBB,2014J,0.0,0.0
643970,GGG,2014J,0.25,0.16129032258064516
643986,BBB,2014J,0.2,0.10526315789473684
644025,FFF,2014J,0.2,0.05063291139240506
644061,GGG,2014J,0.25,0.2631578947368421
644069,BBB,2014J,0.05,0.14285714285714285
644072,EEE,2014J,0.3,0.24
644093,CCC,2014J,0.15,0.06382978723404255
644101,BBB,2014J,0.15,0.15
644105,GGG,2014J,0.15,0.42857142857142855
644113,EEE,2014J,0.2,0.15384615384615385
644144,GGG,2014J,0.45,0.2647058823529412
644160,GGG,2014J,0.35,0.3181818181818182
644164,BBB,2014J,0.2,0.0851063829787234
644172,BBB,2014J,0.15,0.075
644188,GGG,2014J,0.1,0.16666666666666666
644210,FFF,2014J,0.15,0.05357142857142857
644226,GGG,2014J,0.35,0.3888888888888889
644229,DDD,2014J,0.1,0.06451612903225806
644242,CCC,2014J,0.3,0.11764705882352941
644246,CCC,2014J,0.2,0.08695652173913043
644246,EEE,2014J,0.0,0.0
644252,GGG,2014J,0.0,0.0
644301,GGG,2014J,0.2,0.11764705882352941
644310,DDD,2014J,0.0,0.0
644343,FFF,2014J,0.1,0.041666666666666664
644361,FFF,2014J,0.2,0.05128205128205128
644362,BBB,2014J,0.15,0.07142857142857142
644369,CCC,2014J,0.1,0.09090909090909091
644369,FFF,2014J,0.25,0.1111111111111111
644384,GGG,2014J,0.3,0.2
644409,DDD,2014J,0.25,0.078125
644416,CCC,2014J,0.15,0.1
644430,FFF,2014J,0.0,0.0
644441,GGG,2014J,0.25,0.3125
644450,FFF,2014J,0.35,0.05511811023622047
644457,DDD,2014J,0.1,0.05405405405405406
644470,GGG,2014J,0.25,0.19230769230769232
644474,DDD,2014J,0.35,0.08974358974358974
644480,CCC,2014J,0.05,0.03125
644480,EEE,2014J,0.0,0.0
644484,BBB,2014J,0.2,0.08333333333333333
644508,FFF,2014J,0.1,0.046511627906976744
644514,EEE,2014J,0.6,0.375
644525,DDD,2014J,0.1,0.02702702702702703
644599,BBB,2014J,0.0,0.0
644742,EEE,2014J,0.2,0.16
644743,GGG,2014J,0.3,0.35294117647058826
644761,FFF,2014J,0.1,0.03773584905660377
644784,FFF,2014J,0.3,0.0967741935483871
644791,FFF,2014J,0.25,0.05813953488372093
644793,BBB,2014J,0.05,0.03333333333333333
644794,EEE,2014J,0.15,0.16666666666666666
644818,FFF,2014J,0.1,0.03389830508474576
644822,BBB,2014J,0.05,0.037037037037037035
644828,CCC,2014J,0.05,0.043478260869565216
644847,FFF,2014J,0.25,0.07042253521126761
644848,CCC,2014J,0.05,0.3333333333333333
644863,BBB,2014J,0.05,0.06666666666666667
644904,GGG,2014J,0.4,0.24242424242424243
644936,FFF,2014J,0.15,0.045454545454545456
644951,CCC,2014J,0.0,0.0
644956,DDD,2014J,0.1,0.03773584905660377
644964,DDD,2014J,0.05,0.02040816326530612
644974,CCC,2014J,0.05,0.047619047619047616
644974,FFF,2014J,0.05,0.00980392156862745
644990,GGG,2014J,0.5,0.37037037037037035
644993,BBB,2014J,0.1,0.044444444444444446
645003,FFF,2014J,0.1,0.08695652173913043
645020,FFF,2014J,0.05,0.024390243902439025
645031,DDD,2014J,0.05,0.03571428571428571
645042,BBB,2014J,0.0,0.0
645047,BBB,2014J,0.05,0.02564102564102564
645054,DDD,2014J,0.05,0.029411764705882353
645078,FFF,2014J,0.15,0.04054054054054054
645081,DDD,2014J,0.15,0.058823529411764705
645098,BBB,2014J,0.25,0.1
645124,CCC,2014J,0.15,0.0967741935483871
645126,EEE,2014J,0.2,0.19047619047619047
645144,CCC,2014J,0.35,0.125
645145,FFF,2014J,0.05,0.3333333333333333
645147,DDD,2014J,0.0,0.0
645157,GGG,2014J,0.25,0.22727272727272727
645170,EEE,2014J,0.15,0.14285714285714285
645174,CCC,2014J,0.1,0.15384615384615385
645183,BBB,2014J,0.05,0.1111111111111111
645216,CCC,2014J,0.0,0.0
645219,DDD,2014J,0.2,0.05970149253731343
645231,GGG,2014J,0.25,0.3125
645232,GGG,2014J,0.35,0.30434782608695654
645248,BBB,2014J,0.15,0.5
645256,BBB,2014J,0.3,0.2
645319,EEE,2014J,0.3,0.23076923076923078
645326,GGG,2014J,0.25,0.22727272727272727
645334,CCC,2014J,0.15,0.08108108108108109
645359,BBB,2014J,0.1,0.07142857142857142
645369,CCC,2014J,0.1,0.05714285714285714
645370,BBB,2014J,0.05,0.05263157894736842
645377,GGG,2014J,0.45,0.2903225806451613
645405,FFF,2014J,0.25,0.06666666666666667
645420,BBB,2014J,0.1,0.5
645425,DDD,2014J,0.05,0.05555555555555555
645433,FFF,2014J,0.05,0.058823529411764705
645434,DDD,2014J,0.2,0.056338028169014086
645451,EEE,2014J,0.55,0.3235294117647059
645496,FFF,2014J,0.25,0.11627906976744186
645499,DDD,2014J,0.2,0.10810810810810811
645518,FFF,2014J,0.25,0.09615384615384616
645542,EEE,2014J,0.4,0.3333333333333333
645551,DDD,2014J,0.25,0.09803921568627451
645557,EEE,2014J,0.0,0.0
645586,CCC,2014J,0.05,0.019230769230769232
645586,FFF,2014J,0.05,0.01282051282051282
645607,GGG,2014J,0.3,0.23076923076923078
645639,BBB,2014J,0.05,0.14285714285714285
645678,BBB,2014J,0.2,0.12121212121212122
645698,CCC,2014J,0.0,0.0
645705,FFF,2014J,0.1,0.029850746268656716
645730,GGG,2014J,0.2,0.16
645732,FFF,2014J,0.1,0.0625
645753,BBB,2014J,0.0,0.0
645770,CCC,2014J,0.35,0.175
645784,FFF,2014J,0.4,0.07017543859649122
645792,CCC,2014J,0.1,0.028169014084507043
645792,DDD,2014J,0.1,0.030303030303030304
645801,GGG,2014J,0.35,0.22580645161290322
645818,DDD,2014J,0.35,0.1320754716981132
645831,EEE,2014J,0.4,0.2962962962962963
645835,CCC,2014J,0.1,0.16666666666666666
645840,FFF,2014J,0.2,0.030303030303030304
645847,EEE,2014J,0.05,0.08333333333333333
645864,DDD,2014J,0.05,0.030303030303030304
645876,GGG,2014J,0.4,0.3076923076923077
645880,FFF,2014J,0.05,0.01818181818181818
645889,EEE,2014J,0.1,0.15384615384615385
645928,GGG,2014J,0.25,0.25
645939,DDD,2014J,0.1,0.02702702702702703
645948,CCC,2014J,0.0,0.0
645948,FFF,2014J,0.0,0.0
645950,BBB,2014J,0.0,0.0
645960,FFF,2014J,0.15,0.06521739130434782
645962,DDD,2014J,0.05,0.2
645969,GGG,2014J,0.4,0.34782608695652173
645997,FFF,2014J,0.2,0.037037037037037035
646004,BBB,2014J,0.1,0.125
646005,EEE,2014J,0.25,0.19230769230769232
646006,DDD,2014J,0.0,0.0
646015,FFF,2014J,0.15,0.046875
646017,FFF,2014J,0.15,0.047619047619047616
646040,EEE,2014J,0.2,0.18181818181818182
646053,FFF,2014J,0.25,0.07352941176470588
646063,BBB,2014J,0.05,0.03571428571428571
646070,EEE,2014J,0.2,0.17391304347826086
646071,CCC,2014J,0.2,0.125
646071,EEE,2014J,0.1,0.16666666666666666
646074,FFF,2014J,0.25,0.06578947368421052
646085,FFF,2014J,0.05,0.015151515151515152
646090,DDD,2014J,0.25,0.07142857142857142
646097,EEE,2014J,0.15,0.2727272727272727
646109,EEE,2014J,0.1,0.3333333333333333
646119,BBB,2014J,0.05,0.03333333333333333
646131,GGG,2014J,0.25,0.23809523809523808
646138,FFF,2014J,0.15,0.07142857142857142
646169,GGG,2014J,0.2,0.2222222222222222
646173,CCC,2014J,0.4,0.14814814814814814
646178,BBB,2014J,0.0,0.0
646184,EEE,2014J,0.5,0.29411764705882354
646197,EEE,2014J,0.45,0.3
646202,BBB,2014J,0.15,0.08823529411764706
646260,BBB,2014J,0.0,0.0
646313,FFF,2014J,0.5,0.09900990099009901
646322,DDD,2014J,0.35,0.09090909090909091
646342,GGG,2014J,0.1,0.2
646344,DDD,2014J,0.0,0.0
646351,CCC,2014J,0.25,0.11904761904761904
646357,FFF,2014J,0.1,0.02631578947368421
646359,DDD,2014J,0.05,0.034482758620689655
646361,EEE,2014J,0.45,0.2727272727272727
646363,CCC,2014J,0.0,0.0
646363,EEE,2014J,0.0,0.0
646367,GGG,2014J,0.35,0.2413793103448276
646402,FFF,2014J,0.15,0.06
646406,CCC,2014J,0.45,0.2
646413,CCC,2014J,0.05,0.09090909090909091
646415,BBB,2014J,0.05,0.047619047619047616
646418,BBB,2014J,0.0,0.0
646430,GGG,2014J,0.25,0.21739130434782608
646432,GGG,2014J,0.15,0.2727272727272727
646460,FFF,2014J,0.1,0.028985507246376812
646481,CCC,2014J,0.1,0.10526315789473684
646482,BBB,2014J,0.0,0.0
646484,BBB,2014J,0.05,0.022727272727272728
646489,DDD,2014J,0.15,0.06666666666666667
646502,EEE,2014J,0.05,0.043478260869565216
646508,GGG,2014J,0.25,0.21739130434782608
646520,EEE,2014J,0.3,0.2
646539,FFF,2014J,0.15,0.046875
646540,FFF,2014J,0.3,0.07407407407407407
646547,EEE,2014J,0.15,0.23076923076923078
646551,FFF,2014J,0.15,0.04285714285714286
646553,CCC,2014J,0.0,0.0
646572,GGG,2014J,0.5,0.3333333333333333
646576,GGG,2014J,0.4,0.25
646579,BBB,2014J,0.15,0.075
646581,EEE,2014J,0.15,0.25
646589,CCC,2014J,0.1,0.09090909090909091
646589,DDD,2014J,0.05,0.02857142857142857
646618,BBB,2014J,0.05,0.020833333333333332
646638,FFF,2014J,0.1,0.05128205128205128
646659,BBB,2014J,0.1,0.11764705882352941
646670,FFF,2014J,0.35,0.09090909090909091
646685,GGG,2014J,0.1,0.14285714285714285
646691,BBB,2014J,0.0,0.0
646700,DDD,2014J,0.0,0.0
646729,GGG,2014J,0.3,0.25
646734,FFF,2014J,0.0,0.0
646750,FFF,2014J,0.05,0.0196078431372549
646776,BBB,2014J,0.0,0.0
646778,FFF,2014J,0.1,0.041666666666666664
646781,BBB,2014J,0.05,0.05263157894736842
646798,BBB,2014J,0.15,0.12
646807,FFF,2014J,0.15,0.1111111111111111
646815,EEE,2014J,0.1,0.18181818181818182
646836,DDD,2014J,0.1,0.1111111111111111
646841,EEE,2014J,0.0,0.0
646844,BBB,2014J,0.05,0.02702702702702703
646852,BBB,2014J,0.0,0.0
646857,GGG,2014J,0.3,0.23076923076923078
646901,BBB,2014J,0.05,0.09090909090909091
646903,EEE,2014J,0.25,0.19230769230769232
646905,GGG,2014J,0.15,0.125
646952,DDD,2014J,0.05,0.03333333333333333
646953,GGG,2014J,0.15,0.2
646957,DDD,2014J,0.0,0.0
646990,FFF,2014J,0.35,0.10144927536231885
646998,CCC,2014J,0.1,0.08695652173913043
646998,EEE,2014J,0.15,0.15
647040,FFF,2014J,0.3,0.08450704225352113
647043,EEE,2014J,0.4,0.25806451612903225
647054,GGG,2014J,0.15,0.17647058823529413
647056,BBB,2014J,0.05,0.023809523809523808
647067,GGG,2014J,0.15,0.6
647083,CCC,2014J,0.0,0.0
647083,EEE,2014J,0.0,0.0
647102,GGG,2014J,0.3,0.2222222222222222
647148,CCC,2014J,0.05,0.0625
647148,EEE,2014J,0.05,0.0625
647154,FFF,2014J,0.2,0.08163265306122448
647166,DDD,2014J,0.2,0.07142857142857142
647169,FFF,2014J,0.25,0.06172839506172839
647179,EEE,2014J,0.05,0.14285714285714285
647195,CCC,2014J,0.15,0.1
647200,BBB,2014J,0.05,0.02564102564102564
647215,DDD,2014J,0.05,0.02857142857142857
647218,DDD,2014J,0.0,0.0
647227,DDD,2014J,0.1,0.1
647305,DDD,2014J,0.0,0.0
647320,FFF,2014J,0.25,0.07246376811594203
647324,FFF,2014J,0.15,0.046875
647339,FFF,2014J,0.0,0.0
647346,BBB,2014J,0.05,0.02631578947368421
647358,EEE,2014J,0.0,0.0
647373,DDD,2014J,0.15,0.08571428571428572
647385,BBB,2014J,0.25,0.13157894736842105
647391,FFF,2014J,0.3,0.1016949152542373
647393,BBB,2014J,0.1,0.03773584905660377
647395,BBB,2014J,0.05,0.05
647398,FFF,2014J,0.15,0.07142857142857142
647399,FFF,2014J,0.2,0.06779661016949153
647425,FFF,2014J,0.45,0.06428571428571428
647464,CCC,2014J,0.05,0.041666666666666664
647464,DDD,2014J,0.0,0.0
647466,EEE,2014J,0.2,0.14814814814814814
647479,CCC,2014J,0.15,0.09090909090909091
647485,FFF,2014J,0.2,0.058823529411764705
647488,DDD,2014J,0.15,0.07894736842105263
647496,FFF,2014J,0.05,0.022222222222222223
647553,BBB,2014J,0.15,0.08108108108108109
647593,CCC,2014J,0.05,0.038461538461538464
647604,DDD,2014J,0.0,0.0
647605,DDD,2014J,0.05,0.017857142857142856
647612,DDD,2014J,0.15,0.07894736842105263
647645,EEE,2014J,0.05,0.041666666666666664
647647,DDD,2014J,0.1,0.09090909090909091
647654,GGG,2014J,0.1,0.25
647711,BBB,2014J,0.05,0.07692307692307693
647735,CCC,2014J,0.0,0.0
647761,GGG,2014J,0.25,0.19230769230769232
647762,BBB,2014J,0.15,0.07692307692307693
647763,CCC,2014J,0.25,0.10638297872340426
647764,BBB,2014J,0.15,0.08108108108108109
647765,FFF,2014J,0.25,0.08333333333333333
647803,BBB,2014J,0.0,0.0
647841,FFF,2014J,0.15,0.046875
647850,GGG,2014J,0.3,0.3157894736842105
647865,CCC,2014J,0.1,0.25
647865,EEE,2014J,0.05,0.05
647879,DDD,2014J,0.0,0.0
647883,BBB,2014J,0.05,0.027777777777777776
647888,CCC,2014J,0.0,0.0
647888,EEE,2014J,0.0,0.0
647893,GGG,2014J,0.1,0.11764705882352941
647898,FFF,2014J,0.1,0.03773584905660377
647910,FFF,2014J,0.0,0.0
647916,EEE,2014J,0.1,0.1111111111111111
647919,EEE,2014J,0.35,0.21875
647937,DDD,2014J,0.15,0.0625
647945,FFF,2014J,0.05,0.023809523809523808
647967,BBB,2014J,0.1,0.1
647982,BBB,2014J,0.1,0.08
647983,EEE,2014J,0.0,0.0
647986,GGG,2014J,0.2,0.16
647987,FFF,2014J,0.1,0.1111111111111111
647988,EEE,2014J,0.15,0.13043478260869565
648001,EEE,2014J,0.6,0.34285714285714286
648023,GGG,2014J,0.05,0.1
648027,FFF,2014J,0.2,0.0547945205479452
648037,FFF,2014J,0.1,0.03773584905660377
648038,FFF,2014J,0.25,0.06756756756756757
648040,FFF,2014J,0.05,0.017241379310344827
648049,GGG,2014J,0.25,0.3125
648063,BBB,2014J,0.1,0.2222222222222222
648083,GGG,2014J,0.3,0.25
648085,CCC,2014J,0.0,0.0
648086,FFF,2014J,0.1,0.058823529411764705
648090,EEE,2014J,0.25,0.18518518518518517
648091,EEE,2014J,0.2,0.21052631578947367
648100,GGG,2014J,0.2,0.21052631578947367
648105,FFF,2014J,0.2,0.041237113402061855
648114,FFF,2014J,0.25,0.0847457627118644
648116,FFF,2014J,0.1,0.0392156862745098
648117,GGG,2014J,0.25,0.2777777777777778
648120,BBB,2014J,0.1,1.0
648127,BBB,2014J,0.1,0.18181818181818182
648130,AAA,2014J,0.0,0.0
648135,BBB,2014J,0.15,0.13636363636363635
648136,EEE,2014J,0.05,0.09090909090909091
648140,CCC,2014J,0.0,0.0
648140,FFF,2014J,0.15,0.06
648161,CCC,2014J,0.1,0.07407407407407407
648172,DDD,2014J,0.15,0.04838709677419355
648178,GGG,2014J,0.2,0.36363636363636365
648182,BBB,2014J,0.0,0.0
648183,DDD,2014J,0.15,0.04
648194,BBB,2014J,0.15,0.07692307692307693
648201,BBB,2014J,0.0,0.0
648207,GGG,2014J,0.1,0.15384615384615385
648244,FFF,2014J,0.0,0.0
648254,FFF,2014J,0.1,0.037037037037037035
648257,GGG,2014J,0.05,0.2
648262,BBB,2014J,0.15,0.12
648269,DDD,2014J,0.0,0.0
648274,GGG,2014J,0.35,0.22580645161290322
648279,GGG,2014J,0.15,0.1875
648285,CCC,2014J,0.0,0.0
648285,EEE,2014J,0.0,0.0
648287,FFF,2014J,0.0,0.0
648310,BBB,2014J,0.2,0.1111111111111111
648311,BBB,2014J,0.05,0.05555555555555555
648321,CCC,2014J,0.0,0.0
648321,DDD,2014J,0.05,0.02
648353,FFF,2014J,0.0,0.0
648354,EEE,2014J,0.15,0.14285714285714285
648363,CCC,2014J,0.5,0.15151515151515152
648365,FFF,2014J,0.6,0.0851063829787234
648366,FFF,2014J,0.1,0.02631578947368421
648369,CCC,2014J,0.25,0.08196721311475409
648369,EEE,2014J,0.1,0.06666666666666667
648370,EEE,2014J,0.4,0.27586206896551724
648380,GGG,2014J,0.2,0.18181818181818182
648416,BBB,2014J,0.0,0.0
648419,DDD,2014J,0.05,0.5
648422,EEE,2014J,0.4,0.2857142857142857
648428,DDD,2014J,0.1,0.044444444444444446
648436,EEE,2014J,0.35,0.3181818181818182
648445,GGG,2014J,0.15,0.375
648449,BBB,2014J,0.25,0.11363636363636363
648457,FFF,2014J,0.05,0.020833333333333332
648469,EEE,2014J,0.25,0.1724137931034483
648470,FFF,2014J,0.05,0.015873015873015872
648476,BBB,2014J,0.0,0.0
648487,BBB,2014J,0.2,0.16
648498,GGG,2014J,0.25,0.2
648508,FFF,2014J,0.05,0.09090909090909091
648518,EEE,2014J,0.05,0.3333333333333333
648522,GGG,2014J,0.25,0.21739130434782608
648528,GGG,2014J,0.15,0.11538461538461539
648531,FFF,2014J,0.2,0.05405405405405406
648536,FFF,2014J,0.1,0.037037037037037035
648537,BBB,2014J,0.1,0.1
648543,BBB,2014J,0.0,0.0
648549,BBB,2014J,0.2,0.09302325581395349
648553,BBB,2014J,0.3,0.13953488372093023
648564,FFF,2014J,0.0,0.0
648570,DDD,2014J,0.0,0.0
648571,FFF,2014J,0.15,0.0410958904109589
648585,BBB,2014J,0.05,0.045454545454545456
648590,CCC,2014J,0.05,0.1
648590,FFF,2014J,0.15,0.075
648613,FFF,2014J,0.25,0.07936507936507936
648649,CCC,2014J,0.05,0.037037037037037035
648654,EEE,2014J,0.05,0.07692307692307693
648676,BBB,2014J,0.05,0.2
648685,FFF,2014J,0.15,0.034482758620689655
648687,EEE,2014J,0.35,0.25
648693,BBB,2014J,0.1,0.05714285714285714
648713,BBB,2014J,0.2,0.08163265306122448
648728,BBB,2014J,0.15,0.07317073170731707
648750,GGG,2014J,0.2,0.2
648751,BBB,2014J,0.4,0.1095890410958904
648760,BBB,2014J,0.1,0.07142857142857142
648766,DDD,2014J,0.0,0.0
648778,BBB,2014J,0.1,0.0425531914893617
648781,CCC,2014J,0.1,0.05
648787,EEE,2014J,0.35,0.23333333333333334
648804,FFF,2014J,0.1,0.09523809523809523
648807,BBB,2014J,0.3,0.10526315789473684
648815,FFF,2014J,0.45,0.056962025316455694
648818,CCC,2014J,0.2,0.11764705882352941
648841,DDD,2014J,0.05,0.07692307692307693
648843,EEE,2014J,0.2,0.21052631578947367
648845,BBB,2014J,0.0,0.0
648854,CCC,2014J,0.1,0.04081632653061224
648854,DDD,2014J,0.1,0.04081632653061224
648898,DDD,2014J,0.25,0.09259259259259259
648902,EEE,2014J,0.15,0.0967741935483871
648903,FFF,2014J,0.15,0.05
648920,DDD,2014J,0.15,0.045454545454545456
648942,EEE,2014J,0.05,0.05555555555555555
648951,BBB,2014J,0.0,0.0
648959,CCC,2014J,0.0,0.0
648959,DDD,2014J,0.0,0.0
648972,FFF,2014J,0.1,0.03571428571428571
648983,GGG,2014J,0.35,0.25
649001,CCC,2014J,0.0,0.0
649004,FFF,2014J,0.35,0.0625
649009,FFF,2014J,0.1,0.1111111111111111
649014,DDD,2014J,0.1,0.05405405405405406
649018,BBB,2014J,0.05,0.058823529411764705
649025,BBB,2014J,0.0,0.0
649027,BBB,2014J,0.1,0.18181818181818182
649041,DDD,2014J,0.0,0.0
649069,EEE,2014J,0.2,0.16666666666666666
649078,DDD,2014J,0.05,0.03333333333333333
649079,FFF,2014J,0.5,0.09174311926605505
649084,FFF,2014J,0.3,0.06896551724137931
649090,DDD,2014J,0.0,0.0
649093,FFF,2014J,0.3,0.13043478260869565
649095,GGG,2014J,0.4,0.21621621621621623
649105,CCC,2014J,0.3,0.10909090909090909
649110,BBB,2014J,0.05,0.037037037037037035
649118,FFF,2014J,0.3,0.12244897959183673
649119,BBB,2014J,0.2,0.11764705882352941
649120,DDD,2014J,0.0,0.0
649129,CCC,2014J,0.1,0.08
649141,CCC,2014J,0.05,0.045454545454545456
649141,FFF,2014J,0.15,0.13043478260869565
649159,FFF,2014J,0.3,0.1
649165,FFF,2014J,0.2,0.08
649171,EEE,2014J,0.3,0.21428571428571427
649189,BBB,2014J,0.05,0.02564102564102564
649194,GGG,2014J,0.45,0.2727272727272727
649206,GGG,2014J,0.2,0.16
649207,FFF,2014J,0.25,0.05319148936170213
649212,FFF,2014J,0.2,0.07142857142857142
649214,DDD,2014J,0.25,0.06756756756756757
649215,EEE,2014J,0.0,0.0
649221,BBB,2014J,0.15,0.08571428571428572
649230,FFF,2014J,0.1,0.07407407407407407
649231,BBB,2014J,0.2,0.0851063829787234
649255,EEE,2014J,0.45,0.2727272727272727
649258,FFF,2014J,0.2,0.06060606060606061
649261,DDD,2014J,0.0,0.0
649284,FFF,2014J,0.2,0.0784313725490196
649291,BBB,2014J,0.25,0.13513513513513514
649321,DDD,2014J,0.05,0.043478260869565216
649325,FFF,2014J,0.05,0.08333333333333333
649336,FFF,2014J,0.0,0.0
649339,EEE,2014J,0.65,0.35135135135135137
649343,CCC,2014J,0.05,0.029411764705882353
649343,EEE,2014J,0.05,0.045454545454545456
649345,BBB,2014J,0.15,0.07142857142857142
649379,FFF,2014J,0.35,0.08536585365853659
649383,DDD,2014J,0.05,0.05555555555555555
649400,FFF,2014J,0.15,0.06976744186046512
649413,DDD,2014J,0.05,0.016129032258064516
649434,FFF,2014J,0.2,0.07547169811320754
649435,FFF,2014J,0.1,0.03571428571428571
649457,FFF,2014J,0.15,0.06521739130434782
649469,FFF,2014J,0.1,0.1111111111111111
649506,EEE,2014J,0.05,0.25
649514,DDD,2014J,0.2,0.10256410256410256
649518,BBB,2014J,0.05,0.047619047619047616
649552,DDD,2014J,0.0,0.0
649566,FFF,2014J,0.1,0.08333333333333333
649578,BBB,2014J,0.1,0.08695652173913043
649592,CCC,2014J,0.05,0.034482758620689655
649604,CCC,2014J,0.15,0.15789473684210525
649607,CCC,2014J,0.0,0.0
649614,DDD,2014J,0.0,0.0
649619,FFF,2014J,0.05,0.01639344262295082
649621,BBB,2014J,0.25,0.1724137931034483
649637,EEE,2014J,0.25,0.22727272727272727
649654,BBB,2014J,0.05,0.02631578947368421
649667,EEE,2014J,0.45,0.36
649688,DDD,2014J,0.05,0.038461538461538464
649713,EEE,2014J,0.25,0.23809523809523808
649718,EEE,2014J,0.15,0.12
649735,FFF,2014J,0.0,0.0
649738,EEE,2014J,0.35,0.19444444444444445
649742,BBB,2014J,0.1,0.05405405405405406
649745,DDD,2014J,0.1,0.037037037037037035
649749,BBB,2014J,0.3,0.08450704225352113
649761,CCC,2014J,0.05,0.02631578947368421
649780,DDD,2014J,0.0,0.0
649795,BBB,2014J,0.3,0.14285714285714285
649806,FFF,2014J,0.0,0.0
649816,CCC,2014J,0.05,0.043478260869565216
649819,DDD,2014J,0.1,0.05555555555555555
649824,BBB,2014J,0.05,0.034482758620689655
649840,CCC,2014J,0.2,0.08
649843,EEE,2014J,0.25,0.3125
649867,GGG,2014J,0.55,0.34375
649868,CCC,2014J,0.05,0.07142857142857142
649880,DDD,2014J,0.0,0.0
649891,FFF,2014J,0.0,0.0
649905,BBB,2014J,0.05,0.05555555555555555
649909,GGG,2014J,0.2,0.19047619047619047
649935,EEE,2014J,0.2,0.2857142857142857
649943,EEE,2014J,0.1,0.14285714285714285
649949,DDD,2014J,0.0,0.0
649952,FFF,2014J,0.5,0.08333333333333333
649954,FFF,2014J,0.1,0.09523809523809523
649962,BBB,2014J,0.0,0.0
649979,FFF,2014J,0.05,0.030303030303030304
649980,BBB,2014J,0.1,1.0
650010,DDD,2014J,0.0,0.0
650023,GGG,2014J,0.0,0.0
650027,EEE,2014J,0.4,0.21621621621621623
650031,FFF,2014J,0.2,0.125
650054,FFF,2014J,0.1,0.1
650091,DDD,2014J,0.0,0.0
650099,CCC,2014J,0.05,0.05
650105,CCC,2014J,0.05,1.0
650105,EEE,2014J,0.0,0.0
650108,FFF,2014J,0.35,0.06930693069306931
650114,BBB,2014J,0.15,0.08333333333333333
650145,CCC,2014J,0.0,0.0
650145,EEE,2014J,0.1,0.08333333333333333
650160,FFF,2014J,0.3,0.0759493670886076
650161,BBB,2014J,0.1,0.07142857142857142
650164,EEE,2014J,0.3,0.23076923076923078
650170,FFF,2014J,0.0,0.0
650232,DDD,2014J,0.0,0.0
650247,BBB,2014J,0.0,0.0
650251,FFF,2014J,0.2,0.05714285714285714
650268,GGG,2014J,0.25,0.19230769230769232
650269,BBB,2014J,0.0,0.0
650279,DDD,2014J,0.25,0.11904761904761904
650287,FFF,2014J,0.05,0.09090909090909091
650316,GGG,2014J,0.2,0.2857142857142857
650330,EEE,2014J,0.35,0.2692307692307692
650341,CCC,2014J,0.15,0.13043478260869565
650341,EEE,2014J,0.05,0.06666666666666667
650354,BBB,2014J,0.0,0.0
650363,FFF,2014J,0.2,0.04819277108433735
650370,CCC,2014J,0.05,0.030303030303030304
650370,FFF,2014J,0.1,0.034482758620689655
650371,BBB,2014J,0.05,0.07142857142857142
650376,DDD,2014J,0.0,0.0
650388,GGG,2014J,0.15,0.5
650420,DDD,2014J,0.2,0.0851063829787234
650424,FFF,2014J,0.3,0.07792207792207792
650433,BBB,2014J,0.1,0.18181818181818182
650434,DDD,2014J,0.4,0.08888888888888889
650442,DDD,2014J,0.1,0.0392156862745098
650461,FFF,2014J,0.15,0.07894736842105263
650469,FFF,2014J,0.1,0.030303030303030304
650471,EEE,2014J,0.45,0.32142857142857145
650473,FFF,2014J,0.15,0.04225352112676056
650478,DDD,2014J,0.15,0.05555555555555555
650503,GGG,2014J,0.1,0.1111111111111111
650504,EEE,2014J,0.25,0.18518518518518517
650511,CCC,2014J,0.15,0.09375
650515,DDD,2014J,0.0,0.0
650517,BBB,2014J,0.0,0.0
650533,EEE,2014J,0.25,0.23809523809523808
650565,BBB,2014J,0.2,0.14285714285714285
650570,FFF,2014J,0.05,0.012195121951219513
650575,EEE,2014J,0.35,0.23333333333333334
650592,EEE,2014J,0.2,0.18181818181818182
650606,BBB,2014J,0.2,0.0975609756097561
650642,DDD,2014J,0.2,0.10810810810810811
650652,GGG,2014J,0.3,0.3
650666,EEE,2014J,0.2,0.14814814814814814
650682,FFF,2014J,0.0,0.0
650684,DDD,2014J,0.05,0.029411764705882353
650698,GGG,2014J,0.25,0.2631578947368421
650711,DDD,2014J,0.15,0.08823529411764706
650734,EEE,2014J,0.1,0.09523809523809523
650751,GGG,2014J,0.05,0.1111111111111111
650752,EEE,2014J,0.1,0.3333333333333333
650758,FFF,2014J,0.05,0.06666666666666667
650770,EEE,2014J,0.15,0.2
650787,CCC,2014J,0.05,0.09090909090909091
650797,BBB,2014J,0.05,0.047619047619047616
650816,EEE,2014J,0.4,0.3333333333333333
650849,EEE,2014J,0.0,0.0
650850,CCC,2014J,0.0,0.0
650850,DDD,2014J,0.0,0.0
650856,CCC,2014J,0.15,0.14285714285714285
650856,EEE,2014J,0.15,0.1111111111111111
650861,FFF,2014J,0.1,0.2222222222222222
650863,CCC,2014J,0.25,0.1111111111111111
650866,FFF,2014J,0.3,0.041666666666666664
650901,GGG,2014J,0.15,0.12
650923,FFF,2014J,0.15,0.04838709677419355
650926,EEE,2014J,0.35,0.2916666666666667
650927,EEE,2014J,0.05,0.023255813953488372
650946,DDD,2014J,0.2,0.057971014492753624
650947,DDD,2014J,0.1,0.05555555555555555
650950,EEE,2014J,0.05,0.2
650953,BBB,2014J,0.0,0.0
650957,DDD,2014J,0.1,0.08333333333333333
650958,BBB,2014J,0.05,0.02127659574468085
650960,FFF,2014J,0.3,0.07792207792207792
650979,BBB,2014J,0.0,0.0
650987,EEE,2014J,0.0,0.0
650993,DDD,2014J,0.25,0.08928571428571429
651004,BBB,2014J,0.1,0.25
651008,BBB,2014J,0.0,0.0
651015,EEE,2014J,0.4,0.2857142857142857
651027,BBB,2014J,0.0,0.0
651040,FFF,2014J,0.05,0.022727272727272728
651061,DDD,2014J,0.0,0.0
651065,BBB,2014J,0.0,0.0
651089,BBB,2014J,0.0,0.0
651120,DDD,2014J,0.25,0.08333333333333333
651121,FFF,2014J,0.0,0.0
651126,FFF,2014J,0.15,0.046875
651148,BBB,2014J,0.15,0.06666666666666667
651155,EEE,2014J,0.2,0.14814814814814814
651159,CCC,2014J,0.0,0.0
651177,BBB,2014J,0.05,0.023809523809523808
651182,FFF,2014J,0.15,0.08571428571428572
651200,FFF,2014J,0.0,0.0
651209,BBB,2014J,0.0,0.0
651236,CCC,2014J,0.0,0.0
651238,FFF,2014J,0.2,0.07692307692307693
651245,EEE,2014J,0.2,0.16666666666666666
651257,BBB,2014J,0.05,0.027777777777777776
651259,GGG,2014J,0.35,0.5
651278,BBB,2014J,0.0,0.0
651281,GGG,2014J,0.15,0.1111111111111111
651319,GGG,2014J,0.15,0.16666666666666666
651324,BBB,2014J,0.0,0.0
651330,FFF,2014J,0.05,0.07692307692307693
651337,EEE,2014J,0.25,0.16129032258064516
651354,FFF,2014J,0.25,0.078125
651359,BBB,2014J,0.2,0.15384615384615385
651381,FFF,2014J,0.2,0.08163265306122448
651394,BBB,2014J,0.1,0.25
651415,BBB,2014J,0.1,0.06060606060606061
651419,FFF,2014J,0.15,0.05263157894736842
651423,CCC,2014J,0.0,0.0
651429,BBB,2014J,0.1,0.0625
651436,GGG,2014J,0.3,0.2608695652173913
651478,FFF,2014J,0.05,0.0125
651493,DDD,2014J,0.25,0.11904761904761904
651495,CCC,2014J,0.15,0.046875
651495,DDD,2014J,0.05,0.029411764705882353
651498,FFF,2014J,0.4,0.06153846153846154
651507,DDD,2014J,0.0,0.0
651508,CCC,2014J,0.05,0.0196078431372549
651508,DDD,2014J,0.05,0.0196078431372549
651533,EEE,2014J,0.3,0.3
651534,EEE,2014J,0.4,0.2857142857142857
651544,BBB,2014J,0.05,0.03125
651555,FFF,2014J,0.15,0.04918032786885246
651561,DDD,2014J,0.0,0.0
651579,DDD,2014J,0.05,0.038461538461538464
651598,FFF,2014J,0.35,0.056
651605,BBB,2014J,0.15,0.09090909090909091
651619,DDD,2014J,0.1,0.05714285714285714
651624,GGG,2014J,0.2,0.16666666666666666
651627,DDD,2014J,0.2,0.06060606060606061
651628,GGG,2014J,0.2,0.2222222222222222
651635,EEE,2014J,0.35,0.25925925925925924
651648,EEE,2014J,0.1,0.10526315789473684
651655,BBB,2014J,0.15,0.07317073170731707
651659,BBB,2014J,0.15,0.09090909090909091
651660,GGG,2014J,0.35,0.35
651672,DDD,2014J,0.05,0.045454545454545456
651678,BBB,2014J,0.1,0.13333333333333333
651693,FFF,2014J,0.0,0.0
651728,DDD,2014J,0.15,0.10344827586206896
651730,GGG,2014J,0.05,0.5
651734,EEE,2014J,0.05,0.5
651740,GGG,2014J,0.4,0.36363636363636365
651759,CCC,2014J,0.1,0.03508771929824561
651759,DDD,2014J,0.1,0.03773584905660377
651764,CCC,2014J,0.15,0.07894736842105263
651766,EEE,2014J,0.25,0.18518518518518517
651775,BBB,2014J,0.0,0.0
651804,DDD,2014J,0.1,0.08
651823,CCC,2014J,0.1,0.08
651828,EEE,2014J,0.6,0.36363636363636365
651850,CCC,2014J,0.0,0.0
651850,EEE,2014J,0.1,0.1111111111111111
651863,BBB,2014J,0.05,0.024390243902439025
651881,FFF,2014J,0.3,0.17142857142857143
651886,FFF,2014J,0.15,0.08823529411764706
651925,BBB,2014J,0.0,0.0
651927,FFF,2014J,0.1,0.024390243902439025
651930,EEE,2014J,0.35,0.23333333333333334
651933,EEE,2014J,0.4,0.27586206896551724
651935,CCC,2014J,0.1,0.08695652173913043
651935,EEE,2014J,0.1,0.09523809523809523
651939,BBB,2014J,0.2,0.1
651942,DDD,2014J,0.15,0.08108108108108109
651943,GGG,2014J,0.25,0.25
651950,EEE,2014J,0.35,0.30434782608695654
651972,FFF,2014J,0.0,0.0
651979,BBB,2014J,0.15,0.11538461538461539
651980,BBB,2014J,0.0,0.0
651990,FFF,2014J,0.2,0.05063291139240506
651991,BBB,2014J,0.0,0.0
651995,EEE,2014J,0.25,0.23809523809523808
652008,FFF,2014J,0.2,0.09523809523809523
652023,CCC,2014J,0.2,0.18181818181818182
652044,BBB,2014J,0.2,0.13793103448275862
652054,EEE,2014J,0.15,0.10714285714285714
652064,FFF,2014J,0.5,0.10526315789473684
652087,FFF,2014J,0.15,0.06382978723404255
652090,BBB,2014J,0.15,0.07894736842105263
652103,DDD,2014J,0.15,0.07894736842105263
652149,BBB,2014J,0.0,0.0
652156,BBB,2014J,0.05,0.047619047619047616
652158,BBB,2014J,0.15,0.125
652226,BBB,2014J,0.15,0.06666666666666667
652267,DDD,2014J,0.1,0.1
652281,GGG,2014J,0.2,0.14814814814814814
652285,EEE,2014J,0.65,0.37142857142857144
652287,EEE,2014J,0.0,0.0
652292,DDD,2014J,0.05,0.058823529411764705
652293,DDD,2014J,0.1,0.13333333333333333
652302,EEE,2014J,0.3,0.24
652318,DDD,2014J,0.25,0.07246376811594203
652333,FFF,2014J,0.3,0.061224489795918366
652335,FFF,2014J,0.2,0.05
652390,BBB,2014J,0.05,0.09090909090909091
652414,GGG,2014J,0.3,0.23076923076923078
652428,CCC,2014J,0.0,0.0
652428,DDD,2014J,0.0,0.0
652435,GGG,2014J,0.1,0.08695652173913043
652438,FFF,2014J,0.15,0.07692307692307693
652442,EEE,2014J,0.1,0.14285714285714285
652460,EEE,2014J,0.1,0.08695652173913043
652462,GGG,2014J,0.55,0.4230769230769231
652476,EEE,2014J,0.3,0.21428571428571427
652501,CCC,2014J,0.1,0.09090909090909091
652501,EEE,2014J,0.05,0.03225806451612903
652539,GGG,2014J,0.1,0.10526315789473684
652553,BBB,2014J,0.0,0.0
652556,BBB,2014J,0.1,0.07407407407407407
652572,BBB,2014J,0.05,0.03225806451612903
652576,FFF,2014J,0.0,0.0
652586,BBB,2014J,0.05,0.021739130434782608
652605,BBB,2014J,0.0,0.0
652617,DDD,2014J,0.1,0.03571428571428571
652619,DDD,2014J,0.15,0.1
652625,FFF,2014J,0.25,0.07692307692307693
652647,FFF,2014J,0.0,0.0
652659,FFF,2014J,0.05,0.058823529411764705
652664,FFF,2014J,0.0,0.0
652672,FFF,2014J,0.1,0.027777777777777776
652680,DDD,2014J,0.3,0.08450704225352113
652684,FFF,2014J,0.45,0.11392405063291139
652711,FFF,2014J,0.1,0.03225806451612903
652732,DDD,2014J,0.05,0.03571428571428571
652753,FFF,2014J,0.1,0.0392156862745098
652788,FFF,2014J,0.05,0.02
652818,BBB,2014J,0.0,0.0
652851,BBB,2014J,0.0,0.0
652861,EEE,2014J,0.05,0.08333333333333333
652880,EEE,2014J,0.1,0.09523809523809523
652881,DDD,2014J,0.0,0.0
652886,BBB,2014J,0.05,0.1111111111111111
652887,FFF,2014J,0.05,0.02
652890,FFF,2014J,0.1,0.08333333333333333
652894,CCC,2014J,0.0,0.0
652898,FFF,2014J,0.3,0.06593406593406594
652902,CCC,2014J,0.3,0.09230769230769231
652902,EEE,2014J,0.15,0.10344827586206896
652965,DDD,2014J,0.25,0.07575757575757576
652969,BBB,2014J,0.2,0.056338028169014086
652971,EEE,2014J,0.1,0.044444444444444446
652994,FFF,2014J,0.0,0.0
652998,FFF,2014J,0.0,0.0
653027,BBB,2014J,0.0,0.0
653045,FFF,2014J,0.1,0.046511627906976744
653051,DDD,2014J,0.1,0.14285714285714285
653052,BBB,2014J,0.05,0.08333333333333333
653068,BBB,2014J,0.0,0.0
653086,BBB,2014J,0.2,0.10810810810810811
653115,CCC,2014J,0.0,0.0
653115,FFF,2014J,0.05,0.012658227848101266
653127,CCC,2014J,0.3,0.11764705882352941
653144,FFF,2014J,0.1,0.07692307692307693
653157,GGG,2014J,0.1,0.1111111111111111
653171,DDD,2014J,0.0,0.0
653188,BBB,2014J,0.0,0.0
653210,EEE,2014J,0.25,0.17857142857142858
653239,BBB,2014J,0.05,0.04
653240,BBB,2014J,0.0,0.0
653248,EEE,2014J,0.2,0.2222222222222222
653252,GGG,2014J,0.1,0.2857142857142857
653262,BBB,2014J,0.0,0.0
653278,CCC,2014J,0.25,0.12195121951219512
653297,FFF,2014J,0.4,0.07476635514018691
653301,FFF,2014J,0.15,0.02631578947368421
653319,DDD,2014J,0.15,0.06382978723404255
653326,EEE,2014J,0.0,0.0
653352,EEE,2014J,0.2,0.23529411764705882
653354,DDD,2014J,0.0,0.0
653374,GGG,2014J,0.35,0.28
653381,FFF,2014J,0.15,0.05555555555555555
653384,BBB,2014J,0.05,0.058823529411764705
653412,DDD,2014J,0.05,0.030303030303030304
653417,FFF,2014J,0.15,0.04285714285714286
653435,GGG,2014J,0.1,0.13333333333333333
653440,EEE,2014J,0.15,0.15
653452,CCC,2014J,0.0,0.0
653452,DDD,2014J,0.1,0.04878048780487805
653465,BBB,2014J,0.0,0.0
653495,GGG,2014J,0.3,0.3157894736842105
653506,EEE,2014J,0.0,0.0
653536,FFF,2014J,0.2,0.08333333333333333
653550,DDD,2014J,0.15,0.058823529411764705
653558,FFF,2014J,0.05,0.015625
653567,FFF,2014J,0.15,0.034482758620689655
653569,DDD,2014J,0.1,0.08333333333333333
653577,BBB,2014J,0.1,0.034482758620689655
653587,EEE,2014J,0.25,0.23809523809523808
653595,FFF,2014J,0.25,0.05434782608695652
653597,BBB,2014J,0.0,0.0
653633,BBB,2014J,0.1,0.16666666666666666
653653,FFF,2014J,0.1,0.05
653659,FFF,2014J,0.0,0.0
653664,BBB,2014J,0.1,0.06451612903225806
653665,EEE,2014J,0.3,0.1875
653688,EEE,2014J,0.15,0.1111111111111111
653702,BBB,2014J,0.05,0.09090909090909091
653711,DDD,2014J,0.45,0.1323529411764706
653718,EEE,2014J,0.25,0.2631578947368421
653729,DDD,2014J,0.05,0.05
653759,DDD,2014J,0.05,0.030303030303030304
653762,BBB,2014J,0.0,0.0
653768,DDD,2014J,0.05,0.04
653773,FFF,2014J,0.1,0.019230769230769232
653793,DDD,2014J,0.15,0.04225352112676056
653801,EEE,2014J,0.25,0.16129032258064516
653821,CCC,2014J,0.05,0.09090909090909091
653824,GGG,2014J,0.2,0.2222222222222222
653840,BBB,2014J,0.05,0.023255813953488372
653841,FFF,2014J,0.15,0.07894736842105263
653857,FFF,2014J,0.1,0.0392156862745098
653867,GGG,2014J,0.2,0.14814814814814814
653870,BBB,2014J,0.2,0.08163265306122448
653887,CCC,2014J,0.0,0.0
653887,EEE,2014J,0.1,0.07407407407407407
653914,DDD,2014J,0.1,0.05128205128205128
653943,GGG,2014J,0.15,0.1875
653951,BBB,2014J,0.0,0.0
653958,BBB,2014J,0.0,0.0
653998,EEE,2014J,0.05,0.0625
654000,CCC,2014J,0.45,0.15517241379310345
654002,CCC,2014J,0.0,0.0
654005,BBB,2014J,0.3,0.1935483870967742
654016,CCC,2014J,0.15,0.1111111111111111
654031,CCC,2014J,0.1,0.07692307692307693
654031,EEE,2014J,0.1,0.07692307692307693
654043,BBB,2014J,0.05,0.09090909090909091
654045,FFF,2014J,0.45,0.06206896551724138
654062,GGG,2014J,0.15,0.2727272727272727
654064,GGG,2014J,0.3,0.2222222222222222
654110,DDD,2014J,0.15,0.06
654112,FFF,2014J,0.05,1.0
654114,CCC,2014J,0.0,0.0
654114,FFF,2014J,0.15,0.038461538461538464
654125,EEE,2014J,0.05,1.0
654169,FFF,2014J,0.05,0.01020408163265306
654188,CCC,2014J,0.1,0.1111111111111111
654198,EEE,2014J,0.35,0.28
654206,BBB,2014J,0.05,0.038461538461538464
654213,EEE,2014J,0.15,0.15
654217,FFF,2014J,0.1,0.044444444444444446
654236,FFF,2014J,0.05,0.03225806451612903
654240,EEE,2014J,0.15,0.13636363636363635
654260,FFF,2014J,0.05,0.018518518518518517
654295,CCC,2014J,0.1,0.1
654321,GGG,2014J,0.0,0.0
654322,CCC,2014J,0.25,0.1
654339,FFF,2014J,0.1,0.029850746268656716
654341,DDD,2014J,0.05,0.043478260869565216
654369,GGG,2014J,0.2,0.2857142857142857
654392,BBB,2014J,0.2,0.12903225806451613
654397,EEE,2014J,0.1,0.10526315789473684
654401,DDD,2014J,0.15,0.05555555555555555
654404,BBB,2014J,0.1,0.10526315789473684
654414,DDD,2014J,0.3,0.09836065573770492
654415,BBB,2014J,0.05,0.06666666666666667
654441,FFF,2014J,0.45,0.0743801652892562
654443,DDD,2014J,0.1,0.18181818181818182
654485,EEE,2014J,0.2,0.19047619047619047
654502,DDD,2014J,0.0,0.0
654504,CCC,2014J,0.05,0.14285714285714285
654504,DDD,2014J,0.0,0.0
654524,BBB,2014J,0.0,0.0
654539,CCC,2014J,0.15,0.08333333333333333
654547,EEE,2014J,0.25,0.15151515151515152
654565,FFF,2014J,0.2,0.05
654578,FFF,2014J,0.05,0.02
654597,FFF,2014J,0.1,0.0392156862745098
654646,CCC,2014J,0.2,0.07547169811320754
654657,BBB,2014J,0.05,0.030303030303030304
654668,EEE,2014J,0.15,0.1111111111111111
654676,EEE,2014J,0.3,0.25
654681,GGG,2014J,0.25,0.16666666666666666
654684,FFF,2014J,0.15,0.09375
654692,FFF,2014J,0.2,0.07142857142857142
654801,EEE,2014J,0.2,0.14285714285714285
654807,DDD,2014J,0.05,0.013333333333333334
654817,CCC,2014J,0.0,0.0
654819,FFF,2014J,0.2,0.05555555555555555
654822,EEE,2014J,0.2,0.14814814814814814
654824,FFF,2014J,0.45,0.10112359550561797
654834,FFF,2014J,0.35,0.0625
654852,FFF,2014J,0.35,0.22580645161290322
654856,BBB,2014J,0.1,0.06666666666666667
654867,FFF,2014J,0.3,0.045112781954887216
654880,DDD,2014J,0.1,0.07142857142857142
654882,DDD,2014J,0.05,0.058823529411764705
654891,EEE,2014J,0.4,0.25806451612903225
654914,GGG,2014J,0.15,0.15789473684210525
654915,CCC,2014J,0.25,0.14705882352941177
654945,GGG,2014J,0.4,0.3076923076923077
654947,FFF,2014J,0.05,0.022727272727272728
654965,GGG,2014J,0.25,0.21739130434782608
655028,FFF,2014J,0.05,0.25
655039,DDD,2014J,0.05,0.03333333333333333
655051,CCC,2014J,0.0,0.0
655084,BBB,2014J,0.2,0.10526315789473684
655088,FFF,2014J,0.05,1.0
655108,CCC,2014J,0.25,0.1724137931034483
655115,FFF,2014J,0.15,0.03488372093023256
655124,FFF,2014J,0.15,0.125
655127,FFF,2014J,0.15,0.03614457831325301
655128,DDD,2014J,0.15,0.045454545454545456
655136,DDD,2014J,0.25,0.14285714285714285
655155,BBB,2014J,0.0,0.0
655201,GGG,2014J,0.1,0.2
655230,BBB,2014J,0.1,0.3333333333333333
655242,EEE,2014J,0.3,0.2222222222222222
655296,BBB,2014J,0.1,0.07407407407407407
655314,BBB,2014J,0.25,0.1111111111111111
655322,DDD,2014J,0.1,0.09090909090909091
655342,BBB,2014J,0.0,0.0
655353,CCC,2014J,0.0,0.0
655353,FFF,2014J,0.15,0.0967741935483871
655362,DDD,2014J,0.1,0.05714285714285714
655376,GGG,2014J,0.1,0.1
655378,CCC,2014J,0.15,0.0967741935483871
655386,FFF,2014J,0.55,0.07534246575342465
655390,CCC,2014J,0.5,0.20833333333333334
655396,EEE,2014J,0.1,0.09090909090909091
655412,FFF,2014J,0.1,0.029411764705882353
655416,FFF,2014J,0.0,0.0
655445,FFF,2014J,0.25,0.07042253521126761
655460,BBB,2014J,0.0,0.0
655471,BBB,2014J,0.05,0.047619047619047616
655498,CCC,2014J,0.15,0.08108108108108109
655498,EEE,2014J,0.1,0.06896551724137931
655546,BBB,2014J,0.0,0.0
655547,BBB,2014J,0.15,0.13636363636363635
655556,GGG,2014J,0.0,0.0
655569,FFF,2014J,0.05,0.01694915254237288
655572,BBB,2014J,0.0,0.0
655585,DDD,2014J,0.1,0.031746031746031744
655600,DDD,2014J,0.25,0.08196721311475409
655605,BBB,2014J,0.0,0.0
655609,EEE,2014J,0.4,0.21621621621621623
655613,BBB,2014J,0.05,0.038461538461538464
655668,BBB,2014J,0.15,0.1875
655680,EEE,2014J,0.35,0.3333333333333333
655764,EEE,2014J,0.35,0.25
655794,EEE,2014J,0.5,0.38461538461538464
655796,FFF,2014J,0.15,0.12
655806,DDD,2014J,0.0,0.0
655816,DDD,2014J,0.3,0.08108108108108109
655828,BBB,2014J,0.4,0.2
655834,DDD,2014J,0.05,0.018518518518518517
655865,EEE,2014J,0.4,0.2962962962962963
655869,EEE,2014J,0.1,0.06896551724137931
655890,CCC,2014J,0.5,0.14925373134328357
655919,CCC,2014J,0.2,0.12121212121212122
655924,EEE,2014J,0.45,0.3
655927,CCC,2014J,0.15,0.05263157894736842
655927,FFF,2014J,0.1,0.02666666666666667
655930,DDD,2014J,0.1,0.031746031746031744
655954,GGG,2014J,0.2,0.13333333333333333
655972,DDD,2014J,0.1,0.3333333333333333
655973,CCC,2014J,0.1,0.05714285714285714
655973,EEE,2014J,0.0,0.0
655981,FFF,2014J,0.0,0.0
656010,EEE,2014J,0.1,0.1
656014,GGG,2014J,0.0,0.0
656053,GGG,2014J,0.25,0.25
656057,EEE,2014J,0.25,0.17857142857142858
656065,FFF,2014J,0.25,0.0684931506849315
656067,BBB,2014J,0.0,0.0
656073,DDD,2014J,0.0,0.0
656086,FFF,2014J,0.05,0.1
656089,BBB,2014J,0.1,0.2857142857142857
656092,FFF,2014J,0.35,0.08333333333333333
656107,FFF,2014J,0.0,0.0
656131,FFF,2014J,0.2,0.03636363636363636
656134,EEE,2014J,0.45,0.2903225806451613
656145,FFF,2014J,0.0,0.0
656158,FFF,2014J,0.2,0.05333333333333334
656159,FFF,2014J,0.1,0.022988505747126436
656164,DDD,2014J,0.05,0.02702702702702703
656165,FFF,2014J,0.15,0.058823529411764705
656181,BBB,2014J,0.0,0.0
656183,DDD,2014J,0.15,0.06666666666666667
656187,BBB,2014J,0.05,0.0625
656190,BBB,2014J,0.05,0.07142857142857142
656193,DDD,2014J,0.1,0.06060606060606061
656194,BBB,2014J,0.0,0.0
656196,BBB,2014J,0.05,0.3333333333333333
656197,BBB,2014J,0.1,0.041666666666666664
656200,BBB,2014J,0.05,0.07692307692307693
656203,CCC,2014J,0.0,0.0
656204,BBB,2014J,0.0,0.0
656206,BBB,2014J,0.05,0.09090909090909091
656208,BBB,2014J,0.15,0.3333333333333333
656217,BBB,2014J,0.15,0.15
656227,BBB,2014J,0.0,0.0
656234,FFF,2014J,0.35,0.05185185185185185
656253,BBB,2014J,0.0,0.0
656277,CCC,2014J,0.4,0.1568627450980392
656280,DDD,2014J,0.0,0.0
656287,CCC,2014J,0.05,0.05555555555555555
656323,FFF,2014J,0.0,0.0
656340,CCC,2014J,0.2,0.13333333333333333
656347,CCC,2014J,0.05,0.06666666666666667
656347,EEE,2014J,0.0,0.0
656352,BBB,2014J,0.25,0.09259259259259259
656353,FFF,2014J,0.05,0.027777777777777776
656373,BBB,2014J,0.05,0.027777777777777776
656386,BBB,2014J,0.15,0.08108108108108109
656393,DDD,2014J,0.0,0.0
656414,FFF,2014J,0.1,0.044444444444444446
656436,FFF,2014J,0.1,0.06666666666666667
656438,GGG,2014J,0.05,0.09090909090909091
656446,EEE,2014J,0.25,0.20833333333333334
656454,DDD,2014J,0.15,0.09375
656475,BBB,2014J,0.05,0.05555555555555555
656481,BBB,2014J,0.05,0.03125
656494,BBB,2014J,0.05,0.05555555555555555
656496,DDD,2014J,0.15,0.06
656506,GGG,2014J,0.2,0.21052631578947367
656522,BBB,2014J,0.0,0.0
656526,DDD,2014J,0.3,0.0967741935483871
656529,FFF,2014J,0.2,0.06153846153846154
656539,CCC,2014J,0.0,0.0
656540,BBB,2014J,0.05,0.03125
656543,GGG,2014J,0.2,0.13333333333333333
656549,BBB,2014J,0.1,0.14285714285714285
656553,EEE,2014J,0.25,0.3333333333333333
656557,BBB,2014J,0.0,0.0
656566,BBB,2014J,0.05,0.07692307692307693
656578,EEE,2014J,0.15,0.14285714285714285
656579,FFF,2014J,0.2,0.07142857142857142
656607,FFF,2014J,0.3,0.06896551724137931
656642,CCC,2014J,0.1,0.13333333333333333
656651,FFF,2014J,0.1,0.037037037037037035
656681,BBB,2014J,0.0,0.0
656683,CCC,2014J,0.25,0.09433962264150944
656698,BBB,2014J,0.1,0.05405405405405406
656711,BBB,2014J,0.0,0.0
656734,FFF,2014J,0.35,0.0673076923076923
656756,GGG,2014J,0.3,0.17142857142857143
656766,DDD,2014J,0.0,0.0
656784,BBB,2014J,0.15,0.125
656791,FFF,2014J,0.1,0.028169014084507043
656815,EEE,2014J,0.15,0.16666666666666666
656826,DDD,2014J,0.0,0.0
656854,EEE,2014J,0.45,0.28125
656873,BBB,2014J,0.15,0.0625
656882,FFF,2014J,0.3,0.1111111111111111
656915,BBB,2014J,0.15,0.06818181818181818
656929,CCC,2014J,0.0,0.0
656929,EEE,2014J,0.0,0.0
656934,DDD,2014J,0.25,0.10869565217391304
656936,GGG,2014J,0.3,0.18181818181818182
656987,DDD,2014J,0.0,0.0
656988,FFF,2014J,0.1,0.13333333333333333
656990,BBB,2014J,0.15,0.07692307692307693
656996,FFF,2014J,0.05,0.020833333333333332
657002,EEE,2014J,0.2,0.2
657032,BBB,2014J,0.15,0.07894736842105263
657045,GGG,2014J,0.15,0.12
657048,CCC,2014J,0.0,0.0
657048,FFF,2014J,0.1,0.031746031746031744
657050,CCC,2014J,0.35,0.12727272727272726
657062,EEE,2014J,0.2,0.13793103448275862
657077,DDD,2014J,0.1,0.037037037037037035
657093,GGG,2014J,0.0,0.0
657099,BBB,2014J,0.1,0.14285714285714285
657128,EEE,2014J,0.1,0.125
657145,CCC,2014J,0.15,0.08108108108108109
657194,EEE,2014J,0.4,0.24242424242424243
657196,EEE,2014J,0.15,0.1875
657209,EEE,2014J,0.15,0.17647058823529413
657220,FFF,2014J,0.05,0.016666666666666666
657226,EEE,2014J,0.15,0.1875
657231,GGG,2014J,0.05,0.07692307692307693
657245,DDD,2014J,0.15,0.06818181818181818
657285,CCC,2014J,0.05,0.05555555555555555
657290,BBB,2014J,0.1,0.06666666666666667
657293,BBB,2014J,0.2,0.12121212121212122
657319,EEE,2014J,0.0,0.0
657330,FFF,2014J,0.15,0.043478260869565216
657344,FFF,2014J,0.15,0.043478260869565216
657352,CCC,2014J,0.05,0.125
665414,CCC,2014J,0.0,0.0
669530,CCC,2014J,0.05,0.018867924528301886
669530,DDD,2014B,0.15,0.046153846153846156
674193,DDD,2014J,0.0,0.0
674206,DDD,2014J,0.0,0.0
674214,BBB,2014J,0.15,0.07894736842105263
674222,FFF,2014J,0.1,0.02564102564102564
674226,FFF,2014J,0.15,0.05084745762711865
674236,FFF,2014J,0.15,0.0375
674253,EEE,2014J,0.3,0.23076923076923078
674262,FFF,2014J,0.2,0.03305785123966942
674276,BBB,2014J,0.0,0.0
674290,BBB,2014J,0.05,0.03125
674320,FFF,2014J,0.15,0.046875
674322,BBB,2014J,0.1,0.13333333333333333
674340,GGG,2014J,0.05,1.0
674349,BBB,2014J,0.1,0.04878048780487805
674359,GGG,2014J,0.2,0.3076923076923077
674387,FFF,2014J,0.35,0.04964539007092199
674388,DDD,2014J,0.1,0.06060606060606061
674406,FFF,2014J,0.15,0.06666666666666667
674430,CCC,2014J,0.0,0.0
674430,EEE,2014J,0.05,0.07142857142857142
674437,DDD,2014J,0.05,0.058823529411764705
674440,DDD,2014J,0.05,0.03225806451612903
674451,FFF,2014J,0.15,0.047619047619047616
674471,GGG,2014J,0.15,0.21428571428571427
674478,FFF,2014J,0.0,0.0
674481,GGG,2014J,0.3,0.24
674484,FFF,2014J,0.35,0.06422018348623854
674495,BBB,2014J,0.15,0.13636363636363635
674497,CCC,2014J,0.05,0.041666666666666664
674497,FFF,2014J,0.1,0.03278688524590164
674509,FFF,2014J,0.25,0.045871559633027525
674541,CCC,2014J,0.3,0.17647058823529413
674563,GGG,2014J,0.3,0.23076923076923078
674568,GGG,2014J,0.2,0.3076923076923077
674576,BBB,2014J,0.1,0.05714285714285714
674584,FFF,2014J,0.1,0.020202020202020204
674594,FFF,2014J,0.05,0.07142857142857142
674605,BBB,2014J,0.1,0.05405405405405406
674616,BBB,2014J,0.0,0.0
674640,GGG,2014J,0.2,0.25
674644,FFF,2014J,0.2,0.0784313725490196
674651,DDD,2014J,0.05,0.037037037037037035
674657,FFF,2014J,0.15,0.058823529411764705
674671,FFF,2014J,0.5,0.10101010101010101
674691,FFF,2014J,0.15,0.02564102564102564
674694,FFF,2014J,0.1,0.044444444444444446
674699,CCC,2014J,0.05,0.02702702702702703
674699,FFF,2014J,0.15,0.04285714285714286
674710,GGG,2014J,0.1,0.25
674747,EEE,2014J,0.3,0.24
674751,FFF,2014J,0.15,0.047619047619047616
674766,GGG,2014J,0.1,0.16666666666666666
674784,BBB,2014J,0.15,0.08571428571428572
674808,CCC,2014J,0.15,0.1111111111111111
674808,EEE,2014J,0.2,0.11428571428571428
674831,FFF,2014J,0.1,0.045454545454545456
674853,EEE,2014J,0.3,0.1875
674870,FFF,2014J,0.25,0.06944444444444445
674879,DDD,2014J,0.2,0.07692307692307693
674882,CCC,2014J,0.1,0.058823529411764705
674882,EEE,2014J,0.1,0.10526315789473684
674889,EEE,2014J,0.2,0.25
674890,GGG,2014J,0.3,0.20689655172413793
674921,FFF,2014J,0.4,0.10666666666666667
674922,BBB,2014J,0.0,0.0
674927,GGG,2014J,0.1,0.25
674939,GGG,2014J,0.1,1.0
674941,EEE,2014J,0.15,0.15
674960,BBB,2014J,0.05,0.08333333333333333
674965,CCC,2014J,0.1,0.05714285714285714
674989,DDD,2014J,0.05,0.03333333333333333
674997,DDD,2014J,0.1,0.1
675021,FFF,2014J,0.4,0.0625
675042,BBB,2014J,0.2,0.0851063829787234
675050,DDD,2014J,0.0,0.0
675054,CCC,2014J,0.0,0.0
675054,FFF,2014J,0.15,0.04477611940298507
675062,DDD,2014J,0.15,0.041666666666666664
675063,CCC,2014J,0.25,0.1388888888888889
675085,BBB,2014J,0.05,0.02702702702702703
675094,BBB,2014J,0.05,0.07692307692307693
675096,BBB,2014J,0.1,0.07142857142857142
675111,CCC,2014J,0.05,0.027777777777777776
675144,DDD,2014J,0.0,0.0
675159,BBB,2014J,0.15,0.07692307692307693
675162,EEE,2014J,0.45,0.391304347826087
675193,FFF,2014J,0.0,0.0
675223,BBB,2014J,0.05,0.03225806451612903
675225,FFF,2014J,0.2,0.07017543859649122
675231,BBB,2014J,0.2,0.15384615384615385
675233,FFF,2014J,0.15,0.03333333333333333
675242,GGG,2014J,0.4,0.4444444444444444
675247,GGG,2014J,0.25,0.15625
675256,DDD,2014J,0.0,0.0
675261,FFF,2014J,0.2,0.06557377049180328
675264,GGG,2014J,0.35,0.23333333333333334
675273,FFF,2014J,0.25,0.08928571428571429
675279,FFF,2014J,0.4,0.10126582278481013
675315,FFF,2014J,0.1,0.030303030303030304
675328,FFF,2014J,0.1,0.03636363636363636
675365,EEE,2014J,0.45,0.3103448275862069
675374,CCC,2014J,0.05,0.1
675374,EEE,2014J,0.15,0.15
675383,CCC,2014J,0.15,0.125
675396,CCC,2014J,0.6,0.16666666666666666
675450,EEE,2014J,0.3,0.18181818181818182
675474,FFF,2014J,0.05,0.029411764705882353
675477,CCC,2014J,0.15,0.08108108108108109
675493,DDD,2014J,0.1,0.058823529411764705
675495,CCC,2014J,0.1,0.06666666666666667
675495,EEE,2014J,0.0,0.0
675504,CCC,2014J,0.2,0.09302325581395349
675514,FFF,2014J,0.0,0.0
675516,DDD,2014J,0.15,0.0967741935483871
675526,BBB,2014J,0.0,0.0
675537,EEE,2014J,0.15,0.15
675539,DDD,2014J,0.15,0.05
675566,FFF,2014J,0.1,0.044444444444444446
675576,BBB,2014J,0.1,0.046511627906976744
675577,FFF,2014J,0.0,0.0
675578,GGG,2014J,0.3,0.2222222222222222
675636,FFF,2014J,0.1,0.0273972602739726
675638,CCC,2014J,0.0,0.0
675663,EEE,2014J,0.1,0.13333333333333333
675699,DDD,2014J,0.0,0.0
675710,FFF,2014J,0.25,0.043859649122807015
675728,BBB,2014J,0.0,0.0
675750,BBB,2014J,0.0,0.0
675760,CCC,2014J,0.25,0.1388888888888889
675773,EEE,2014J,0.1,0.16666666666666666
675807,BBB,2014J,0.0,0.0
675811,GGG,2014J,0.5,0.3333333333333333
675823,CCC,2014J,0.05,0.045454545454545456
675840,EEE,2014J,0.35,0.30434782608695654
675848,GGG,2014J,0.15,0.1875
675875,CCC,2014J,0.45,0.1836734693877551
675891,GGG,2014J,0.4,0.27586206896551724
675902,CCC,2014J,0.0,0.0
675915,CCC,2014J,0.1,0.16666666666666666
675919,DDD,2014J,0.1,0.04
675924,GGG,2014J,0.25,0.3125
675929,BBB,2014J,0.0,0.0
675949,GGG,2014J,0.4,0.24242424242424243
675989,FFF,2014J,0.3,0.05263157894736842
675993,DDD,2014J,0.2,0.10810810810810811
676007,FFF,2014J,0.15,0.061224489795918366
676064,FFF,2014J,0.0,0.0
676071,GGG,2014J,0.15,0.3
676084,EEE,2014J,0.2,0.14285714285714285
676087,DDD,2014J,0.05,0.022727272727272728
676103,FFF,2014J,0.05,0.014285714285714285
676138,DDD,2014J,0.0,0.0
676139,FFF,2014J,0.05,0.034482758620689655
676151,BBB,2014J,0.0,0.0
676155,DDD,2014J,0.0,0.0
676169,BBB,2014J,0.0,0.0
676176,BBB,2014J,0.0,0.0
676190,FFF,2014J,0.3,0.06382978723404255
676265,FFF,2014J,0.1,0.027777777777777776
676272,FFF,2014J,0.25,0.14285714285714285
676303,FFF,2014J,0.15,0.04285714285714286
676322,BBB,2014J,0.1,0.07142857142857142
676333,EEE,2014J,0.15,0.15
676373,DDD,2014J,0.1,0.0625
676378,FFF,2014J,0.25,0.04672897196261682
676387,GGG,2014J,0.3,0.2222222222222222
676390,CCC,2014J,0.15,0.15789473684210525
676401,BBB,2014J,0.05,0.02127659574468085
676428,BBB,2014J,0.05,0.03225806451612903
676444,FFF,2014J,0.4,0.06666666666666667
676458,FFF,2014J,0.25,0.09803921568627451
676459,FFF,2014J,0.3,0.06666666666666667
676469,CCC,2014J,0.0,0.0
676478,FFF,2014J,0.45,0.07258064516129033
676482,EEE,2014J,0.35,0.2413793103448276
676492,FFF,2014J,0.15,0.03571428571428571
676498,DDD,2014J,0.0,0.0
676503,CCC,2014J,0.35,0.1346153846153846
676516,DDD,2014J,0.15,0.06521739130434782
676538,CCC,2014J,0.05,0.02127659574468085
676538,DDD,2014J,0.05,0.017857142857142856
676553,DDD,2014J,0.0,0.0
676589,DDD,2014J,0.25,0.10869565217391304
676596,DDD,2014J,0.05,0.038461538461538464
676604,BBB,2014J,0.0,0.0
676610,FFF,2014J,0.15,0.05172413793103448
676611,EEE,2014J,0.15,0.23076923076923078
676626,FFF,2014J,0.15,0.05172413793103448
676627,FFF,2014J,0.0,0.0
676633,BBB,2014J,0.2,0.0975609756097561
676650,CCC,2014J,0.1,0.05
676676,EEE,2014J,0.15,0.125
676705,BBB,2014J,0.1,0.044444444444444446
676722,EEE,2014J,0.25,0.1724137931034483
676724,EEE,2014J,0.15,0.14285714285714285
676750,BBB,2014J,0.15,0.1111111111111111
676766,DDD,2014J,0.05,0.16666666666666666
676787,DDD,2014J,0.05,0.02040816326530612
676805,EEE,2014J,0.1,0.06896551724137931
676807,DDD,2014J,0.0,0.0
676809,DDD,2014J,0.0,0.0
676834,EEE,2014J,0.25,0.22727272727272727
676852,DDD,2014J,0.15,0.05
676865,DDD,2014J,0.35,0.14285714285714285
676866,FFF,2014J,0.0,0.0
676882,FFF,2014J,0.05,0.029411764705882353
676898,BBB,2014J,0.0,0.0
676903,DDD,2014J,0.0,0.0
676909,CCC,2014J,0.3,0.18181818181818182
676916,CCC,2014J,0.25,0.11627906976744186
676948,BBB,2014J,0.15,0.21428571428571427
676962,BBB,2014J,0.0,0.0
676963,DDD,2014J,0.05,0.022222222222222223
676964,CCC,2014J,0.1,0.03278688524590164
676964,DDD,2014J,0.3,0.0759493670886076
677004,BBB,2014J,0.05,0.3333333333333333
677006,CCC,2014J,0.25,0.1724137931034483
677018,CCC,2014J,0.05,0.027777777777777776
677018,EEE,2014J,0.1,0.10526315789473684
677025,GGG,2014J,0.4,0.26666666666666666
677040,EEE,2014J,0.3,0.25
677049,EEE,2014J,0.0,0.0
677066,GGG,2014J,0.4,0.34782608695652173
677085,CCC,2014J,0.0,0.0
677085,FFF,2014J,0.05,0.01639344262295082
677089,CCC,2014J,0.05,0.027777777777777776
677111,FFF,2014J,0.2,0.0547945205479452
677138,FFF,2014J,0.3,0.07792207792207792
677150,GGG,2014J,0.0,0.0
677154,BBB,2014J,0.1,0.18181818181818182
677155,FFF,2014J,0.05,0.013888888888888888
677167,FFF,2014J,0.25,0.07692307692307693
677186,AAA,2014J,0.2,0.16666666666666666
677189,EEE,2014J,0.4,0.36363636363636365
677197,EEE,2014J,0.25,0.3333333333333333
677201,BBB,2014J,0.05,0.05
677203,BBB,2014J,0.1,0.06896551724137931
677206,FFF,2014J,0.25,0.0684931506849315
677216,GGG,2014J,0.2,0.18181818181818182
677221,FFF,2014J,0.5,0.09803921568627451
677235,FFF,2014J,0.05,0.06666666666666667
677316,DDD,2014J,0.05,0.16666666666666666
677349,CCC,2014J,0.4,0.25
677356,GGG,2014J,0.1,0.14285714285714285
677382,FFF,2014J,0.1,0.043478260869565216
677400,FFF,2014J,0.2,0.07142857142857142
677433,GGG,2014J,0.25,0.625
677436,FFF,2014J,0.15,0.0625
677456,FFF,2014J,0.2,0.04819277108433735
677457,EEE,2014J,0.25,0.1724137931034483
677459,CCC,2014J,0.15,0.06382978723404255
677459,EEE,2014J,0.05,0.04
677462,BBB,2014J,0.2,0.08163265306122448
677463,GGG,2014J,0.15,0.1111111111111111
677486,FFF,2014J,0.2,0.10526315789473684
677491,GGG,2014J,0.3,0.2222222222222222
677498,BBB,2014J,0.0,0.0
677546,FFF,2014J,0.1,0.045454545454545456
677551,GGG,2014J,0.05,0.5
677579,DDD,2014J,0.1,0.05263157894736842
677582,FFF,2014J,0.15,0.14285714285714285
677601,DDD,2014J,0.0,0.0
677606,DDD,2014J,0.0,0.0
677629,DDD,2014J,0.0,0.0
677630,BBB,2014J,0.0,0.0
677641,CCC,2014J,0.2,0.12121212121212122
677655,FFF,2014J,0.05,0.016666666666666666
677687,FFF,2014J,0.05,0.058823529411764705
677741,CCC,2014J,0.1,0.08333333333333333
677741,EEE,2014J,0.05,0.05
677748,FFF,2014J,0.1,0.0392156862745098
677767,FFF,2014J,0.15,0.05263157894736842
677832,DDD,2014J,0.15,0.05454545454545454
677833,FFF,2014J,0.15,0.046153846153846156
677846,BBB,2014J,0.15,0.06818181818181818
677867,FFF,2014J,0.1,0.125
677869,FFF,2014J,0.05,0.0625
677873,BBB,2014J,0.05,0.022222222222222223
677877,BBB,2014J,0.1,0.25
677879,BBB,2014J,0.05,0.05555555555555555
677892,BBB,2014J,0.15,0.1111111111111111
677897,EEE,2014J,0.3,0.2608695652173913
677900,EEE,2014J,0.35,0.2
677922,BBB,2014J,0.15,0.13636363636363635
677928,GGG,2014J,0.4,0.3333333333333333
677947,EEE,2014J,0.0,0.0
678004,GGG,2014J,0.5,0.2857142857142857
678009,GGG,2014J,0.35,0.3333333333333333
678015,EEE,2014J,0.15,0.0967741935483871
678025,BBB,2014J,0.1,0.041666666666666664
678026,EEE,2014J,0.15,0.11538461538461539
678038,BBB,2014J,0.0,0.0
678041,DDD,2014J,0.2,0.06666666666666667
678057,BBB,2014J,0.2,0.12121212121212122
678058,DDD,2014J,0.0,0.0
678065,DDD,2014J,0.05,0.024390243902439025
678080,BBB,2014J,0.0,0.0
678088,FFF,2014J,0.15,0.05084745762711865
678089,CCC,2014J,0.05,0.03125
678102,DDD,2014J,0.15,0.046875
678105,BBB,2014J,0.1,0.047619047619047616
678110,BBB,2014J,0.05,0.05555555555555555
678194,CCC,2014J,0.1,0.2
678194,EEE,2014J,0.2,0.13793103448275862
678203,CCC,2014J,0.1,0.2
678203,FFF,2014J,0.1,0.03389830508474576
678204,CCC,2014J,0.25,0.35714285714285715
678213,BBB,2014J,0.0,0.0
678219,DDD,2014J,0.0,0.0
678231,DDD,2014J,0.05,0.3333333333333333
678233,DDD,2014J,0.0,0.0
678235,FFF,2014J,0.2,0.04081632653061224
678240,DDD,2014J,0.05,0.01694915254237288
678241,GGG,2014J,0.05,0.2
678244,BBB,2014J,0.2,0.12121212121212122
678246,BBB,2014J,0.5,0.20408163265306123
678255,GGG,2014J,0.3,0.2857142857142857
678261,GGG,2014J,0.3,0.2727272727272727
678267,EEE,2014J,0.2,0.16
678270,FFF,2014J,0.15,0.21428571428571427
678278,BBB,2014J,0.0,0.0
678313,GGG,2014J,0.05,0.3333333333333333
678314,BBB,2014J,0.0,0.0
678335,BBB,2014J,0.0,0.0
678339,CCC,2014J,0.2,0.14285714285714285
678341,EEE,2014J,0.4,0.26666666666666666
678367,BBB,2014J,0.15,0.21428571428571427
678373,BBB,2014J,0.15,0.08571428571428572
678381,FFF,2014J,0.15,0.047619047619047616
678393,CCC,2014J,0.05,0.07692307692307693
678395,CCC,2014J,0.15,0.15
678407,FFF,2014J,0.15,0.21428571428571427
678408,CCC,2014J,0.0,0.0
678419,CCC,2014J,0.05,0.0625
678419,EEE,2014J,0.05,0.058823529411764705
678432,GGG,2014J,0.05,0.125
678444,BBB,2014J,0.1,0.15384615384615385
678452,FFF,2014J,0.25,0.07462686567164178
678490,DDD,2014J,0.1,0.06666666666666667
678508,EEE,2014J,0.25,0.15625
678528,FFF,2014J,0.2,0.031007751937984496
678538,EEE,2014J,0.05,0.045454545454545456
678575,BBB,2014J,0.05,0.125
678578,BBB,2014J,0.0,0.0
678605,DDD,2014J,0.2,0.10526315789473684
678618,GGG,2014J,0.15,0.13043478260869565
678619,FFF,2014J,0.1,0.11764705882352941
678623,BBB,2014J,0.1,0.09523809523809523
678628,FFF,2014J,0.35,0.09210526315789473
678659,FFF,2014J,0.2,0.05063291139240506
678661,BBB,2014J,0.05,0.045454545454545456
678680,BBB,2014J,0.2,0.09090909090909091
678688,BBB,2014J,0.05,0.04
678701,EEE,2014J,0.25,0.25
678715,EEE,2014J,0.0,0.0
678762,GGG,2014J,0.45,0.5294117647058824
678774,GGG,2014J,0.3,0.25
678777,BBB,2014J,0.05,0.14285714285714285
678790,CCC,2014J,0.0,0.0
678790,DDD,2014J,0.05,0.037037037037037035
678815,BBB,2014J,0.05,0.045454545454545456
678819,FFF,2014J,0.05,0.011764705882352941
678844,DDD,2014J,0.0,0.0
678859,FFF,2014J,0.2,0.05
678860,CCC,2014J,0.05,0.07142857142857142
678860,EEE,2014J,0.2,0.26666666666666666
678906,BBB,2014J,0.05,0.02702702702702703
678929,EEE,2014J,0.3,0.2
678941,DDD,2014J,0.3,0.08823529411764706
678946,FFF,2014J,0.2,0.05970149253731343
678954,FFF,2014J,0.25,0.06172839506172839
678955,BBB,2014J,0.1,0.0625
678970,EEE,2014J,0.15,0.23076923076923078
678995,BBB,2014J,0.1,0.03571428571428571
679019,FFF,2014J,0.0,0.0
679036,FFF,2014J,0.15,0.03488372093023256
679039,CCC,2014J,0.05,0.05555555555555555
679059,BBB,2014J,0.05,0.029411764705882353
679111,FFF,2014J,0.15,0.2
679114,EEE,2014J,0.05,0.05
679127,GGG,2014J,0.25,0.19230769230769232
679128,CCC,2014J,0.25,0.1282051282051282
679174,BBB,2014J,0.15,0.075
679189,FFF,2014J,0.2,0.06666666666666667
679207,EEE,2014J,0.1,0.07407407407407407
679218,BBB,2014J,0.1,0.07692307692307693
679227,FFF,2014J,0.1,0.025974025974025976
679232,BBB,2014J,0.15,0.0967741935483871
679237,FFF,2014J,0.25,0.06944444444444445
679251,FFF,2014J,0.25,0.09259259259259259
679255,DDD,2014J,0.0,0.0
679262,FFF,2014J,0.05,0.023809523809523808
679278,FFF,2014J,0.15,0.05263157894736842
679327,GGG,2014J,0.35,0.25925925925925924
679342,FFF,2014J,0.1,0.18181818181818182
679384,FFF,2014J,0.25,0.07692307692307693
679386,CCC,2014J,0.1,0.07407407407407407
679386,FFF,2014J,0.05,0.022222222222222223
679395,DDD,2014J,0.0,0.0
679402,FFF,2014J,0.15,0.04918032786885246
679409,GGG,2014J,0.1,0.15384615384615385
679431,CCC,2014J,0.2,0.0975609756097561
679439,BBB,2014J,0.05,0.16666666666666666
679445,FFF,2014J,0.1,0.041666666666666664
679448,FFF,2014J,0.25,0.04854368932038835
679451,CCC,2014J,0.4,0.14285714285714285
679454,DDD,2014J,0.2,0.08163265306122448
679457,BBB,2014J,0.15,0.2727272727272727
679498,FFF,2014J,0.05,0.014925373134328358
679509,FFF,2014J,0.15,0.07142857142857142
679525,DDD,2014J,0.1,0.04081632653061224
679529,CCC,2014J,0.05,0.25
679541,EEE,2014J,0.25,0.2777777777777778
679559,BBB,2014J,0.05,0.16666666666666666
679569,CCC,2014J,0.1,0.13333333333333333
679569,EEE,2014J,0.0,0.0
679582,DDD,2014J,0.05,0.14285714285714285
679594,FFF,2014J,0.05,0.015873015873015872
679631,EEE,2014J,0.25,0.21739130434782608
679663,CCC,2014J,0.0,0.0
679676,FFF,2014J,0.1,0.047619047619047616
679716,BBB,2014J,0.05,0.07692307692307693
679724,BBB,2014J,0.0,0.0
679733,CCC,2014J,0.05,0.030303030303030304
679750,CCC,2014J,0.25,0.1388888888888889
679769,GGG,2014J,0.15,0.11538461538461539
679777,DDD,2014J,0.15,0.10714285714285714
679788,FFF,2014J,0.05,0.02564102564102564
679790,FFF,2014J,0.3,0.06818181818181818
679798,BBB,2014J,0.05,0.029411764705882353
679801,EEE,2014J,0.45,0.23684210526315788
679828,BBB,2014J,0.15,0.08823529411764706
679840,GGG,2014J,0.35,0.4117647058823529
679854,DDD,2014J,0.25,0.08333333333333333
679886,CCC,2014J,0.3,0.1276595744680851
679897,DDD,2014J,0.1,0.05263157894736842
679918,BBB,2014J,0.05,0.05
679921,GGG,2014J,0.15,0.12
679939,CCC,2014J,0.05,0.058823529411764705
679939,FFF,2014J,0.2,0.06451612903225806
679959,CCC,2014J,0.2,0.18181818181818182
679967,BBB,2014J,0.1,0.06896551724137931
679971,BBB,2014J,0.05,0.0625
680002,CCC,2014J,0.15,0.10344827586206896
680009,BBB,2014J,0.05,0.037037037037037035
680014,FFF,2014J,0.2,0.06666666666666667
680017,DDD,2014J,0.25,0.09615384615384616
680018,FFF,2014J,0.05,0.07692307692307693
680025,DDD,2014J,0.05,0.02631578947368421
680027,CCC,2014J,0.05,0.027777777777777776
680027,FFF,2014J,0.0,0.0
680063,GGG,2014J,0.2,0.23529411764705882
680080,FFF,2014J,0.1,0.058823529411764705
680087,DDD,2014J,0.05,0.07692307692307693
680133,CCC,2014J,0.0,0.0
680133,EEE,2014J,0.05,0.041666666666666664
680145,CCC,2014J,0.0,0.0
680145,FFF,2014J,0.1,0.029411764705882353
680146,BBB,2014J,0.25,0.08928571428571429
680162,BBB,2014J,0.05,0.07142857142857142
680174,BBB,2014J,0.2,0.12903225806451613
680176,GGG,2014J,0.05,0.14285714285714285
680187,CCC,2014J,0.2,0.09302325581395349
680212,FFF,2014J,0.05,0.04
680219,BBB,2014J,0.15,0.09375
680255,FFF,2014J,0.0,0.0
680261,GGG,2014J,0.2,0.23529411764705882
680266,FFF,2014J,0.2,0.04395604395604396
680267,CCC,2014J,0.0,0.0
680267,EEE,2014J,0.0,0.0
680270,FFF,2014J,0.2,0.07547169811320754
680290,BBB,2014J,0.15,0.12
680322,FFF,2014J,0.25,0.08196721311475409
680331,DDD,2014J,0.0,0.0
680343,FFF,2014J,0.55,0.05392156862745098
680348,FFF,2014J,0.1,0.030303030303030304
680354,GGG,2014J,0.0,0.0
680373,DDD,2014J,0.0,0.0
680427,GGG,2014J,0.25,0.25
680431,DDD,2014J,0.0,0.0
680442,EEE,2014J,0.3,0.375
680443,FFF,2014J,0.05,0.02127659574468085
680453,BBB,2014J,0.0,0.0
680464,FFF,2014J,0.05,0.017543859649122806
680471,BBB,2014J,0.05,0.02564102564102564
680483,EEE,2014J,0.3,0.2857142857142857
680492,CCC,2014J,0.1,0.027777777777777776
680492,DDD,2014J,0.15,0.05084745762711865
680506,FFF,2014J,0.2,0.04081632653061224
680530,BBB,2014J,0.0,0.0
680541,BBB,2014J,0.0,0.0
680545,BBB,2014J,0.1,0.045454545454545456
680559,BBB,2014J,0.15,0.10344827586206896
680569,GGG,2014J,0.2,0.19047619047619047
680572,FFF,2014J,0.25,0.09433962264150944
680591,BBB,2014J,0.0,0.0
680602,CCC,2014J,0.25,0.17857142857142858
680626,DDD,2014J,0.0,0.0
680644,EEE,2014J,0.1,0.14285714285714285
680687,CCC,2014J,0.35,0.15217391304347827
680708,FFF,2014J,0.1,0.02857142857142857
680713,FFF,2014J,0.35,0.04861111111111111
680723,BBB,2014J,0.1,0.047619047619047616
680728,DDD,2014J,0.0,0.0
680747,FFF,2014J,0.05,0.023255813953488372
680764,DDD,2014J,0.05,0.05
680765,CCC,2014J,0.15,0.12
680765,EEE,2014J,0.1,0.09090909090909091
680775,FFF,2014J,0.1,0.03508771929824561
680787,BBB,2014J,0.05,0.038461538461538464
680798,BBB,2014J,0.15,0.06666666666666667
680804,CCC,2014J,0.05,0.03333333333333333
680804,EEE,2014J,0.0,0.0
680810,FFF,2014J,0.15,0.03296703296703297
680812,DDD,2014J,0.05,0.1111111111111111
680817,DDD,2014J,0.2,0.11764705882352941
680862,BBB,2014J,0.0,0.0
680872,FFF,2014J,0.0,0.0
680894,EEE,2014J,0.2,0.36363636363636365
680912,FFF,2014J,0.1,0.044444444444444446
680918,BBB,2014J,0.1,0.08695652173913043
680926,BBB,2014J,0.0,0.0
680955,FFF,2014J,0.2,0.06779661016949153
680966,GGG,2014J,0.35,0.30434782608695654
680970,BBB,2014J,0.05,0.038461538461538464
680973,DDD,2014J,0.0,0.0
680974,FFF,2014J,0.15,0.045454545454545456
680981,DDD,2014J,0.0,0.0
680988,GGG,2014J,0.1,0.4
680996,DDD,2014J,0.0,0.0
681001,EEE,2014J,0.4,0.22857142857142856
681004,FFF,2014J,0.3,0.07692307692307693
681059,DDD,2014J,0.15,0.07692307692307693
681065,GGG,2014J,0.4,0.25806451612903225
681107,GGG,2014J,0.2,0.26666666666666666
681150,BBB,2014J,0.15,0.07142857142857142
681152,FFF,2014J,0.0,0.0
681154,GGG,2014J,0.0,0.0
681165,CCC,2014J,0.4,0.18181818181818182
681174,CCC,2014J,0.05,0.02631578947368421
681200,EEE,2014J,0.1,0.08
681211,DDD,2014J,0.0,0.0
681222,BBB,2014J,0.2,0.06153846153846154
681235,CCC,2014J,0.1,0.058823529411764705
681235,FFF,2014J,0.0,0.0
681241,DDD,2014J,0.05,0.03225806451612903
681268,GGG,2014J,0.15,0.3333333333333333
681289,BBB,2014J,0.05,0.02857142857142857
681298,FFF,2014J,0.0,0.0
681302,CCC,2014J,0.1,0.06896551724137931
681302,EEE,2014J,0.05,0.07142857142857142
681327,EEE,2014J,0.3,0.3157894736842105
681328,FFF,2014J,0.3,0.08333333333333333
681341,FFF,2014J,0.1,0.05128205128205128
681352,FFF,2014J,0.5,0.1282051282051282
681354,FFF,2014J,0.15,0.07142857142857142
681356,DDD,2014J,0.05,0.0196078431372549
681369,EEE,2014J,0.25,0.1724137931034483
681379,EEE,2014J,0.05,0.14285714285714285
681416,EEE,2014J,0.25,0.16666666666666666
681421,GGG,2014J,0.35,0.25925925925925924
681425,DDD,2014J,0.1,0.0425531914893617
681440,DDD,2014J,0.0,0.0
681447,GGG,2014J,0.2,0.21052631578947367
681452,FFF,2014J,0.3,0.075
681490,FFF,2014J,0.25,0.07142857142857142
681528,DDD,2014J,0.0,0.0
681532,GGG,2014J,0.1,1.0
681566,BBB,2014J,0.05,0.030303030303030304
681581,BBB,2014J,0.15,0.0625
681608,FFF,2014J,0.1,0.038461538461538464
681633,FFF,2014J,0.25,0.04032258064516129
681642,CCC,2014J,0.05,0.1
681652,FFF,2014J,0.05,0.025
681655,FFF,2014J,0.4,0.09090909090909091
681658,FFF,2014J,0.05,0.025
681696,GGG,2014J,0.15,0.1
681716,BBB,2014J,0.1,0.04878048780487805
681729,DDD,2014J,0.1,0.02702702702702703
681731,CCC,2014J,0.2,0.125
681735,FFF,2014J,0.0,0.0
681746,DDD,2014J,0.1,0.05405405405405406
681751,GGG,2014J,0.05,1.0
681752,BBB,2014J,0.0,0.0
681755,FFF,2014J,0.15,0.05263157894736842
681759,EEE,2014J,0.05,0.5
681763,FFF,2014J,0.15,0.061224489795918366
681798,BBB,2014J,0.1,0.058823529411764705
681799,DDD,2014J,0.05,0.02631578947368421
681854,DDD,2014J,0.05,0.5
681861,EEE,2014J,0.15,0.25
681876,GGG,2014J,0.15,0.1875
681923,DDD,2014J,0.15,0.061224489795918366
681938,FFF,2014J,0.3,0.08450704225352113
681973,FFF,2014J,0.15,0.057692307692307696
681984,BBB,2014J,0.0,0.0
682001,GGG,2014J,0.4,0.2222222222222222
682019,FFF,2014J,0.1,0.10526315789473684
682022,DDD,2014J,0.0,0.0
682031,DDD,2014J,0.05,0.043478260869565216
682051,BBB,2014J,0.1,0.11764705882352941
682056,BBB,2014J,0.1,0.2857142857142857
682058,BBB,2014J,0.0,0.0
682070,FFF,2014J,0.0,0.0
682100,GGG,2014J,0.25,0.15151515151515152
682107,BBB,2014J,0.0,0.0
682117,DDD,2014J,0.0,0.0
682123,GGG,2014J,0.2,0.15384615384615385
682223,BBB,2014J,0.1,0.0625
682239,EEE,2014J,0.3,0.2608695652173913
682259,CCC,2014J,0.0,0.0
682259,EEE,2014J,0.0,0.0
682276,FFF,2014J,0.05,0.06666666666666667
682294,DDD,2014J,0.25,0.10204081632653061
682298,FFF,2014J,0.35,0.09090909090909091
682299,DDD,2014J,0.15,0.06382978723404255
682301,CCC,2014J,0.05,0.05
682306,DDD,2014J,0.25,0.0625
682316,BBB,2014J,0.15,0.0967741935483871
682321,GGG,2014J,0.35,0.25
682343,BBB,2014J,0.05,0.023255813953488372
682355,EEE,2014J,0.1,0.09523809523809523
682358,FFF,2014J,0.2,0.15384615384615385
682367,CCC,2014J,0.2,0.13333333333333333
682385,DDD,2014J,0.15,0.075
682390,FFF,2014J,0.0,0.0
682391,FFF,2014J,0.0,0.0
682409,BBB,2014J,0.0,0.0
682413,GGG,2014J,0.35,0.2413793103448276
682436,FFF,2014J,0.25,0.043859649122807015
682437,FFF,2014J,0.2,0.05970149253731343
682440,GGG,2014J,0.25,0.22727272727272727
682480,BBB,2014J,0.0,0.0
682481,GGG,2014J,0.1,0.2
682483,BBB,2014J,0.1,0.1111111111111111
682511,CCC,2014J,0.1,0.05405405405405406
682511,FFF,2014J,0.1,0.030303030303030304
682539,FFF,2014J,0.4,0.07407407407407407
682541,DDD,2014J,0.0,0.0
682543,GGG,2014J,0.05,0.07692307692307693
682569,CCC,2014J,0.0,0.0
682569,FFF,2014J,0.05,0.010638297872340425
682588,FFF,2014J,0.35,0.12962962962962962
682613,FFF,2014J,0.05,0.023255813953488372
682625,GGG,2014J,0.2,0.2
682627,BBB,2014J,0.2,0.07017543859649122
682632,FFF,2014J,0.3,0.07142857142857142
682660,DDD,2014J,0.1,0.03076923076923077
682684,DDD,2014J,0.05,0.029411764705882353
682692,DDD,2014J,0.25,0.1
682695,FFF,2014J,0.4,0.09195402298850575
682738,CCC,2014J,0.0,0.0
682740,DDD,2014J,0.05,0.01818181818181818
682753,FFF,2014J,0.05,0.022727272727272728
682758,EEE,2014J,0.0,0.0
682819,DDD,2014J,0.0,0.0
682839,FFF,2014J,0.1,0.020202020202020204
682863,FFF,2014J,0.05,0.2
682887,BBB,2014J,0.05,0.1
682894,FFF,2014J,0.1,0.031746031746031744
682897,DDD,2014J,0.1,0.06451612903225806
682913,BBB,2014J,0.15,0.12
682961,CCC,2014J,0.45,0.13846153846153847
682963,FFF,2014J,0.2,0.04878048780487805
682968,DDD,2014J,0.25,0.08196721311475409
682981,FFF,2014J,0.1,0.01904761904761905
682983,FFF,2014J,0.1,0.037037037037037035
682985,FFF,2014J,0.15,0.10344827586206896
682990,FFF,2014J,0.05,0.02040816326530612
683002,BBB,2014J,0.0,0.0
683005,GGG,2014J,0.35,0.23333333333333334
683033,FFF,2014J,0.1,0.028985507246376812
683079,EEE,2014J,0.35,0.25
683091,DDD,2014J,0.15,0.04918032786885246
683094,FFF,2014J,0.15,0.03571428571428571
683120,BBB,2014J,0.05,0.023255813953488372
683140,BBB,2014J,0.0,0.0
683145,BBB,2014J,0.3,0.14285714285714285
683164,BBB,2014J,0.1,0.25
683178,FFF,2014J,0.15,0.031914893617021274
683188,GGG,2014J,0.0,0.0
683202,BBB,2014J,0.05,0.02564102564102564
683243,FFF,2014J,0.15,0.08571428571428572
683256,GGG,2014J,0.15,0.375
683270,EEE,2014J,0.35,0.25
683273,FFF,2014J,0.0,0.0
683275,BBB,2014J,0.1,0.2
683305,FFF,2014J,0.05,0.018518518518518517
683323,FFF,2014J,0.0,0.0
683336,GGG,2014J,0.25,0.38461538461538464
683346,FFF,2014J,0.15,0.05172413793103448
683352,FFF,2014J,0.15,0.030303030303030304
683353,FFF,2014J,0.15,0.02586206896551724
683373,CCC,2014J,0.05,0.0625
683375,FFF,2014J,0.1,0.0392156862745098
683396,DDD,2014J,0.05,0.038461538461538464
683403,FFF,2014J,0.35,0.06930693069306931
683406,CCC,2014J,0.1,0.15384615384615385
683420,BBB,2014J,0.2,0.09302325581395349
683423,GGG,2014J,0.25,0.19230769230769232
683467,FFF,2014J,0.15,0.0375
683492,EEE,2014J,0.15,0.17647058823529413
683503,CCC,2014J,0.05,0.07142857142857142
683508,FFF,2014J,0.1,0.5
683530,FFF,2014J,0.3,0.04838709677419355
683548,BBB,2014J,0.0,0.0
683550,FFF,2014J,0.2,0.07692307692307693
683555,FFF,2014J,0.05,0.5
683592,BBB,2014J,0.05,0.034482758620689655
683604,FFF,2014J,0.3,0.049586776859504134
683618,BBB,2014J,0.05,0.047619047619047616
683624,FFF,2014J,0.5,0.10204081632653061
683625,CCC,2014J,0.15,0.09090909090909091
683630,BBB,2014J,0.2,0.09090909090909091
683633,GGG,2014J,0.35,0.35
683648,DDD,2014J,0.3,0.10344827586206896
683653,DDD,2014J,0.05,0.04
683664,BBB,2014J,0.1,0.07692307692307693
683668,CCC,2014J,0.15,0.07692307692307693
683705,BBB,2014J,0.15,0.04918032786885246
683713,DDD,2014J,0.25,0.06756756756756757
683718,DDD,2014J,0.1,0.041666666666666664
683728,EEE,2014J,0.5,0.3225806451612903
683742,BBB,2014J,0.05,0.02564102564102564
683745,FFF,2014J,0.0,0.0
683764,FFF,2014J,0.05,0.125
683777,CCC,2014J,0.1,0.13333333333333333
683779,BBB,2014J,0.05,0.03125
683783,BBB,2014J,0.15,0.08108108108108109
683817,BBB,2014J,0.05,0.030303030303030304
683820,FFF,2014J,0.25,0.05952380952380952
683832,FFF,2014J,0.0,0.0
683838,BBB,2014J,0.05,0.041666666666666664
683841,GGG,2014J,0.05,0.1
683902,FFF,2014J,0.1,0.04878048780487805
683934,FFF,2014J,0.25,0.07352941176470588
683935,BBB,2014J,0.1,0.06451612903225806
683974,GGG,2014J,0.3,0.23076923076923078
683987,BBB,2014J,0.05,0.02564102564102564
684013,FFF,2014J,0.3,0.0759493670886076
684050,EEE,2014J,0.3,0.1875
684055,BBB,2014J,0.05,0.058823529411764705
684064,EEE,2014J,0.25,0.2777777777777778
684072,BBB,2014J,0.25,0.11363636363636363
684095,DDD,2014J,0.1,0.05555555555555555
684111,CCC,2014J,0.0,0.0
684116,GGG,2014J,0.4,0.34782608695652173
684141,DDD,2014J,0.05,0.045454545454545456
684146,GGG,2014J,0.35,0.2
684169,GGG,2014J,0.25,0.22727272727272727
684180,AAA,2014J,0.05,0.2
684183,FFF,2014J,0.25,0.04672897196261682
684184,BBB,2014J,0.0,0.0
684217,DDD,2014J,0.1,0.05128205128205128
684225,EEE,2014J,0.1,0.08333333333333333
684233,DDD,2014J,0.0,0.0
684241,DDD,2014J,0.05,0.013513513513513514
684250,BBB,2014J,0.0,0.0
684270,CCC,2014J,0.2,0.125
684273,BBB,2014J,0.0,0.0
684305,DDD,2014J,0.05,0.2
684311,FFF,2014J,0.1,0.03571428571428571
684319,BBB,2014J,0.15,0.06
684329,BBB,2014J,0.2,0.08333333333333333
684341,GGG,2014J,0.2,0.25
684357,EEE,2014J,0.1,0.07407407407407407
684375,BBB,2014J,0.15,0.11538461538461539
684383,FFF,2014J,0.4,0.11594202898550725
684386,FFF,2014J,0.0,0.0
684393,GGG,2014J,0.15,0.10344827586206896
684407,DDD,2014J,0.1,0.0392156862745098
684427,GGG,2014J,0.1,0.3333333333333333
684441,DDD,2014J,0.15,0.11538461538461539
684444,CCC,2014J,0.2,0.2
684456,GGG,2014J,0.3,0.2222222222222222
684459,BBB,2014J,0.0,0.0
684473,EEE,2014J,0.15,0.42857142857142855
684480,DDD,2014J,0.2,0.08
684498,CCC,2014J,0.0,0.0
684504,EEE,2014J,0.3,0.3
684511,EEE,2014J,0.05,0.05263157894736842
684514,CCC,2014J,0.05,0.05263157894736842
684526,FFF,2014J,0.1,0.06896551724137931
684532,EEE,2014J,0.55,0.2619047619047619
684567,EEE,2014J,0.15,0.10344827586206896
684579,FFF,2014J,0.0,0.0
684592,FFF,2014J,0.2,0.09090909090909091
684594,FFF,2014J,0.0,0.0
684610,EEE,2014J,0.35,0.30434782608695654
684615,BBB,2014J,0.1,0.05405405405405406
684632,DDD,2014J,0.0,0.0
684669,CCC,2014J,0.35,0.14893617021276595
684669,EEE,2014J,0.0,0.0
684671,FFF,2014J,0.1,0.07142857142857142
684675,FFF,2014J,0.3,0.10909090909090909
684676,FFF,2014J,0.0,0.0
684687,BBB,2014J,0.1,0.058823529411764705
684704,BBB,2014J,0.0,0.0
684709,CCC,2014J,0.2,0.16666666666666666
684744,DDD,2014J,0.05,0.2
684802,GGG,2014J,0.15,0.125
684811,GGG,2014J,0.05,0.058823529411764705
684825,EEE,2014J,0.15,0.15789473684210525
684833,BBB,2014J,0.4,0.17391304347826086
684854,DDD,2014J,0.2,0.07407407407407407
684882,FFF,2014J,0.05,0.025
684905,CCC,2014J,0.1,0.06060606060606061
684905,EEE,2014J,0.15,0.10714285714285714
684907,EEE,2014J,0.3,0.20689655172413793
684931,BBB,2014J,0.05,0.03571428571428571
684936,DDD,2014J,0.0,0.0
684967,EEE,2014J,0.1,0.2
684971,BBB,2014J,0.1,0.08
684981,FFF,2014J,0.25,0.1
684987,GGG,2014J,0.0,0.0
684990,CCC,2014J,0.0,0.0
685000,BBB,2014J,0.05,0.07692307692307693
685004,FFF,2014J,0.0,0.0
685009,BBB,2014J,0.0,0.0
685015,DDD,2014J,0.1,0.04081632653061224
685052,BBB,2014J,0.1,0.15384615384615385
685060,EEE,2014J,0.05,0.043478260869565216
685069,DDD,2014J,0.0,0.0
685079,BBB,2014J,0.0,0.0
685085,DDD,2014J,0.0,0.0
685098,CCC,2014J,0.15,0.09375
685105,FFF,2014J,0.15,0.06666666666666667
685128,FFF,2014J,0.1,0.03773584905660377
685140,FFF,2014J,0.1,0.04878048780487805
685152,EEE,2014J,0.2,0.2857142857142857
685155,FFF,2014J,0.05,0.012048192771084338
685176,EEE,2014J,0.25,0.5555555555555556
685191,DDD,2014J,0.1,0.045454545454545456
685199,EEE,2014J,0.3,0.23076923076923078
685201,BBB,2014J,0.3,0.10526315789473684
685206,CCC,2014J,0.1,0.08
685212,CCC,2014J,0.05,0.020833333333333332
685212,FFF,2014J,0.2,0.025974025974025976
685224,DDD,2014J,0.1,0.03076923076923077
685228,BBB,2014J,0.05,0.041666666666666664
685236,CCC,2014J,0.1,0.18181818181818182
685236,EEE,2014J,0.05,0.125
685257,BBB,2014J,0.0,0.0
685267,BBB,2014J,0.05,0.05555555555555555
685272,GGG,2014J,0.1,0.25
685276,FFF,2014J,0.4,0.10126582278481013
685283,FFF,2014J,0.15,0.375
685284,EEE,2014J,0.2,0.2222222222222222
685285,GGG,2014J,0.1,0.14285714285714285
685287,CCC,2014J,0.0,0.0
685287,EEE,2014J,0.05,0.05
685292,EEE,2014J,0.2,0.13333333333333333
685294,DDD,2014J,0.15,0.06976744186046512
685318,BBB,2014J,0.0,0.0
685330,FFF,2014J,0.35,0.14583333333333334
685338,GGG,2014J,0.3,0.23076923076923078
685339,FFF,2014J,0.15,0.05084745762711865
685367,FFF,2014J,0.05,0.09090909090909091
685370,EEE,2014J,0.3,0.18181818181818182
685373,FFF,2014J,0.15,0.039473684210526314
685378,FFF,2014J,0.0,0.0
685391,BBB,2014J,0.35,0.17073170731707318
685410,FFF,2014J,0.25,0.08620689655172414
685412,CCC,2014J,0.1,0.045454545454545456
685412,DDD,2014J,0.05,0.02564102564102564
685436,GGG,2014J,0.3,0.17647058823529413
685447,GGG,2014J,0.1,0.25
685453,BBB,2014J,0.15,0.17647058823529413
685458,CCC,2014J,0.0,0.0
685458,DDD,2014J,0.25,0.07352941176470588
685474,CCC,2014J,0.05,0.25
685474,DDD,2014J,0.0,0.0
685487,CCC,2014J,0.15,0.05084745762711865
685487,EEE,2014J,0.1,0.04878048780487805
685499,EEE,2014J,0.15,0.12
685514,CCC,2014J,0.3,0.16666666666666666
685517,EEE,2014J,0.45,0.4090909090909091
685535,GGG,2014J,0.1,0.11764705882352941
685545,GGG,2014J,0.5,0.25
685572,CCC,2014J,0.05,0.05
685575,GGG,2014J,0.2,0.16666666666666666
685592,BBB,2014J,0.15,0.06382978723404255
685597,CCC,2014J,0.5,0.2222222222222222
685611,DDD,2014J,0.05,0.02564102564102564
685615,DDD,2014J,0.05,0.020833333333333332
685619,CCC,2014J,0.0,0.0
685619,FFF,2014J,0.15,0.057692307692307696
685623,DDD,2014J,0.05,0.05263157894736842
685627,GGG,2014J,0.35,0.35
685653,BBB,2014J,0.05,1.0
685668,EEE,2014J,0.45,0.375
685676,GGG,2014J,0.2,0.16
685697,DDD,2014J,0.0,0.0
685702,BBB,2014J,0.3,0.18181818181818182
685705,CCC,2014J,0.0,0.0
685705,FFF,2014J,0.0,0.0
685708,FFF,2014J,0.15,0.05084745762711865
685772,FFF,2014J,0.1,0.044444444444444446
685779,BBB,2014J,0.05,0.045454545454545456
685804,EEE,2014J,0.1,0.13333333333333333
685812,BBB,2014J,0.0,0.0
685829,BBB,2014J,0.1,0.08695652173913043
685830,BBB,2014J,0.1,0.0625
685831,FFF,2014J,0.05,0.024390243902439025
685842,BBB,2014J,0.2,0.10526315789473684
685843,DDD,2014J,0.1,0.04081632653061224
685849,CCC,2014J,0.05,0.08333333333333333
685871,CCC,2014J,0.3,0.10526315789473684
685910,DDD,2014J,0.0,0.0
685950,CCC,2014J,0.05,0.023255813953488372
685950,EEE,2014J,0.05,0.030303030303030304
685964,CCC,2014J,0.05,0.02564102564102564
685964,DDD,2014J,0.1,0.05405405405405406
685988,CCC,2014J,0.0,0.0
686001,CCC,2014J,0.1,0.1
686018,CCC,2014J,0.05,0.02631578947368421
686018,DDD,2014J,0.15,0.058823529411764705
686038,DDD,2014J,0.15,0.06521739130434782
686051,EEE,2014J,0.25,0.1724137931034483
686058,CCC,2014J,0.2,0.08695652173913043
686058,EEE,2014J,0.0,0.0
686065,FFF,2014J,0.25,0.05154639175257732
686074,BBB,2014J,0.1,0.046511627906976744
686078,DDD,2014J,0.0,0.0
686110,CCC,2014J,0.15,0.06818181818181818
686110,EEE,2014J,0.1,0.11764705882352941
686112,GGG,2014J,0.3,0.1935483870967742
686128,BBB,2014J,0.1,0.08695652173913043
686182,BBB,2014J,0.1,0.07142857142857142
686191,BBB,2014J,0.0,0.0
686194,GGG,2014J,0.35,0.2413793103448276
686200,BBB,2014J,0.3,0.10344827586206896
686207,GGG,2014J,0.1,0.1
686267,GGG,2014J,0.25,0.23809523809523808
686268,CCC,2014J,0.0,0.0
686268,DDD,2014J,0.0,0.0
686287,EEE,2014J,0.1,0.15384615384615385
686312,DDD,2014J,0.15,0.03896103896103896
686314,FFF,2014J,0.05,0.02564102564102564
686317,FFF,2014J,0.1,0.03076923076923077
686344,FFF,2014J,0.1,0.044444444444444446
686348,FFF,2014J,0.05,0.0196078431372549
686370,DDD,2014J,0.1,0.06060606060606061
686373,GGG,2014J,0.2,0.4444444444444444
686378,BBB,2014J,0.15,0.12
686384,DDD,2014J,0.05,0.1111111111111111
686399,DDD,2014J,0.05,0.045454545454545456
686402,BBB,2014J,0.1,0.11764705882352941
686411,CCC,2014J,0.1,0.09523809523809523
686447,EEE,2014J,0.25,0.18518518518518517
686476,EEE,2014J,0.15,0.25
686498,FFF,2014J,0.2,0.06153846153846154
686515,CCC,2014J,0.15,0.13043478260869565
686522,FFF,2014J,0.2,0.039603960396039604
686525,EEE,2014J,0.45,0.23076923076923078
686549,DDD,2014J,0.0,0.0
686558,CCC,2014J,0.1,0.10526315789473684
686558,FFF,2014J,0.15,0.06666666666666667
686564,EEE,2014J,0.35,0.25
686584,CCC,2014J,0.05,0.02040816326530612
686584,DDD,2014J,0.0,0.0
686593,EEE,2014J,0.45,0.3
686596,BBB,2014J,0.25,0.22727272727272727
686598,GGG,2014J,0.4,0.3333333333333333
686645,CCC,2014J,0.05,0.022727272727272728
686650,GGG,2014J,0.25,0.38461538461538464
686667,BBB,2014J,0.0,0.0
686670,BBB,2014J,0.2,0.0851063829787234
686688,BBB,2014J,0.3,0.16216216216216217
686700,FFF,2014J,0.1,0.045454545454545456
686705,FFF,2014J,0.0,0.0
686708,EEE,2014J,0.35,0.2692307692307692
686725,BBB,2014J,0.05,0.027777777777777776
686753,EEE,2014J,0.35,0.22580645161290322
686762,BBB,2014J,0.05,0.038461538461538464
686766,DDD,2014J,0.15,0.08333333333333333
686786,FFF,2014J,0.0,0.0
686791,BBB,2014J,0.1,0.05263157894736842
686822,BBB,2014J,0.0,0.0
686837,BBB,2014J,0.0,0.0
686854,DDD,2014J,0.0,0.0
686871,DDD,2014J,0.05,0.0625
686872,EEE,2014J,0.4,0.32
686907,CCC,2014J,0.1,0.08333333333333333
686913,EEE,2014J,0.1,0.125
686918,GGG,2014J,0.3,0.14634146341463414
686921,GGG,2014J,0.3,0.20689655172413793
686938,BBB,2014J,0.0,0.0
686940,BBB,2014J,0.1,0.04878048780487805
686946,FFF,2014J,0.0,0.0
686953,BBB,2014J,0.1,0.5
686957,CCC,2014J,0.15,0.08823529411764706
686987,BBB,2014J,0.05,0.029411764705882353
687023,CCC,2014J,0.05,0.1111111111111111
687023,EEE,2014J,0.05,0.06666666666666667
687033,FFF,2014J,0.0,0.0
687037,BBB,2014J,0.25,0.09433962264150944
687050,DDD,2014J,0.0,0.0
687060,BBB,2014J,0.15,0.16666666666666666
687073,FFF,2014J,0.0,0.0
687112,FFF,2014J,0.25,0.1
687115,FFF,2014J,0.1,0.046511627906976744
687122,BBB,2014J,0.15,0.05454545454545454
687157,BBB,2014J,0.1,0.05555555555555555
687160,CCC,2014J,0.1,0.07142857142857142
687173,BBB,2014J,0.1,0.05405405405405406
687185,BBB,2014J,0.1,0.16666666666666666
687190,CCC,2014J,0.3,0.13636363636363635
687194,EEE,2014J,0.25,0.4166666666666667
687206,CCC,2014J,0.3,0.13953488372093023
687216,CCC,2014J,0.15,0.07142857142857142
687217,BBB,2014J,0.05,0.0625
687242,EEE,2014J,0.35,0.2916666666666667
687244,DDD,2014J,0.0,0.0
687288,FFF,2014J,0.05,0.3333333333333333
687301,BBB,2014J,0.05,0.05555555555555555
687302,GGG,2014J,0.15,0.14285714285714285
687304,FFF,2014J,0.05,0.5
687310,CCC,2014J,0.0,0.0
687326,BBB,2014J,0.05,0.02857142857142857
687331,FFF,2014J,0.0,0.0
687341,FFF,2014J,0.0,0.0
687345,FFF,2014J,0.0,0.0
687351,FFF,2014J,0.0,0.0
687370,EEE,2014J,0.2,0.18181818181818182
687378,BBB,2014J,0.15,0.07142857142857142
687379,BBB,2014J,0.1,0.038461538461538464
687384,DDD,2014J,0.05,0.2
687402,BBB,2014J,0.15,0.075
687406,BBB,2014J,0.1,0.1111111111111111
687410,FFF,2014J,0.3,0.06593406593406594
687411,DDD,2014J,0.15,0.06
687421,BBB,2014J,0.15,0.06976744186046512
687434,FFF,2014J,0.1,0.025974025974025976
687446,DDD,2014J,0.1,0.04
687468,FFF,2014J,0.05,0.016666666666666666
687485,FFF,2014J,0.1,0.03773584905660377
687503,FFF,2014J,0.4,0.0851063829787234
687523,GGG,2014J,0.05,0.058823529411764705
687525,FFF,2014J,0.0,0.0
687533,BBB,2014J,0.05,0.029411764705882353
687563,EEE,2014J,0.35,0.2
687566,BBB,2014J,0.05,0.02857142857142857
687574,EEE,2014J,0.15,0.1111111111111111
687575,BBB,2014J,0.3,0.1875
687600,DDD,2014J,0.05,0.02857142857142857
687620,GGG,2014J,0.5,0.29411764705882354
687653,GGG,2014J,0.3,0.42857142857142855
687683,BBB,2014J,0.2,0.09090909090909091
687686,CCC,2014J,0.0,0.0
687686,FFF,2014J,0.1,0.037037037037037035
687688,BBB,2014J,0.2,0.10810810810810811
687698,AAA,2014J,0.05,0.1111111111111111
687720,DDD,2014J,0.0,0.0
687722,GGG,2014J,0.2,0.16
687757,EEE,2014J,0.25,0.1724137931034483
687766,EEE,2014J,0.4,0.34782608695652173
687769,BBB,2014J,0.15,0.08333333333333333
687772,CCC,2014J,0.0,0.0
687772,EEE,2014J,0.05,0.03571428571428571
687780,GGG,2014J,0.2,0.125
687781,DDD,2014J,0.2,0.04938271604938271
687792,DDD,2014J,0.05,0.020833333333333332
687821,GGG,2014J,0.15,0.0967741935483871
687823,DDD,2014J,0.2,0.05
687835,DDD,2014J,0.1,0.08333333333333333
687844,CCC,2014J,0.0,0.0
687844,EEE,2014J,0.05,0.038461538461538464
687846,FFF,2014J,0.05,0.02631578947368421
687861,DDD,2014J,0.1,0.058823529411764705
687877,CCC,2014J,0.25,0.1
687910,FFF,2014J,0.3,0.06
687930,FFF,2014J,0.45,0.047872340425531915
687931,FFF,2014J,0.1,0.045454545454545456
687945,EEE,2014J,0.25,0.18518518518518517
687975,DDD,2014J,0.15,0.04838709677419355
687981,CCC,2014J,0.05,0.027777777777777776
687981,DDD,2014J,0.0,0.0
687988,FFF,2014J,0.25,0.08333333333333333
688008,FFF,2014J,0.35,0.08235294117647059
688011,BBB,2014J,0.0,0.0
688033,CCC,2014J,0.1,0.09523809523809523
688038,GGG,2014J,0.35,0.28
688050,GGG,2014J,0.05,0.3333333333333333
688106,BBB,2014J,0.25,0.22727272727272727
688117,CCC,2014J,0.0,0.0
688118,EEE,2014J,0.15,0.12
688127,FFF,2014J,0.2,0.07272727272727272
688130,BBB,2014J,0.05,0.1
688133,EEE,2014J,0.1,0.1111111111111111
688135,BBB,2014J,0.15,0.09375
688136,FFF,2014J,0.1,0.023809523809523808
688144,BBB,2014J,0.05,0.1111111111111111
688167,BBB,2014J,0.0,0.0
688175,DDD,2014J,0.0,0.0
688192,FFF,2014J,0.25,0.050505050505050504
688199,GGG,2014J,0.3,0.2222222222222222
688208,BBB,2014J,0.05,0.16666666666666666
688225,FFF,2014J,0.05,0.1111111111111111
688265,FFF,2014J,0.0,0.0
688281,CCC,2014J,0.25,0.125
688284,DDD,2014J,0.05,0.08333333333333333
688287,EEE,2014J,0.25,0.29411764705882354
688310,EEE,2014J,0.3,0.17142857142857143
688337,CCC,2014J,0.1,0.08695652173913043
688337,FFF,2014J,0.0,0.0
688356,CCC,2014J,0.1,0.10526315789473684
688376,BBB,2014J,0.1,0.04878048780487805
688379,GGG,2014J,0.45,0.3103448275862069
688388,GGG,2014J,0.4,0.2962962962962963
688401,GGG,2014J,0.5,0.4
688404,EEE,2014J,0.05,0.2
688437,DDD,2014J,0.0,0.0
688451,EEE,2014J,0.25,0.1724137931034483
688453,FFF,2014J,0.0,0.0
688470,FFF,2014J,0.1,0.08
688513,BBB,2014J,0.25,0.16666666666666666
688519,BBB,2014J,0.1,0.05128205128205128
688521,CCC,2014J,0.1,0.125
688525,DDD,2014J,0.15,0.047619047619047616
688533,CCC,2014J,0.35,0.25
688543,FFF,2014J,0.2,0.05194805194805195
688571,DDD,2014J,0.1,0.045454545454545456
688592,DDD,2014J,0.15,0.08333333333333333
688599,BBB,2014J,0.0,0.0
688608,DDD,2014J,0.05,0.023809523809523808
688638,BBB,2014J,0.2,0.0975609756097561
688662,EEE,2014J,0.25,0.1724137931034483
688667,FFF,2014J,0.1,0.05
688685,FFF,2014J,0.05,0.011904761904761904
688707,CCC,2014J,0.0,0.0
688722,DDD,2014J,0.2,0.05970149253731343
688727,FFF,2014J,0.4,0.09523809523809523
688742,EEE,2014J,0.15,0.11538461538461539
688763,EEE,2014J,0.1,0.1111111111111111
688770,CCC,2014J,0.05,0.09090909090909091
688811,GGG,2014J,0.15,0.23076923076923078
688819,GGG,2014J,0.3,0.2857142857142857
688843,DDD,2014J,0.0,0.0
688870,EEE,2014J,0.25,0.2777777777777778
688891,FFF,2014J,0.05,0.029411764705882353
688895,FFF,2014J,0.2,0.043478260869565216
688904,FFF,2014J,0.05,0.14285714285714285
688911,DDD,2014J,0.2,0.06153846153846154
688924,EEE,2014J,0.2,0.13333333333333333
688954,BBB,2014J,0.2,0.13793103448275862
688976,FFF,2014J,0.05,0.1111111111111111
689004,CCC,2014J,0.1,0.06896551724137931
689005,FFF,2014J,0.0,0.0
689017,DDD,2014J,0.2,0.07142857142857142
689038,DDD,2014J,0.1,0.045454545454545456
689050,CCC,2014J,0.0,0.0
689050,DDD,2014J,0.0,0.0
689052,FFF,2014J,0.0,0.0
689056,FFF,2014J,0.0,0.0
689065,GGG,2014J,0.4,0.27586206896551724
689069,BBB,2014J,0.0,0.0
689089,BBB,2014J,0.0,0.0
689094,BBB,2014J,0.15,0.1
689095,BBB,2014J,0.2,0.1
689097,BBB,2014J,0.15,0.08823529411764706
689101,CCC,2014J,0.15,0.13636363636363635
689113,BBB,2014J,0.2,0.2
689124,BBB,2014J,0.15,0.10714285714285714
689129,BBB,2014J,0.0,0.0
689131,BBB,2014J,0.2,0.11764705882352941
689132,BBB,2014J,0.0,0.0
689135,DDD,2014J,0.35,0.0875
689139,BBB,2014J,0.05,0.04
689141,BBB,2014J,0.05,0.08333333333333333
689147,BBB,2014J,0.0,0.0
689148,BBB,2014J,0.05,0.02564102564102564
689157,BBB,2014J,0.1,0.0625
689161,EEE,2014J,0.1,0.125
689164,CCC,2014J,0.3,0.16216216216216217
689185,BBB,2014J,0.2,0.26666666666666666
689187,BBB,2014J,0.05,0.02857142857142857
689190,CCC,2014J,0.05,0.023809523809523808
689190,DDD,2014J,0.1,0.044444444444444446
689217,CCC,2014J,0.1,0.05405405405405406
689217,EEE,2014J,0.0,0.0
689228,BBB,2014J,0.0,0.0
689230,BBB,2014J,0.05,0.037037037037037035
689231,DDD,2014J,0.35,0.06930693069306931
689246,CCC,2014J,0.15,0.08571428571428572
689250,EEE,2014J,0.65,0.3170731707317073
689260,FFF,2014J,0.1,0.043478260869565216
689265,BBB,2014J,0.0,0.0
689267,BBB,2014J,0.15,0.13636363636363635
689274,BBB,2014J,0.15,0.075
689280,FFF,2014J,0.3,0.05454545454545454
689287,BBB,2014J,0.1,0.05128205128205128
689288,EEE,2014J,0.25,0.18518518518518517
689309,EEE,2014J,0.4,0.4444444444444444
689329,BBB,2014J,0.05,0.07692307692307693
689333,BBB,2014J,0.1,0.08
689335,GGG,2014J,0.2,0.25
689346,DDD,2014J,0.0,0.0
689347,FFF,2014J,0.1,0.02857142857142857
689370,EEE,2014J,0.2,0.19047619047619047
689371,GGG,2014J,0.1,0.1
689389,EEE,2014J,0.25,0.22727272727272727
689397,BBB,2014J,0.1,0.15384615384615385
689399,CCC,2014J,0.3,0.14634146341463414
689406,BBB,2014J,0.1,0.16666666666666666
689418,DDD,2014J,0.05,0.025
689433,GGG,2014J,0.25,0.21739130434782608
689436,CCC,2014J,0.15,0.2727272727272727
689444,FFF,2014J,0.0,0.0
689485,GGG,2014J,0.25,0.23809523809523808
689487,BBB,2014J,0.05,0.25
689493,BBB,2014J,0.05,0.07692307692307693
689503,GGG,2014J,0.1,0.09523809523809523
689563,BBB,2014J,0.1,0.06451612903225806
689574,DDD,2014J,0.15,0.057692307692307696
689594,GGG,2014J,0.2,0.16666666666666666
689636,GGG,2014J,0.3,0.3
689637,CCC,2014J,0.15,0.0967741935483871
689650,DDD,2014J,0.0,0.0
689662,BBB,2014J,0.15,0.06382978723404255
689665,BBB,2014J,0.15,0.07142857142857142
689727,BBB,2014J,0.0,0.0
689754,GGG,2014J,0.05,0.041666666666666664
689759,CCC,2014J,0.1,0.046511627906976744
689759,DDD,2014J,0.15,0.075
689763,EEE,2014J,0.25,0.20833333333333334
689768,BBB,2014J,0.2,0.2857142857142857
689786,EEE,2014J,0.0,0.0
689792,CCC,2014J,0.1,0.10526315789473684
689796,FFF,2014J,0.2,0.037383177570093455
689828,BBB,2014J,0.0,0.0
689832,FFF,2014J,0.0,0.0
689838,GGG,2014J,0.25,0.21739130434782608
689839,GGG,2014J,0.15,0.14285714285714285
689840,EEE,2014J,0.05,0.058823529411764705
689855,CCC,2014J,0.05,0.02
689855,FFF,2014J,0.05,0.015625
689878,GGG,2014J,0.3,0.1875
689896,BBB,2014J,0.05,0.1111111111111111
689921,DDD,2014J,0.3,0.20689655172413793
689924,FFF,2014J,0.1,0.047619047619047616
689925,BBB,2014J,0.05,0.1111111111111111
689936,BBB,2014J,0.1,0.2857142857142857
689956,DDD,2014J,0.15,0.15789473684210525
689975,BBB,2014J,0.2,0.2
689983,EEE,2014J,0.35,0.25925925925925924
689990,DDD,2014J,0.2,0.05405405405405406
690003,BBB,2014J,0.1,0.09090909090909091
690016,EEE,2014J,0.15,0.16666666666666666
690029,GGG,2014J,0.3,0.3
690044,GGG,2014J,0.35,0.2916666666666667
690046,CCC,2014J,0.0,0.0
690057,GGG,2014J,0.1,0.2
690062,CCC,2014J,0.35,0.11475409836065574
690075,FFF,2014J,0.05,0.022727272727272728
690089,BBB,2014J,0.15,0.07894736842105263
690095,EEE,2014J,0.4,0.32
690116,BBB,2014J,0.05,0.041666666666666664
690133,DDD,2014J,0.05,0.041666666666666664
690168,DDD,2014J,0.1,0.034482758620689655
690192,DDD,2014J,0.05,0.02702702702702703
690198,FFF,2014J,0.2,0.06153846153846154
690211,BBB,2014J,0.1,0.06060606060606061
690225,DDD,2014J,0.1,0.047619047619047616
690241,EEE,2014J,0.25,0.22727272727272727
690318,BBB,2014J,0.15,0.0967741935483871
690319,BBB,2014J,0.15,0.10344827586206896
690359,BBB,2014J,0.05,0.02857142857142857
690365,CCC,2014J,0.15,0.04477611940298507
690365,DDD,2014J,0.1,0.038461538461538464
690366,BBB,2014J,0.15,0.15
690370,EEE,2014J,0.1,0.08
690382,FFF,2014J,0.2,0.06896551724137931
690384,BBB,2014J,0.05,0.05555555555555555
690404,CCC,2014J,0.35,0.12962962962962962
690430,BBB,2014J,0.05,1.0
690439,CCC,2014J,0.0,0.0
690469,BBB,2014J,0.05,0.03125
690471,GGG,2014J,0.0,0.0
690507,CCC,2014J,0.3,0.125
690507,EEE,2014J,0.05,0.041666666666666664
690525,EEE,2014J,0.25,0.21739130434782608
690553,EEE,2014J,0.3,0.25
690579,GGG,2014J,0.35,0.2
690586,EEE,2014J,0.2,0.12903225806451613
690589,CCC,2014J,0.25,0.11904761904761904
690628,FFF,2014J,0.15,0.04477611940298507
690635,FFF,2014J,0.15,0.06521739130434782
690644,CCC,2014J,0.05,0.03333333333333333
690695,CCC,2014J,0.15,0.14285714285714285
690711,DDD,2014J,0.3,0.10714285714285714
690724,EEE,2014J,0.1,0.15384615384615385
690733,CCC,2014J,0.2,0.06779661016949153
690733,DDD,2014J,0.0,0.0
690746,FFF,2014J,0.4,0.058823529411764705
690766,BBB,2014J,0.05,0.05
690767,BBB,2014J,0.0,0.0
690832,FFF,2014J,0.2,0.07692307692307693
690867,DDD,2014J,0.0,0.0
690872,FFF,2014J,0.2,0.06349206349206349
690882,DDD,2014J,0.1,0.05128205128205128
690884,DDD,2014J,0.05,0.041666666666666664
690902,BBB,2014J,0.15,0.0625
690917,EEE,2014J,0.15,0.125
690948,CCC,2014J,0.3,0.14285714285714285
690962,CCC,2014J,0.0,0.0
690962,FFF,2014J,0.05,0.16666666666666666
690967,BBB,2014J,0.0,0.0
691006,BBB,2014J,0.05,0.25
691026,BBB,2014J,0.05,0.030303030303030304
691069,CCC,2014J,0.15,0.11538461538461539
691069,DDD,2014J,0.05,0.05263157894736842
691078,EEE,2014J,0.2,0.26666666666666666
691088,DDD,2014J,0.15,0.1
691094,BBB,2014J,0.2,0.15384615384615385
691106,BBB,2014J,0.05,0.25
691122,BBB,2014J,0.2,0.11764705882352941
691127,GGG,2014J,0.45,0.23684210526315788
691189,EEE,2014J,0.2,0.14814814814814814
691195,CCC,2014J,0.05,0.125
691202,DDD,2014J,0.25,0.12195121951219512
691207,DDD,2014J,0.05,0.045454545454545456
691218,CCC,2014J,0.15,0.15789473684210525
691218,EEE,2014J,0.0,0.0
691229,GGG,2014J,0.15,0.08823529411764706
691248,EEE,2014J,0.0,0.0
691269,FFF,2014J,0.15,0.045454545454545456
691280,FFF,2014J,0.05,0.047619047619047616
691281,GGG,2014J,0.2,0.19047619047619047
691312,BBB,2014J,0.05,0.02564102564102564
691326,FFF,2014J,0.25,0.08620689655172414
691371,GGG,2014J,0.5,0.29411764705882354
691375,FFF,2014J,0.1,0.2
691413,BBB,2014J,0.0,0.0
691428,DDD,2014J,0.0,0.0
691433,CCC,2014J,0.0,0.0
691444,DDD,2014J,0.0,0.0
691465,FFF,2014J,0.15,0.07317073170731707
691501,GGG,2014J,0.2,0.18181818181818182
691514,BBB,2014J,0.0,0.0
691519,GGG,2014J,0.25,0.25
691536,EEE,2014J,0.1,0.08
691550,CCC,2014J,0.25,0.18518518518518517
691556,GGG,2014J,0.6,0.35294117647058826
691577,GGG,2014J,0.05,0.5
691640,DDD,2014J,0.0,0.0
691683,BBB,2014J,0.05,0.025
691699,FFF,2014J,0.3,0.1016949152542373
691701,EEE,2014J,0.15,0.2
691717,BBB,2014J,0.0,0.0
691722,FFF,2014J,0.4,0.07339449541284404
691761,DDD,2014J,0.2,0.09090909090909091
691782,DDD,2014J,0.25,0.06944444444444445
691790,EEE,2014J,0.1,0.08
691834,DDD,2014J,0.05,0.04
691835,BBB,2014J,0.0,0.0
691843,CCC,2014J,0.1,0.08333333333333333
691851,BBB,2014J,0.15,0.08333333333333333
691856,BBB,2014J,0.05,0.14285714285714285
691869,BBB,2014J,0.15,0.1875
691873,FFF,2014J,0.2,0.06779661016949153
691875,EEE,2014J,0.5,0.30303030303030304
691907,BBB,2014J,0.1,0.06451612903225806
691926,CCC,2014J,0.2,0.09090909090909091
691931,CCC,2014J,0.1,0.09523809523809523
691932,FFF,2014J,0.3,0.07142857142857142
691997,BBB,2014J,0.1,0.2857142857142857
692010,FFF,2014J,0.15,0.03125
692018,GGG,2014J,0.35,0.2692307692307692
692097,FFF,2014J,0.1,0.046511627906976744
692105,CCC,2014J,0.2,0.11428571428571428
692164,BBB,2014J,0.1,0.05
692171,GGG,2014J,0.35,0.25925925925925924
692175,BBB,2014J,0.25,0.14705882352941177
692181,BBB,2014J,0.05,0.03571428571428571
692196,BBB,2014J,0.05,0.027777777777777776
692206,GGG,2014J,0.2,0.3076923076923077
692207,BBB,2014J,0.0,0.0
692215,BBB,2014J,0.15,0.0625
692220,FFF,2014J,0.1,0.041666666666666664
692256,GGG,2014J,0.15,0.1875
692297,FFF,2014J,0.05,0.125
692301,FFF,2014J,0.05,0.015625
692334,FFF,2014J,0.1,0.038461538461538464
692354,EEE,2014J,0.1,0.3333333333333333
692355,BBB,2014J,0.05,0.027777777777777776
692363,CCC,2014J,0.0,0.0
692384,BBB,2014J,0.1,0.25
692426,DDD,2014J,0.1,0.038461538461538464
692454,FFF,2014J,0.15,0.07317073170731707
692473,BBB,2014J,0.05,0.05263157894736842
692474,BBB,2014J,0.05,0.0625
692477,DDD,2014J,0.1,0.044444444444444446
692479,BBB,2014J,0.0,0.0
692484,BBB,2014J,0.0,0.0
692490,CCC,2014J,0.0,0.0
692502,BBB,2014J,0.05,0.02857142857142857
692518,BBB,2014J,0.15,0.08571428571428572
692521,BBB,2014J,0.05,0.25
692522,BBB,2014J,0.15,0.11538461538461539
692525,BBB,2014J,0.0,0.0
692534,EEE,2014J,0.05,0.058823529411764705
692544,BBB,2014J,0.05,0.047619047619047616
692553,BBB,2014J,0.2,0.2857142857142857
692572,BBB,2014J,0.2,0.0975609756097561
692603,CCC,2014J,0.1,0.06060606060606061
692603,DDD,2014J,0.1,0.05263157894736842
692609,BBB,2014J,0.0,0.0
692612,FFF,2014J,0.2,0.02877697841726619
692632,FFF,2014J,0.05,0.5
692646,EEE,2014J,0.35,0.3333333333333333
692652,DDD,2014J,0.05,0.07692307692307693
692654,CCC,2014J,0.15,0.09375
692805,BBB,2014J,0.05,0.02127659574468085
692827,BBB,2014J,0.1,0.05
692828,GGG,2014J,0.25,0.2631578947368421
692893,FFF,2014J,0.05,0.01639344262295082
692907,BBB,2014J,0.2,0.08333333333333333
692908,BBB,2014J,0.05,0.045454545454545456
692918,BBB,2014J,0.2,0.14285714285714285
692920,BBB,2014J,0.0,0.0
692924,EEE,2014J,0.4,0.2857142857142857
692928,CCC,2014J,0.1,0.0425531914893617
692928,EEE,2014J,0.15,0.09375
692936,BBB,2014J,0.05,0.125
692943,BBB,2014J,0.05,0.02631578947368421
692946,FFF,2014J,0.0,0.0
692962,FFF,2014J,0.15,0.04411764705882353
692968,FFF,2014J,0.05,0.013513513513513514
692972,GGG,2014J,0.4,0.2857142857142857
692991,EEE,2014J,0.2,0.25
693053,GGG,2014J,0.3,0.4
693058,CCC,2014J,0.0,0.0
693058,DDD,2014J,0.0,0.0
693069,EEE,2014J,0.3,0.18181818181818182
693082,DDD,2014J,0.05,0.06666666666666667
693085,DDD,2014J,0.1,0.034482758620689655
693091,BBB,2014J,0.15,0.08823529411764706
693098,BBB,2014J,0.05,0.08333333333333333
693111,CCC,2014J,0.0,0.0
693141,CCC,2014J,0.0,0.0
693145,DDD,2014J,0.05,0.05555555555555555
693160,FFF,2014J,0.15,0.0625
693161,DDD,2014J,0.0,0.0
693162,FFF,2014J,0.2,0.036036036036036036
693182,CCC,2014J,0.05,0.05263157894736842
693197,FFF,2014J,0.15,0.05
693204,CCC,2014J,0.1,0.14285714285714285
693213,BBB,2014J,0.1,0.07407407407407407
693221,EEE,2014J,0.5,0.2631578947368421
693230,BBB,2014J,0.05,0.08333333333333333
693235,EEE,2014J,0.25,0.1724137931034483
693236,FFF,2014J,0.15,0.03896103896103896
693294,DDD,2014J,0.0,0.0
693297,BBB,2014J,0.0,0.0
693302,CCC,2014J,0.15,0.06382978723404255
693308,EEE,2014J,0.25,0.23809523809523808
693340,CCC,2014J,0.05,0.05263157894736842
693345,FFF,2014J,0.2,0.044444444444444446
693364,GGG,2014J,0.5,0.3333333333333333
693373,FFF,2014J,0.1,0.03571428571428571
693380,BBB,2014J,0.05,0.125
693387,GGG,2014J,0.3,0.23076923076923078
693416,EEE,2014J,0.35,0.3684210526315789
693421,GGG,2014J,0.35,0.22580645161290322
693441,DDD,2014J,0.05,0.02702702702702703
693452,DDD,2014J,0.15,0.06382978723404255
693478,EEE,2014J,0.25,0.2631578947368421
693488,DDD,2014J,0.25,0.0641025641025641
693497,FFF,2014J,0.0,0.0
693501,DDD,2014J,0.25,0.08333333333333333
693514,BBB,2014J,0.05,0.06666666666666667
693519,FFF,2014J,0.05,0.043478260869565216
693565,DDD,2014J,0.05,1.0
693569,DDD,2014J,0.25,0.07936507936507936
693606,DDD,2014J,0.25,0.078125
693616,GGG,2014J,0.2,0.2857142857142857
693628,FFF,2014J,0.15,0.0410958904109589
693635,BBB,2014J,0.0,0.0
693640,EEE,2014J,0.35,0.175
693682,BBB,2014J,0.25,0.1
693692,BBB,2014J,0.0,0.0
693747,CCC,2014J,0.15,0.06818181818181818
693752,BBB,2014J,0.0,0.0
693763,GGG,2014J,0.3,0.24
693764,FFF,2014J,0.25,0.1111111111111111
693788,GGG,2014J,0.3,0.24
693793,BBB,2014J,0.0,0.0
693806,FFF,2014J,0.05,0.01282051282051282
693843,GGG,2014J,0.45,0.375
693871,BBB,2014J,0.0,0.0
693873,FFF,2014J,0.05,0.029411764705882353
693902,DDD,2014J,0.1,0.031746031746031744
693903,FFF,2014J,0.1,0.03125
693907,FFF,2014J,0.3,0.07692307692307693
693910,EEE,2014J,0.05,0.07142857142857142
693938,CCC,2014J,0.25,0.15151515151515152
693959,EEE,2014J,0.25,0.29411764705882354
694006,DDD,2014J,0.0,0.0
694009,GGG,2014J,0.35,0.2692307692307692
694010,DDD,2014J,0.15,0.046153846153846156
694019,DDD,2014J,0.0,0.0
694070,GGG,2014J,0.1,0.1111111111111111
694078,BBB,2014J,0.05,0.022727272727272728
694082,GGG,2014J,0.25,0.2
694103,CCC,2014J,0.25,0.078125
694128,FFF,2014J,0.2,0.07017543859649122
694132,EEE,2014J,0.2,0.23529411764705882
694144,FFF,2014J,0.4,0.05063291139240506
694152,EEE,2014J,0.25,0.21739130434782608
694155,BBB,2014J,0.0,0.0
694190,BBB,2014J,0.0,0.0
694212,CCC,2014J,0.1,0.5
694218,EEE,2014J,0.3,0.2727272727272727
694221,FFF,2014J,0.1,0.058823529411764705
694246,EEE,2014J,0.1,0.1
694284,FFF,2014J,0.0,0.0
694292,GGG,2014J,0.25,0.29411764705882354
694304,EEE,2014J,0.05,0.5
694338,BBB,2014J,0.0,0.0
694341,BBB,2014J,0.2,0.08
694342,BBB,2014J,0.15,0.075
694349,BBB,2014J,0.15,0.13636363636363635
694359,GGG,2014J,0.35,0.30434782608695654
694361,EEE,2014J,0.0,0.0
694362,CCC,2014J,0.1,0.10526315789473684
694384,DDD,2014J,0.05,0.1
694416,GGG,2014J,0.0,0.0
694428,FFF,2014J,0.2,0.06451612903225806
694456,FFF,2014J,0.05,0.045454545454545456
694457,EEE,2014J,0.2,0.26666666666666666
694470,GGG,2014J,0.35,0.22580645161290322
694472,CCC,2014J,0.0,0.0
694473,BBB,2014J,0.2,0.09090909090909091
694476,BBB,2014J,0.0,0.0
694490,BBB,2014J,0.0,0.0
694510,CCC,2014J,0.15,0.21428571428571427
694523,CCC,2014J,0.1,0.125
694526,BBB,2014J,0.0,0.0
694561,BBB,2014J,0.2,0.125
694563,CCC,2014J,0.1,0.11764705882352941
694571,EEE,2014J,0.3,0.24
694576,BBB,2014J,0.15,0.09090909090909091
694579,CCC,2014J,0.0,0.0
694579,EEE,2014J,0.1,0.08
694589,EEE,2014J,0.1,0.1
694616,BBB,2014J,0.1,0.13333333333333333
694622,FFF,2014J,0.2,0.07692307692307693
694634,DDD,2014J,0.0,0.0
694673,DDD,2014J,0.0,0.0
694677,DDD,2014J,0.05,0.05555555555555555
694680,CCC,2014J,0.2,0.07547169811320754
694680,EEE,2014J,0.15,0.15
694684,EEE,2014J,0.0,0.0
694698,DDD,2014J,0.4,0.1038961038961039
694706,BBB,2014J,0.05,0.3333333333333333
694716,FFF,2014J,0.3,0.07792207792207792
694723,GGG,2014J,0.25,0.18518518518518517
694726,CCC,2014J,0.1,0.09090909090909091
694729,GGG,2014J,0.4,0.3076923076923077
694779,EEE,2014J,0.35,0.23333333333333334
694782,GGG,2014J,0.35,0.3181818181818182
694792,BBB,2014J,0.0,0.0
694807,CCC,2014J,0.0,0.0
694823,BBB,2014J,0.05,0.034482758620689655
694827,FFF,2014J,0.05,0.024390243902439025
694836,FFF,2014J,0.05,0.02702702702702703
694848,FFF,2014J,0.2,0.06349206349206349
694854,EEE,2014J,0.15,0.17647058823529413
694857,BBB,2014J,0.0,0.0
694860,CCC,2014J,0.2,0.10526315789473684
694871,CCC,2014J,0.0,0.0
694871,DDD,2014J,0.1,0.05128205128205128
694872,DDD,2014J,0.2,0.05405405405405406
694974,BBB,2014J,0.1,0.4
694976,DDD,2014J,0.05,0.02
694981,BBB,2014J,0.0,0.0
694983,BBB,2014J,0.2,0.0975609756097561
695001,BBB,2014J,0.25,0.1388888888888889
695014,BBB,2014J,0.15,0.06666666666666667
695021,BBB,2014J,0.15,0.10714285714285714
695027,BBB,2014J,0.35,0.175
695031,BBB,2014J,0.05,0.05263157894736842
695044,BBB,2014J,0.15,0.0967741935483871
695047,BBB,2014J,0.1,0.06060606060606061
695054,BBB,2014J,0.05,0.030303030303030304
695070,BBB,2014J,0.0,0.0
695075,BBB,2014J,0.0,0.0
695084,BBB,2014J,0.3,0.23076923076923078
695090,FFF,2014J,0.1,0.04081632653061224
695122,EEE,2014J,0.1,0.07407407407407407
695144,BBB,2014J,0.05,0.06666666666666667
695148,BBB,2014J,0.15,0.09375
695169,FFF,2014J,0.2,0.06451612903225806
695183,DDD,2014J,0.0,0.0
695201,DDD,2014J,0.05,0.03571428571428571
695205,BBB,2014J,0.3,0.09836065573770492
695232,CCC,2014J,0.1,0.16666666666666666
695235,BBB,2014J,0.05,0.02702702702702703
695247,BBB,2014J,0.3,0.1016949152542373
695251,FFF,2014J,0.0,0.0
695256,BBB,2014J,0.0,0.0
695259,BBB,2014J,0.15,0.125
695270,CCC,2014J,0.05,0.03125
695270,DDD,2014J,0.1,0.0625
695278,BBB,2014J,0.1,0.07142857142857142
695298,BBB,2014J,0.0,0.0
695354,CCC,2014J,0.2,0.12903225806451613
695369,FFF,2014J,0.05,0.16666666666666666
695405,BBB,2014J,0.1,0.14285714285714285
695432,DDD,2014J,0.05,0.041666666666666664
695434,BBB,2014J,0.05,0.030303030303030304
695435,EEE,2014J,0.35,0.2916666666666667
695461,BBB,2014J,0.1,0.2
695471,FFF,2014J,0.1,0.038461538461538464
695475,BBB,2014J,0.25,0.08771929824561403
695484,BBB,2014J,0.05,0.05
695485,FFF,2014J,0.05,0.02040816326530612
695503,DDD,2014J,0.2,0.14285714285714285
695509,GGG,2014J,0.05,0.14285714285714285
695510,BBB,2014J,0.25,0.125
695518,CCC,2014J,0.0,0.0
695535,BBB,2014J,0.1,0.0625
695550,FFF,2014J,0.0,0.0
695613,BBB,2014J,0.05,0.07142857142857142
695631,BBB,2014J,0.0,0.0
695637,FFF,2014J,0.25,0.078125
695638,EEE,2014J,0.05,1.0
695643,CCC,2014J,0.0,0.0
695643,DDD,2014J,0.0,0.0
695644,EEE,2014J,0.4,0.23529411764705882
695651,DDD,2014J,0.25,0.078125
695653,CCC,2014J,0.0,0.0
695653,EEE,2014J,0.05,0.125
695654,BBB,2014J,0.15,0.15
695655,GGG,2014J,0.45,0.28125
695668,EEE,2014J,0.2,0.25
695673,CCC,2014J,0.05,0.16666666666666666
695700,FFF,2014J,0.05,0.125
695729,FFF,2014J,0.4,0.050314465408805034
695732,CCC,2014J,0.45,0.14285714285714285
695735,DDD,2014J,0.0,0.0
695739,DDD,2014J,0.1,0.04878048780487805
695759,DDD,2014J,0.2,0.09523809523809523
695803,FFF,2014J,0.15,0.04918032786885246
695825,FFF,2014J,0.05,0.05555555555555555
695855,EEE,2014J,0.25,0.18518518518518517
695869,FFF,2014J,0.25,0.054945054945054944
695913,GGG,2014J,0.05,0.047619047619047616
695916,DDD,2014J,0.3,0.10526315789473684
695919,EEE,2014J,0.25,0.2631578947368421
695926,FFF,2014J,0.05,1.0
695932,EEE,2014J,0.25,0.3333333333333333
695944,EEE,2014J,0.15,0.2727272727272727
695946,CCC,2014J,0.1,0.05405405405405406
695951,GGG,2014J,0.25,0.3125
695972,BBB,2014J,0.15,0.1
696007,BBB,2014J,0.0,0.0
696039,FFF,2014J,0.1,0.046511627906976744
696043,FFF,2014J,0.3,0.08823529411764706
696072,DDD,2014J,0.0,0.0
696073,AAA,2014J,0.0,0.0
696082,FFF,2014J,0.1,0.02857142857142857
696128,EEE,2014J,0.3,0.3157894736842105
696132,DDD,2014J,0.15,0.046875
696152,BBB,2014J,0.15,0.06818181818181818
696157,GGG,2014J,0.3,0.23076923076923078
696188,FFF,2014J,0.1,0.029411764705882353
696192,EEE,2014J,0.2,0.14814814814814814
696203,BBB,2014J,0.05,0.04
696271,CCC,2014J,0.2,0.08695652173913043
696275,FFF,2014J,0.3,0.06666666666666667
696301,BBB,2014J,0.0,0.0
696316,BBB,2014J,0.05,0.3333333333333333
696318,FFF,2014J,0.0,0.0
696324,CCC,2014J,0.0,0.0
696324,DDD,2014J,0.0,0.0
696325,EEE,2014J,0.1,0.5
696329,FFF,2014J,0.1,0.029411764705882353
696347,FFF,2014J,0.3,0.08823529411764706
696357,CCC,2014J,0.2,0.10810810810810811
696361,EEE,2014J,0.3,0.18181818181818182
696364,FFF,2014J,0.1,0.058823529411764705
696415,DDD,2014J,0.1,0.03636363636363636
696440,BBB,2014J,0.1,0.15384615384615385
696469,CCC,2014J,0.05,0.05
696485,EEE,2014J,0.3,0.24
696501,CCC,2014J,0.0,0.0
696514,GGG,2014J,0.15,0.15789473684210525
696515,CCC,2014J,0.1,0.08695652173913043
696577,EEE,2014J,0.2,0.18181818181818182
696578,AAA,2014J,0.0,0.0
696583,FFF,2014J,0.1,0.04081632653061224
696616,BBB,2014J,0.0,0.0
696653,FFF,2014J,0.0,0.0
696659,FFF,2014J,0.0,0.0
696662,FFF,2014J,0.15,0.03260869565217391
696666,FFF,2014J,0.2,0.125
696671,FFF,2014J,0.1,0.04878048780487805
696672,FFF,2014J,0.1,0.05555555555555555
696674,FFF,2014J,0.15,0.06818181818181818
696678,FFF,2014J,0.35,0.07368421052631578
696684,BBB,2014J,0.1,0.06896551724137931
696696,CCC,2014J,0.15,0.09375
696706,GGG,2014J,0.4,0.3076923076923077
696712,GGG,2014J,0.15,0.3333333333333333
696713,GGG,2014J,0.3,0.23076923076923078
696724,BBB,2014J,0.2,0.10526315789473684
696729,FFF,2014J,0.05,0.01694915254237288
696789,DDD,2014J,0.35,0.12280701754385964
696799,BBB,2014J,0.0,0.0
696803,BBB,2014J,0.15,0.16666666666666666
696804,BBB,2014J,0.1,0.07142857142857142
696826,DDD,2014J,0.15,0.2
696833,CCC,2014J,0.3,0.14285714285714285
696844,BBB,2014J,0.1,0.09523809523809523
696850,BBB,2014J,0.05,0.037037037037037035
696869,CCC,2014J,0.15,0.07692307692307693
696876,GGG,2014J,0.5,0.35714285714285715
697027,FFF,2014J,0.1,0.09090909090909091
697041,EEE,2014J,0.3,0.2608695652173913
697045,DDD,2014J,0.2,0.15384615384615385
697101,DDD,2014J,0.0,0.0
697113,EEE,2014J,0.15,0.15789473684210525
697114,FFF,2014J,0.1,0.0392156862745098
697253,CCC,2014J,0.05,0.045454545454545456
697253,EEE,2014J,0.2,0.17391304347826086
697255,FFF,2014J,0.1,0.03508771929824561
697314,GGG,2014J,0.65,0.3333333333333333
697325,GGG,2014J,0.3,0.23076923076923078
697328,GGG,2014J,0.25,0.25
697345,BBB,2014J,0.2,0.19047619047619047
697417,BBB,2014J,0.05,0.022727272727272728
697428,BBB,2014J,0.05,0.125
697433,DDD,2014J,0.05,0.3333333333333333
697438,FFF,2014J,0.1,0.08695652173913043
697461,EEE,2014J,0.25,0.2
697474,DDD,2014J,0.05,0.043478260869565216
697478,FFF,2014J,0.25,0.11627906976744186
697482,EEE,2014J,0.0,0.0
697492,GGG,2014J,0.1,0.3333333333333333
697561,BBB,2014J,0.15,0.11538461538461539
697562,BBB,2014J,0.05,0.05555555555555555
697567,CCC,2014J,0.6,0.1791044776119403
697574,BBB,2014J,0.35,0.0958904109589041
697578,BBB,2014J,0.15,0.061224489795918366
697649,BBB,2014J,0.05,0.022222222222222223
697653,BBB,2014J,0.2,0.13333333333333333
697658,EEE,2014J,0.1,0.09090909090909091
697674,DDD,2014J,0.15,0.039473684210526314
697705,DDD,2014J,0.0,0.0
697754,BBB,2014J,0.0,0.0
697781,EEE,2014J,0.2,0.26666666666666666
697857,BBB,2014J,0.05,0.02564102564102564
697878,FFF,2014J,0.15,0.04838709677419355
697909,BBB,2014J,0.0,0.0
697948,DDD,2014J,0.0,0.0
697959,BBB,2014J,0.1,0.10526315789473684
697960,BBB,2014J,0.05,0.058823529411764705
697964,BBB,2014J,0.1,0.05714285714285714
697998,CCC,2014J,0.0,0.0
697998,FFF,2014J,0.05,0.017857142857142856
698002,CCC,2014J,0.5,0.18518518518518517
698010,BBB,2014J,0.2,0.23529411764705882
698011,EEE,2014J,0.3,0.2222222222222222
698015,FFF,2014J,0.05,0.018518518518518517
698016,DDD,2014J,0.05,0.07142857142857142
698024,CCC,2014J,0.05,0.3333333333333333
698024,EEE,2014J,0.05,0.3333333333333333
698092,EEE,2014J,0.05,0.16666666666666666
698163,GGG,2014J,0.15,0.15
698170,BBB,2014J,0.1,0.05555555555555555
698180,BBB,2014J,0.1,0.06451612903225806
698198,BBB,2014J,0.25,0.1282051282051282
698199,BBB,2014J,0.05,0.05
698201,BBB,2014J,0.1,0.05
698203,BBB,2014J,0.0,0.0
698204,BBB,2014J,0.0,0.0
698206,BBB,2014J,0.05,0.07692307692307693
698207,BBB,2014J,0.1,0.037037037037037035
698208,BBB,2014J,0.05,0.3333333333333333
698256,BBB,2014J,0.15,0.07692307692307693
698299,CCC,2014J,0.15,0.05660377358490566
698300,EEE,2014J,0.25,0.1724137931034483
698345,BBB,2014J,0.1,0.05128205128205128
698347,DDD,2014J,0.05,0.038461538461538464
698355,CCC,2014J,0.25,0.09259259259259259
698355,EEE,2014J,0.15,0.10714285714285714
698357,BBB,2014J,0.0,0.0
698359,CCC,2014J,0.1,0.06060606060606061
698362,BBB,2014J,0.0,0.0
698369,BBB,2014J,0.05,0.025
698384,FFF,2014J,0.15,0.046875
698407,FFF,2014J,0.0,0.0
698413,EEE,2014J,0.2,0.15384615384615385
698417,EEE,2014J,0.3,0.2727272727272727
698420,BBB,2014J,0.05,0.021739130434782608
698432,BBB,2014J,0.0,0.0
698460,GGG,2014J,0.35,0.25
698463,BBB,2014J,0.0,0.0
698471,BBB,2014J,0.2,0.09090909090909091
698485,FFF,2014J,0.15,0.057692307692307696
698494,BBB,2014J,0.05,0.043478260869565216
698507,BBB,2014J,0.15,0.06382978723404255
698509,BBB,2014J,0.1,0.047619047619047616
698548,GGG,2014J,0.4,0.42105263157894735
698598,CCC,2014J,0.0,0.0
698598,EEE,2014J,0.0,0.0
698656,FFF,2014J,0.25,0.07936507936507936
699007,BBB,2014J,0.3,0.11764705882352941
699126,FFF,2014J,0.2,0.08888888888888889
699127,FFF,2014J,0.15,0.07692307692307693
699128,FFF,2014J,0.15,0.07317073170731707
699134,EEE,2014J,0.5,0.2564102564102564
699135,EEE,2014J,0.05,0.1111111111111111
699136,EEE,2014J,0.0,0.0
699142,EEE,2014J,0.05,0.3333333333333333
699153,BBB,2014J,0.05,0.14285714285714285
699170,EEE,2014J,0.3,0.3333333333333333
699417,DDD,2014J,0.0,0.0
699435,BBB,2014J,0.1,0.058823529411764705
699436,BBB,2014J,0.0,0.0
699437,BBB,2014J,0.15,0.125
699440,EEE,2014J,0.15,0.13043478260869565
699461,GGG,2014J,0.25,0.21739130434782608
699488,BBB,2014J,0.15,0.09375
699498,BBB,2014J,0.4,0.14035087719298245
699503,BBB,2014J,0.15,0.10714285714285714
699628,GGG,2014J,0.1,0.13333333333333333
699651,BBB,2014J,0.05,0.03125
699656,BBB,2014J,0.25,0.09803921568627451
700079,BBB,2014J,0.05,0.043478260869565216
700086,BBB,2014J,0.05,0.03225806451612903
700441,BBB,2014J,0.05,0.02127659574468085
700458,BBB,2014J,0.1,0.16666666666666666
700815,BBB,2014J,0.05,0.09090909090909091
700820,BBB,2014J,0.2,0.13333333333333333
704156,AAA,2013J,0.1,0.06060606060606061
705379,AAA,2013J,0.1,0.03773584905660377
749412,AAA,2013J,0.0,0.0
760729,AAA,2013J,0.0,0.0
879295,DDD,2014B,0.0,0.0
895524,FFF,2014J,0.35,0.07526881720430108
898594,FFF,2013J,0.15,0.024193548387096774
905042,AAA,2013J,0.1,0.06060606060606061
907261,DDD,2013B,0.2,0.06349206349206349
909056,DDD,2014B,0.2,0.06779661016949153
917586,CCC,2014B,0.0,0.0
925553,CCC,2014B,0.0,0.0
928248,FFF,2013B,0.15,0.046153846153846156
941282,CCC,2014J,0.4,0.10256410256410256
943374,CCC,2014J,0.25,0.13513513513513514
943374,EEE,2013J,0.15,0.08823529411764706
949548,CCC,2014B,0.25,0.11363636363636363
949618,AAA,2013J,0.0,0.0
957467,DDD,2013B,0.1,0.046511627906976744
958987,AAA,2013J,0.1,0.0625
963176,DDD,2014B,0.0,0.0
965763,EEE,2013J,0.1,0.09090909090909091
968578,AAA,2013J,0.25,0.15625
969076,AAA,2013J,0.05,0.05
971027,AAA,2013J,0.0,0.0
973364,FFF,2013J,0.0,0.0
973526,CCC,2014J,0.05,0.5
978739,AAA,2013J,0.1,0.04878048780487805
983970,DDD,2013J,0.0,0.0
984347,FFF,2013J,0.05,0.014925373134328358
984619,CCC,2014B,0.45,0.16071428571428573
985062,FFF,2013J,0.3,0.058823529411764705
986561,CCC,2014J,0.15,0.08823529411764706
988019,FFF,2013B,0.05,0.023255813953488372
988019,FFF,2013J,0.05,0.014492753623188406
990155,FFF,2013J,0.15,0.045454545454545456
991843,EEE,2013J,0.3,0.2
992544,CCC,2014B,0.0,0.0
996047,EEE,2014B,0.4,0.34782608695652173
998493,AAA,2014J,0.3,0.17647058823529413
999174,FFF,2013B,0.3,0.05042016806722689
1008675,BBB,2013B,0.05,0.03225806451612903
1021350,FFF,2014J,0.2,0.13333333333333333
1023623,CCC,2014J,0.05,0.03225806451612903
1031884,CCC,2014J,0.05,0.024390243902439025
1031884,DDD,2014B,0.25,0.078125
1034674,FFF,2013B,0.25,0.04
1035023,AAA,2013J,0.15,0.07894736842105263
1038161,CCC,2014B,0.05,0.05263157894736842
1042726,FFF,2014J,0.05,0.04
1044992,DDD,2013B,0.15,0.06976744186046512
1045203,AAA,2014J,0.25,0.2777777777777778
1049036,DDD,2014B,0.05,0.021739130434782608
1053702,EEE,2013J,0.2,0.14285714285714285
1054876,FFF,2013B,0.0,0.0
1057883,CCC,2014B,0.2,0.15384615384615385
1064492,FFF,2013J,0.0,0.0
1065824,FFF,2013J,0.05,0.02
1068316,CCC,2014J,0.05,0.03571428571428571
1068316,DDD,2013B,0.1,0.04878048780487805
1072259,FFF,2014B,0.1,0.0625
1073766,CCC,2014B,0.15,0.05
1073766,EEE,2013J,0.05,0.03571428571428571
1073767,FFF,2013B,0.4,0.07766990291262135
1076015,CCC,2014J,0.1,0.1
1078701,CCC,2014J,0.05,0.02564102564102564
1078701,DDD,2014J,0.0,0.0
1080206,DDD,2013J,0.2,0.07547169811320754
1082062,DDD,2014J,0.15,0.07692307692307693
1087710,CCC,2014B,0.15,0.42857142857142855
1090738,FFF,2013B,0.1,0.05
1091274,CCC,2014J,0.25,0.10869565217391304
1095916,CCC,2014B,0.0,0.0
1095916,DDD,2013B,0.0,0.0
1097354,FFF,2013B,0.35,0.06481481481481481
1098728,BBB,2013B,0.0,0.0
1100143,FFF,2013J,0.2,0.02877697841726619
1100639,CCC,2014B,0.3,0.17142857142857143
1101190,CCC,2014J,0.2,0.10256410256410256
1103608,DDD,2013J,0.25,0.09615384615384616
1105438,BBB,2013J,0.0,0.0
1105478,AAA,2013J,0.0,0.0
1105628,DDD,2013B,0.05,0.07142857142857142
1112555,AAA,2014J,0.45,0.1956521739130435
1115623,CCC,2014B,0.2,0.08695652173913043
1118284,FFF,2013B,0.25,0.0423728813559322
1118432,BBB,2014J,0.05,0.03225806451612903
1127413,BBB,2014B,0.0,0.0
1170618,BBB,2013J,0.3,0.15789473684210525
1173473,DDD,2014J,0.35,0.08974358974358974
1183831,AAA,2014J,0.3,0.20689655172413793
1187586,CCC,2014B,0.15,0.075
1187586,DDD,2013J,0.15,0.039473684210526314
1268696,AAA,2014J,0.0,0.0
1268772,CCC,2014B,0.05,0.05
1268772,EEE,2014B,0.15,0.1111111111111111
1270832,CCC,2014B,0.2,0.125
1282596,DDD,2013J,0.15,0.057692307692307696
1301103,CCC,2014J,0.1,0.06896551724137931
1311171,CCC,2014B,0.1,0.03389830508474576
1311171,DDD,2013B,0.15,0.03614457831325301
1318759,FFF,2014J,0.15,0.04918032786885246
1319732,GGG,2013J,0.2,0.16666666666666666
1319999,FFF,2013J,0.3,0.06593406593406594
1332356,CCC,2014J,0.1,0.04
1332356,DDD,2014B,0.0,0.0
1332514,CCC,2014J,0.05,0.25
1332999,BBB,2014B,0.05,0.06666666666666667
1334225,EEE,2014J,0.35,0.2
1336190,AAA,2014J,0.1,0.13333333333333333
1337055,FFF,2013B,0.35,0.07692307692307693
1340760,CCC,2014J,0.1,0.09090909090909091
1340760,FFF,2014B,0.05,0.01639344262295082
1340766,BBB,2013J,0.05,0.041666666666666664
1341096,GGG,2013J,0.0,0.0
1341507,BBB,2014B,0.05,0.07142857142857142
1345808,CCC,2014J,0.0,0.0
1345808,DDD,2013J,0.1,0.02564102564102564
1347198,FFF,2013B,0.1,0.023809523809523808
1347253,GGG,2013J,0.1,0.08333333333333333
1347447,DDD,2013B,0.1,0.041666666666666664
1348205,FFF,2014J,0.3,0.05405405405405406
1351739,DDD,2013B,0.3,0.0759493670886076
1352733,CCC,2014J,0.15,0.061224489795918366
1352868,AAA,2013J,0.0,0.0
1352868,AAA,2014J,0.1,0.07692307692307693
1354095,EEE,2014J,0.25,0.17857142857142858
1355699,DDD,2013J,0.1,0.058823529411764705
1359554,FFF,2013J,0.1,0.04878048780487805
1360878,DDD,2014J,0.0,0.0
1360953,CCC,2014J,0.2,0.12903225806451613
1375851,DDD,2013J,0.15,0.03333333333333333
1380308,DDD,2014J,0.05,0.045454545454545456
1382719,DDD,2014J,0.1,0.04
1390051,FFF,2013J,0.0,0.0
1391717,FFF,2014J,0.15,0.06382978723404255
1392016,DDD,2013B,0.0,0.0
1393589,BBB,2014B,0.1,0.09090909090909091
1397617,FFF,2013J,0.05,0.012987012987012988
1397662,FFF,2013B,0.25,0.03787878787878788
1398489,FFF,2014B,0.15,0.05454545454545454
1398979,AAA,2014J,0.35,0.22580645161290322
1399285,BBB,2013J,0.1,0.08695652173913043
1401935,AAA,2013J,0.0,0.0
1402638,AAA,2013J,0.1,0.06451612903225806
1405453,GGG,2014J,0.4,0.34782608695652173
1405594,BBB,2013J,0.0,0.0
1406920,BBB,2014B,0.1,0.25
1409532,FFF,2014J,0.15,0.11538461538461539
1410398,EEE,2014B,0.3,0.2608695652173913
1411627,BBB,2013J,0.0,0.0
1413027,GGG,2014B,0.15,0.15
1413902,FFF,2014J,0.05,0.01639344262295082
1414443,AAA,2013J,0.15,0.0967741935483871
1416784,CCC,2014B,0.15,0.12
1417707,FFF,2013J,0.25,0.04716981132075472
1420537,FFF,2013J,0.1,0.023809523809523808
1420575,GGG,2014J,0.2,0.17391304347826086
1421720,BBB,2013J,0.15,0.14285714285714285
1422737,GGG,2014B,0.15,0.12
1425806,FFF,2014B,0.2,0.038461538461538464
1429504,EEE,2014J,0.25,0.15625
1432518,BBB,2014J,0.3,0.35294117647058826
1436558,FFF,2013B,0.1,0.04
1436591,BBB,2013B,0.15,0.15789473684210525
1439723,CCC,2014J,0.0,0.0
1440072,FFF,2013B,0.2,0.08
1440341,BBB,2013J,0.35,0.10606060606060606
1440467,CCC,2014B,0.05,0.0196078431372549
1440467,DDD,2013J,0.1,0.03076923076923077
1442215,DDD,2014J,0.0,0.0
1442706,FFF,2013B,0.0,0.0
1442981,CCC,2014J,0.0,0.0
1442991,CCC,2014B,0.0,0.0
1442991,DDD,2013J,0.15,0.06521739130434782
1444134,DDD,2013B,0.3,0.08
1444520,FFF,2013B,0.4,0.07079646017699115
1446954,DDD,2013B,0.05,0.03333333333333333
1448966,FFF,2014J,0.25,0.07142857142857142
1449245,CCC,2014J,0.05,0.05263157894736842
1449692,DDD,2013J,0.2,0.07407407407407407
1450604,FFF,2014J,0.35,0.07216494845360824
1453140,BBB,2014J,0.05,0.2
1453691,BBB,2014B,0.0,0.0
1457691,EEE,2014B,0.35,0.3684210526315789
1461795,CCC,2014J,0.0,0.0
1464952,FFF,2013B,0.05,0.017543859649122806
1465407,FFF,2014B,0.15,0.046875
1465690,AAA,2013J,0.15,0.06666666666666667
1467014,BBB,2013J,0.15,0.047619047619047616
1470291,CCC,2014B,0.1,0.05714285714285714
1470291,DDD,2013B,0.15,0.06382978723404255
1470552,GGG,2013J,0.15,0.42857142857142855
1471214,AAA,2014J,0.2,0.11428571428571428
1472925,AAA,2013J,0.0,0.0
1472925,AAA,2014J,0.05,0.09090909090909091
1473878,FFF,2014J,0.1,0.03225806451612903
1474869,CCC,2014B,0.25,0.10416666666666667
1474903,CCC,2014J,0.2,0.0975609756097561
1477284,FFF,2014J,0.05,0.07142857142857142
1478030,CCC,2014J,0.05,0.1111111111111111
1478775,CCC,2014J,0.1,0.10526315789473684
1480800,BBB,2013B,0.05,0.045454545454545456
1482413,DDD,2014J,0.0,0.0
1482413,FFF,2013J,0.05,0.08333333333333333
1483632,CCC,2014J,0.15,0.13043478260869565
1483814,EEE,2014J,0.35,0.2916666666666667
1484804,AAA,2014J,0.1,0.07692307692307693
1485702,CCC,2014J,0.05,0.045454545454545456
1486048,BBB,2014J,0.05,0.125
1487084,EEE,2013J,0.15,0.11538461538461539
1488959,AAA,2013J,0.05,0.029411764705882353
1490624,CCC,2014J,0.05,0.041666666666666664
1490624,EEE,2014J,0.05,0.03225806451612903
1492571,FFF,2013J,0.5,0.06134969325153374
1493476,BBB,2013B,0.1,0.10526315789473684
1493739,CCC,2014B,0.25,0.14285714285714285
1494577,FFF,2013J,0.15,0.03614457831325301
1497480,DDD,2013J,0.0,0.0
1497822,EEE,2014J,0.2,0.17391304347826086
1498979,GGG,2013J,0.2,0.12903225806451613
1500410,FFF,2013B,0.15,0.05660377358490566
1500950,EEE,2014B,0.15,0.14285714285714285
1501577,CCC,2014J,0.25,0.1111111111111111
1501577,FFF,2014J,0.0,0.0
1501614,CCC,2014J,0.1,0.11764705882352941
1502193,BBB,2014B,0.1,0.13333333333333333
1503056,BBB,2013J,0.05,0.125
1504653,FFF,2013J,0.2,0.045454545454545456
1507503,DDD,2013J,0.0,0.0
1509881,DDD,2013J,0.35,0.10144927536231885
1510198,DDD,2013B,0.15,0.046875
1510285,FFF,2013B,0.2,0.05970149253731343
1511033,AAA,2014J,0.25,0.1724137931034483
1513001,FFF,2013J,0.05,0.015151515151515152
1515509,FFF,2013J,0.2,0.04040404040404041
1518989,AAA,2013J,0.0,0.0
1521540,BBB,2013B,0.2,0.10810810810810811
1522631,DDD,2013J,0.3,0.07058823529411765
1525567,BBB,2014B,0.2,0.3076923076923077
1526059,FFF,2014B,0.3,0.08333333333333333
1526210,DDD,2014J,0.15,0.09090909090909091
1526770,BBB,2014J,0.0,0.0
1529371,EEE,2013J,0.4,0.47058823529411764
1530521,DDD,2013J,0.1,0.03636363636363636
1531287,FFF,2013B,0.2,0.05405405405405406
1532711,FFF,2014J,0.1,0.15384615384615385
1532840,FFF,2013B,0.05,0.02564102564102564
1533277,BBB,2014J,0.0,0.0
1534494,CCC,2014B,0.0,0.0
1534560,FFF,2013B,0.05,0.014084507042253521
1534854,DDD,2013B,0.05,0.038461538461538464
1536122,BBB,2014J,0.1,0.058823529411764705
1536138,FFF,2013B,0.25,0.0684931506849315
1536591,BBB,2013B,0.0,0.0
1536774,BBB,2013J,0.15,0.08823529411764706
1537673,GGG,2013J,0.05,0.5
1540042,BBB,2014B,0.0,0.0
1541133,BBB,2013J,0.35,0.09090909090909091
1541472,FFF,2013J,0.05,0.023809523809523808
1541906,EEE,2013J,0.05,0.1
1547646,BBB,2014J,0.0,0.0
1548052,FFF,2014B,0.1,0.13333333333333333
1549107,DDD,2014B,0.2,0.05194805194805195
1552044,CCC,2014J,0.2,0.06896551724137931
1552044,DDD,2014B,0.05,0.015625
1554143,CCC,2014J,0.0,0.0
1554143,DDD,2014B,0.05,0.07142857142857142
1554143,FFF,2013B,0.0,0.0
1559428,BBB,2014B,0.0,0.0
1559964,FFF,2013J,0.25,0.036231884057971016
1560989,BBB,2014J,0.0,0.0
1561431,CCC,2014B,0.15,0.13043478260869565
1561750,CCC,2014J,0.1,0.18181818181818182
1561750,EEE,2013J,0.0,0.0
1563696,BBB,2014J,0.1,0.06060606060606061
1564630,CCC,2014J,0.05,0.05555555555555555
1564630,DDD,2013J,0.0,0.0
1564706,BBB,2014J,0.1,0.05405405405405406
1567505,EEE,2013J,0.05,0.05
1568828,CCC,2014B,0.2,0.12121212121212122
1569426,DDD,2013J,0.1,0.023255813953488372
1573624,EEE,2014B,0.2,0.2
1574398,BBB,2013B,0.05,0.041666666666666664
1576513,AAA,2014J,0.15,0.08108108108108109
1577134,DDD,2013B,0.25,0.08064516129032258
1578222,FFF,2014B,0.05,0.017241379310344827
1580084,DDD,2013J,0.0,0.0
1581243,DDD,2013J,0.15,0.06
1583847,CCC,2014J,0.1,0.5
1585671,FFF,2014J,0.15,0.022556390977443608
1587817,DDD,2013B,0.05,0.125
1588621,FFF,2014J,0.0,0.0
1589066,DDD,2014J,0.3,0.11538461538461539
1591864,DDD,2014B,0.05,0.016129032258064516
1591864,DDD,2014J,0.0,0.0
1592048,CCC,2014J,0.2,0.04878048780487805
1592048,DDD,2014B,0.1,0.021739130434782608
1593442,CCC,2014J,0.3,0.13953488372093023
1593730,DDD,2014J,0.45,0.10227272727272728
1594621,BBB,2013J,0.05,0.024390243902439025
1601739,DDD,2014J,0.0,0.0
1603549,FFF,2014J,0.35,0.07291666666666667
1609002,AAA,2014J,0.2,0.12903225806451613
1610188,DDD,2013J,0.0,0.0
1611842,DDD,2013B,0.05,0.019230769230769232
1611973,BBB,2014B,0.1,0.15384615384615385
1612600,DDD,2014B,0.1,0.028169014084507043
1614181,FFF,2013B,0.0,0.0
1615392,FFF,2014B,0.2,0.08
1618172,EEE,2014B,0.25,0.16129032258064516
1618738,AAA,2013J,0.05,0.0625
1620151,AAA,2013J,0.0,0.0
1621041,FFF,2013J,0.3,0.2727272727272727
1622020,DDD,2013B,0.45,0.06923076923076923
1623795,BBB,2014J,0.2,0.08163265306122448
1624025,DDD,2014B,0.0,0.0
1624025,DDD,2014J,0.05,0.01020408163265306
1624443,BBB,2014B,0.05,0.047619047619047616
1624707,BBB,2013J,0.05,0.05263157894736842
1625718,BBB,2014B,0.15,0.13043478260869565
1626021,BBB,2014B,0.15,0.10714285714285714
1626418,DDD,2013B,0.05,0.030303030303030304
1626710,AAA,2013J,0.15,0.06382978723404255
1627017,BBB,2013J,0.1,0.07692307692307693
1627052,FFF,2014B,0.2,0.04878048780487805
1629771,AAA,2014J,0.25,0.3333333333333333
1631797,FFF,2014J,0.3,0.09375
1632487,CCC,2014B,0.1,0.05405405405405406
1633695,BBB,2014B,0.1,0.25
1634278,CCC,2014J,0.0,0.0
1634278,FFF,2013J,0.15,0.01935483870967742
1636725,FFF,2013J,0.15,0.057692307692307696
1638119,DDD,2013B,0.45,0.1111111111111111
1638548,EEE,2013J,0.0,0.0
1639699,FFF,2014J,0.2,0.047058823529411764
1640609,AAA,2013J,0.05,0.023809523809523808
1640680,FFF,2014J,0.45,0.09473684210526316
1640773,DDD,2013B,0.1,0.046511627906976744
1641117,FFF,2014B,0.25,0.0847457627118644
1641344,FFF,2013J,0.25,0.03937007874015748
1644266,DDD,2013J,0.0,0.0
1644647,FFF,2013J,0.45,0.10344827586206896
1646172,CCC,2014J,0.05,0.047619047619047616
1651198,DDD,2013B,0.0,0.0
1656486,CCC,2014J,0.0,0.0
1656979,BBB,2014J,0.0,0.0
1658963,CCC,2014J,0.05,0.0625
1658963,FFF,2014J,0.05,0.018518518518518517
1659662,BBB,2013B,0.15,0.1
1661490,DDD,2014J,0.0,0.0
1661805,EEE,2014B,0.3,0.24
1664280,BBB,2014J,0.15,0.125
1664920,DDD,2013B,0.15,0.05555555555555555
1667087,DDD,2014J,0.25,0.07142857142857142
1667346,EEE,2013J,0.25,0.19230769230769232
1668372,DDD,2014B,0.05,0.05263157894736842
1668504,FFF,2013B,0.1,0.03333333333333333
1671022,CCC,2014J,0.25,0.2631578947368421
1671761,DDD,2014B,0.1,0.06451612903225806
1671811,CCC,2014B,0.0,0.0
1671811,DDD,2014B,0.0,0.0
1674799,CCC,2014J,0.35,0.09859154929577464
1674799,EEE,2014J,0.2,0.10526315789473684
1674804,GGG,2013J,0.1,0.07692307692307693
1677677,FFF,2014J,0.15,0.04285714285714286
1678401,BBB,2013B,0.1,0.09090909090909091
1678445,GGG,2013J,0.3,0.1875
1678800,CCC,2014B,0.15,0.06818181818181818
1678800,DDD,2013J,0.15,0.06
1679610,EEE,2014J,0.2,0.17391304347826086
1679727,DDD,2013J,0.05,0.03125
1679862,DDD,2013J,0.1,0.043478260869565216
1681946,CCC,2014J,0.05,0.125
1683803,FFF,2014B,0.45,0.046153846153846156
1684787,DDD,2013J,0.1,0.1111111111111111
1687996,DDD,2013J,0.0,0.0
1687996,DDD,2014J,0.15,0.05357142857142857
1689069,DDD,2013J,0.15,0.0297029702970297
1689081,GGG,2014J,0.2,0.23529411764705882
1689639,AAA,2014J,0.05,0.5
1689730,FFF,2013B,0.2,0.10526315789473684
1690836,DDD,2013B,0.3,0.06382978723404255
1691815,CCC,2014B,0.15,0.16666666666666666
1692156,CCC,2014J,0.4,0.17777777777777778
1694120,FFF,2013J,0.15,0.04054054054054054
1694780,CCC,2014B,0.0,0.0
1695710,BBB,2013J,0.25,0.10638297872340426
1696174,DDD,2013B,0.2,0.04878048780487805
1699264,GGG,2013J,0.05,0.04
1699445,FFF,2013B,0.1,0.03508771929824561
1700371,EEE,2014B,0.25,0.2631578947368421
1713615,DDD,2013J,0.05,0.020833333333333332
1715237,CCC,2014B,0.2,0.1
1715896,AAA,2014J,0.3,0.20689655172413793
1716492,DDD,2013J,0.2,0.07407407407407407
1719114,BBB,2014B,0.0,0.0
1719566,DDD,2013B,0.25,0.07246376811594203
1720448,GGG,2013J,0.25,0.16666666666666666
1720712,FFF,2013B,0.25,0.06756756756756757
1721270,AAA,2014J,0.2,0.18181818181818182
1721462,BBB,2013B,0.05,0.030303030303030304
1721891,DDD,2013J,0.05,0.03333333333333333
1722493,FFF,2014J,0.35,0.09210526315789473
1723019,DDD,2013J,0.0,0.0
1723564,DDD,2014J,0.3,0.12
1723749,BBB,2014J,0.05,0.04
1725109,EEE,2013J,0.25,0.17857142857142858
1726951,BBB,2013J,0.05,0.03125
1728437,BBB,2013B,0.2,0.10526315789473684
1729319,AAA,2013J,0.2,0.09302325581395349
1729833,GGG,2013J,0.0,0.0
1730702,BBB,2013B,0.0,0.0
1730702,BBB,2014B,0.0,0.0
1731564,BBB,2013J,0.05,0.06666666666666667
1732219,BBB,2014B,0.05,0.05
1732956,BBB,2014J,0.15,0.08108108108108109
1733023,BBB,2014J,0.15,0.06521739130434782
1733160,DDD,2014J,0.1,0.08333333333333333
1733664,FFF,2014J,0.15,0.15789473684210525
1734156,GGG,2014J,0.2,0.21052631578947367
1735651,DDD,2014B,0.05,0.022222222222222223
1735653,DDD,2014B,0.0,0.0
1738364,FFF,2014B,0.25,0.06944444444444445
1738582,CCC,2014J,0.35,0.19444444444444445
1739026,CCC,2014B,0.35,0.14893617021276595
1742834,FFF,2013B,0.2,0.04938271604938271
1744817,FFF,2014B,0.05,0.02
1746134,AAA,2013J,0.1,0.04878048780487805
1747824,DDD,2014J,0.15,0.07692307692307693
1747892,BBB,2013B,0.3,0.08955223880597014
1752098,CCC,2014J,0.1,0.14285714285714285
1752813,CCC,2014J,0.25,0.13513513513513514
1752834,BBB,2014J,0.1,0.047619047619047616
1752994,FFF,2014J,0.2,0.03418803418803419
1753235,DDD,2013J,0.0,0.0
1753458,CCC,2014B,0.15,0.06818181818181818
1753965,BBB,2013B,0.05,0.02564102564102564
1755594,FFF,2014J,0.1,0.03333333333333333
1756165,DDD,2013J,0.4,0.05673758865248227
1756915,GGG,2013J,0.25,0.15151515151515152
1757548,DDD,2014J,0.05,0.017857142857142856
1757561,BBB,2014J,0.1,0.2
1757662,FFF,2014B,0.4,0.10810810810810811
1757766,AAA,2014J,0.15,0.07894736842105263
1758449,AAA,2013J,0.0,0.0
1759799,FFF,2013J,0.15,0.02830188679245283
1759851,BBB,2014B,0.0,0.0
1761013,FFF,2013B,0.05,0.03571428571428571
1762336,EEE,2013J,0.0,0.0
1763186,DDD,2014B,0.05,0.034482758620689655
1763653,BBB,2014B,0.15,0.13043478260869565
1763786,EEE,2014B,0.35,0.28
1765788,AAA,2013J,0.05,0.023255813953488372
1766303,FFF,2013B,0.15,0.3333333333333333
1766513,DDD,2013J,0.15,0.05084745762711865
1768223,FFF,2014B,0.15,0.1
1769985,CCC,2014B,0.05,0.25
1770733,BBB,2013B,0.0,0.0
1771775,FFF,2014J,0.05,0.01818181818181818
1772429,FFF,2013B,0.1,0.037037037037037035
1773377,AAA,2014J,0.05,0.045454545454545456
1773925,CCC,2014J,0.0,0.0
1774071,CCC,2014B,0.3,0.17647058823529413
1774297,DDD,2014J,0.2,0.10256410256410256
1776925,BBB,2013B,0.0,0.0
1777223,DDD,2014B,0.0,0.0
1777511,DDD,2013J,0.15,0.031578947368421054
1777563,GGG,2014J,0.1,0.09090909090909091
1778145,BBB,2013J,0.2,0.14285714285714285
1780949,BBB,2014B,0.1,0.07407407407407407
1781834,CCC,2014B,0.05,0.016666666666666666
1781834,EEE,2013J,0.05,0.03333333333333333
1782236,GGG,2014J,0.25,0.15151515151515152
1784775,FFF,2013B,0.1,0.02666666666666667
1784816,BBB,2014J,0.1,0.09090909090909091
1786380,BBB,2014B,0.05,0.125
1788974,FFF,2013B,0.05,0.07142857142857142
1789199,BBB,2013B,0.15,0.04054054054054054
1789319,EEE,2014B,0.3,0.375
1796402,FFF,2014J,0.1,0.04081632653061224
1797068,EEE,2014J,0.35,0.2692307692307692
1797168,BBB,2013J,0.05,0.07142857142857142
1797614,BBB,2013B,0.1,0.07692307692307693
1799111,AAA,2014J,0.2,0.14814814814814814
1801229,AAA,2013J,0.1,0.045454545454545456
1801641,AAA,2013J,0.0,0.0
1804143,DDD,2014B,0.0,0.0
1804143,DDD,2014J,0.0,0.0
1808622,CCC,2014J,0.3,0.18181818181818182
1809578,FFF,2013B,0.2,0.05555555555555555
1810414,CCC,2014J,0.0,0.0
1810414,EEE,2014B,0.0,0.0
1810759,FFF,2014J,0.2,0.04597701149425287
1813493,BBB,2014J,0.15,0.1111111111111111
1813731,GGG,2013J,0.1,0.08
1816458,FFF,2014J,0.05,0.015384615384615385
1817515,CCC,2014J,0.3,0.20689655172413793
1817710,FFF,2014J,0.3,0.046511627906976744
1818385,FFF,2014J,0.1,0.02857142857142857
1818677,DDD,2013J,0.05,0.034482758620689655
1819994,DDD,2013J,0.0,0.0
1821249,FFF,2013B,0.0,0.0
1822731,DDD,2014J,0.15,0.06666666666666667
1826729,DDD,2014B,0.05,0.09090909090909091
1826819,CCC,2014J,0.05,0.03571428571428571
1827650,GGG,2014J,0.2,0.16
1828078,GGG,2013J,0.0,0.0
1828753,CCC,2014J,0.25,0.13157894736842105
1829654,BBB,2014B,0.0,0.0
1832218,BBB,2014J,0.05,0.02127659574468085
1832492,DDD,2014J,0.1,0.07142857142857142
1835389,BBB,2014J,0.0,0.0
1835411,DDD,2013J,0.05,0.013888888888888888
1836241,FFF,2014J,0.3,0.057692307692307696
1836988,FFF,2013B,0.05,1.0
1837138,FFF,2014J,0.2,0.04597701149425287
1839012,FFF,2013B,0.3,0.06666666666666667
1839181,EEE,2014B,0.25,0.16666666666666666
1840034,BBB,2014B,0.1,0.06451612903225806
1841267,CCC,2014B,0.0,0.0
1841267,CCC,2014J,0.0,0.0
1841303,GGG,2014J,0.0,0.0
1841850,EEE,2014J,0.0,0.0
1843026,DDD,2013B,0.1,0.04
1843123,BBB,2014J,0.1,0.05555555555555555
1843355,DDD,2013B,0.05,0.04
1843355,DDD,2014B,0.0,0.0
1844150,FFF,2013B,0.3,0.07692307692307693
1845093,DDD,2013B,0.0,0.0
1846751,FFF,2013B,0.1,0.02666666666666667
1847146,BBB,2013B,0.1,0.07692307692307693
1847481,DDD,2013J,0.05,0.02127659574468085
1847830,AAA,2013J,0.15,0.07894736842105263
1848820,CCC,2014B,0.05,0.5
1848820,CCC,2014J,0.0,0.0
1850818,EEE,2013J,0.0,0.0
1851108,CCC,2014J,0.05,0.030303030303030304
1852968,FFF,2013J,0.25,0.03759398496240601
1855583,CCC,2014B,0.0,0.0
1855583,DDD,2014J,0.05,0.02857142857142857
1856869,FFF,2014J,0.1,0.06896551724137931
1858523,BBB,2013B,0.05,0.3333333333333333
1859038,FFF,2013J,0.05,0.04
1860171,GGG,2014B,0.45,0.3103448275862069
1860318,AAA,2013J,0.05,0.02702702702702703
1861793,EEE,2013J,0.35,0.25
1861830,EEE,2014B,0.4,0.3076923076923077
1864086,FFF,2013J,0.1,0.03571428571428571
1864697,BBB,2014B,0.05,0.045454545454545456
1866233,FFF,2014J,0.15,0.0625
1866742,BBB,2014B,0.1,0.18181818181818182
1870830,FFF,2013B,0.1,0.0425531914893617
1871598,FFF,2014J,0.15,0.03333333333333333
1871684,FFF,2014J,0.05,0.03571428571428571
1873505,GGG,2013J,0.15,0.09090909090909091
1874160,CCC,2014J,0.0,0.0
1874160,DDD,2014B,0.15,0.057692307692307696
1874363,DDD,2013J,0.25,0.07692307692307693
1874403,FFF,2013B,0.1,0.10526315789473684
1874935,BBB,2014J,0.0,0.0
1875728,FFF,2014B,0.0,0.0
1876636,CCC,2014B,0.05,0.037037037037037035
1876636,FFF,2013J,0.1,0.020833333333333332
1877634,BBB,2014B,0.0,0.0
1877902,FFF,2014J,0.25,0.07692307692307693
1878648,EEE,2014J,0.15,0.11538461538461539
1878918,FFF,2013B,0.15,0.02586206896551724
1879321,FFF,2014J,0.25,0.05434782608695652
1879751,DDD,2014J,0.2,0.07547169811320754
1881062,DDD,2014J,0.1,0.04081632653061224
1881231,FFF,2014J,0.1,0.029850746268656716
1882021,GGG,2014B,0.45,0.28125
1882255,FFF,2013B,0.15,0.047619047619047616
1884024,FFF,2014B,0.0,0.0
1886295,BBB,2013J,0.0,0.0
1887108,FFF,2014J,0.25,0.0423728813559322
1887928,DDD,2013J,0.25,0.06329113924050633
1888343,CCC,2014B,0.35,0.13725490196078433
1889511,AAA,2013J,0.1,0.047619047619047616
1889565,BBB,2013J,0.1,0.07142857142857142
1889577,AAA,2013J,0.2,0.14814814814814814
1889752,FFF,2014J,0.05,0.015873015873015872
1891028,BBB,2014J,0.0,0.0
1891323,CCC,2014B,0.0,0.0
1894188,AAA,2013J,0.1,0.06060606060606061
1894419,CCC,2014B,0.0,0.0
1894419,EEE,2014B,0.15,0.15789473684210525
1894634,DDD,2013J,0.1,0.02564102564102564
1895288,EEE,2014J,0.35,0.28
1896088,EEE,2013J,0.05,0.25
1896915,FFF,2013B,0.05,0.08333333333333333
1897054,CCC,2014J,0.3,0.09090909090909091
1897611,GGG,2014B,0.2,0.17391304347826086
1901764,DDD,2014J,0.15,0.0189873417721519
1902240,CCC,2014J,0.15,0.06382978723404255
1902240,EEE,2013J,0.05,0.038461538461538464
1903095,BBB,2014J,0.1,0.046511627906976744
1903131,DDD,2014B,0.0,0.0
1903477,DDD,2013J,0.05,0.02631578947368421
1903527,BBB,2013B,0.0,0.0
1903677,BBB,2013J,0.0,0.0
1904916,FFF,2013B,0.1,0.06451612903225806
1905259,FFF,2013B,0.1,0.023529411764705882
1906003,CCC,2014J,0.25,0.1
1906919,CCC,2014B,0.1,0.07142857142857142
1906919,DDD,2013B,0.1,0.045454545454545456
1907755,FFF,2013B,0.2,0.036036036036036036
1910049,FFF,2013J,0.05,0.014705882352941176
1910175,BBB,2013J,0.1,0.0625
1910737,EEE,2014J,0.1,0.09523809523809523
1911513,CCC,2014B,0.2,0.17391304347826086
1912438,BBB,2013B,0.05,0.034482758620689655
1913166,FFF,2013J,0.2,0.05063291139240506
1913435,FFF,2013B,0.05,0.02857142857142857
1913872,DDD,2013B,0.0,0.0
1913872,DDD,2013J,0.05,0.02127659574468085
1915408,EEE,2013J,0.05,0.041666666666666664
1915795,GGG,2014J,0.05,0.037037037037037035
1915824,CCC,2014J,0.15,0.04918032786885246
1916140,DDD,2014B,0.15,0.05
1917311,DDD,2014J,0.05,0.030303030303030304
1917335,FFF,2013J,0.1,0.020618556701030927
1917796,FFF,2013B,0.15,0.061224489795918366
1919240,FFF,2014B,0.15,0.038461538461538464
1919940,FFF,2013B,0.1,0.02666666666666667
1922200,CCC,2014B,0.0,0.0
1923618,BBB,2013B,0.05,0.05
1924641,CCC,2014B,0.15,0.1875
1924641,EEE,2013J,0.15,0.08571428571428572
1925789,DDD,2014J,0.15,0.1
1926542,BBB,2014J,0.0,0.0
1926668,AAA,2014J,0.25,0.19230769230769232
1928947,FFF,2014B,0.35,0.1
1930019,GGG,2013J,0.25,0.1282051282051282
1930146,CCC,2014B,0.15,0.07142857142857142
1930367,BBB,2013B,0.0,0.0
1930644,CCC,2014B,0.0,0.0
1930644,EEE,2013J,0.0,0.0
1930949,FFF,2013B,0.0,0.0
1931810,GGG,2014J,0.05,0.14285714285714285
1932474,BBB,2014B,0.2,0.11764705882352941
1933534,FFF,2014B,0.05,0.05555555555555555
1934810,FFF,2013B,0.1,0.0392156862745098
1935155,DDD,2014J,0.05,0.015151515151515152
1935487,BBB,2013J,0.0,0.0
1935735,FFF,2013J,0.35,0.06796116504854369
1935774,DDD,2014J,0.05,0.16666666666666666
1936285,CCC,2014J,0.55,0.1896551724137931
1936679,FFF,2013B,0.15,0.043478260869565216
1937822,BBB,2014J,0.05,0.02631578947368421
1937864,BBB,2013B,0.0,0.0
1938355,AAA,2013J,0.1,0.044444444444444446
1939179,DDD,2014B,0.3,0.07142857142857142
1939193,FFF,2014B,0.1,0.038461538461538464
1939695,BBB,2013J,0.25,0.08928571428571429
1941248,BBB,2013J,0.15,0.09375
1942396,AAA,2013J,0.0,0.0
1942491,CCC,2014J,0.15,0.0967741935483871
1942870,CCC,2014J,0.4,0.17777777777777778
1942999,CCC,2014B,0.1,0.3333333333333333
1943214,EEE,2014J,0.0,0.0
1944130,DDD,2013B,0.2,0.07017543859649122
1944167,FFF,2014J,0.0,0.0
1945240,CCC,2014B,0.0,0.0
1945240,CCC,2014J,0.05,0.07692307692307693
1945240,DDD,2013B,0.05,0.0125
1945434,DDD,2014B,0.05,0.018867924528301886
1945945,FFF,2013J,0.2,0.04597701149425287
1946308,BBB,2013J,0.1,0.08
1947156,AAA,2014J,0.15,0.15789473684210525
1947911,CCC,2014B,0.15,0.10714285714285714
1948159,FFF,2013J,0.45,0.07964601769911504
1948159,FFF,2014J,0.1,0.027777777777777776
1949484,FFF,2013J,0.0,0.0
1950911,GGG,2014J,0.5,0.2857142857142857
1950923,FFF,2013J,0.25,0.06944444444444445
1951080,CCC,2014B,0.1,0.06666666666666667
1951127,FFF,2013J,0.05,0.018867924528301886
1951139,CCC,2014B,0.35,0.1346153846153846
1951727,DDD,2014B,0.0,0.0
1954147,FFF,2013J,0.1,0.029411764705882353
1954230,EEE,2013J,0.1,0.08695652173913043
1955634,BBB,2014B,0.2,0.1
1957682,BBB,2014B,0.15,0.14285714285714285
1958121,CCC,2014J,0.25,0.09433962264150944
1960479,CCC,2014J,0.1,0.043478260869565216
1961938,CCC,2014J,0.2,0.08888888888888889
1962049,FFF,2014J,0.1,0.020618556701030927
1962062,FFF,2014J,0.0,0.0
1962128,FFF,2013J,0.0,0.0
1962854,DDD,2013B,0.0,0.0
1962854,DDD,2014B,0.15,0.03296703296703297
1963677,DDD,2013J,0.2,0.13793103448275862
1966591,FFF,2013B,0.25,0.09259259259259259
1966597,CCC,2014J,0.05,0.09090909090909091
1967783,AAA,2014J,0.3,0.2608695652173913
1967937,BBB,2014B,0.0,0.0
1968757,DDD,2013B,0.05,0.022222222222222223
1969407,CCC,2014B,0.0,0.0
1969985,GGG,2013J,0.2,0.16666666666666666
1970390,AAA,2013J,0.05,0.023809523809523808
1970390,AAA,2014J,0.05,0.047619047619047616
1971393,BBB,2013B,0.05,0.045454545454545456
1972092,FFF,2014J,0.45,0.0989010989010989
1972832,BBB,2014J,0.35,0.14893617021276595
1974271,FFF,2013B,0.15,0.06382978723404255
1975209,AAA,2014J,0.35,0.25925925925925924
1976139,AAA,2013J,0.25,0.14705882352941177
1976350,DDD,2013B,0.1,0.031746031746031744
1976350,EEE,2013J,0.05,0.043478260869565216
1977701,GGG,2014J,0.25,0.16129032258064516
1980822,FFF,2013J,0.1,0.03389830508474576
1981053,FFF,2013J,0.0,0.0
1982166,CCC,2014J,0.05,0.041666666666666664
1982166,FFF,2013J,0.0,0.0
1982833,DDD,2013J,0.1,0.14285714285714285
1982845,DDD,2013B,0.2,0.07547169811320754
1983921,FFF,2013J,0.2,0.04395604395604396
1986180,DDD,2014J,0.05,0.025
1986370,DDD,2014B,0.05,0.05555555555555555
1989014,BBB,2014J,0.0,0.0
1990127,FFF,2013B,0.0,0.0
1990650,BBB,2013J,0.0,0.0
1991399,CCC,2014J,0.1,0.043478260869565216
1991399,DDD,2014J,0.15,0.04918032786885246
1991903,EEE,2013J,0.0,0.0
1992145,FFF,2013J,0.25,0.06329113924050633
1993672,BBB,2013J,0.05,0.25
1993672,BBB,2014J,0.0,0.0
1993905,GGG,2013J,0.3,0.15384615384615385
1993955,EEE,2013J,0.3,0.2608695652173913
1994610,EEE,2013J,0.1,0.6666666666666666
1994632,GGG,2014B,0.25,0.14705882352941177
1995177,FFF,2014J,0.25,0.06172839506172839
1995239,EEE,2013J,0.1,0.125
1995532,EEE,2013J,0.2,0.18181818181818182
1997164,CCC,2014B,0.0,0.0
1997164,FFF,2013B,0.1,0.024390243902439025
1997796,BBB,2013B,0.05,0.08333333333333333
1998790,BBB,2013J,0.0,0.0
1998834,FFF,2014J,0.15,0.05357142857142857
1999952,FFF,2014B,0.3,0.06896551724137931
2000491,FFF,2013B,0.25,0.07246376811594203
2001102,DDD,2014B,0.4,0.11428571428571428
2001461,DDD,2014J,0.15,0.05084745762711865
2001665,FFF,2013B,0.4,0.058394160583941604
2001687,BBB,2013J,0.0,0.0
2002046,BBB,2013J,0.05,0.05555555555555555
2002415,BBB,2014B,0.15,0.06976744186046512
2002664,EEE,2014B,0.35,0.25
2004143,GGG,2014J,0.35,0.35
2004220,EEE,2014J,0.05,0.125
2006283,BBB,2013J,0.05,0.08333333333333333
2006894,DDD,2013B,0.1,0.04878048780487805
2008795,DDD,2014J,0.05,0.058823529411764705
2009239,BBB,2014J,0.1,0.07142857142857142
2009279,DDD,2014J,0.0,0.0
2010232,AAA,2014J,0.3,0.15
2010245,FFF,2014B,0.25,0.0684931506849315
2011876,AAA,2013J,0.05,0.02702702702702703
2012966,AAA,2013J,0.0,0.0
2013403,CCC,2014J,0.35,0.1
2014252,DDD,2013J,0.05,0.0625
2016517,CCC,2014B,0.2,0.14814814814814814
2017487,FFF,2014J,0.25,0.0364963503649635
2019921,GGG,2013J,0.15,0.5
2020628,FFF,2014J,0.15,0.05454545454545454
2020916,CCC,2014J,0.1,0.1111111111111111
2020916,DDD,2013B,0.05,0.019230769230769232
2022801,BBB,2014B,0.05,0.041666666666666664
2023366,BBB,2013B,0.05,0.034482758620689655
2023561,BBB,2013J,0.05,0.16666666666666666
2024200,EEE,2014J,0.05,0.16666666666666666
2025233,FFF,2014B,0.15,0.06521739130434782
2025354,DDD,2014J,0.15,0.07692307692307693
2025589,DDD,2014J,0.0,0.0
2026075,FFF,2014J,0.15,0.057692307692307696
2026585,CCC,2014J,0.25,0.09803921568627451
2026585,EEE,2014B,0.05,0.043478260869565216
2028388,DDD,2013B,0.05,0.03333333333333333
2028474,EEE,2013J,0.15,0.5
2028523,FFF,2014J,0.0,0.0
2029037,BBB,2013J,0.05,0.027777777777777776
2029571,FFF,2014J,0.05,0.037037037037037035
2030117,CCC,2014J,0.15,0.1875
2030241,DDD,2014J,0.05,0.25
2031252,FFF,2013B,0.1,0.02857142857142857
2032057,DDD,2013J,0.05,0.02631578947368421
2032882,DDD,2013J,0.0,0.0
2032882,DDD,2014J,0.1,0.034482758620689655
2033951,EEE,2013J,0.4,0.22857142857142856
2034300,BBB,2013J,0.0,0.0
2034802,DDD,2013J,0.1,0.034482758620689655
2035022,BBB,2013B,0.1,0.13333333333333333
2035574,BBB,2014J,0.05,0.03125
2035700,FFF,2014J,0.2,0.04938271604938271
2035700,GGG,2013J,0.15,0.08333333333333333
2037479,DDD,2013B,0.15,0.11538461538461539
2039190,DDD,2013J,0.25,0.058823529411764705
2039810,DDD,2013J,0.05,0.03125
2039810,DDD,2014J,0.0,0.0
2043939,DDD,2014J,0.25,0.0641025641025641
2044299,CCC,2014B,0.0,0.0
2044299,CCC,2014J,0.0,0.0
2045440,FFF,2013B,0.2,0.06779661016949153
2045818,FFF,2013B,0.15,0.04
2046324,EEE,2013J,0.35,0.4117647058823529
2047421,CCC,2014B,0.0,0.0
2047575,FFF,2014J,0.1,0.028169014084507043
2049668,CCC,2014B,0.2,0.1111111111111111
2049740,BBB,2014J,0.05,0.1111111111111111
2050179,CCC,2014J,0.4,0.13333333333333333
2051035,FFF,2013B,0.15,0.057692307692307696
2051699,AAA,2013J,0.05,0.043478260869565216
2052942,GGG,2014J,0.15,0.25
2053381,FFF,2013J,0.05,0.03571428571428571
2053521,GGG,2014J,0.25,0.22727272727272727
2054019,FFF,2013B,0.2,0.06451612903225806
2055321,FFF,2014B,0.05,0.1111111111111111
2056416,FFF,2013J,0.15,0.03614457831325301
2056486,FFF,2013J,0.1,0.019230769230769232
2056643,CCC,2014B,0.25,0.09615384615384616
2056643,EEE,2013J,0.0,0.0
2057105,FFF,2013B,0.25,0.03875968992248062
2057803,AAA,2014J,0.0,0.0
2057959,DDD,2014J,0.4,0.10256410256410256
2058815,FFF,2014B,0.0,0.0
2060467,FFF,2013B,0.15,0.061224489795918366
2062879,AAA,2013J,0.25,0.125
2062995,BBB,2013J,0.05,0.03571428571428571
2063578,CCC,2014B,0.0,0.0
2063578,DDD,2013B,0.3,0.06593406593406594
2064873,CCC,2014B,0.15,0.05454545454545454
2064873,EEE,2014B,0.1,0.08333333333333333
2065691,AAA,2013J,0.0,0.0
2065756,EEE,2014J,0.55,0.275
2065972,FFF,2014J,0.05,0.02040816326530612
2067377,CCC,2014J,0.35,0.15555555555555556
2067555,GGG,2014B,0.15,0.17647058823529413
2067799,FFF,2014J,0.05,0.07142857142857142
2067969,EEE,2014J,0.2,0.14285714285714285
2070517,CCC,2014J,0.4,0.17391304347826086
2071595,FFF,2013J,0.0,0.0
2072166,BBB,2013J,0.05,0.2
2072671,EEE,2014J,0.05,0.08333333333333333
2073016,AAA,2013J,0.0,0.0
2073016,AAA,2014J,0.0,0.0
2074627,FFF,2014B,0.05,0.030303030303030304
2075945,DDD,2014J,0.1,0.043478260869565216
2077023,DDD,2014B,0.0,0.0
2078353,CCC,2014J,0.0,0.0
2078479,BBB,2013J,0.05,0.05
2078768,BBB,2013J,0.1,0.07407407407407407
2080340,DDD,2014B,0.05,0.1
2080474,AAA,2013J,0.0,0.0
2080539,DDD,2013B,0.05,0.034482758620689655
2080885,BBB,2014B,0.15,0.21428571428571427
2081123,FFF,2014J,0.25,0.07462686567164178
2081937,GGG,2014B,0.15,0.125
2081955,BBB,2014B,0.15,0.1111111111111111
2082180,DDD,2013B,0.0,0.0
2082180,DDD,2013J,0.0,0.0
2082180,DDD,2014J,0.0,0.0
2082318,BBB,2014B,0.1,0.09090909090909091
2082945,GGG,2014B,0.15,0.1111111111111111
2083576,BBB,2013J,0.05,0.04
2083701,CCC,2014J,0.2,0.10810810810810811
2083877,AAA,2013J,0.1,0.2222222222222222
2084066,AAA,2013J,0.1,0.10526315789473684
2084711,CCC,2014J,0.45,0.16363636363636364
2085209,AAA,2014J,0.3,0.10714285714285714
2086400,AAA,2014J,0.05,0.04
2087100,FFF,2013B,0.35,0.08235294117647059
2087182,CCC,2014B,0.0,0.0
2087698,DDD,2014B,0.2,0.05333333333333334
2087747,BBB,2014B,0.0,0.0
2088765,CCC,2014B,0.15,0.05263157894736842
2088765,DDD,2013B,0.3,0.04838709677419355
2088982,FFF,2013J,0.0,0.0
2089582,DDD,2013J,0.1,0.03125
2090053,FFF,2013B,0.3,0.06593406593406594
2091096,BBB,2014J,0.05,0.027777777777777776
2091193,BBB,2014J,0.0,0.0
2091230,CCC,2014J,0.35,0.18421052631578946
2091387,DDD,2014B,0.05,0.02702702702702703
2092834,BBB,2013B,0.0,0.0
2093150,CCC,2014J,0.35,0.1044776119402985
2094350,BBB,2014B,0.0,0.0
2094546,DDD,2013B,0.05,0.047619047619047616
2094546,DDD,2013J,0.0,0.0
2094849,EEE,2013J,0.0,0.0
2095379,BBB,2013J,0.15,0.21428571428571427
2095576,FFF,2014B,0.05,0.022222222222222223
2096251,FFF,2014J,0.15,0.047619047619047616
2096918,CCC,2014J,0.05,0.045454545454545456
2097046,FFF,2014B,0.4,0.09523809523809523
2097916,BBB,2013B,0.05,0.037037037037037035
2098108,DDD,2014J,0.0,0.0
2098405,DDD,2013J,0.15,0.05454545454545454
2103305,BBB,2014J,0.0,0.0
2103552,FFF,2014J,0.0,0.0
2104123,FFF,2013J,0.1,0.038461538461538464
2104426,BBB,2014B,0.15,0.17647058823529413
2104505,AAA,2013J,0.0,0.0
2105230,FFF,2013J,0.1,0.030303030303030304
2106955,FFF,2014J,0.3,0.0594059405940594
2107747,FFF,2014J,0.0,0.0
2108614,BBB,2014B,0.1,0.08333333333333333
2108821,FFF,2013B,0.1,0.0273972602739726
2109013,DDD,2014B,0.0,0.0
2109119,CCC,2014B,0.25,0.08196721311475409
2109119,EEE,2013J,0.1,0.058823529411764705
2111015,BBB,2013J,0.0,0.0
2111313,DDD,2014J,0.2,0.08695652173913043
2111666,BBB,2013J,0.0,0.0
2112088,DDD,2013J,0.4,0.08695652173913043
2112291,FFF,2013J,0.1,0.06451612903225806
2112670,CCC,2014J,0.0,0.0
2114529,FFF,2014B,0.25,0.08620689655172414
2115250,BBB,2014J,0.1,0.058823529411764705
2115711,BBB,2013J,0.1,0.06451612903225806
2122180,AAA,2013J,0.1,0.034482758620689655
2126013,DDD,2013B,0.05,0.08333333333333333
2127889,CCC,2014J,0.2,0.15384615384615385
2128283,FFF,2013J,0.05,0.07142857142857142
2128283,FFF,2014J,0.25,0.07246376811594203
2128304,BBB,2013J,0.0,0.0
2131008,FFF,2014B,0.1,0.0392156862745098
2131908,CCC,2014B,0.15,0.08108108108108109
2132811,BBB,2013B,0.05,0.03125
2132966,BBB,2013J,0.05,0.1
2133207,BBB,2014B,0.1,0.2
2133242,DDD,2013B,0.15,0.05263157894736842
2134237,CCC,2014B,0.35,0.25
2134237,EEE,2013J,0.0,0.0
2134304,EEE,2013J,0.05,0.04
2134578,DDD,2013J,0.0,0.0
2135315,GGG,2014B,0.15,0.2
2137171,CCC,2014J,0.0,0.0
2137171,FFF,2013J,0.15,0.0375
2137413,EEE,2013J,0.1,1.0
2137785,EEE,2014J,0.15,0.15789473684210525
2138146,EEE,2013J,0.0,0.0
2138970,FFF,2014J,0.25,0.08196721311475409
2139037,CCC,2014B,0.0,0.0
2139037,FFF,2013B,0.4,0.06153846153846154
2139273,CCC,2014J,0.0,0.0
2139273,EEE,2014B,0.05,0.05263157894736842
2139353,AAA,2013J,0.1,0.06896551724137931
2139353,AAA,2014J,0.2,0.08
2140087,FFF,2013B,0.15,0.075
2140300,FFF,2014J,0.1,0.028985507246376812
2140311,DDD,2013B,0.15,0.05555555555555555
2140444,BBB,2013J,0.0,0.0
2141085,FFF,2013B,0.1,0.03508771929824561
2142055,CCC,2014J,0.1,0.13333333333333333
2142243,DDD,2014J,0.1,0.037037037037037035
2142516,CCC,2014J,0.4,0.14285714285714285
2142579,DDD,2013B,0.05,0.047619047619047616
2142853,FFF,2013B,0.0,0.0
2143065,FFF,2013B,0.05,0.014285714285714285
2143312,FFF,2014J,0.45,0.0703125
2143440,FFF,2014J,0.25,0.06172839506172839
2143739,FFF,2013J,0.1,0.017699115044247787
2143752,AAA,2013J,0.3,0.18181818181818182
2143922,DDD,2014J,0.05,0.034482758620689655
2145940,FFF,2013J,0.05,0.016129032258064516
2146277,CCC,2014B,0.1,0.058823529411764705
2146277,FFF,2013J,0.3,0.03896103896103896
2146792,AAA,2013J,0.2,0.09090909090909091
2146936,DDD,2013B,0.5,0.10204081632653061
2147620,CCC,2014B,0.15,0.0625
2147713,CCC,2014B,0.0,0.0
2147929,BBB,2013J,0.05,0.047619047619047616
2148540,FFF,2013J,0.05,0.022727272727272728
2148681,AAA,2014J,0.35,0.2
2148859,BBB,2014B,0.0,0.0
2149487,BBB,2014J,0.1,0.044444444444444446
2149735,FFF,2013J,0.05,0.038461538461538464
2150849,DDD,2014J,0.1,0.2857142857142857
2153026,BBB,2013J,0.0,0.0
2153153,AAA,2013J,0.05,0.027777777777777776
2153200,BBB,2014B,0.0,0.0
2154220,CCC,2014J,0.0,0.0
2154361,DDD,2013B,0.0,0.0
2154361,FFF,2014J,0.0,0.0
2155014,AAA,2013J,0.05,0.034482758620689655
2156058,CCC,2014B,0.05,0.05555555555555555
2156514,DDD,2013B,0.05,0.02
2157412,DDD,2013J,0.15,0.05
2158399,FFF,2013B,0.3,0.06666666666666667
2159868,CCC,2014J,0.2,0.15384615384615385
2160316,FFF,2014J,0.3,0.04411764705882353
2160453,BBB,2013J,0.05,0.05
2161710,FFF,2014B,0.0,0.0
2161710,FFF,2014J,0.05,0.02040816326530612
2162410,FFF,2013J,0.35,0.05223880597014925
2164251,BBB,2014B,0.05,0.04
2164266,FFF,2014B,0.05,0.09090909090909091
2164944,BBB,2013J,0.1,0.2
2165164,AAA,2014J,0.05,0.037037037037037035
2166000,CCC,2014J,0.25,0.22727272727272727
2170320,FFF,2013J,0.0,0.0
2171264,CCC,2014B,0.05,0.125
2171627,AAA,2013J,0.05,0.02702702702702703
2171834,CCC,2014B,0.15,0.08823529411764706
2171834,EEE,2013J,0.05,0.05
2172136,CCC,2014J,0.0,0.0
2172136,DDD,2014B,0.0,0.0
2172163,BBB,2014J,0.05,0.06666666666666667
2172709,DDD,2014J,0.05,0.05555555555555555
2173572,BBB,2013B,0.1,0.2
2173643,EEE,2014J,0.35,0.25
2173721,FFF,2013J,0.05,0.09090909090909091
2174129,GGG,2013J,0.1,0.08
2174835,BBB,2013J,0.05,0.05263157894736842
2175266,DDD,2013J,0.0,0.0
2176759,FFF,2014B,0.05,0.021739130434782608
2177871,DDD,2013B,0.05,0.02631578947368421
2178466,FFF,2013J,0.25,0.058823529411764705
2178686,CCC,2014J,0.2,0.07272727272727272
2178837,FFF,2014J,0.2,0.05263157894736842
2178929,CCC,2014B,0.2,0.07692307692307693
2179304,CCC,2014J,0.1,0.2857142857142857
2180090,FFF,2014J,0.05,0.012987012987012988
2180710,FFF,2013J,0.2,0.10526315789473684
2180994,GGG,2013J,0.1,0.07142857142857142
2181205,BBB,2014B,0.05,0.07142857142857142
2181700,GGG,2013J,0.15,0.10344827586206896
2182255,FFF,2013B,0.05,0.05
2182333,FFF,2013J,0.2,0.05194805194805195
2182846,AAA,2013J,0.05,0.022727272727272728
2185729,FFF,2014J,0.15,0.031914893617021274
2186992,FFF,2014B,0.15,0.039473684210526314
2187146,BBB,2013J,0.05,0.034482758620689655
2187308,BBB,2014J,0.0,0.0
2187422,CCC,2014B,0.3,0.13043478260869565
2187588,EEE,2014B,0.3,0.35294117647058826
2188084,FFF,2013J,0.0,0.0
2188469,DDD,2014B,0.0,0.0
2189002,FFF,2013B,0.1,0.03125
2189620,DDD,2014J,0.0,0.0
2191588,FFF,2013J,0.15,0.16666666666666666
2192061,EEE,2014J,0.3,0.1875
2193185,FFF,2013J,0.05,0.02
2194100,AAA,2013J,0.1,0.08333333333333333
2195318,FFF,2013B,0.15,0.05555555555555555
2195445,DDD,2013B,0.0,0.0
2195479,DDD,2013J,0.0,0.0
2195971,FFF,2013B,0.0,0.0
2196054,BBB,2013J,0.0,0.0
2196923,DDD,2014J,0.0,0.0
2197016,AAA,2013J,0.1,0.05263157894736842
2197175,FFF,2013J,0.25,0.03968253968253968
2197511,FFF,2013B,0.2,0.06557377049180328
2197766,FFF,2014J,0.2,0.05333333333333334
2198914,EEE,2014B,0.2,0.19047619047619047
2198952,DDD,2013J,0.0,0.0
2198970,DDD,2013J,0.05,0.047619047619047616
2199455,EEE,2013J,0.25,0.2
2201235,DDD,2014J,0.0,0.0
2202076,DDD,2013J,0.1,0.044444444444444446
2203216,GGG,2014J,0.0,0.0
2204293,DDD,2013J,0.15,0.061224489795918366
2204389,EEE,2014J,0.25,0.1724137931034483
2204941,DDD,2014J,0.1,0.10526315789473684
2205383,BBB,2013B,0.05,0.04
2205559,DDD,2014J,0.0,0.0
2207474,BBB,2014J,0.15,0.09090909090909091
2207874,AAA,2014J,0.1,0.16666666666666666
2208424,AAA,2013J,0.05,0.038461538461538464
2209728,DDD,2013B,0.1,0.04
2210318,BBB,2013B,0.0,0.0
2210989,DDD,2014B,0.15,0.05660377358490566
2211797,CCC,2014B,0.0,0.0
2211797,EEE,2014J,0.05,0.03333333333333333
2213424,BBB,2014B,0.15,0.0967741935483871
2214631,BBB,2013J,0.05,0.05263157894736842
2214722,GGG,2014J,0.05,0.125
2215898,DDD,2013J,0.2,0.04395604395604396
2216442,DDD,2014J,0.05,0.125
2216682,BBB,2014J,0.05,0.022727272727272728
2216778,BBB,2014J,0.1,0.043478260869565216
2218693,FFF,2013J,0.2,0.04938271604938271
2221654,EEE,2014J,0.25,0.18518518518518517
2221869,BBB,2014B,0.0,0.0
2222615,FFF,2014B,0.3,0.08955223880597014
2224174,DDD,2014J,0.1,0.029411764705882353
2226202,DDD,2014J,0.05,0.04
2226301,BBB,2013J,0.0,0.0
2226620,FFF,2013J,0.0,0.0
2227568,BBB,2014J,0.2,0.10526315789473684
2227786,DDD,2013B,0.05,0.02564102564102564
2228010,BBB,2014J,0.05,0.038461538461538464
2228206,DDD,2013B,0.05,0.1111111111111111
2228206,DDD,2014B,0.0,0.0
2228601,BBB,2014J,0.05,0.02857142857142857
2229389,EEE,2014J,0.4,0.26666666666666666
2229783,BBB,2013J,0.05,0.1
2229783,BBB,2014J,0.15,0.045454545454545456
2229865,AAA,2013J,0.05,0.018518518518518517
2230251,EEE,2014J,0.15,0.25
2230407,CCC,2014J,0.0,0.0
2230457,BBB,2014B,0.05,0.14285714285714285
2231018,DDD,2014B,0.15,0.057692307692307696
2231512,DDD,2014J,0.25,0.10416666666666667
2231614,BBB,2013B,0.0,0.0
2231810,FFF,2013B,0.05,0.022222222222222223
2231961,DDD,2013B,0.1,0.0392156862745098
2232218,DDD,2013B,0.0,0.0
2232218,DDD,2013J,0.2,0.06779661016949153
2232340,DDD,2014J,0.2,0.047619047619047616
2232976,BBB,2014J,0.1,0.3333333333333333
2235019,DDD,2014J,0.0,0.0
2236738,BBB,2013B,0.05,0.058823529411764705
2237223,FFF,2013J,0.0,0.0
2237567,BBB,2014J,0.05,0.034482758620689655
2238148,FFF,2013J,0.65,0.09848484848484848
2238424,FFF,2013J,0.0,0.0
2239650,DDD,2013J,0.25,0.10638297872340426
2239746,FFF,2013J,0.05,0.029411764705882353
2239848,CCC,2014B,0.2,0.0975609756097561
2240349,AAA,2014J,0.15,0.11538461538461539
2242067,BBB,2014J,0.05,0.03225806451612903
2242595,FFF,2014B,0.2,0.0851063829787234
2242732,FFF,2014B,0.2,0.07142857142857142
2243505,FFF,2013J,0.05,0.02857142857142857
2243551,BBB,2013B,0.0,0.0
2243703,BBB,2014B,0.15,0.15789473684210525
2244285,FFF,2014B,0.1,0.046511627906976744
2244332,AAA,2014J,0.35,0.22580645161290322
2244724,BBB,2013B,0.0,0.0
2246073,GGG,2013J,0.1,0.09523809523809523
2247222,CCC,2014B,0.2,0.11764705882352941
2248072,GGG,2013J,0.2,0.18181818181818182
2248122,BBB,2014B,0.05,0.047619047619047616
2248243,BBB,2014J,0.05,0.027777777777777776
2248715,DDD,2013B,0.05,0.030303030303030304
2248789,GGG,2013J,0.25,0.14705882352941177
2249143,EEE,2014B,0.5,0.2857142857142857
2249372,BBB,2013B,0.1,0.04878048780487805
2250842,FFF,2013J,0.25,0.06493506493506493
2251500,BBB,2014J,0.15,0.07317073170731707
2252437,CCC,2014J,0.2,0.2
2252437,EEE,2013J,0.1,0.06896551724137931
2252750,DDD,2013J,0.05,0.014285714285714285
2252765,FFF,2013J,0.2,0.043010752688172046
2252963,GGG,2014B,0.25,0.21739130434782608
2254252,FFF,2013B,0.1,0.046511627906976744
2254271,GGG,2013J,0.25,0.1388888888888889
2254619,BBB,2013B,0.0,0.0
2254637,FFF,2014J,0.25,0.06756756756756757
2255516,EEE,2013J,0.15,0.1111111111111111
2255601,AAA,2013J,0.15,0.1111111111111111
2256318,FFF,2014B,0.0,0.0
2257112,CCC,2014J,0.1,0.0625
2257112,FFF,2014B,0.05,0.016666666666666666
2257400,EEE,2014J,0.25,0.21739130434782608
2257740,CCC,2014J,0.2,0.08333333333333333
2257853,DDD,2014J,0.15,0.12
2258124,EEE,2014J,0.45,0.20454545454545456
2258228,CCC,2014B,0.0,0.0
2259662,EEE,2014J,0.2,0.21052631578947367
2260861,DDD,2014J,0.35,0.109375
2261142,DDD,2014B,0.0,0.0
2262510,GGG,2014B,0.15,0.2
2262671,BBB,2013J,0.05,1.0
2264054,FFF,2014B,0.1,0.0425531914893617
2264569,BBB,2014J,0.0,0.0
2265935,DDD,2014B,0.0,0.0
2266889,DDD,2014B,0.0,0.0
2268049,CCC,2014J,0.0,0.0
2268379,AAA,2013J,0.15,0.0967741935483871
2268380,GGG,2014J,0.3,0.375
2269148,DDD,2014J,0.0,0.0
2269480,BBB,2013B,0.1,0.125
2269561,BBB,2014J,0.0,0.0
2270562,GGG,2014J,0.25,0.18518518518518517
2270880,FFF,2014B,0.05,0.07692307692307693
2271264,GGG,2013J,0.2,0.21052631578947367
2271644,BBB,2013J,0.0,0.0
2271766,GGG,2014J,0.25,0.19230769230769232
2272023,FFF,2014J,0.1,0.1
2272474,GGG,2014B,0.15,0.14285714285714285
2272874,FFF,2013B,0.0,0.0
2273828,BBB,2013B,0.15,0.06521739130434782
2273828,BBB,2014B,0.2,0.03636363636363636
2274542,FFF,2014J,0.25,0.058823529411764705
2274938,EEE,2013J,0.2,0.5714285714285714
2277009,CCC,2014J,0.25,0.07692307692307693
2277857,AAA,2014J,0.4,0.25
2278095,DDD,2014J,0.3,0.10714285714285714
2278101,FFF,2014J,0.1,0.0392156862745098
2278390,BBB,2014J,0.05,0.027777777777777776
2278464,AAA,2013J,0.0,0.0
2279403,DDD,2014J,0.2,0.05405405405405406
2279449,DDD,2013B,0.2,0.06896551724137931
2280038,BBB,2013B,0.1,0.2222222222222222
2280314,BBB,2013J,0.1,0.25
2280643,GGG,2013J,0.15,0.1111111111111111
2280739,FFF,2013B,0.15,0.08823529411764706
2281286,BBB,2014J,0.05,0.04
2281292,DDD,2013B,0.1,0.03508771929824561
2281441,EEE,2014J,0.25,0.15151515151515152
2281483,FFF,2013B,0.3,0.0594059405940594
2282040,DDD,2013J,0.05,0.023809523809523808
2282129,BBB,2013J,0.0,0.0
2282620,FFF,2014J,0.0,0.0
2284294,DDD,2013J,0.25,0.05813953488372093
2284583,BBB,2013J,0.25,0.11904761904761904
2285156,GGG,2013J,0.1,0.07692307692307693
2285405,DDD,2014J,0.0,0.0
2285527,CCC,2014J,0.0,0.0
2285527,DDD,2014J,0.15,0.07317073170731707
2286312,FFF,2013J,0.15,0.03614457831325301
2286544,EEE,2014J,0.15,0.12
2286574,FFF,2013J,0.05,0.043478260869565216
2288454,FFF,2013B,0.25,0.09090909090909091
2288607,BBB,2013B,0.0,0.0
2289032,CCC,2014B,0.05,0.3333333333333333
2289071,EEE,2014J,0.3,0.1875
2289145,CCC,2014J,0.1,0.041666666666666664
2289847,DDD,2013J,0.0,0.0
2290090,BBB,2013B,0.1,0.4
2290267,FFF,2013J,0.1,0.028169014084507043
2290604,DDD,2014J,0.1,0.03636363636363636
2290883,FFF,2013J,0.05,0.008771929824561403
2290886,EEE,2014J,0.15,0.15
2291598,BBB,2013B,0.1,0.0625
2291760,BBB,2014B,0.0,0.0
2292724,DDD,2013J,0.1,0.0392156862745098
2293443,BBB,2013B,0.1,0.05405405405405406
2293511,FFF,2014J,0.1,0.041666666666666664
2293923,AAA,2013J,0.05,0.1111111111111111
2294490,BBB,2013J,0.0,0.0
2296163,DDD,2013J,0.05,0.02702702702702703
2296749,BBB,2013B,0.05,0.05
2297016,EEE,2014J,0.35,0.19444444444444445
2297896,AAA,2014J,0.25,0.2
2298106,FFF,2014J,0.1,0.03389830508474576
2298895,CCC,2014B,0.05,0.03333333333333333
2298895,FFF,2014J,0.05,0.011363636363636364
2299338,BBB,2013J,0.15,0.08571428571428572
2299682,FFF,2013J,0.0,0.0
2299745,BBB,2014J,0.05,0.06666666666666667
2299808,FFF,2014B,0.1,0.03076923076923077
2300911,BBB,2013B,0.0,0.0
2300913,BBB,2014B,0.0,0.0
2301511,DDD,2014B,0.0,0.0
2301830,FFF,2014J,0.1,0.025974025974025976
2302925,BBB,2013B,0.0,0.0
2303413,FFF,2014B,0.2,0.1
2304417,FFF,2013J,0.1,0.023529411764705882
2305957,DDD,2014B,0.0,0.0
2306016,FFF,2014B,0.2,0.08
2306410,FFF,2014J,0.15,0.046153846153846156
2306519,DDD,2014B,0.1,0.045454545454545456
2307237,DDD,2014J,0.0,0.0
2308026,BBB,2014B,0.1,0.2
2308528,BBB,2013B,0.15,0.2
2308564,BBB,2014B,0.0,0.0
2310615,DDD,2014J,0.15,0.04477611940298507
2311714,GGG,2014J,0.45,0.24324324324324326
2312279,FFF,2013J,0.15,0.04
2312620,AAA,2013J,0.0,0.0
2312783,GGG,2013J,0.0,0.0
2312809,DDD,2014B,0.05,0.01818181818181818
2314761,DDD,2014J,0.0,0.0
2316201,CCC,2014J,0.2,0.08163265306122448
2316717,FFF,2014J,0.05,0.038461538461538464
2317273,BBB,2014B,0.0,0.0
2318055,AAA,2014J,0.2,0.14814814814814814
2318161,BBB,2014J,0.1,0.1111111111111111
2318590,DDD,2013B,0.05,0.06666666666666667
2318763,BBB,2013J,0.0,0.0
2320306,BBB,2013J,0.2,0.12121212121212122
2321660,BBB,2014J,0.05,0.05263157894736842
2322342,BBB,2013B,0.0,0.0
2323944,FFF,2013J,0.25,0.05555555555555555
2326041,CCC,2014J,0.9,0.10465116279069768
2326401,BBB,2014J,0.05,0.1
2326475,FFF,2013J,0.05,0.02631578947368421
2326597,EEE,2013J,0.1,0.08695652173913043
2327045,DDD,2013J,0.25,0.05555555555555555
2327072,BBB,2013B,0.0,0.0
2327472,CCC,2014J,0.2,0.06060606060606061
2327472,DDD,2013J,0.0,0.0
2327494,FFF,2013B,0.0,0.0
2327494,FFF,2014B,0.05,0.017241379310344827
2328759,DDD,2014J,0.0,0.0
2329342,AAA,2013J,0.05,0.047619047619047616
2330254,AAA,2014J,0.05,0.05263157894736842
2330534,DDD,2013B,0.1,0.05714285714285714
2331750,EEE,2013J,0.4,0.21621621621621623
2332060,DDD,2013B,0.1,0.04081632653061224
2332934,FFF,2014J,0.0,0.0
2333156,CCC,2014J,0.45,0.18
2333244,DDD,2014B,0.1,0.05555555555555555
2333244,DDD,2014J,0.05,0.047619047619047616
2333415,BBB,2014J,0.15,0.061224489795918366
2334319,BBB,2013J,0.15,0.075
2334930,BBB,2014B,0.05,0.05555555555555555
2336550,BBB,2013B,0.05,0.07142857142857142
2336922,DDD,2014B,0.15,0.028846153846153848
2337362,FFF,2014B,0.0,0.0
2337889,FFF,2013J,0.05,0.022727272727272728
2338255,FFF,2013B,0.05,0.02564102564102564
2338290,DDD,2014J,0.1,0.01818181818181818
2338422,FFF,2013B,0.45,0.09782608695652174
2338535,EEE,2014J,0.0,0.0
2338586,BBB,2013J,0.1,0.10526315789473684
2339267,FFF,2014J,0.05,0.016666666666666666
2339333,CCC,2014J,0.1,0.1
2339528,AAA,2013J,0.1,0.08333333333333333
2339789,DDD,2014J,0.05,0.023809523809523808
2340165,BBB,2014B,0.15,0.13636363636363635
2340230,DDD,2013J,0.2,0.05970149253731343
2340230,EEE,2014J,0.0,0.0
2340746,FFF,2013J,0.05,0.025
2340786,CCC,2014J,0.1,0.04
2340786,DDD,2013J,0.15,0.03333333333333333
2341415,FFF,2013B,0.2,0.07142857142857142
2341420,FFF,2014J,0.2,0.11428571428571428
2341830,DDD,2014J,0.1,0.047619047619047616
2342399,DDD,2013J,0.05,0.03571428571428571
2342426,AAA,2013J,0.1,0.05714285714285714
2343293,FFF,2013B,0.1,0.07692307692307693
2343337,FFF,2013J,0.15,0.07142857142857142
2343354,GGG,2013J,0.05,0.0625
2343413,BBB,2014B,0.0,0.0
2343785,FFF,2014J,0.2,0.0547945205479452
2343809,DDD,2014B,0.1,0.047619047619047616
2344901,AAA,2013J,0.0,0.0
2344957,FFF,2013J,0.1,0.01694915254237288
2345438,FFF,2014B,0.15,0.038461538461538464
2345751,CCC,2014J,0.3,0.09836065573770492
2345900,FFF,2013J,0.15,0.03125
2346145,BBB,2014J,0.0,0.0
2346679,FFF,2013B,0.2,0.044444444444444446
2347802,CCC,2014B,0.1,0.06451612903225806
2348111,DDD,2013B,0.15,0.07142857142857142
2348961,DDD,2014B,0.0,0.0
2350300,DDD,2013B,0.0,0.0
2351235,BBB,2014B,0.0,0.0
2351589,GGG,2014B,0.3,0.2608695652173913
2351969,FFF,2014J,0.15,0.036585365853658534
2352280,FFF,2013B,0.2,0.045454545454545456
2352407,EEE,2014J,0.35,0.2413793103448276
2353764,BBB,2014J,0.1,0.05263157894736842
2354732,FFF,2013B,0.1,0.08333333333333333
2355214,FFF,2014B,0.0,0.0
2355274,EEE,2014J,0.2,0.13793103448275862
2355470,AAA,2014J,0.1,0.125
2356318,DDD,2014B,0.05,0.07692307692307693
2356801,DDD,2013J,0.35,0.08860759493670886
2356809,BBB,2013J,0.05,0.02631578947368421
2357019,DDD,2014J,0.1,0.06060606060606061
2357629,FFF,2013J,0.15,0.046153846153846156
2358056,AAA,2013J,0.3,0.12
2358258,CCC,2014J,0.2,0.14814814814814814
2358423,DDD,2013B,0.0,0.0
2358707,DDD,2013J,0.05,0.02127659574468085
2358969,AAA,2014J,0.15,0.15
2359191,DDD,2013J,0.05,0.021739130434782608
2360322,FFF,2013J,0.2,0.05555555555555555
2360559,FFF,2014J,0.05,0.01639344262295082
2361633,CCC,2014J,0.3,0.09090909090909091
2362169,FFF,2013B,0.05,0.034482758620689655
2363168,BBB,2014J,0.0,0.0
2363863,AAA,2014J,0.45,0.18
2363875,BBB,2013J,0.15,0.08823529411764706
2364160,FFF,2013J,0.15,0.05454545454545454
2364471,AAA,2013J,0.15,0.07142857142857142
2364565,FFF,2013B,0.1,0.05
2364637,EEE,2014B,0.15,0.3
2364905,FFF,2013J,0.25,0.07246376811594203
2365602,GGG,2013J,0.4,0.18604651162790697
2366024,DDD,2013J,0.15,0.1
2366117,CCC,2014J,0.2,0.09523809523809523
2366656,FFF,2014J,0.2,0.07142857142857142
2366701,DDD,2014B,0.0,0.0
2367155,AAA,2013J,0.15,0.06382978723404255
2369187,GGG,2013J,0.1,0.16666666666666666
2369266,AAA,2013J,0.05,0.02631578947368421
2369415,AAA,2014J,0.05,0.0625
2372788,FFF,2013J,0.2,0.04
2373245,GGG,2014J,0.25,0.29411764705882354
2374002,FFF,2013J,0.25,0.04310344827586207
2374051,DDD,2013B,0.0,0.0
2374404,DDD,2013B,0.0,0.0
2375123,DDD,2013B,0.1,0.125
2375123,DDD,2013J,0.0,0.0
2375627,DDD,2013J,0.05,0.022222222222222223
2375759,BBB,2014J,0.25,0.09259259259259259
2375975,AAA,2014J,0.25,0.16666666666666666
2376496,AAA,2013J,0.2,0.12903225806451613
2376512,CCC,2014J,0.2,0.13333333333333333
2376512,EEE,2014B,0.15,0.125
2376628,BBB,2013B,0.05,0.05263157894736842
2377567,BBB,2013B,0.2,0.0975609756097561
2377623,DDD,2013B,0.15,0.043478260869565216
2377769,DDD,2013J,0.0,0.0
2378208,FFF,2014J,0.25,0.05263157894736842
2378591,GGG,2014J,0.1,0.2
2379431,GGG,2013J,0.15,0.375
2379512,FFF,2013J,0.2,0.04040404040404041
2380539,BBB,2013B,0.15,0.08571428571428572
2381745,FFF,2013B,0.2,0.08333333333333333
2381845,DDD,2013B,0.05,0.03225806451612903
2382048,DDD,2013J,0.05,0.030303030303030304
2382253,BBB,2013J,0.15,0.1875
2383036,DDD,2013J,0.1,0.025974025974025976
2383307,FFF,2014B,0.15,0.03409090909090909
2383780,FFF,2013J,0.25,0.09259259259259259
2383921,FFF,2013B,0.2,0.04597701149425287
2383983,CCC,2014J,0.2,0.08163265306122448
2384666,CCC,2014J,0.05,0.25
2384819,BBB,2013B,0.0,0.0
2385665,BBB,2014J,0.2,0.09523809523809523
2386281,GGG,2013J,0.2,0.21052631578947367
2386732,FFF,2014J,0.3,0.04878048780487805
2387054,FFF,2013B,0.05,0.02
2387566,GGG,2013J,0.15,0.375
2387725,FFF,2013J,0.1,0.10526315789473684
2388030,DDD,2013J,0.05,0.047619047619047616
2388623,CCC,2014J,0.0,0.0
2388623,DDD,2013B,0.05,0.025
2389267,FFF,2013B,0.15,0.03333333333333333
2389754,EEE,2013J,0.05,0.047619047619047616
2390117,BBB,2013J,0.25,0.1282051282051282
2391004,CCC,2014B,0.1,0.04081632653061224
2391004,EEE,2014B,0.1,0.10526315789473684
2391689,DDD,2014J,0.1,0.06896551724137931
2391984,AAA,2013J,0.05,0.05555555555555555
2392327,FFF,2013B,0.0,0.0
2392554,GGG,2014B,0.15,0.2727272727272727
2392789,BBB,2014B,0.05,0.043478260869565216
2392824,BBB,2013J,0.0,0.0
2393230,FFF,2013J,0.2,0.09302325581395349
2393261,FFF,2013J,0.0,0.0
2393945,CCC,2014J,0.35,0.11666666666666667
2394090,CCC,2014J,0.15,0.05660377358490566
2394090,DDD,2014B,0.0,0.0
2394352,GGG,2013J,0.1,0.6666666666666666
2395804,FFF,2013B,0.15,0.047619047619047616
2396381,FFF,2013J,0.3,0.075
2396471,DDD,2014J,0.45,0.11538461538461539
2396643,DDD,2014J,0.15,0.13043478260869565
2396985,CCC,2014J,0.2,0.07142857142857142
2397661,AAA,2014J,0.2,0.08695652173913043
2398313,AAA,2014J,0.3,0.18181818181818182
2399758,FFF,2014J,0.2,0.06153846153846154
2399951,DDD,2014B,0.0,0.0
2400764,DDD,2013B,0.0,0.0
2400764,DDD,2014J,0.05,0.1
2400851,BBB,2013J,0.05,0.02702702702702703
2401304,BBB,2014J,0.25,0.10869565217391304
2403701,FFF,2014J,0.3,0.05217391304347826
2404408,AAA,2014J,0.05,0.1111111111111111
2405934,CCC,2014J,0.5,0.18867924528301888
2406709,DDD,2013B,0.1,0.04
2407594,BBB,2014J,0.05,0.038461538461538464
2407762,FFF,2013B,0.0,0.0
2408307,EEE,2013J,0.4,0.22857142857142856
2410140,GGG,2014B,0.0,0.0
2410519,CCC,2014B,0.05,0.041666666666666664
2410519,FFF,2014B,0.2,0.0380952380952381
2410544,BBB,2014J,0.1,0.06896551724137931
2410609,CCC,2014J,0.0,0.0
2410632,EEE,2014J,0.05,0.125
2411595,BBB,2013J,0.15,0.17647058823529413
2411661,AAA,2013J,0.1,0.16666666666666666
2411773,FFF,2013J,0.15,0.046153846153846156
2411778,AAA,2013J,0.0,0.0
2412002,AAA,2013J,0.05,0.024390243902439025
2412152,FFF,2013J,0.5,0.055865921787709494
2412967,AAA,2013J,0.05,0.02857142857142857
2413037,CCC,2014J,0.25,0.2
2413191,FFF,2013B,0.05,0.02040816326530612
2413895,FFF,2014B,0.0,0.0
2414945,BBB,2014J,0.1,0.15384615384615385
2414973,DDD,2014B,0.05,0.05555555555555555
2415414,BBB,2013J,0.2,0.06153846153846154
2415436,FFF,2013J,0.1,0.03278688524590164
2415480,DDD,2014B,0.3,0.08823529411764706
2415526,CCC,2014J,0.15,0.08571428571428572
2416024,DDD,2013J,0.0,0.0
2416424,DDD,2014B,0.15,0.041666666666666664
2416501,DDD,2014B,0.3,0.07407407407407407
2416774,BBB,2013J,0.0,0.0
2417433,FFF,2013J,0.0,0.0
2417433,FFF,2014J,0.0,0.0
2417702,GGG,2013J,0.05,0.047619047619047616
2417975,FFF,2014J,0.0,0.0
2418045,DDD,2013B,0.65,0.09774436090225563
2418277,DDD,2014J,0.05,0.05
2418580,DDD,2013B,0.15,0.05357142857142857
2418732,CCC,2014B,0.1,0.047619047619047616
2418732,EEE,2013J,0.1,0.07407407407407407
2419115,CCC,2014B,0.2,0.08
2419926,FFF,2013B,0.2,0.06896551724137931
2420364,GGG,2013J,0.1,0.13333333333333333
2420725,BBB,2014B,0.0,0.0
2420909,BBB,2013J,0.05,0.058823529411764705
2421961,CCC,2014B,0.0,0.0
2421961,CCC,2014J,0.0,0.0
2421961,DDD,2013J,0.05,0.03225806451612903
2423002,FFF,2013J,0.0,0.0
2423655,DDD,2014J,0.05,0.07692307692307693
2424257,FFF,2014J,0.15,0.05660377358490566
2424750,FFF,2013B,0.2,0.06896551724137931
2425156,BBB,2013J,0.1,0.07407407407407407
2425993,AAA,2014J,0.05,0.043478260869565216
2426332,FFF,2014B,0.2,0.09523809523809523
2426864,BBB,2014J,0.1,0.1
2427845,FFF,2014J,0.15,0.030303030303030304
2427886,EEE,2014J,0.15,0.15789473684210525
2428341,BBB,2014J,0.05,0.0625
2429854,AAA,2014J,0.0,0.0
2430070,DDD,2013J,0.05,0.019230769230769232
2430405,DDD,2013J,0.35,0.09722222222222222
2432551,BBB,2014J,0.15,0.25
2432655,DDD,2014J,0.0,0.0
2432796,AAA,2014J,0.15,0.15
2433069,CCC,2014B,0.1,0.05263157894736842
2433221,CCC,2014B,0.2,0.08695652173913043
2434017,FFF,2013B,0.1,0.5
2434159,AAA,2014J,0.15,0.23076923076923078
2434339,EEE,2014B,0.3,0.2608695652173913
2434369,DDD,2013J,0.3,0.049586776859504134
2434666,CCC,2014J,0.0,0.0
2435726,EEE,2013J,0.25,0.18518518518518517
2435795,FFF,2013J,0.05,0.014285714285714285
2436089,FFF,2013B,0.0,0.0
2436400,DDD,2014B,0.25,0.06578947368421052
2436711,BBB,2014J,0.2,0.07692307692307693
2436812,AAA,2014J,0.15,0.14285714285714285
2437065,DDD,2013J,0.2,0.0784313725490196
2437428,BBB,2014B,0.0,0.0
2437591,EEE,2014J,0.15,0.11538461538461539
2437837,AAA,2013J,0.15,0.07317073170731707
2437930,FFF,2014B,0.1,0.05
2438784,FFF,2014J,0.45,0.1
2439201,BBB,2013B,0.05,0.125
2439239,FFF,2013B,0.1,0.04
2440301,FFF,2013J,0.1,0.02631578947368421
2440756,BBB,2014B,0.05,0.07692307692307693
2441910,FFF,2013B,0.1,0.06896551724137931
2442423,EEE,2014J,0.05,0.125
2442685,BBB,2013B,0.0,0.0
2444088,BBB,2013B,0.05,0.041666666666666664
2444501,BBB,2014B,0.0,0.0
2444632,DDD,2013B,0.15,0.057692307692307696
2444641,BBB,2013J,0.1,0.14285714285714285
2444705,BBB,2014J,0.2,0.0851063829787234
2445085,FFF,2013J,0.1,0.044444444444444446
2445088,BBB,2013B,0.0,0.0
2445410,FFF,2013B,0.35,0.07446808510638298
2445562,GGG,2014B,0.2,0.16
2446109,DDD,2013J,0.15,0.04
2446144,BBB,2013B,0.0,0.0
2446599,BBB,2014B,0.15,0.15789473684210525
2446694,BBB,2014J,0.05,0.058823529411764705
2447528,CCC,2014B,0.05,0.1111111111111111
2448082,FFF,2014B,0.0,0.0
2449399,BBB,2014J,0.25,0.12195121951219512
2449737,FFF,2013J,0.0,0.0
2449819,FFF,2013J,0.25,0.06172839506172839
2449878,AAA,2013J,0.0,0.0
2450600,DDD,2014B,0.25,0.07462686567164178
2450650,DDD,2014B,0.1,0.05263157894736842
2451003,DDD,2014B,0.15,0.06
2451269,BBB,2013J,0.05,0.05555555555555555
2451523,CCC,2014J,0.15,0.07317073170731707
2451672,DDD,2013B,0.1,0.07692307692307693
2451726,EEE,2013J,0.0,0.0
2452045,GGG,2014B,0.0,0.0
2452111,DDD,2014J,0.0,0.0
2452289,BBB,2013J,0.35,0.09090909090909091
2452606,FFF,2013J,0.2,0.125
2452902,DDD,2013J,0.0,0.0
2452902,DDD,2014B,0.0,0.0
2453657,BBB,2013J,0.0,0.0
2453691,EEE,2014J,0.3,0.21428571428571427
2454653,FFF,2013J,0.2,0.05
2454878,CCC,2014B,0.0,0.0
2454878,FFF,2013J,0.2,0.038461538461538464
2454933,DDD,2013B,0.0,0.0
2455066,BBB,2013J,0.0,0.0
2455578,BBB,2013J,0.15,0.08571428571428572
2455893,EEE,2014B,0.2,0.16666666666666666
2456387,DDD,2013B,0.05,0.058823529411764705
2456431,GGG,2014J,0.35,0.3684210526315789
2456480,AAA,2013J,0.0,0.0
2456612,DDD,2013B,0.1,0.025974025974025976
2457147,FFF,2013B,0.1,0.0273972602739726
2457256,AAA,2013J,0.1,0.06896551724137931
2457440,FFF,2014J,0.05,0.029411764705882353
2457907,DDD,2013J,0.05,0.02702702702702703
2458203,GGG,2013J,0.05,0.043478260869565216
2458355,AAA,2013J,0.15,0.07894736842105263
2458925,CCC,2014J,0.5,0.15625
2458984,BBB,2013B,0.0,0.0
2459292,FFF,2014J,0.1,0.05263157894736842
2459418,DDD,2014J,0.05,0.1
2459878,DDD,2013B,0.05,0.030303030303030304
2460080,AAA,2013J,0.25,0.10638297872340426
2460752,DDD,2013B,0.15,0.046153846153846156
2460775,DDD,2014B,0.05,0.038461538461538464
2461190,AAA,2013J,0.05,0.14285714285714285
2461936,DDD,2013J,0.1,0.029411764705882353
2462576,BBB,2014J,0.05,0.0625
2462584,GGG,2013J,0.25,0.16666666666666666
2462607,CCC,2014J,0.4,0.14814814814814814
2462628,CCC,2014J,0.05,0.09090909090909091
2462628,DDD,2013J,0.05,0.022222222222222223
2462862,CCC,2014J,0.0,0.0
2463213,BBB,2013J,0.2,0.07692307692307693
2463950,BBB,2013J,0.25,0.25
2464118,CCC,2014J,0.05,0.041666666666666664
2464118,EEE,2014J,0.15,0.07142857142857142
2464386,CCC,2014J,0.05,0.05
2464683,BBB,2013J,0.05,0.045454545454545456
2464683,DDD,2014J,0.25,0.060240963855421686
2464963,BBB,2013B,0.05,0.058823529411764705
2465105,FFF,2013J,0.1,0.0392156862745098
2465589,FFF,2013J,0.0,0.0
2465876,DDD,2013B,0.15,0.05084745762711865
2467267,AAA,2014J,0.05,0.2
2468232,FFF,2013J,0.0,0.0
2468280,BBB,2013J,0.0,0.0
2468706,BBB,2013J,0.1,0.08333333333333333
2469321,FFF,2013J,0.15,0.02702702702702703
2469673,AAA,2013J,0.4,0.25
2469688,CCC,2014J,0.05,0.021739130434782608
2469688,FFF,2013J,0.05,0.014492753623188406
2470326,CCC,2014J,0.0,0.0
2470326,FFF,2014J,0.0,0.0
2470672,BBB,2013B,0.0,0.0
2470694,AAA,2013J,0.1,0.06896551724137931
2470694,AAA,2014J,0.05,0.07142857142857142
2471283,CCC,2014B,0.15,0.0967741935483871
2471673,DDD,2014J,0.05,0.047619047619047616
2472033,FFF,2013J,0.3,0.08823529411764706
2472132,FFF,2013J,0.2,0.0449438202247191
2472145,DDD,2013J,0.0,0.0
2472178,EEE,2014B,0.2,0.25
2472995,CCC,2014J,0.0,0.0
2473025,DDD,2014B,0.15,0.05263157894736842
2473456,DDD,2013J,0.35,0.07777777777777778
2473538,AAA,2014J,0.3,0.0967741935483871
2473780,BBB,2013J,0.05,0.03225806451612903
2474006,EEE,2013J,0.15,0.15789473684210525
2474493,BBB,2013B,0.0,0.0
2474925,FFF,2013B,0.1,0.6666666666666666
2474995,EEE,2013J,0.2,0.15384615384615385
2475591,BBB,2014J,0.15,0.05454545454545454
2475780,BBB,2013B,0.0,0.0
2476144,BBB,2014B,0.05,0.04
2476409,DDD,2014J,0.0,0.0
2476649,BBB,2013B,0.0,0.0
2476998,DDD,2013B,0.1,0.03278688524590164
2477040,GGG,2013J,0.0,0.0
2477052,DDD,2013J,0.05,0.014925373134328358
2477792,DDD,2013J,0.0,0.0
2479086,DDD,2013B,0.0,0.0
2479413,FFF,2013B,0.35,0.07526881720430108
2479954,AAA,2013J,0.0,0.0
2480886,FFF,2014J,0.05,0.017857142857142856
2481224,BBB,2013B,0.15,0.10344827586206896
2481482,FFF,2014B,0.25,0.09615384615384616
2481629,DDD,2014J,0.2,0.07547169811320754
2481646,FFF,2013B,0.25,0.054945054945054944
2481765,BBB,2013B,0.0,0.0
2481901,AAA,2013J,0.0,0.0
2482700,AAA,2013J,0.1,0.07142857142857142
2482710,FFF,2014J,0.3,0.07407407407407407
2482885,GGG,2013J,0.25,0.4166666666666667
2482994,BBB,2014B,0.0,0.0
2482994,BBB,2014J,0.0,0.0
2483179,BBB,2013B,0.15,0.08823529411764706
2483382,CCC,2014J,0.0,0.0
2483568,BBB,2013B,0.0,0.0
2484726,DDD,2014J,0.25,0.09615384615384616
2485582,DDD,2013J,0.15,0.058823529411764705
2485655,EEE,2013J,0.05,0.034482758620689655
2486127,AAA,2013J,0.1,0.08
2486159,BBB,2014J,0.25,0.125
2486769,CCC,2014B,0.1,0.05555555555555555
2486769,DDD,2013J,0.15,0.05660377358490566
2486930,FFF,2014J,0.15,0.045454545454545456
2487430,BBB,2014J,0.05,0.14285714285714285
2487541,BBB,2013B,0.0,0.0
2487573,BBB,2014J,0.1,0.044444444444444446
2487785,BBB,2014B,0.25,0.38461538461538464
2487982,FFF,2013J,0.2,0.03007518796992481
2487990,EEE,2013J,0.25,0.23809523809523808
2488251,FFF,2013B,0.0,0.0
2488382,CCC,2014B,0.15,0.10714285714285714
2492219,FFF,2014B,0.1,0.038461538461538464
2492787,FFF,2014B,0.2,0.05405405405405406
2492827,EEE,2014B,0.25,0.2631578947368421
2494258,BBB,2014J,0.0,0.0
2494306,DDD,2014J,0.0,0.0
2494507,CCC,2014B,0.25,0.1724137931034483
2494700,AAA,2014J,0.25,0.1388888888888889
2494999,DDD,2013J,0.05,0.02631578947368421
2496748,FFF,2013B,0.15,0.031914893617021274
2497624,BBB,2014J,0.0,0.0
2498139,GGG,2013J,0.1,0.09090909090909091
2498299,BBB,2013B,0.05,0.043478260869565216
2498388,CCC,2014B,0.05,0.023809523809523808
2498388,DDD,2013B,0.05,0.027777777777777776
2498614,EEE,2014J,0.05,0.2
2498700,AAA,2013J,0.05,0.02040816326530612
2499307,DDD,2013B,0.0,0.0
2499307,FFF,2014J,0.0,0.0
2499525,DDD,2014J,0.25,0.0684931506849315
2499779,CCC,2014J,0.1,0.08
2500064,CCC,2014J,0.2,0.18181818181818182
2500149,FFF,2013J,0.15,0.034482758620689655
2500258,AAA,2014J,0.25,0.11363636363636363
2501479,DDD,2013B,0.05,0.04
2501768,DDD,2013B,0.15,0.05
2502127,BBB,2014B,0.1,0.11764705882352941
2502504,DDD,2013B,0.15,0.075
2502516,DDD,2014B,0.2,0.06666666666666667
2502707,DDD,2013B,0.0,0.0
2502707,DDD,2014B,0.0,0.0
2503063,CCC,2014B,0.0,0.0
2503063,FFF,2013J,0.05,0.030303030303030304
2503273,DDD,2014B,0.15,0.04411764705882353
2503799,FFF,2014B,0.05,0.01694915254237288
2504129,FFF,2014J,0.0,0.0
2505058,FFF,2014J,0.0,0.0
2505299,EEE,2013J,0.25,0.18518518518518517
2505501,DDD,2013B,0.05,0.0625
2505859,DDD,2013J,0.2,0.06666666666666667
2507271,FFF,2013B,0.1,0.6666666666666666
2507993,DDD,2014J,0.1,0.05405405405405406
2508153,GGG,2014J,0.25,0.19230769230769232
2508403,FFF,2013B,0.0,0.0
2508785,DDD,2013B,0.05,0.021739130434782608
2509321,DDD,2014J,0.1,0.038461538461538464
2509639,AAA,2014J,0.25,0.10204081632653061
2510414,BBB,2013J,0.05,0.1
2510667,FFF,2013B,0.3,0.0379746835443038
2511519,BBB,2014J,0.2,0.15384615384615385
2511859,GGG,2013J,0.15,0.13043478260869565
2512392,BBB,2013B,0.05,0.09090909090909091
2512392,BBB,2013J,0.05,0.02702702702702703
2513245,DDD,2013B,0.05,0.027777777777777776
2513954,BBB,2014B,0.0,0.0
2513997,CCC,2014B,0.1,0.10526315789473684
2514044,BBB,2014B,0.15,0.1111111111111111
2514368,AAA,2014J,0.05,0.1
2514379,BBB,2013J,0.0,0.0
2514431,FFF,2013B,0.15,0.03529411764705882
2514898,AAA,2014J,0.5,0.20408163265306123
2514949,FFF,2013B,0.15,0.031914893617021274
2516163,FFF,2014B,0.25,0.050505050505050504
2516503,AAA,2013J,0.0,0.0
2516931,GGG,2013J,0.1,0.18181818181818182
2516939,DDD,2014J,0.15,0.0967741935483871
2517389,CCC,2014J,0.05,0.05
2517864,BBB,2013B,0.0,0.0
2518069,AAA,2013J,0.15,0.075
2518617,DDD,2013B,0.0,0.0
2518653,BBB,2013B,0.1,0.09523809523809523
2519138,FFF,2014J,0.1,0.029850746268656716
2519972,GGG,2013J,0.35,0.1590909090909091
2520067,EEE,2014B,0.1,0.6666666666666666
2520290,BBB,2014J,0.05,0.022727272727272728
2520539,CCC,2014J,0.45,0.1323529411764706
2520649,BBB,2014J,0.3,0.18181818181818182
2520868,DDD,2013J,0.25,0.09090909090909091
2521459,AAA,2013J,0.15,0.1
2521655,FFF,2013B,0.3,0.057692307692307696
2521745,BBB,2013B,0.0,0.0
2521865,AAA,2014J,0.3,0.15789473684210525
2522093,BBB,2013B,0.1,0.06666666666666667
2522335,FFF,2013B,0.2,0.06349206349206349
2522927,AAA,2014J,0.2,0.21052631578947367
2522932,CCC,2014B,0.0,0.0
2522932,CCC,2014J,0.05,0.1111111111111111
2522932,DDD,2013J,0.15,0.03260869565217391
2523035,FFF,2013J,0.15,0.0625
2523146,DDD,2013B,0.0,0.0
2523146,DDD,2014B,0.0,0.0
2523350,BBB,2014B,0.05,0.1111111111111111
2523736,AAA,2013J,0.05,0.058823529411764705
2523751,FFF,2013J,0.0,0.0
2523915,FFF,2014B,0.25,0.1388888888888889
2523989,BBB,2014B,0.05,0.043478260869565216
2524127,BBB,2013B,0.05,0.06666666666666667
2524295,BBB,2014B,0.0,0.0
2525062,FFF,2013B,0.1,0.029411764705882353
2525964,DDD,2014J,0.2,0.06349206349206349
2526485,GGG,2014B,0.2,0.15384615384615385
2526493,CCC,2014B,0.1,0.07142857142857142
2526537,FFF,2013J,0.05,0.09090909090909091
2526784,BBB,2014B,0.0,0.0
2527066,DDD,2014J,0.25,0.07042253521126761
2528352,BBB,2013J,0.0,0.0
2528966,BBB,2013B,0.1,0.05555555555555555
2529052,FFF,2014J,0.0,0.0
2529279,AAA,2013J,0.1,0.09523809523809523
2529306,BBB,2013J,0.0,0.0
2529419,FFF,2014J,0.15,0.045454545454545456
2529663,CCC,2014B,0.25,0.2
2530976,FFF,2014J,0.15,0.12
2531031,BBB,2013B,0.05,0.030303030303030304
2531298,DDD,2013B,0.0,0.0
2532302,AAA,2013J,0.1,0.06666666666666667
2532320,FFF,2013B,0.2,0.025974025974025976
2532322,DDD,2013B,0.1,0.05714285714285714
2532323,FFF,2013B,0.0,0.0
2532647,BBB,2013J,0.05,0.09090909090909091
2532785,FFF,2014B,0.15,0.0410958904109589
2533195,GGG,2014J,0.25,0.3333333333333333
2533297,DDD,2014B,0.0,0.0
2533383,EEE,2014J,0.1,0.10526315789473684
2533391,BBB,2014B,0.1,0.11764705882352941
2533407,GGG,2014B,0.5,0.3448275862068966
2533504,FFF,2013B,0.15,0.0297029702970297
2533609,DDD,2014J,0.0,0.0
2533650,CCC,2014J,0.15,0.3333333333333333
2534165,FFF,2013J,0.2,0.04597701149425287
2534954,BBB,2014B,0.0,0.0
2535666,EEE,2014J,0.55,0.3235294117647059
2536991,AAA,2013J,0.0,0.0
2537695,DDD,2013B,0.1,0.05
2537777,FFF,2014J,0.25,0.06329113924050633
2537898,EEE,2013J,0.3,0.23076923076923078
2537934,BBB,2014J,0.15,0.2727272727272727
2538792,EEE,2014J,0.15,0.15789473684210525
2539641,BBB,2014B,0.0,0.0
2539858,BBB,2013J,0.4,0.14035087719298245
2540168,AAA,2014J,0.05,0.09090909090909091
2540195,DDD,2013J,0.0,0.0
2540362,BBB,2013B,0.05,0.25
2540424,FFF,2014B,0.0,0.0
2540724,BBB,2013J,0.05,0.037037037037037035
2540871,FFF,2014J,0.05,0.030303030303030304
2540922,DDD,2013B,0.2,0.0625
2541120,BBB,2013B,0.05,0.047619047619047616
2541388,BBB,2014B,0.35,0.125
2542116,DDD,2014J,0.05,0.023255813953488372
2542182,EEE,2014J,0.2,0.17391304347826086
2542209,FFF,2014J,0.05,0.013333333333333334
2542291,GGG,2013J,0.2,0.13333333333333333
2542431,FFF,2013J,0.1,0.045454545454545456
2542645,EEE,2013J,0.05,0.2
2542803,DDD,2013J,0.05,0.02857142857142857
2542803,DDD,2014J,0.0,0.0
2543208,FFF,2013J,0.05,0.014285714285714285
2543267,DDD,2013B,0.05,0.25
2543600,DDD,2013B,0.25,0.06578947368421052
2544448,BBB,2013J,0.15,0.16666666666666666
2544643,FFF,2014J,0.45,0.09375
2544678,DDD,2014J,0.0,0.0
2544766,FFF,2014J,0.25,0.07936507936507936
2545047,BBB,2014J,0.1,0.05263157894736842
2545113,CCC,2014B,0.0,0.0
2545113,DDD,2013B,0.0,0.0
2545629,FFF,2014B,0.2,0.08
2545923,FFF,2013J,0.15,0.046153846153846156
2546095,FFF,2013B,0.1,0.04
2546315,FFF,2014J,0.3,0.06315789473684211
2547032,DDD,2013J,0.0,0.0
2547321,DDD,2013B,0.1,0.041666666666666664
2547402,DDD,2013B,0.15,0.04
2548055,FFF,2013J,0.4,0.07547169811320754
2548877,CCC,2014B,0.25,0.10638297872340426
2549875,DDD,2013B,0.0,0.0
2549939,DDD,2013B,0.2,0.06779661016949153
2550054,DDD,2013J,0.15,0.10714285714285714
2550279,AAA,2013J,0.05,0.023809523809523808
2550290,BBB,2013J,0.0,0.0
2550534,FFF,2014J,0.1,0.15384615384615385
2550946,DDD,2014B,0.1,0.0425531914893617
2550960,EEE,2014J,0.15,0.17647058823529413
2551220,AAA,2013J,0.05,0.02857142857142857
2551797,AAA,2014J,0.0,0.0
2551932,AAA,2014J,0.1,0.125
2552412,CCC,2014J,0.15,0.08823529411764706
2552472,AAA,2013J,0.1,0.3333333333333333
2552672,DDD,2013J,0.25,0.07936507936507936
2552708,BBB,2014J,0.25,0.16129032258064516
2553363,FFF,2013B,0.3,0.0625
2553749,BBB,2013B,0.05,0.16666666666666666
2553890,BBB,2013J,0.0,0.0
2554552,FFF,2014B,0.15,0.05357142857142857
2554973,DDD,2013B,0.05,0.14285714285714285
2554973,DDD,2013J,0.0,0.0
2555225,FFF,2013J,0.1,0.03333333333333333
2555340,AAA,2013J,0.05,0.030303030303030304
2555596,CCC,2014B,0.0,0.0
2555596,CCC,2014J,0.0,0.0
2555596,DDD,2013J,0.05,0.01818181818181818
2556060,CCC,2014B,0.55,0.16666666666666666
2556345,DDD,2013J,0.0,0.0
2557008,FFF,2014J,0.25,0.06756756756756757
2557283,AAA,2013J,0.1,0.044444444444444446
2557563,CCC,2014J,0.0,0.0
2558071,CCC,2014J,0.3,0.12
2558365,FFF,2014J,0.0,0.0
2558463,DDD,2014B,0.2,0.05263157894736842
2558713,FFF,2013J,0.0,0.0
2558893,DDD,2014J,0.05,0.05263157894736842
2559144,CCC,2014J,0.15,0.075
2559144,FFF,2014J,0.1,0.02564102564102564
2559575,AAA,2013J,0.15,0.17647058823529413
2559992,BBB,2014J,0.05,0.14285714285714285
2560520,DDD,2014J,0.15,0.04918032786885246
2560595,FFF,2013B,0.1,0.029850746268656716
2560868,DDD,2013J,0.0,0.0
2561313,FFF,2014B,0.1,0.02666666666666667
2561811,DDD,2013J,0.0,0.0
2561811,DDD,2014J,0.05,0.027777777777777776
2561862,FFF,2014B,0.0,0.0
2561971,GGG,2013J,0.25,0.125
2562034,AAA,2013J,0.1,0.18181818181818182
2563095,FFF,2013J,0.15,0.05454545454545454
2563095,FFF,2014J,0.2,0.028169014084507043
2563715,GGG,2014B,0.3,0.16216216216216217
2564333,EEE,2013J,0.0,0.0
2564619,FFF,2014B,0.1,0.06666666666666667
2564711,CCC,2014B,0.1,0.07142857142857142
2564744,BBB,2013J,0.0,0.0
2566163,AAA,2013J,0.1,0.05263157894736842
2566592,AAA,2013J,0.15,0.07894736842105263
2567038,CCC,2014B,0.15,0.06976744186046512
2567038,EEE,2014B,0.05,0.05
2567054,FFF,2013B,0.1,0.0273972602739726
2567158,BBB,2013J,0.0,0.0
2567561,FFF,2013B,0.05,0.02040816326530612
2567571,FFF,2013J,0.2,0.036036036036036036
2567715,BBB,2014J,0.15,0.0967741935483871
2568059,BBB,2014B,0.15,0.07894736842105263
2568893,FFF,2013B,0.25,0.125
2569051,DDD,2013J,0.15,0.05084745762711865
2569163,BBB,2013B,0.0,0.0
2569324,AAA,2014J,0.1,0.09090909090909091
2569416,DDD,2013J,0.0,0.0
2569834,EEE,2013J,0.1,0.14285714285714285
2569942,FFF,2014B,0.3,0.045112781954887216
2570092,BBB,2014B,0.1,0.15384615384615385
2570253,DDD,2013J,0.1,0.03076923076923077
2570274,DDD,2014J,0.2,0.06349206349206349
2570396,BBB,2014J,0.0,0.0
2570929,FFF,2014B,0.1,0.018018018018018018
2571054,BBB,2014B,0.0,0.0
2571497,DDD,2013B,0.0,0.0
2572441,FFF,2013J,0.05,0.021739130434782608
2573353,BBB,2013J,0.0,0.0
2574365,BBB,2014B,0.05,0.09090909090909091
2574528,AAA,2013J,0.1,0.05555555555555555
2574583,AAA,2013J,0.1,0.06060606060606061
2574825,GGG,2014B,0.0,0.0
2574909,EEE,2013J,0.0,0.0
2574990,AAA,2014J,0.15,0.17647058823529413
2575119,FFF,2014B,0.05,0.14285714285714285
2575914,BBB,2013B,0.0,0.0
2575914,BBB,2014B,0.0,0.0
2575994,BBB,2013J,0.1,0.14285714285714285
2576637,BBB,2014J,0.15,0.06818181818181818
2577437,GGG,2014B,0.05,0.3333333333333333
2577893,EEE,2014B,0.6,0.4
2578532,BBB,2014J,0.15,0.13636363636363635
2578567,BBB,2013B,0.0,0.0
2578676,AAA,2014J,0.2,0.17391304347826086
2578802,BBB,2013J,0.1,0.08695652173913043
2578992,FFF,2013B,0.15,0.05357142857142857
2578995,AAA,2013J,0.15,0.0967741935483871
2578996,FFF,2013B,0.15,0.06
2579401,FFF,2013J,0.1,0.045454545454545456
2579459,BBB,2013B,0.05,0.05263157894736842
2579673,BBB,2013J,0.0,0.0
2579891,FFF,2014J,0.15,0.030927835051546393
2580196,FFF,2013J,0.25,0.23809523809523808
2580439,BBB,2013B,0.05,0.05555555555555555
2580545,FFF,2013J,0.25,0.042735042735042736
2580626,BBB,2014J,0.05,0.02857142857142857
2581477,AAA,2014J,0.35,0.14893617021276595
2581528,BBB,2013B,0.15,0.08823529411764706
2581536,FFF,2014B,0.2,0.07017543859649122
2581603,CCC,2014B,0.15,0.1111111111111111
2581654,FFF,2014B,0.15,0.05555555555555555
2581779,DDD,2013J,0.0,0.0
2581822,DDD,2013B,0.0,0.0
2581822,DDD,2013J,0.0,0.0
2583791,BBB,2013J,0.05,0.034482758620689655
2584244,FFF,2014J,0.2,0.041237113402061855
2584834,BBB,2013J,0.15,0.23076923076923078
2584873,AAA,2014J,0.25,0.21739130434782608
2585270,DDD,2013J,0.15,0.03896103896103896
2585285,DDD,2013B,0.1,0.029850746268656716
2585330,FFF,2014B,0.1,0.034482758620689655
2585937,BBB,2013J,0.0,0.0
2586560,AAA,2013J,0.15,0.08333333333333333
2587329,BBB,2013J,0.15,0.08823529411764706
2588201,CCC,2014B,0.1,0.08695652173913043
2588201,EEE,2013J,0.05,0.041666666666666664
2588215,DDD,2014B,0.0,0.0
2588215,DDD,2014J,0.0,0.0
2588543,DDD,2014B,0.15,0.04918032786885246
2588742,BBB,2013J,0.05,0.09090909090909091
2589096,DDD,2013J,0.0,0.0
2589352,FFF,2014B,0.1,0.03278688524590164
2590189,EEE,2013J,0.5,0.30303030303030304
2590564,BBB,2014B,0.25,0.14705882352941177
2590864,DDD,2014J,0.15,0.08571428571428572
2590999,FFF,2013B,0.1,0.05
2591421,BBB,2013B,0.05,0.1111111111111111
2591421,BBB,2013J,0.05,0.041666666666666664
2591672,GGG,2013J,0.05,0.14285714285714285
2591974,BBB,2014B,0.1,0.10526315789473684
2592923,BBB,2014B,0.0,0.0
2592973,EEE,2014J,0.2,0.14814814814814814
2593689,CCC,2014J,0.1,0.2
2593755,CCC,2014J,0.15,0.1
2593920,CCC,2014J,0.1,0.10526315789473684
2594139,AAA,2013J,0.15,0.11538461538461539
2594368,BBB,2014J,0.05,0.034482758620689655
2594888,DDD,2013B,0.1,0.03508771929824561
2595204,CCC,2014J,0.2,0.12121212121212122
2595457,DDD,2014J,0.0,0.0
2595641,FFF,2013J,0.1,0.058823529411764705
2595665,EEE,2014B,0.25,0.2777777777777778
2595730,DDD,2014B,0.1,0.06451612903225806
2595730,DDD,2014J,0.05,0.019230769230769232
2595841,AAA,2014J,0.2,0.16666666666666666
2596553,CCC,2014J,0.2,0.14285714285714285
2596621,AAA,2014J,0.1,0.0625
2596621,FFF,2013J,0.0,0.0
2597117,FFF,2014J,0.15,0.02727272727272727
2597543,BBB,2014B,0.1,0.10526315789473684
2598509,EEE,2013J,0.3,0.2608695652173913
2598871,AAA,2013J,0.05,0.02702702702702703
2598961,CCC,2014J,0.3,0.09523809523809523
2598961,EEE,2013J,0.1,0.05
2599162,FFF,2013B,0.0,0.0
2599179,EEE,2014J,0.45,0.2727272727272727
2599352,AAA,2013J,0.2,0.10810810810810811
2599784,BBB,2014J,0.15,0.07142857142857142
2599817,GGG,2013J,0.15,0.09375
2599883,CCC,2014J,0.15,0.09090909090909091
2599883,FFF,2014J,0.2,0.07017543859649122
2600688,AAA,2013J,0.0,0.0
2600862,EEE,2014B,0.1,0.08333333333333333
2600887,FFF,2013B,0.35,0.09210526315789473
2601889,AAA,2014J,0.15,0.17647058823529413
2602235,DDD,2013J,0.05,0.03571428571428571
2602264,CCC,2014B,0.0,0.0
2602264,FFF,2013J,0.1,0.025974025974025976
2602338,AAA,2014J,0.05,0.06666666666666667
2602486,DDD,2013B,0.25,0.08333333333333333
2602542,FFF,2014J,0.05,0.010526315789473684
2602679,BBB,2014B,0.1,0.2222222222222222
2602809,BBB,2013B,0.05,0.05263157894736842
2603027,FFF,2014J,0.15,0.04918032786885246
2603195,CCC,2014B,0.0,0.0
2603195,EEE,2014B,0.05,0.09090909090909091
2604212,FFF,2013B,0.4,0.08163265306122448
2604660,DDD,2013B,0.1,0.18181818181818182
2604856,EEE,2013J,0.05,0.037037037037037035
2604975,FFF,2014B,0.1,0.03508771929824561
2605337,DDD,2014J,0.15,0.05
2606098,AAA,2013J,0.0,0.0
2606636,FFF,2014B,0.25,0.05747126436781609
2606765,GGG,2014J,0.15,0.11538461538461539
2606802,AAA,2014J,0.05,0.05
2606871,DDD,2013J,0.1,0.08695652173913043
2606890,FFF,2014B,0.25,0.05952380952380952
2607641,BBB,2013J,0.05,0.05
2607824,EEE,2013J,0.3,0.1875
2607849,CCC,2014B,0.3,0.1
2608235,BBB,2013B,0.0,0.0
2608453,BBB,2013B,0.2,0.17391304347826086
2608626,DDD,2014B,0.15,0.04054054054054054
2608828,EEE,2013J,0.15,0.1111111111111111
2609069,CCC,2014J,0.0,0.0
2609908,CCC,2014B,0.0,0.0
2609908,DDD,2014B,0.0,0.0
2610745,BBB,2014J,0.05,0.047619047619047616
2611371,DDD,2014B,0.1,0.06666666666666667
2611512,BBB,2014J,0.0,0.0
2611779,DDD,2013B,0.05,0.03333333333333333
2612069,DDD,2014J,0.15,0.1111111111111111
2612102,FFF,2014J,0.3,0.04878048780487805
2612342,DDD,2014J,0.05,0.030303030303030304
2612483,BBB,2013B,0.05,0.045454545454545456
2612561,DDD,2013J,0.15,0.04225352112676056
2613116,AAA,2013J,0.05,0.038461538461538464
2613219,EEE,2014B,0.0,0.0
2613296,DDD,2013J,0.1,0.044444444444444446
2613331,CCC,2014B,0.1,0.06060606060606061
2613746,CCC,2014J,0.15,0.23076923076923078
2613746,FFF,2013J,0.0,0.0
2613930,FFF,2013B,0.25,0.0641025641025641
2614093,CCC,2014J,0.05,0.06666666666666667
2614277,FFF,2013J,0.15,0.07692307692307693
2614777,BBB,2014J,0.1,0.058823529411764705
2615169,DDD,2013J,0.05,0.03333333333333333
2615169,DDD,2014J,0.05,0.04
2615761,DDD,2013J,0.0,0.0
2615849,EEE,2013J,0.05,0.034482758620689655
2615892,DDD,2013B,0.45,0.08181818181818182
2615956,DDD,2014J,0.0,0.0
2616787,BBB,2013B,0.15,0.11538461538461539
2616950,CCC,2014B,0.1,0.07407407407407407
2616950,EEE,2013J,0.1,0.07692307692307693
2616978,FFF,2014B,0.2,0.05333333333333334
2617002,AAA,2013J,0.2,0.09523809523809523
2617541,FFF,2013B,0.25,0.053763440860215055
2617596,BBB,2013B,0.1,0.043478260869565216
2617635,EEE,2013J,0.1,0.09090909090909091
2617839,BBB,2013J,0.05,0.07142857142857142
2617999,BBB,2013B,0.2,0.09302325581395349
2619025,CCC,2014J,0.4,0.1
2619025,EEE,2013J,0.0,0.0
2619107,BBB,2013J,0.1,0.09090909090909091
2619496,DDD,2014B,0.1,0.0625
2619719,FFF,2014B,0.05,0.1
2620178,BBB,2013B,0.1,0.25
2620279,BBB,2013J,0.0,0.0
2620661,CCC,2014J,0.1,0.07692307692307693
2620661,EEE,2014B,0.05,0.03333333333333333
2620930,FFF,2014B,0.05,0.02
2620947,GGG,2014J,0.45,0.3
2621695,GGG,2013J,0.15,0.15
2621734,FFF,2013J,0.2,0.07692307692307693
2622441,CCC,2014J,0.05,0.021739130434782608
2622441,DDD,2014J,0.05,0.038461538461538464
2622465,BBB,2013B,0.3,0.08450704225352113
2622627,CCC,2014J,0.0,0.0
2622627,EEE,2014J,0.0,0.0
2622652,BBB,2014J,0.05,0.027777777777777776
2623196,FFF,2013B,0.2,0.03333333333333333
2623263,CCC,2014B,0.15,0.075
2623263,EEE,2013J,0.1,0.09523809523809523
2623427,CCC,2014J,0.0,0.0
2623427,FFF,2013B,0.05,0.014285714285714285
2623496,FFF,2013J,0.2,0.07017543859649122
2623532,DDD,2014B,0.0,0.0
2623656,BBB,2014J,0.1,0.0625
2624028,FFF,2014J,0.0,0.0
2624040,DDD,2013J,0.0,0.0
2624720,DDD,2013B,0.0,0.0
2624961,AAA,2014J,0.1,0.125
2625545,FFF,2013J,0.0,0.0
2625693,EEE,2013J,0.2,0.16666666666666666
2626179,DDD,2013B,0.15,0.10714285714285714
2626410,BBB,2013B,0.0,0.0
2626779,EEE,2014J,0.2,0.2857142857142857
2627398,BBB,2014J,0.0,0.0
2627449,DDD,2013J,0.25,0.060240963855421686
2627491,CCC,2014J,0.0,0.0
2627992,EEE,2014J,0.3,0.16666666666666666
2630284,FFF,2014J,0.0,0.0
2631225,DDD,2013J,0.0,0.0
2631298,BBB,2014J,0.1,0.06666666666666667
2631703,CCC,2014B,0.15,0.15
2632165,EEE,2014B,0.15,0.17647058823529413
2633052,FFF,2013J,0.1,0.15384615384615385
2633226,AAA,2014J,0.1,0.07142857142857142
2633235,DDD,2013B,0.1,0.034482758620689655
2634319,BBB,2014J,0.05,0.02564102564102564
2634868,FFF,2013J,0.0,0.0
2634946,BBB,2014B,0.0,0.0
2635116,DDD,2014B,0.1,0.08333333333333333
2635163,DDD,2013J,0.0,0.0
2635505,BBB,2013B,0.05,0.08333333333333333
2635829,BBB,2013B,0.05,0.05
2636225,DDD,2013B,0.15,0.05263157894736842
2636552,DDD,2014J,0.0,0.0
2636696,BBB,2014B,0.0,0.0
2636885,DDD,2013B,0.0,0.0
2636885,DDD,2013J,0.0,0.0
2637000,EEE,2014J,0.1,0.15384615384615385
2637219,DDD,2014B,0.05,0.025
2637912,CCC,2014J,0.05,0.25
2638377,BBB,2013J,0.15,0.14285714285714285
2638403,BBB,2014J,0.1,0.08
2638532,GGG,2013J,0.15,0.14285714285714285
2638818,BBB,2013J,0.15,0.09090909090909091
2639115,EEE,2014J,0.2,0.14814814814814814
2639310,CCC,2014B,0.0,0.0
2639310,DDD,2013J,0.1,0.028985507246376812
2639319,FFF,2013J,0.15,0.03529411764705882
2639410,FFF,2013B,0.1,0.15384615384615385
2639449,AAA,2013J,0.05,0.037037037037037035
2639451,DDD,2013B,0.35,0.1206896551724138
2639540,AAA,2013J,0.05,0.02702702702702703
2639611,BBB,2013B,0.05,0.034482758620689655
2639641,AAA,2013J,0.0,0.0
2640992,DDD,2013B,0.0,0.0
2641155,AAA,2013J,0.0,0.0
2641156,FFF,2014J,0.15,0.05357142857142857
2641254,EEE,2013J,0.2,0.16
2641364,EEE,2013J,0.3,0.21428571428571427
2641393,BBB,2013B,0.25,0.10638297872340426
2641486,CCC,2014B,0.05,0.07692307692307693
2641657,BBB,2014B,0.05,0.125
2641682,BBB,2014B,0.0,0.0
2641935,DDD,2014J,0.15,0.043478260869565216
2642029,BBB,2013B,0.1,0.08333333333333333
2642532,FFF,2014J,0.15,0.08333333333333333
2642616,AAA,2014J,0.05,0.03225806451612903
2642697,EEE,2014B,0.4,0.27586206896551724
2642717,BBB,2013J,0.0,0.0
2642830,DDD,2013B,0.05,0.02127659574468085
2642935,AAA,2014J,0.25,0.13513513513513514
2642994,FFF,2013J,0.0,0.0
2643002,AAA,2013J,0.2,0.08695652173913043
2643007,BBB,2014B,0.25,0.07042253521126761
2643028,DDD,2014B,0.25,0.09615384615384616
2643122,GGG,2013J,0.25,0.14285714285714285
2643472,FFF,2014J,0.15,0.03896103896103896
2643555,DDD,2013J,0.1,0.0425531914893617
2643574,FFF,2013B,0.2,0.05128205128205128
2643777,DDD,2013B,0.15,0.1
2643829,FFF,2014J,0.0,0.0
2644404,CCC,2014B,0.0,0.0
2644404,EEE,2014J,0.0,0.0
2645061,BBB,2013B,0.15,0.08571428571428572
2645731,GGG,2014J,0.4,0.20512820512820512
2645733,AAA,2013J,0.1,0.043478260869565216
2646291,DDD,2013J,0.2,0.09302325581395349
2646317,FFF,2013B,0.7,0.056910569105691054
2646737,DDD,2014J,0.1,0.06896551724137931
2647043,FFF,2013B,0.15,0.06666666666666667
2647226,DDD,2013B,0.05,0.014705882352941176
2647314,EEE,2014B,0.15,0.125
2647893,CCC,2014J,0.2,0.08695652173913043
2648035,DDD,2014B,0.0,0.0
2648187,GGG,2014J,0.25,0.29411764705882354
2648317,DDD,2013J,0.0,0.0
2648611,AAA,2014J,0.1,0.07407407407407407
2649800,AAA,2014J,0.3,0.1875
2649826,AAA,2013J,0.0,0.0
2649914,GGG,2014B,0.35,0.25925925925925924
2649947,BBB,2013B,0.1,0.06896551724137931
2649948,FFF,2014J,0.25,0.09259259259259259
2650282,AAA,2013J,0.2,0.10526315789473684
2650337,DDD,2014J,0.0,0.0
2650555,FFF,2013J,0.05,0.022727272727272728
2650741,CCC,2014J,0.0,0.0
2650741,DDD,2013J,0.2,0.0851063829787234
2652209,BBB,2014B,0.05,0.05555555555555555
2653689,DDD,2014J,0.0,0.0
2654302,BBB,2013B,0.05,0.07692307692307693
2654409,FFF,2013B,0.35,0.07865168539325842
2654602,DDD,2014J,0.0,0.0
2654628,AAA,2014J,0.1,0.14285714285714285
2654928,EEE,2014J,0.25,0.2631578947368421
2655370,FFF,2013J,0.0,0.0
2655683,DDD,2013B,0.15,0.06521739130434782
2655763,CCC,2014J,0.3,0.2727272727272727
2656100,GGG,2013J,0.2,0.16
2657781,FFF,2013B,0.3,0.06451612903225806
2657913,FFF,2014J,0.2,0.05063291139240506
2657915,EEE,2013J,0.05,0.05263157894736842
2658277,GGG,2014B,0.0,0.0
2658314,CCC,2014J,0.3,0.16666666666666666
2658856,FFF,2014J,0.3,0.061224489795918366
2658898,DDD,2013J,0.1,0.04878048780487805
2659042,BBB,2014B,0.0,0.0
2659530,DDD,2014B,0.1,0.06896551724137931
2659556,CCC,2014B,0.2,0.25
2659650,FFF,2014B,0.05,0.021739130434782608
2660408,DDD,2014B,0.0,0.0
2660510,BBB,2014J,0.15,0.13636363636363635
2661162,DDD,2014B,0.2,0.08
2661827,FFF,2014B,0.25,0.08064516129032258
2661870,DDD,2013B,0.0,0.0
2662152,DDD,2014J,0.1,0.038461538461538464
2662178,DDD,2013J,0.2,0.09090909090909091
2662716,BBB,2013J,0.0,0.0
2663010,DDD,2013J,0.0,0.0
2663131,FFF,2013J,0.0,0.0
2663195,EEE,2014J,0.15,0.2
2664024,AAA,2013J,0.05,0.043478260869565216
2665399,CCC,2014B,0.05,0.034482758620689655
2666213,FFF,2014B,0.0,0.0
2666246,AAA,2013J,0.15,0.11538461538461539
2666577,DDD,2013B,0.2,0.09090909090909091
2666831,FFF,2014B,0.15,0.047619047619047616
2667478,FFF,2014J,0.2,0.09302325581395349
2668106,CCC,2014J,0.0,0.0
2668106,DDD,2014B,0.0,0.0
2668550,CCC,2014B,0.05,0.5
2668945,DDD,2013J,0.0,0.0
2668945,DDD,2014J,0.0,0.0
2669206,DDD,2013B,0.05,0.02564102564102564
2669736,DDD,2014B,0.1,0.02631578947368421
2669816,AAA,2013J,0.0,0.0
2669995,DDD,2014B,0.1,0.046511627906976744
2670300,BBB,2014J,0.0,0.0
2670570,GGG,2013J,0.4,0.25806451612903225
2671132,AAA,2013J,0.2,0.10256410256410256
2671469,DDD,2013J,0.05,0.02702702702702703
2672138,GGG,2014B,0.5,0.4166666666666667
2672686,DDD,2013B,0.35,0.09090909090909091
2673510,GGG,2013J,0.05,0.5
2674773,FFF,2014B,0.35,0.07608695652173914
2675343,DDD,2014B,0.0,0.0
2676809,AAA,2013J,0.05,0.16666666666666666
2676920,FFF,2013B,0.2,0.04395604395604396
2677097,DDD,2013J,0.05,0.015625
2677135,GGG,2014B,0.3,0.25
2677210,DDD,2014J,0.1,0.029850746268656716
2677541,BBB,2014B,0.05,0.2
2677541,BBB,2014J,0.1,0.05263157894736842
2677624,AAA,2014J,0.2,0.15384615384615385
2677955,DDD,2013B,0.0,0.0
2678338,DDD,2013B,0.1,0.09523809523809523
2678380,DDD,2014J,0.1,0.06060606060606061
2678429,FFF,2013B,0.1,0.03508771929824561
2678643,AAA,2013J,0.35,0.15555555555555556
2679386,GGG,2013J,0.15,0.10714285714285714
2680312,AAA,2014J,0.5,0.2777777777777778
2680344,BBB,2013J,0.1,0.06060606060606061
2680380,FFF,2013J,0.1,0.03636363636363636
2680742,CCC,2014B,0.1,0.05555555555555555
2680770,BBB,2013B,0.05,0.3333333333333333
2680885,BBB,2013J,0.0,0.0
2680988,DDD,2014J,0.0,0.0
2681198,CCC,2014B,0.0,0.0
2681198,CCC,2014J,0.05,0.07142857142857142
2681198,DDD,2013J,0.0,0.0
2681198,FFF,2014J,0.0,0.0
2681270,FFF,2014B,0.2,0.06779661016949153
2681471,DDD,2013J,0.1,0.1111111111111111
2681505,BBB,2014J,0.0,0.0
2681783,BBB,2014B,0.1,0.08695652173913043
2681940,BBB,2014J,0.1,0.07692307692307693
2682002,GGG,2014B,0.3,0.1935483870967742
2682682,FFF,2014J,0.4,0.11267605633802817
2682693,BBB,2014J,0.0,0.0
2683836,DDD,2013B,0.0,0.0
2683857,FFF,2013J,0.0,0.0
2683857,FFF,2014J,0.25,0.05154639175257732
2684003,GGG,2014J,0.0,0.0
2684043,DDD,2014J,0.1,0.05
2684847,DDD,2014B,0.0,0.0
2684993,FFF,2013B,0.05,0.02
2685247,BBB,2014J,0.05,0.0625
2685827,DDD,2014B,0.3,0.10909090909090909
2685831,BBB,2013B,0.1,0.08333333333333333
2685863,DDD,2014J,0.05,0.014492753623188406
2685865,AAA,2013J,0.1,0.05263157894736842
2686035,FFF,2014J,0.05,0.045454545454545456
2686053,EEE,2014J,0.3,0.2
2686074,FFF,2013B,0.1,0.034482758620689655
2686536,FFF,2013J,0.05,0.01639344262295082
2686578,CCC,2014B,0.0,0.0
2686578,DDD,2013J,0.05,0.0136986301369863
2686609,FFF,2013J,0.0,0.0
2686712,CCC,2014J,0.05,0.125
2686712,EEE,2014J,0.0,0.0
2686865,DDD,2014B,0.1,0.09090909090909091
2686875,FFF,2013B,0.1,0.03571428571428571
2687176,FFF,2013J,0.05,1.0
2687378,BBB,2014B,0.3,0.20689655172413793
2687858,BBB,2014J,0.15,0.06976744186046512
2687989,FFF,2013J,0.0,0.0
2688067,AAA,2013J,0.0,0.0
2688166,AAA,2014J,0.0,0.0
2688202,FFF,2013J,0.05,0.125
2688495,BBB,2014J,0.05,0.025
2688692,DDD,2014B,0.0,0.0
2688945,BBB,2014J,0.1,0.06060606060606061
2689210,FFF,2014B,0.2,0.056338028169014086
2689480,GGG,2014B,0.35,0.21875
2689501,DDD,2014B,0.0,0.0
2689536,DDD,2013B,0.1,0.03278688524590164
2689863,DDD,2014J,0.0,0.0
2689958,AAA,2013J,0.05,0.02857142857142857
2691100,BBB,2013J,0.0,0.0
2691206,AAA,2013J,0.15,0.07142857142857142
2691244,AAA,2013J,0.1,0.13333333333333333
2691267,CCC,2014J,0.15,0.0625
2691566,BBB,2013J,0.1,0.18181818181818182
2691740,FFF,2013B,0.1,0.06666666666666667
2691780,DDD,2013B,0.0,0.0
2691861,CCC,2014J,0.1,0.1
2692101,DDD,2013B,0.1,0.08695652173913043
2692186,DDD,2013J,0.05,0.038461538461538464
2692327,CCC,2014B,0.4,0.1509433962264151
2692384,BBB,2013B,0.0,0.0
2692514,AAA,2014J,0.1,0.16666666666666666
2692577,DDD,2014B,0.05,0.03225806451612903
2692948,DDD,2014B,0.2,0.0975609756097561
2692969,BBB,2014J,0.05,0.034482758620689655
2693243,DDD,2013B,0.15,0.036585365853658534
2693932,FFF,2014J,0.05,0.025
2694139,FFF,2014J,0.1,0.06666666666666667
2694424,AAA,2013J,0.0,0.0
2694788,AAA,2014J,0.0,0.0
2694886,DDD,2014B,0.05,0.020833333333333332
2694919,BBB,2014J,0.0,0.0
2694933,DDD,2013B,0.35,0.14
2695362,GGG,2014B,0.05,0.0625
2695608,DDD,2013J,0.25,0.056179775280898875
2696376,DDD,2014B,0.0,0.0
2697181,CCC,2014B,0.0,0.0
2697630,FFF,2014B,0.05,0.0136986301369863
2697885,FFF,2014B,0.05,0.016129032258064516
2697921,FFF,2013J,0.05,0.02040816326530612
2697921,FFF,2014J,0.05,0.022222222222222223
2698125,FFF,2013J,0.0,0.0
2698251,DDD,2014B,0.15,0.04225352112676056
2698257,AAA,2013J,0.1,0.08
2698535,CCC,2014B,0.05,0.125
2698535,EEE,2013J,0.05,0.05555555555555555
2698577,BBB,2014J,0.0,0.0
2698588,BBB,2014J,0.1,0.06896551724137931
