id_student,code_module,code_presentation,precision,recall,f1
6516,AAA,2014J,0.1,0.09523809523809523,0.0975609756097561
11391,AAA,2013J,0.05,0.08333333333333333,0.0625
23698,CCC,2014J,0.1,0.125,0.11111111111111112
23798,BBB,2013J,0.05,0.04,0.044444444444444446
24186,GGG,2014B,0.1,0.2,0.13333333333333333
24213,DDD,2014B,0.1,0.04,0.05714285714285714
24391,GGG,2013J,0.1,0.10526315789473684,0.10256410256410256
24734,AAA,2014J,0.15,0.15,0.15
25107,BBB,2013B,0.1,0.13333333333333333,0.1142857142857143
25150,EEE,2014B,0.2,0.4444444444444444,0.2758620689655173
26023,GGG,2013J,0.1,0.18181818181818182,0.12903225806451613
26192,AAA,2014J,0.15,0.3333333333333333,0.20689655172413793
26211,FFF,2014B,0.25,0.07692307692307693,0.11764705882352941
26315,BBB,2014J,0.2,0.17391304347826086,0.18604651162790697
27116,CCC,2014J,0.25,0.16129032258064516,0.19607843137254902
27189,FFF,2014B,0.0,0.0,0.0
27417,DDD,2013J,0.0,0.0,0.0
27417,DDD,2014J,0.0,0.0,0.0
27683,FFF,2014B,0.2,0.11428571428571428,0.14545454545454545
27759,BBB,2013J,0.0,0.0,0.0
27780,EEE,2014B,0.05,0.2,0.08000000000000002
28046,DDD,2013J,0.0,0.0,0.0
28061,AAA,2014J,0.1,0.2222222222222222,0.13793103448275865
28400,AAA,2013J,0.1,0.11764705882352941,0.1081081081081081
28787,CCC,2014J,0.0,0.0,0.0
28897,FFF,2014B,0.3,0.13333333333333333,0.18461538461538463
29144,BBB,2013B,0.2,0.09302325581395349,0.12698412698412698
29335,FFF,2013J,0.1,0.045454545454545456,0.06250000000000001
29411,DDD,2013J,0.05,0.022727272727272728,0.03125000000000001
29420,CCC,2014J,0.05,0.058823529411764705,0.05405405405405405
29639,CCC,2014J,0.35,0.1891891891891892,0.24561403508771934
29639,EEE,2014B,0.1,0.2222222222222222,0.13793103448275865
29764,CCC,2014B,0.1,0.15384615384615385,0.12121212121212123
29769,FFF,2013J,0.0,0.0,0.0
29820,CCC,2014B,0.05,0.09090909090909091,0.06451612903225806
29820,EEE,2014B,0.3,0.6666666666666666,0.41379310344827586
29985,GGG,2014B,0.2,0.25,0.22222222222222224
30091,BBB,2013J,0.0,0.0,0.0
30096,CCC,2014J,0.05,0.08333333333333333,0.0625
30531,FFF,2014B,0.0,0.0,0.0
30850,CCC,2014J,0.0,0.0,0.0
31107,GGG,2014B,0.2,0.19047619047619047,0.1951219512195122
31161,CCC,2014J,0.1,0.09523809523809523,0.0975609756097561
31173,DDD,2013J,0.1,0.09090909090909091,0.09523809523809525
31296,FFF,2014J,0.05,0.043478260869565216,0.046511627906976744
31600,AAA,2014J,0.0,0.0,0.0
31604,AAA,2013J,0.05,0.08333333333333333,0.0625
31663,BBB,2013B,0.1,0.11764705882352941,0.1081081081081081
31849,BBB,2013J,0.05,0.07692307692307693,0.060606060606060615
32239,GGG,2013J,0.0,0.0,0.0
32885,AAA,2013J,0.05,0.09090909090909091,0.06451612903225806
32930,BBB,2014J,0.2,0.19047619047619047,0.1951219512195122
33796,DDD,2014J,0.05,0.058823529411764705,0.05405405405405405
33915,FFF,2013B,0.05,0.034482758620689655,0.04081632653061224
33930,DDD,2013J,0.05,0.07142857142857142,0.058823529411764705
34087,DDD,2014J,0.0,0.0,0.0
34229,BBB,2013B,0.05,0.1,0.06666666666666667
34353,BBB,2013B,0.0,0.0,0.0
34863,BBB,2013B,0.0,0.0,0.0
35340,EEE,2014B,0.1,0.3333333333333333,0.15384615384615383
35355,EEE,2013J,0.15,0.2727272727272727,0.19354838709677416
35508,CCC,2014J,0.1,0.043478260869565216,0.06060606060606061
35508,EEE,2014B,0.15,0.3,0.2
35544,FFF,2013B,0.3,0.14285714285714285,0.19354838709677416
35860,FFF,2013B,0.2,0.06666666666666667,0.1
36347,FFF,2014B,0.1,0.07692307692307693,0.08695652173913043
37298,FFF,2013B,0.05,0.027777777777777776,0.03571428571428571
37622,BBB,2013J,0.05,0.09090909090909091,0.06451612903225806
37652,CCC,2014J,0.0,0.0,0.0
38053,AAA,2013J,0.1,0.07692307692307693,0.08695652173913043
38234,BBB,2013J,0.0,0.0,0.0
38711,BBB,2014J,0.0,0.0,0.0
39208,BBB,2014J,0.05,0.047619047619047616,0.04878048780487805
39655,BBB,2013B,0.0,0.0,0.0
39882,FFF,2014B,0.1,0.09090909090909091,0.09523809523809525
40184,DDD,2013J,0.05,0.045454545454545456,0.04761904761904762
40419,DDD,2013B,0.0,0.0,0.0
40419,DDD,2013J,0.0,0.0,0.0
40563,DDD,2013J,0.0,0.0,0.0
40604,CCC,2014B,0.05,0.125,0.07142857142857144
40878,FFF,2014J,0.1,0.0625,0.07692307692307693
41060,DDD,2013B,0.0,0.0,0.0
41414,GGG,2014B,0.2,0.2857142857142857,0.23529411764705882
41547,BBB,2014J,0.05,0.05,0.05000000000000001
42552,FFF,2014J,0.2,0.11428571428571428,0.14545454545454545
42616,FFF,2013J,0.05,0.02857142857142857,0.03636363636363636
42638,CCC,2014B,0.4,0.3333333333333333,0.3636363636363636
42638,EEE,2013J,0.35,0.5,0.4117647058823529
42668,FFF,2013B,0.2,0.0851063829787234,0.11940298507462686
42746,CCC,2014J,0.15,0.125,0.13636363636363635
42746,FFF,2014B,0.2,0.05555555555555555,0.08695652173913045
43273,FFF,2013B,0.15,0.075,0.1
43284,DDD,2013B,0.0,0.0,0.0
43430,FFF,2013B,0.0,0.0,0.0
43564,EEE,2013J,0.2,0.3076923076923077,0.24242424242424246
45423,FFF,2014J,0.1,0.06060606060606061,0.07547169811320756
45462,AAA,2013J,0.1,0.15384615384615385,0.12121212121212123
45642,AAA,2013J,0.15,0.15,0.15
45664,DDD,2013B,0.05,0.1111111111111111,0.06896551724137932
46148,FFF,2014B,0.0,0.0,0.0
46605,CCC,2014B,0.15,0.1875,0.16666666666666663
46753,DDD,2014B,0.05,0.2,0.08000000000000002
46844,AAA,2014J,0.05,0.14285714285714285,0.07407407407407408
47061,EEE,2014J,0.15,0.25,0.18749999999999997
47861,FFF,2014J,0.15,0.11538461538461539,0.13043478260869565
48040,BBB,2013J,0.25,0.09615384615384616,0.1388888888888889
48152,DDD,2013J,0.15,0.10344827586206896,0.12244897959183673
48503,BBB,2013J,0.0,0.0,0.0
48635,FFF,2014B,0.15,0.1,0.12
49119,CCC,2014B,0.35,0.21875,0.2692307692307692
49123,GGG,2014B,0.0,0.0,0.0
50263,FFF,2013B,0.05,0.05263157894736842,0.05128205128205128
50476,DDD,2014B,0.0,0.0,0.0
50487,FFF,2013J,0.0,0.0,0.0
50993,BBB,2013B,0.0,0.0,0.0
51030,DDD,2014B,0.1,0.04878048780487805,0.06557377049180328
51033,DDD,2014J,0.05,0.07142857142857142,0.058823529411764705
51153,DDD,2014J,0.0,0.0,0.0
51163,DDD,2013J,0.1,0.03076923076923077,0.04705882352941177
51485,FFF,2013J,0.15,0.04918032786885246,0.07407407407407407
51576,FFF,2013J,0.05,0.04,0.044444444444444446
51955,DDD,2014J,0.0,0.0,0.0
52014,DDD,2013B,0.0,0.0,0.0
52130,AAA,2013J,0.1,0.08333333333333333,0.0909090909090909
52702,GGG,2014J,0.05,0.125,0.07142857142857144
52765,AAA,2014J,0.15,0.2,0.17142857142857143
52797,BBB,2013J,0.0,0.0,0.0
52899,BBB,2013J,0.05,0.06666666666666667,0.05714285714285715
53025,AAA,2013J,0.15,0.21428571428571427,0.1764705882352941
53136,FFF,2014B,0.05,0.04,0.044444444444444446
53166,FFF,2013J,0.05,0.037037037037037035,0.0425531914893617
53300,CCC,2014J,0.1,0.13333333333333333,0.1142857142857143
53488,DDD,2013B,0.15,0.08823529411764706,0.11111111111111112
53632,DDD,2014J,0.0,0.0,0.0
53709,FFF,2013B,0.0,0.0,0.0
53709,FFF,2014B,0.15,0.08333333333333333,0.10714285714285714
54062,EEE,2013J,0.3,0.4,0.34285714285714286
54810,DDD,2014J,0.05,0.01694915254237288,0.025316455696202535
54882,FFF,2013J,0.0,0.0,0.0
55026,BBB,2013J,0.0,0.0,0.0
55104,AAA,2014J,0.05,0.1,0.06666666666666667
55450,FFF,2013B,0.0,0.0,0.0
56637,FFF,2014J,0.1,0.05555555555555555,0.07142857142857142
56667,FFF,2014J,0.0,0.0,0.0
56789,BBB,2013J,0.0,0.0,0.0
57079,BBB,2013J,0.2,0.18181818181818182,0.1904761904761905
57227,DDD,2013J,0.05,0.03333333333333333,0.04
57285,BBB,2014J,0.0,0.0,0.0
57340,CCC,2014B,0.1,0.125,0.11111111111111112
57506,AAA,2013J,0.15,0.14285714285714285,0.14634146341463414
57818,DDD,2013J,0.2,0.07407407407407407,0.10810810810810811
57844,FFF,2013J,0.1,0.05405405405405406,0.07017543859649122
58071,AAA,2014J,0.05,0.1111111111111111,0.06896551724137932
58316,AAA,2014J,0.15,0.25,0.18749999999999997
58549,FFF,2013B,0.05,0.05555555555555555,0.052631578947368425
58617,DDD,2014B,0.05,0.125,0.07142857142857144
58640,FFF,2013J,0.05,0.05555555555555555,0.052631578947368425
58653,BBB,2014J,0.15,0.3,0.2
58731,DDD,2014J,0.05,0.041666666666666664,0.04545454545454545
58873,AAA,2013J,0.25,0.23809523809523808,0.24390243902439024
58884,FFF,2014J,0.15,0.047619047619047616,0.07228915662650602
59185,AAA,2013J,0.05,0.06666666666666667,0.05714285714285715
59272,BBB,2014J,0.05,0.047619047619047616,0.04878048780487805
59275,DDD,2013J,0.0,0.0,0.0
59370,DDD,2013J,0.0,0.0,0.0
59725,BBB,2014B,0.15,0.13636363636363635,0.14285714285714282
60135,DDD,2013B,0.0,0.0,0.0
60162,GGG,2014J,0.45,0.375,0.4090909090909091
60405,GGG,2013J,0.1,0.10526315789473684,0.10256410256410256
60416,BBB,2014B,0.0,0.0,0.0
60809,CCC,2014J,0.25,0.14705882352941177,0.18518518518518517
60809,EEE,2014J,0.2,0.5,0.28571428571428575
60830,BBB,2014B,0.1,0.25,0.14285714285714288
61227,CCC,2014J,0.3,0.15384615384615385,0.2033898305084746
61911,DDD,2014B,0.0,0.0,0.0
62034,EEE,2014J,0.3,0.6666666666666666,0.41379310344827586
62155,AAA,2013J,0.25,0.19230769230769232,0.2173913043478261
62278,CCC,2014B,0.05,0.5,0.09090909090909091
62487,AAA,2014J,0.1,0.15384615384615385,0.12121212121212123
63015,DDD,2014J,0.0,0.0,0.0
63112,EEE,2013J,0.2,0.6666666666666666,0.30769230769230765
63165,AAA,2014J,0.05,0.1111111111111111,0.06896551724137932
63295,FFF,2013J,0.0,0.0,0.0
63371,CCC,2014J,0.0,0.0,0.0
63400,AAA,2013J,0.1,0.125,0.11111111111111112
63467,BBB,2014J,0.0,0.0,0.0
63566,DDD,2013J,0.15,0.075,0.1
63721,BBB,2014B,0.0,0.0,0.0
63856,DDD,2013J,0.15,0.09375,0.11538461538461538
63949,GGG,2014J,0.2,0.5,0.28571428571428575
64275,BBB,2014B,0.05,0.14285714285714285,0.07407407407407408
64388,FFF,2013J,0.1,0.05714285714285714,0.07272727272727272
64427,FFF,2014J,0.3,0.09230769230769231,0.1411764705882353
64450,DDD,2014B,0.0,0.0,0.0
64901,GGG,2014B,0.2,0.18181818181818182,0.1904761904761905
65656,FFF,2013B,0.1,0.05714285714285714,0.07272727272727272
66254,CCC,2014B,0.0,0.0,0.0
66451,FFF,2013J,0.05,0.043478260869565216,0.046511627906976744
66713,EEE,2013J,0.2,0.5714285714285714,0.29629629629629634
67182,GGG,2013J,0.15,0.2727272727272727,0.19354838709677416
67471,DDD,2013J,0.15,0.07692307692307693,0.1016949152542373
67505,DDD,2013J,0.0,0.0,0.0
67539,EEE,2014J,0.05,0.25,0.08333333333333334
67602,DDD,2013B,0.05,0.03333333333333333,0.04
67685,EEE,2014J,0.15,0.2727272727272727,0.19354838709677416
67781,DDD,2014B,0.15,0.04918032786885246,0.07407407407407407
67785,DDD,2013B,0.05,0.03571428571428571,0.041666666666666664
68107,FFF,2013J,0.15,0.06666666666666667,0.09230769230769231
68208,FFF,2013B,0.15,0.06,0.08571428571428572
68376,DDD,2013J,0.1,0.1111111111111111,0.10526315789473685
68417,DDD,2014J,0.0,0.0,0.0
69491,DDD,2013B,0.1,0.16666666666666666,0.125
69703,CCC,2014B,0.05,0.0625,0.05555555555555556
70011,AAA,2014J,0.1,0.1,0.10000000000000002
70214,EEE,2013J,0.2,0.3333333333333333,0.25
70381,CCC,2014B,0.1,0.2222222222222222,0.13793103448275865
70464,AAA,2013J,0.05,0.07692307692307693,0.060606060606060615
70495,CCC,2014J,0.15,0.10714285714285714,0.125
70495,FFF,2013J,0.05,0.022727272727272728,0.03125000000000001
70537,EEE,2014B,0.2,0.3333333333333333,0.25
70569,BBB,2014J,0.15,0.13043478260869565,0.13953488372093023
70608,BBB,2013B,0.0,0.0,0.0
71159,FFF,2014J,0.05,0.02564102564102564,0.033898305084745756
71209,DDD,2013J,0.05,0.07692307692307693,0.060606060606060615
71252,FFF,2013J,0.05,0.02040816326530612,0.02898550724637681
71361,AAA,2013J,0.15,0.15789473684210525,0.15384615384615385
71504,BBB,2014J,0.2,0.18181818181818182,0.1904761904761905
71578,FFF,2013B,0.15,0.13043478260869565,0.13953488372093023
71676,DDD,2014J,0.1,0.05128205128205128,0.06779661016949151
71723,CCC,2014J,0.0,0.0,0.0
72114,FFF,2014B,0.2,0.06557377049180328,0.09876543209876544
72400,BBB,2014B,0.1,0.08333333333333333,0.0909090909090909
72609,CCC,2014J,0.1,0.058823529411764705,0.07407407407407408
72693,FFF,2013B,0.05,0.023809523809523808,0.03225806451612903
72864,FFF,2013J,0.15,0.08108108108108109,0.10526315789473685
73019,DDD,2014J,0.0,0.0,0.0
73489,BBB,2013J,0.0,0.0,0.0
74113,FFF,2013B,0.0,0.0,0.0
74165,FFF,2014J,0.1,0.1,0.10000000000000002
74372,AAA,2013J,0.0,0.0,0.0
74502,DDD,2013J,0.05,0.041666666666666664,0.04545454545454545
74521,FFF,2014B,0.1,0.058823529411764705,0.07407407407407408
74585,BBB,2013J,0.05,0.05555555555555555,0.052631578947368425
74695,BBB,2013B,0.05,0.05263157894736842,0.05128205128205128
74734,BBB,2013B,0.05,1.0,0.09523809523809523
75091,AAA,2013J,0.1,0.10526315789473684,0.10256410256410256
75107,FFF,2014J,0.25,0.06666666666666667,0.10526315789473685
75255,AAA,2014J,0.1,0.2,0.13333333333333333
75399,BBB,2013B,0.15,0.17647058823529413,0.16216216216216214
75427,DDD,2014J,0.2,0.16666666666666666,0.1818181818181818
75454,CCC,2014B,0.15,0.14285714285714285,0.14634146341463414
76081,DDD,2014J,0.0,0.0,0.0
76579,EEE,2014J,0.35,0.5,0.4117647058823529
76949,CCC,2014J,0.2,0.08695652173913043,0.12121212121212122
77367,AAA,2013J,0.1,0.2222222222222222,0.13793103448275865
77692,FFF,2014J,0.05,0.02702702702702703,0.03508771929824561
77744,FFF,2013J,0.1,0.1111111111111111,0.10526315789473685
77763,DDD,2013B,0.0,0.0,0.0
77995,FFF,2014J,0.0,0.0,0.0
77998,FFF,2013B,0.05,0.16666666666666666,0.07692307692307691
77998,FFF,2014B,0.15,0.061224489795918366,0.08695652173913043
78170,DDD,2013J,0.0,0.0,0.0
78645,BBB,2013B,0.0,0.0,0.0
79261,FFF,2013J,0.05,0.02040816326530612,0.02898550724637681
79403,AAA,2014J,0.05,0.3333333333333333,0.08695652173913045
79461,CCC,2014B,0.1,0.125,0.11111111111111112
79610,FFF,2014J,0.05,0.07142857142857142,0.058823529411764705
80329,CCC,2014J,0.2,0.16,0.17777777777777778
80329,DDD,2014J,0.15,0.15,0.15
80358,EEE,2014J,0.3,0.375,0.33333333333333326
80438,FFF,2014J,0.15,0.08823529411764706,0.11111111111111112
80448,GGG,2013J,0.2,0.26666666666666666,0.2285714285714286
80491,CCC,2014J,0.05,1.0,0.09523809523809523
80717,BBB,2013J,0.15,0.08333333333333333,0.10714285714285714
80745,FFF,2013B,0.05,0.08333333333333333,0.0625
80775,DDD,2014J,0.05,0.041666666666666664,0.04545454545454545
80868,CCC,2014J,0.15,0.08823529411764706,0.11111111111111112
80868,DDD,2013J,0.05,0.02631578947368421,0.034482758620689655
81351,DDD,2013B,0.05,0.043478260869565216,0.046511627906976744
82341,GGG,2013J,0.2,0.2857142857142857,0.23529411764705882
82535,BBB,2013B,0.0,0.0,0.0
82575,CCC,2014B,0.3,0.17142857142857143,0.21818181818181817
82741,BBB,2013B,0.2,0.16,0.17777777777777778
82817,FFF,2013B,0.1,0.0625,0.07692307692307693
83219,CCC,2014B,0.0,0.0,0.0
83219,EEE,2014B,0.05,0.14285714285714285,0.07407407407407408
83254,BBB,2013B,0.15,0.05660377358490566,0.0821917808219178
83603,FFF,2014B,0.1,0.08695652173913043,0.09302325581395349
84051,FFF,2013B,0.0,0.0,0.0
84245,BBB,2013B,0.0,0.0,0.0
84299,FFF,2014B,0.1,0.06666666666666667,0.08
84576,DDD,2014B,0.25,0.14705882352941177,0.18518518518518517
84604,FFF,2014J,0.25,0.13157894736842105,0.1724137931034483
84605,DDD,2014B,0.0,0.0,0.0
84664,BBB,2013B,0.0,0.0,0.0
84812,BBB,2013J,0.05,0.125,0.07142857142857144
85092,AAA,2014J,0.1,0.1111111111111111,0.10526315789473685
85144,AAA,2014J,0.0,0.0,0.0
85302,AAA,2014J,0.05,0.0625,0.05555555555555556
86047,DDD,2013B,0.05,0.058823529411764705,0.05405405405405405
86291,BBB,2013J,0.0,0.0,0.0
86669,FFF,2013J,0.05,0.0625,0.05555555555555556
87107,DDD,2013B,0.1,0.07407407407407407,0.0851063829787234
87152,FFF,2013B,0.1,0.07407407407407407,0.0851063829787234
87264,FFF,2014J,0.3,0.08108108108108109,0.12765957446808512
87322,FFF,2014J,0.1,0.05128205128205128,0.06779661016949151
87431,AAA,2014J,0.05,0.09090909090909091,0.06451612903225806
87732,BBB,2013B,0.05,0.1,0.06666666666666667
87929,GGG,2013J,0.0,0.0,0.0
88439,DDD,2014J,0.1,0.06896551724137931,0.08163265306122448
88490,DDD,2014B,0.05,0.025,0.03333333333333333
88568,EEE,2013J,0.2,0.3076923076923077,0.24242424242424246
88781,FFF,2013J,0.0,0.0,0.0
88910,DDD,2014B,0.0,0.0,0.0
89051,DDD,2013B,0.0,0.0,0.0
89092,BBB,2014B,0.0,0.0,0.0
89188,DDD,2013J,0.05,0.025,0.03333333333333333
89545,EEE,2014J,0.25,0.5555555555555556,0.3448275862068966
89727,DDD,2013J,0.0,0.0,0.0
89778,BBB,2014B,0.0,0.0,0.0
89850,BBB,2014J,0.15,0.2,0.17142857142857143
89895,FFF,2013B,0.2,0.0784313725490196,0.11267605633802816
89904,DDD,2014B,0.05,0.1,0.06666666666666667
90243,BBB,2013J,0.05,0.1111111111111111,0.06896551724137932
90361,BBB,2014B,0.0,0.0,0.0
90537,DDD,2014B,0.1,0.08333333333333333,0.0909090909090909
90901,FFF,2013J,0.1,0.0625,0.07692307692307693
91265,AAA,2013J,0.1,0.11764705882352941,0.1081081081081081
91322,BBB,2013B,0.05,0.06666666666666667,0.05714285714285715
91470,DDD,2014J,0.0,0.0,0.0
92775,DDD,2013B,0.0,0.0,0.0
92832,BBB,2013B,0.0,0.0,0.0
92947,BBB,2013B,0.0,0.0,0.0
92993,BBB,2013B,0.0,0.0,0.0
94484,CCC,2014B,0.0,0.0,0.0
94616,BBB,2013B,0.0,0.0,0.0
94961,AAA,2014J,0.05,0.1,0.06666666666666667
95356,DDD,2013B,0.05,0.05,0.05000000000000001
95746,FFF,2013J,0.15,0.08333333333333333,0.10714285714285714
95906,CCC,2014B,0.15,0.13043478260869565,0.13953488372093023
96117,GGG,2013J,0.2,0.21052631578947367,0.20512820512820512
96423,GGG,2014B,0.1,0.14285714285714285,0.11764705882352941
96592,DDD,2013B,0.05,0.02702702702702703,0.03508771929824561
96729,FFF,2013B,0.0,0.0,0.0
97006,BBB,2014B,0.0,0.0,0.0
97154,BBB,2013B,0.2,0.11764705882352941,0.14814814814814817
97567,BBB,2013J,0.0,0.0,0.0
98094,AAA,2013J,0.0,0.0,0.0
98268,BBB,2013J,0.0,0.0,0.0
98313,BBB,2013B,0.15,0.2,0.17142857142857143
98720,BBB,2013J,0.0,0.0,0.0
98842,BBB,2014J,0.0,0.0,0.0
99075,DDD,2014J,0.05,0.06666666666666667,0.05714285714285715
99670,FFF,2014B,0.1,0.13333333333333333,0.1142857142857143
99799,BBB,2014B,0.05,0.3333333333333333,0.08695652173913045
99993,FFF,2013B,0.1,0.08333333333333333,0.0909090909090909
100064,FFF,2013J,0.25,0.08928571428571429,0.13157894736842105
100561,DDD,2014J,0.0,0.0,0.0
100788,CCC,2014J,0.1,0.16666666666666666,0.125
100788,FFF,2013J,0.1,0.031746031746031744,0.048192771084337345
100893,AAA,2013J,0.0,0.0,0.0
101116,AAA,2014J,0.1,0.2857142857142857,0.14814814814814817
101217,FFF,2014J,0.0,0.0,0.0
101420,FFF,2013J,0.05,0.015151515151515152,0.023255813953488375
101781,AAA,2013J,0.15,0.15,0.15
102028,FFF,2013J,0.25,0.06944444444444445,0.10869565217391305
102221,DDD,2014J,0.05,0.05555555555555555,0.052631578947368425
102343,FFF,2013J,0.0,0.0,0.0
102806,AAA,2013J,0.1,0.10526315789473684,0.10256410256410256
102850,DDD,2013J,0.0,0.0,0.0
102854,FFF,2014J,0.0,0.0,0.0
102952,AAA,2013J,0.05,0.045454545454545456,0.04761904761904762
103496,BBB,2014J,0.05,0.09090909090909091,0.06451612903225806
103535,BBB,2014B,0.0,0.0,0.0
103800,DDD,2013J,0.0,0.0,0.0
103904,DDD,2013B,0.05,0.041666666666666664,0.04545454545454545
104054,BBB,2013B,0.05,0.14285714285714285,0.07407407407407408
104213,FFF,2013J,0.05,0.05263157894736842,0.05128205128205128
104316,FFF,2014B,0.1,0.14285714285714285,0.11764705882352941
104476,AAA,2013J,0.05,0.05263157894736842,0.05128205128205128
104480,CCC,2014J,0.0,0.0,0.0
104643,DDD,2013J,0.1,0.043478260869565216,0.06060606060606061
105168,CCC,2014J,0.0,0.0,0.0
105413,CCC,2014J,0.45,0.18,0.2571428571428572
105523,CCC,2014B,0.25,0.3125,0.2777777777777778
105523,DDD,2013J,0.05,0.05555555555555555,0.052631578947368425
105527,BBB,2013J,0.0,0.0,0.0
105629,FFF,2013J,0.15,0.06818181818181818,0.09374999999999999
105851,BBB,2013J,0.0,0.0,0.0
105883,BBB,2013J,0.0,0.0,0.0
105939,FFF,2014J,0.0,0.0,0.0
106095,BBB,2014J,0.1,0.09523809523809523,0.0975609756097561
106553,DDD,2014J,0.0,0.0,0.0
106577,AAA,2013J,0.05,0.06666666666666667,0.05714285714285715
106588,BBB,2013J,0.05,0.047619047619047616,0.04878048780487805
106793,BBB,2014J,0.0,0.0,0.0
107028,FFF,2013J,0.0,0.0,0.0
107084,FFF,2013J,0.2,0.08,0.11428571428571428
107162,FFF,2013B,0.05,0.021739130434782608,0.030303030303030304
107339,CCC,2014B,0.2,0.13793103448275862,0.16326530612244897
107339,EEE,2013J,0.15,0.3333333333333333,0.20689655172413793
107455,FFF,2014J,0.05,0.07692307692307693,0.060606060606060615
107489,AAA,2014J,0.15,0.2,0.17142857142857143
108118,BBB,2013J,0.05,0.06666666666666667,0.05714285714285715
108207,FFF,2014B,0.05,0.047619047619047616,0.04878048780487805
108281,EEE,2014J,0.25,0.5555555555555556,0.3448275862068966
108330,FFF,2013B,0.1,0.08695652173913043,0.09302325581395349
108377,BBB,2013B,0.0,0.0,0.0
108497,EEE,2014J,0.05,0.125,0.07142857142857144
108589,BBB,2013B,0.0,0.0,0.0
108760,BBB,2013J,0.0,0.0,0.0
108799,BBB,2014B,0.0,0.0,0.0
108822,FFF,2014B,0.25,0.14705882352941177,0.18518518518518517
108834,CCC,2014B,0.0,0.0,0.0
108859,BBB,2014J,0.1,0.1111111111111111,0.10526315789473685
108872,AAA,2014J,0.15,0.2,0.17142857142857143
108949,FFF,2014J,0.0,0.0,0.0
109155,AAA,2014J,0.1,0.2,0.13333333333333333
109372,BBB,2013J,0.0,0.0,0.0
109441,BBB,2014J,0.15,0.1875,0.16666666666666663
109577,CCC,2014J,0.05,0.0625,0.05555555555555556
109577,FFF,2014J,0.1,0.05555555555555555,0.07142857142857142
109772,GGG,2014B,0.0,0.0,0.0
109938,BBB,2013B,0.1,0.14285714285714285,0.11764705882352941
110085,FFF,2013B,0.05,0.025,0.03333333333333333
110116,FFF,2013B,0.0,0.0,0.0
110175,AAA,2013J,0.2,0.25,0.22222222222222224
110524,DDD,2014J,0.15,0.08333333333333333,0.10714285714285714
110640,DDD,2014J,0.0,0.0,0.0
110789,EEE,2014J,0.2,0.2222222222222222,0.2105263157894737
110881,BBB,2013B,0.05,0.3333333333333333,0.08695652173913045
110881,FFF,2013J,0.0,0.0,0.0
110911,BBB,2014J,0.1,0.4,0.16000000000000003
111360,DDD,2013J,0.1,0.09523809523809523,0.0975609756097561
111717,AAA,2013J,0.05,0.0625,0.05555555555555556
111775,FFF,2013B,0.0,0.0,0.0
111926,DDD,2013J,0.0,0.0,0.0
111926,DDD,2014J,0.0,0.0,0.0
111942,BBB,2013J,0.15,0.06382978723404255,0.08955223880597013
112245,DDD,2013B,0.1,0.07407407407407407,0.0851063829787234
112441,GGG,2014B,0.25,0.25,0.25
112454,CCC,2014J,0.2,0.11428571428571428,0.14545454545454545
113295,AAA,2013J,0.05,0.05,0.05000000000000001
113565,FFF,2013J,0.2,0.11764705882352941,0.14814814814814817
113824,EEE,2013J,0.05,0.3333333333333333,0.08695652173913045
114017,AAA,2013J,0.0,0.0,0.0
114367,CCC,2014J,0.0,0.0,0.0
114402,BBB,2014J,0.0,0.0,0.0
114500,FFF,2013J,0.2,0.10526315789473684,0.13793103448275862
114558,DDD,2013J,0.1,0.05128205128205128,0.06779661016949151
114999,AAA,2013J,0.05,0.037037037037037035,0.0425531914893617
115373,FFF,2013B,0.0,0.0,0.0
115452,BBB,2014B,0.0,0.0,0.0
116319,GGG,2014B,0.1,0.14285714285714285,0.11764705882352941
116518,CCC,2014B,0.0,0.0,0.0
116529,FFF,2014J,0.0,0.0,0.0
116541,AAA,2013J,0.05,0.04,0.044444444444444446
116603,BBB,2013B,0.0,0.0,0.0
116606,BBB,2014J,0.0,0.0,0.0
116621,FFF,2014B,0.0,0.0,0.0
116692,AAA,2013J,0.05,0.1,0.06666666666666667
116808,FFF,2013J,0.45,0.09090909090909091,0.15126050420168066
117197,EEE,2013J,0.15,0.3333333333333333,0.20689655172413793
117232,CCC,2014B,0.2,0.2,0.20000000000000004
117232,FFF,2013J,0.0,0.0,0.0
117281,DDD,2014B,0.0,0.0,0.0
117435,DDD,2013B,0.05,0.2,0.08000000000000002
117510,FFF,2014B,0.2,0.07142857142857142,0.10526315789473682
117544,BBB,2014J,0.1,0.09090909090909091,0.09523809523809525
117699,BBB,2014B,0.0,0.0,0.0
117818,AAA,2014J,0.2,0.25,0.22222222222222224
118050,FFF,2013J,0.0,0.0,0.0
118098,CCC,2014B,0.05,0.16666666666666666,0.07692307692307691
118213,BBB,2014J,0.0,0.0,0.0
118474,GGG,2014B,0.15,0.2727272727272727,0.19354838709677416
118479,DDD,2014B,0.05,0.02857142857142857,0.03636363636363636
118532,FFF,2013B,0.05,0.043478260869565216,0.046511627906976744
118668,FFF,2013B,0.0,0.0,0.0
118983,AAA,2013J,0.05,0.14285714285714285,0.07407407407407408
119310,FFF,2014J,0.1,0.05555555555555555,0.07142857142857142
119353,FFF,2013B,0.1,0.08695652173913043,0.09302325581395349
119444,GGG,2014B,0.05,0.06666666666666667,0.05714285714285715
119471,BBB,2014B,0.05,0.125,0.07142857142857144
119865,FFF,2014J,0.05,0.03225806451612903,0.0392156862745098
119898,BBB,2013J,0.0,0.0,0.0
119902,AAA,2014J,0.3,0.35294117647058826,0.3243243243243243
120236,CCC,2014J,0.15,0.5,0.23076923076923075
120611,GGG,2014B,0.0,0.0,0.0
120994,BBB,2013B,0.0,0.0,0.0
120999,DDD,2013J,0.05,0.03333333333333333,0.04
121182,GGG,2014J,0.15,0.17647058823529413,0.16216216216216214
121349,AAA,2014J,0.2,0.2,0.20000000000000004
122337,GGG,2014B,0.15,0.16666666666666666,0.15789473684210525
122392,CCC,2014B,0.15,0.375,0.21428571428571425
122459,GGG,2013J,0.0,0.0,0.0
122739,DDD,2013J,0.0,0.0,0.0
122846,GGG,2013J,0.0,0.0,0.0
122928,GGG,2013J,0.1,0.15384615384615385,0.12121212121212123
123044,AAA,2013J,0.0,0.0,0.0
123053,DDD,2014J,0.0,0.0,0.0
123087,BBB,2014J,0.0,0.0,0.0
123183,DDD,2014J,0.05,0.021739130434782608,0.030303030303030304
123462,BBB,2014B,0.0,0.0,0.0
123598,CCC,2014B,0.3,0.375,0.33333333333333326
123598,CCC,2014J,0.1,0.09090909090909091,0.09523809523809525
123598,DDD,2013J,0.0,0.0,0.0
123716,BBB,2013J,0.0,0.0,0.0
123860,BBB,2013B,0.15,0.1111111111111111,0.12765957446808512
124006,DDD,2013J,0.1,0.125,0.11111111111111112
124064,AAA,2014J,0.05,0.05263157894736842,0.05128205128205128
124193,CCC,2014B,0.15,0.375,0.21428571428571425
124304,EEE,2014J,0.15,0.3,0.2
124909,BBB,2013J,0.0,0.0,0.0
124944,GGG,2014B,0.2,0.23529411764705882,0.2162162162162162
125018,AAA,2014J,0.05,0.1111111111111111,0.06896551724137932
125055,BBB,2014B,0.0,0.0,0.0
125063,FFF,2014J,0.15,0.07692307692307693,0.1016949152542373
125407,GGG,2014J,0.0,0.0,0.0
125535,BBB,2014J,0.0,0.0,0.0
125830,DDD,2014J,0.0,0.0,0.0
125996,FFF,2013B,0.1,0.06896551724137931,0.08163265306122448
126088,FFF,2013B,0.05,0.125,0.07142857142857144
126322,BBB,2013B,0.0,0.0,0.0
126337,EEE,2013J,0.0,0.0,0.0
126394,CCC,2014B,0.0,0.0,0.0
126394,DDD,2013J,0.0,0.0,0.0
126395,CCC,2014B,0.2,0.2222222222222222,0.2105263157894737
126450,EEE,2014J,0.2,0.5714285714285714,0.29629629629629634
126608,BBB,2014B,0.05,0.08333333333333333,0.0625
126713,BBB,2014B,0.05,0.1,0.06666666666666667
126769,BBB,2014J,0.1,0.16666666666666666,0.125
126800,BBB,2014J,0.15,0.25,0.18749999999999997
126812,DDD,2013J,0.05,0.05263157894736842,0.05128205128205128
127580,DDD,2014B,0.1,0.07407407407407407,0.0851063829787234
127582,AAA,2013J,0.1,0.2,0.13333333333333333
127642,FFF,2013J,0.15,0.07692307692307693,0.1016949152542373
127988,DDD,2013J,0.0,0.0,0.0
128132,FFF,2014B,0.05,0.04,0.044444444444444446
128510,CCC,2014J,0.05,0.05,0.05000000000000001
128656,DDD,2013J,0.0,0.0,0.0
128678,DDD,2013B,0.05,0.041666666666666664,0.04545454545454545
128889,BBB,2013J,0.0,0.0,0.0
128929,EEE,2013J,0.1,0.2,0.13333333333333333
128965,DDD,2013J,0.05,0.023809523809523808,0.03225806451612903
128968,FFF,2014B,0.05,0.029411764705882353,0.03703703703703704
128971,EEE,2014B,0.25,0.5555555555555556,0.3448275862068966
129198,CCC,2014B,0.0,0.0,0.0
129212,GGG,2013J,0.2,0.23529411764705882,0.2162162162162162
129907,FFF,2014J,0.2,0.09302325581395349,0.12698412698412698
129989,DDD,2014J,0.05,0.04,0.044444444444444446
130013,BBB,2014B,0.05,0.058823529411764705,0.05405405405405405
130034,AAA,2014J,0.1,0.11764705882352941,0.1081081081081081
130403,FFF,2013B,0.1,0.047619047619047616,0.06451612903225806
130409,FFF,2014J,0.15,0.05263157894736842,0.0779220779220779
130467,DDD,2013J,0.05,0.03125,0.038461538461538464
130547,AAA,2014J,0.05,0.047619047619047616,0.04878048780487805
130636,AAA,2014J,0.05,0.25,0.08333333333333334
130658,FFF,2013J,0.2,0.07272727272727272,0.10666666666666667
130671,DDD,2013J,0.0,0.0,0.0
130992,FFF,2014B,0.1,0.08695652173913043,0.09302325581395349
131051,BBB,2013J,0.15,0.12,0.1333333333333333
131145,CCC,2014B,0.3,0.17142857142857143,0.21818181818181817
131145,DDD,2013B,0.15,0.1111111111111111,0.12765957446808512
131152,DDD,2014J,0.05,0.06666666666666667,0.05714285714285715
131222,CCC,2014J,0.1,0.18181818181818182,0.12903225806451613
131222,DDD,2013J,0.1,0.03773584905660377,0.05479452054794521
131272,FFF,2013B,0.15,0.1111111111111111,0.12765957446808512
131314,GGG,2014J,0.2,0.3333333333333333,0.25
131538,FFF,2014B,0.05,0.04,0.044444444444444446
131597,FFF,2014J,0.15,0.08571428571428572,0.10909090909090909
131612,DDD,2014J,0.05,0.038461538461538464,0.043478260869565216
131776,EEE,2014J,0.15,0.17647058823529413,0.16216216216216214
131820,GGG,2014B,0.05,0.25,0.08333333333333334
131933,CCC,2014J,0.05,0.1111111111111111,0.06896551724137932
132123,EEE,2013J,0.05,0.25,0.08333333333333334
132157,DDD,2014J,0.1,0.07692307692307693,0.08695652173913043
132157,FFF,2014B,0.1,0.0625,0.07692307692307693
132401,DDD,2013J,0.05,0.14285714285714285,0.07407407407407408
132453,FFF,2013J,0.0,0.0,0.0
132475,FFF,2014J,0.1,0.04878048780487805,0.06557377049180328
132477,FFF,2014B,0.0,0.0,0.0
132932,GGG,2014J,0.1,0.25,0.14285714285714288
132972,BBB,2014B,0.0,0.0,0.0
132976,AAA,2013J,0.05,0.06666666666666667,0.05714285714285715
133019,FFF,2013J,0.0,0.0,0.0
133068,GGG,2014B,0.1,0.16666666666666666,0.125
133104,CCC,2014B,0.0,0.0,0.0
133104,FFF,2014B,0.0,0.0,0.0
133155,BBB,2013B,0.05,0.07692307692307693,0.060606060606060615
133185,FFF,2013J,0.15,0.17647058823529413,0.16216216216216214
133322,FFF,2014B,0.05,0.06666666666666667,0.05714285714285715
133365,DDD,2014J,0.1,0.06666666666666667,0.08
133816,AAA,2014J,0.15,0.21428571428571427,0.1764705882352941
133922,AAA,2014J,0.15,0.21428571428571427,0.1764705882352941
134025,DDD,2013B,0.1,0.0392156862745098,0.05633802816901408
134123,GGG,2014B,0.1,0.13333333333333333,0.1142857142857143
134143,AAA,2013J,0.1,0.10526315789473684,0.10256410256410256
134188,DDD,2013B,0.05,0.045454545454545456,0.04761904761904762
134212,EEE,2014J,0.1,0.2857142857142857,0.14814814814814817
134243,DDD,2014J,0.0,0.0,0.0
134260,FFF,2013B,0.05,0.0625,0.05555555555555556
134563,BBB,2013J,0.05,0.041666666666666664,0.04545454545454545
134847,FFF,2014B,0.25,0.07042253521126761,0.10989010989010989
134851,FFF,2014B,0.3,0.0967741935483871,0.14634146341463414
134920,DDD,2014J,0.1,0.3333333333333333,0.15384615384615383
134982,EEE,2013J,0.25,0.625,0.35714285714285715
135075,FFF,2013B,0.1,0.01904761904761905,0.032
135280,FFF,2014J,0.35,0.07216494845360824,0.11965811965811966
135385,DDD,2013J,0.15,0.05660377358490566,0.0821917808219178
135400,AAA,2014J,0.1,0.5,0.16666666666666669
135471,AAA,2014J,0.15,0.17647058823529413,0.16216216216216214
135763,EEE,2014J,0.15,0.2727272727272727,0.19354838709677416
136054,FFF,2014B,0.0,0.0,0.0
136135,DDD,2014J,0.15,0.08571428571428572,0.10909090909090909
136335,CCC,2014J,0.0,0.0,0.0
136793,DDD,2014J,0.0,0.0,0.0
136894,FFF,2013J,0.1,0.08695652173913043,0.09302325581395349
136944,FFF,2014J,0.1,0.07407407407407407,0.0851063829787234
137281,CCC,2014J,0.0,0.0,0.0
137603,DDD,2013B,0.05,0.024390243902439025,0.03278688524590164
137873,AAA,2013J,0.05,0.07692307692307693,0.060606060606060615
137903,FFF,2013J,0.25,0.052083333333333336,0.08620689655172414
138289,BBB,2013J,0.1,0.11764705882352941,0.1081081081081081
138407,BBB,2014J,0.05,0.125,0.07142857142857144
138416,DDD,2014B,0.15,0.15789473684210525,0.15384615384615385
138704,DDD,2014B,0.0,0.0,0.0
138710,GGG,2013J,0.35,0.21212121212121213,0.26415094339622636
138715,DDD,2014J,0.0,0.0,0.0
138861,CCC,2014J,0.2,0.3333333333333333,0.25
138997,CCC,2014J,0.05,0.2,0.08000000000000002
139033,AAA,2014J,0.1,0.14285714285714285,0.11764705882352941
139190,FFF,2013J,0.05,0.05263157894736842,0.05128205128205128
139206,FFF,2014J,0.05,0.022222222222222223,0.030769230769230767
139250,BBB,2014B,0.0,0.0,0.0
139278,FFF,2013J,0.0,0.0,0.0
139329,GGG,2014B,0.25,0.2777777777777778,0.2631578947368421
139549,BBB,2013J,0.0,0.0,0.0
139949,FFF,2013B,0.0,0.0,0.0
140060,EEE,2013J,0.05,0.09090909090909091,0.06451612903225806
140719,BBB,2014B,0.0,0.0,0.0
140807,DDD,2013J,0.1,0.0625,0.07692307692307693
140866,FFF,2013B,0.0,0.0,0.0
140907,FFF,2013B,0.05,0.0625,0.05555555555555556
141355,AAA,2013J,0.0,0.0,0.0
141377,AAA,2014J,0.2,0.25,0.22222222222222224
141430,FFF,2014B,0.0,0.0,0.0
141648,FFF,2013J,0.15,0.1,0.12
141827,GGG,2014J,0.2,0.25,0.22222222222222224
141949,BBB,2013J,0.05,0.07692307692307693,0.060606060606060615
142092,CCC,2014J,0.1,0.14285714285714285,0.11764705882352941
142092,EEE,2014J,0.25,0.38461538461538464,0.30303030303030304
142310,FFF,2014J,0.1,0.06896551724137931,0.08163265306122448
142324,BBB,2014J,0.2,0.21052631578947367,0.20512820512820512
142326,AAA,2013J,0.15,0.14285714285714285,0.14634146341463414
142339,FFF,2013B,0.1,0.05714285714285714,0.07272727272727272
142819,DDD,2013B,0.0,0.0,0.0
142935,CCC,2014B,0.25,0.25,0.25
142990,GGG,2013J,0.25,0.2631578947368421,0.25641025641025644
143350,FFF,2013B,0.0,0.0,0.0
143711,EEE,2013J,0.15,0.2727272727272727,0.19354838709677416
143741,BBB,2013B,0.05,0.07692307692307693,0.060606060606060615
143755,FFF,2014J,0.05,0.037037037037037035,0.0425531914893617
144448,EEE,2013J,0.05,0.1111111111111111,0.06896551724137932
144562,FFF,2013J,0.0,0.0,0.0
144745,CCC,2014J,0.2,0.0784313725490196,0.11267605633802816
144745,EEE,2014B,0.1,0.2222222222222222,0.13793103448275865
144747,FFF,2013B,0.1,0.03125,0.047619047619047616
144801,AAA,2013J,0.15,0.14285714285714285,0.14634146341463414
144895,DDD,2013J,0.0,0.0,0.0
145114,CCC,2014J,0.1,0.2,0.13333333333333333
145114,DDD,2014B,0.1,0.25,0.14285714285714288
145130,AAA,2013J,0.15,0.17647058823529413,0.16216216216216214
145280,BBB,2014J,0.0,0.0,0.0
145282,CCC,2014B,0.15,0.13636363636363635,0.14285714285714282
145388,GGG,2014B,0.1,0.5,0.16666666666666669
145490,CCC,2014J,0.0,0.0,0.0
145544,BBB,2013B,0.15,0.10714285714285714,0.125
145640,CCC,2014J,0.05,0.05,0.05000000000000001
145640,DDD,2014B,0.1,0.05,0.06666666666666667
146165,BBB,2013J,0.0,0.0,0.0
146188,AAA,2013J,0.1,0.16666666666666666,0.125
146485,DDD,2013J,0.0,0.0,0.0
146503,AAA,2014J,0.0,0.0,0.0
146600,BBB,2013J,0.0,0.0,0.0
146651,DDD,2013B,0.0,0.0,0.0
146666,DDD,2013J,0.05,0.05555555555555555,0.052631578947368425
146738,FFF,2013J,0.05,0.018518518518518517,0.02702702702702703
146974,EEE,2013J,0.25,0.35714285714285715,0.2941176470588235
147168,FFF,2013B,0.1,0.04,0.05714285714285714
147328,DDD,2014J,0.1,0.05555555555555555,0.07142857142857142
147715,DDD,2014J,0.15,0.06818181818181818,0.09374999999999999
147756,AAA,2013J,0.05,0.16666666666666666,0.07692307692307691
147756,AAA,2014J,0.3,0.2,0.24
148414,DDD,2014J,0.05,0.05263157894736842,0.05128205128205128
148427,BBB,2014B,0.1,0.14285714285714285,0.11764705882352941
148993,AAA,2013J,0.0,0.0,0.0
148993,AAA,2014J,0.1,0.13333333333333333,0.1142857142857143
149178,FFF,2014J,0.05,0.09090909090909091,0.06451612903225806
149680,FFF,2013B,0.1,0.0425531914893617,0.05970149253731343
149693,FFF,2013B,0.0,0.0,0.0
149741,AAA,2014J,0.0,0.0,0.0
149962,AAA,2014J,0.05,1.0,0.09523809523809523
150282,FFF,2014J,0.05,0.03225806451612903,0.0392156862745098
150398,BBB,2014J,0.1,0.14285714285714285,0.11764705882352941
150763,FFF,2013B,0.2,0.14285714285714285,0.16666666666666666
151358,AAA,2013J,0.05,0.058823529411764705,0.05405405405405405
151465,FFF,2013B,0.05,0.043478260869565216,0.046511627906976744
151587,AAA,2014J,0.0,0.0,0.0
151697,BBB,2013B,0.0,0.0,0.0
151745,DDD,2014J,0.25,0.12195121951219512,0.16393442622950818
151917,BBB,2013J,0.25,0.21739130434782608,0.23255813953488372
151917,BBB,2014J,0.0,0.0,0.0
152320,DDD,2014B,0.05,0.14285714285714285,0.07407407407407408
152320,DDD,2014J,0.05,0.05555555555555555,0.052631578947368425
152428,CCC,2014B,0.05,0.043478260869565216,0.046511627906976744
152524,FFF,2014J,0.2,0.07017543859649122,0.10389610389610389
152587,FFF,2013J,0.0,0.0,0.0
152626,FFF,2014B,0.1,0.03773584905660377,0.05479452054794521
152671,GGG,2014B,0.1,0.15384615384615385,0.12121212121212123
152910,BBB,2013B,0.0,0.0,0.0
152917,FFF,2014J,0.4,0.0898876404494382,0.14678899082568808
152929,BBB,2013B,0.0,0.0,0.0
152962,CCC,2014B,0.25,0.2631578947368421,0.25641025641025644
152973,BBB,2014J,0.0,0.0,0.0
153110,FFF,2013B,0.0,0.0,0.0
153170,DDD,2014J,0.05,0.043478260869565216,0.046511627906976744
153212,BBB,2013B,0.05,0.0625,0.05555555555555556
153611,FFF,2014B,0.05,1.0,0.09523809523809523
153704,BBB,2013B,0.0,0.0,0.0
153785,FFF,2013B,0.1,0.05263157894736842,0.06896551724137931
153788,EEE,2013J,0.0,0.0,0.0
154011,BBB,2013J,0.15,0.10344827586206896,0.12244897959183673
154027,BBB,2013B,0.0,0.0,0.0
154059,FFF,2013J,0.05,0.03333333333333333,0.04
154073,DDD,2014J,0.15,0.2,0.17142857142857143
154125,BBB,2013B,0.0,0.0,0.0
154191,FFF,2013J,0.0,0.0,0.0
154540,BBB,2013B,0.0,0.0,0.0
155158,FFF,2014B,0.15,0.13636363636363635,0.14285714285714282
155256,GGG,2013J,0.15,0.13636363636363635,0.14285714285714282
155298,CCC,2014J,0.05,0.125,0.07142857142857144
155298,FFF,2013J,0.0,0.0,0.0
155484,BBB,2014J,0.1,0.11764705882352941,0.1081081081081081
155511,FFF,2013B,0.05,0.07142857142857142,0.058823529411764705
155550,AAA,2013J,0.1,0.18181818181818182,0.12903225806451613
155631,BBB,2014B,0.0,0.0,0.0
155854,AAA,2013J,0.15,0.14285714285714285,0.14634146341463414
155938,FFF,2014J,0.1,0.1,0.10000000000000002
155956,CCC,2014J,0.1,0.125,0.11111111111111112
155963,CCC,2014B,0.0,0.0,0.0
155984,AAA,2013J,0.0,0.0,0.0
155984,AAA,2014J,0.4,0.27586206896551724,0.32653061224489793
156171,FFF,2013J,0.05,0.05,0.05000000000000001
156311,BBB,2013J,0.0,0.0,0.0
156358,BBB,2014J,0.1,0.2857142857142857,0.14814814814814817
156594,EEE,2014B,0.1,0.5,0.16666666666666669
156783,DDD,2013J,0.0,0.0,0.0
156835,BBB,2013B,0.0,0.0,0.0
157060,BBB,2013J,0.0,0.0,0.0
157276,BBB,2014B,0.0,0.0,0.0
157298,DDD,2013B,0.0,0.0,0.0
157308,FFF,2013B,0.05,0.09090909090909091,0.06451612903225806
157310,DDD,2013J,0.0,0.0,0.0
157568,AAA,2013J,0.15,0.13043478260869565,0.13953488372093023
157752,BBB,2014J,0.0,0.0,0.0
157795,BBB,2013J,0.0,0.0,0.0
158611,DDD,2013J,0.0,0.0,0.0
158707,AAA,2014J,0.0,0.0,0.0
158708,EEE,2014J,0.05,0.1111111111111111,0.06896551724137932
158831,EEE,2014B,0.2,0.3076923076923077,0.24242424242424246
159287,EEE,2014J,0.05,0.3333333333333333,0.08695652173913045
159293,BBB,2014B,0.0,0.0,0.0
159484,GGG,2013J,0.1,0.25,0.14285714285714288
159906,FFF,2014J,0.1,0.09523809523809523,0.0975609756097561
159925,DDD,2013B,0.25,0.1282051282051282,0.1694915254237288
159947,FFF,2014J,0.05,0.043478260869565216,0.046511627906976744
159954,AAA,2014J,0.05,0.2,0.08000000000000002
160005,DDD,2013B,0.15,0.06521739130434782,0.09090909090909091
160026,BBB,2014J,0.0,0.0,0.0
160300,CCC,2014B,0.0,0.0,0.0
160310,FFF,2013J,0.5,0.09009009009009009,0.15267175572519084
160472,FFF,2014B,0.0,0.0,0.0
160479,GGG,2014B,0.15,0.15,0.15
160536,CCC,2014J,0.0,0.0,0.0
160536,EEE,2013J,0.1,0.5,0.16666666666666669
160945,GGG,2014B,0.15,0.1875,0.16666666666666663
160946,FFF,2013J,0.2,0.08,0.11428571428571428
161491,BBB,2013J,0.0,0.0,0.0
162210,EEE,2014J,0.15,0.25,0.18749999999999997
162650,CCC,2014B,0.05,1.0,0.09523809523809523
162809,FFF,2013J,0.0,0.0,0.0
163067,DDD,2013B,0.0,0.0,0.0
163120,FFF,2013J,0.0,0.0,0.0
163996,DDD,2014J,0.05,0.07692307692307693,0.060606060606060615
164148,FFF,2014J,0.05,0.07142857142857142,0.058823529411764705
164211,GGG,2014B,0.15,0.16666666666666666,0.15789473684210525
164259,AAA,2013J,0.05,0.08333333333333333,0.0625
164922,GGG,2013J,0.0,0.0,0.0
164935,DDD,2013J,0.0,0.0,0.0
164944,AAA,2014J,0.05,0.07692307692307693,0.060606060606060615
164968,CCC,2014J,0.05,0.07692307692307693,0.060606060606060615
164968,EEE,2013J,0.1,0.18181818181818182,0.12903225806451613
165099,BBB,2014J,0.0,0.0,0.0
165243,BBB,2013B,0.0,0.0,0.0
165376,EEE,2014B,0.05,0.16666666666666666,0.07692307692307691
165421,DDD,2013B,0.2,0.14814814814814814,0.1702127659574468
165509,EEE,2013J,0.1,1.0,0.18181818181818182
165617,FFF,2013B,0.15,0.1111111111111111,0.12765957446808512
165647,CCC,2014J,0.1,0.13333333333333333,0.1142857142857143
165733,DDD,2013B,0.05,0.045454545454545456,0.04761904761904762
165806,FFF,2013B,0.0,0.0,0.0
165904,BBB,2014B,0.2,0.21052631578947367,0.20512820512820512
166123,FFF,2014J,0.1,0.06896551724137931,0.08163265306122448
166160,CCC,2014B,0.15,0.1875,0.16666666666666663
166183,GGG,2013J,0.0,0.0,0.0
166327,FFF,2013B,0.15,0.08571428571428572,0.10909090909090909
166342,DDD,2013B,0.0,0.0,0.0
166421,FFF,2013B,0.1,0.14285714285714285,0.11764705882352941
166713,DDD,2013B,0.1,0.05714285714285714,0.07272727272727272
166988,DDD,2013B,0.0,0.0,0.0
167106,FFF,2014B,0.2,0.09090909090909091,0.12500000000000003
167791,CCC,2014B,0.2,0.15384615384615385,0.17391304347826086
167791,EEE,2014B,0.3,0.4,0.34285714285714286
167906,AAA,2013J,0.2,0.14814814814814814,0.1702127659574468
167961,AAA,2014J,0.0,0.0,0.0
168178,CCC,2014B,0.05,0.1111111111111111,0.06896551724137932
168229,FFF,2013J,0.1,0.03571428571428571,0.05263157894736841
168936,AAA,2013J,0.05,0.058823529411764705,0.05405405405405405
169008,BBB,2014J,0.15,0.0967741935483871,0.11764705882352941
169079,DDD,2013J,0.25,0.17857142857142858,0.20833333333333331
169213,BBB,2013J,0.0,0.0,0.0
169380,CCC,2014B,0.05,0.07692307692307693,0.060606060606060615
169400,BBB,2014J,0.05,0.0625,0.05555555555555556
169490,FFF,2013B,0.0,0.0,0.0
169596,FFF,2014J,0.0,0.0,0.0
169858,FFF,2013B,0.05,0.03571428571428571,0.041666666666666664
169894,DDD,2014J,0.1,0.18181818181818182,0.12903225806451613
170025,DDD,2013B,0.1,0.05405405405405406,0.07017543859649122
170030,CCC,2014J,0.15,0.13636363636363635,0.14285714285714282
170030,FFF,2013J,0.2,0.07272727272727272,0.10666666666666667
170165,FFF,2013B,0.25,0.10638297872340426,0.1492537313432836
170864,CCC,2014B,0.05,0.06666666666666667,0.05714285714285715
170874,FFF,2014J,0.0,0.0,0.0
170936,EEE,2014B,0.3,0.35294117647058826,0.3243243243243243
170943,FFF,2013J,0.1,0.06451612903225806,0.0784313725490196
171692,FFF,2013J,0.05,0.045454545454545456,0.04761904761904762
171751,BBB,2014B,0.0,0.0,0.0
171843,EEE,2014J,0.3,0.3157894736842105,0.3076923076923077
171896,CCC,2014B,0.0,0.0,0.0
171896,DDD,2013B,0.05,0.045454545454545456,0.04761904761904762
172112,AAA,2013J,0.25,0.17857142857142858,0.20833333333333331
172137,BBB,2014B,0.05,0.09090909090909091,0.06451612903225806
172493,FFF,2014J,0.2,0.1,0.13333333333333333
172797,AAA,2013J,0.25,0.18518518518518517,0.2127659574468085
172965,CCC,2014B,0.05,0.043478260869565216,0.046511627906976744
172965,DDD,2014J,0.05,0.07142857142857142,0.058823529411764705
173004,DDD,2013B,0.0,0.0,0.0
173004,DDD,2013J,0.05,0.05,0.05000000000000001
173163,BBB,2014J,0.0,0.0,0.0
173316,BBB,2013B,0.05,0.25,0.08333333333333334
173335,BBB,2013B,0.0,0.0,0.0
173370,DDD,2013J,0.15,0.08108108108108109,0.10526315789473685
173412,FFF,2014J,0.0,0.0,0.0
173710,EEE,2013J,0.15,0.21428571428571427,0.1764705882352941
173834,EEE,2013J,0.2,0.26666666666666666,0.2285714285714286
174024,AAA,2014J,0.05,0.125,0.07142857142857144
174094,AAA,2014J,0.2,0.2,0.20000000000000004
174222,BBB,2013J,0.05,0.25,0.08333333333333334
174487,BBB,2013J,0.0,0.0,0.0
174745,AAA,2014J,0.0,0.0,0.0
174782,AAA,2013J,0.1,0.1,0.10000000000000002
175392,AAA,2013J,0.05,0.125,0.07142857142857144
175447,AAA,2014J,0.05,0.07142857142857142,0.058823529411764705
175453,FFF,2013J,0.05,0.07142857142857142,0.058823529411764705
175490,CCC,2014B,0.1,0.10526315789473684,0.10256410256410256
175638,CCC,2014J,0.1,0.3333333333333333,0.15384615384615383
175932,AAA,2013J,0.0,0.0,0.0
175940,EEE,2014J,0.3,0.4,0.34285714285714286
175991,AAA,2013J,0.05,0.3333333333333333,0.08695652173913045
176092,DDD,2013B,0.15,0.09375,0.11538461538461538
177333,DDD,2013B,0.05,0.05263157894736842,0.05128205128205128
177354,DDD,2013J,0.0,0.0,0.0
177492,FFF,2014J,0.25,0.0625,0.1
177568,FFF,2013J,0.2,0.10256410256410256,0.13559322033898302
177817,DDD,2013B,0.0,0.0,0.0
177967,CCC,2014B,0.1,0.125,0.11111111111111112
177981,DDD,2013B,0.1,0.047619047619047616,0.06451612903225806
178020,DDD,2013J,0.2,0.11764705882352941,0.14814814814814817
178072,CCC,2014B,0.05,0.2,0.08000000000000002
178072,CCC,2014J,0.1,0.10526315789473684,0.10256410256410256
178118,FFF,2013J,0.0,0.0,0.0
178179,FFF,2014B,0.0,0.0,0.0
178258,DDD,2014B,0.0,0.0,0.0
178496,CCC,2014B,0.0,0.0,0.0
178963,BBB,2013J,0.0,0.0,0.0
179073,BBB,2014J,0.0,0.0,0.0
179081,FFF,2014B,0.1,0.15384615384615385,0.12121212121212123
179718,DDD,2013J,0.2,0.07407407407407407,0.10810810810810811
179892,DDD,2013B,0.1,0.09523809523809523,0.0975609756097561
180651,DDD,2013J,0.15,0.046153846153846156,0.07058823529411765
180667,DDD,2013B,0.15,0.06976744186046512,0.09523809523809525
180753,AAA,2013J,0.1,0.1,0.10000000000000002
180958,DDD,2013B,0.2,0.06666666666666667,0.1
180974,FFF,2013J,0.1,0.05405405405405406,0.07017543859649122
180976,CCC,2014B,0.2,0.2222222222222222,0.2105263157894737
181508,FFF,2013B,0.05,0.04,0.044444444444444446
181861,CCC,2014J,0.15,0.11538461538461539,0.13043478260869565
181992,FFF,2013B,0.0,0.0,0.0
182400,EEE,2014B,0.15,0.5,0.23076923076923075
182468,FFF,2013B,0.0,0.0,0.0
182824,BBB,2013B,0.0,0.0,0.0
182854,CCC,2014J,0.1,0.11764705882352941,0.1081081081081081
183057,AAA,2014J,0.0,0.0,0.0
183096,AAA,2013J,0.2,0.18181818181818182,0.1904761904761905
183331,DDD,2014B,0.0,0.0,0.0
183429,FFF,2014B,0.15,0.07894736842105263,0.10344827586206896
183714,DDD,2013B,0.15,0.13043478260869565,0.13953488372093023
183947,AAA,2013J,0.1,0.08695652173913043,0.09302325581395349
184137,GGG,2014B,0.15,0.2,0.17142857142857143
184271,AAA,2013J,0.1,0.125,0.11111111111111112
184409,DDD,2014J,0.0,0.0,0.0
184473,FFF,2013J,0.05,0.02127659574468085,0.029850746268656716
184972,BBB,2014J,0.1,0.08,0.08888888888888889
185021,BBB,2014B,0.0,0.0,0.0
185024,DDD,2014J,0.0,0.0,0.0
185057,EEE,2014B,0.1,0.3333333333333333,0.15384615384615383
185127,CCC,2014J,0.0,0.0,0.0
185127,DDD,2013J,0.05,0.02857142857142857,0.03636363636363636
185349,BBB,2013B,0.05,0.05555555555555555,0.052631578947368425
185350,AAA,2014J,0.05,0.25,0.08333333333333334
185496,FFF,2013B,0.25,0.12195121951219512,0.16393442622950818
185994,FFF,2014J,0.1,0.05,0.06666666666666667
186149,AAA,2013J,0.1,0.25,0.14285714285714288
186380,FFF,2013B,0.2,0.07407407407407407,0.10810810810810811
186476,EEE,2014B,0.0,0.0,0.0
186670,BBB,2013B,0.0,0.0,0.0
186988,BBB,2013B,0.05,0.5,0.09090909090909091
187100,AAA,2013J,0.0,0.0,0.0
187199,FFF,2013J,0.15,0.07142857142857142,0.09677419354838708
187257,BBB,2014B,0.1,0.3333333333333333,0.15384615384615383
187435,CCC,2014B,0.2,0.21052631578947367,0.20512820512820512
187601,BBB,2014B,0.15,0.13043478260869565,0.13953488372093023
187623,DDD,2013B,0.0,0.0,0.0
187663,DDD,2014B,0.0,0.0,0.0
187793,BBB,2013B,0.05,0.14285714285714285,0.07407407407407408
188026,BBB,2013J,0.0,0.0,0.0
188152,BBB,2013B,0.15,0.21428571428571427,0.1764705882352941
188251,CCC,2014J,0.0,0.0,0.0
188260,EEE,2014B,0.1,0.4,0.16000000000000003
188273,CCC,2014J,0.05,0.14285714285714285,0.07407407407407408
188273,EEE,2013J,0.1,0.16666666666666666,0.125
188278,AAA,2014J,0.1,0.125,0.11111111111111112
188662,CCC,2014J,0.1,0.10526315789473684,0.10256410256410256
188662,EEE,2014B,0.2,0.3333333333333333,0.25
188766,BBB,2014J,0.05,0.058823529411764705,0.05405405405405405
189035,BBB,2014B,0.05,0.1,0.06666666666666667
189117,EEE,2014J,0.25,0.4166666666666667,0.3125
189143,DDD,2014J,0.05,0.05,0.05000000000000001
189178,DDD,2014B,0.0,0.0,0.0
189428,CCC,2014B,0.05,0.125,0.07142857142857144
189624,CCC,2014B,0.3,0.14285714285714285,0.19354838709677416
189624,DDD,2013J,0.0,0.0,0.0
189629,EEE,2013J,0.0,0.0,0.0
189664,GGG,2013J,0.05,0.06666666666666667,0.05714285714285715
189879,AAA,2013J,0.15,0.2,0.17142857142857143
190279,DDD,2014J,0.1,0.06451612903225806,0.0784313725490196
190352,BBB,2014B,0.0,0.0,0.0
190418,FFF,2014B,0.15,0.07142857142857142,0.09677419354838708
190565,BBB,2014B,0.15,0.17647058823529413,0.16216216216216214
190780,EEE,2014J,0.2,0.23529411764705882,0.2162162162162162
190930,FFF,2014B,0.1,0.058823529411764705,0.07407407407407408
191000,EEE,2013J,0.0,0.0,0.0
191195,DDD,2013B,0.05,0.07142857142857142,0.058823529411764705
191269,BBB,2013J,0.05,0.05555555555555555,0.052631578947368425
191445,DDD,2013J,0.05,0.04,0.044444444444444446
191459,BBB,2014J,0.1,0.125,0.11111111111111112
191590,FFF,2014B,0.15,0.07692307692307693,0.1016949152542373
191746,BBB,2014J,0.05,0.16666666666666666,0.07692307692307691
191797,CCC,2014B,0.1,0.1111111111111111,0.10526315789473685
191896,DDD,2013B,0.0,0.0,0.0
191972,DDD,2013B,0.05,0.021739130434782608,0.030303030303030304
191973,BBB,2014J,0.05,0.047619047619047616,0.04878048780487805
192183,AAA,2013J,0.1,0.1111111111111111,0.10526315789473685
192186,DDD,2014B,0.0,0.0,0.0
192196,DDD,2013B,0.0,0.0,0.0
192375,DDD,2014J,0.0,0.0,0.0
192424,BBB,2013B,0.05,0.041666666666666664,0.04545454545454545
192680,FFF,2013J,0.05,0.047619047619047616,0.04878048780487805
192944,BBB,2014J,0.0,0.0,0.0
193163,CCC,2014B,0.0,0.0,0.0
193163,EEE,2014B,0.05,0.25,0.08333333333333334
193310,BBB,2014J,0.05,0.09090909090909091,0.06451612903225806
193822,BBB,2013B,0.0,0.0,0.0
193834,FFF,2013B,0.0,0.0,0.0
194163,FFF,2014J,0.3,0.1016949152542373,0.1518987341772152
195096,BBB,2013J,0.15,0.375,0.21428571428571425
195234,EEE,2013J,0.0,0.0,0.0
195246,FFF,2014J,0.15,0.2727272727272727,0.19354838709677416
195262,AAA,2013J,0.1,0.15384615384615385,0.12121212121212123
195345,BBB,2014J,0.0,0.0,0.0
195515,FFF,2014B,0.1,0.058823529411764705,0.07407407407407408
195552,FFF,2014J,0.05,0.03333333333333333,0.04
195897,EEE,2014J,0.25,0.45454545454545453,0.3225806451612903
195938,BBB,2013J,0.05,0.0625,0.05555555555555556
195940,BBB,2014J,0.0,0.0,0.0
196132,EEE,2014J,0.25,0.38461538461538464,0.30303030303030304
196189,CCC,2014J,0.15,0.16666666666666666,0.15789473684210525
196266,DDD,2013B,0.0,0.0,0.0
197240,BBB,2013J,0.0,0.0,0.0
197412,BBB,2013J,0.1,0.09090909090909091,0.09523809523809525
197486,EEE,2013J,0.1,0.25,0.14285714285714288
197536,FFF,2014J,0.05,0.07142857142857142,0.058823529411764705
197538,FFF,2014B,0.0,0.0,0.0
197595,BBB,2013B,0.0,0.0,0.0
197730,EEE,2014B,0.15,0.42857142857142855,0.2222222222222222
197759,BBB,2013J,0.0,0.0,0.0
198167,GGG,2014J,0.3,0.25,0.2727272727272727
198902,EEE,2014B,0.0,0.0,0.0
198956,BBB,2013B,0.0,0.0,0.0
199009,FFF,2014J,0.0,0.0,0.0
199029,BBB,2013J,0.05,0.047619047619047616,0.04878048780487805
199244,FFF,2013B,0.05,0.023809523809523808,0.03225806451612903
199361,CCC,2014J,0.2,0.1111111111111111,0.14285714285714285
199361,FFF,2013J,0.25,0.06666666666666667,0.10526315789473685
199446,FFF,2013B,0.05,0.021739130434782608,0.030303030303030304
199520,BBB,2013B,0.15,0.1875,0.16666666666666663
199636,AAA,2014J,0.25,0.2777777777777778,0.2631578947368421
199663,BBB,2013J,0.0,0.0,0.0
199760,CCC,2014J,0.05,0.05263157894736842,0.05128205128205128
199897,AAA,2014J,0.05,0.06666666666666667,0.05714285714285715
200095,EEE,2013J,0.1,0.2222222222222222,0.13793103448275865
200773,FFF,2013B,0.15,0.057692307692307696,0.08333333333333334
200804,AAA,2014J,0.3,0.3333333333333333,0.3157894736842105
200860,AAA,2013J,0.0,0.0,0.0
200905,BBB,2013B,0.15,0.125,0.13636363636363635
201151,DDD,2014B,0.1,0.08,0.08888888888888889
201327,CCC,2014B,0.0,0.0,0.0
201425,CCC,2014J,0.25,0.21739130434782608,0.23255813953488372
201431,BBB,2014B,0.05,0.16666666666666666,0.07692307692307691
202394,BBB,2014B,0.0,0.0,0.0
202487,FFF,2013B,0.0,0.0,0.0
202506,DDD,2013B,0.0,0.0,0.0
202606,EEE,2014J,0.1,0.25,0.14285714285714288
202677,EEE,2013J,0.1,0.5,0.16666666666666669
203050,FFF,2013B,0.05,0.024390243902439025,0.03278688524590164
203066,DDD,2013J,0.0,0.0,0.0
203481,BBB,2013B,0.0,0.0,0.0
203568,FFF,2014B,0.0,0.0,0.0
203640,BBB,2013J,0.0,0.0,0.0
203707,FFF,2013B,0.0,0.0,0.0
203963,GGG,2014B,0.2,0.23529411764705882,0.2162162162162162
204182,DDD,2013J,0.3,0.10526315789473684,0.1558441558441558
204410,DDD,2014J,0.1,0.06451612903225806,0.0784313725490196
204505,DDD,2013J,0.15,0.08333333333333333,0.10714285714285714
204609,DDD,2014J,0.1,0.14285714285714285,0.11764705882352941
204725,CCC,2014B,0.05,0.06666666666666667,0.05714285714285715
204738,GGG,2014B,0.0,0.0,0.0
204746,BBB,2013B,0.05,0.2,0.08000000000000002
204996,DDD,2013B,0.05,0.02857142857142857,0.03636363636363636
205350,AAA,2013J,0.1,0.10526315789473684,0.10256410256410256
205425,CCC,2014B,0.05,0.047619047619047616,0.04878048780487805
205425,EEE,2013J,0.15,0.2727272727272727,0.19354838709677416
205442,DDD,2013J,0.0,0.0,0.0
205494,AAA,2014J,0.05,0.1111111111111111,0.06896551724137932
205719,AAA,2013J,0.0,0.0,0.0
205788,BBB,2013J,0.1,0.09090909090909091,0.09523809523809525
206003,BBB,2014B,0.15,0.2,0.17142857142857143
206245,CCC,2014B,0.05,0.1111111111111111,0.06896551724137932
206599,CCC,2014B,0.2,0.12121212121212122,0.15094339622641512
206599,FFF,2013J,0.05,0.07142857142857142,0.058823529411764705
226374,BBB,2013B,0.05,0.1111111111111111,0.06896551724137932
226747,BBB,2014B,0.0,0.0,0.0
226827,BBB,2013B,0.05,0.07142857142857142,0.058823529411764705
226839,BBB,2014J,0.05,0.043478260869565216,0.046511627906976744
226879,GGG,2014J,0.15,0.16666666666666666,0.15789473684210525
226890,GGG,2014J,0.0,0.0,0.0
226895,DDD,2014B,0.0,0.0,0.0
227020,DDD,2013J,0.05,0.07692307692307693,0.060606060606060615
227192,CCC,2014B,0.3,0.2727272727272727,0.28571428571428564
227192,EEE,2013J,0.0,0.0,0.0
227297,FFF,2014B,0.0,0.0,0.0
227401,FFF,2013B,0.0,0.0,0.0
227416,BBB,2013J,0.05,0.3333333333333333,0.08695652173913045
227499,AAA,2013J,0.1,0.2,0.13333333333333333
227517,AAA,2013J,0.05,0.09090909090909091,0.06451612903225806
227752,CCC,2014B,0.2,0.18181818181818182,0.1904761904761905
228021,AAA,2014J,0.05,0.125,0.07142857142857144
228082,AAA,2013J,0.05,0.14285714285714285,0.07407407407407408
228138,FFF,2014B,0.0,0.0,0.0
228222,AAA,2013J,0.05,0.08333333333333333,0.0625
228258,FFF,2014B,0.2,0.17391304347826086,0.18604651162790697
228272,DDD,2014B,0.05,0.041666666666666664,0.04545454545454545
228383,AAA,2014J,0.1,0.10526315789473684,0.10256410256410256
228481,BBB,2014B,0.1,0.14285714285714285,0.11764705882352941
228633,FFF,2014J,0.0,0.0,0.0
228695,FFF,2013J,0.05,0.037037037037037035,0.0425531914893617
228703,FFF,2013B,0.05,0.08333333333333333,0.0625
228729,FFF,2014B,0.2,0.13333333333333333,0.16
228784,BBB,2014B,0.0,0.0,0.0
228824,BBB,2014B,0.0,0.0,0.0
228888,DDD,2013J,0.0,0.0,0.0
229179,AAA,2013J,0.05,0.1111111111111111,0.06896551724137932
229240,BBB,2013B,0.0,0.0,0.0
229361,AAA,2013J,0.1,0.14285714285714285,0.11764705882352941
229426,BBB,2013B,0.0,0.0,0.0
229498,FFF,2014J,0.1,0.1111111111111111,0.10526315789473685
230081,BBB,2013J,0.15,0.15789473684210525,0.15384615384615385
230279,FFF,2013B,0.05,0.045454545454545456,0.04761904761904762
230383,BBB,2014J,0.15,0.125,0.13636363636363635
230761,CCC,2014B,0.0,0.0,0.0
231017,EEE,2014J,0.15,0.21428571428571427,0.1764705882352941
231024,FFF,2013J,0.1,0.029411764705882353,0.04545454545454545
231339,CCC,2014B,0.1,0.16666666666666666,0.125
231339,EEE,2014B,0.15,0.21428571428571427,0.1764705882352941
231554,AAA,2013J,0.2,0.18181818181818182,0.1904761904761905
231572,DDD,2013J,0.2,0.1,0.13333333333333333
231606,FFF,2013J,0.0,0.0,0.0
231959,BBB,2014B,0.0,0.0,0.0
232072,CCC,2014J,0.0,0.0,0.0
232173,FFF,2014J,0.2,0.14285714285714285,0.16666666666666666
232286,FFF,2014B,0.05,0.08333333333333333,0.0625
232307,AAA,2014J,0.1,0.14285714285714285,0.11764705882352941
232347,FFF,2013J,0.0,0.0,0.0
232480,GGG,2014J,0.0,0.0,0.0
232539,BBB,2014B,0.1,0.09090909090909091,0.09523809523809525
232660,FFF,2013J,0.0,0.0,0.0
232695,BBB,2013B,0.05,0.04,0.044444444444444446
232764,FFF,2013J,0.2,0.10256410256410256,0.13559322033898302
232827,DDD,2014B,0.05,0.2,0.08000000000000002
232856,FFF,2013J,0.15,0.05084745762711865,0.0759493670886076
233087,FFF,2013J,0.15,0.039473684210526314,0.0625
233095,BBB,2014B,0.0,0.0,0.0
233102,BBB,2014B,0.0,0.0,0.0
233153,GGG,2013J,0.1,0.11764705882352941,0.1081081081081081
233311,EEE,2013J,0.15,0.3333333333333333,0.20689655172413793
233317,BBB,2013J,0.0,0.0,0.0
233335,EEE,2014J,0.15,0.2727272727272727,0.19354838709677416
233389,DDD,2013B,0.0,0.0,0.0
233444,CCC,2014J,0.0,0.0,0.0
233752,BBB,2013J,0.05,0.08333333333333333,0.0625
233771,DDD,2013B,0.05,0.034482758620689655,0.04081632653061224
233771,EEE,2013J,0.1,0.4,0.16000000000000003
233868,DDD,2014B,0.0,0.0,0.0
233873,DDD,2014J,0.1,0.07407407407407407,0.0851063829787234
233957,BBB,2013J,0.15,0.12,0.1333333333333333
234311,EEE,2013J,0.15,0.2,0.17142857142857143
234406,DDD,2013J,0.15,0.09375,0.11538461538461538
234552,DDD,2014J,0.0,0.0,0.0
234559,EEE,2014B,0.15,0.23076923076923078,0.18181818181818185
234609,FFF,2013B,0.4,0.06896551724137931,0.1176470588235294
234661,FFF,2014J,0.15,0.0967741935483871,0.11764705882352941
234727,FFF,2013B,0.05,0.034482758620689655,0.04081632653061224
234740,DDD,2013B,0.05,0.058823529411764705,0.05405405405405405
234796,FFF,2014B,0.1,0.041666666666666664,0.058823529411764705
234859,DDD,2013B,0.05,0.09090909090909091,0.06451612903225806
234929,BBB,2013J,0.0,0.0,0.0
235068,AAA,2014J,0.1,0.1,0.10000000000000002
235371,BBB,2014J,0.05,0.07142857142857142,0.058823529411764705
235380,BBB,2014B,0.05,0.16666666666666666,0.07692307692307691
235428,BBB,2014B,0.1,0.11764705882352941,0.1081081081081081
235428,DDD,2013B,0.05,0.047619047619047616,0.04878048780487805
235507,AAA,2014J,0.15,0.2,0.17142857142857143
235670,FFF,2013J,0.1,0.07692307692307693,0.08695652173913043
235768,FFF,2014J,0.05,0.08333333333333333,0.0625
235893,DDD,2014J,0.0,0.0,0.0
235971,FFF,2014J,0.0,0.0,0.0
235978,FFF,2013J,0.05,0.02040816326530612,0.02898550724637681
236090,FFF,2014J,0.05,0.08333333333333333,0.0625
236161,BBB,2014B,0.0,0.0,0.0
236205,CCC,2014B,0.35,0.28,0.3111111111111111
236284,AAA,2013J,0.05,0.03225806451612903,0.0392156862745098
236498,DDD,2013B,0.05,0.034482758620689655,0.04081632653061224
236620,CCC,2014B,0.2,0.23529411764705882,0.2162162162162162
236620,DDD,2013B,0.1,0.04081632653061224,0.05797101449275362
236844,FFF,2013B,0.05,0.043478260869565216,0.046511627906976744
236857,DDD,2013J,0.1,0.08695652173913043,0.09302325581395349
236875,AAA,2014J,0.0,0.0,0.0
236953,DDD,2013J,0.1,0.0625,0.07692307692307693
237182,FFF,2014B,0.0,0.0,0.0
237274,AAA,2014J,0.15,0.14285714285714285,0.14634146341463414
237304,BBB,2013B,0.05,0.14285714285714285,0.07407407407407408
237401,FFF,2013B,0.05,0.037037037037037035,0.0425531914893617
237602,DDD,2013J,0.1,0.04878048780487805,0.06557377049180328
237891,FFF,2014J,0.05,0.02857142857142857,0.03636363636363636
237913,BBB,2014J,0.25,0.18518518518518517,0.2127659574468085
237921,GGG,2014J,0.3,0.25,0.2727272727272727
237953,FFF,2013B,0.1,0.05,0.06666666666666667
238007,AAA,2013J,0.1,0.13333333333333333,0.1142857142857143
238144,BBB,2014J,0.05,0.1111111111111111,0.06896551724137932
238150,FFF,2013J,0.15,0.07894736842105263,0.10344827586206896
238800,DDD,2013J,0.05,0.25,0.08333333333333334
238901,FFF,2013B,0.0,0.0,0.0
238983,DDD,2013J,0.05,0.038461538461538464,0.043478260869565216
239095,GGG,2013J,0.05,0.07142857142857142,0.058823529411764705
239345,FFF,2014B,0.15,0.05660377358490566,0.0821917808219178
239459,DDD,2014B,0.2,0.13793103448275862,0.16326530612244897
239540,FFF,2013B,0.05,0.043478260869565216,0.046511627906976744
239751,GGG,2014J,0.05,0.1111111111111111,0.06896551724137932
239908,EEE,2014J,0.1,0.16666666666666666,0.125
240024,FFF,2013B,0.1,0.04878048780487805,0.06557377049180328
240186,DDD,2014J,0.15,0.2,0.17142857142857143
240236,DDD,2014J,0.05,0.058823529411764705,0.05405405405405405
240389,DDD,2013B,0.05,0.25,0.08333333333333334
240486,CCC,2014J,0.05,0.047619047619047616,0.04878048780487805
240486,DDD,2014B,0.1,0.11764705882352941,0.1081081081081081
240641,DDD,2013J,0.0,0.0,0.0
240712,AAA,2013J,0.1,0.2857142857142857,0.14814814814814817
240755,DDD,2014B,0.0,0.0,0.0
240884,AAA,2013J,0.05,0.0625,0.05555555555555556
240993,BBB,2013J,0.0,0.0,0.0
241039,FFF,2013J,0.0,0.0,0.0
241066,DDD,2014J,0.1,0.08,0.08888888888888889
241649,AAA,2013J,0.0,0.0,0.0
241728,EEE,2014J,0.25,0.29411764705882354,0.27027027027027023
241729,AAA,2013J,0.05,0.05555555555555555,0.052631578947368425
241771,DDD,2013B,0.15,0.08571428571428572,0.10909090909090909
241922,DDD,2013B,0.35,0.20588235294117646,0.25925925925925924
242254,FFF,2014B,0.1,0.14285714285714285,0.11764705882352941
242491,FFF,2013J,0.0,0.0,0.0
242633,DDD,2014B,0.0,0.0,0.0
242778,CCC,2014J,0.05,0.05263157894736842,0.05128205128205128
242778,EEE,2013J,0.1,0.2,0.13333333333333333
242793,AAA,2013J,0.05,0.1111111111111111,0.06896551724137932
242858,CCC,2014B,0.1,0.07407407407407407,0.0851063829787234
242858,EEE,2013J,0.2,0.4,0.26666666666666666
242998,FFF,2014B,0.2,0.13793103448275862,0.16326530612244897
243025,DDD,2014J,0.1,0.09523809523809523,0.0975609756097561
243358,CCC,2014J,0.1,0.15384615384615385,0.12121212121212123
243372,DDD,2013J,0.05,0.0625,0.05555555555555556
243510,AAA,2014J,0.05,0.1111111111111111,0.06896551724137932
243600,FFF,2013B,0.0,0.0,0.0
243657,FFF,2013B,0.0,0.0,0.0
243851,BBB,2013J,0.1,0.11764705882352941,0.1081081081081081
243926,EEE,2014J,0.0,0.0,0.0
243992,BBB,2013J,0.0,0.0,0.0
244064,BBB,2014B,0.05,0.0625,0.05555555555555556
244114,FFF,2013B,0.15,0.08571428571428572,0.10909090909090909
244166,EEE,2014B,0.2,0.36363636363636365,0.25806451612903225
244205,FFF,2013J,0.35,0.09333333333333334,0.14736842105263157
244246,AAA,2014J,0.05,0.07142857142857142,0.058823529411764705
244738,CCC,2014J,0.2,0.1111111111111111,0.14285714285714285
244738,DDD,2013J,0.05,0.03571428571428571,0.041666666666666664
244875,DDD,2013B,0.05,0.030303030303030304,0.03773584905660378
244918,FFF,2013B,0.0,0.0,0.0
244961,FFF,2014B,0.05,0.05555555555555555,0.052631578947368425
244977,CCC,2014B,0.25,0.2777777777777778,0.2631578947368421
244977,EEE,2014B,0.2,0.36363636363636365,0.25806451612903225
245217,CCC,2014J,0.0,0.0,0.0
245283,FFF,2013J,0.15,0.07317073170731707,0.09836065573770492
245494,EEE,2013J,0.3,0.35294117647058826,0.3243243243243243
245600,CCC,2014J,0.1,0.11764705882352941,0.1081081081081081
245605,EEE,2013J,0.05,0.1111111111111111,0.06896551724137932
245802,GGG,2014B,0.2,0.16,0.17777777777777778
245946,DDD,2013J,0.0,0.0,0.0
245987,BBB,2013J,0.0,0.0,0.0
246060,EEE,2013J,0.15,0.5,0.23076923076923075
246652,DDD,2013B,0.15,0.10344827586206896,0.12244897959183673
246829,CCC,2014J,0.0,0.0,0.0
246834,AAA,2013J,0.15,0.23076923076923078,0.18181818181818185
247267,BBB,2013B,0.05,0.1,0.06666666666666667
247292,BBB,2014B,0.05,0.14285714285714285,0.07407407407407408
247457,BBB,2014J,0.15,0.14285714285714285,0.14634146341463414
247513,BBB,2014B,0.0,0.0,0.0
247666,FFF,2013B,0.1,0.0425531914893617,0.05970149253731343
247819,CCC,2014B,0.0,0.0,0.0
247819,EEE,2014B,0.3,0.4,0.34285714285714286
247856,FFF,2013B,0.05,0.08333333333333333,0.0625
247902,BBB,2013J,0.05,0.1,0.06666666666666667
248103,BBB,2013B,0.0,0.0,0.0
248270,AAA,2013J,0.1,0.16666666666666666,0.125
248511,DDD,2013B,0.25,0.125,0.16666666666666666
248581,AAA,2014J,0.25,0.3125,0.2777777777777778
248653,BBB,2013J,0.1,0.125,0.11111111111111112
248695,DDD,2013J,0.05,0.041666666666666664,0.04545454545454545
248716,BBB,2013J,0.05,0.04,0.044444444444444446
248818,EEE,2014B,0.2,0.4444444444444444,0.2758620689655173
248882,FFF,2013J,0.15,0.08571428571428572,0.10909090909090909
248961,DDD,2013J,0.05,0.058823529411764705,0.05405405405405405
248994,DDD,2013B,0.15,0.12,0.1333333333333333
249357,FFF,2014J,0.15,0.10714285714285714,0.125
249359,DDD,2014J,0.0,0.0,0.0
249362,FFF,2013B,0.0,0.0,0.0
249423,DDD,2013B,0.0,0.0,0.0
249534,BBB,2013B,0.05,0.05,0.05000000000000001
249750,FFF,2013J,0.05,0.034482758620689655,0.04081632653061224
249965,GGG,2013J,0.1,0.09523809523809523,0.0975609756097561
249996,DDD,2013B,0.1,0.10526315789473684,0.10256410256410256
250047,EEE,2013J,0.25,0.45454545454545453,0.3225806451612903
250123,BBB,2014B,0.0,0.0,0.0
250159,EEE,2014J,0.05,0.5,0.09090909090909091
250163,DDD,2013J,0.1,0.037037037037037035,0.05405405405405406
251166,FFF,2014J,0.0,0.0,0.0
251351,BBB,2013B,0.0,0.0,0.0
251375,FFF,2014B,0.0,0.0,0.0
251385,CCC,2014B,0.2,0.2222222222222222,0.2105263157894737
251405,FFF,2013J,0.05,0.03125,0.038461538461538464
251815,BBB,2013J,0.0,0.0,0.0
251965,FFF,2013J,0.05,0.08333333333333333,0.0625
251999,DDD,2013B,0.0,0.0,0.0
252041,FFF,2013B,0.0,0.0,0.0
252073,AAA,2014J,0.2,0.2857142857142857,0.23529411764705882
252095,FFF,2013B,0.15,0.075,0.1
252149,DDD,2013B,0.05,0.03333333333333333,0.04
252257,BBB,2013J,0.0,0.0,0.0
252489,DDD,2013B,0.25,0.2,0.22222222222222224
252652,BBB,2014B,0.15,0.15,0.15
252863,BBB,2014J,0.0,0.0,0.0
253013,CCC,2014J,0.15,0.13636363636363635,0.14285714285714282
253208,GGG,2013J,0.15,0.15789473684210525,0.15384615384615385
253496,CCC,2014J,0.05,0.5,0.09090909090909091
253496,EEE,2014J,0.1,0.25,0.14285714285714288
253567,GGG,2013J,0.05,0.08333333333333333,0.0625
253577,BBB,2013J,0.0,0.0,0.0
253633,FFF,2014J,0.05,0.04,0.044444444444444446
253763,FFF,2014J,0.15,0.1,0.12
253767,FFF,2013J,0.1,0.07692307692307693,0.08695652173913043
253859,CCC,2014B,0.25,0.20833333333333334,0.22727272727272727
254044,FFF,2013B,0.05,0.05263157894736842,0.05128205128205128
254162,FFF,2013B,0.0,0.0,0.0
254325,FFF,2013B,0.05,0.047619047619047616,0.04878048780487805
254446,FFF,2013J,0.05,0.045454545454545456,0.04761904761904762
254463,FFF,2013B,0.0,0.0,0.0
254612,BBB,2014J,0.0,0.0,0.0
254625,AAA,2014J,0.1,0.125,0.11111111111111112
255310,CCC,2014B,0.1,0.11764705882352941,0.1081081081081081
255310,FFF,2013J,0.1,0.07142857142857142,0.08333333333333333
255344,FFF,2013B,0.1,0.038461538461538464,0.05555555555555555
255347,BBB,2013B,0.1,0.18181818181818182,0.12903225806451613
255548,AAA,2013J,0.05,0.0625,0.05555555555555556
255747,DDD,2013B,0.05,0.05,0.05000000000000001
255878,FFF,2014B,0.2,0.0851063829787234,0.11940298507462686
255902,DDD,2013B,0.0,0.0,0.0
255998,BBB,2013B,0.0,0.0,0.0
256144,DDD,2014J,0.05,0.03333333333333333,0.04
256740,FFF,2014B,0.3,0.08571428571428572,0.13333333333333333
256815,AAA,2013J,0.05,0.04,0.044444444444444446
256867,CCC,2014J,0.05,0.1111111111111111,0.06896551724137932
256867,EEE,2014B,0.2,0.4,0.26666666666666666
256998,BBB,2013J,0.0,0.0,0.0
257104,FFF,2014B,0.0,0.0,0.0
257167,DDD,2013J,0.1,0.08,0.08888888888888889
257887,CCC,2014J,0.25,0.18518518518518517,0.2127659574468085
257887,FFF,2013J,0.15,0.027777777777777776,0.04687500000000001
258010,DDD,2013J,0.05,0.030303030303030304,0.03773584905660378
258035,BBB,2013J,0.1,0.15384615384615385,0.12121212121212123
258042,DDD,2013J,0.1,0.05714285714285714,0.07272727272727272
258245,FFF,2014J,0.1,0.11764705882352941,0.1081081081081081
258392,AAA,2013J,0.2,0.21052631578947367,0.20512820512820512
258509,FFF,2014J,0.1,0.0625,0.07692307692307693
258538,DDD,2014J,0.0,0.0,0.0
258587,AAA,2014J,0.1,0.16666666666666666,0.125
258737,FFF,2014B,0.0,0.0,0.0
258840,BBB,2014J,0.0,0.0,0.0
258894,AAA,2013J,0.05,0.1,0.06666666666666667
258978,FFF,2014J,0.0,0.0,0.0
259060,DDD,2013J,0.05,0.027777777777777776,0.03571428571428571
259641,CCC,2014J,0.15,0.08333333333333333,0.10714285714285714
259641,DDD,2013J,0.05,0.02631578947368421,0.034482758620689655
259662,EEE,2013J,0.1,0.25,0.14285714285714288
259951,DDD,2013J,0.05,0.0625,0.05555555555555556
260062,FFF,2014B,0.1,0.06666666666666667,0.08
260077,DDD,2014J,0.15,0.15,0.15
260137,BBB,2014J,0.1,0.08,0.08888888888888889
260179,BBB,2013J,0.0,0.0,0.0
260355,AAA,2013J,0.0,0.0,0.0
260491,DDD,2013B,0.0,0.0,0.0
260565,DDD,2014B,0.0,0.0,0.0
260623,AAA,2014J,0.05,0.1,0.06666666666666667
260949,CCC,2014B,0.05,0.1111111111111111,0.06896551724137932
260955,BBB,2014B,0.0,0.0,0.0
261265,CCC,2014B,0.1,0.2,0.13333333333333333
261265,FFF,2014B,0.05,0.043478260869565216,0.046511627906976744
261335,FFF,2013B,0.05,0.045454545454545456,0.04761904761904762
261342,GGG,2014B,0.1,0.2222222222222222,0.13793103448275865
261466,BBB,2013J,0.05,0.045454545454545456,0.04761904761904762
261495,DDD,2013J,0.05,0.047619047619047616,0.04878048780487805
261615,CCC,2014B,0.1,0.08,0.08888888888888889
261718,GGG,2013J,0.2,0.19047619047619047,0.1951219512195122
262011,AAA,2013J,0.0,0.0,0.0
262025,FFF,2014J,0.05,0.03333333333333333,0.04
262294,BBB,2013B,0.05,0.1,0.06666666666666667
262385,CCC,2014J,0.05,0.07692307692307693,0.060606060606060615
262394,FFF,2014J,0.0,0.0,0.0
262403,FFF,2013J,0.1,0.043478260869565216,0.06060606060606061
262454,BBB,2013B,0.1,0.1111111111111111,0.10526315789473685
262639,BBB,2013J,0.15,0.23076923076923078,0.18181818181818185
262741,BBB,2013B,0.1,0.14285714285714285,0.11764705882352941
262934,AAA,2013J,0.0,0.0,0.0
263251,AAA,2014J,0.05,0.08333333333333333,0.0625
263341,GGG,2014J,0.1,0.2222222222222222,0.13793103448275865
263448,BBB,2014J,0.4,0.34782608695652173,0.37209302325581395
263499,BBB,2013B,0.0,0.0,0.0
263543,AAA,2014J,0.05,0.0625,0.05555555555555556
263862,FFF,2014J,0.1,0.05,0.06666666666666667
263952,AAA,2014J,0.1,0.125,0.11111111111111112
264106,BBB,2014B,0.05,0.16666666666666666,0.07692307692307691
264151,CCC,2014J,0.0,0.0,0.0
264152,BBB,2013J,0.05,0.0625,0.05555555555555556
264159,CCC,2014B,0.0,0.0,0.0
264164,FFF,2013J,0.05,0.03225806451612903,0.0392156862745098
264715,CCC,2014J,0.1,0.25,0.14285714285714288
264723,DDD,2014B,0.05,0.2,0.08000000000000002
264744,BBB,2013J,0.0,0.0,0.0
264845,CCC,2014J,0.35,0.21212121212121213,0.26415094339622636
265112,FFF,2013B,0.3,0.1276595744680851,0.17910447761194026
265268,FFF,2013J,0.2,0.09302325581395349,0.12698412698412698
265466,BBB,2014J,0.1,0.1111111111111111,0.10526315789473685
265497,FFF,2014J,0.1,0.09523809523809523,0.0975609756097561
265769,EEE,2013J,0.1,0.2222222222222222,0.13793103448275865
265855,FFF,2013B,0.05,0.022222222222222223,0.030769230769230767
265958,BBB,2014B,0.0,0.0,0.0
265978,FFF,2013J,0.05,0.043478260869565216,0.046511627906976744
266286,DDD,2013J,0.0,0.0,0.0
266331,BBB,2013J,0.05,0.03333333333333333,0.04
266450,DDD,2013B,0.0,0.0,0.0
266514,DDD,2013B,0.1,0.11764705882352941,0.1081081081081081
266524,AAA,2014J,0.1,0.13333333333333333,0.1142857142857143
266536,FFF,2014B,0.1,0.058823529411764705,0.07407407407407408
266558,DDD,2013J,0.1,0.25,0.14285714285714288
266564,BBB,2013J,0.0,0.0,0.0
266626,GGG,2013J,0.15,0.15,0.15
266922,DDD,2014B,0.05,0.05263157894736842,0.05128205128205128
267602,FFF,2013B,0.25,0.07936507936507936,0.12048192771084337
267619,CCC,2014J,0.2,0.23529411764705882,0.2162162162162162
267761,BBB,2013B,0.0,0.0,0.0
267871,DDD,2013J,0.0,0.0,0.0
268073,AAA,2013J,0.1,0.07407407407407407,0.0851063829787234
268143,DDD,2014J,0.05,0.07142857142857142,0.058823529411764705
268153,FFF,2013J,0.15,0.15789473684210525,0.15384615384615385
268301,BBB,2014B,0.0,0.0,0.0
268391,GGG,2013J,0.0,0.0,0.0
268589,BBB,2013J,0.05,0.2,0.08000000000000002
268649,FFF,2014B,0.0,0.0,0.0
268733,AAA,2013J,0.0,0.0,0.0
269082,BBB,2013J,0.1,0.046511627906976744,0.06349206349206349
269204,BBB,2013J,0.1,0.058823529411764705,0.07407407407407408
269220,EEE,2014J,0.25,0.38461538461538464,0.30303030303030304
269243,FFF,2013B,0.25,0.056179775280898875,0.09174311926605504
269388,CCC,2014J,0.1,0.11764705882352941,0.1081081081081081
269508,FFF,2013J,0.15,0.046875,0.07142857142857142
269510,BBB,2014J,0.0,0.0,0.0
269575,DDD,2014J,0.1,0.1,0.10000000000000002
269584,FFF,2014J,0.15,0.13636363636363635,0.14285714285714282
269676,CCC,2014B,0.15,0.21428571428571427,0.1764705882352941
269676,DDD,2013B,0.05,0.037037037037037035,0.0425531914893617
269730,FFF,2014B,0.05,0.045454545454545456,0.04761904761904762
269764,EEE,2013J,0.0,0.0,0.0
269856,DDD,2014J,0.1,0.05714285714285714,0.07272727272727272
270393,DDD,2013J,0.05,0.03225806451612903,0.0392156862745098
270421,FFF,2014J,0.2,0.0784313725490196,0.11267605633802816
270502,DDD,2014J,0.05,0.041666666666666664,0.04545454545454545
270567,BBB,2013B,0.0,0.0,0.0
270638,EEE,2013J,0.0,0.0,0.0
270646,BBB,2013J,0.05,0.09090909090909091,0.06451612903225806
270814,DDD,2013B,0.1,0.06666666666666667,0.08
270988,EEE,2014J,0.15,0.3,0.2
271036,BBB,2013B,0.05,0.027777777777777776,0.03571428571428571
271251,AAA,2013J,0.05,0.07142857142857142,0.058823529411764705
271526,DDD,2013J,0.2,0.07692307692307693,0.1111111111111111
271974,DDD,2014B,0.0,0.0,0.0
272580,BBB,2013B,0.0,0.0,0.0
273339,DDD,2013B,0.1,0.2,0.13333333333333333
273346,AAA,2014J,0.05,0.08333333333333333,0.0625
273442,FFF,2013J,0.05,0.027777777777777776,0.03571428571428571
273731,BBB,2013B,0.0,0.0,0.0
273782,FFF,2013J,0.0,0.0,0.0
273877,BBB,2013B,0.0,0.0,0.0
274218,EEE,2014B,0.05,0.16666666666666666,0.07692307692307691
274247,BBB,2013J,0.05,0.05555555555555555,0.052631578947368425
274443,FFF,2013J,0.0,0.0,0.0
274947,AAA,2014J,0.0,0.0,0.0
274967,EEE,2014J,0.15,0.3,0.2
274971,BBB,2013J,0.2,0.14285714285714285,0.16666666666666666
275006,BBB,2014J,0.0,0.0,0.0
275112,BBB,2014B,0.05,0.125,0.07142857142857144
275136,GGG,2014J,0.3,0.21428571428571427,0.25
275151,FFF,2013B,0.2,0.0625,0.09523809523809523
275180,BBB,2014J,0.25,0.19230769230769232,0.2173913043478261
275232,DDD,2013J,0.2,0.07272727272727272,0.10666666666666667
275297,CCC,2014J,0.25,0.10869565217391304,0.15151515151515152
275297,DDD,2014J,0.15,0.06666666666666667,0.09230769230769231
275711,CCC,2014J,0.15,0.05084745762711865,0.0759493670886076
275792,AAA,2014J,0.1,0.16666666666666666,0.125
276265,FFF,2014J,0.3,0.07792207792207792,0.12371134020618557
276314,FFF,2013B,0.05,0.029411764705882353,0.03703703703703704
276388,FFF,2013J,0.15,0.15,0.15
276717,BBB,2013B,0.15,0.15789473684210525,0.15384615384615385
276808,FFF,2013J,0.15,0.075,0.1
276830,GGG,2013J,0.0,0.0,0.0
276857,DDD,2013J,0.2,0.08163265306122448,0.11594202898550723
276893,GGG,2014J,0.2,0.23529411764705882,0.2162162162162162
276925,BBB,2014J,0.0,0.0,0.0
276935,DDD,2014J,0.15,0.08108108108108109,0.10526315789473685
277044,FFF,2013B,0.2,0.05128205128205128,0.0816326530612245
277123,AAA,2014J,0.1,0.2,0.13333333333333333
277166,DDD,2014B,0.0,0.0,0.0
277412,DDD,2013J,0.05,0.25,0.08333333333333334
277577,FFF,2014B,0.0,0.0,0.0
277596,DDD,2013J,0.15,0.06976744186046512,0.09523809523809525
277729,DDD,2013J,0.05,0.2,0.08000000000000002
277733,BBB,2013B,0.1,0.16666666666666666,0.125
277812,BBB,2013J,0.0,0.0,0.0
277880,AAA,2013J,0.15,0.2727272727272727,0.19354838709677416
277967,BBB,2014J,0.1,0.09523809523809523,0.0975609756097561
278155,FFF,2014B,0.05,0.0196078431372549,0.02816901408450704
278272,BBB,2013J,0.0,0.0,0.0
278380,FFF,2014J,0.1,0.05555555555555555,0.07142857142857142
278447,BBB,2013B,0.0,0.0,0.0
278786,EEE,2014B,0.1,0.2222222222222222,0.13793103448275865
278794,BBB,2013J,0.05,0.125,0.07142857142857144
278861,CCC,2014B,0.1,0.2,0.13333333333333333
278955,FFF,2013J,0.15,0.15,0.15
278962,GGG,2014B,0.1,0.125,0.11111111111111112
279085,FFF,2013J,0.15,0.039473684210526314,0.0625
279440,FFF,2014J,0.3,0.08823529411764706,0.13636363636363635
279572,AAA,2013J,0.0,0.0,0.0
279653,FFF,2014J,0.25,0.11363636363636363,0.15625
279747,GGG,2013J,0.2,0.23529411764705882,0.2162162162162162
279750,FFF,2013J,0.3,0.14285714285714285,0.19354838709677416
279755,FFF,2014B,0.1,0.07142857142857142,0.08333333333333333
279868,CCC,2014B,0.1,0.18181818181818182,0.12903225806451613
279868,DDD,2013J,0.0,0.0,0.0
280017,EEE,2013J,0.3,0.3333333333333333,0.3157894736842105
280152,BBB,2014J,0.1,0.125,0.11111111111111112
281022,AAA,2013J,0.1,0.1111111111111111,0.10526315789473685
281077,AAA,2014J,0.05,0.1111111111111111,0.06896551724137932
281118,DDD,2013B,0.0,0.0,0.0
281134,FFF,2014J,0.0,0.0,0.0
281172,DDD,2014J,0.15,0.1875,0.16666666666666663
281250,AAA,2013J,0.0,0.0,0.0
281564,BBB,2013B,0.0,0.0,0.0
281619,GGG,2013J,0.15,0.3,0.2
281636,AAA,2014J,0.2,0.11764705882352941,0.14814814814814817
281638,FFF,2013J,0.05,0.03571428571428571,0.041666666666666664
281651,FFF,2013B,0.1,0.08695652173913043,0.09302325581395349
281801,CCC,2014B,0.15,0.09375,0.11538461538461538
281920,DDD,2014J,0.1,0.06060606060606061,0.07547169811320756
282193,CCC,2014B,0.15,0.11538461538461539,0.13043478260869565
282193,DDD,2013B,0.0,0.0,0.0
282317,DDD,2013J,0.0,0.0,0.0
282388,GGG,2014B,0.25,0.2777777777777778,0.2631578947368421
282713,BBB,2014B,0.0,0.0,0.0
282806,FFF,2014B,0.05,0.1111111111111111,0.06896551724137932
282821,AAA,2013J,0.05,0.07142857142857142,0.058823529411764705
282849,FFF,2014J,0.1,0.07142857142857142,0.08333333333333333
282879,FFF,2013B,0.15,0.10344827586206896,0.12244897959183673
282975,FFF,2013J,0.25,0.06172839506172839,0.099009900990099
283133,EEE,2013J,0.05,0.25,0.08333333333333334
283230,FFF,2013B,0.1,0.0392156862745098,0.05633802816901408
283348,FFF,2013B,0.05,0.03333333333333333,0.04
283402,FFF,2014J,0.0,0.0,0.0
283564,BBB,2014B,0.0,0.0,0.0
283618,DDD,2013B,0.15,0.09090909090909091,0.11320754716981132
283798,CCC,2014B,0.2,0.3076923076923077,0.24242424242424246
283953,FFF,2013J,0.1,0.05405405405405406,0.07017543859649122
284076,BBB,2013B,0.0,0.0,0.0
284095,CCC,2014J,0.2,0.13333333333333333,0.16
284095,EEE,2014J,0.3,0.42857142857142855,0.3529411764705882
284246,BBB,2014J,0.05,0.058823529411764705,0.05405405405405405
284395,FFF,2013J,0.05,0.024390243902439025,0.03278688524590164
284762,BBB,2014J,0.05,0.0625,0.05555555555555556
284812,CCC,2014B,0.2,0.14285714285714285,0.16666666666666666
284906,BBB,2013J,0.1,0.25,0.14285714285714288
285050,BBB,2013J,0.05,0.3333333333333333,0.08695652173913045
285085,DDD,2013J,0.05,0.2,0.08000000000000002
285096,DDD,2013B,0.3,0.1276595744680851,0.17910447761194026
285170,CCC,2014B,0.4,0.14035087719298245,0.20779220779220778
285170,EEE,2014B,0.5,0.47619047619047616,0.4878048780487805
285193,GGG,2014B,0.1,0.14285714285714285,0.11764705882352941
285315,AAA,2014J,0.05,0.1,0.06666666666666667
285391,FFF,2013B,0.0,0.0,0.0
285412,DDD,2014B,0.1,0.08,0.08888888888888889
285470,BBB,2014J,0.05,0.1111111111111111,0.06896551724137932
285475,CCC,2014B,0.05,0.05555555555555555,0.052631578947368425
285475,DDD,2013B,0.15,0.07894736842105263,0.10344827586206896
285481,DDD,2014J,0.0,0.0,0.0
285557,DDD,2013J,0.1,0.07142857142857142,0.08333333333333333
285567,BBB,2014B,0.25,0.16129032258064516,0.19607843137254902
285633,BBB,2013B,0.0,0.0,0.0
285637,CCC,2014J,0.0,0.0,0.0
285705,GGG,2013J,0.1,0.2857142857142857,0.14814814814814817
285912,BBB,2013B,0.0,0.0,0.0
285934,EEE,2014J,0.1,0.18181818181818182,0.12903225806451613
285996,FFF,2013B,0.0,0.0,0.0
286160,GGG,2013J,0.15,0.17647058823529413,0.16216216216216214
286262,EEE,2014J,0.05,0.14285714285714285,0.07407407407407408
286338,BBB,2014J,0.05,0.0625,0.05555555555555556
286402,BBB,2013J,0.15,0.10714285714285714,0.125
286422,FFF,2013B,0.05,0.05,0.05000000000000001
286488,AAA,2013J,0.05,0.05,0.05000000000000001
286527,EEE,2014J,0.15,0.5,0.23076923076923075
286658,CCC,2014J,0.0,0.0,0.0
286762,GGG,2013J,0.05,0.0625,0.05555555555555556
286778,FFF,2014J,0.2,0.13793103448275862,0.16326530612244897
286842,DDD,2013J,0.0,0.0,0.0
286914,BBB,2014B,0.1,0.13333333333333333,0.1142857142857143
286947,BBB,2014J,0.15,0.23076923076923078,0.18181818181818185
287040,AAA,2014J,0.25,0.18518518518518517,0.2127659574468085
287079,FFF,2014J,0.0,0.0,0.0
287099,FFF,2013B,0.05,0.058823529411764705,0.05405405405405405
287107,BBB,2013J,0.05,0.16666666666666666,0.07692307692307691
287204,AAA,2014J,0.15,0.14285714285714285,0.14634146341463414
287210,AAA,2014J,0.0,0.0,0.0
287258,FFF,2014J,0.15,0.061224489795918366,0.08695652173913043
287309,BBB,2013J,0.15,0.17647058823529413,0.16216216216216214
287432,DDD,2013B,0.1,0.058823529411764705,0.07407407407407408
287548,AAA,2013J,0.05,0.1111111111111111,0.06896551724137932
287679,BBB,2013J,0.1,0.15384615384615385,0.12121212121212123
287783,DDD,2013J,0.0,0.0,0.0
288086,BBB,2014J,0.1,0.09090909090909091,0.09523809523809525
288282,EEE,2013J,0.0,0.0,0.0
288967,BBB,2014B,0.15,0.375,0.21428571428571425
289009,CCC,2014B,0.05,0.0625,0.05555555555555556
289009,DDD,2013J,0.0,0.0,0.0
289108,BBB,2014B,0.0,0.0,0.0
289221,FFF,2013J,0.3,0.09523809523809523,0.14457831325301204
289247,FFF,2014J,0.05,0.047619047619047616,0.04878048780487805
289304,FFF,2013J,0.1,0.03571428571428571,0.05263157894736841
289397,EEE,2014B,0.05,0.25,0.08333333333333334
289449,AAA,2014J,0.05,0.08333333333333333,0.0625
290043,DDD,2013B,0.0,0.0,0.0
290089,BBB,2013J,0.1,0.16666666666666666,0.125
290164,AAA,2014J,0.05,0.06666666666666667,0.05714285714285715
290184,BBB,2014J,0.0,0.0,0.0
290201,AAA,2013J,0.0,0.0,0.0
290382,EEE,2013J,0.2,0.3333333333333333,0.25
290521,FFF,2013J,0.05,0.030303030303030304,0.03773584905660378
290550,BBB,2013B,0.0,0.0,0.0
290658,GGG,2013J,0.0,0.0,0.0
290757,AAA,2013J,0.1,0.2,0.13333333333333333
290854,GGG,2014J,0.15,0.23076923076923078,0.18181818181818185
290914,BBB,2014B,0.05,0.047619047619047616,0.04878048780487805
291037,BBB,2013B,0.0,0.0,0.0
291133,DDD,2013B,0.2,0.0851063829787234,0.11940298507462686
291194,BBB,2013B,0.05,0.05263157894736842,0.05128205128205128
291237,FFF,2013J,0.05,0.027777777777777776,0.03571428571428571
291334,AAA,2013J,0.05,0.07692307692307693,0.060606060606060615
291516,FFF,2013J,0.0,0.0,0.0
291544,BBB,2013J,0.0,0.0,0.0
291674,CCC,2014J,0.05,0.06666666666666667,0.05714285714285715
291674,EEE,2014B,0.05,0.1111111111111111,0.06896551724137932
291745,FFF,2013J,0.25,0.06578947368421052,0.10416666666666667
291805,CCC,2014B,0.15,0.09090909090909091,0.11320754716981132
291844,BBB,2014B,0.05,0.05263157894736842,0.05128205128205128
291960,FFF,2013B,0.05,0.02631578947368421,0.034482758620689655
292136,GGG,2013J,0.1,0.10526315789473684,0.10256410256410256
292525,AAA,2014J,0.1,0.14285714285714285,0.11764705882352941
292537,BBB,2013J,0.0,0.0,0.0
292694,DDD,2013J,0.1,0.125,0.11111111111111112
292775,AAA,2014J,0.25,0.4166666666666667,0.3125
293162,CCC,2014J,0.1,0.05405405405405406,0.07017543859649122
293387,BBB,2014J,0.05,0.05263157894736842,0.05128205128205128
293454,FFF,2014B,0.0,0.0,0.0
293686,CCC,2014J,0.35,0.1320754716981132,0.19178082191780824
293686,EEE,2014B,0.2,0.4444444444444444,0.2758620689655173
293699,AAA,2013J,0.0,0.0,0.0
293712,BBB,2013J,0.05,0.07142857142857142,0.058823529411764705
293754,BBB,2013J,0.1,0.1111111111111111,0.10526315789473685
293760,BBB,2013J,0.05,0.25,0.08333333333333334
293824,AAA,2014J,0.1,0.15384615384615385,0.12121212121212123
293853,DDD,2013J,0.0,0.0,0.0
293992,BBB,2014B,0.05,0.14285714285714285,0.07407407407407408
294112,CCC,2014J,0.05,0.3333333333333333,0.08695652173913045
294112,FFF,2014J,0.0,0.0,0.0
294134,BBB,2014J,0.05,0.06666666666666667,0.05714285714285715
294219,FFF,2014J,0.05,0.037037037037037035,0.0425531914893617
294364,DDD,2013J,0.0,0.0,0.0
294496,AAA,2014J,0.05,0.07142857142857142,0.058823529411764705
294513,BBB,2014B,0.0,0.0,0.0
294570,AAA,2013J,0.05,0.0625,0.05555555555555556
294594,AAA,2013J,0.05,0.08333333333333333,0.0625
294655,AAA,2014J,0.15,0.16666666666666666,0.15789473684210525
294929,FFF,2014J,0.05,0.125,0.07142857142857144
294961,BBB,2013B,0.0,0.0,0.0
295060,AAA,2014J,0.05,0.08333333333333333,0.0625
295075,AAA,2014J,0.15,0.13043478260869565,0.13953488372093023
295118,DDD,2014J,0.05,0.0196078431372549,0.02816901408450704
295255,FFF,2013J,0.05,0.0196078431372549,0.02816901408450704
295728,BBB,2014B,0.0,0.0,0.0
295741,AAA,2013J,0.0,0.0,0.0
295741,FFF,2014B,0.05,0.05263157894736842,0.05128205128205128
295754,BBB,2013B,0.0,0.0,0.0
296138,DDD,2014J,0.1,0.125,0.11111111111111112
296222,EEE,2014J,0.3,0.4,0.34285714285714286
296232,BBB,2014B,0.0,0.0,0.0
296332,AAA,2013J,0.0,0.0,0.0
296411,CCC,2014B,0.05,0.05263157894736842,0.05128205128205128
296424,AAA,2014J,0.05,0.1111111111111111,0.06896551724137932
296904,FFF,2014B,0.0,0.0,0.0
296993,GGG,2013J,0.15,0.1875,0.16666666666666663
297014,FFF,2014B,0.1,0.05,0.06666666666666667
297166,CCC,2014J,0.05,0.16666666666666666,0.07692307692307691
297179,BBB,2014J,0.1,0.08333333333333333,0.0909090909090909
297218,FFF,2014J,0.0,0.0,0.0
297341,FFF,2014J,0.1,0.2,0.13333333333333333
297484,BBB,2013B,0.1,0.14285714285714285,0.11764705882352941
297685,BBB,2014J,0.0,0.0,0.0
297853,EEE,2013J,0.1,0.16666666666666666,0.125
297990,GGG,2013J,0.05,0.125,0.07142857142857144
298034,AAA,2014J,0.05,0.07142857142857142,0.058823529411764705
298040,CCC,2014B,0.2,0.25,0.22222222222222224
298040,DDD,2013B,0.15,0.08571428571428572,0.10909090909090909
298148,EEE,2014J,0.15,0.6,0.24
298186,GGG,2013J,0.2,0.36363636363636365,0.25806451612903225
298187,BBB,2014J,0.05,0.0625,0.05555555555555556
298303,BBB,2014J,0.05,0.125,0.07142857142857144
298322,BBB,2013B,0.0,0.0,0.0
298402,DDD,2013J,0.0,0.0,0.0
298476,BBB,2013B,0.0,0.0,0.0
298497,DDD,2013B,0.1,0.1111111111111111,0.10526315789473685
298696,AAA,2013J,0.05,0.1,0.06666666666666667
298777,DDD,2014J,0.0,0.0,0.0
298838,AAA,2014J,0.05,0.043478260869565216,0.046511627906976744
298961,BBB,2014J,0.0,0.0,0.0
299237,FFF,2013B,0.1,0.08,0.08888888888888889
299281,FFF,2013J,0.1,0.041666666666666664,0.058823529411764705
299473,DDD,2013J,0.15,0.09375,0.11538461538461538
299707,EEE,2014J,0.1,0.18181818181818182,0.12903225806451613
299886,FFF,2013J,0.15,0.06666666666666667,0.09230769230769231
299949,DDD,2014B,0.1,0.2222222222222222,0.13793103448275865
300059,CCC,2014B,0.2,0.3333333333333333,0.25
300264,FFF,2013B,0.05,0.058823529411764705,0.05405405405405405
300398,AAA,2013J,0.0,0.0,0.0
300508,GGG,2013J,0.2,0.21052631578947367,0.20512820512820512
300592,DDD,2014B,0.15,0.13636363636363635,0.14285714285714282
300592,EEE,2013J,0.1,0.2857142857142857,0.14814814814814817
300611,CCC,2014J,0.2,0.2857142857142857,0.23529411764705882
300819,BBB,2014J,0.05,0.05555555555555555,0.052631578947368425
301074,FFF,2014J,0.1,0.05714285714285714,0.07272727272727272
301232,CCC,2014B,0.15,0.15,0.15
301498,GGG,2014B,0.1,0.16666666666666666,0.125
301967,AAA,2014J,0.15,0.3333333333333333,0.20689655172413793
301987,BBB,2013J,0.0,0.0,0.0
302145,GGG,2014J,0.1,0.11764705882352941,0.1081081081081081
302476,AAA,2014J,0.1,0.18181818181818182,0.12903225806451613
302522,GGG,2014J,0.0,0.0,0.0
302924,FFF,2013B,0.05,0.023809523809523808,0.03225806451612903
303141,DDD,2014J,0.25,0.12195121951219512,0.16393442622950818
303165,BBB,2014J,0.15,0.15,0.15
303165,GGG,2013J,0.1,0.2222222222222222,0.13793103448275865
303218,CCC,2014J,0.05,0.037037037037037035,0.0425531914893617
303288,FFF,2013B,0.0,0.0,0.0
303521,AAA,2014J,0.35,0.17073170731707318,0.22950819672131145
303582,DDD,2013J,0.05,0.043478260869565216,0.046511627906976744
303595,FFF,2013B,0.2,0.08163265306122448,0.11594202898550723
303617,BBB,2013J,0.0,0.0,0.0
303617,BBB,2014J,0.1,0.1,0.10000000000000002
303985,AAA,2014J,0.15,0.3333333333333333,0.20689655172413793
304240,FFF,2013J,0.0,0.0,0.0
304465,AAA,2014J,0.2,0.2,0.20000000000000004
304589,FFF,2013J,0.2,0.06060606060606061,0.0930232558139535
304734,DDD,2013B,0.05,0.09090909090909091,0.06451612903225806
304893,DDD,2013B,0.0,0.0,0.0
305036,EEE,2013J,0.25,0.5555555555555556,0.3448275862068966
305064,FFF,2014J,0.05,0.045454545454545456,0.04761904761904762
305152,AAA,2013J,0.0,0.0,0.0
305373,BBB,2014B,0.05,0.3333333333333333,0.08695652173913045
305386,AAA,2013J,0.1,0.13333333333333333,0.1142857142857143
305535,DDD,2013J,0.0,0.0,0.0
305659,FFF,2014J,0.1,0.05128205128205128,0.06779661016949151
305783,EEE,2013J,0.1,0.2222222222222222,0.13793103448275865
305792,GGG,2014B,0.2,0.25,0.22222222222222224
305858,FFF,2013J,0.0,0.0,0.0
305876,FFF,2014B,0.1,0.06896551724137931,0.08163265306122448
305909,BBB,2014J,0.1,0.1,0.10000000000000002
305918,FFF,2014B,0.05,0.07142857142857142,0.058823529411764705
305935,BBB,2013J,0.0,0.0,0.0
306107,AAA,2013J,0.1,0.16666666666666666,0.125
306150,EEE,2013J,0.25,0.45454545454545453,0.3225806451612903
306202,CCC,2014J,0.05,0.07692307692307693,0.060606060606060615
306466,AAA,2013J,0.05,0.05263157894736842,0.05128205128205128
306478,BBB,2014J,0.1,0.15384615384615385,0.12121212121212123
306610,GGG,2013J,0.05,0.058823529411764705,0.05405405405405405
306646,AAA,2014J,0.0,0.0,0.0
306886,BBB,2013B,0.0,0.0,0.0
306897,AAA,2013J,0.1,0.14285714285714285,0.11764705882352941
306944,DDD,2014B,0.05,1.0,0.09523809523809523
306964,BBB,2013J,0.0,0.0,0.0
307061,AAA,2013J,0.1,0.125,0.11111111111111112
307245,FFF,2013J,0.0,0.0,0.0
307290,DDD,2013B,0.0,0.0,0.0
307386,BBB,2014B,0.0,0.0,0.0
307676,FFF,2013J,0.0,0.0,0.0
307689,FFF,2013B,0.05,0.07692307692307693,0.060606060606060615
307866,AAA,2013J,0.0,0.0,0.0
307953,EEE,2014J,0.35,0.3888888888888889,0.36842105263157887
308363,FFF,2013B,0.05,0.02564102564102564,0.033898305084745756
308767,DDD,2013B,0.1,0.4,0.16000000000000003
308775,BBB,2014J,0.05,0.1,0.06666666666666667
308807,GGG,2014J,0.1,0.1111111111111111,0.10526315789473685
309118,CCC,2014B,0.35,0.19444444444444445,0.25
309142,AAA,2014J,0.1,0.10526315789473684,0.10256410256410256
309175,BBB,2013B,0.0,0.0,0.0
309580,DDD,2013B,0.25,0.10204081632653061,0.14492753623188406
309709,BBB,2013B,0.0,0.0,0.0
309734,BBB,2013B,0.0,0.0,0.0
309756,DDD,2014B,0.0,0.0,0.0
309893,FFF,2013J,0.05,0.02127659574468085,0.029850746268656716
310088,CCC,2014B,0.0,0.0,0.0
310205,FFF,2014J,0.05,0.034482758620689655,0.04081632653061224
310280,CCC,2014J,0.2,0.2222222222222222,0.2105263157894737
310412,AAA,2014J,0.05,0.07692307692307693,0.060606060606060615
310646,FFF,2013J,0.0,0.0,0.0
310765,CCC,2014J,0.0,0.0,0.0
310933,BBB,2013J,0.0,0.0,0.0
310968,EEE,2014J,0.15,0.25,0.18749999999999997
311158,GGG,2013J,0.1,0.1111111111111111,0.10526315789473685
311235,AAA,2014J,0.2,0.23529411764705882,0.2162162162162162
311599,BBB,2014B,0.15,0.15789473684210525,0.15384615384615385
311616,CCC,2014B,0.1,0.14285714285714285,0.11764705882352941
311845,EEE,2013J,0.15,0.2727272727272727,0.19354838709677416
311862,CCC,2014J,0.1,0.25,0.14285714285714288
311877,DDD,2013J,0.1,0.4,0.16000000000000003
311889,BBB,2014B,0.05,0.3333333333333333,0.08695652173913045
311917,AAA,2013J,0.1,0.2222222222222222,0.13793103448275865
312061,CCC,2014J,0.1,0.1111111111111111,0.10526315789473685
312231,FFF,2014J,0.1,0.06060606060606061,0.07547169811320756
312537,AAA,2013J,0.1,0.125,0.11111111111111112
312760,FFF,2013J,0.1,0.08333333333333333,0.0909090909090909
312761,DDD,2014B,0.0,0.0,0.0
312782,AAA,2013J,0.0,0.0,0.0
312960,FFF,2014J,0.0,0.0,0.0
313206,FFF,2013J,0.05,0.1,0.06666666666666667
313243,FFF,2014B,0.25,0.09090909090909091,0.13333333333333333
313246,BBB,2014B,0.05,0.08333333333333333,0.0625
313501,EEE,2013J,0.15,0.25,0.18749999999999997
313561,DDD,2014J,0.0,0.0,0.0
313756,FFF,2014B,0.2,0.08695652173913043,0.12121212121212122
313810,BBB,2013B,0.2,0.11764705882352941,0.14814814814814817
313925,GGG,2014J,0.3,0.2727272727272727,0.28571428571428564
313937,AAA,2014J,0.2,0.19047619047619047,0.1951219512195122
313975,FFF,2013B,0.1,0.037037037037037035,0.05405405405405406
314252,BBB,2014J,0.05,0.05263157894736842,0.05128205128205128
314507,FFF,2013B,0.15,0.17647058823529413,0.16216216216216214
314548,FFF,2013B,0.1,0.1111111111111111,0.10526315789473685
314675,BBB,2014J,0.0,0.0,0.0
314776,FFF,2013J,0.1,0.07692307692307693,0.08695652173913043
314801,BBB,2014J,0.05,0.06666666666666667,0.05714285714285715
314956,CCC,2014J,0.05,0.0625,0.05555555555555556
314956,DDD,2013J,0.0,0.0,0.0
315025,FFF,2014B,0.1,0.09523809523809523,0.0975609756097561
315076,AAA,2014J,0.05,0.07692307692307693,0.060606060606060615
315105,BBB,2013J,0.05,0.047619047619047616,0.04878048780487805
315186,BBB,2013B,0.0,0.0,0.0
315625,DDD,2013J,0.0,0.0,0.0
315728,CCC,2014B,0.1,0.10526315789473684,0.10256410256410256
315730,DDD,2013J,0.05,0.02631578947368421,0.034482758620689655
315744,AAA,2014J,0.15,0.3,0.2
315795,FFF,2014J,0.1,0.07407407407407407,0.0851063829787234
315808,FFF,2013J,0.1,0.05714285714285714,0.07272727272727272
315850,FFF,2014B,0.0,0.0,0.0
315909,DDD,2013J,0.0,0.0,0.0
315945,FFF,2013B,0.1,0.07407407407407407,0.0851063829787234
316076,BBB,2013J,0.0,0.0,0.0
316082,FFF,2014J,0.05,0.06666666666666667,0.05714285714285715
316091,CCC,2014J,0.0,0.0,0.0
316098,FFF,2013J,0.1,0.038461538461538464,0.05555555555555555
316227,CCC,2014B,0.2,0.21052631578947367,0.20512820512820512
316289,DDD,2013B,0.0,0.0,0.0
316541,FFF,2013J,0.2,0.12903225806451613,0.1568627450980392
316841,BBB,2013B,0.05,0.0625,0.05555555555555556
317096,DDD,2013J,0.05,0.02040816326530612,0.02898550724637681
317394,FFF,2014B,0.05,0.045454545454545456,0.04761904761904762
317399,GGG,2014J,0.0,0.0,0.0
317801,CCC,2014J,0.1,0.125,0.11111111111111112
317801,DDD,2014B,0.05,0.14285714285714285,0.07407407407407408
318056,BBB,2013B,0.05,0.1,0.06666666666666667
318068,FFF,2014B,0.1,0.07142857142857142,0.08333333333333333
318147,FFF,2014J,0.1,0.044444444444444446,0.061538461538461535
318500,BBB,2014B,0.0,0.0,0.0
318627,FFF,2013J,0.0,0.0,0.0
318769,EEE,2014J,0.35,0.3684210526315789,0.358974358974359
318794,DDD,2013J,0.1,0.1111111111111111,0.10526315789473685
318848,BBB,2013J,0.1,0.15384615384615385,0.12121212121212123
318876,BBB,2014B,0.0,0.0,0.0
318919,DDD,2014J,0.0,0.0,0.0
318933,AAA,2013J,0.0,0.0,0.0
319042,CCC,2014B,0.1,0.18181818181818182,0.12903225806451613
319042,FFF,2014B,0.1,0.058823529411764705,0.07407407407407408
319047,AAA,2013J,0.1,0.09090909090909091,0.09523809523809525
319073,FFF,2014J,0.0,0.0,0.0
319209,BBB,2013B,0.0,0.0,0.0
319331,GGG,2013J,0.1,0.13333333333333333,0.1142857142857143
319563,FFF,2013B,0.05,0.07692307692307693,0.060606060606060615
319578,FFF,2013J,0.05,0.038461538461538464,0.043478260869565216
319606,BBB,2014B,0.0,0.0,0.0
319618,BBB,2013J,0.05,0.058823529411764705,0.05405405405405405
319884,FFF,2013B,0.05,0.027777777777777776,0.03571428571428571
320014,DDD,2013B,0.1,0.05714285714285714,0.07272727272727272
320051,BBB,2013J,0.0,0.0,0.0
320133,FFF,2014J,0.2,0.057971014492753624,0.0898876404494382
320251,FFF,2013B,0.0,0.0,0.0
320363,BBB,2014B,0.0,0.0,0.0
320437,FFF,2013J,0.05,0.045454545454545456,0.04761904761904762
320612,FFF,2014J,0.1,0.05263157894736842,0.06896551724137931
320757,BBB,2013J,0.05,0.06666666666666667,0.05714285714285715
320963,DDD,2013J,0.05,0.034482758620689655,0.04081632653061224
321096,FFF,2014B,0.05,0.05,0.05000000000000001
321121,BBB,2014B,0.0,0.0,0.0
321346,BBB,2014B,0.0,0.0,0.0
321450,BBB,2014J,0.0,0.0,0.0
321525,DDD,2013B,0.0,0.0,0.0
321810,DDD,2014B,0.0,0.0,0.0
321942,AAA,2013J,0.15,0.1875,0.16666666666666663
321952,DDD,2014J,0.05,0.07142857142857142,0.058823529411764705
322137,DDD,2014J,0.2,0.125,0.15384615384615385
322509,BBB,2014B,0.1,0.14285714285714285,0.11764705882352941
322641,CCC,2014J,0.05,0.09090909090909091,0.06451612903225806
322844,CCC,2014J,0.1,0.5,0.16666666666666669
322985,FFF,2013B,0.05,0.023255813953488372,0.031746031746031744
323090,BBB,2013J,0.0,0.0,0.0
323146,DDD,2013B,0.0,0.0,0.0
323370,AAA,2014J,0.45,0.23076923076923078,0.3050847457627119
323480,FFF,2013J,0.0,0.0,0.0
323606,BBB,2013J,0.0,0.0,0.0
323659,DDD,2014B,0.05,0.25,0.08333333333333334
323680,DDD,2014J,0.05,0.02857142857142857,0.03636363636363636
323809,FFF,2013B,0.2,0.07272727272727272,0.10666666666666667
323940,GGG,2014J,0.1,0.18181818181818182,0.12903225806451613
323984,FFF,2013J,0.1,0.08333333333333333,0.0909090909090909
324002,AAA,2013J,0.05,0.0625,0.05555555555555556
324084,AAA,2013J,0.05,0.07142857142857142,0.058823529411764705
324095,GGG,2013J,0.05,0.0625,0.05555555555555556
324257,CCC,2014B,0.0,0.0,0.0
324257,EEE,2014B,0.2,0.4444444444444444,0.2758620689655173
324282,AAA,2013J,0.0,0.0,0.0
324332,EEE,2013J,0.1,0.2,0.13333333333333333
324338,DDD,2014J,0.0,0.0,0.0
324447,FFF,2013B,0.15,0.08823529411764706,0.11111111111111112
324672,FFF,2013J,0.1,0.05128205128205128,0.06779661016949151
324691,DDD,2013B,0.05,0.06666666666666667,0.05714285714285715
324773,GGG,2014B,0.05,0.125,0.07142857142857144
324907,BBB,2014B,0.0,0.0,0.0
324948,FFF,2014B,0.05,0.058823529411764705,0.05405405405405405
325044,DDD,2014B,0.0,0.0,0.0
325080,BBB,2014B,0.1,0.10526315789473684,0.10256410256410256
325089,FFF,2014B,0.1,0.06451612903225806,0.0784313725490196
325308,BBB,2014B,0.2,0.23529411764705882,0.2162162162162162
325497,DDD,2013J,0.0,0.0,0.0
325511,BBB,2013B,0.0,0.0,0.0
325566,DDD,2014B,0.0,0.0,0.0
325750,FFF,2013J,0.0,0.0,0.0
325879,BBB,2013B,0.0,0.0,0.0
325887,BBB,2013J,0.05,0.0625,0.05555555555555556
327003,BBB,2014B,0.0,0.0,0.0
327024,DDD,2013B,0.05,0.02702702702702703,0.03508771929824561
327057,CCC,2014J,0.05,0.07692307692307693,0.060606060606060615
327449,DDD,2014B,0.0,0.0,0.0
327616,FFF,2014B,0.0,0.0,0.0
327641,BBB,2014B,0.0,0.0,0.0
327650,FFF,2013B,0.1,0.0625,0.07692307692307693
328024,AAA,2014J,0.15,0.2727272727272727,0.19354838709677416
328123,CCC,2014J,0.05,0.5,0.09090909090909091
328123,DDD,2014B,0.05,0.3333333333333333,0.08695652173913045
328241,DDD,2014J,0.05,0.05555555555555555,0.052631578947368425
328476,FFF,2013B,0.05,0.04,0.044444444444444446
328797,FFF,2014J,0.0,0.0,0.0
328844,EEE,2013J,0.1,0.18181818181818182,0.12903225806451613
328942,EEE,2013J,0.1,0.25,0.14285714285714288
329030,BBB,2013J,0.1,0.14285714285714285,0.11764705882352941
329192,BBB,2013J,0.05,0.09090909090909091,0.06451612903225806
329226,BBB,2013B,0.1,0.14285714285714285,0.11764705882352941
329455,EEE,2014B,0.3,0.42857142857142855,0.3529411764705882
329659,AAA,2014J,0.0,0.0,0.0
329673,CCC,2014B,0.35,0.30434782608695654,0.3255813953488372
329673,EEE,2013J,0.2,0.36363636363636365,0.25806451612903225
329800,BBB,2013B,0.0,0.0,0.0
329895,FFF,2014J,0.1,0.1,0.10000000000000002
330067,DDD,2013B,0.0,0.0,0.0
330177,GGG,2013J,0.2,0.19047619047619047,0.1951219512195122
330192,FFF,2013J,0.15,0.04838709677419355,0.07317073170731707
330453,CCC,2014J,0.1,0.25,0.14285714285714288
330530,EEE,2013J,0.05,1.0,0.09523809523809523
330594,AAA,2014J,0.0,0.0,0.0
330682,GGG,2014J,0.35,0.3888888888888889,0.36842105263157887
330862,CCC,2014B,0.05,0.14285714285714285,0.07407407407407408
330917,BBB,2014J,0.05,0.043478260869565216,0.046511627906976744
331039,FFF,2013J,0.0,0.0,0.0
331156,BBB,2014B,0.0,0.0,0.0
331232,DDD,2013B,0.1,0.05405405405405406,0.07017543859649122
331315,DDD,2013J,0.2,0.10256410256410256,0.13559322033898302
331318,FFF,2013B,0.15,0.04225352112676056,0.06593406593406594
331354,BBB,2013B,0.0,0.0,0.0
331358,AAA,2014J,0.5,0.20833333333333334,0.29411764705882354
331404,DDD,2013J,0.1,0.06896551724137931,0.08163265306122448
331417,FFF,2013J,0.3,0.09090909090909091,0.13953488372093023
331789,FFF,2014J,0.2,0.09523809523809523,0.12903225806451613
331844,BBB,2013B,0.1,0.09090909090909091,0.09523809523809525
331883,FFF,2013B,0.25,0.125,0.16666666666666666
332309,DDD,2013J,0.0,0.0,0.0
332436,CCC,2014J,0.4,0.22857142857142856,0.2909090909090909
332436,DDD,2013J,0.2,0.1,0.13333333333333333
332715,GGG,2013J,0.2,0.2222222222222222,0.2105263157894737
332726,DDD,2013J,0.05,0.05555555555555555,0.052631578947368425
332789,AAA,2013J,0.05,0.06666666666666667,0.05714285714285715
332884,AAA,2014J,0.35,0.3333333333333333,0.3414634146341463
332945,EEE,2014J,0.25,0.38461538461538464,0.30303030303030304
333059,AAA,2013J,0.1,0.09090909090909091,0.09523809523809525
333308,DDD,2014B,0.0,0.0,0.0
333323,AAA,2013J,0.05,0.05555555555555555,0.052631578947368425
333493,EEE,2013J,0.15,0.3,0.2
333637,EEE,2014J,0.0,0.0,0.0
333832,FFF,2013B,0.05,0.2,0.08000000000000002
333856,DDD,2013B,0.05,0.02857142857142857,0.03636363636363636
333976,EEE,2014J,0.1,0.2857142857142857,0.14814814814814817
333993,FFF,2014J,0.15,0.1111111111111111,0.12765957446808512
334023,BBB,2014B,0.1,0.14285714285714285,0.11764705882352941
334048,DDD,2014J,0.25,0.10869565217391304,0.15151515151515152
334134,FFF,2013B,0.05,0.04,0.044444444444444446
334154,EEE,2013J,0.05,0.09090909090909091,0.06451612903225806
334224,FFF,2013B,0.05,0.03571428571428571,0.041666666666666664
334225,CCC,2014J,0.0,0.0,0.0
334255,DDD,2013J,0.05,0.037037037037037035,0.0425531914893617
334257,DDD,2013J,0.05,0.038461538461538464,0.043478260869565216
334259,AAA,2013J,0.0,0.0,0.0
334441,AAA,2014J,0.0,0.0,0.0
334476,FFF,2013J,0.0,0.0,0.0
334565,BBB,2014B,0.0,0.0,0.0
334581,DDD,2014J,0.15,0.12,0.1333333333333333
334973,DDD,2014J,0.15,0.08333333333333333,0.10714285714285714
334981,BBB,2014B,0.05,0.0625,0.05555555555555556
335018,DDD,2013J,0.1,0.15384615384615385,0.12121212121212123
335018,DDD,2014J,0.0,0.0,0.0
335020,DDD,2013B,0.3,0.09375,0.14285714285714285
335035,BBB,2014J,0.1,0.06666666666666667,0.08
335095,FFF,2014J,0.05,0.07692307692307693,0.060606060606060615
335242,FFF,2013B,0.1,0.05128205128205128,0.06779661016949151
335247,AAA,2014J,0.05,0.08333333333333333,0.0625
335355,EEE,2014B,0.0,0.0,0.0
335405,CCC,2014J,0.1,0.08,0.08888888888888889
335405,DDD,2013J,0.1,0.05555555555555555,0.07142857142857142
335421,BBB,2013B,0.05,0.5,0.09090909090909091
335476,FFF,2013J,0.05,0.05555555555555555,0.052631578947368425
335562,FFF,2013J,0.15,0.12,0.1333333333333333
335582,FFF,2013J,0.05,0.029411764705882353,0.03703703703703704
335644,FFF,2013J,0.1,0.08695652173913043,0.09302325581395349
335764,AAA,2013J,0.0,0.0,0.0
335764,AAA,2014J,0.1,0.1111111111111111,0.10526315789473685
336037,DDD,2013J,0.1,0.07407407407407407,0.0851063829787234
336131,CCC,2014J,0.15,0.07317073170731707,0.09836065573770492
336207,AAA,2013J,0.05,0.125,0.07142857142857144
336213,DDD,2014J,0.05,0.045454545454545456,0.04761904761904762
336218,DDD,2014J,0.05,0.14285714285714285,0.07407407407407408
336258,FFF,2013B,0.15,0.17647058823529413,0.16216216216216214
336356,BBB,2014B,0.0,0.0,0.0
336362,FFF,2013B,0.05,0.3333333333333333,0.08695652173913045
336398,CCC,2014B,0.05,0.05,0.05000000000000001
336402,EEE,2013J,0.2,0.4444444444444444,0.2758620689655173
336478,BBB,2013J,0.1,0.1,0.10000000000000002
336684,DDD,2013B,0.05,0.09090909090909091,0.06451612903225806
336695,CCC,2014J,0.1,0.13333333333333333,0.1142857142857143
336696,DDD,2013B,0.2,0.2,0.20000000000000004
336772,CCC,2014J,0.15,0.1,0.12
337000,FFF,2014J,0.15,0.06,0.08571428571428572
337151,BBB,2013J,0.0,0.0,0.0
337189,FFF,2013B,0.0,0.0,0.0
337359,DDD,2014J,0.05,0.045454545454545456,0.04761904761904762
337414,DDD,2013B,0.0,0.0,0.0
338034,DDD,2013J,0.0,0.0,0.0
338056,BBB,2013B,0.05,0.25,0.08333333333333334
338076,DDD,2013B,0.0,0.0,0.0
338113,GGG,2014J,0.2,0.2222222222222222,0.2105263157894737
338407,AAA,2014J,0.0,0.0,0.0
338536,FFF,2013J,0.0,0.0,0.0
338554,BBB,2014J,0.0,0.0,0.0
338604,CCC,2014B,0.0,0.0,0.0
338689,FFF,2014J,0.15,0.04918032786885246,0.07407407407407407
338704,DDD,2014J,0.0,0.0,0.0
338731,CCC,2014B,0.0,0.0,0.0
338731,CCC,2014J,0.05,0.03571428571428571,0.041666666666666664
338741,BBB,2013J,0.0,0.0,0.0
338806,FFF,2013J,0.0,0.0,0.0
338806,FFF,2014J,0.0,0.0,0.0
338854,EEE,2014B,0.15,0.25,0.18749999999999997
338894,EEE,2013J,0.0,0.0,0.0
338958,FFF,2014B,0.05,0.05555555555555555,0.052631578947368425
338975,FFF,2013J,0.0,0.0,0.0
339235,CCC,2014J,0.05,0.25,0.08333333333333334
339379,BBB,2013B,0.0,0.0,0.0
339381,BBB,2014B,0.1,0.09523809523809523,0.0975609756097561
339481,DDD,2013B,0.0,0.0,0.0
339494,BBB,2013J,0.0,0.0,0.0
339513,DDD,2014B,0.1,0.043478260869565216,0.06060606060606061
339519,FFF,2014J,0.3,0.0759493670886076,0.12121212121212122
339608,BBB,2013J,0.0,0.0,0.0
339640,EEE,2013J,0.25,0.3333333333333333,0.28571428571428575
339645,GGG,2014J,0.35,0.28,0.3111111111111111
339727,GGG,2013J,0.1,0.11764705882352941,0.1081081081081081
339728,FFF,2014B,0.25,0.14705882352941177,0.18518518518518517
339739,DDD,2013J,0.05,0.05,0.05000000000000001
339785,EEE,2013J,0.1,0.18181818181818182,0.12903225806451613
339824,CCC,2014J,0.0,0.0,0.0
339824,FFF,2014B,0.1,0.09523809523809523,0.0975609756097561
339853,DDD,2014J,0.05,0.02857142857142857,0.03636363636363636
339853,GGG,2013J,0.15,0.16666666666666666,0.15789473684210525
339972,AAA,2013J,0.0,0.0,0.0
340010,CCC,2014J,0.25,0.25,0.25
340216,BBB,2014J,0.05,0.043478260869565216,0.046511627906976744
340242,GGG,2014J,0.25,0.2631578947368421,0.25641025641025644
340486,GGG,2013J,0.05,0.07142857142857142,0.058823529411764705
340496,FFF,2013B,0.05,0.05263157894736842,0.05128205128205128
340627,DDD,2014J,0.1,0.1111111111111111,0.10526315789473685
340647,FFF,2013J,0.05,0.029411764705882353,0.03703703703703704
340831,BBB,2014B,0.05,0.06666666666666667,0.05714285714285715
340911,BBB,2013J,0.05,0.045454545454545456,0.04761904761904762
340965,BBB,2013J,0.0,0.0,0.0
341010,EEE,2014J,0.05,0.125,0.07142857142857144
341096,FFF,2013J,0.05,0.022222222222222223,0.030769230769230767
341361,FFF,2013J,0.0,0.0,0.0
341470,FFF,2013J,0.15,0.07894736842105263,0.10344827586206896
341509,BBB,2013B,0.0,0.0,0.0
341611,BBB,2014J,0.0,0.0,0.0
341629,FFF,2014J,0.1,0.05714285714285714,0.07272727272727272
341854,DDD,2013J,0.05,0.14285714285714285,0.07407407407407408
341855,DDD,2013J,0.0,0.0,0.0
341855,DDD,2014J,0.0,0.0,0.0
341872,AAA,2013J,0.0,0.0,0.0
341921,DDD,2014J,0.15,0.08333333333333333,0.10714285714285714
342007,AAA,2014J,0.15,0.10344827586206896,0.12244897959183673
342017,BBB,2014B,0.0,0.0,0.0
342100,DDD,2013J,0.0,0.0,0.0
342125,FFF,2014B,0.1,0.043478260869565216,0.06060606060606061
342155,FFF,2013J,0.0,0.0,0.0
342192,BBB,2014J,0.0,0.0,0.0
342234,FFF,2014B,0.0,0.0,0.0
342387,DDD,2013J,0.0,0.0,0.0
342475,FFF,2013B,0.1,0.1,0.10000000000000002
342514,AAA,2013J,0.15,0.3333333333333333,0.20689655172413793
342685,BBB,2013J,0.1,0.09090909090909091,0.09523809523809525
342799,CCC,2014J,0.05,0.14285714285714285,0.07407407407407408
342946,GGG,2014J,0.0,0.0,0.0
342949,DDD,2013J,0.0,0.0,0.0
342953,FFF,2013J,0.1,0.07407407407407407,0.0851063829787234
342957,CCC,2014B,0.15,0.2727272727272727,0.19354838709677416
342957,EEE,2014B,0.1,0.2222222222222222,0.13793103448275865
342962,EEE,2013J,0.1,0.2,0.13333333333333333
342972,AAA,2013J,0.1,0.2,0.13333333333333333
342974,CCC,2014B,0.1,0.15384615384615385,0.12121212121212123
343138,BBB,2014J,0.0,0.0,0.0
343238,DDD,2013J,0.05,0.07142857142857142,0.058823529411764705
343446,AAA,2013J,0.05,0.0625,0.05555555555555556
343543,EEE,2013J,0.2,0.3076923076923077,0.24242424242424246
343655,GGG,2014J,0.15,0.2,0.17142857142857143
343709,FFF,2014J,0.0,0.0,0.0
343781,DDD,2013J,0.05,0.01818181818181818,0.02666666666666667
343828,FFF,2013J,0.1,0.0392156862745098,0.05633802816901408
343911,DDD,2013J,0.05,0.027777777777777776,0.03571428571428571
344098,GGG,2014B,0.15,0.25,0.18749999999999997
344282,AAA,2013J,0.0,0.0,0.0
344367,DDD,2013B,0.0,0.0,0.0
344409,FFF,2014B,0.0,0.0,0.0
344451,FFF,2014B,0.0,0.0,0.0
344474,DDD,2013B,0.1,0.04878048780487805,0.06557377049180328
344474,DDD,2013J,0.0,0.0,0.0
344568,BBB,2013J,0.15,0.13636363636363635,0.14285714285714282
344676,EEE,2013J,0.05,0.2,0.08000000000000002
344740,EEE,2014J,0.3,0.42857142857142855,0.3529411764705882
344787,FFF,2013J,0.15,0.05,0.075
344873,DDD,2013B,0.15,0.16666666666666666,0.15789473684210525
345064,FFF,2013B,0.05,0.03571428571428571,0.041666666666666664
345068,AAA,2013J,0.15,0.1875,0.16666666666666663
345128,BBB,2013J,0.0,0.0,0.0
345256,CCC,2014B,0.4,0.25,0.3076923076923077
345256,EEE,2014J,0.25,0.3125,0.2777777777777778
345257,DDD,2013B,0.0,0.0,0.0
345271,FFF,2014J,0.1,0.125,0.11111111111111112
345288,EEE,2014J,0.15,0.375,0.21428571428571425
345313,DDD,2013B,0.1,0.09523809523809523,0.0975609756097561
345357,AAA,2013J,0.2,0.2222222222222222,0.2105263157894737
345440,AAA,2014J,0.0,0.0,0.0
345442,FFF,2014B,0.0,0.0,0.0
345519,AAA,2014J,0.05,0.07142857142857142,0.058823529411764705
345881,GGG,2014B,0.2,0.2857142857142857,0.23529411764705882
346025,AAA,2013J,0.1,0.2222222222222222,0.13793103448275865
346093,EEE,2014J,0.25,0.4166666666666667,0.3125
346118,AAA,2014J,0.1,0.4,0.16000000000000003
346207,FFF,2013B,0.1,0.03125,0.047619047619047616
346333,DDD,2013J,0.15,0.061224489795918366,0.08695652173913043
347197,FFF,2014J,0.1,0.13333333333333333,0.1142857142857143
347484,FFF,2013J,0.0,0.0,0.0
347518,EEE,2013J,0.25,0.38461538461538464,0.30303030303030304
347809,CCC,2014J,0.2,0.14285714285714285,0.16666666666666666
347809,FFF,2013J,0.15,0.11538461538461539,0.13043478260869565
348050,DDD,2013J,0.05,0.0625,0.05555555555555556
348108,FFF,2014J,0.2,0.0784313725490196,0.11267605633802816
348159,CCC,2014B,0.15,0.13636363636363635,0.14285714285714282
348159,FFF,2013B,0.0,0.0,0.0
348288,EEE,2014J,0.2,0.2857142857142857,0.23529411764705882
348324,FFF,2014J,0.05,0.041666666666666664,0.04545454545454545
348351,EEE,2013J,0.1,0.2857142857142857,0.14814814814814817
348579,GGG,2013J,0.15,0.1875,0.16666666666666663
348655,EEE,2013J,0.1,0.5,0.16666666666666669
348717,FFF,2013J,0.05,0.027777777777777776,0.03571428571428571
348771,BBB,2014B,0.05,0.02702702702702703,0.03508771929824561
348783,CCC,2014J,0.2,0.17391304347826086,0.18604651162790697
348783,FFF,2013J,0.2,0.10526315789473684,0.13793103448275862
348807,AAA,2014J,0.0,0.0,0.0
348837,GGG,2014J,0.15,0.17647058823529413,0.16216216216216214
348855,CCC,2014J,0.1,0.2,0.13333333333333333
348855,FFF,2014B,0.15,0.06382978723404255,0.08955223880597013
348986,FFF,2013B,0.1,0.13333333333333333,0.1142857142857143
349093,CCC,2014J,0.2,0.12121212121212122,0.15094339622641512
349182,DDD,2013J,0.0,0.0,0.0
349360,GGG,2013J,0.05,0.058823529411764705,0.05405405405405405
349515,FFF,2014J,0.25,0.21739130434782608,0.23255813953488372
349554,BBB,2013J,0.05,0.14285714285714285,0.07407407407407408
349676,FFF,2013J,0.05,0.037037037037037035,0.0425531914893617
349688,DDD,2014J,0.0,0.0,0.0
349908,FFF,2013B,0.05,0.047619047619047616,0.04878048780487805
349910,DDD,2014J,0.05,0.06666666666666667,0.05714285714285715
350156,AAA,2014J,0.1,0.1,0.10000000000000002
350188,AAA,2013J,0.05,0.09090909090909091,0.06451612903225806
350622,BBB,2013B,0.0,0.0,0.0
350644,DDD,2013J,0.0,0.0,0.0
350660,FFF,2013B,0.0,0.0,0.0
350795,BBB,2013B,0.0,0.0,0.0
350797,BBB,2014J,0.05,0.08333333333333333,0.0625
350929,DDD,2013J,0.1,0.06666666666666667,0.08
350939,AAA,2014J,0.1,0.18181818181818182,0.12903225806451613
350944,GGG,2014J,0.3,0.3157894736842105,0.3076923076923077
351034,FFF,2013B,0.15,0.0625,0.08823529411764706
351050,BBB,2014J,0.15,0.25,0.18749999999999997
351080,DDD,2014J,0.15,0.125,0.13636363636363635
351147,FFF,2014J,0.2,0.10256410256410256,0.13559322033898302
351170,FFF,2013J,0.05,0.047619047619047616,0.04878048780487805
351181,FFF,2014B,0.15,0.06382978723404255,0.08955223880597013
351244,DDD,2014J,0.0,0.0,0.0
351271,BBB,2013B,0.1,0.10526315789473684,0.10256410256410256
351290,BBB,2013B,0.0,0.0,0.0
351336,AAA,2014J,0.0,0.0,0.0
351500,FFF,2013B,0.2,0.12903225806451613,0.1568627450980392
351505,FFF,2013J,0.0,0.0,0.0
351577,CCC,2014B,0.0,0.0,0.0
351775,CCC,2014B,0.2,0.2,0.20000000000000004
351775,DDD,2013B,0.05,0.07692307692307693,0.060606060606060615
352051,DDD,2013J,0.0,0.0,0.0
352112,BBB,2013J,0.1,0.125,0.11111111111111112
352364,BBB,2013B,0.0,0.0,0.0
352382,GGG,2013J,0.1,0.1111111111111111,0.10526315789473685
352637,CCC,2014J,0.15,0.15,0.15
352688,BBB,2013J,0.15,0.5,0.23076923076923075
352771,DDD,2013J,0.05,0.06666666666666667,0.05714285714285715
353018,FFF,2013B,0.05,0.030303030303030304,0.03773584905660378
353093,BBB,2013B,0.1,0.06896551724137931,0.08163265306122448
353221,FFF,2013B,0.05,0.05263157894736842,0.05128205128205128
353665,AAA,2014J,0.05,0.1111111111111111,0.06896551724137932
353790,FFF,2013J,0.0,0.0,0.0
353953,EEE,2014B,0.0,0.0,0.0
353979,FFF,2014B,0.0,0.0,0.0
354050,DDD,2013B,0.0,0.0,0.0
354050,DDD,2014B,0.0,0.0,0.0
354170,AAA,2014J,0.05,0.14285714285714285,0.07407407407407408
354171,FFF,2013B,0.05,0.02,0.02857142857142857
354550,FFF,2013J,0.0,0.0,0.0
354607,CCC,2014B,0.15,0.1875,0.16666666666666663
354688,CCC,2014J,0.05,1.0,0.09523809523809523
354698,FFF,2014J,0.15,0.09375,0.11538461538461538
354984,BBB,2014B,0.0,0.0,0.0
354992,FFF,2013B,0.1,0.25,0.14285714285714288
355049,EEE,2014J,0.1,0.2,0.13333333333333333
355143,FFF,2013B,0.1,0.05,0.06666666666666667
355147,BBB,2014B,0.05,0.05555555555555555,0.052631578947368425
355293,FFF,2013J,0.0,0.0,0.0
355293,FFF,2014J,0.0,0.0,0.0
355309,DDD,2014B,0.1,0.08,0.08888888888888889
355335,FFF,2013J,0.15,0.08108108108108109,0.10526315789473685
355510,DDD,2013J,0.0,0.0,0.0
355617,EEE,2014J,0.1,0.2857142857142857,0.14814814814814817
355643,BBB,2014B,0.05,0.2,0.08000000000000002
355738,FFF,2013B,0.05,0.027777777777777776,0.03571428571428571
355780,DDD,2014B,0.0,0.0,0.0
355935,CCC,2014J,0.0,0.0,0.0
355935,DDD,2014B,0.05,0.07692307692307693,0.060606060606060615
356166,DDD,2014B,0.25,0.0684931506849315,0.10752688172043011
356170,AAA,2014J,0.2,0.18181818181818182,0.1904761904761905
356297,CCC,2014J,0.05,0.07692307692307693,0.060606060606060615
356297,DDD,2014B,0.2,0.07407407407407407,0.10810810810810811
356371,FFF,2014B,0.15,0.13636363636363635,0.14285714285714282
356523,CCC,2014J,0.15,0.2,0.17142857142857143
356561,DDD,2014J,0.05,0.08333333333333333,0.0625
356735,EEE,2014J,0.15,0.3333333333333333,0.20689655172413793
357176,CCC,2014B,0.3,0.3333333333333333,0.3157894736842105
357219,FFF,2013B,0.2,0.1,0.13333333333333333
357297,FFF,2013B,0.05,0.03333333333333333,0.04
357668,AAA,2013J,0.0,0.0,0.0
357851,FFF,2013J,0.0,0.0,0.0
357901,BBB,2014J,0.0,0.0,0.0
358075,CCC,2014J,0.0,0.0,0.0
358075,DDD,2013B,0.0,0.0,0.0
358182,AAA,2014J,0.05,0.07142857142857142,0.058823529411764705
358204,BBB,2014J,0.05,0.06666666666666667,0.05714285714285715
358341,GGG,2014J,0.3,0.3333333333333333,0.3157894736842105
358504,DDD,2013J,0.25,0.0847457627118644,0.12658227848101267
358522,DDD,2013B,0.25,0.08620689655172414,0.12820512820512822
358808,FFF,2013B,0.0,0.0,0.0
358956,BBB,2014B,0.0,0.0,0.0
358966,GGG,2014J,0.3,0.4,0.34285714285714286
359114,CCC,2014B,0.05,0.09090909090909091,0.06451612903225806
359156,FFF,2013B,0.15,0.075,0.1
359417,FFF,2013B,0.0,0.0,0.0
359438,BBB,2014B,0.0,0.0,0.0
359640,FFF,2013B,0.1,0.1,0.10000000000000002
359855,DDD,2013J,0.05,0.1,0.06666666666666667
359883,FFF,2013B,0.05,0.018867924528301886,0.027397260273972605
359943,DDD,2013J,0.0,0.0,0.0
359958,CCC,2014J,0.15,0.0967741935483871,0.11764705882352941
360188,BBB,2013B,0.05,0.05263157894736842,0.05128205128205128
360190,BBB,2014B,0.0,0.0,0.0
360266,EEE,2014J,0.25,0.3125,0.2777777777777778
360492,DDD,2013B,0.1,0.05128205128205128,0.06779661016949151
360683,GGG,2013J,0.05,0.0625,0.05555555555555556
360726,FFF,2013B,0.05,0.01694915254237288,0.025316455696202535
360747,FFF,2013J,0.15,0.05660377358490566,0.0821917808219178
360877,BBB,2013B,0.0,0.0,0.0
360986,FFF,2013J,0.1,0.1111111111111111,0.10526315789473685
361209,DDD,2013B,0.05,0.043478260869565216,0.046511627906976744
361243,DDD,2013J,0.05,0.047619047619047616,0.04878048780487805
361410,CCC,2014B,0.3,0.25,0.2727272727272727
361411,BBB,2014J,0.1,0.125,0.11111111111111112
361603,BBB,2013B,0.05,0.3333333333333333,0.08695652173913045
362037,DDD,2013B,0.05,0.037037037037037035,0.0425531914893617
362140,CCC,2014J,0.05,0.058823529411764705,0.05405405405405405
362223,CCC,2014B,0.0,0.0,0.0
362374,DDD,2013B,0.0,0.0,0.0
362548,CCC,2014J,0.05,0.07142857142857142,0.058823529411764705
362661,FFF,2014B,0.25,0.15625,0.19230769230769232
362668,FFF,2013B,0.05,0.02564102564102564,0.033898305084745756
362760,BBB,2013B,0.0,0.0,0.0
363110,BBB,2014B,0.05,0.5,0.09090909090909091
363122,DDD,2014B,0.0,0.0,0.0
363213,BBB,2014J,0.05,0.125,0.07142857142857144
363396,BBB,2014B,0.05,0.05,0.05000000000000001
363401,BBB,2013B,0.0,0.0,0.0
363416,BBB,2013B,0.1,0.4,0.16000000000000003
363660,BBB,2013B,0.1,0.11764705882352941,0.1081081081081081
363749,FFF,2013B,0.05,0.04,0.044444444444444446
363773,CCC,2014B,0.15,0.14285714285714285,0.14634146341463414
363906,CCC,2014B,0.1,0.2,0.13333333333333333
363939,CCC,2014B,0.1,0.2222222222222222,0.13793103448275865
363939,EEE,2013J,0.05,0.1,0.06666666666666667
364066,FFF,2014J,0.15,0.07894736842105263,0.10344827586206896
364073,BBB,2013J,0.0,0.0,0.0
364103,CCC,2014J,0.0,0.0,0.0
364177,AAA,2013J,0.0,0.0,0.0
364239,DDD,2013J,0.1,0.045454545454545456,0.06250000000000001
364322,EEE,2014J,0.15,0.14285714285714285,0.14634146341463414
364405,DDD,2013B,0.1,0.05263157894736842,0.06896551724137931
364527,BBB,2014J,0.0,0.0,0.0
364547,DDD,2013J,0.0,0.0,0.0
364770,DDD,2013J,0.0,0.0,0.0
364790,FFF,2013J,0.1,0.06060606060606061,0.07547169811320756
364871,BBB,2013J,0.05,0.06666666666666667,0.05714285714285715
364957,AAA,2014J,0.05,0.125,0.07142857142857144
364974,FFF,2013J,0.2,0.06666666666666667,0.1
365084,GGG,2014B,0.45,0.3333333333333333,0.3829787234042553
365097,BBB,2014J,0.15,0.1875,0.16666666666666663
365111,BBB,2014J,0.1,0.5,0.16666666666666669
365169,BBB,2013J,0.1,0.125,0.11111111111111112
365192,GGG,2013J,0.1,0.15384615384615385,0.12121212121212123
365222,EEE,2013J,0.1,0.5,0.16666666666666669
365244,AAA,2013J,0.2,0.18181818181818182,0.1904761904761905
365375,DDD,2014J,0.05,0.125,0.07142857142857144
365397,DDD,2014B,0.05,0.1111111111111111,0.06896551724137932
365452,BBB,2013B,0.05,0.041666666666666664,0.04545454545454545
365631,BBB,2013J,0.0,0.0,0.0
365642,AAA,2013J,0.0,0.0,0.0
365661,CCC,2014J,0.25,0.14285714285714285,0.18181818181818182
365701,CCC,2014J,0.1,0.09523809523809523,0.0975609756097561
365707,BBB,2013B,0.05,0.14285714285714285,0.07407407407407408
365764,DDD,2014B,0.0,0.0,0.0
365782,DDD,2013B,0.1,0.03773584905660377,0.05479452054794521
365860,FFF,2014B,0.1,0.04878048780487805,0.06557377049180328
365893,DDD,2014J,0.05,0.07692307692307693,0.060606060606060615
365993,CCC,2014B,0.0,0.0,0.0
366024,DDD,2013B,0.0,0.0,0.0
366140,FFF,2014J,0.15,0.058823529411764705,0.08450704225352114
366310,CCC,2014B,0.15,0.17647058823529413,0.16216216216216214
366310,DDD,2013B,0.2,0.16666666666666666,0.1818181818181818
366367,CCC,2014J,0.05,0.2,0.08000000000000002
366371,GGG,2014B,0.05,0.14285714285714285,0.07407407407407408
366424,EEE,2014B,0.1,0.16666666666666666,0.125
366449,DDD,2013J,0.0,0.0,0.0
366479,BBB,2014J,0.05,0.08333333333333333,0.0625
366483,AAA,2013J,0.0,0.0,0.0
366492,FFF,2013B,0.05,0.01818181818181818,0.02666666666666667
366524,BBB,2013J,0.0,0.0,0.0
366771,GGG,2014B,0.15,0.2,0.17142857142857143
366873,CCC,2014J,0.0,0.0,0.0
366987,DDD,2013J,0.05,0.03571428571428571,0.041666666666666664
367127,DDD,2014B,0.2,0.17391304347826086,0.18604651162790697
367151,FFF,2014J,0.0,0.0,0.0
367309,DDD,2014J,0.1,0.08,0.08888888888888889
367352,CCC,2014J,0.2,0.21052631578947367,0.20512820512820512
367433,BBB,2013J,0.0,0.0,0.0
367510,FFF,2014B,0.0,0.0,0.0
367535,BBB,2014B,0.05,0.1,0.06666666666666667
367605,FFF,2013J,0.1,0.1111111111111111,0.10526315789473685
367609,BBB,2013B,0.05,0.02040816326530612,0.02898550724637681
367646,DDD,2014B,0.05,0.016129032258064516,0.024390243902439025
367898,FFF,2014B,0.1,0.1,0.10000000000000002
368077,BBB,2013J,0.0,0.0,0.0
368194,AAA,2013J,0.1,0.14285714285714285,0.11764705882352941
368245,GGG,2013J,0.05,0.08333333333333333,0.0625
368306,EEE,2014B,0.1,0.6666666666666666,0.1739130434782609
368315,FFF,2013J,0.2,0.07142857142857142,0.10526315789473682
368436,CCC,2014J,0.15,0.25,0.18749999999999997
368436,DDD,2013J,0.0,0.0,0.0
368521,BBB,2014J,0.05,0.09090909090909091,0.06451612903225806
368675,FFF,2014B,0.1,0.06060606060606061,0.07547169811320756
368749,DDD,2013B,0.05,0.0625,0.05555555555555556
368824,AAA,2013J,0.1,0.2,0.13333333333333333
368876,CCC,2014B,0.0,0.0,0.0
368886,FFF,2013B,0.05,0.2,0.08000000000000002
368935,FFF,2013J,0.0,0.0,0.0
368963,AAA,2013J,0.05,0.09090909090909091,0.06451612903225806
368969,GGG,2013J,0.2,0.13333333333333333,0.16
369119,EEE,2013J,0.0,0.0,0.0
369208,FFF,2013J,0.05,0.08333333333333333,0.0625
369234,BBB,2014J,0.15,0.25,0.18749999999999997
369242,FFF,2014J,0.2,0.08888888888888889,0.12307692307692307
369319,DDD,2013J,0.0,0.0,0.0
369378,GGG,2013J,0.0,0.0,0.0
369450,FFF,2014J,0.25,0.09803921568627451,0.14084507042253522
369610,CCC,2014J,0.15,0.10344827586206896,0.12244897959183673
369713,EEE,2014J,0.15,0.3333333333333333,0.20689655172413793
369715,BBB,2014B,0.15,0.15789473684210525,0.15384615384615385
369811,FFF,2013B,0.0,0.0,0.0
369834,AAA,2014J,0.0,0.0,0.0
369908,DDD,2013B,0.15,0.061224489795918366,0.08695652173913043
369942,EEE,2014J,0.15,0.16666666666666666,0.15789473684210525
369986,BBB,2013J,0.0,0.0,0.0
370008,BBB,2014B,0.0,0.0,0.0
370089,DDD,2014J,0.05,0.045454545454545456,0.04761904761904762
370184,DDD,2014J,0.0,0.0,0.0
370274,DDD,2014J,0.15,0.09090909090909091,0.11320754716981132
370302,BBB,2013B,0.0,0.0,0.0
370312,FFF,2013B,0.1,0.09090909090909091,0.09523809523809525
370367,DDD,2013J,0.05,0.058823529411764705,0.05405405405405405
370375,DDD,2014J,0.2,0.11428571428571428,0.14545454545454545
370512,CCC,2014J,0.2,0.09302325581395349,0.12698412698412698
370720,BBB,2013B,0.0,0.0,0.0
370735,FFF,2014J,0.05,0.03571428571428571,0.041666666666666664
370859,BBB,2013J,0.15,0.14285714285714285,0.14634146341463414
370865,DDD,2014B,0.05,0.07692307692307693,0.060606060606060615
370949,DDD,2013B,0.05,0.021739130434782608,0.030303030303030304
371019,DDD,2014J,0.1,0.05714285714285714,0.07272727272727272
371044,DDD,2013B,0.2,0.1111111111111111,0.14285714285714285
371168,FFF,2014B,0.1,0.11764705882352941,0.1081081081081081
371247,FFF,2013J,0.05,0.027777777777777776,0.03571428571428571
371402,GGG,2014J,0.35,0.4375,0.38888888888888884
371439,CCC,2014J,0.05,0.07692307692307693,0.060606060606060615
371526,CCC,2014B,0.05,0.09090909090909091,0.06451612903225806
371530,BBB,2013J,0.0,0.0,0.0
371679,BBB,2013B,0.0,0.0,0.0
371710,AAA,2014J,0.1,0.2,0.13333333333333333
371787,FFF,2013B,0.1,0.06451612903225806,0.0784313725490196
371831,DDD,2013B,0.0,0.0,0.0
371869,FFF,2013J,0.0,0.0,0.0
371901,CCC,2014B,0.1,0.11764705882352941,0.1081081081081081
372141,GGG,2014J,0.2,0.2857142857142857,0.23529411764705882
372234,CCC,2014J,0.15,0.10344827586206896,0.12244897959183673
372262,FFF,2013J,0.05,0.01694915254237288,0.025316455696202535
372345,FFF,2014J,0.1,0.1,0.10000000000000002
372509,FFF,2014J,0.0,0.0,0.0
372511,FFF,2014J,0.15,0.07894736842105263,0.10344827586206896
372577,CCC,2014J,0.0,0.0,0.0
372577,EEE,2014J,0.0,0.0,0.0
372602,BBB,2014J,0.0,0.0,0.0
372658,BBB,2013J,0.0,0.0,0.0
372691,GGG,2013J,0.05,0.05263157894736842,0.05128205128205128
372837,GGG,2014B,0.05,0.16666666666666666,0.07692307692307691
372997,BBB,2014B,0.1,0.4,0.16000000000000003
373126,DDD,2013B,0.0,0.0,0.0
373135,FFF,2013B,0.15,0.1111111111111111,0.12765957446808512
373174,BBB,2014J,0.1,0.08695652173913043,0.09302325581395349
373237,DDD,2013J,0.0,0.0,0.0
373280,DDD,2013J,0.0,0.0,0.0
373369,DDD,2013B,0.05,0.045454545454545456,0.04761904761904762
373613,FFF,2013B,0.0,0.0,0.0
373848,BBB,2013J,0.0,0.0,0.0
373872,AAA,2014J,0.05,0.08333333333333333,0.0625
374028,CCC,2014B,0.25,0.2,0.22222222222222224
374038,BBB,2013J,0.05,0.1,0.06666666666666667
374102,BBB,2013B,0.0,0.0,0.0
374192,EEE,2013J,0.15,0.25,0.18749999999999997
374234,BBB,2013B,0.1,0.10526315789473684,0.10256410256410256
374266,GGG,2014B,0.1,0.1111111111111111,0.10526315789473685
374636,DDD,2013J,0.0,0.0,0.0
374645,DDD,2014B,0.1,0.1,0.10000000000000002
374739,EEE,2013J,0.2,0.4,0.26666666666666666
374747,BBB,2014B,0.0,0.0,0.0
374756,CCC,2014B,0.0,0.0,0.0
375260,AAA,2014J,0.0,0.0,0.0
375300,DDD,2013B,0.0,0.0,0.0
375527,FFF,2014J,0.05,0.07692307692307693,0.060606060606060615
375600,GGG,2013J,0.05,0.0625,0.05555555555555556
375646,AAA,2014J,0.1,0.14285714285714285,0.11764705882352941
375717,BBB,2014B,0.1,0.4,0.16000000000000003
375856,DDD,2014B,0.15,0.10344827586206896,0.12244897959183673
375882,GGG,2013J,0.2,0.19047619047619047,0.1951219512195122
375960,BBB,2013J,0.0,0.0,0.0
376439,AAA,2013J,0.05,0.07692307692307693,0.060606060606060615
376581,AAA,2013J,0.15,0.14285714285714285,0.14634146341463414
376617,BBB,2013B,0.05,0.1,0.06666666666666667
376758,DDD,2014J,0.0,0.0,0.0
377244,FFF,2013B,0.1,0.06451612903225806,0.0784313725490196
377274,FFF,2013B,0.0,0.0,0.0
377469,BBB,2014B,0.0,0.0,0.0
377546,AAA,2014J,0.15,0.25,0.18749999999999997
377759,BBB,2013B,0.05,0.0625,0.05555555555555556
377846,BBB,2013B,0.0,0.0,0.0
378462,BBB,2013B,0.0,0.0,0.0
378543,BBB,2013B,0.05,0.16666666666666666,0.07692307692307691
378576,CCC,2014J,0.0,0.0,0.0
378728,DDD,2014B,0.0,0.0,0.0
378809,FFF,2014B,0.05,0.038461538461538464,0.043478260869565216
378825,DDD,2013J,0.2,0.09090909090909091,0.12500000000000003
378825,EEE,2014J,0.35,0.4666666666666667,0.4
378884,FFF,2013B,0.0,0.0,0.0
378920,CCC,2014B,0.15,0.1875,0.16666666666666663
378920,EEE,2013J,0.05,0.1,0.06666666666666667
378946,FFF,2014J,0.25,0.07142857142857142,0.11111111111111112
378950,FFF,2013B,0.1,0.03389830508474576,0.05063291139240507
378953,DDD,2013B,0.0,0.0,0.0
379023,DDD,2013J,0.05,0.07692307692307693,0.060606060606060615
379042,CCC,2014J,0.05,0.05263157894736842,0.05128205128205128
379042,FFF,2014B,0.2,0.05970149253731343,0.09195402298850575
379070,FFF,2013J,0.25,0.1111111111111111,0.15384615384615383
379113,GGG,2013J,0.15,0.16666666666666666,0.15789473684210525
379124,DDD,2013J,0.15,0.125,0.13636363636363635
379210,BBB,2013J,0.05,0.5,0.09090909090909091
379265,CCC,2014J,0.05,0.25,0.08333333333333334
379336,DDD,2014J,0.05,0.02857142857142857,0.03636363636363636
379406,CCC,2014J,0.1,0.06451612903225806,0.0784313725490196
379528,EEE,2013J,0.05,0.16666666666666666,0.07692307692307691
379558,FFF,2013B,0.05,0.025,0.03333333333333333
379720,BBB,2014J,0.15,0.0967741935483871,0.11764705882352941
379843,FFF,2013J,0.3,0.09090909090909091,0.13953488372093023
379844,GGG,2013J,0.2,0.18181818181818182,0.1904761904761905
379861,DDD,2013B,0.15,0.07317073170731707,0.09836065573770492
380184,BBB,2014B,0.1,0.14285714285714285,0.11764705882352941
380204,BBB,2014B,0.0,0.0,0.0
380238,GGG,2014B,0.2,0.4,0.26666666666666666
380239,DDD,2013J,0.05,0.041666666666666664,0.04545454545454545
380240,BBB,2013J,0.0,0.0,0.0
380253,DDD,2013J,0.1,0.08695652173913043,0.09302325581395349
380341,DDD,2013B,0.25,0.11627906976744186,0.15873015873015872
380429,DDD,2013J,0.05,0.020833333333333332,0.029411764705882353
380435,FFF,2013J,0.1,0.05555555555555555,0.07142857142857142
380599,GGG,2014J,0.2,0.25,0.22222222222222224
380662,DDD,2013J,0.0,0.0,0.0
380668,GGG,2014J,0.2,0.19047619047619047,0.1951219512195122
380894,GGG,2014B,0.2,0.23529411764705882,0.2162162162162162
380919,DDD,2013B,0.05,0.05,0.05000000000000001
380921,EEE,2014B,0.1,0.4,0.16000000000000003
380952,FFF,2014J,0.1,0.07407407407407407,0.0851063829787234
380953,AAA,2013J,0.1,0.10526315789473684,0.10256410256410256
381185,EEE,2014J,0.1,0.3333333333333333,0.15384615384615383
381257,FFF,2014J,0.45,0.1232876712328767,0.1935483870967742
381414,FFF,2014J,0.05,0.08333333333333333,0.0625
381439,DDD,2014J,0.0,0.0,0.0
381533,BBB,2014B,0.0,0.0,0.0
381541,BBB,2013J,0.0,0.0,0.0
381544,BBB,2014B,0.05,0.07142857142857142,0.058823529411764705
381586,EEE,2014J,0.1,0.4,0.16000000000000003
381642,AAA,2014J,0.15,0.5,0.23076923076923075
381646,DDD,2013B,0.1,0.05555555555555555,0.07142857142857142
381669,BBB,2013J,0.05,0.5,0.09090909090909091
381882,BBB,2014J,0.05,0.2,0.08000000000000002
381909,BBB,2014B,0.0,0.0,0.0
381917,BBB,2014B,0.0,0.0,0.0
381927,CCC,2014B,0.2,0.2,0.20000000000000004
382051,DDD,2014B,0.3,0.13043478260869565,0.18181818181818182
382095,AAA,2014J,0.1,0.2857142857142857,0.14814814814814817
382378,CCC,2014J,0.05,0.1,0.06666666666666667
382378,DDD,2013J,0.05,0.037037037037037035,0.0425531914893617
382497,DDD,2013B,0.2,0.08695652173913043,0.12121212121212122
382575,BBB,2013J,0.0,0.0,0.0
382641,DDD,2013B,0.25,0.11363636363636363,0.15625
382738,FFF,2013J,0.1,0.125,0.11111111111111112
382857,FFF,2014B,0.0,0.0,0.0
382910,EEE,2014B,0.45,0.391304347826087,0.4186046511627907
382920,BBB,2013J,0.0,0.0,0.0
382979,BBB,2013J,0.05,0.05555555555555555,0.052631578947368425
383140,CCC,2014B,0.2,0.2222222222222222,0.2105263157894737
383158,CCC,2014B,0.05,0.14285714285714285,0.07407407407407408
383180,AAA,2014J,0.0,0.0,0.0
383239,EEE,2014B,0.25,0.5,0.3333333333333333
383241,BBB,2014B,0.25,0.10638297872340426,0.1492537313432836
383254,AAA,2013J,0.05,0.09090909090909091,0.06451612903225806
383303,BBB,2013J,0.0,0.0,0.0
383316,FFF,2013B,0.1,0.04878048780487805,0.06557377049180328
383347,CCC,2014B,0.1,0.08695652173913043,0.09302325581395349
383347,DDD,2013B,0.05,0.020833333333333332,0.029411764705882353
383372,CCC,2014B,0.0,0.0,0.0
383420,GGG,2014B,0.1,0.25,0.14285714285714288
383445,FFF,2014J,0.0,0.0,0.0
383517,FFF,2013J,0.05,0.034482758620689655,0.04081632653061224
383541,FFF,2013B,0.05,0.03225806451612903,0.0392156862745098
383558,FFF,2013B,0.0,0.0,0.0
383571,BBB,2013J,0.1,0.14285714285714285,0.11764705882352941
383600,AAA,2014J,0.0,0.0,0.0
383602,FFF,2014J,0.05,0.041666666666666664,0.04545454545454545
383629,FFF,2014J,0.15,0.04477611940298507,0.06896551724137931
383694,DDD,2013J,0.1,0.06451612903225806,0.0784313725490196
383701,DDD,2013B,0.05,0.14285714285714285,0.07407407407407408
383723,AAA,2014J,0.1,0.11764705882352941,0.1081081081081081
383907,FFF,2013B,0.0,0.0,0.0
383921,FFF,2014B,0.0,0.0,0.0
383946,FFF,2013B,0.0,0.0,0.0
383967,BBB,2014B,0.0,0.0,0.0
383971,CCC,2014B,0.0,0.0,0.0
383978,DDD,2013J,0.0,0.0,0.0
384035,GGG,2014B,0.05,0.1,0.06666666666666667
384107,FFF,2014J,0.05,0.047619047619047616,0.04878048780487805
384203,AAA,2014J,0.1,0.09523809523809523,0.0975609756097561
384227,FFF,2013J,0.2,0.1111111111111111,0.14285714285714285
384246,DDD,2013B,0.1,0.07142857142857142,0.08333333333333333
384295,DDD,2014J,0.05,0.05555555555555555,0.052631578947368425
384499,DDD,2014J,0.15,0.12,0.1333333333333333
384678,BBB,2013B,0.0,0.0,0.0
384725,AAA,2014J,0.05,0.1111111111111111,0.06896551724137932
384797,EEE,2013J,0.0,0.0,0.0
384866,FFF,2013B,0.1,0.07407407407407407,0.0851063829787234
384884,BBB,2014B,0.05,0.09090909090909091,0.06451612903225806
384999,DDD,2014J,0.15,0.05357142857142857,0.07894736842105263
385033,CCC,2014J,0.3,0.15,0.2
385033,FFF,2013J,0.0,0.0,0.0
385120,CCC,2014B,0.1,0.09523809523809523,0.0975609756097561
385195,FFF,2013J,0.05,0.041666666666666664,0.04545454545454545
385209,FFF,2013J,0.0,0.0,0.0
385228,GGG,2014B,0.15,0.17647058823529413,0.16216216216216214
385387,CCC,2014B,0.15,0.1875,0.16666666666666663
385405,BBB,2014J,0.15,0.25,0.18749999999999997
385547,FFF,2013J,0.05,0.05,0.05000000000000001
385563,DDD,2014J,0.05,0.09090909090909091,0.06451612903225806
385820,BBB,2013J,0.15,0.12,0.1333333333333333
385927,DDD,2014B,0.1,0.07407407407407407,0.0851063829787234
385937,DDD,2013J,0.05,0.02631578947368421,0.034482758620689655
386180,GGG,2014J,0.4,0.5,0.4444444444444445
386348,BBB,2013B,0.0,0.0,0.0
386389,FFF,2014J,0.05,0.05263157894736842,0.05128205128205128
386671,DDD,2014B,0.0,0.0,0.0
386833,DDD,2013B,0.1,0.08,0.08888888888888889
386880,DDD,2013B,0.05,0.05263157894736842,0.05128205128205128
386889,BBB,2013J,0.05,0.045454545454545456,0.04761904761904762
386924,AAA,2013J,0.0,0.0,0.0
386952,AAA,2013J,0.1,0.16666666666666666,0.125
387009,CCC,2014B,0.15,0.1875,0.16666666666666663
387174,FFF,2013B,0.0,0.0,0.0
387294,GGG,2014B,0.05,0.125,0.07142857142857144
387359,DDD,2014J,0.1,0.08333333333333333,0.0909090909090909
387364,DDD,2014J,0.0,0.0,0.0
387406,BBB,2014J,0.0,0.0,0.0
387446,GGG,2014J,0.2,0.2857142857142857,0.23529411764705882
387447,FFF,2013B,0.1,0.06666666666666667,0.08
387507,FFF,2013J,0.15,0.057692307692307696,0.08333333333333334
387537,EEE,2013J,0.0,0.0,0.0
387648,EEE,2013J,0.25,0.38461538461538464,0.30303030303030304
387700,BBB,2013J,0.15,0.17647058823529413,0.16216216216216214
387773,BBB,2014J,0.1,0.1111111111111111,0.10526315789473685
387944,CCC,2014J,0.0,0.0,0.0
387963,CCC,2014J,0.3,0.17647058823529413,0.22222222222222224
387963,DDD,2014B,0.15,0.07142857142857142,0.09677419354838708
388052,BBB,2013J,0.0,0.0,0.0
388259,GGG,2014J,0.1,0.3333333333333333,0.15384615384615383
388360,BBB,2013B,0.0,0.0,0.0
388432,BBB,2013J,0.0,0.0,0.0
388538,CCC,2014B,0.25,0.2,0.22222222222222224
388697,FFF,2014B,0.05,0.03571428571428571,0.041666666666666664
388722,AAA,2013J,0.0,0.0,0.0
388738,BBB,2014J,0.15,0.2,0.17142857142857143
388754,FFF,2013J,0.1,0.045454545454545456,0.06250000000000001
388885,AAA,2013J,0.2,0.25,0.22222222222222224
388923,EEE,2013J,0.1,0.14285714285714285,0.11764705882352941
388947,DDD,2013J,0.0,0.0,0.0
388975,BBB,2013J,0.05,0.05263157894736842,0.05128205128205128
389025,DDD,2013J,0.0,0.0,0.0
389101,BBB,2013J,0.0,0.0,0.0
389208,FFF,2013J,0.05,0.03125,0.038461538461538464
389249,BBB,2014B,0.0,0.0,0.0
389267,EEE,2014B,0.1,0.2857142857142857,0.14814814814814817
389362,DDD,2013J,0.05,0.03125,0.038461538461538464
389369,BBB,2013B,0.0,0.0,0.0
389471,BBB,2013J,0.1,0.2222222222222222,0.13793103448275865
389639,DDD,2013J,0.05,0.058823529411764705,0.05405405405405405
389759,FFF,2014B,0.0,0.0,0.0
389773,FFF,2013B,0.2,0.06896551724137931,0.10256410256410257
389773,FFF,2014B,0.05,0.14285714285714285,0.07407407407407408
390026,DDD,2014B,0.1,0.11764705882352941,0.1081081081081081
390029,DDD,2013J,0.25,0.11904761904761904,0.16129032258064516
390029,EEE,2013J,0.2,0.36363636363636365,0.25806451612903225
390070,FFF,2014J,0.1,0.08,0.08888888888888889
390210,DDD,2013B,0.0,0.0,0.0
390220,BBB,2013B,0.0,0.0,0.0
390233,DDD,2013B,0.0,0.0,0.0
390400,FFF,2013B,0.05,0.07142857142857142,0.058823529411764705
390442,BBB,2013B,0.1,0.10526315789473684,0.10256410256410256
390556,DDD,2013J,0.0,0.0,0.0
390556,DDD,2014J,0.1,0.058823529411764705,0.07407407407407408
390690,DDD,2013J,0.05,0.027777777777777776,0.03571428571428571
390849,DDD,2014J,0.1,0.125,0.11111111111111112
390890,AAA,2013J,0.05,0.16666666666666666,0.07692307692307691
390890,AAA,2014J,0.0,0.0,0.0
390958,BBB,2013J,0.0,0.0,0.0
391059,CCC,2014J,0.05,0.1111111111111111,0.06896551724137932
391114,FFF,2014B,0.05,0.0625,0.05555555555555556
391153,BBB,2014B,0.1,0.15384615384615385,0.12121212121212123
391185,DDD,2013B,0.05,0.03571428571428571,0.041666666666666664
391187,FFF,2013J,0.05,0.14285714285714285,0.07407407407407408
391249,AAA,2014J,0.15,0.3,0.2
391343,CCC,2014B,0.0,0.0,0.0
391343,FFF,2013B,0.0,0.0,0.0
391419,CCC,2014B,0.1,0.16666666666666666,0.125
391466,CCC,2014J,0.1,0.2,0.13333333333333333
391466,EEE,2013J,0.1,0.25,0.14285714285714288
391537,DDD,2013J,0.1,0.04878048780487805,0.06557377049180328
391613,FFF,2013B,0.15,0.07142857142857142,0.09677419354838708
391630,FFF,2013B,0.05,0.05,0.05000000000000001
391822,FFF,2013B,0.05,0.08333333333333333,0.0625
391891,FFF,2013B,0.2,0.11764705882352941,0.14814814814814817
391924,DDD,2014B,0.2,0.1111111111111111,0.14285714285714285
391937,BBB,2014J,0.2,0.2222222222222222,0.2105263157894737
391937,GGG,2014B,0.2,0.2222222222222222,0.2105263157894737
392060,BBB,2013J,0.05,0.0625,0.05555555555555556
392213,BBB,2013B,0.05,0.1111111111111111,0.06896551724137932
392215,GGG,2013J,0.0,0.0,0.0
392281,BBB,2013J,0.0,0.0,0.0
392427,FFF,2013J,0.0,0.0,0.0
392428,BBB,2013B,0.0,0.0,0.0
392526,CCC,2014B,0.1,0.1111111111111111,0.10526315789473685
392604,BBB,2014B,0.0,0.0,0.0
392664,DDD,2013J,0.1,0.044444444444444446,0.061538461538461535
392756,AAA,2013J,0.05,0.14285714285714285,0.07407407407407408
392890,CCC,2014J,0.0,0.0,0.0
392890,DDD,2013J,0.0,0.0,0.0
392931,AAA,2013J,0.25,0.16129032258064516,0.19607843137254902
392994,EEE,2013J,0.15,0.25,0.18749999999999997
393142,CCC,2014J,0.1,0.125,0.11111111111111112
393207,AAA,2013J,0.0,0.0,0.0
393327,BBB,2013J,0.05,0.047619047619047616,0.04878048780487805
393488,EEE,2014B,0.05,0.07692307692307693,0.060606060606060615
393526,FFF,2013J,0.15,0.075,0.1
393682,GGG,2014B,0.15,0.3,0.2
393698,FFF,2013J,0.1,0.125,0.11111111111111112
393727,DDD,2014J,0.1,0.04081632653061224,0.05797101449275362
393827,FFF,2013J,0.15,0.0625,0.08823529411764706
393918,FFF,2013B,0.1,0.14285714285714285,0.11764705882352941
393934,FFF,2013B,0.0,0.0,0.0
394024,GGG,2014B,0.2,0.25,0.22222222222222224
394060,EEE,2013J,0.2,0.6666666666666666,0.30769230769230765
394067,BBB,2014B,0.05,0.1111111111111111,0.06896551724137932
394082,DDD,2013B,0.0,0.0,0.0
394218,FFF,2013J,0.35,0.21875,0.2692307692307692
394239,FFF,2013J,0.05,0.022222222222222223,0.030769230769230767
394311,CCC,2014B,0.25,0.2631578947368421,0.25641025641025644
394314,BBB,2014J,0.1,0.3333333333333333,0.15384615384615383
394331,BBB,2014B,0.0,0.0,0.0
394347,FFF,2013B,0.0,0.0,0.0
394520,BBB,2014B,0.05,0.125,0.07142857142857144
394791,CCC,2014J,0.1,0.08333333333333333,0.0909090909090909
394937,FFF,2013B,0.05,0.034482758620689655,0.04081632653061224
394979,DDD,2013B,0.05,0.05263157894736842,0.05128205128205128
395073,BBB,2013J,0.0,0.0,0.0
395188,FFF,2014B,0.05,0.058823529411764705,0.05405405405405405
395288,DDD,2014B,0.15,0.08823529411764706,0.11111111111111112
395320,BBB,2014J,0.2,0.19047619047619047,0.1951219512195122
395373,FFF,2013J,0.0,0.0,0.0
395374,BBB,2014B,0.0,0.0,0.0
395463,FFF,2013B,0.05,0.058823529411764705,0.05405405405405405
395535,DDD,2014J,0.05,0.058823529411764705,0.05405405405405405
395588,FFF,2013B,0.1,0.05,0.06666666666666667
395696,FFF,2013J,0.05,0.043478260869565216,0.046511627906976744
395757,CCC,2014J,0.15,0.17647058823529413,0.16216216216216214
395757,DDD,2013B,0.05,0.03225806451612903,0.0392156862745098
395822,BBB,2014J,0.15,0.13636363636363635,0.14285714285714282
396114,BBB,2013J,0.05,0.1111111111111111,0.06896551724137932
396145,GGG,2013J,0.0,0.0,0.0
396210,DDD,2013J,0.05,0.0625,0.05555555555555556
396292,DDD,2013J,0.15,0.06666666666666667,0.09230769230769231
396456,BBB,2014B,0.0,0.0,0.0
396502,FFF,2013J,0.05,0.04,0.044444444444444446
396599,AAA,2014J,0.0,0.0,0.0
396631,EEE,2013J,0.2,0.3333333333333333,0.25
396633,DDD,2013B,0.1,0.058823529411764705,0.07407407407407408
396655,AAA,2014J,0.1,0.15384615384615385,0.12121212121212123
396668,DDD,2013J,0.1,0.043478260869565216,0.06060606060606061
396674,EEE,2014J,0.15,0.23076923076923078,0.18181818181818185
396679,FFF,2013B,0.0,0.0,0.0
396683,FFF,2014J,0.05,0.025,0.03333333333333333
396739,FFF,2013B,0.2,0.08163265306122448,0.11594202898550723
396799,BBB,2014B,0.05,0.047619047619047616,0.04878048780487805
396825,CCC,2014B,0.1,0.06666666666666667,0.08
396834,FFF,2014J,0.0,0.0,0.0
396872,AAA,2013J,0.15,0.13636363636363635,0.14285714285714282
396907,FFF,2014J,0.05,0.08333333333333333,0.0625
397118,BBB,2013B,0.0,0.0,0.0
397149,EEE,2013J,0.1,0.3333333333333333,0.15384615384615383
397219,FFF,2014J,0.3,0.09836065573770492,0.14814814814814814
397312,BBB,2014B,0.0,0.0,0.0
397405,DDD,2013B,0.0,0.0,0.0
397414,BBB,2014J,0.05,0.058823529411764705,0.05405405405405405
397470,FFF,2013J,0.05,0.03125,0.038461538461538464
397506,CCC,2014B,0.1,0.08333333333333333,0.0909090909090909
397506,FFF,2013J,0.0,0.0,0.0
397557,EEE,2013J,0.2,0.25,0.22222222222222224
397671,FFF,2014J,0.55,0.10576923076923077,0.1774193548387097
397747,BBB,2014B,0.0,0.0,0.0
397829,BBB,2014B,0.0,0.0,0.0
397894,DDD,2014J,0.0,0.0,0.0
398019,EEE,2014J,0.05,0.3333333333333333,0.08695652173913045
398040,FFF,2013B,0.1,0.06896551724137931,0.08163265306122448
398067,BBB,2013J,0.1,0.10526315789473684,0.10256410256410256
398084,BBB,2013B,0.0,0.0,0.0
398118,FFF,2013B,0.3,0.09836065573770492,0.14814814814814814
398171,AAA,2014J,0.15,0.25,0.18749999999999997
398199,DDD,2013B,0.15,0.05084745762711865,0.0759493670886076
398349,AAA,2014J,0.15,0.15,0.15
398413,EEE,2014J,0.2,0.5714285714285714,0.29629629629629634
398439,FFF,2014B,0.0,0.0,0.0
398442,BBB,2014J,0.0,0.0,0.0
398487,CCC,2014B,0.0,0.0,0.0
398496,CCC,2014J,0.1,0.08,0.08888888888888889
398525,BBB,2013J,0.05,0.1,0.06666666666666667
398550,FFF,2014J,0.05,0.0625,0.05555555555555556
398552,AAA,2013J,0.1,0.13333333333333333,0.1142857142857143
398630,FFF,2014J,0.0,0.0,0.0
398656,FFF,2013B,0.0,0.0,0.0
398816,DDD,2014J,0.2,0.07142857142857142,0.10526315789473682
398862,FFF,2013B,0.05,0.034482758620689655,0.04081632653061224
398877,EEE,2013J,0.1,0.2857142857142857,0.14814814814814817
398891,BBB,2013J,0.0,0.0,0.0
398956,BBB,2013J,0.0,0.0,0.0
399429,FFF,2014J,0.05,0.03333333333333333,0.04
399450,DDD,2013B,0.1,0.07692307692307693,0.08695652173913043
399453,DDD,2013J,0.0,0.0,0.0
399628,DDD,2014J,0.0,0.0,0.0
399737,BBB,2014J,0.1,0.1111111111111111,0.10526315789473685
399794,DDD,2013J,0.1,0.044444444444444446,0.061538461538461535
399794,DDD,2014J,0.0,0.0,0.0
399895,FFF,2013B,0.05,0.0625,0.05555555555555556
400004,FFF,2013B,0.0,0.0,0.0
400049,BBB,2013B,0.1,0.07692307692307693,0.08695652173913043
400087,FFF,2013B,0.1,0.05405405405405406,0.07017543859649122
400091,DDD,2014J,0.1,0.05405405405405406,0.07017543859649122
400145,FFF,2013J,0.1,0.07142857142857142,0.08333333333333333
400147,AAA,2014J,0.1,0.2,0.13333333333333333
400252,FFF,2014B,0.0,0.0,0.0
400266,FFF,2013J,0.2,0.14814814814814814,0.1702127659574468
400451,DDD,2013B,0.1,0.05714285714285714,0.07272727272727272
400469,BBB,2013B,0.0,0.0,0.0
400474,BBB,2013B,0.05,0.07142857142857142,0.058823529411764705
400549,BBB,2014J,0.05,0.08333333333333333,0.0625
400632,FFF,2013B,0.05,0.05,0.05000000000000001
400682,AAA,2014J,0.3,0.23076923076923078,0.2608695652173913
400759,DDD,2013B,0.0,0.0,0.0
400894,BBB,2013B,0.05,0.25,0.08333333333333334
400942,DDD,2013J,0.1,0.07692307692307693,0.08695652173913043
400958,CCC,2014J,0.1,0.18181818181818182,0.12903225806451613
401011,EEE,2013J,0.1,0.3333333333333333,0.15384615384615383
401139,GGG,2013J,0.0,0.0,0.0
401240,EEE,2014J,0.05,0.1,0.06666666666666667
401296,CCC,2014B,0.1,0.14285714285714285,0.11764705882352941
401296,EEE,2013J,0.15,0.2727272727272727,0.19354838709677416
401317,BBB,2014J,0.1,0.11764705882352941,0.1081081081081081
401339,BBB,2013B,0.1,0.08695652173913043,0.09302325581395349
401349,BBB,2013B,0.0,0.0,0.0
401404,AAA,2014J,0.15,0.13043478260869565,0.13953488372093023
401486,DDD,2013B,0.0,0.0,0.0
401869,AAA,2013J,0.0,0.0,0.0
401903,CCC,2014B,0.2,0.2222222222222222,0.2105263157894737
402180,BBB,2014J,0.25,0.18518518518518517,0.2127659574468085
402204,AAA,2014J,0.05,0.1,0.06666666666666667
402210,DDD,2013J,0.15,0.058823529411764705,0.08450704225352114
402295,EEE,2014J,0.1,0.2857142857142857,0.14814814814814817
402314,DDD,2014B,0.1,0.045454545454545456,0.06250000000000001
402378,CCC,2014J,0.2,0.25,0.22222222222222224
402433,DDD,2013J,0.0,0.0,0.0
402449,FFF,2014B,0.0,0.0,0.0
402458,FFF,2013J,0.05,0.041666666666666664,0.04545454545454545
402470,AAA,2013J,0.0,0.0,0.0
402502,FFF,2014B,0.2,0.07692307692307693,0.1111111111111111
402662,FFF,2013J,0.05,0.041666666666666664,0.04545454545454545
402695,FFF,2014J,0.05,0.08333333333333333,0.0625
402727,AAA,2014J,0.0,0.0,0.0
402806,FFF,2014B,0.3,0.15384615384615385,0.2033898305084746
402958,DDD,2014J,0.0,0.0,0.0
402961,AAA,2014J,0.15,0.17647058823529413,0.16216216216216214
403052,DDD,2013J,0.0,0.0,0.0
403052,DDD,2014J,0.0,0.0,0.0
403085,CCC,2014B,0.05,0.043478260869565216,0.046511627906976744
403085,DDD,2013B,0.0,0.0,0.0
403093,BBB,2013B,0.05,0.25,0.08333333333333334
403213,BBB,2014J,0.1,0.2222222222222222,0.13793103448275865
404022,BBB,2013B,0.05,0.05555555555555555,0.052631578947368425
404121,BBB,2014J,0.15,0.25,0.18749999999999997
404135,FFF,2013B,0.25,0.07142857142857142,0.11111111111111112
404170,FFF,2013B,0.0,0.0,0.0
404170,FFF,2014B,0.1,0.03508771929824561,0.051948051948051945
404200,EEE,2014J,0.25,0.35714285714285715,0.2941176470588235
404269,BBB,2013J,0.05,0.0625,0.05555555555555556
404325,GGG,2013J,0.25,0.2,0.22222222222222224
404356,AAA,2014J,0.15,0.2727272727272727,0.19354838709677416
404415,BBB,2014J,0.1,0.09090909090909091,0.09523809523809525
404449,EEE,2013J,0.1,0.4,0.16000000000000003
404536,FFF,2013J,0.05,0.045454545454545456,0.04761904761904762
404631,FFF,2013J,0.1,0.0392156862745098,0.05633802816901408
404671,BBB,2013J,0.0,0.0,0.0
404695,EEE,2014J,0.05,0.08333333333333333,0.0625
404708,BBB,2013J,0.05,0.043478260869565216,0.046511627906976744
404727,BBB,2013B,0.05,0.07692307692307693,0.060606060606060615
404804,AAA,2013J,0.0,0.0,0.0
405088,AAA,2013J,0.15,0.11538461538461539,0.13043478260869565
405125,EEE,2014J,0.1,0.2222222222222222,0.13793103448275865
405192,FFF,2014B,0.0,0.0,0.0
405193,FFF,2014J,0.15,0.045454545454545456,0.06976744186046512
405219,FFF,2013B,0.15,0.046153846153846156,0.07058823529411765
405268,BBB,2014B,0.0,0.0,0.0
405314,FFF,2013B,0.05,0.027777777777777776,0.03571428571428571
405314,FFF,2013J,0.0,0.0,0.0
405426,DDD,2013B,0.0,0.0,0.0
405471,BBB,2013B,0.1,0.5,0.16666666666666669
405775,FFF,2014B,0.0,0.0,0.0
405784,DDD,2013B,0.15,0.15,0.15
405889,FFF,2013B,0.0,0.0,0.0
405945,BBB,2013J,0.0,0.0,0.0
405995,BBB,2013B,0.0,0.0,0.0
406000,BBB,2014J,0.05,0.047619047619047616,0.04878048780487805
406056,DDD,2013B,0.15,0.08108108108108109,0.10526315789473685
406121,EEE,2013J,0.15,0.375,0.21428571428571425
406224,DDD,2013J,0.05,0.038461538461538464,0.043478260869565216
406254,FFF,2013J,0.05,0.023809523809523808,0.03225806451612903
406311,BBB,2013B,0.0,0.0,0.0
406498,DDD,2013J,0.15,0.08333333333333333,0.10714285714285714
406541,DDD,2013B,0.05,0.04,0.044444444444444446
406549,EEE,2013J,0.2,0.4444444444444444,0.2758620689655173
406600,BBB,2014B,0.0,0.0,0.0
406671,AAA,2014J,0.05,0.25,0.08333333333333334
406682,AAA,2014J,0.25,0.38461538461538464,0.30303030303030304
406698,CCC,2014J,0.0,0.0,0.0
406751,GGG,2014B,0.1,0.09523809523809523,0.0975609756097561
406908,CCC,2014B,0.05,0.3333333333333333,0.08695652173913045
407232,FFF,2014J,0.1,0.05555555555555555,0.07142857142857142
407303,DDD,2014B,0.1,0.06060606060606061,0.07547169811320756
407371,FFF,2013B,0.05,0.041666666666666664,0.04545454545454545
407374,DDD,2013J,0.15,0.0625,0.08823529411764706
407404,CCC,2014J,0.05,0.08333333333333333,0.0625
407453,EEE,2013J,0.3,0.46153846153846156,0.3636363636363637
407487,DDD,2014J,0.0,0.0,0.0
407500,FFF,2014B,0.05,0.029411764705882353,0.03703703703703704
407670,FFF,2013B,0.0,0.0,0.0
407681,FFF,2013B,0.05,0.029411764705882353,0.03703703703703704
407731,EEE,2014J,0.05,0.14285714285714285,0.07407407407407408
407818,FFF,2013B,0.1,0.06896551724137931,0.08163265306122448
407968,FFF,2013B,0.1,0.06451612903225806,0.0784313725490196
408061,DDD,2013J,0.05,0.0625,0.05555555555555556
408105,FFF,2014B,0.0,0.0,0.0
408112,BBB,2013B,0.0,0.0,0.0
408239,DDD,2013J,0.05,0.041666666666666664,0.04545454545454545
408353,FFF,2014B,0.05,0.1111111111111111,0.06896551724137932
408372,FFF,2013B,0.05,0.030303030303030304,0.03773584905660378
408413,CCC,2014B,0.0,0.0,0.0
408581,BBB,2014B,0.15,0.11538461538461539,0.13043478260869565
408608,CCC,2014J,0.1,0.125,0.11111111111111112
408753,FFF,2013B,0.1,0.07692307692307693,0.08695652173913043
408763,EEE,2014J,0.3,0.35294117647058826,0.3243243243243243
408975,BBB,2013J,0.0,0.0,0.0
409040,FFF,2013J,0.05,0.03333333333333333,0.04
409091,DDD,2013B,0.2,0.09090909090909091,0.12500000000000003
409100,AAA,2014J,0.05,0.0625,0.05555555555555556
409109,DDD,2013B,0.1,0.07692307692307693,0.08695652173913043
409120,DDD,2014J,0.05,0.2,0.08000000000000002
409205,DDD,2014J,0.0,0.0,0.0
409651,FFF,2014B,0.25,0.05319148936170213,0.08771929824561403
409662,BBB,2013B,0.1,0.18181818181818182,0.12903225806451613
409703,AAA,2014J,0.1,0.11764705882352941,0.1081081081081081
409708,BBB,2014J,0.15,0.17647058823529413,0.16216216216216214
409733,CCC,2014J,0.2,0.2,0.20000000000000004
409852,CCC,2014J,0.1,0.14285714285714285,0.11764705882352941
409880,DDD,2013J,0.05,0.06666666666666667,0.05714285714285715
409930,BBB,2013J,0.0,0.0,0.0
409945,BBB,2013J,0.0,0.0,0.0
409953,CCC,2014J,0.1,0.06896551724137931,0.08163265306122448
409953,DDD,2013J,0.0,0.0,0.0
410052,BBB,2013J,0.1,0.05263157894736842,0.06896551724137931
410092,AAA,2014J,0.05,0.125,0.07142857142857144
410176,CCC,2014J,0.0,0.0,0.0
410199,FFF,2014B,0.2,0.06153846153846154,0.09411764705882354
410203,CCC,2014B,0.1,0.16666666666666666,0.125
410281,BBB,2013J,0.05,0.029411764705882353,0.03703703703703704
410357,BBB,2013J,0.0,0.0,0.0
410407,CCC,2014B,0.1,0.2222222222222222,0.13793103448275865
410407,FFF,2014J,0.3,0.075,0.12
410537,BBB,2013J,0.0,0.0,0.0
410573,GGG,2013J,0.05,0.125,0.07142857142857144
410587,EEE,2014J,0.3,0.4,0.34285714285714286
410592,EEE,2014J,0.15,0.25,0.18749999999999997
410666,FFF,2014B,0.0,0.0,0.0
410699,CCC,2014B,0.0,0.0,0.0
410739,BBB,2013B,0.05,0.07692307692307693,0.060606060606060615
410767,DDD,2014J,0.25,0.12195121951219512,0.16393442622950818
410810,EEE,2014B,0.25,0.4166666666666667,0.3125
410816,DDD,2014B,0.0,0.0,0.0
410838,FFF,2013J,0.2,0.06557377049180328,0.09876543209876544
410842,BBB,2013J,0.05,0.0625,0.05555555555555556
410883,FFF,2014J,0.05,0.034482758620689655,0.04081632653061224
410886,DDD,2013B,0.15,0.08333333333333333,0.10714285714285714
411013,FFF,2013B,0.25,0.12195121951219512,0.16393442622950818
411060,DDD,2014B,0.35,0.10144927536231885,0.15730337078651685
411105,GGG,2013J,0.1,0.15384615384615385,0.12121212121212123
411304,FFF,2014J,0.3,0.12,0.17142857142857143
411549,CCC,2014J,0.05,0.07142857142857142,0.058823529411764705
411549,DDD,2014J,0.0,0.0,0.0
411619,EEE,2014J,0.3,0.4,0.34285714285714286
411642,BBB,2013J,0.0,0.0,0.0
411707,DDD,2013J,0.15,0.075,0.1
411971,AAA,2014J,0.05,0.125,0.07142857142857144
412025,FFF,2013B,0.0,0.0,0.0
412081,BBB,2014J,0.0,0.0,0.0
412102,FFF,2013B,0.15,0.045454545454545456,0.06976744186046512
412258,CCC,2014B,0.05,0.03125,0.038461538461538464
412263,FFF,2013B,0.05,0.041666666666666664,0.04545454545454545
412284,CCC,2014B,0.2,0.15384615384615385,0.17391304347826086
412307,FFF,2013B,0.15,0.06,0.08571428571428572
412353,FFF,2014J,0.15,0.075,0.1
412407,BBB,2013B,0.0,0.0,0.0
412600,CCC,2014J,0.0,0.0,0.0
412600,DDD,2014B,0.0,0.0,0.0
412618,DDD,2013J,0.0,0.0,0.0
412654,BBB,2013B,0.05,0.25,0.08333333333333334
412663,CCC,2014J,0.15,0.10344827586206896,0.12244897959183673
412663,DDD,2014B,0.1,0.06060606060606061,0.07547169811320756
412695,FFF,2014B,0.15,0.061224489795918366,0.08695652173913043
412697,FFF,2013J,0.2,0.07407407407407407,0.10810810810810811
412717,DDD,2014J,0.2,0.07272727272727272,0.10666666666666667
412731,DDD,2013B,0.15,0.125,0.13636363636363635
412772,DDD,2013B,0.15,0.14285714285714285,0.14634146341463414
412911,EEE,2013J,0.1,0.18181818181818182,0.12903225806451613
413083,CCC,2014B,0.15,0.17647058823529413,0.16216216216216214
413087,CCC,2014J,0.05,0.2,0.08000000000000002
413087,DDD,2014J,0.0,0.0,0.0
413180,FFF,2014J,0.0,0.0,0.0
413200,CCC,2014J,0.0,0.0,0.0
413200,FFF,2014B,0.05,0.045454545454545456,0.04761904761904762
413709,FFF,2014J,0.05,0.06666666666666667,0.05714285714285715
413934,DDD,2013B,0.2,0.0625,0.09523809523809523
413949,FFF,2014J,0.2,0.05714285714285714,0.08888888888888888
413984,BBB,2013B,0.0,0.0,0.0
414028,BBB,2013J,0.15,0.08571428571428572,0.10909090909090909
414094,DDD,2014J,0.1,0.06060606060606061,0.07547169811320756
414117,AAA,2013J,0.1,0.08695652173913043,0.09302325581395349
414247,DDD,2013J,0.1,0.25,0.14285714285714288
414258,FFF,2013B,0.0,0.0,0.0
414258,FFF,2014B,0.05,0.022727272727272728,0.03125000000000001
414304,DDD,2013B,0.15,0.09090909090909091,0.11320754716981132
414350,BBB,2013J,0.15,0.09375,0.11538461538461538
414495,BBB,2013J,0.1,0.11764705882352941,0.1081081081081081
414587,DDD,2013B,0.0,0.0,0.0
414633,GGG,2014J,0.25,0.2777777777777778,0.2631578947368421
414668,GGG,2014B,0.2,0.26666666666666666,0.2285714285714286
414696,GGG,2014B,0.05,0.07692307692307693,0.060606060606060615
414758,DDD,2013B,0.1,0.09523809523809523,0.0975609756097561
414772,CCC,2014J,0.05,0.16666666666666666,0.07692307692307691
414803,DDD,2013B,0.0,0.0,0.0
414958,BBB,2013B,0.0,0.0,0.0
414963,DDD,2014J,0.1,0.05,0.06666666666666667
415216,BBB,2013J,0.05,0.07142857142857142,0.058823529411764705
415546,BBB,2013J,0.0,0.0,0.0
415631,CCC,2014J,0.05,0.3333333333333333,0.08695652173913045
415695,DDD,2013B,0.0,0.0,0.0
415695,DDD,2014B,0.0,0.0,0.0
415716,BBB,2013B,0.05,0.25,0.08333333333333334
415760,BBB,2013B,0.0,0.0,0.0
415818,GGG,2014B,0.25,0.2631578947368421,0.25641025641025644
415952,FFF,2013B,0.05,0.0625,0.05555555555555556
415988,FFF,2013B,0.0,0.0,0.0
416007,BBB,2013B,0.1,0.2222222222222222,0.13793103448275865
416008,DDD,2013B,0.0,0.0,0.0
416008,DDD,2014B,0.25,0.1388888888888889,0.17857142857142858
416199,FFF,2014J,0.15,0.17647058823529413,0.16216216216216214
416229,FFF,2013B,0.15,0.08333333333333333,0.10714285714285714
416243,DDD,2013J,0.0,0.0,0.0
416284,CCC,2014J,0.05,0.2,0.08000000000000002
416302,FFF,2014B,0.05,0.043478260869565216,0.046511627906976744
416304,FFF,2013J,0.3,0.03636363636363636,0.06486486486486485
416355,GGG,2013J,0.15,0.1,0.12
416407,FFF,2014J,0.05,0.05555555555555555,0.052631578947368425
416420,EEE,2013J,0.15,1.0,0.2608695652173913
416500,DDD,2013J,0.05,0.1111111111111111,0.06896551724137932
416654,BBB,2013B,0.1,0.08333333333333333,0.0909090909090909
416689,CCC,2014B,0.15,0.21428571428571427,0.1764705882352941
416696,FFF,2013B,0.0,0.0,0.0
416696,FFF,2013J,0.0,0.0,0.0
416700,GGG,2014J,0.15,0.21428571428571427,0.1764705882352941
416725,FFF,2013B,0.15,0.07894736842105263,0.10344827586206896
416860,CCC,2014J,0.0,0.0,0.0
417096,GGG,2014B,0.2,0.25,0.22222222222222224
417184,FFF,2014B,0.1,0.1,0.10000000000000002
417242,DDD,2013B,0.1,0.044444444444444446,0.061538461538461535
417263,BBB,2014B,0.05,0.08333333333333333,0.0625
417414,FFF,2013J,0.15,0.1,0.12
417522,CCC,2014J,0.25,0.11904761904761904,0.16129032258064516
417547,EEE,2014B,0.0,0.0,0.0
417663,FFF,2013J,0.1,0.07407407407407407,0.0851063829787234
417684,BBB,2014B,0.15,0.13043478260869565,0.13953488372093023
417724,CCC,2014J,0.1,0.05405405405405406,0.07017543859649122
417724,EEE,2013J,0.1,0.2,0.13333333333333333
417820,CCC,2014B,0.05,0.09090909090909091,0.06451612903225806
417986,BBB,2014J,0.2,0.2222222222222222,0.2105263157894737
418007,FFF,2013J,0.0,0.0,0.0
418032,GGG,2013J,0.15,0.15789473684210525,0.15384615384615385
418035,EEE,2014J,0.1,0.25,0.14285714285714288
418077,BBB,2014J,0.1,0.1,0.10000000000000002
418122,DDD,2013B,0.0,0.0,0.0
418159,DDD,2013J,0.0,0.0,0.0
418201,FFF,2014J,0.0,0.0,0.0
418216,EEE,2014J,0.25,0.38461538461538464,0.30303030303030304
418218,FFF,2014B,0.0,0.0,0.0
418224,CCC,2014B,0.15,0.14285714285714285,0.14634146341463414
418325,BBB,2013B,0.05,0.14285714285714285,0.07407407407407408
418397,CCC,2014J,0.2,0.125,0.15384615384615385
418397,DDD,2013J,0.05,0.045454545454545456,0.04761904761904762
418453,DDD,2014B,0.0,0.0,0.0
418490,DDD,2013B,0.15,0.15789473684210525,0.15384615384615385
418623,CCC,2014B,0.25,0.17857142857142858,0.20833333333333331
418634,FFF,2013B,0.05,0.021739130434782608,0.030303030303030304
418731,AAA,2014J,0.15,0.21428571428571427,0.1764705882352941
418781,DDD,2014B,0.1,0.0625,0.07692307692307693
418900,EEE,2013J,0.05,0.1111111111111111,0.06896551724137932
418956,DDD,2013B,0.0,0.0,0.0
418998,FFF,2013B,0.0,0.0,0.0
419024,FFF,2013J,0.05,0.02127659574468085,0.029850746268656716
419059,FFF,2014J,0.15,0.075,0.1
419192,DDD,2013J,0.05,0.041666666666666664,0.04545454545454545
419223,EEE,2013J,0.05,0.125,0.07142857142857144
419273,DDD,2013B,0.05,0.1,0.06666666666666667
419284,FFF,2014B,0.05,0.02857142857142857,0.03636363636363636
419375,BBB,2013J,0.05,0.1111111111111111,0.06896551724137932
419517,DDD,2013J,0.1,0.03636363636363636,0.05333333333333334
419565,FFF,2013B,0.05,0.1,0.06666666666666667
419791,FFF,2013B,0.0,0.0,0.0
419913,DDD,2014J,0.15,0.13043478260869565,0.13953488372093023
419924,BBB,2014J,0.05,1.0,0.09523809523809523
419946,FFF,2013B,0.15,0.08823529411764706,0.11111111111111112
419990,FFF,2013J,0.15,0.06521739130434782,0.09090909090909091
420042,CCC,2014J,0.3,0.20689655172413793,0.24489795918367346
420042,FFF,2014B,0.35,0.14,0.2
420087,AAA,2013J,0.0,0.0,0.0
420141,DDD,2014J,0.05,0.030303030303030304,0.03773584905660378
420163,BBB,2013J,0.05,0.0625,0.05555555555555556
420173,EEE,2013J,0.15,0.25,0.18749999999999997
420333,EEE,2014B,0.25,0.4166666666666667,0.3125
420345,CCC,2014B,0.15,0.3,0.2
420388,DDD,2013B,0.1,0.06060606060606061,0.07547169811320756
420528,CCC,2014B,0.3,0.24,0.2666666666666666
420560,DDD,2014J,0.0,0.0,0.0
420631,BBB,2014J,0.0,0.0,0.0
420663,BBB,2014B,0.0,0.0,0.0
420699,FFF,2013B,0.25,0.13513513513513514,0.1754385964912281
420720,FFF,2013B,0.05,0.022222222222222223,0.030769230769230767
420724,BBB,2013J,0.0,0.0,0.0
420762,DDD,2014J,0.1,0.05405405405405406,0.07017543859649122
420867,FFF,2013J,0.0,0.0,0.0
420894,FFF,2013B,0.05,0.038461538461538464,0.043478260869565216
420935,CCC,2014B,0.15,0.16666666666666666,0.15789473684210525
421018,BBB,2013J,0.05,0.043478260869565216,0.046511627906976744
421111,EEE,2014B,0.1,0.15384615384615385,0.12121212121212123
421185,DDD,2014J,0.05,0.03125,0.038461538461538464
421209,CCC,2014B,0.3,0.2608695652173913,0.27906976744186046
421326,BBB,2014B,0.0,0.0,0.0
421455,AAA,2014J,0.0,0.0,0.0
421999,GGG,2013J,0.0,0.0,0.0
422006,FFF,2013J,0.1,0.09523809523809523,0.0975609756097561
422061,FFF,2013B,0.15,0.1,0.12
422070,BBB,2013B,0.0,0.0,0.0
422087,FFF,2013B,0.1,0.0425531914893617,0.05970149253731343
422164,DDD,2013B,0.0,0.0,0.0
422276,DDD,2013J,0.05,0.058823529411764705,0.05405405405405405
422340,FFF,2013B,0.2,0.09523809523809523,0.12903225806451613
422343,CCC,2014J,0.0,0.0,0.0
422343,DDD,2014J,0.05,0.25,0.08333333333333334
422479,BBB,2013J,0.1,0.11764705882352941,0.1081081081081081
422530,FFF,2014B,0.0,0.0,0.0
422534,DDD,2013J,0.05,0.07142857142857142,0.058823529411764705
422542,CCC,2014J,0.1,0.15384615384615385,0.12121212121212123
422626,FFF,2014B,0.25,0.06172839506172839,0.099009900990099
422670,CCC,2014J,0.15,0.2,0.17142857142857143
422697,FFF,2014B,0.0,0.0,0.0
422768,DDD,2013B,0.0,0.0,0.0
423093,GGG,2014J,0.25,0.3333333333333333,0.28571428571428575
423147,DDD,2013J,0.0,0.0,0.0
423210,FFF,2014J,0.25,0.125,0.16666666666666666
423386,DDD,2013B,0.0,0.0,0.0
423398,BBB,2014J,0.15,0.11538461538461539,0.13043478260869565
423399,BBB,2013J,0.2,0.14814814814814814,0.1702127659574468
423488,FFF,2014J,0.0,0.0,0.0
423601,FFF,2013B,0.05,0.03333333333333333,0.04
423607,CCC,2014J,0.0,0.0,0.0
423622,CCC,2014J,0.0,0.0,0.0
423648,FFF,2014B,0.0,0.0,0.0
423652,BBB,2014B,0.05,0.125,0.07142857142857144
423757,DDD,2013B,0.05,0.125,0.07142857142857144
423781,FFF,2014J,0.15,0.13636363636363635,0.14285714285714282
423871,BBB,2013B,0.0,0.0,0.0
423879,CCC,2014B,0.15,0.10344827586206896,0.12244897959183673
423947,EEE,2014J,0.3,0.46153846153846156,0.3636363636363637
423985,FFF,2013B,0.0,0.0,0.0
424014,BBB,2014B,0.05,0.125,0.07142857142857144
424082,CCC,2014B,0.1,0.18181818181818182,0.12903225806451613
424112,CCC,2014B,0.0,0.0,0.0
424171,FFF,2013J,0.15,0.07692307692307693,0.1016949152542373
424211,DDD,2014J,0.1,0.04081632653061224,0.05797101449275362
424220,BBB,2014J,0.0,0.0,0.0
424437,FFF,2013J,0.25,0.10638297872340426,0.1492537313432836
424539,BBB,2013J,0.0,0.0,0.0
424544,FFF,2013B,0.05,0.058823529411764705,0.05405405405405405
424577,AAA,2014J,0.0,0.0,0.0
424637,BBB,2013J,0.0,0.0,0.0
424880,DDD,2014B,0.05,0.037037037037037035,0.0425531914893617
424950,CCC,2014B,0.0,0.0,0.0
424978,EEE,2014B,0.1,0.3333333333333333,0.15384615384615383
424987,DDD,2013B,0.2,0.0784313725490196,0.11267605633802816
425218,FFF,2013J,0.0,0.0,0.0
425257,GGG,2014B,0.0,0.0,0.0
425274,EEE,2013J,0.0,0.0,0.0
425287,CCC,2014J,0.25,0.19230769230769232,0.2173913043478261
425543,DDD,2013J,0.1,0.06896551724137931,0.08163265306122448
425748,FFF,2013B,0.0,0.0,0.0
425772,BBB,2014J,0.0,0.0,0.0
425808,BBB,2013B,0.0,0.0,0.0
425820,BBB,2013B,0.0,0.0,0.0
425910,DDD,2014J,0.0,0.0,0.0
425997,FFF,2013B,0.05,0.05,0.05000000000000001
426059,DDD,2013B,0.1,0.08,0.08888888888888889
426059,DDD,2013J,0.05,0.027777777777777776,0.03571428571428571
426074,FFF,2013B,0.1,0.05263157894736842,0.06896551724137931
426297,DDD,2014B,0.1,0.05263157894736842,0.06896551724137931
426316,EEE,2014B,0.05,0.16666666666666666,0.07692307692307691
426458,BBB,2013J,0.0,0.0,0.0
426465,FFF,2013B,0.1,0.11764705882352941,0.1081081081081081
426547,GGG,2014B,0.15,0.16666666666666666,0.15789473684210525
426610,CCC,2014B,0.05,0.07692307692307693,0.060606060606060615
426616,CCC,2014B,0.25,0.19230769230769232,0.2173913043478261
426616,EEE,2014B,0.25,0.38461538461538464,0.30303030303030304
426624,BBB,2014J,0.25,0.17857142857142858,0.20833333333333331
426650,BBB,2013B,0.0,0.0,0.0
426838,BBB,2013B,0.1,0.125,0.11111111111111112
426871,DDD,2013B,0.1,0.05714285714285714,0.07272727272727272
426887,DDD,2013J,0.1,0.02531645569620253,0.04040404040404041
427256,FFF,2014J,0.0,0.0,0.0
427321,GGG,2013J,0.2,0.21052631578947367,0.20512820512820512
427344,DDD,2013J,0.0,0.0,0.0
427348,FFF,2013B,0.0,0.0,0.0
427413,CCC,2014J,0.25,0.13157894736842105,0.1724137931034483
427413,EEE,2013J,0.05,0.14285714285714285,0.07407407407407408
427536,BBB,2013B,0.1,0.10526315789473684,0.10256410256410256
427704,BBB,2013B,0.05,0.06666666666666667,0.05714285714285715
427773,BBB,2013B,0.05,0.038461538461538464,0.043478260869565216
427802,FFF,2013J,0.15,0.13636363636363635,0.14285714285714282
427921,BBB,2013J,0.0,0.0,0.0
428116,DDD,2014J,0.05,0.05,0.05000000000000001
428142,FFF,2013B,0.1,0.05263157894736842,0.06896551724137931
428301,GGG,2013J,0.05,0.08333333333333333,0.0625
428323,BBB,2013J,0.0,0.0,0.0
428641,FFF,2013B,0.0,0.0,0.0
428653,BBB,2013J,0.05,0.125,0.07142857142857144
428932,FFF,2013B,0.05,0.034482758620689655,0.04081632653061224
428979,FFF,2013B,0.1,0.05714285714285714,0.07272727272727272
429004,GGG,2014J,0.15,0.17647058823529413,0.16216216216216214
429015,CCC,2014J,0.2,0.17391304347826086,0.18604651162790697
429015,FFF,2014B,0.15,0.10714285714285714,0.125
429038,BBB,2013B,0.0,0.0,0.0
429099,BBB,2014B,0.05,0.05263157894736842,0.05128205128205128
429185,CCC,2014B,0.15,0.16666666666666666,0.15789473684210525
429212,DDD,2013J,0.05,0.2,0.08000000000000002
429417,BBB,2014B,0.05,0.038461538461538464,0.043478260869565216
429610,BBB,2013J,0.15,0.08823529411764706,0.11111111111111112
429832,FFF,2013J,0.0,0.0,0.0
429832,FFF,2014J,0.0,0.0,0.0
429833,DDD,2013B,0.0,0.0,0.0
429854,DDD,2013J,0.05,0.047619047619047616,0.04878048780487805
429858,AAA,2014J,0.05,0.058823529411764705,0.05405405405405405
429958,AAA,2013J,0.05,0.05263157894736842,0.05128205128205128
430356,DDD,2013J,0.05,0.025,0.03333333333333333
430357,BBB,2013B,0.0,0.0,0.0
430392,BBB,2013J,0.15,0.17647058823529413,0.16216216216216214
430487,CCC,2014J,0.1,0.1,0.10000000000000002
430625,FFF,2014B,0.0,0.0,0.0
430678,DDD,2014B,0.0,0.0,0.0
430686,CCC,2014B,0.1,0.10526315789473684,0.10256410256410256
430708,BBB,2013J,0.05,0.07692307692307693,0.060606060606060615
430806,CCC,2014J,0.2,0.13333333333333333,0.16
431005,DDD,2013B,0.0,0.0,0.0
431005,DDD,2013J,0.05,0.043478260869565216,0.046511627906976744
431014,EEE,2013J,0.05,0.16666666666666666,0.07692307692307691
431025,AAA,2014J,0.05,0.125,0.07142857142857144
431071,BBB,2013B,0.0,0.0,0.0
431136,DDD,2014B,0.0,0.0,0.0
431136,DDD,2014J,0.0,0.0,0.0
431139,FFF,2014J,0.05,0.043478260869565216,0.046511627906976744
431251,FFF,2013B,0.1,0.07142857142857142,0.08333333333333333
431386,CCC,2014B,0.0,0.0,0.0
431406,DDD,2014B,0.1,0.05714285714285714,0.07272727272727272
431987,FFF,2014B,0.15,0.06382978723404255,0.08955223880597013
432144,BBB,2013J,0.0,0.0,0.0
432222,FFF,2013B,0.05,0.02857142857142857,0.03636363636363636
432232,BBB,2013B,0.05,0.2,0.08000000000000002
432237,BBB,2013J,0.0,0.0,0.0
432336,FFF,2013J,0.0,0.0,0.0
432480,BBB,2014B,0.0,0.0,0.0
432532,FFF,2013B,0.2,0.0784313725490196,0.11267605633802816
432592,FFF,2013J,0.1,0.034482758620689655,0.05128205128205129
432624,DDD,2013J,0.0,0.0,0.0
432642,DDD,2014J,0.2,0.15384615384615385,0.17391304347826086
432703,FFF,2013J,0.0,0.0,0.0
432724,CCC,2014J,0.1,0.1111111111111111,0.10526315789473685
432862,DDD,2013J,0.0,0.0,0.0
432870,BBB,2013B,0.1,0.08695652173913043,0.09302325581395349
432968,DDD,2013J,0.0,0.0,0.0
433151,DDD,2013B,0.2,0.13793103448275862,0.16326530612244897
433165,GGG,2013J,0.05,0.0625,0.05555555555555556
433280,BBB,2013J,0.1,0.09523809523809523,0.0975609756097561
433386,DDD,2013B,0.15,0.10714285714285714,0.125
433508,CCC,2014J,0.0,0.0,0.0
433508,DDD,2013J,0.1,0.047619047619047616,0.06451612903225806
433531,BBB,2013B,0.0,0.0,0.0
433748,DDD,2013J,0.1,0.10526315789473684,0.10256410256410256
433755,BBB,2013B,0.2,0.15384615384615385,0.17391304347826086
433794,CCC,2014J,0.25,0.2,0.22222222222222224
433864,BBB,2013J,0.1,0.18181818181818182,0.12903225806451613
433939,BBB,2013B,0.0,0.0,0.0
434002,DDD,2014J,0.25,0.09433962264150944,0.13698630136986303
434192,BBB,2013B,0.0,0.0,0.0
434347,EEE,2014J,0.15,0.21428571428571427,0.1764705882352941
434353,BBB,2013B,0.1,0.16666666666666666,0.125
434397,BBB,2013J,0.05,0.16666666666666666,0.07692307692307691
434476,FFF,2014J,0.35,0.08536585365853659,0.1372549019607843
434562,CCC,2014B,0.0,0.0,0.0
434562,EEE,2013J,0.1,0.25,0.14285714285714288
434585,BBB,2013J,0.15,0.09090909090909091,0.11320754716981132
434646,BBB,2013B,0.2,0.1111111111111111,0.14285714285714285
434759,EEE,2013J,0.05,0.1111111111111111,0.06896551724137932
434841,DDD,2014B,0.0,0.0,0.0
434977,DDD,2013B,0.05,0.043478260869565216,0.046511627906976744
435043,FFF,2013B,0.0,0.0,0.0
435245,BBB,2013B,0.0,0.0,0.0
435277,EEE,2013J,0.15,0.375,0.21428571428571425
435423,DDD,2013B,0.2,0.10810810810810811,0.14035087719298245
435446,FFF,2014B,0.05,0.07692307692307693,0.060606060606060615
435572,DDD,2014J,0.0,0.0,0.0
435587,DDD,2013J,0.05,0.07142857142857142,0.058823529411764705
436058,CCC,2014B,0.1,0.1,0.10000000000000002
436213,EEE,2014J,0.0,0.0,0.0
436481,FFF,2014B,0.1,0.1,0.10000000000000002
436590,FFF,2014B,0.05,0.02857142857142857,0.03636363636363636
436898,DDD,2014J,0.1,0.041666666666666664,0.058823529411764705
437171,BBB,2014B,0.05,0.07142857142857142,0.058823529411764705
437281,DDD,2013B,0.0,0.0,0.0
437482,CCC,2014J,0.0,0.0,0.0
437550,BBB,2014J,0.1,0.1111111111111111,0.10526315789473685
437562,BBB,2013B,0.2,0.16,0.17777777777777778
437565,BBB,2014B,0.1,0.1111111111111111,0.10526315789473685
437872,FFF,2013B,0.2,0.07142857142857142,0.10526315789473682
437923,DDD,2013J,0.05,0.02857142857142857,0.03636363636363636
437967,BBB,2013B,0.05,0.14285714285714285,0.07407407407407408
438068,BBB,2013J,0.1,0.1111111111111111,0.10526315789473685
438313,FFF,2013J,0.0,0.0,0.0
438323,FFF,2013B,0.05,0.02564102564102564,0.033898305084745756
438452,FFF,2013B,0.0,0.0,0.0
438551,BBB,2013J,0.0,0.0,0.0
438644,FFF,2014J,0.0,0.0,0.0
438662,DDD,2013B,0.0,0.0,0.0
438703,BBB,2013B,0.05,0.05555555555555555,0.052631578947368425
438751,DDD,2013J,0.05,0.034482758620689655,0.04081632653061224
438796,CCC,2014B,0.0,0.0,0.0
438796,FFF,2014B,0.1,0.07407407407407407,0.0851063829787234
439170,GGG,2014J,0.25,0.2777777777777778,0.2631578947368421
439182,BBB,2013J,0.05,0.0625,0.05555555555555556
439305,AAA,2014J,0.0,0.0,0.0
439433,FFF,2014B,0.05,0.05263157894736842,0.05128205128205128
439542,DDD,2013B,0.05,0.06666666666666667,0.05714285714285715
439568,DDD,2013J,0.05,0.017857142857142856,0.026315789473684206
439633,FFF,2014B,0.0,0.0,0.0
439677,BBB,2014J,0.15,0.1875,0.16666666666666663
439677,GGG,2013J,0.0,0.0,0.0
439710,BBB,2014B,0.1,0.16666666666666666,0.125
439713,DDD,2013J,0.0,0.0,0.0
439806,BBB,2014J,0.0,0.0,0.0
439855,DDD,2013J,0.15,0.057692307692307696,0.08333333333333334
439857,BBB,2013B,0.0,0.0,0.0
439950,FFF,2014J,0.0,0.0,0.0
439995,FFF,2014J,0.1,0.07407407407407407,0.0851063829787234
440003,DDD,2013J,0.05,0.012345679012345678,0.019801980198019802
440057,BBB,2013B,0.0,0.0,0.0
440103,CCC,2014J,0.0,0.0,0.0
440103,DDD,2014B,0.1,0.09523809523809523,0.0975609756097561
440171,CCC,2014J,0.05,0.1111111111111111,0.06896551724137932
440225,BBB,2013J,0.0,0.0,0.0
440319,AAA,2014J,0.0,0.0,0.0
440323,CCC,2014B,0.25,0.3125,0.2777777777777778
440331,DDD,2014B,0.15,0.07317073170731707,0.09836065573770492
440375,DDD,2013B,0.0,0.0,0.0
440499,DDD,2013B,0.2,0.17391304347826086,0.18604651162790697
440509,BBB,2013B,0.0,0.0,0.0
440559,FFF,2014B,0.05,0.02702702702702703,0.03508771929824561
440563,BBB,2013J,0.0,0.0,0.0
440593,BBB,2013J,0.0,0.0,0.0
440610,EEE,2013J,0.15,0.6,0.24
440632,FFF,2013B,0.0,0.0,0.0
440818,FFF,2014J,0.25,0.07142857142857142,0.11111111111111112
440905,CCC,2014B,0.1,0.125,0.11111111111111112
441000,BBB,2013B,0.05,0.2,0.08000000000000002
441018,AAA,2013J,0.1,0.125,0.11111111111111112
441087,DDD,2014J,0.1,0.043478260869565216,0.06060606060606061
441113,DDD,2013B,0.1,0.09090909090909091,0.09523809523809525
441132,DDD,2013B,0.1,0.09090909090909091,0.09523809523809525
441165,FFF,2014J,0.2,0.12903225806451613,0.1568627450980392
441181,BBB,2013B,0.2,0.16,0.17777777777777778
441201,DDD,2013B,0.05,0.030303030303030304,0.03773584905660378
441213,DDD,2014B,0.0,0.0,0.0
441255,BBB,2013B,0.0,0.0,0.0
441302,DDD,2013B,0.05,0.0625,0.05555555555555556
441342,DDD,2013J,0.0,0.0,0.0
441385,EEE,2014J,0.0,0.0,0.0
441389,DDD,2013B,0.15,0.1,0.12
441444,DDD,2013J,0.1,0.1111111111111111,0.10526315789473685
441540,EEE,2013J,0.2,0.4,0.26666666666666666
441606,FFF,2013J,0.05,0.022727272727272728,0.03125000000000001
441791,GGG,2014B,0.1,0.18181818181818182,0.12903225806451613
441852,EEE,2014B,0.1,0.2857142857142857,0.14814814814814817
441858,EEE,2013J,0.15,0.13636363636363635,0.14285714285714282
441885,DDD,2013J,0.15,0.1,0.12
441888,AAA,2013J,0.1,0.07142857142857142,0.08333333333333333
441892,DDD,2013J,0.0,0.0,0.0
441895,EEE,2014J,0.25,0.45454545454545453,0.3225806451612903
441897,DDD,2014J,0.05,0.05555555555555555,0.052631578947368425
441954,FFF,2013B,0.0,0.0,0.0
442012,BBB,2013B,0.15,0.10714285714285714,0.125
442017,DDD,2014J,0.0,0.0,0.0
442064,AAA,2014J,0.0,0.0,0.0
442132,AAA,2014J,0.05,0.125,0.07142857142857144
442183,BBB,2013B,0.0,0.0,0.0
442199,FFF,2014J,0.0,0.0,0.0
442359,EEE,2014J,0.25,0.45454545454545453,0.3225806451612903
442456,BBB,2013B,0.15,0.125,0.13636363636363635
442466,BBB,2013B,0.05,0.041666666666666664,0.04545454545454545
442545,DDD,2013B,0.05,0.05,0.05000000000000001
442547,DDD,2013J,0.05,0.05555555555555555,0.052631578947368425
442549,DDD,2014J,0.0,0.0,0.0
442561,GGG,2014B,0.1,0.1,0.10000000000000002
442563,FFF,2014J,0.15,0.13043478260869565,0.13953488372093023
442589,DDD,2013J,0.1,0.0625,0.07692307692307693
442590,DDD,2013J,0.1,0.07692307692307693,0.08695652173913043
442669,CCC,2014J,0.2,0.16,0.17777777777777778
442753,FFF,2014B,0.0,0.0,0.0
442802,FFF,2014J,0.1,0.1,0.10000000000000002
442807,EEE,2013J,0.0,0.0,0.0
442865,DDD,2013B,0.15,0.125,0.13636363636363635
442873,DDD,2014B,0.1,0.05128205128205128,0.06779661016949151
442877,GGG,2014B,0.35,0.2692307692307692,0.3043478260869565
442878,DDD,2013J,0.0,0.0,0.0
442886,DDD,2013B,0.05,0.02631578947368421,0.034482758620689655
442910,BBB,2013J,0.0,0.0,0.0
442924,CCC,2014J,0.05,0.06666666666666667,0.05714285714285715
442924,DDD,2013J,0.0,0.0,0.0
442987,GGG,2014J,0.3,0.35294117647058826,0.3243243243243243
443007,FFF,2014B,0.05,0.02564102564102564,0.033898305084745756
443108,BBB,2013B,0.0,0.0,0.0
443151,FFF,2014J,0.05,0.03225806451612903,0.0392156862745098
443181,EEE,2013J,0.35,0.3333333333333333,0.3414634146341463
443200,EEE,2014J,0.65,0.3611111111111111,0.4642857142857143
443215,DDD,2013B,0.3,0.1111111111111111,0.16216216216216217
443275,DDD,2014J,0.05,0.037037037037037035,0.0425531914893617
443288,BBB,2013B,0.0,0.0,0.0
443297,DDD,2013B,0.05,0.03571428571428571,0.041666666666666664
443387,GGG,2014B,0.2,0.2222222222222222,0.2105263157894737
443400,DDD,2013J,0.0,0.0,0.0
443438,DDD,2013J,0.05,0.14285714285714285,0.07407407407407408
443498,EEE,2014J,0.25,0.4166666666666667,0.3125
443514,FFF,2014J,0.0,0.0,0.0
443539,DDD,2014J,0.1,0.09090909090909091,0.09523809523809525
443540,DDD,2013J,0.0,0.0,0.0
443563,FFF,2013B,0.05,0.047619047619047616,0.04878048780487805
443696,FFF,2013B,0.1,0.11764705882352941,0.1081081081081081
443696,FFF,2014J,0.0,0.0,0.0
443731,DDD,2013J,0.0,0.0,0.0
443765,GGG,2014J,0.3,0.375,0.33333333333333326
443861,DDD,2014B,0.1,0.1111111111111111,0.10526315789473685
443948,EEE,2014B,0.4,0.8888888888888888,0.5517241379310346
443950,FFF,2013B,0.05,0.058823529411764705,0.05405405405405405
443964,CCC,2014J,0.25,0.13513513513513514,0.1754385964912281
443989,FFF,2013B,0.1,0.08,0.08888888888888889
444011,FFF,2014J,0.05,0.08333333333333333,0.0625
444117,BBB,2013B,0.0,0.0,0.0
444180,DDD,2014J,0.05,0.03225806451612903,0.0392156862745098
444197,EEE,2014B,0.1,0.2,0.13333333333333333
444266,FFF,2013J,0.15,0.07692307692307693,0.1016949152542373
444317,DDD,2013J,0.1,0.03278688524590164,0.04938271604938272
444361,BBB,2014J,0.05,0.1,0.06666666666666667
444375,DDD,2013J,0.05,0.021739130434782608,0.030303030303030304
444403,EEE,2013J,0.2,0.3333333333333333,0.25
444545,BBB,2014J,0.05,0.14285714285714285,0.07407407407407408
444561,BBB,2014B,0.0,0.0,0.0
444574,FFF,2014B,0.15,0.1111111111111111,0.12765957446808512
444619,FFF,2014J,0.05,0.04,0.044444444444444446
444677,AAA,2013J,0.2,0.25,0.22222222222222224
444697,FFF,2013J,0.2,0.14814814814814814,0.1702127659574468
444766,DDD,2014J,0.2,0.09090909090909091,0.12500000000000003
444768,BBB,2014J,0.1,0.16666666666666666,0.125
444821,BBB,2013J,0.0,0.0,0.0
444856,FFF,2013J,0.05,0.05,0.05000000000000001
444858,BBB,2014B,0.0,0.0,0.0
444872,BBB,2014B,0.0,0.0,0.0
444907,FFF,2014J,0.0,0.0,0.0
444926,BBB,2013B,0.0,0.0,0.0
444943,GGG,2013J,0.25,0.21739130434782608,0.23255813953488372
445049,EEE,2014J,0.1,0.25,0.14285714285714288
445065,BBB,2013B,0.0,0.0,0.0
445086,GGG,2013J,0.05,0.058823529411764705,0.05405405405405405
445109,DDD,2013J,0.05,0.037037037037037035,0.0425531914893617
445114,CCC,2014J,0.15,0.14285714285714285,0.14634146341463414
445125,BBB,2013B,0.0,0.0,0.0
445136,BBB,2014J,0.2,0.14814814814814814,0.1702127659574468
445145,DDD,2014B,0.0,0.0,0.0
445239,DDD,2014J,0.05,0.05263157894736842,0.05128205128205128
445386,DDD,2013J,0.05,0.041666666666666664,0.04545454545454545
445410,FFF,2013J,0.15,0.15,0.15
445415,BBB,2014B,0.1,0.125,0.11111111111111112
445429,DDD,2014J,0.25,0.17857142857142858,0.20833333333333331
445451,DDD,2014J,0.05,0.02857142857142857,0.03636363636363636
445494,BBB,2014B,0.0,0.0,0.0
445686,FFF,2014J,0.3,0.13953488372093023,0.1904761904761905
445760,BBB,2013J,0.0,0.0,0.0
445776,FFF,2013J,0.1,0.14285714285714285,0.11764705882352941
445777,CCC,2014B,0.1,0.1111111111111111,0.10526315789473685
445857,DDD,2014B,0.1,0.0392156862745098,0.05633802816901408
445889,BBB,2013B,0.0,0.0,0.0
445917,CCC,2014B,0.3,0.23076923076923078,0.2608695652173913
445917,DDD,2013J,0.1,0.06451612903225806,0.0784313725490196
445930,DDD,2013J,0.05,0.02564102564102564,0.033898305084745756
445947,FFF,2014B,0.0,0.0,0.0
445972,CCC,2014B,0.15,0.125,0.13636363636363635
445972,EEE,2013J,0.05,0.1111111111111111,0.06896551724137932
446045,BBB,2013B,0.0,0.0,0.0
446077,EEE,2014B,0.0,0.0,0.0
446097,DDD,2014J,0.1,0.08695652173913043,0.09302325581395349
446108,AAA,2014J,0.15,0.16666666666666666,0.15789473684210525
446246,DDD,2013J,0.15,0.07692307692307693,0.1016949152542373
446279,DDD,2013J,0.1,0.05263157894736842,0.06896551724137931
446296,BBB,2014B,0.0,0.0,0.0
446324,EEE,2013J,0.15,0.3,0.2
446345,BBB,2013J,0.0,0.0,0.0
446397,EEE,2013J,0.25,0.3333333333333333,0.28571428571428575
446439,CCC,2014J,0.05,0.05263157894736842,0.05128205128205128
446440,FFF,2013B,0.05,0.022727272727272728,0.03125000000000001
446479,CCC,2014J,0.15,0.21428571428571427,0.1764705882352941
446628,FFF,2013J,0.0,0.0,0.0
446650,BBB,2014B,0.05,0.058823529411764705,0.05405405405405405
446730,DDD,2014J,0.05,0.023255813953488372,0.031746031746031744
446755,BBB,2014B,0.1,0.15384615384615385,0.12121212121212123
446761,DDD,2014J,0.15,0.10714285714285714,0.125
446778,CCC,2014J,0.0,0.0,0.0
446814,DDD,2013B,0.0,0.0,0.0
446856,BBB,2013B,0.0,0.0,0.0
447059,DDD,2013J,0.05,0.029411764705882353,0.03703703703703704
447086,BBB,2013J,0.0,0.0,0.0
447124,BBB,2014J,0.1,0.08333333333333333,0.0909090909090909
447162,DDD,2014B,0.0,0.0,0.0
447184,BBB,2014B,0.05,0.058823529411764705,0.05405405405405405
447235,EEE,2014B,0.25,0.45454545454545453,0.3225806451612903
447242,DDD,2013B,0.05,0.023255813953488372,0.031746031746031744
447265,BBB,2014B,0.0,0.0,0.0
447475,GGG,2014B,0.2,0.2,0.20000000000000004
447481,AAA,2014J,0.1,0.08,0.08888888888888889
447510,DDD,2014J,0.0,0.0,0.0
447516,BBB,2013J,0.1,0.07692307692307693,0.08695652173913043
447644,CCC,2014J,0.1,0.1,0.10000000000000002
447644,DDD,2014J,0.05,0.034482758620689655,0.04081632653061224
447759,BBB,2013B,0.0,0.0,0.0
447782,BBB,2013B,0.0,0.0,0.0
464236,DDD,2013B,0.05,0.05,0.05000000000000001
464525,BBB,2013J,0.0,0.0,0.0
464616,FFF,2013J,0.1,0.06666666666666667,0.08
464685,DDD,2014B,0.05,0.0196078431372549,0.02816901408450704
464724,EEE,2014B,0.3,0.6,0.4
464732,CCC,2014J,0.05,0.045454545454545456,0.04761904761904762
464748,DDD,2014B,0.0,0.0,0.0
464748,DDD,2014J,0.0,0.0,0.0
464780,EEE,2014J,0.3,0.42857142857142855,0.3529411764705882
464785,FFF,2013B,0.1,0.06060606060606061,0.07547169811320756
464924,DDD,2013J,0.0,0.0,0.0
464957,EEE,2014J,0.0,0.0,0.0
464968,DDD,2014J,0.0,0.0,0.0
464981,CCC,2014J,0.3,0.1875,0.23076923076923075
464981,FFF,2013J,0.25,0.09259259259259259,0.13513513513513514
465121,FFF,2014J,0.15,0.11538461538461539,0.13043478260869565
465175,FFF,2013B,0.0,0.0,0.0
465175,FFF,2014B,0.1,0.06451612903225806,0.0784313725490196
465260,DDD,2013B,0.15,0.0967741935483871,0.11764705882352941
465294,FFF,2014J,0.15,0.08108108108108109,0.10526315789473685
465312,FFF,2013B,0.05,0.022727272727272728,0.03125000000000001
465331,CCC,2014J,0.1,0.15384615384615385,0.12121212121212123
465369,BBB,2014B,0.0,0.0,0.0
465392,EEE,2013J,0.1,0.18181818181818182,0.12903225806451613
465406,CCC,2014B,0.1,0.2222222222222222,0.13793103448275865
465406,EEE,2014J,0.25,0.16666666666666666,0.2
465413,DDD,2014B,0.0,0.0,0.0
465421,FFF,2014B,0.15,0.09090909090909091,0.11320754716981132
465430,FFF,2013B,0.1,0.04878048780487805,0.06557377049180328
465441,DDD,2013J,0.0,0.0,0.0
465564,DDD,2014J,0.2,0.16666666666666666,0.1818181818181818
465564,EEE,2013J,0.2,0.4,0.26666666666666666
465567,GGG,2014J,0.1,0.6666666666666666,0.1739130434782609
465599,BBB,2013B,0.0,0.0,0.0
465619,EEE,2013J,0.1,0.4,0.16000000000000003
465629,DDD,2013J,0.0,0.0,0.0
465629,DDD,2014J,0.05,0.038461538461538464,0.043478260869565216
465727,DDD,2013B,0.0,0.0,0.0
465732,CCC,2014J,0.0,0.0,0.0
465764,DDD,2013B,0.25,0.09615384615384616,0.1388888888888889
465777,EEE,2013J,0.0,0.0,0.0
465789,CCC,2014J,0.05,0.06666666666666667,0.05714285714285715
465843,CCC,2014B,0.3,0.24,0.2666666666666666
465843,DDD,2013B,0.2,0.13333333333333333,0.16
465893,FFF,2013J,0.05,0.024390243902439025,0.03278688524590164
465900,CCC,2014J,0.05,0.16666666666666666,0.07692307692307691
465900,FFF,2013J,0.0,0.0,0.0
465952,GGG,2014J,0.1,0.2857142857142857,0.14814814814814817
466202,BBB,2013J,0.05,0.06666666666666667,0.05714285714285715
466203,FFF,2013B,0.05,0.019230769230769232,0.027777777777777776
466216,DDD,2013B,0.15,0.04225352112676056,0.06593406593406594
466230,DDD,2014J,0.1,0.04878048780487805,0.06557377049180328
466289,CCC,2014B,0.2,0.3076923076923077,0.24242424242424246
466289,DDD,2014J,0.15,0.09090909090909091,0.11320754716981132
466347,FFF,2014B,0.0,0.0,0.0
466360,CCC,2014J,0.15,0.11538461538461539,0.13043478260869565
466372,CCC,2014J,0.0,0.0,0.0
466425,FFF,2013J,0.05,0.03333333333333333,0.04
466477,BBB,2013J,0.0,0.0,0.0
466508,EEE,2014J,0.1,0.5,0.16666666666666669
466539,DDD,2013J,0.1,0.05555555555555555,0.07142857142857142
466576,FFF,2014B,0.1,0.125,0.11111111111111112
466800,BBB,2013J,0.15,0.12,0.1333333333333333
466810,BBB,2013B,0.1,0.09523809523809523,0.0975609756097561
466828,FFF,2013B,0.15,0.15789473684210525,0.15384615384615385
466856,BBB,2014B,0.0,0.0,0.0
466880,DDD,2013J,0.0,0.0,0.0
466892,EEE,2014J,0.1,0.5,0.16666666666666669
466900,GGG,2013J,0.1,0.14285714285714285,0.11764705882352941
466961,EEE,2013J,0.0,0.0,0.0
466987,FFF,2014J,0.15,0.07692307692307693,0.1016949152542373
466990,DDD,2013B,0.1,0.13333333333333333,0.1142857142857143
467035,BBB,2013B,0.05,0.05555555555555555,0.052631578947368425
467100,BBB,2014B,0.0,0.0,0.0
467144,EEE,2014B,0.2,0.3076923076923077,0.24242424242424246
467230,CCC,2014B,0.1,0.2222222222222222,0.13793103448275865
467230,DDD,2014B,0.05,0.06666666666666667,0.05714285714285715
467292,BBB,2013B,0.0,0.0,0.0
467294,DDD,2013B,0.0,0.0,0.0
467302,EEE,2013J,0.05,0.1111111111111111,0.06896551724137932
467303,BBB,2014B,0.05,0.25,0.08333333333333334
467363,FFF,2014J,0.05,0.043478260869565216,0.046511627906976744
467396,BBB,2014J,0.05,0.058823529411764705,0.05405405405405405
467413,DDD,2013B,0.1,0.06896551724137931,0.08163265306122448
467416,FFF,2013B,0.1,0.05263157894736842,0.06896551724137931
467504,FFF,2013J,0.2,0.09302325581395349,0.12698412698412698
467506,FFF,2013B,0.0,0.0,0.0
467524,FFF,2013J,0.0,0.0,0.0
467580,BBB,2014B,0.05,0.1,0.06666666666666667
467582,FFF,2014B,0.05,0.025,0.03333333333333333
467700,FFF,2013B,0.0,0.0,0.0
467725,FFF,2013B,0.2,0.06557377049180328,0.09876543209876544
467822,DDD,2013B,0.15,0.15,0.15
467854,FFF,2013B,0.05,0.022222222222222223,0.030769230769230767
467893,DDD,2014J,0.1,0.05405405405405406,0.07017543859649122
468529,BBB,2014B,0.0,0.0,0.0
468694,AAA,2014J,0.0,0.0,0.0
468720,DDD,2014J,0.1,0.08,0.08888888888888889
468753,CCC,2014B,0.0,0.0,0.0
468808,DDD,2013B,0.0,0.0,0.0
468845,DDD,2014J,0.05,0.03125,0.038461538461538464
468902,EEE,2013J,0.05,0.1111111111111111,0.06896551724137932
468927,DDD,2013J,0.0,0.0,0.0
468949,BBB,2013B,0.0,0.0,0.0
469016,DDD,2013B,0.1,0.06896551724137931,0.08163265306122448
469113,EEE,2013J,0.05,0.3333333333333333,0.08695652173913045
469154,FFF,2013B,0.05,0.05,0.05000000000000001
469177,BBB,2014B,0.0,0.0,0.0
469281,EEE,2013J,0.15,0.3,0.2
469424,EEE,2014J,0.1,0.18181818181818182,0.12903225806451613
469465,DDD,2013J,0.0,0.0,0.0
469499,FFF,2014J,0.1,0.1,0.10000000000000002
469553,DDD,2013J,0.0,0.0,0.0
469614,DDD,2014B,0.0,0.0,0.0
469624,DDD,2014J,0.0,0.0,0.0
469633,DDD,2014J,0.0,0.0,0.0
469683,BBB,2013B,0.1,0.18181818181818182,0.12903225806451613
469743,FFF,2013B,0.3,0.09375,0.14285714285714285
469761,CCC,2014B,0.3,0.25,0.2727272727272727
469761,EEE,2014B,0.25,0.38461538461538464,0.30303030303030304
469861,EEE,2014B,0.05,0.16666666666666666,0.07692307692307691
469878,BBB,2013J,0.15,0.2,0.17142857142857143
469959,EEE,2013J,0.0,0.0,0.0
469977,FFF,2014B,0.05,0.14285714285714285,0.07407407407407408
470001,FFF,2013J,0.1,0.030303030303030304,0.04651162790697675
470113,BBB,2014B,0.1,0.1,0.10000000000000002
470159,CCC,2014J,0.1,0.2,0.13333333333333333
470187,GGG,2014J,0.0,0.0,0.0
470318,BBB,2013B,0.2,0.12903225806451613,0.1568627450980392
470331,BBB,2014B,0.05,0.041666666666666664,0.04545454545454545
470340,GGG,2013J,0.05,0.07142857142857142,0.058823529411764705
470385,CCC,2014J,0.25,0.16129032258064516,0.19607843137254902
470403,DDD,2013J,0.05,0.04,0.044444444444444446
470461,EEE,2014J,0.05,0.125,0.07142857142857144
470464,BBB,2014J,0.1,0.13333333333333333,0.1142857142857143
470588,AAA,2014J,0.1,0.4,0.16000000000000003
470619,FFF,2014B,0.1,0.0625,0.07692307692307693
470653,BBB,2013B,0.05,0.08333333333333333,0.0625
470693,BBB,2014B,0.0,0.0,0.0
470733,DDD,2014B,0.0,0.0,0.0
470786,FFF,2013B,0.0,0.0,0.0
470869,BBB,2013J,0.2,0.26666666666666666,0.2285714285714286
470900,GGG,2014J,0.15,0.23076923076923078,0.18181818181818185
470914,DDD,2014J,0.05,0.058823529411764705,0.05405405405405405
470921,DDD,2013B,0.05,0.03125,0.038461538461538464
470982,AAA,2014J,0.05,0.06666666666666667,0.05714285714285715
471027,CCC,2014J,0.2,0.12903225806451613,0.1568627450980392
471196,BBB,2013J,0.05,0.09090909090909091,0.06451612903225806
471284,FFF,2014J,0.1,0.06896551724137931,0.08163265306122448
471373,DDD,2013J,0.05,0.022222222222222223,0.030769230769230767
471525,BBB,2013B,0.0,0.0,0.0
471580,CCC,2014J,0.15,0.16666666666666666,0.15789473684210525
471580,EEE,2013J,0.15,0.25,0.18749999999999997
471654,DDD,2013B,0.05,0.047619047619047616,0.04878048780487805
471657,CCC,2014B,0.05,0.07692307692307693,0.060606060606060615
471711,BBB,2013J,0.1,0.11764705882352941,0.1081081081081081
471925,BBB,2014B,0.1,0.1111111111111111,0.10526315789473685
471973,FFF,2013J,0.15,0.05660377358490566,0.0821917808219178
471977,FFF,2013B,0.05,0.06666666666666667,0.05714285714285715
471979,CCC,2014B,0.25,0.21739130434782608,0.23255813953488372
472000,DDD,2013J,0.0,0.0,0.0
472073,DDD,2014J,0.1,0.05714285714285714,0.07272727272727272
472087,CCC,2014B,0.15,0.17647058823529413,0.16216216216216214
472087,EEE,2013J,0.2,0.5,0.28571428571428575
472120,FFF,2014B,0.05,0.07142857142857142,0.058823529411764705
472180,DDD,2013B,0.05,0.25,0.08333333333333334
472257,DDD,2014B,0.0,0.0,0.0
472262,BBB,2013J,0.05,0.07142857142857142,0.058823529411764705
472284,DDD,2014B,0.1,0.046511627906976744,0.06349206349206349
472290,EEE,2013J,0.1,0.2222222222222222,0.13793103448275865
472309,CCC,2014B,0.0,0.0,0.0
472309,CCC,2014J,0.0,0.0,0.0
472327,BBB,2013J,0.0,0.0,0.0
472336,EEE,2013J,0.1,0.18181818181818182,0.12903225806451613
472511,GGG,2014B,0.1,0.11764705882352941,0.1081081081081081
472584,DDD,2013B,0.05,0.05263157894736842,0.05128205128205128
472586,BBB,2013B,0.0,0.0,0.0
472602,FFF,2013B,0.1,0.13333333333333333,0.1142857142857143
472616,DDD,2014J,0.0,0.0,0.0
472651,CCC,2014J,0.05,0.038461538461538464,0.043478260869565216
472651,DDD,2014B,0.05,0.02631578947368421,0.034482758620689655
472736,CCC,2014J,0.3,0.15789473684210525,0.20689655172413793
472762,CCC,2014J,0.05,0.03125,0.038461538461538464
472762,EEE,2014J,0.2,0.25,0.22222222222222224
472857,EEE,2013J,0.05,1.0,0.09523809523809523
472911,GGG,2013J,0.05,0.08333333333333333,0.0625
472949,DDD,2013B,0.15,0.1875,0.16666666666666663
473008,DDD,2013B,0.15,0.125,0.13636363636363635
473082,CCC,2014J,0.05,0.3333333333333333,0.08695652173913045
473095,BBB,2013B,0.0,0.0,0.0
473095,BBB,2014B,0.05,0.1111111111111111,0.06896551724137932
473095,BBB,2014J,0.05,0.06666666666666667,0.05714285714285715
473102,FFF,2013B,0.0,0.0,0.0
473104,DDD,2013J,0.15,0.05084745762711865,0.0759493670886076
473129,DDD,2014J,0.1,0.1111111111111111,0.10526315789473685
473162,FFF,2013B,0.3,0.13043478260869565,0.18181818181818182
473271,BBB,2014J,0.05,0.1,0.06666666666666667
473271,GGG,2013J,0.1,0.11764705882352941,0.1081081081081081
473328,BBB,2013B,0.05,0.07142857142857142,0.058823529411764705
473340,DDD,2013J,0.05,0.07142857142857142,0.058823529411764705
473491,CCC,2014J,0.4,0.13793103448275862,0.20512820512820515
473491,FFF,2013J,0.15,0.061224489795918366,0.08695652173913043
473640,DDD,2013J,0.05,0.14285714285714285,0.07407407407407408
473739,EEE,2013J,0.3,0.42857142857142855,0.3529411764705882
473789,FFF,2013B,0.1,0.03389830508474576,0.05063291139240507
473924,GGG,2013J,0.1,0.10526315789473684,0.10256410256410256
473965,CCC,2014B,0.1,0.1,0.10000000000000002
473965,DDD,2013B,0.05,0.05555555555555555,0.052631578947368425
474067,GGG,2013J,0.15,0.15,0.15
474071,BBB,2013J,0.05,0.05,0.05000000000000001
474126,FFF,2013J,0.05,0.043478260869565216,0.046511627906976744
474133,DDD,2013B,0.25,0.1388888888888889,0.17857142857142858
474153,DDD,2014B,0.0,0.0,0.0
474290,EEE,2014J,0.2,0.4,0.26666666666666666
474387,BBB,2014J,0.15,0.17647058823529413,0.16216216216216214
474408,BBB,2014J,0.0,0.0,0.0
474464,DDD,2013B,0.0,0.0,0.0
474495,CCC,2014J,0.1,0.1111111111111111,0.10526315789473685
474495,DDD,2013J,0.0,0.0,0.0
474628,CCC,2014J,0.0,0.0,0.0
474628,EEE,2014B,0.1,0.16666666666666666,0.125
474633,DDD,2013B,0.15,0.06382978723404255,0.08955223880597013
474667,FFF,2014J,0.05,0.05555555555555555,0.052631578947368425
474677,FFF,2013B,0.0,0.0,0.0
474740,DDD,2013B,0.05,0.25,0.08333333333333334
474902,DDD,2013J,0.0,0.0,0.0
474949,FFF,2013J,0.05,0.045454545454545456,0.04761904761904762
475015,FFF,2014J,0.0,0.0,0.0
475065,CCC,2014J,0.2,0.19047619047619047,0.1951219512195122
475095,BBB,2013B,0.0,0.0,0.0
475149,CCC,2014J,0.05,0.037037037037037035,0.0425531914893617
475253,FFF,2013J,0.05,0.04,0.044444444444444446
475363,BBB,2014J,0.0,0.0,0.0
475370,EEE,2013J,0.15,0.2,0.17142857142857143
475681,FFF,2013B,0.0,0.0,0.0
475688,BBB,2013B,0.05,0.05,0.05000000000000001
475734,CCC,2014J,0.05,0.125,0.07142857142857144
475811,FFF,2014B,0.05,0.047619047619047616,0.04878048780487805
475839,DDD,2014J,0.0,0.0,0.0
475863,DDD,2014J,0.1,0.06060606060606061,0.07547169811320756
475883,DDD,2013B,0.05,0.02857142857142857,0.03636363636363636
475893,EEE,2013J,0.2,0.4,0.26666666666666666
475897,DDD,2013B,0.1,0.08333333333333333,0.0909090909090909
475908,DDD,2014J,0.2,0.16,0.17777777777777778
475945,CCC,2014B,0.3,0.2222222222222222,0.25531914893617025
475981,BBB,2014B,0.0,0.0,0.0
476037,BBB,2013B,0.0,0.0,0.0
476037,BBB,2014B,0.15,0.07894736842105263,0.10344827586206896
476041,DDD,2013B,0.05,0.030303030303030304,0.03773584905660378
476108,CCC,2014B,0.15,0.23076923076923078,0.18181818181818185
476144,DDD,2013J,0.2,0.09090909090909091,0.12500000000000003
476194,FFF,2013B,0.1,0.07142857142857142,0.08333333333333333
476201,BBB,2013B,0.1,0.11764705882352941,0.1081081081081081
476278,BBB,2013J,0.05,0.0625,0.05555555555555556
476297,BBB,2013B,0.05,1.0,0.09523809523809523
476369,BBB,2013B,0.0,0.0,0.0
476401,FFF,2014J,0.0,0.0,0.0
476438,EEE,2014J,0.25,0.4166666666666667,0.3125
476497,EEE,2014J,0.0,0.0,0.0
476520,FFF,2013J,0.0,0.0,0.0
476596,BBB,2013B,0.05,0.1,0.06666666666666667
476603,AAA,2014J,0.1,0.13333333333333333,0.1142857142857143
476629,FFF,2014J,0.15,0.13043478260869565,0.13953488372093023
476637,DDD,2013B,0.1,0.09090909090909091,0.09523809523809525
476709,BBB,2013B,0.1,0.15384615384615385,0.12121212121212123
476710,BBB,2013B,0.1,0.029850746268656716,0.04597701149425287
476769,BBB,2014J,0.0,0.0,0.0
476783,BBB,2013B,0.1,0.09523809523809523,0.0975609756097561
476822,DDD,2013J,0.15,0.07142857142857142,0.09677419354838708
476845,FFF,2013B,0.15,0.1111111111111111,0.12765957446808512
476910,DDD,2013B,0.25,0.13157894736842105,0.1724137931034483
476921,GGG,2013J,0.0,0.0,0.0
476937,CCC,2014B,0.35,0.3684210526315789,0.358974358974359
476964,DDD,2013B,0.2,0.10256410256410256,0.13559322033898302
477009,BBB,2013B,0.0,0.0,0.0
477011,BBB,2013B,0.0,0.0,0.0
477067,CCC,2014B,0.05,0.05555555555555555,0.052631578947368425
477099,CCC,2014J,0.3,0.21428571428571427,0.25
477120,DDD,2013J,0.05,0.03571428571428571,0.041666666666666664
477128,DDD,2013J,0.1,0.06896551724137931,0.08163265306122448
477161,DDD,2013J,0.1,0.13333333333333333,0.1142857142857143
477164,BBB,2013B,0.05,0.3333333333333333,0.08695652173913045
477167,BBB,2013B,0.0,0.0,0.0
477185,FFF,2013B,0.15,0.07894736842105263,0.10344827586206896
477348,DDD,2013J,0.05,0.021739130434782608,0.030303030303030304
477354,DDD,2014J,0.25,0.09615384615384616,0.1388888888888889
477412,DDD,2013J,0.05,0.030303030303030304,0.03773584905660378
477451,DDD,2013B,0.05,0.05,0.05000000000000001
477468,GGG,2013J,0.05,0.09090909090909091,0.06451612903225806
477517,DDD,2013B,0.15,0.13043478260869565,0.13953488372093023
477556,DDD,2014J,0.0,0.0,0.0
477588,FFF,2014B,0.05,0.05263157894736842,0.05128205128205128
477650,GGG,2013J,0.0,0.0,0.0
477734,BBB,2013B,0.0,0.0,0.0
477779,BBB,2014B,0.05,0.047619047619047616,0.04878048780487805
477812,FFF,2013B,0.15,0.07894736842105263,0.10344827586206896
477812,FFF,2014B,0.15,0.061224489795918366,0.08695652173913043
477825,BBB,2013J,0.0,0.0,0.0
477833,FFF,2014J,0.05,0.03571428571428571,0.041666666666666664
478069,BBB,2013J,0.0,0.0,0.0
478073,FFF,2014B,0.0,0.0,0.0
478212,CCC,2014B,0.0,0.0,0.0
478212,EEE,2013J,0.05,0.1,0.06666666666666667
478213,DDD,2013B,0.0,0.0,0.0
478238,DDD,2013J,0.15,0.046153846153846156,0.07058823529411765
478242,BBB,2014B,0.05,0.0625,0.05555555555555556
478244,DDD,2013J,0.05,0.023255813953488372,0.031746031746031744
478279,FFF,2013B,0.05,0.02631578947368421,0.034482758620689655
478317,BBB,2013B,0.05,0.14285714285714285,0.07407407407407408
478317,BBB,2014B,0.0,0.0,0.0
478332,FFF,2013J,0.0,0.0,0.0
478337,FFF,2013B,0.1,0.0625,0.07692307692307693
478346,CCC,2014J,0.0,0.0,0.0
478346,DDD,2013B,0.05,0.034482758620689655,0.04081632653061224
478412,BBB,2014J,0.1,0.10526315789473684,0.10256410256410256
478432,FFF,2013B,0.1,0.045454545454545456,0.06250000000000001
478444,BBB,2013B,0.0,0.0,0.0
478513,CCC,2014J,0.45,0.23076923076923078,0.3050847457627119
478517,DDD,2014J,0.0,0.0,0.0
478550,CCC,2014B,0.1,0.18181818181818182,0.12903225806451613
478550,EEE,2014B,0.05,0.5,0.09090909090909091
478556,GGG,2013J,0.1,0.14285714285714285,0.11764705882352941
478562,EEE,2013J,0.25,0.3125,0.2777777777777778
478660,FFF,2013B,0.1,0.05714285714285714,0.07272727272727272
478784,GGG,2013J,0.05,0.0625,0.05555555555555556
478791,EEE,2014B,0.1,0.5,0.16666666666666669
478792,BBB,2013B,0.0,0.0,0.0
478886,GGG,2014J,0.15,0.16666666666666666,0.15789473684210525
478967,BBB,2013J,0.05,0.08333333333333333,0.0625
479020,BBB,2013J,0.0,0.0,0.0
479057,FFF,2013B,0.0,0.0,0.0
479060,BBB,2013B,0.0,0.0,0.0
479061,FFF,2014B,0.15,0.09375,0.11538461538461538
479141,DDD,2013J,0.1,0.04878048780487805,0.06557377049180328
479170,BBB,2013J,0.05,0.0625,0.05555555555555556
479171,BBB,2013B,0.05,0.09090909090909091,0.06451612903225806
479305,BBB,2013J,0.25,0.2631578947368421,0.25641025641025644
479343,BBB,2013B,0.05,0.08333333333333333,0.0625
479356,FFF,2013B,0.05,0.03225806451612903,0.0392156862745098
479442,GGG,2013J,0.15,0.15,0.15
479457,DDD,2013J,0.2,0.06060606060606061,0.0930232558139535
479516,BBB,2013B,0.0,0.0,0.0
479519,BBB,2013B,0.0,0.0,0.0
479522,CCC,2014J,0.05,0.043478260869565216,0.046511627906976744
479553,DDD,2014J,0.15,0.08823529411764706,0.11111111111111112
479649,DDD,2014B,0.05,0.07142857142857142,0.058823529411764705
479738,BBB,2014B,0.0,0.0,0.0
479753,EEE,2013J,0.15,0.3,0.2
479764,FFF,2013B,0.2,0.10526315789473684,0.13793103448275862
479828,FFF,2013J,0.05,0.1,0.06666666666666667
479845,FFF,2013J,0.05,0.034482758620689655,0.04081632653061224
479848,DDD,2013J,0.0,0.0,0.0
479853,BBB,2013J,0.1,0.06666666666666667,0.08
479860,FFF,2013B,0.1,0.046511627906976744,0.06349206349206349
479922,FFF,2013B,0.1,0.04,0.05714285714285714
479939,FFF,2014J,0.2,0.07407407407407407,0.10810810810810811
479977,DDD,2013J,0.05,0.038461538461538464,0.043478260869565216
479987,EEE,2014J,0.05,0.07142857142857142,0.058823529411764705
480014,FFF,2013B,0.2,0.11428571428571428,0.14545454545454545
480086,GGG,2014B,0.05,0.14285714285714285,0.07407407407407408
480115,CCC,2014J,0.1,0.1111111111111111,0.10526315789473685
480115,EEE,2013J,0.05,0.1,0.06666666666666667
480181,FFF,2013B,0.0,0.0,0.0
480199,FFF,2013B,0.05,0.037037037037037035,0.0425531914893617
480207,DDD,2013B,0.25,0.11904761904761904,0.16129032258064516
480225,DDD,2013B,0.05,0.125,0.07142857142857144
480372,BBB,2014B,0.05,0.3333333333333333,0.08695652173913045
480382,BBB,2013B,0.05,0.5,0.09090909090909091
480458,BBB,2013B,0.0,0.0,0.0
480507,BBB,2013B,0.0,0.0,0.0
480554,BBB,2013B,0.0,0.0,0.0
480579,EEE,2014J,0.1,0.15384615384615385,0.12121212121212123
480590,GGG,2014B,0.05,0.125,0.07142857142857144
480650,BBB,2013B,0.05,0.06666666666666667,0.05714285714285715
480716,DDD,2013J,0.05,0.02702702702702703,0.03508771929824561
480815,BBB,2013B,0.0,0.0,0.0
480888,BBB,2013J,0.05,0.047619047619047616,0.04878048780487805
480929,CCC,2014B,0.2,0.19047619047619047,0.1951219512195122
480929,DDD,2013B,0.15,0.07692307692307693,0.1016949152542373
480937,FFF,2013B,0.1,0.07407407407407407,0.0851063829787234
480938,DDD,2013J,0.2,0.10810810810810811,0.14035087719298245
480943,CCC,2014B,0.05,0.16666666666666666,0.07692307692307691
480956,DDD,2014B,0.0,0.0,0.0
480959,GGG,2013J,0.15,0.2,0.17142857142857143
480960,FFF,2013B,0.05,0.02564102564102564,0.033898305084745756
480984,FFF,2013B,0.15,0.046153846153846156,0.07058823529411765
481010,BBB,2013B,0.0,0.0,0.0
481022,AAA,2014J,0.05,0.5,0.09090909090909091
481143,BBB,2013B,0.0,0.0,0.0
481150,BBB,2014B,0.05,0.1,0.06666666666666667
481169,CCC,2014J,0.1,0.25,0.14285714285714288
481210,FFF,2014B,0.0,0.0,0.0
481314,CCC,2014J,0.1,0.07692307692307693,0.08695652173913043
481314,FFF,2013J,0.1,0.03125,0.047619047619047616
481350,CCC,2014J,0.2,0.16666666666666666,0.1818181818181818
481350,DDD,2013B,0.25,0.08620689655172414,0.12820512820512822
481404,GGG,2013J,0.1,0.15384615384615385,0.12121212121212123
481453,FFF,2013B,0.05,0.041666666666666664,0.04545454545454545
481538,DDD,2013J,0.05,0.047619047619047616,0.04878048780487805
481549,DDD,2013B,0.0,0.0,0.0
481580,BBB,2013B,0.05,0.07692307692307693,0.060606060606060615
481593,BBB,2014J,0.15,0.08823529411764706,0.11111111111111112
481607,BBB,2013B,0.05,0.07142857142857142,0.058823529411764705
481618,EEE,2014B,0.05,0.25,0.08333333333333334
481667,DDD,2013J,0.25,0.14705882352941177,0.18518518518518517
481717,FFF,2014J,0.2,0.08695652173913043,0.12121212121212122
481762,GGG,2014B,0.2,0.4444444444444444,0.2758620689655173
481787,EEE,2014J,0.05,0.09090909090909091,0.06451612903225806
481790,BBB,2014J,0.05,0.125,0.07142857142857144
481863,DDD,2014B,0.1,0.044444444444444446,0.061538461538461535
481884,EEE,2014J,0.05,0.25,0.08333333333333334
482012,EEE,2013J,0.05,0.14285714285714285,0.07407407407407408
482030,EEE,2014J,0.25,0.4166666666666667,0.3125
482071,FFF,2013B,0.2,0.10256410256410256,0.13559322033898302
482083,DDD,2013J,0.15,0.075,0.1
482145,CCC,2014J,0.1,0.14285714285714285,0.11764705882352941
482173,DDD,2014J,0.05,0.02857142857142857,0.03636363636363636
482187,FFF,2013B,0.0,0.0,0.0
482280,CCC,2014B,0.45,0.2727272727272727,0.339622641509434
482356,BBB,2013J,0.0,0.0,0.0
482406,EEE,2013J,0.05,0.125,0.07142857142857144
482467,BBB,2013B,0.0,0.0,0.0
482513,FFF,2013B,0.05,0.045454545454545456,0.04761904761904762
482644,FFF,2014J,0.0,0.0,0.0
482677,GGG,2014B,0.15,0.17647058823529413,0.16216216216216214
482680,BBB,2013J,0.0,0.0,0.0
482710,BBB,2013B,0.05,0.125,0.07142857142857144
482726,EEE,2013J,0.05,0.1111111111111111,0.06896551724137932
482745,CCC,2014B,0.1,0.15384615384615385,0.12121212121212123
482766,BBB,2013B,0.0,0.0,0.0
482810,BBB,2013J,0.0,0.0,0.0
482843,FFF,2014B,0.1,0.03571428571428571,0.05263157894736841
482856,DDD,2013B,0.15,0.04838709677419355,0.07317073170731707
482868,DDD,2013J,0.05,0.047619047619047616,0.04878048780487805
483031,BBB,2014B,0.15,0.21428571428571427,0.1764705882352941
483037,FFF,2014J,0.15,0.07142857142857142,0.09677419354838708
483064,BBB,2013B,0.0,0.0,0.0
483074,BBB,2013B,0.05,0.25,0.08333333333333334
483108,CCC,2014J,0.0,0.0,0.0
483108,EEE,2013J,0.25,0.45454545454545453,0.3225806451612903
483109,BBB,2013B,0.05,0.09090909090909091,0.06451612903225806
483131,EEE,2014J,0.2,0.26666666666666666,0.2285714285714286
483136,DDD,2014J,0.05,0.029411764705882353,0.03703703703703704
483149,DDD,2014J,0.15,0.06976744186046512,0.09523809523809525
483200,DDD,2014J,0.0,0.0,0.0
483243,BBB,2013B,0.0,0.0,0.0
483275,CCC,2014B,0.0,0.0,0.0
483275,DDD,2013B,0.0,0.0,0.0
483315,BBB,2014J,0.0,0.0,0.0
483362,DDD,2013J,0.05,0.03125,0.038461538461538464
483371,BBB,2013B,0.0,0.0,0.0
483389,FFF,2014B,0.15,0.08108108108108109,0.10526315789473685
483411,BBB,2013B,0.0,0.0,0.0
483468,BBB,2014B,0.1,0.14285714285714285,0.11764705882352941
483485,BBB,2014B,0.0,0.0,0.0
483508,BBB,2014J,0.05,0.05,0.05000000000000001
483543,CCC,2014J,0.1,0.1,0.10000000000000002
483620,FFF,2013B,0.15,0.05454545454545454,0.08
483626,FFF,2013J,0.0,0.0,0.0
483646,BBB,2013J,0.05,0.125,0.07142857142857144
483706,EEE,2013J,0.05,0.1111111111111111,0.06896551724137932
483744,BBB,2013J,0.05,0.3333333333333333,0.08695652173913045
483800,AAA,2014J,0.1,0.18181818181818182,0.12903225806451613
483818,DDD,2013B,0.15,0.06818181818181818,0.09374999999999999
483858,CCC,2014J,0.0,0.0,0.0
483858,EEE,2014J,0.25,0.2777777777777778,0.2631578947368421
483872,FFF,2013B,0.15,0.09375,0.11538461538461538
483876,BBB,2013J,0.05,0.1,0.06666666666666667
483934,DDD,2013J,0.0,0.0,0.0
483952,BBB,2013B,0.05,0.07692307692307693,0.060606060606060615
483959,GGG,2013J,0.05,0.14285714285714285,0.07407407407407408
483975,FFF,2014B,0.0,0.0,0.0
483997,FFF,2013B,0.1,0.06060606060606061,0.07547169811320756
484010,FFF,2014J,0.1,0.16666666666666666,0.125
484075,FFF,2014B,0.2,0.0975609756097561,0.13114754098360656
484130,DDD,2014J,0.05,0.25,0.08333333333333334
484135,BBB,2013J,0.0,0.0,0.0
484174,CCC,2014B,0.0,0.0,0.0
484213,DDD,2014B,0.0,0.0,0.0
484223,CCC,2014J,0.2,0.2,0.20000000000000004
484223,FFF,2014B,0.05,0.02631578947368421,0.034482758620689655
484252,BBB,2014J,0.1,0.3333333333333333,0.15384615384615383
484301,BBB,2013J,0.05,0.08333333333333333,0.0625
484412,BBB,2013J,0.05,0.058823529411764705,0.05405405405405405
484423,DDD,2013J,0.0,0.0,0.0
484435,CCC,2014J,0.0,0.0,0.0
484436,DDD,2013J,0.05,0.041666666666666664,0.04545454545454545
484458,FFF,2013B,0.05,0.06666666666666667,0.05714285714285715
484464,CCC,2014B,0.2,0.23529411764705882,0.2162162162162162
484490,BBB,2014J,0.1,0.10526315789473684,0.10256410256410256
484556,FFF,2013B,0.0,0.0,0.0
484594,FFF,2014J,0.1,0.06896551724137931,0.08163265306122448
484762,DDD,2014B,0.2,0.08888888888888889,0.12307692307692307
484768,BBB,2013B,0.0,0.0,0.0
484780,FFF,2013B,0.1,0.09090909090909091,0.09523809523809525
484790,FFF,2013B,0.1,0.07142857142857142,0.08333333333333333
484816,DDD,2013B,0.0,0.0,0.0
484885,BBB,2013B,0.15,0.08571428571428572,0.10909090909090909
484897,AAA,2014J,0.0,0.0,0.0
484933,BBB,2013B,0.0,0.0,0.0
484947,FFF,2013B,0.05,0.020833333333333332,0.029411764705882353
484983,BBB,2014B,0.0,0.0,0.0
485006,BBB,2013J,0.05,0.05,0.05000000000000001
485180,BBB,2014B,0.05,0.07692307692307693,0.060606060606060615
485195,DDD,2013J,0.15,0.1111111111111111,0.12765957446808512
485228,FFF,2014J,0.1,0.06896551724137931,0.08163265306122448
485262,BBB,2014B,0.0,0.0,0.0
485282,DDD,2014J,0.0,0.0,0.0
485312,CCC,2014B,0.3,0.21428571428571427,0.25
485312,FFF,2014B,0.1,0.05555555555555555,0.07142857142857142
485374,CCC,2014B,0.2,0.12903225806451613,0.1568627450980392
485374,EEE,2013J,0.35,0.4117647058823529,0.37837837837837834
485399,BBB,2013B,0.0,0.0,0.0
485421,DDD,2014J,0.05,0.14285714285714285,0.07407407407407408
485448,GGG,2014B,0.2,0.3076923076923077,0.24242424242424246
485464,DDD,2013B,0.0,0.0,0.0
485506,DDD,2013J,0.0,0.0,0.0
485519,DDD,2013J,0.1,0.07142857142857142,0.08333333333333333
485528,FFF,2013B,0.1,0.05405405405405406,0.07017543859649122
485534,BBB,2013J,0.0,0.0,0.0
485544,FFF,2013B,0.0,0.0,0.0
485582,EEE,2013J,0.15,0.23076923076923078,0.18181818181818185
485594,DDD,2013J,0.1,0.08333333333333333,0.0909090909090909
485604,CCC,2014B,0.4,0.18604651162790697,0.25396825396825395
485630,BBB,2013B,0.05,0.09090909090909091,0.06451612903225806
485671,FFF,2013J,0.2,0.06557377049180328,0.09876543209876544
485675,BBB,2014B,0.0,0.0,0.0
485734,DDD,2013J,0.15,0.06382978723404255,0.08955223880597013
485762,BBB,2013J,0.15,0.14285714285714285,0.14634146341463414
485766,DDD,2013B,0.1,0.047619047619047616,0.06451612903225806
485768,FFF,2013B,0.05,0.047619047619047616,0.04878048780487805
485772,BBB,2013J,0.0,0.0,0.0
485780,FFF,2014B,0.0,0.0,0.0
485791,DDD,2013J,0.15,0.08823529411764706,0.11111111111111112
485885,FFF,2013J,0.1,0.05,0.06666666666666667
485898,EEE,2013J,0.15,0.3333333333333333,0.20689655172413793
485909,EEE,2013J,0.05,0.2,0.08000000000000002
485920,CCC,2014J,0.0,0.0,0.0
485920,EEE,2014B,0.05,0.1,0.06666666666666667
485962,AAA,2014J,0.0,0.0,0.0
485980,BBB,2014B,0.05,0.045454545454545456,0.04761904761904762
486004,BBB,2013J,0.05,0.07142857142857142,0.058823529411764705
486007,FFF,2013B,0.05,0.038461538461538464,0.043478260869565216
486022,DDD,2014B,0.0,0.0,0.0
486087,FFF,2014J,0.1,0.07142857142857142,0.08333333333333333
486099,BBB,2013B,0.0,0.0,0.0
486279,GGG,2014B,0.1,0.18181818181818182,0.12903225806451613
486287,DDD,2014J,0.1,0.04878048780487805,0.06557377049180328
486391,BBB,2013B,0.0,0.0,0.0
486457,BBB,2013J,0.0,0.0,0.0
486511,FFF,2013J,0.15,0.05660377358490566,0.0821917808219178
486516,BBB,2014J,0.05,0.08333333333333333,0.0625
486521,BBB,2013B,0.0,0.0,0.0
486533,DDD,2013J,0.1,0.03389830508474576,0.05063291139240507
486545,EEE,2013J,0.35,0.2692307692307692,0.3043478260869565
486551,FFF,2013J,0.0,0.0,0.0
486656,BBB,2013B,0.0,0.0,0.0
486836,EEE,2014B,0.2,0.4,0.26666666666666666
486877,DDD,2013J,0.05,0.05263157894736842,0.05128205128205128
486890,DDD,2013J,0.05,0.047619047619047616,0.04878048780487805
486964,FFF,2014J,0.0,0.0,0.0
486994,BBB,2014B,0.0,0.0,0.0
487002,BBB,2014B,0.2,0.3076923076923077,0.24242424242424246
487168,FFF,2013B,0.05,0.047619047619047616,0.04878048780487805
487168,FFF,2014B,0.05,0.07142857142857142,0.058823529411764705
487214,BBB,2013J,0.1,0.25,0.14285714285714288
487239,EEE,2014B,0.2,0.4444444444444444,0.2758620689655173
487278,GGG,2014B,0.25,0.38461538461538464,0.30303030303030304
487293,DDD,2013J,0.1,0.08695652173913043,0.09302325581395349
487314,CCC,2014J,0.35,0.18421052631578946,0.24137931034482757
487314,FFF,2014B,0.1,0.07692307692307693,0.08695652173913043
487329,BBB,2013B,0.1,0.13333333333333333,0.1142857142857143
487371,BBB,2013J,0.0,0.0,0.0
487543,BBB,2014B,0.0,0.0,0.0
487556,DDD,2014J,0.05,0.08333333333333333,0.0625
487588,EEE,2013J,0.15,0.3,0.2
487607,DDD,2014J,0.0,0.0,0.0
487621,EEE,2013J,0.15,0.3,0.2
487629,CCC,2014B,0.15,0.13636363636363635,0.14285714285714282
487636,FFF,2013B,0.05,0.08333333333333333,0.0625
487646,BBB,2013B,0.0,0.0,0.0
487681,BBB,2013J,0.1,0.1111111111111111,0.10526315789473685
487711,DDD,2013B,0.35,0.1076923076923077,0.16470588235294117
488195,BBB,2013J,0.1,0.13333333333333333,0.1142857142857143
488386,FFF,2014B,0.1,0.046511627906976744,0.06349206349206349
488394,FFF,2013J,0.15,0.03333333333333333,0.05454545454545455
488427,BBB,2013J,0.05,0.05263157894736842,0.05128205128205128
488431,CCC,2014B,0.45,0.21428571428571427,0.29032258064516125
488445,GGG,2014B,0.05,0.1,0.06666666666666667
488524,FFF,2014B,0.15,0.04,0.06315789473684211
488525,FFF,2014J,0.05,0.058823529411764705,0.05405405405405405
488575,DDD,2014J,0.0,0.0,0.0
488675,FFF,2013B,0.1,0.0425531914893617,0.05970149253731343
488680,DDD,2013J,0.1,0.05128205128205128,0.06779661016949151
488863,BBB,2013B,0.0,0.0,0.0
488941,DDD,2014J,0.1,0.0625,0.07692307692307693
488968,FFF,2013B,0.2,0.0547945205479452,0.08602150537634408
488990,AAA,2014J,0.0,0.0,0.0
489087,FFF,2013J,0.1,0.03076923076923077,0.04705882352941177
489137,FFF,2014B,0.1,0.058823529411764705,0.07407407407407408
489146,FFF,2013J,0.0,0.0,0.0
489209,DDD,2013J,0.1,0.08695652173913043,0.09302325581395349
489222,GGG,2013J,0.2,0.21052631578947367,0.20512820512820512
489251,BBB,2013B,0.05,0.16666666666666666,0.07692307692307691
489320,BBB,2013J,0.0,0.0,0.0
489410,DDD,2013J,0.0,0.0,0.0
489443,FFF,2013B,0.0,0.0,0.0
489455,AAA,2013J,0.1,0.09090909090909091,0.09523809523809525
489507,DDD,2014B,0.05,0.045454545454545456,0.04761904761904762
489553,FFF,2014J,0.0,0.0,0.0
489560,FFF,2013J,0.1,0.125,0.11111111111111112
489624,GGG,2013J,0.15,0.15789473684210525,0.15384615384615385
489889,BBB,2013J,0.0,0.0,0.0
489929,CCC,2014B,0.15,0.14285714285714285,0.14634146341463414
489990,DDD,2013J,0.0,0.0,0.0
490024,CCC,2014B,0.15,0.2,0.17142857142857143
490081,CCC,2014B,0.05,0.05555555555555555,0.052631578947368425
490081,EEE,2013J,0.0,0.0,0.0
490082,FFF,2013B,0.2,0.0975609756097561,0.13114754098360656
490154,FFF,2014B,0.05,1.0,0.09523809523809523
490195,FFF,2013B,0.0,0.0,0.0
490282,CCC,2014B,0.05,0.125,0.07142857142857144
490284,FFF,2013B,0.0,0.0,0.0
490313,CCC,2014J,0.0,0.0,0.0
490391,BBB,2014B,0.1,0.11764705882352941,0.1081081081081081
490394,CCC,2014J,0.05,0.25,0.08333333333333334
490449,FFF,2013J,0.2,0.07272727272727272,0.10666666666666667
490505,FFF,2013J,0.1,0.07142857142857142,0.08333333333333333
490514,BBB,2013B,0.0,0.0,0.0
490629,DDD,2014J,0.0,0.0,0.0
490677,BBB,2013J,0.0,0.0,0.0
490768,EEE,2013J,0.1,0.2,0.13333333333333333
490769,CCC,2014B,0.0,0.0,0.0
490894,BBB,2013J,0.0,0.0,0.0
491004,FFF,2013B,0.0,0.0,0.0
491011,FFF,2014B,0.15,0.15,0.15
491036,DDD,2014B,0.0,0.0,0.0
491081,DDD,2013J,0.05,0.025,0.03333333333333333
491106,DDD,2013B,0.0,0.0,0.0
491108,DDD,2013B,0.0,0.0,0.0
491126,FFF,2014J,0.3,0.12244897959183673,0.17391304347826086
491170,EEE,2014J,0.4,0.4,0.4000000000000001
491279,BBB,2013J,0.2,0.15384615384615385,0.17391304347826086
491387,BBB,2014J,0.1,0.08695652173913043,0.09302325581395349
491578,EEE,2013J,0.2,0.36363636363636365,0.25806451612903225
491606,FFF,2013J,0.15,0.046875,0.07142857142857142
491636,FFF,2013B,0.15,0.05,0.075
491664,EEE,2014J,0.05,0.5,0.09090909090909091
491756,FFF,2013J,0.0,0.0,0.0
491756,FFF,2014J,0.05,0.07692307692307693,0.060606060606060615
491771,EEE,2013J,0.15,0.21428571428571427,0.1764705882352941
491863,FFF,2014J,0.05,0.045454545454545456,0.04761904761904762
491914,DDD,2013B,0.1,0.09090909090909091,0.09523809523809525
491926,DDD,2013J,0.25,0.0847457627118644,0.12658227848101267
491966,BBB,2013J,0.0,0.0,0.0
492024,FFF,2014J,0.25,0.13157894736842105,0.1724137931034483
492088,FFF,2014B,0.15,0.04918032786885246,0.07407407407407407
492095,DDD,2014B,0.25,0.10869565217391304,0.15151515151515152
492153,BBB,2013J,0.1,0.11764705882352941,0.1081081081081081
492182,BBB,2013B,0.0,0.0,0.0
492240,BBB,2013B,0.05,0.08333333333333333,0.0625
492247,BBB,2013J,0.05,0.14285714285714285,0.07407407407407408
492286,BBB,2013J,0.0,0.0,0.0
492357,CCC,2014J,0.0,0.0,0.0
492371,DDD,2013B,0.0,0.0,0.0
492403,EEE,2014B,0.05,0.1111111111111111,0.06896551724137932
492480,DDD,2014J,0.0,0.0,0.0
492496,DDD,2014J,0.1,0.046511627906976744,0.06349206349206349
492537,DDD,2014B,0.0,0.0,0.0
492557,FFF,2013J,0.0,0.0,0.0
492592,BBB,2014J,0.05,0.05,0.05000000000000001
492613,DDD,2013B,0.1,0.05128205128205128,0.06779661016949151
492635,DDD,2013J,0.05,0.034482758620689655,0.04081632653061224
492676,BBB,2014J,0.0,0.0,0.0
492726,BBB,2013J,0.0,0.0,0.0
492740,DDD,2013J,0.05,0.02857142857142857,0.03636363636363636
492851,FFF,2013J,0.0,0.0,0.0
492900,CCC,2014B,0.15,0.3333333333333333,0.20689655172413793
492909,GGG,2014B,0.05,0.1111111111111111,0.06896551724137932
492928,BBB,2014B,0.05,0.3333333333333333,0.08695652173913045
492946,BBB,2013B,0.05,0.25,0.08333333333333334
492979,BBB,2014J,0.15,0.6,0.24
493186,BBB,2013B,0.0,0.0,0.0
493207,DDD,2014J,0.05,0.07142857142857142,0.058823529411764705
493404,DDD,2013J,0.0,0.0,0.0
493416,CCC,2014J,0.05,0.06666666666666667,0.05714285714285715
493443,BBB,2014J,0.05,0.07142857142857142,0.058823529411764705
493453,BBB,2013J,0.0,0.0,0.0
493460,BBB,2014J,0.1,0.08333333333333333,0.0909090909090909
493465,BBB,2013J,0.0,0.0,0.0
493515,BBB,2013B,0.1,0.13333333333333333,0.1142857142857143
493539,FFF,2013J,0.0,0.0,0.0
493559,BBB,2014B,0.0,0.0,0.0
493760,FFF,2014B,0.05,0.034482758620689655,0.04081632653061224
493763,GGG,2013J,0.1,0.1111111111111111,0.10526315789473685
493773,BBB,2013B,0.0,0.0,0.0
493793,FFF,2014J,0.05,0.043478260869565216,0.046511627906976744
493876,DDD,2014J,0.0,0.0,0.0
493876,EEE,2013J,0.15,0.3333333333333333,0.20689655172413793
493912,BBB,2013B,0.05,0.058823529411764705,0.05405405405405405
493958,BBB,2013B,0.05,0.125,0.07142857142857144
493988,EEE,2013J,0.25,0.45454545454545453,0.3225806451612903
494046,FFF,2014J,0.05,0.05555555555555555,0.052631578947368425
494095,BBB,2013B,0.0,0.0,0.0
494165,FFF,2013B,0.0,0.0,0.0
494184,FFF,2014J,0.2,0.13333333333333333,0.16
494211,CCC,2014J,0.0,0.0,0.0
494211,EEE,2013J,0.0,0.0,0.0
494212,GGG,2013J,0.1,0.18181818181818182,0.12903225806451613
494214,BBB,2013J,0.05,0.045454545454545456,0.04761904761904762
494270,EEE,2014J,0.3,0.5454545454545454,0.3870967741935483
494278,BBB,2013B,0.05,0.05555555555555555,0.052631578947368425
494340,FFF,2013B,0.05,0.03571428571428571,0.041666666666666664
494341,DDD,2013B,0.05,0.024390243902439025,0.03278688524590164
494427,EEE,2014B,0.0,0.0,0.0
494433,FFF,2014B,0.0,0.0,0.0
494443,FFF,2013B,0.15,0.08333333333333333,0.10714285714285714
494471,BBB,2013J,0.0,0.0,0.0
494495,FFF,2013J,0.1,0.05405405405405406,0.07017543859649122
494622,FFF,2013B,0.1,0.046511627906976744,0.06349206349206349
494637,DDD,2013B,0.15,0.09090909090909091,0.11320754716981132
494667,DDD,2013J,0.05,0.022222222222222223,0.030769230769230767
494722,DDD,2013J,0.05,0.25,0.08333333333333334
494786,BBB,2013B,0.05,0.1,0.06666666666666667
494789,BBB,2013J,0.05,0.05555555555555555,0.052631578947368425
494818,FFF,2014B,0.1,0.125,0.11111111111111112
494896,BBB,2014B,0.1,0.06666666666666667,0.08
494919,CCC,2014B,0.05,0.125,0.07142857142857144
494919,DDD,2013B,0.0,0.0,0.0
494960,BBB,2013J,0.05,0.06666666666666667,0.05714285714285715
495035,BBB,2013J,0.05,0.125,0.07142857142857144
495239,BBB,2014J,0.05,0.125,0.07142857142857144
495276,GGG,2013J,0.0,0.0,0.0
495284,AAA,2013J,0.1,0.16666666666666666,0.125
495320,CCC,2014B,0.3,0.1935483870967742,0.23529411764705882
495429,EEE,2014J,0.05,0.08333333333333333,0.0625
495438,CCC,2014J,0.1,0.2,0.13333333333333333
495449,BBB,2013J,0.05,0.09090909090909091,0.06451612903225806
495489,BBB,2014J,0.0,0.0,0.0
495493,DDD,2014J,0.2,0.2,0.20000000000000004
495509,BBB,2013J,0.0,0.0,0.0
495615,DDD,2014J,0.15,0.15,0.15
495621,FFF,2013B,0.0,0.0,0.0
495625,BBB,2013J,0.05,0.06666666666666667,0.05714285714285715
495734,DDD,2013B,0.1,0.08,0.08888888888888889
495856,BBB,2013B,0.1,0.125,0.11111111111111112
495879,BBB,2013J,0.0,0.0,0.0
495881,DDD,2014J,0.25,0.1388888888888889,0.17857142857142858
495887,EEE,2013J,0.05,1.0,0.09523809523809523
495903,DDD,2014J,0.0,0.0,0.0
495913,BBB,2013J,0.05,0.09090909090909091,0.06451612903225806
495948,FFF,2013J,0.0,0.0,0.0
495976,GGG,2014B,0.3,0.2608695652173913,0.27906976744186046
496041,BBB,2013B,0.0,0.0,0.0
496070,BBB,2013B,0.05,0.05263157894736842,0.05128205128205128
496108,EEE,2014B,0.15,0.5,0.23076923076923075
496154,DDD,2014J,0.05,0.1111111111111111,0.06896551724137932
496220,BBB,2013B,0.1,0.11764705882352941,0.1081081081081081
496334,BBB,2013J,0.0,0.0,0.0
496355,CCC,2014J,0.1,0.25,0.14285714285714288
496381,BBB,2014J,0.0,0.0,0.0
496442,BBB,2013J,0.05,0.14285714285714285,0.07407407407407408
496470,FFF,2013B,0.15,0.1,0.12
496491,FFF,2013B,0.15,0.08108108108108109,0.10526315789473685
496564,DDD,2013B,0.05,0.06666666666666667,0.05714285714285715
496590,FFF,2014B,0.0,0.0,0.0
496601,DDD,2013B,0.1,0.0625,0.07692307692307693
496671,FFF,2013B,0.0,0.0,0.0
496764,BBB,2013J,0.0,0.0,0.0
496801,FFF,2013J,0.05,0.1111111111111111,0.06896551724137932
496845,CCC,2014J,0.35,0.17073170731707318,0.22950819672131145
496916,DDD,2014J,0.05,0.047619047619047616,0.04878048780487805
496978,GGG,2014B,0.1,0.2222222222222222,0.13793103448275865
497074,BBB,2014J,0.05,0.05555555555555555,0.052631578947368425
497074,GGG,2013J,0.3,0.3333333333333333,0.3157894736842105
497080,CCC,2014B,0.0,0.0,0.0
497084,BBB,2014J,0.2,0.25,0.22222222222222224
497088,BBB,2013B,0.0,0.0,0.0
497102,FFF,2013B,0.05,0.06666666666666667,0.05714285714285715
497130,BBB,2013J,0.25,0.11904761904761904,0.16129032258064516
497180,FFF,2013B,0.05,0.07692307692307693,0.060606060606060615
497190,GGG,2013J,0.05,0.1,0.06666666666666667
497211,FFF,2013B,0.1,0.09523809523809523,0.0975609756097561
497226,FFF,2013B,0.1,0.125,0.11111111111111112
497278,GGG,2013J,0.15,0.17647058823529413,0.16216216216216214
497280,BBB,2013B,0.0,0.0,0.0
497410,FFF,2013B,0.05,0.02702702702702703,0.03508771929824561
497415,FFF,2014J,0.15,0.09375,0.11538461538461538
497468,BBB,2013B,0.05,0.25,0.08333333333333334
497580,EEE,2014B,0.05,0.14285714285714285,0.07407407407407408
497590,DDD,2013J,0.0,0.0,0.0
497632,BBB,2013J,0.2,0.13333333333333333,0.16
497793,BBB,2013B,0.0,0.0,0.0
497897,FFF,2013B,0.0,0.0,0.0
497994,DDD,2013J,0.0,0.0,0.0
498006,FFF,2014B,0.15,0.07692307692307693,0.1016949152542373
498031,FFF,2013J,0.05,0.03225806451612903,0.0392156862745098
498065,BBB,2013B,0.1,0.25,0.14285714285714288
498131,BBB,2013B,0.0,0.0,0.0
498138,CCC,2014B,0.0,0.0,0.0
498175,BBB,2013B,0.0,0.0,0.0
498236,CCC,2014J,0.05,0.05555555555555555,0.052631578947368425
498266,FFF,2014B,0.2,0.12903225806451613,0.1568627450980392
498269,FFF,2013B,0.1,0.0425531914893617,0.05970149253731343
498296,BBB,2013B,0.1,0.1,0.10000000000000002
498320,DDD,2013B,0.0,0.0,0.0
498363,DDD,2013B,0.0,0.0,0.0
498363,DDD,2014B,0.0,0.0,0.0
498442,FFF,2014J,0.15,0.075,0.1
498459,CCC,2014J,0.35,0.2413793103448276,0.2857142857142857
498527,DDD,2013B,0.1,0.13333333333333333,0.1142857142857143
498543,BBB,2013J,0.0,0.0,0.0
498554,FFF,2013B,0.45,0.11538461538461539,0.1836734693877551
498578,FFF,2013B,0.05,0.038461538461538464,0.043478260869565216
498635,BBB,2013J,0.05,0.0625,0.05555555555555556
498741,CCC,2014B,0.1,0.2857142857142857,0.14814814814814817
498755,BBB,2013J,0.0,0.0,0.0
498793,DDD,2014B,0.0,0.0,0.0
498821,DDD,2013J,0.1,0.07692307692307693,0.08695652173913043
498828,CCC,2014J,0.1,0.16666666666666666,0.125
498828,FFF,2014B,0.15,0.11538461538461539,0.13043478260869565
498835,DDD,2013B,0.2,0.2,0.20000000000000004
498841,BBB,2013J,0.0,0.0,0.0
498841,BBB,2014J,0.1,0.09523809523809523,0.0975609756097561
498857,AAA,2013J,0.0,0.0,0.0
498967,BBB,2013B,0.0,0.0,0.0
498980,DDD,2014B,0.05,0.3333333333333333,0.08695652173913045
499006,GGG,2013J,0.0,0.0,0.0
499027,BBB,2013B,0.15,0.15,0.15
499056,DDD,2013B,0.2,0.10526315789473684,0.13793103448275862
499118,BBB,2013B,0.0,0.0,0.0
499187,GGG,2014J,0.3,0.25,0.2727272727272727
499246,DDD,2013B,0.0,0.0,0.0
499354,FFF,2013B,0.15,0.13636363636363635,0.14285714285714282
499372,FFF,2013B,0.05,0.125,0.07142857142857144
499380,BBB,2013B,0.05,0.09090909090909091,0.06451612903225806
499386,FFF,2013J,0.0,0.0,0.0
499387,BBB,2013B,0.15,0.21428571428571427,0.1764705882352941
499400,EEE,2013J,0.15,0.25,0.18749999999999997
499404,FFF,2014J,0.1,0.05263157894736842,0.06896551724137931
499420,CCC,2014J,0.0,0.0,0.0
499446,GGG,2013J,0.2,0.2222222222222222,0.2105263157894737
499483,BBB,2013B,0.05,0.2,0.08000000000000002
499511,BBB,2013B,0.05,0.14285714285714285,0.07407407407407408
499557,DDD,2013B,0.15,0.125,0.13636363636363635
499564,FFF,2013J,0.15,0.057692307692307696,0.08333333333333334
499703,CCC,2014J,0.1,0.08695652173913043,0.09302325581395349
499790,BBB,2014J,0.15,0.3,0.2
499813,CCC,2014J,0.25,0.18518518518518517,0.2127659574468085
499813,FFF,2014B,0.6,0.1111111111111111,0.18750000000000003
499819,BBB,2014J,0.1,0.1111111111111111,0.10526315789473685
499848,CCC,2014J,0.05,0.14285714285714285,0.07407407407407408
499881,EEE,2013J,0.05,0.2,0.08000000000000002
499891,BBB,2013B,0.0,0.0,0.0
499993,FFF,2013B,0.05,0.022727272727272728,0.03125000000000001
500006,CCC,2014B,0.05,0.25,0.08333333333333334
500006,DDD,2013B,0.0,0.0,0.0
500016,BBB,2013J,0.1,0.09523809523809523,0.0975609756097561
500068,FFF,2014J,0.05,0.045454545454545456,0.04761904761904762
500112,GGG,2013J,0.05,0.08333333333333333,0.0625
500113,AAA,2014J,0.05,0.09090909090909091,0.06451612903225806
500135,BBB,2013J,0.0,0.0,0.0
500136,DDD,2013B,0.15,0.12,0.1333333333333333
500189,CCC,2014J,0.05,0.07692307692307693,0.060606060606060615
500189,EEE,2013J,0.1,0.25,0.14285714285714288
500230,FFF,2013B,0.1,0.03076923076923077,0.04705882352941177
500283,DDD,2013J,0.05,0.1,0.06666666666666667
500459,DDD,2013B,0.15,0.11538461538461539,0.13043478260869565
500502,BBB,2014J,0.1,0.11764705882352941,0.1081081081081081
500507,BBB,2013B,0.0,0.0,0.0
500552,BBB,2013J,0.05,0.045454545454545456,0.04761904761904762
500581,DDD,2013J,0.1,0.045454545454545456,0.06250000000000001
500585,BBB,2013B,0.0,0.0,0.0
500597,CCC,2014B,0.1,0.11764705882352941,0.1081081081081081
500618,FFF,2014J,0.05,0.02631578947368421,0.034482758620689655
500652,FFF,2013B,0.05,0.05555555555555555,0.052631578947368425
500668,BBB,2013J,0.0,0.0,0.0
500707,DDD,2013J,0.0,0.0,0.0
500720,GGG,2013J,0.3,0.24,0.2666666666666666
500766,DDD,2013B,0.1,0.06666666666666667,0.08
500772,FFF,2013J,0.0,0.0,0.0
500779,EEE,2013J,0.2,0.3076923076923077,0.24242424242424246
500791,BBB,2013B,0.05,0.058823529411764705,0.05405405405405405
500815,BBB,2013B,0.05,0.09090909090909091,0.06451612903225806
500819,BBB,2013B,0.0,0.0,0.0
500836,BBB,2013B,0.0,0.0,0.0
500958,BBB,2013B,0.0,0.0,0.0
501095,BBB,2014B,0.0,0.0,0.0
501146,CCC,2014J,0.15,0.13636363636363635,0.14285714285714282
501158,DDD,2013B,0.05,0.034482758620689655,0.04081632653061224
501203,DDD,2013J,0.0,0.0,0.0
501208,BBB,2013J,0.0,0.0,0.0
501336,FFF,2013J,0.15,0.08108108108108109,0.10526315789473685
501421,FFF,2014B,0.05,0.09090909090909091,0.06451612903225806
501425,FFF,2013J,0.15,0.06666666666666667,0.09230769230769231
501432,BBB,2013B,0.15,0.17647058823529413,0.16216216216216214
501444,FFF,2014J,0.0,0.0,0.0
501487,DDD,2014B,0.1,0.08,0.08888888888888889
501488,DDD,2013J,0.0,0.0,0.0
501493,FFF,2013B,0.0,0.0,0.0
501550,BBB,2013B,0.0,0.0,0.0
501617,CCC,2014J,0.2,0.17391304347826086,0.18604651162790697
501637,BBB,2013J,0.05,0.05555555555555555,0.052631578947368425
501652,CCC,2014B,0.0,0.0,0.0
501755,GGG,2014B,0.15,0.2,0.17142857142857143
501867,CCC,2014J,0.0,0.0,0.0
501867,DDD,2013J,0.1,0.08,0.08888888888888889
501871,FFF,2013J,0.1,0.09090909090909091,0.09523809523809525
501879,BBB,2013B,0.05,0.0625,0.05555555555555556
501888,GGG,2014J,0.15,0.23076923076923078,0.18181818181818185
501921,EEE,2013J,0.25,0.3125,0.2777777777777778
501955,BBB,2013B,0.05,0.09090909090909091,0.06451612903225806
501960,DDD,2013B,0.1,0.05714285714285714,0.07272727272727272
502004,DDD,2014B,0.2,0.07407407407407407,0.10810810810810811
502004,EEE,2014J,0.3,0.42857142857142855,0.3529411764705882
502011,FFF,2014J,0.05,0.02857142857142857,0.03636363636363636
502057,DDD,2014B,0.1,0.046511627906976744,0.06349206349206349
502136,DDD,2013B,0.1,0.05714285714285714,0.07272727272727272
502161,DDD,2014B,0.05,0.05,0.05000000000000001
502182,GGG,2014B,0.2,0.25,0.22222222222222224
502207,DDD,2014B,0.0,0.0,0.0
502249,FFF,2013J,0.05,0.041666666666666664,0.04545454545454545
502356,CCC,2014J,0.15,0.13043478260869565,0.13953488372093023
502361,FFF,2013J,0.1,0.047619047619047616,0.06451612903225806
502393,EEE,2013J,0.2,0.3076923076923077,0.24242424242424246
502441,BBB,2013B,0.0,0.0,0.0
502465,CCC,2014B,0.35,0.28,0.3111111111111111
502466,DDD,2013J,0.05,0.2,0.08000000000000002
502470,DDD,2014J,0.15,0.10344827586206896,0.12244897959183673
502477,DDD,2013J,0.15,0.08333333333333333,0.10714285714285714
502501,FFF,2014B,0.2,0.05970149253731343,0.09195402298850575
502512,FFF,2013B,0.0,0.0,0.0
502517,FFF,2013J,0.15,0.07142857142857142,0.09677419354838708
502531,FFF,2013J,0.05,0.5,0.09090909090909091
502548,EEE,2014J,0.2,0.3076923076923077,0.24242424242424246
502554,CCC,2014B,0.25,0.15625,0.19230769230769232
502554,DDD,2013B,0.1,0.03636363636363636,0.05333333333333334
502604,BBB,2013B,0.05,0.09090909090909091,0.06451612903225806
502638,DDD,2013J,0.05,0.045454545454545456,0.04761904761904762
502694,BBB,2013B,0.0,0.0,0.0
502696,FFF,2013J,0.0,0.0,0.0
502697,DDD,2013B,0.1,0.09523809523809523,0.0975609756097561
502709,GGG,2014B,0.05,0.08333333333333333,0.0625
502717,BBB,2013B,0.3,0.10714285714285714,0.15789473684210525
502763,GGG,2014B,0.1,0.09523809523809523,0.0975609756097561
502766,CCC,2014J,0.15,0.23076923076923078,0.18181818181818185
502767,BBB,2014J,0.25,0.1724137931034483,0.20408163265306123
502868,CCC,2014B,0.2,0.19047619047619047,0.1951219512195122
502900,FFF,2013B,0.0,0.0,0.0
502929,CCC,2014B,0.0,0.0,0.0
502929,EEE,2014B,0.0,0.0,0.0
502993,FFF,2014B,0.0,0.0,0.0
503023,DDD,2013J,0.15,0.06818181818181818,0.09374999999999999
503086,DDD,2013B,0.15,0.061224489795918366,0.08695652173913043
503120,DDD,2013B,0.15,0.075,0.1
503154,FFF,2014B,0.1,0.06451612903225806,0.0784313725490196
503170,DDD,2013B,0.0,0.0,0.0
503183,FFF,2014B,0.05,0.045454545454545456,0.04761904761904762
503322,BBB,2013J,0.05,0.045454545454545456,0.04761904761904762
503352,FFF,2013J,0.05,0.030303030303030304,0.03773584905660378
503368,DDD,2013B,0.15,0.047619047619047616,0.07228915662650602
503390,BBB,2013B,0.0,0.0,0.0
503457,CCC,2014J,0.3,0.1875,0.23076923076923075
503469,CCC,2014B,0.05,0.3333333333333333,0.08695652173913045
503477,FFF,2013J,0.0,0.0,0.0
503491,BBB,2013B,0.0,0.0,0.0
503497,DDD,2013B,0.1,0.06666666666666667,0.08
503509,BBB,2013B,0.05,0.05555555555555555,0.052631578947368425
503516,BBB,2013J,0.0,0.0,0.0
503544,FFF,2013B,0.05,0.014084507042253521,0.02197802197802198
503610,CCC,2014J,0.0,0.0,0.0
503663,GGG,2013J,0.0,0.0,0.0
503668,FFF,2013B,0.0,0.0,0.0
503710,CCC,2014J,0.15,0.10714285714285714,0.125
503764,FFF,2013J,0.1,0.11764705882352941,0.1081081081081081
503779,CCC,2014J,0.2,0.125,0.15384615384615385
503783,DDD,2013J,0.1,0.16666666666666666,0.125
503804,BBB,2013J,0.05,0.06666666666666667,0.05714285714285715
503838,DDD,2013J,0.0,0.0,0.0
503872,EEE,2014B,0.1,0.4,0.16000000000000003
503878,BBB,2013B,0.05,0.3333333333333333,0.08695652173913045
503889,AAA,2014J,0.2,0.2,0.20000000000000004
503926,DDD,2013B,0.0,0.0,0.0
504013,BBB,2013J,0.05,0.25,0.08333333333333334
504022,BBB,2013J,0.05,0.16666666666666666,0.07692307692307691
504028,BBB,2013B,0.0,0.0,0.0
504062,EEE,2014B,0.2,0.36363636363636365,0.25806451612903225
504064,DDD,2014J,0.0,0.0,0.0
504076,FFF,2013J,0.2,0.08333333333333333,0.11764705882352941
504102,BBB,2013B,0.0,0.0,0.0
504105,FFF,2013J,0.1,0.05555555555555555,0.07142857142857142
504157,FFF,2013B,0.05,0.02631578947368421,0.034482758620689655
504162,FFF,2013B,0.1,0.1111111111111111,0.10526315789473685
504231,FFF,2013B,0.0,0.0,0.0
504234,DDD,2013J,0.05,0.03333333333333333,0.04
504243,FFF,2013B,0.0,0.0,0.0
504251,DDD,2014J,0.1,0.07692307692307693,0.08695652173913043
504321,FFF,2013J,0.2,0.1111111111111111,0.14285714285714285
504352,BBB,2014B,0.1,0.125,0.11111111111111112
504363,CCC,2014J,0.05,0.047619047619047616,0.04878048780487805
504404,EEE,2013J,0.0,0.0,0.0
504429,DDD,2013J,0.05,0.018867924528301886,0.027397260273972605
504466,BBB,2013J,0.05,0.038461538461538464,0.043478260869565216
504492,EEE,2013J,0.1,0.16666666666666666,0.125
504533,FFF,2013B,0.05,0.04,0.044444444444444446
504589,DDD,2014J,0.0,0.0,0.0
504597,BBB,2014J,0.05,0.05555555555555555,0.052631578947368425
504635,BBB,2013J,0.0,0.0,0.0
504652,EEE,2014B,0.25,0.3125,0.2777777777777778
504728,EEE,2014B,0.25,0.38461538461538464,0.30303030303030304
504737,FFF,2013B,0.05,0.03333333333333333,0.04
504819,DDD,2013B,0.05,0.021739130434782608,0.030303030303030304
504936,BBB,2013B,0.0,0.0,0.0
505017,FFF,2014B,0.0,0.0,0.0
505047,FFF,2013J,0.0,0.0,0.0
505108,CCC,2014J,0.15,0.15789473684210525,0.15384615384615385
505131,FFF,2014B,0.0,0.0,0.0
505151,BBB,2014B,0.0,0.0,0.0
505199,FFF,2013B,0.1,0.07142857142857142,0.08333333333333333
505216,GGG,2014J,0.3,0.35294117647058826,0.3243243243243243
505311,DDD,2013B,0.05,0.058823529411764705,0.05405405405405405
505315,FFF,2013B,0.05,0.125,0.07142857142857144
505376,BBB,2013B,0.05,0.1111111111111111,0.06896551724137932
505410,FFF,2013J,0.1,0.058823529411764705,0.07407407407407408
505413,BBB,2013J,0.05,0.045454545454545456,0.04761904761904762
505488,FFF,2013B,0.05,0.09090909090909091,0.06451612903225806
505508,FFF,2013B,0.2,0.06666666666666667,0.1
505561,DDD,2014B,0.0,0.0,0.0
505579,DDD,2013B,0.05,0.029411764705882353,0.03703703703703704
505606,BBB,2013B,0.0,0.0,0.0
505700,CCC,2014J,0.0,0.0,0.0
505700,EEE,2013J,0.25,0.2631578947368421,0.25641025641025644
505722,CCC,2014J,0.0,0.0,0.0
505722,EEE,2013J,0.2,0.36363636363636365,0.25806451612903225
505727,EEE,2013J,0.1,0.18181818181818182,0.12903225806451613
505754,GGG,2013J,0.0,0.0,0.0
505762,GGG,2014J,0.5,0.5555555555555556,0.5263157894736842
505767,CCC,2014B,0.0,0.0,0.0
505767,EEE,2014B,0.1,0.2857142857142857,0.14814814814814817
505773,FFF,2014J,0.35,0.0945945945945946,0.14893617021276595
505815,DDD,2014B,0.0,0.0,0.0
505854,DDD,2014B,0.05,0.14285714285714285,0.07407407407407408
505855,EEE,2014B,0.2,0.4444444444444444,0.2758620689655173
505856,DDD,2013J,0.1,0.04878048780487805,0.06557377049180328
505871,BBB,2014J,0.05,0.07142857142857142,0.058823529411764705
505878,BBB,2014J,0.0,0.0,0.0
505899,BBB,2014B,0.1,0.09523809523809523,0.0975609756097561
505930,CCC,2014J,0.0,0.0,0.0
505959,BBB,2013B,0.0,0.0,0.0
505961,BBB,2013B,0.0,0.0,0.0
506020,BBB,2014J,0.0,0.0,0.0
506038,FFF,2014B,0.05,0.034482758620689655,0.04081632653061224
506144,CCC,2014J,0.1,0.07692307692307693,0.08695652173913043
506185,BBB,2013J,0.05,0.14285714285714285,0.07407407407407408
506205,GGG,2014J,0.25,0.5,0.3333333333333333
506206,CCC,2014B,0.1,0.1111111111111111,0.10526315789473685
506219,BBB,2014J,0.15,0.13636363636363635,0.14285714285714282
506233,BBB,2013B,0.05,0.3333333333333333,0.08695652173913045
506309,FFF,2013J,0.05,0.058823529411764705,0.05405405405405405
506321,FFF,2013B,0.1,0.07692307692307693,0.08695652173913043
506360,BBB,2013B,0.0,0.0,0.0
506412,FFF,2013B,0.0,0.0,0.0
506504,EEE,2013J,0.15,0.25,0.18749999999999997
506533,GGG,2014B,0.35,0.4375,0.38888888888888884
506543,CCC,2014J,0.3,0.18181818181818182,0.22641509433962265
506550,FFF,2013J,0.05,0.05263157894736842,0.05128205128205128
506582,DDD,2013J,0.2,0.07692307692307693,0.1111111111111111
506622,BBB,2014B,0.05,0.08333333333333333,0.0625
506650,BBB,2013B,0.0,0.0,0.0
506650,BBB,2014B,0.0,0.0,0.0
506679,GGG,2013J,0.05,0.08333333333333333,0.0625
506705,CCC,2014J,0.0,0.0,0.0
506705,FFF,2014J,0.1,0.04878048780487805,0.06557377049180328
506753,BBB,2013B,0.05,0.1,0.06666666666666667
506767,DDD,2013B,0.05,0.08333333333333333,0.0625
506785,DDD,2013B,0.0,0.0,0.0
506804,BBB,2013J,0.2,0.11428571428571428,0.14545454545454545
506829,DDD,2013J,0.15,0.075,0.1
506930,FFF,2013B,0.0,0.0,0.0
507010,FFF,2013J,0.0,0.0,0.0
507014,BBB,2014J,0.0,0.0,0.0
507016,BBB,2013J,0.0,0.0,0.0
507034,CCC,2014B,0.1,0.06666666666666667,0.08
507034,FFF,2013B,0.2,0.10810810810810811,0.14035087719298245
507113,DDD,2013J,0.05,0.025,0.03333333333333333
507149,BBB,2014J,0.2,0.14814814814814814,0.1702127659574468
507279,BBB,2013J,0.0,0.0,0.0
507285,DDD,2013J,0.0,0.0,0.0
507334,GGG,2014B,0.05,0.08333333333333333,0.0625
507344,CCC,2014J,0.05,0.14285714285714285,0.07407407407407408
507344,DDD,2013J,0.1,0.07692307692307693,0.08695652173913043
507359,BBB,2013B,0.05,0.5,0.09090909090909091
507375,EEE,2013J,0.0,0.0,0.0
507478,DDD,2014J,0.0,0.0,0.0
507523,CCC,2014B,0.0,0.0,0.0
507743,FFF,2014J,0.2,0.09302325581395349,0.12698412698412698
507783,BBB,2014J,0.15,0.10714285714285714,0.125
507817,BBB,2013B,0.0,0.0,0.0
507844,EEE,2013J,0.15,0.2,0.17142857142857143
507935,FFF,2014J,0.1,0.046511627906976744,0.06349206349206349
507941,FFF,2013J,0.0,0.0,0.0
508025,DDD,2013J,0.0,0.0,0.0
508028,BBB,2013J,0.05,0.0625,0.05555555555555556
508068,FFF,2013B,0.2,0.08,0.11428571428571428
508079,BBB,2013J,0.0,0.0,0.0
508100,BBB,2014B,0.1,0.14285714285714285,0.11764705882352941
508210,FFF,2013J,0.0,0.0,0.0
508244,EEE,2013J,0.0,0.0,0.0
508246,DDD,2013J,0.05,0.06666666666666667,0.05714285714285715
508274,FFF,2013J,0.1,0.04878048780487805,0.06557377049180328
508295,FFF,2013J,0.0,0.0,0.0
508326,FFF,2013J,0.05,0.04,0.044444444444444446
508388,FFF,2013J,0.1,0.06666666666666667,0.08
508400,BBB,2014B,0.05,0.05263157894736842,0.05128205128205128
508452,BBB,2013B,0.1,0.07142857142857142,0.08333333333333333
508470,BBB,2014B,0.05,0.038461538461538464,0.043478260869565216
508537,BBB,2013B,0.05,0.07142857142857142,0.058823529411764705
508572,FFF,2013B,0.0,0.0,0.0
508573,GGG,2014B,0.15,0.21428571428571427,0.1764705882352941
508594,DDD,2014B,0.0,0.0,0.0
508615,DDD,2014J,0.0,0.0,0.0
508626,FFF,2014J,0.0,0.0,0.0
508627,FFF,2013J,0.0,0.0,0.0
508637,CCC,2014J,0.3,0.2222222222222222,0.25531914893617025
508637,DDD,2013J,0.05,0.02702702702702703,0.03508771929824561
508662,BBB,2013B,0.05,0.06666666666666667,0.05714285714285715
508759,BBB,2013J,0.0,0.0,0.0
508804,FFF,2013J,0.15,0.06976744186046512,0.09523809523809525
508818,AAA,2013J,0.0,0.0,0.0
508829,EEE,2013J,0.0,0.0,0.0
508830,FFF,2013B,0.0,0.0,0.0
508859,DDD,2014J,0.2,0.0851063829787234,0.11940298507462686
508924,GGG,2014B,0.2,0.21052631578947367,0.20512820512820512
508934,DDD,2013B,0.1,0.06060606060606061,0.07547169811320756
508940,BBB,2014B,0.05,0.08333333333333333,0.0625
508942,FFF,2013J,0.0,0.0,0.0
509029,CCC,2014B,0.15,0.2727272727272727,0.19354838709677416
509034,GGG,2013J,0.2,0.17391304347826086,0.18604651162790697
509102,CCC,2014B,0.15,0.16666666666666666,0.15789473684210525
509102,DDD,2013J,0.15,0.06976744186046512,0.09523809523809525
509150,CCC,2014J,0.4,0.12698412698412698,0.19277108433734938
509183,CCC,2014B,0.05,0.1,0.06666666666666667
509226,BBB,2013B,0.2,0.36363636363636365,0.25806451612903225
509277,GGG,2013J,0.1,0.16666666666666666,0.125
509279,DDD,2013J,0.1,0.07407407407407407,0.0851063829787234
509292,FFF,2014B,0.0,0.0,0.0
509327,DDD,2013J,0.15,0.06,0.08571428571428572
509536,FFF,2014J,0.15,0.07692307692307693,0.1016949152542373
509578,BBB,2014J,0.05,0.05263157894736842,0.05128205128205128
509607,BBB,2013J,0.0,0.0,0.0
509610,DDD,2013J,0.1,0.047619047619047616,0.06451612903225806
509649,CCC,2014B,0.2,0.2222222222222222,0.2105263157894737
509696,BBB,2014B,0.0,0.0,0.0
509768,BBB,2013B,0.0,0.0,0.0
509780,EEE,2014J,0.15,0.42857142857142855,0.2222222222222222
509797,BBB,2013B,0.05,0.25,0.08333333333333334
509839,CCC,2014B,0.05,0.09090909090909091,0.06451612903225806
509913,BBB,2013J,0.0,0.0,0.0
509929,DDD,2013J,0.05,0.047619047619047616,0.04878048780487805
509933,DDD,2014J,0.1,0.2,0.13333333333333333
509935,BBB,2014J,0.0,0.0,0.0
510054,CCC,2014J,0.05,0.1,0.06666666666666667
510142,FFF,2014B,0.1,0.08,0.08888888888888889
510149,BBB,2013J,0.0,0.0,0.0
510182,DDD,2013J,0.05,0.03125,0.038461538461538464
510186,FFF,2013B,0.65,0.10483870967741936,0.18055555555555555
510195,DDD,2013B,0.1,0.10526315789473684,0.10256410256410256
510266,CCC,2014J,0.25,0.19230769230769232,0.2173913043478261
510266,EEE,2014B,0.1,0.25,0.14285714285714288
510335,FFF,2013B,0.1,0.10526315789473684,0.10256410256410256
510401,EEE,2013J,0.15,0.3,0.2
510402,EEE,2014J,0.1,0.15384615384615385,0.12121212121212123
510420,FFF,2014B,0.1,0.07142857142857142,0.08333333333333333
510424,DDD,2014J,0.1,0.25,0.14285714285714288
510456,DDD,2014J,0.0,0.0,0.0
510460,EEE,2013J,0.1,0.25,0.14285714285714288
510471,BBB,2014J,0.15,0.2,0.17142857142857143
510492,BBB,2013B,0.0,0.0,0.0
510530,DDD,2013B,0.0,0.0,0.0
510533,GGG,2013J,0.35,0.2916666666666667,0.31818181818181823
510534,FFF,2013J,0.15,0.08571428571428572,0.10909090909090909
510556,BBB,2013B,0.05,0.1111111111111111,0.06896551724137932
510693,FFF,2013B,0.1,0.07142857142857142,0.08333333333333333
510693,FFF,2014B,0.0,0.0,0.0
510694,EEE,2013J,0.1,0.3333333333333333,0.15384615384615383
510737,GGG,2013J,0.15,0.15789473684210525,0.15384615384615385
510756,BBB,2013B,0.0,0.0,0.0
510759,FFF,2013B,0.05,0.05263157894736842,0.05128205128205128
510845,BBB,2013B,0.0,0.0,0.0
510864,DDD,2013J,0.05,0.07692307692307693,0.060606060606060615
510873,DDD,2013J,0.0,0.0,0.0
510874,GGG,2014B,0.15,0.17647058823529413,0.16216216216216214
510883,FFF,2013B,0.1,0.08695652173913043,0.09302325581395349
511001,BBB,2014J,0.05,0.03571428571428571,0.041666666666666664
511050,BBB,2013B,0.0,0.0,0.0
511067,BBB,2013B,0.15,0.2727272727272727,0.19354838709677416
511199,EEE,2014B,0.0,0.0,0.0
511228,GGG,2014B,0.0,0.0,0.0
511258,CCC,2014J,0.15,0.13636363636363635,0.14285714285714282
511282,DDD,2013J,0.05,0.043478260869565216,0.046511627906976744
511306,BBB,2013B,0.05,0.07142857142857142,0.058823529411764705
511309,FFF,2014J,0.0,0.0,0.0
511345,DDD,2014J,0.15,0.075,0.1
511350,FFF,2014B,0.05,0.1,0.06666666666666667
511453,DDD,2013J,0.0,0.0,0.0
511459,BBB,2013B,0.0,0.0,0.0
511473,CCC,2014B,0.3,0.2222222222222222,0.25531914893617025
511492,GGG,2014B,0.05,1.0,0.09523809523809523
511506,BBB,2014B,0.0,0.0,0.0
511515,BBB,2013B,0.05,0.03125,0.038461538461538464
511524,BBB,2013B,0.05,0.058823529411764705,0.05405405405405405
511527,BBB,2013B,0.0,0.0,0.0
511571,GGG,2013J,0.2,0.17391304347826086,0.18604651162790697
511576,DDD,2013B,0.0,0.0,0.0
511676,DDD,2014J,0.15,0.12,0.1333333333333333
511678,BBB,2013J,0.0,0.0,0.0
511693,BBB,2013B,0.05,0.125,0.07142857142857144
511762,FFF,2013B,0.25,0.07042253521126761,0.10989010989010989
511807,BBB,2014J,0.1,0.10526315789473684,0.10256410256410256
511901,BBB,2014B,0.1,0.14285714285714285,0.11764705882352941
511912,FFF,2014B,0.05,0.034482758620689655,0.04081632653061224
511949,DDD,2013B,0.0,0.0,0.0
511981,FFF,2014J,0.05,0.037037037037037035,0.0425531914893617
512046,DDD,2014J,0.1,0.08333333333333333,0.0909090909090909
512080,DDD,2013B,0.0,0.0,0.0
512242,BBB,2013B,0.0,0.0,0.0
512257,CCC,2014J,0.15,0.2727272727272727,0.19354838709677416
512258,GGG,2013J,0.05,0.047619047619047616,0.04878048780487805
512259,CCC,2014J,0.05,0.037037037037037035,0.0425531914893617
512259,DDD,2013J,0.05,0.029411764705882353,0.03703703703703704
512411,BBB,2014J,0.05,0.07692307692307693,0.060606060606060615
512417,BBB,2013J,0.05,0.16666666666666666,0.07692307692307691
512460,AAA,2013J,0.05,0.058823529411764705,0.05405405405405405
512475,CCC,2014B,0.25,0.18518518518518517,0.2127659574468085
512581,BBB,2013J,0.0,0.0,0.0
512706,DDD,2013J,0.05,0.047619047619047616,0.04878048780487805
512722,BBB,2014J,0.15,0.17647058823529413,0.16216216216216214
512775,BBB,2013J,0.05,0.5,0.09090909090909091
512805,BBB,2013B,0.0,0.0,0.0
512852,CCC,2014J,0.1,0.14285714285714285,0.11764705882352941
512861,DDD,2013B,0.0,0.0,0.0
512929,BBB,2013B,0.05,0.058823529411764705,0.05405405405405405
512940,BBB,2013J,0.0,0.0,0.0
512977,BBB,2013J,0.0,0.0,0.0
512995,BBB,2013B,0.05,0.045454545454545456,0.04761904761904762
513076,BBB,2013J,0.0,0.0,0.0
513077,BBB,2014B,0.0,0.0,0.0
513093,BBB,2013B,0.15,0.1875,0.16666666666666663
513166,GGG,2014J,0.1,0.2857142857142857,0.14814814814814817
513172,FFF,2013B,0.05,0.1111111111111111,0.06896551724137932
513210,BBB,2013B,0.15,0.21428571428571427,0.1764705882352941
513228,FFF,2013J,0.0,0.0,0.0
513266,FFF,2013B,0.1,0.05555555555555555,0.07142857142857142
513268,FFF,2013B,0.05,0.02857142857142857,0.03636363636363636
513315,BBB,2013B,0.0,0.0,0.0
513349,DDD,2013J,0.0,0.0,0.0
513396,DDD,2013B,0.0,0.0,0.0
513422,FFF,2014J,0.1,0.0625,0.07692307692307693
513428,FFF,2013B,0.2,0.08163265306122448,0.11594202898550723
513428,FFF,2014J,0.05,0.05263157894736842,0.05128205128205128
513499,DDD,2013J,0.0,0.0,0.0
513638,CCC,2014B,0.15,0.2,0.17142857142857143
513672,EEE,2014B,0.0,0.0,0.0
513687,DDD,2014B,0.55,0.062146892655367235,0.11167512690355332
513701,FFF,2014B,0.15,0.11538461538461539,0.13043478260869565
513733,BBB,2013B,0.0,0.0,0.0
513751,BBB,2014J,0.2,0.13333333333333333,0.16
513757,BBB,2013B,0.05,0.034482758620689655,0.04081632653061224
513773,DDD,2013B,0.0,0.0,0.0
513853,DDD,2013J,0.05,0.029411764705882353,0.03703703703703704
513854,DDD,2013B,0.15,0.08571428571428572,0.10909090909090909
513957,DDD,2014B,0.0,0.0,0.0
513969,CCC,2014J,0.0,0.0,0.0
514031,BBB,2014B,0.1,0.125,0.11111111111111112
514043,BBB,2013J,0.0,0.0,0.0
514078,FFF,2014J,0.05,0.034482758620689655,0.04081632653061224
514125,DDD,2013J,0.0,0.0,0.0
514140,BBB,2013B,0.0,0.0,0.0
514277,DDD,2014J,0.05,0.07692307692307693,0.060606060606060615
514300,DDD,2013B,0.0,0.0,0.0
514302,BBB,2013J,0.05,0.09090909090909091,0.06451612903225806
514445,BBB,2013J,0.0,0.0,0.0
514558,FFF,2013J,0.05,0.05263157894736842,0.05128205128205128
514580,FFF,2013B,0.0,0.0,0.0
514648,GGG,2014J,0.25,0.2777777777777778,0.2631578947368421
514675,FFF,2013B,0.0,0.0,0.0
514756,FFF,2013B,0.0,0.0,0.0
514776,BBB,2013J,0.1,0.047619047619047616,0.06451612903225806
514864,BBB,2013J,0.15,0.2,0.17142857142857143
514903,FFF,2013B,0.25,0.15151515151515152,0.18867924528301888
514969,FFF,2013B,0.15,0.061224489795918366,0.08695652173913043
514981,BBB,2013B,0.1,0.2857142857142857,0.14814814814814817
514987,BBB,2013B,0.0,0.0,0.0
515046,CCC,2014B,0.05,0.09090909090909091,0.06451612903225806
515046,DDD,2013B,0.1,0.03773584905660377,0.05479452054794521
515051,GGG,2014B,0.05,0.14285714285714285,0.07407407407407408
515052,DDD,2014J,0.05,0.08333333333333333,0.0625
515056,DDD,2013J,0.0,0.0,0.0
515105,BBB,2013B,0.0,0.0,0.0
515107,CCC,2014B,0.0,0.0,0.0
515125,EEE,2014B,0.05,0.16666666666666666,0.07692307692307691
515170,DDD,2013B,0.05,0.043478260869565216,0.046511627906976744
515203,BBB,2013J,0.0,0.0,0.0
515285,FFF,2013J,0.05,0.02857142857142857,0.03636363636363636
515311,BBB,2013B,0.0,0.0,0.0
515329,BBB,2014J,0.15,0.10714285714285714,0.125
515331,DDD,2014B,0.0,0.0,0.0
515349,BBB,2014J,0.15,0.13636363636363635,0.14285714285714282
515426,CCC,2014J,0.0,0.0,0.0
515474,BBB,2013B,0.05,0.07142857142857142,0.058823529411764705
515491,CCC,2014J,0.2,0.13333333333333333,0.16
515496,GGG,2013J,0.0,0.0,0.0
515497,BBB,2013B,0.0,0.0,0.0
515520,DDD,2013J,0.1,0.05714285714285714,0.07272727272727272
515574,FFF,2013J,0.0,0.0,0.0
515595,DDD,2013B,0.05,0.05555555555555555,0.052631578947368425
515645,DDD,2014J,0.0,0.0,0.0
515646,BBB,2013J,0.0,0.0,0.0
515676,BBB,2013J,0.0,0.0,0.0
515734,CCC,2014J,0.0,0.0,0.0
515774,CCC,2014B,0.0,0.0,0.0
515774,EEE,2013J,0.2,0.3333333333333333,0.25
515833,FFF,2013J,0.0,0.0,0.0
515857,CCC,2014J,0.25,0.19230769230769232,0.2173913043478261
515857,FFF,2013J,0.25,0.08196721311475409,0.12345679012345678
515888,FFF,2013J,0.0,0.0,0.0
515903,DDD,2013B,0.1,0.09090909090909091,0.09523809523809525
515936,CCC,2014B,0.1,0.14285714285714285,0.11764705882352941
515938,FFF,2013B,0.05,0.125,0.07142857142857144
515945,DDD,2013B,0.2,0.12121212121212122,0.15094339622641512
515977,EEE,2014J,0.1,0.25,0.14285714285714288
516010,DDD,2013B,0.05,0.038461538461538464,0.043478260869565216
516024,CCC,2014B,0.1,0.11764705882352941,0.1081081081081081
516057,BBB,2013B,0.0,0.0,0.0
516095,FFF,2013J,0.2,0.14814814814814814,0.1702127659574468
516238,CCC,2014B,0.05,0.1111111111111111,0.06896551724137932
516238,EEE,2014B,0.05,0.3333333333333333,0.08695652173913045
516364,BBB,2013J,0.1,0.06896551724137931,0.08163265306122448
516398,DDD,2013B,0.05,0.08333333333333333,0.0625
516432,BBB,2013B,0.25,0.16129032258064516,0.19607843137254902
516434,BBB,2014J,0.2,0.16666666666666666,0.1818181818181818
516434,GGG,2013J,0.05,0.14285714285714285,0.07407407407407408
516450,DDD,2013B,0.05,0.030303030303030304,0.03773584905660378
516456,BBB,2013B,0.0,0.0,0.0
516475,BBB,2013B,0.05,0.1111111111111111,0.06896551724137932
516495,BBB,2013B,0.0,0.0,0.0
516496,CCC,2014B,0.05,0.25,0.08333333333333334
516529,BBB,2013B,0.0,0.0,0.0
516562,DDD,2014J,0.0,0.0,0.0
516601,BBB,2014B,0.05,0.1111111111111111,0.06896551724137932
516602,FFF,2014J,0.15,0.15,0.15
516620,FFF,2013J,0.05,0.034482758620689655,0.04081632653061224
516634,FFF,2014B,0.15,0.13043478260869565,0.13953488372093023
516653,DDD,2013J,0.1,0.16666666666666666,0.125
516726,CCC,2014B,0.05,0.09090909090909091,0.06451612903225806
516770,FFF,2014B,0.0,0.0,0.0
516841,BBB,2013B,0.0,0.0,0.0
516843,DDD,2013B,0.05,0.25,0.08333333333333334
516926,BBB,2013J,0.0,0.0,0.0
517000,BBB,2013J,0.05,0.07142857142857142,0.058823529411764705
517093,DDD,2013J,0.15,0.057692307692307696,0.08333333333333334
517094,EEE,2014J,0.2,0.18181818181818182,0.1904761904761905
517195,FFF,2013B,0.05,0.038461538461538464,0.043478260869565216
517231,BBB,2013J,0.05,0.125,0.07142857142857144
517263,GGG,2014J,0.15,0.1875,0.16666666666666663
517269,FFF,2013B,0.25,0.07352941176470588,0.11363636363636363
517274,FFF,2014B,0.05,0.045454545454545456,0.04761904761904762
517277,FFF,2014B,0.0,0.0,0.0
517349,FFF,2013B,0.05,0.1,0.06666666666666667
517349,FFF,2013J,0.0,0.0,0.0
517352,BBB,2013J,0.0,0.0,0.0
517416,CCC,2014J,0.1,0.10526315789473684,0.10256410256410256
517416,DDD,2013J,0.05,0.01694915254237288,0.025316455696202535
517474,BBB,2013B,0.0,0.0,0.0
517481,FFF,2013J,0.05,0.043478260869565216,0.046511627906976744
517551,FFF,2014J,0.1,0.1,0.10000000000000002
517569,FFF,2013B,0.0,0.0,0.0
517617,BBB,2013B,0.1,0.125,0.11111111111111112
517646,DDD,2013B,0.15,0.14285714285714285,0.14634146341463414
517679,BBB,2014B,0.0,0.0,0.0
517731,FFF,2013J,0.0,0.0,0.0
517778,BBB,2013B,0.0,0.0,0.0
517850,FFF,2013B,0.0,0.0,0.0
517864,DDD,2014B,0.0,0.0,0.0
517890,BBB,2013B,0.0,0.0,0.0
517999,CCC,2014B,0.15,0.23076923076923078,0.18181818181818185
518126,BBB,2013J,0.0,0.0,0.0
518145,GGG,2014B,0.25,0.3333333333333333,0.28571428571428575
518189,BBB,2013B,0.0,0.0,0.0
518210,FFF,2014B,0.0,0.0,0.0
518223,BBB,2013J,0.0,0.0,0.0
518244,DDD,2014J,0.15,0.06666666666666667,0.09230769230769231
518258,BBB,2013J,0.05,0.05263157894736842,0.05128205128205128
518349,DDD,2013B,0.05,0.05555555555555555,0.052631578947368425
518359,CCC,2014J,0.15,0.12,0.1333333333333333
518359,FFF,2014B,0.1,0.046511627906976744,0.06349206349206349
518363,CCC,2014B,0.2,0.3333333333333333,0.25
518364,FFF,2013J,0.05,0.25,0.08333333333333334
518389,BBB,2014J,0.1,0.1111111111111111,0.10526315789473685
518412,FFF,2013B,0.05,0.05555555555555555,0.052631578947368425
518436,DDD,2013B,0.15,0.0625,0.08823529411764706
518469,BBB,2013B,0.0,0.0,0.0
518496,BBB,2013J,0.1,0.06060606060606061,0.07547169811320756
518544,FFF,2013J,0.15,0.06818181818181818,0.09374999999999999
518661,GGG,2014B,0.05,0.1,0.06666666666666667
518731,DDD,2013J,0.0,0.0,0.0
518808,AAA,2014J,0.05,0.07142857142857142,0.058823529411764705
518831,FFF,2013B,0.15,0.17647058823529413,0.16216216216216214
518862,CCC,2014B,0.1,0.1111111111111111,0.10526315789473685
518876,BBB,2013B,0.05,0.08333333333333333,0.0625
518879,BBB,2013B,0.0,0.0,0.0
518937,FFF,2013J,0.05,0.02857142857142857,0.03636363636363636
518951,DDD,2013J,0.0,0.0,0.0
518970,BBB,2013B,0.0,0.0,0.0
519057,CCC,2014J,0.05,0.06666666666666667,0.05714285714285715
519078,BBB,2014B,0.0,0.0,0.0
519091,GGG,2013J,0.2,0.16666666666666666,0.1818181818181818
519094,DDD,2013B,0.0,0.0,0.0
519102,DDD,2013B,0.05,0.043478260869565216,0.046511627906976744
519115,FFF,2014J,0.2,0.11764705882352941,0.14814814814814817
519222,BBB,2013B,0.0,0.0,0.0
519258,EEE,2014B,0.0,0.0,0.0
519294,BBB,2013J,0.05,0.09090909090909091,0.06451612903225806
519387,BBB,2013B,0.0,0.0,0.0
519472,FFF,2013B,0.0,0.0,0.0
519506,CCC,2014J,0.0,0.0,0.0
519510,FFF,2013B,0.0,0.0,0.0
519544,CCC,2014B,0.05,0.047619047619047616,0.04878048780487805
519552,DDD,2013J,0.3,0.06315789473684211,0.10434782608695653
519584,BBB,2013J,0.05,0.05555555555555555,0.052631578947368425
519602,BBB,2013B,0.0,0.0,0.0
519684,EEE,2013J,0.15,0.5,0.23076923076923075
519715,FFF,2013B,0.0,0.0,0.0
519800,BBB,2013B,0.05,0.2,0.08000000000000002
519859,BBB,2014B,0.1,0.08333333333333333,0.0909090909090909
519910,GGG,2014B,0.1,1.0,0.18181818181818182
519936,FFF,2013B,0.05,0.029411764705882353,0.03703703703703704
519961,DDD,2013J,0.0,0.0,0.0
519969,FFF,2013B,0.0,0.0,0.0
520002,BBB,2013J,0.0,0.0,0.0
520006,BBB,2013J,0.1,0.15384615384615385,0.12121212121212123
520024,BBB,2013J,0.0,0.0,0.0
520024,BBB,2014J,0.0,0.0,0.0
520061,FFF,2013J,0.1,0.02857142857142857,0.04444444444444444
520076,BBB,2014J,0.1,0.15384615384615385,0.12121212121212123
520077,CCC,2014J,0.15,0.08108108108108109,0.10526315789473685
520077,EEE,2014J,0.3,0.5454545454545454,0.3870967741935483
520082,FFF,2013B,0.05,0.058823529411764705,0.05405405405405405
520097,FFF,2013B,0.05,0.045454545454545456,0.04761904761904762
520150,DDD,2013J,0.1,0.03773584905660377,0.05479452054794521
520187,FFF,2013B,0.1,0.125,0.11111111111111112
520286,BBB,2013J,0.0,0.0,0.0
520325,BBB,2013J,0.0,0.0,0.0
520332,CCC,2014J,0.25,0.15625,0.19230769230769232
520349,DDD,2014J,0.2,0.2222222222222222,0.2105263157894737
520377,CCC,2014B,0.3,0.3333333333333333,0.3157894736842105
520400,DDD,2013B,0.05,0.047619047619047616,0.04878048780487805
520544,FFF,2013B,0.05,0.05,0.05000000000000001
520588,CCC,2014B,0.1,0.16666666666666666,0.125
520836,BBB,2013B,0.1,0.4,0.16000000000000003
520891,DDD,2013J,0.15,0.1111111111111111,0.12765957446808512
520962,DDD,2014B,0.1,0.03389830508474576,0.05063291139240507
520972,BBB,2014J,0.0,0.0,0.0
521051,CCC,2014B,0.0,0.0,0.0
521081,BBB,2014J,0.05,0.09090909090909091,0.06451612903225806
521096,BBB,2013B,0.0,0.0,0.0
521115,CCC,2014J,0.15,0.08333333333333333,0.10714285714285714
521115,FFF,2014J,0.0,0.0,0.0
521160,DDD,2013B,0.05,0.022727272727272728,0.03125000000000001
521164,BBB,2014J,0.0,0.0,0.0
521164,GGG,2013J,0.15,0.17647058823529413,0.16216216216216214
521255,FFF,2014J,0.1,0.125,0.11111111111111112
521292,CCC,2014J,0.2,0.11764705882352941,0.14814814814814817
521297,CCC,2014B,0.3,0.2222222222222222,0.25531914893617025
521329,FFF,2013J,0.05,0.023809523809523808,0.03225806451612903
521341,BBB,2013J,0.1,0.08,0.08888888888888889
521394,BBB,2013B,0.1,0.16666666666666666,0.125
521404,DDD,2013B,0.0,0.0,0.0
521430,BBB,2013B,0.05,0.05,0.05000000000000001
521509,BBB,2013J,0.15,0.13043478260869565,0.13953488372093023
521526,FFF,2013B,0.1,0.044444444444444446,0.061538461538461535
521590,BBB,2013J,0.0,0.0,0.0
521614,CCC,2014B,0.15,0.16666666666666666,0.15789473684210525
521631,GGG,2014J,0.15,0.42857142857142855,0.2222222222222222
521644,GGG,2014B,0.15,0.12,0.1333333333333333
521709,DDD,2013B,0.0,0.0,0.0
521742,DDD,2013B,0.0,0.0,0.0
521764,BBB,2013B,0.0,0.0,0.0
521788,FFF,2013J,0.05,0.3333333333333333,0.08695652173913045
521895,BBB,2013J,0.0,0.0,0.0
521903,BBB,2013B,0.05,0.06666666666666667,0.05714285714285715
522007,FFF,2013J,0.05,0.047619047619047616,0.04878048780487805
522082,FFF,2013J,0.0,0.0,0.0
522082,FFF,2014J,0.1,0.0425531914893617,0.05970149253731343
522087,BBB,2014B,0.0,0.0,0.0
522090,BBB,2013B,0.0,0.0,0.0
522189,BBB,2014J,0.05,0.2,0.08000000000000002
522257,CCC,2014J,0.15,0.1875,0.16666666666666663
522257,FFF,2013J,0.2,0.06779661016949153,0.10126582278481014
522312,CCC,2014B,0.0,0.0,0.0
522312,DDD,2013J,0.05,0.04,0.044444444444444446
522373,BBB,2013B,0.05,0.045454545454545456,0.04761904761904762
522381,BBB,2014J,0.05,0.0625,0.05555555555555556
522383,BBB,2013B,0.0,0.0,0.0
522426,BBB,2013J,0.05,0.043478260869565216,0.046511627906976744
522434,BBB,2013J,0.05,0.05263157894736842,0.05128205128205128
522441,BBB,2013J,0.05,0.1,0.06666666666666667
522446,BBB,2013J,0.0,0.0,0.0
522473,DDD,2013J,0.05,0.022727272727272728,0.03125000000000001
522484,CCC,2014B,0.0,0.0,0.0
522484,EEE,2013J,0.05,0.25,0.08333333333333334
522525,CCC,2014J,0.1,0.08333333333333333,0.0909090909090909
522525,EEE,2014B,0.2,0.36363636363636365,0.25806451612903225
522529,BBB,2013J,0.2,0.2222222222222222,0.2105263157894737
522561,GGG,2013J,0.1,0.1,0.10000000000000002
522572,DDD,2013B,0.1,0.0625,0.07692307692307693
522622,BBB,2013J,0.0,0.0,0.0
522654,DDD,2013B,0.1,0.07407407407407407,0.0851063829787234
522708,CCC,2014J,0.0,0.0,0.0
522714,BBB,2013J,0.05,0.047619047619047616,0.04878048780487805
522718,FFF,2013B,0.05,0.05555555555555555,0.052631578947368425
522731,GGG,2013J,0.05,0.16666666666666666,0.07692307692307691
522740,FFF,2013J,0.1,0.08695652173913043,0.09302325581395349
522743,FFF,2013B,0.05,0.1111111111111111,0.06896551724137932
522754,CCC,2014J,0.0,0.0,0.0
522777,DDD,2013J,0.15,0.0625,0.08823529411764706
522792,BBB,2013J,0.1,0.058823529411764705,0.07407407407407408
522840,DDD,2014B,0.2,0.06451612903225806,0.0975609756097561
522850,FFF,2013B,0.1,0.045454545454545456,0.06250000000000001
522859,FFF,2013B,0.2,0.1,0.13333333333333333
522878,DDD,2013B,0.0,0.0,0.0
522889,BBB,2013J,0.05,0.045454545454545456,0.04761904761904762
522891,BBB,2013J,0.0,0.0,0.0
522894,BBB,2013J,0.2,0.25,0.22222222222222224
522899,BBB,2013J,0.05,0.034482758620689655,0.04081632653061224
522923,FFF,2013B,0.05,0.0625,0.05555555555555556
522994,EEE,2013J,0.1,0.2222222222222222,0.13793103448275865
523012,BBB,2013B,0.05,0.1111111111111111,0.06896551724137932
523017,FFF,2014J,0.1,0.15384615384615385,0.12121212121212123
523047,DDD,2013J,0.0,0.0,0.0
523061,CCC,2014B,0.15,0.11538461538461539,0.13043478260869565
523061,EEE,2014B,0.0,0.0,0.0
523079,CCC,2014B,0.0,0.0,0.0
523132,BBB,2014J,0.1,0.07692307692307693,0.08695652173913043
523142,FFF,2013B,0.05,0.024390243902439025,0.03278688524590164
523169,EEE,2013J,0.05,0.3333333333333333,0.08695652173913045
523247,BBB,2014B,0.05,0.0625,0.05555555555555556
523248,DDD,2013J,0.0,0.0,0.0
523249,FFF,2014J,0.0,0.0,0.0
523335,FFF,2013B,0.05,0.05555555555555555,0.052631578947368425
523392,DDD,2013B,0.15,0.25,0.18749999999999997
523466,BBB,2013J,0.1,0.14285714285714285,0.11764705882352941
523545,BBB,2013J,0.0,0.0,0.0
523596,BBB,2013B,0.0,0.0,0.0
523599,FFF,2013J,0.05,0.1111111111111111,0.06896551724137932
523630,BBB,2013B,0.2,0.36363636363636365,0.25806451612903225
523655,BBB,2013J,0.0,0.0,0.0
523672,BBB,2013B,0.0,0.0,0.0
523680,FFF,2013J,0.2,0.07142857142857142,0.10526315789473682
523700,FFF,2013B,0.0,0.0,0.0
523762,CCC,2014J,0.1,0.09090909090909091,0.09523809523809525
523762,DDD,2014J,0.05,0.1,0.06666666666666667
523803,GGG,2013J,0.15,0.17647058823529413,0.16216216216216214
523833,FFF,2013B,0.1,0.03389830508474576,0.05063291139240507
523857,BBB,2013J,0.25,0.13513513513513514,0.1754385964912281
523857,DDD,2014B,0.1,0.05714285714285714,0.07272727272727272
523872,CCC,2014J,0.05,0.09090909090909091,0.06451612903225806
523872,EEE,2014J,0.1,0.15384615384615385,0.12121212121212123
523875,BBB,2013J,0.1,0.06666666666666667,0.08
523905,BBB,2014J,0.1,0.125,0.11111111111111112
523928,BBB,2013J,0.05,0.1111111111111111,0.06896551724137932
523940,FFF,2013B,0.0,0.0,0.0
523944,CCC,2014J,0.1,0.07407407407407407,0.0851063829787234
523966,BBB,2013B,0.0,0.0,0.0
523971,FFF,2013J,0.05,0.05263157894736842,0.05128205128205128
523978,DDD,2014B,0.05,0.03571428571428571,0.041666666666666664
524043,BBB,2014J,0.0,0.0,0.0
524109,DDD,2014B,0.05,0.2,0.08000000000000002
524128,CCC,2014B,0.3,0.17142857142857143,0.21818181818181817
524137,DDD,2014B,0.25,0.08196721311475409,0.12345679012345678
524160,DDD,2013B,0.1,0.1111111111111111,0.10526315789473685
524175,DDD,2013B,0.05,0.02631578947368421,0.034482758620689655
524227,FFF,2013B,0.0,0.0,0.0
524261,DDD,2013B,0.0,0.0,0.0
524261,DDD,2013J,0.0,0.0,0.0
524290,BBB,2014B,0.0,0.0,0.0
524295,CCC,2014B,0.05,0.037037037037037035,0.0425531914893617
524296,FFF,2014B,0.0,0.0,0.0
524361,FFF,2013B,0.1,0.05128205128205128,0.06779661016949151
524369,DDD,2013B,0.05,0.041666666666666664,0.04545454545454545
524377,FFF,2013B,0.05,0.030303030303030304,0.03773584905660378
524378,CCC,2014B,0.15,0.2727272727272727,0.19354838709677416
524378,DDD,2013B,0.0,0.0,0.0
524396,DDD,2013B,0.0,0.0,0.0
524407,FFF,2013J,0.05,0.017241379310344827,0.025641025641025644
524427,DDD,2014J,0.05,0.06666666666666667,0.05714285714285715
524452,BBB,2013B,0.0,0.0,0.0
524466,FFF,2013B,0.1,0.07142857142857142,0.08333333333333333
524575,DDD,2013J,0.25,0.06756756756756757,0.10638297872340427
524631,EEE,2013J,0.0,0.0,0.0
524711,DDD,2013J,0.0,0.0,0.0
524790,BBB,2013J,0.05,0.05263157894736842,0.05128205128205128
524791,DDD,2013J,0.1,0.04,0.05714285714285714
524825,FFF,2013B,0.1,0.05263157894736842,0.06896551724137931
524845,FFF,2013J,0.15,0.09090909090909091,0.11320754716981132
524938,FFF,2013J,0.1,0.058823529411764705,0.07407407407407408
524974,FFF,2013J,0.05,0.030303030303030304,0.03773584905660378
525068,DDD,2014J,0.0,0.0,0.0
525217,EEE,2014J,0.2,0.36363636363636365,0.25806451612903225
525246,EEE,2013J,0.1,0.25,0.14285714285714288
525332,CCC,2014B,0.0,0.0,0.0
525332,EEE,2014B,0.15,0.6,0.24
525412,DDD,2014B,0.0,0.0,0.0
525412,FFF,2013B,0.15,0.12,0.1333333333333333
525456,DDD,2013J,0.0,0.0,0.0
525469,FFF,2013B,0.0,0.0,0.0
525472,DDD,2013J,0.05,0.03125,0.038461538461538464
525501,BBB,2013B,0.1,0.2,0.13333333333333333
525512,FFF,2013B,0.0,0.0,0.0
525520,BBB,2013B,0.05,0.1,0.06666666666666667
525624,FFF,2013B,0.25,0.042735042735042736,0.072992700729927
525625,EEE,2014J,0.25,0.3333333333333333,0.28571428571428575
525632,FFF,2013B,0.0,0.0,0.0
525635,DDD,2014B,0.0,0.0,0.0
525679,BBB,2013B,0.0,0.0,0.0
525683,BBB,2013B,0.1,0.10526315789473684,0.10256410256410256
525700,FFF,2013B,0.0,0.0,0.0
525703,EEE,2013J,0.2,0.6666666666666666,0.30769230769230765
525749,DDD,2013B,0.1,0.1,0.10000000000000002
525820,DDD,2013B,0.0,0.0,0.0
525832,CCC,2014B,0.45,0.5,0.4736842105263158
525870,DDD,2014J,0.0,0.0,0.0
525885,BBB,2013J,0.0,0.0,0.0
525942,BBB,2013B,0.05,0.0625,0.05555555555555556
525942,BBB,2014B,0.0,0.0,0.0
525974,BBB,2013J,0.05,0.0625,0.05555555555555556
526051,EEE,2014B,0.4,0.47058823529411764,0.4324324324324324
526068,DDD,2013B,0.1,0.0625,0.07692307692307693
526073,EEE,2013J,0.05,0.5,0.09090909090909091
526132,CCC,2014J,0.0,0.0,0.0
526151,FFF,2013B,0.15,0.05263157894736842,0.0779220779220779
526158,DDD,2013J,0.0,0.0,0.0
526177,BBB,2013J,0.0,0.0,0.0
526235,CCC,2014B,0.05,0.25,0.08333333333333334
526235,CCC,2014J,0.05,0.2,0.08000000000000002
526242,DDD,2013J,0.15,0.08108108108108109,0.10526315789473685
526285,BBB,2014B,0.05,0.16666666666666666,0.07692307692307691
526303,FFF,2014B,0.1,0.06451612903225806,0.0784313725490196
526352,DDD,2014J,0.05,0.041666666666666664,0.04545454545454545
526370,BBB,2013B,0.0,0.0,0.0
526417,FFF,2013B,0.2,0.12903225806451613,0.1568627450980392
526441,CCC,2014J,0.1,0.08,0.08888888888888889
526549,FFF,2013B,0.1,0.09523809523809523,0.0975609756097561
526551,FFF,2013B,0.05,0.029411764705882353,0.03703703703703704
526559,FFF,2013B,0.1,0.04,0.05714285714285714
526564,CCC,2014B,0.0,0.0,0.0
526589,FFF,2013B,0.25,0.14705882352941177,0.18518518518518517
526601,FFF,2013J,0.1,0.08,0.08888888888888889
526679,DDD,2013J,0.1,0.05714285714285714,0.07272727272727272
526721,FFF,2014J,0.05,0.020833333333333332,0.029411764705882353
526741,CCC,2014J,0.05,0.09090909090909091,0.06451612903225806
526761,FFF,2013B,0.0,0.0,0.0
526818,FFF,2013B,0.0,0.0,0.0
526819,FFF,2013B,0.05,0.027777777777777776,0.03571428571428571
526819,FFF,2014J,0.1,0.044444444444444446,0.061538461538461535
526821,FFF,2014B,0.05,0.037037037037037035,0.0425531914893617
526876,CCC,2014B,0.05,0.07692307692307693,0.060606060606060615
526896,FFF,2013B,0.15,0.08823529411764706,0.11111111111111112
526912,DDD,2014J,0.0,0.0,0.0
526927,CCC,2014B,0.15,0.1875,0.16666666666666663
526927,FFF,2013B,0.3,0.06666666666666667,0.1090909090909091
526980,FFF,2013B,0.0,0.0,0.0
527020,BBB,2013B,0.0,0.0,0.0
527100,AAA,2014J,0.2,0.15384615384615385,0.17391304347826086
527148,FFF,2013J,0.0,0.0,0.0
527164,BBB,2013B,0.0,0.0,0.0
527225,FFF,2013B,0.0,0.0,0.0
527227,BBB,2013B,0.0,0.0,0.0
527306,DDD,2013B,0.0,0.0,0.0
527323,DDD,2013B,0.05,0.07692307692307693,0.060606060606060615
527323,DDD,2014B,0.0,0.0,0.0
527393,BBB,2013J,0.0,0.0,0.0
527427,DDD,2013J,0.05,0.1,0.06666666666666667
527494,FFF,2013J,0.0,0.0,0.0
527538,GGG,2014J,0.2,0.23529411764705882,0.2162162162162162
527574,DDD,2013J,0.05,0.034482758620689655,0.04081632653061224
527580,BBB,2013J,0.05,0.07692307692307693,0.060606060606060615
527622,FFF,2013B,0.0,0.0,0.0
527685,FFF,2013B,0.0,0.0,0.0
527713,FFF,2013J,0.3,0.12244897959183673,0.17391304347826086
527742,GGG,2013J,0.05,0.2,0.08000000000000002
527751,DDD,2013J,0.25,0.07042253521126761,0.10989010989010989
527799,BBB,2013J,0.15,0.0967741935483871,0.11764705882352941
527801,AAA,2014J,0.1,0.4,0.16000000000000003
527826,CCC,2014B,0.25,0.25,0.25
527886,BBB,2013B,0.0,0.0,0.0
527917,DDD,2013B,0.15,0.09375,0.11538461538461538
527954,DDD,2013J,0.1,0.07407407407407407,0.0851063829787234
527958,CCC,2014J,0.0,0.0,0.0
527964,CCC,2014B,0.0,0.0,0.0
527980,BBB,2013B,0.05,0.0625,0.05555555555555556
527991,FFF,2013B,0.05,0.5,0.09090909090909091
528021,EEE,2013J,0.3,0.6,0.4
528034,DDD,2013B,0.0,0.0,0.0
528066,CCC,2014B,0.15,0.09375,0.11538461538461538
528075,FFF,2013B,0.05,0.04,0.044444444444444446
528083,EEE,2013J,0.15,0.3,0.2
528161,BBB,2013B,0.05,0.5,0.09090909090909091
528184,DDD,2013B,0.0,0.0,0.0
528250,BBB,2013B,0.2,0.16,0.17777777777777778
528261,BBB,2013B,0.0,0.0,0.0
528351,FFF,2013B,0.0,0.0,0.0
528353,BBB,2013B,0.15,0.11538461538461539,0.13043478260869565
528432,BBB,2014J,0.05,0.5,0.09090909090909091
528464,BBB,2013J,0.05,0.08333333333333333,0.0625
528467,DDD,2013J,0.0,0.0,0.0
528506,CCC,2014J,0.05,0.1111111111111111,0.06896551724137932
528506,FFF,2013J,0.1,0.11764705882352941,0.1081081081081081
528509,FFF,2013B,0.25,0.09615384615384616,0.1388888888888889
528515,GGG,2013J,0.0,0.0,0.0
528517,FFF,2013B,0.1,0.05555555555555555,0.07142857142857142
528535,DDD,2014J,0.0,0.0,0.0
528551,DDD,2013J,0.1,0.04878048780487805,0.06557377049180328
528559,FFF,2013J,0.0,0.0,0.0
528649,BBB,2013B,0.0,0.0,0.0
528698,BBB,2013B,0.1,0.07407407407407407,0.0851063829787234
528713,FFF,2013B,0.0,0.0,0.0
528713,FFF,2014B,0.0,0.0,0.0
528734,FFF,2013B,0.2,0.08333333333333333,0.11764705882352941
528846,DDD,2013B,0.1,0.125,0.11111111111111112
528892,CCC,2014B,0.05,0.1111111111111111,0.06896551724137932
528892,DDD,2013J,0.1,0.08333333333333333,0.0909090909090909
528904,BBB,2013B,0.05,0.0625,0.05555555555555556
528971,DDD,2013J,0.05,0.0625,0.05555555555555556
528992,FFF,2013B,0.1,0.07407407407407407,0.0851063829787234
529025,CCC,2014B,0.05,0.08333333333333333,0.0625
529025,DDD,2013B,0.05,0.041666666666666664,0.04545454545454545
529030,FFF,2013B,0.0,0.0,0.0
529065,BBB,2013B,0.0,0.0,0.0
529078,CCC,2014B,0.15,0.14285714285714285,0.14634146341463414
529078,DDD,2013B,0.15,0.06666666666666667,0.09230769230769231
529097,FFF,2013B,0.0,0.0,0.0
529174,BBB,2013B,0.0,0.0,0.0
529175,FFF,2013B,0.0,0.0,0.0
529190,DDD,2014B,0.0,0.0,0.0
529197,FFF,2013J,0.0,0.0,0.0
529201,FFF,2013J,0.05,0.037037037037037035,0.0425531914893617
529211,FFF,2013J,0.0,0.0,0.0
529212,BBB,2013B,0.1,0.13333333333333333,0.1142857142857143
529226,DDD,2013J,0.0,0.0,0.0
529240,FFF,2013B,0.25,0.1282051282051282,0.1694915254237288
529287,EEE,2014J,0.0,0.0,0.0
529297,FFF,2013B,0.05,0.07142857142857142,0.058823529411764705
529304,EEE,2014B,0.0,0.0,0.0
529309,FFF,2013J,0.0,0.0,0.0
529349,FFF,2013B,0.25,0.0684931506849315,0.10752688172043011
529366,FFF,2013B,0.0,0.0,0.0
529404,DDD,2013B,0.1,0.1,0.10000000000000002
529434,CCC,2014B,0.0,0.0,0.0
529438,BBB,2014B,0.05,0.06666666666666667,0.05714285714285715
529446,BBB,2013B,0.15,0.14285714285714285,0.14634146341463414
529452,BBB,2013B,0.05,0.09090909090909091,0.06451612903225806
529486,FFF,2013B,0.05,0.034482758620689655,0.04081632653061224
529493,FFF,2013B,0.15,0.06521739130434782,0.09090909090909091
529502,BBB,2013B,0.1,0.1,0.10000000000000002
529512,EEE,2013J,0.15,0.375,0.21428571428571425
529522,DDD,2013J,0.0,0.0,0.0
529561,FFF,2013B,0.0,0.0,0.0
529563,FFF,2013B,0.1,0.1111111111111111,0.10526315789473685
529565,FFF,2013B,0.05,0.045454545454545456,0.04761904761904762
529566,FFF,2013B,0.0,0.0,0.0
529567,FFF,2013B,0.1,0.08695652173913043,0.09302325581395349
529569,FFF,2013B,0.05,0.07692307692307693,0.060606060606060615
529597,BBB,2013J,0.0,0.0,0.0
529644,FFF,2013B,0.0,0.0,0.0
529670,EEE,2014J,0.1,0.16666666666666666,0.125
529689,FFF,2013B,0.05,0.02,0.02857142857142857
529693,FFF,2014J,0.15,0.07142857142857142,0.09677419354838708
529723,FFF,2013J,0.0,0.0,0.0
529762,FFF,2013B,0.05,0.045454545454545456,0.04761904761904762
529834,FFF,2013B,0.05,0.02631578947368421,0.034482758620689655
529862,FFF,2013J,0.1,0.03389830508474576,0.05063291139240507
529863,DDD,2013B,0.05,0.02857142857142857,0.03636363636363636
529864,FFF,2013B,0.05,0.05263157894736842,0.05128205128205128
529868,DDD,2013J,0.1,0.03508771929824561,0.051948051948051945
529870,FFF,2013B,0.05,0.034482758620689655,0.04081632653061224
529871,FFF,2013B,0.1,0.06451612903225806,0.0784313725490196
529991,FFF,2013B,0.1,0.08333333333333333,0.0909090909090909
529991,FFF,2014J,0.0,0.0,0.0
530043,FFF,2013J,0.05,0.020833333333333332,0.029411764705882353
530057,FFF,2013B,0.0,0.0,0.0
530065,BBB,2013B,0.0,0.0,0.0
530087,EEE,2014J,0.3,0.46153846153846156,0.3636363636363637
530148,FFF,2014J,0.15,0.13636363636363635,0.14285714285714282
530159,FFF,2013J,0.05,0.029411764705882353,0.03703703703703704
530226,BBB,2013B,0.1,0.06451612903225806,0.0784313725490196
530234,DDD,2013B,0.0,0.0,0.0
530296,FFF,2013B,0.05,0.03571428571428571,0.041666666666666664
530344,FFF,2013B,0.35,0.1346153846153846,0.19444444444444445
530360,EEE,2013J,0.0,0.0,0.0
530445,FFF,2013B,0.1,0.08,0.08888888888888889
530487,BBB,2013J,0.1,0.08333333333333333,0.0909090909090909
530514,BBB,2013J,0.0,0.0,0.0
530558,FFF,2013B,0.1,0.07407407407407407,0.0851063829787234
530567,FFF,2013B,0.0,0.0,0.0
530650,CCC,2014B,0.2,0.14285714285714285,0.16666666666666666
530663,CCC,2014J,0.0,0.0,0.0
530669,BBB,2013B,0.05,0.07692307692307693,0.060606060606060615
530736,FFF,2013B,0.1,0.041666666666666664,0.058823529411764705
530748,DDD,2013B,0.05,0.25,0.08333333333333334
530765,EEE,2013J,0.05,0.1,0.06666666666666667
530772,BBB,2014J,0.05,0.1,0.06666666666666667
530802,FFF,2013B,0.2,0.12903225806451613,0.1568627450980392
530841,BBB,2013J,0.0,0.0,0.0
530862,FFF,2013B,0.05,0.023255813953488372,0.031746031746031744
530940,FFF,2013J,0.15,0.057692307692307696,0.08333333333333334
530941,BBB,2014J,0.05,0.06666666666666667,0.05714285714285715
530944,FFF,2013B,0.0,0.0,0.0
530967,DDD,2013J,0.15,0.10714285714285714,0.125
530987,BBB,2013B,0.0,0.0,0.0
531018,FFF,2014J,0.15,0.047619047619047616,0.07228915662650602
531047,DDD,2013B,0.2,0.1,0.13333333333333333
531069,DDD,2014B,0.05,0.125,0.07142857142857144
531075,DDD,2013B,0.0,0.0,0.0
531077,FFF,2013B,0.15,0.07317073170731707,0.09836065573770492
531124,FFF,2013B,0.0,0.0,0.0
531182,FFF,2013B,0.0,0.0,0.0
531190,FFF,2013B,0.0,0.0,0.0
531202,DDD,2013B,0.15,0.06,0.08571428571428572
531224,GGG,2013J,0.05,0.09090909090909091,0.06451612903225806
531234,DDD,2014B,0.1,0.06896551724137931,0.08163265306122448
531270,FFF,2013B,0.15,0.08108108108108109,0.10526315789473685
531294,FFF,2013B,0.0,0.0,0.0
531340,DDD,2014B,0.0,0.0,0.0
531384,BBB,2013J,0.15,0.10344827586206896,0.12244897959183673
531402,DDD,2013J,0.3,0.10714285714285714,0.15789473684210525
531427,BBB,2013B,0.0,0.0,0.0
531450,BBB,2014J,0.05,0.07142857142857142,0.058823529411764705
531573,BBB,2013B,0.0,0.0,0.0
531629,FFF,2013B,0.05,0.034482758620689655,0.04081632653061224
531643,BBB,2013J,0.05,0.058823529411764705,0.05405405405405405
531646,DDD,2014J,0.1,0.08333333333333333,0.0909090909090909
531709,FFF,2013B,0.05,0.03125,0.038461538461538464
531753,BBB,2014J,0.1,0.08,0.08888888888888889
531755,BBB,2014B,0.0,0.0,0.0
531787,DDD,2013B,0.1,0.07692307692307693,0.08695652173913043
531865,BBB,2014J,0.0,0.0,0.0
531871,FFF,2014J,0.05,0.03225806451612903,0.0392156862745098
531896,CCC,2014J,0.0,0.0,0.0
531905,FFF,2013B,0.0,0.0,0.0
531924,DDD,2013B,0.1,0.06666666666666667,0.08
532020,CCC,2014B,0.35,0.16279069767441862,0.22222222222222227
532020,DDD,2013J,0.05,0.04,0.044444444444444446
532050,FFF,2013B,0.0,0.0,0.0
532116,DDD,2013J,0.1,0.05714285714285714,0.07272727272727272
532121,FFF,2013J,0.05,0.03571428571428571,0.041666666666666664
532140,BBB,2013B,0.0,0.0,0.0
532144,DDD,2013J,0.25,0.1388888888888889,0.17857142857142858
532236,DDD,2014J,0.1,0.09090909090909091,0.09523809523809525
532254,FFF,2014J,0.05,0.037037037037037035,0.0425531914893617
532335,BBB,2013J,0.1,0.06896551724137931,0.08163265306122448
532350,CCC,2014B,0.0,0.0,0.0
532413,FFF,2014B,0.15,0.1111111111111111,0.12765957446808512
532428,FFF,2013B,0.05,0.09090909090909091,0.06451612903225806
532436,FFF,2013B,0.15,0.04838709677419355,0.07317073170731707
532440,CCC,2014J,0.05,0.09090909090909091,0.06451612903225806
532477,BBB,2013J,0.05,0.1111111111111111,0.06896551724137932
532491,DDD,2013B,0.05,0.05263157894736842,0.05128205128205128
532491,EEE,2013J,0.1,0.2222222222222222,0.13793103448275865
532512,BBB,2013B,0.0,0.0,0.0
532531,CCC,2014B,0.0,0.0,0.0
532531,EEE,2014B,0.05,0.25,0.08333333333333334
532565,CCC,2014J,0.0,0.0,0.0
532565,DDD,2013B,0.1,0.05263157894736842,0.06896551724137931
532578,FFF,2013B,0.1,0.1,0.10000000000000002
532579,EEE,2014J,0.3,0.5454545454545454,0.3870967741935483
532579,FFF,2013B,0.15,0.041666666666666664,0.06521739130434782
532589,FFF,2013B,0.05,0.022727272727272728,0.03125000000000001
532608,FFF,2013B,0.15,0.05172413793103448,0.07692307692307693
532615,BBB,2013J,0.05,0.0625,0.05555555555555556
532617,BBB,2014B,0.05,0.1111111111111111,0.06896551724137932
532627,FFF,2013B,0.1,0.06060606060606061,0.07547169811320756
532665,BBB,2013B,0.0,0.0,0.0
532695,DDD,2013B,0.0,0.0,0.0
532715,FFF,2013B,0.15,0.12,0.1333333333333333
532718,CCC,2014B,0.0,0.0,0.0
532718,DDD,2013B,0.0,0.0,0.0
532739,BBB,2013J,0.05,0.1111111111111111,0.06896551724137932
532741,FFF,2013J,0.0,0.0,0.0
532745,DDD,2013B,0.1,0.07142857142857142,0.08333333333333333
532750,BBB,2013J,0.05,0.058823529411764705,0.05405405405405405
532779,BBB,2014J,0.05,0.0625,0.05555555555555556
532846,EEE,2014J,0.1,0.5,0.16666666666666669
532855,DDD,2013B,0.0,0.0,0.0
532868,BBB,2013J,0.1,0.13333333333333333,0.1142857142857143
532869,BBB,2013J,0.05,0.0625,0.05555555555555556
532886,BBB,2013B,0.0,0.0,0.0
532950,BBB,2013B,0.1,0.08695652173913043,0.09302325581395349
532968,FFF,2013B,0.15,0.05263157894736842,0.0779220779220779
533004,DDD,2013B,0.1,0.125,0.11111111111111112
533012,EEE,2013J,0.05,0.5,0.09090909090909091
533016,FFF,2013B,0.0,0.0,0.0
533044,FFF,2013B,0.05,0.043478260869565216,0.046511627906976744
533054,GGG,2014B,0.15,0.375,0.21428571428571425
533068,AAA,2014J,0.0,0.0,0.0
533077,BBB,2014B,0.0,0.0,0.0
533091,BBB,2013J,0.0,0.0,0.0
533134,FFF,2013B,0.2,0.13333333333333333,0.16
533140,FFF,2014B,0.0,0.0,0.0
533172,FFF,2013B,0.05,0.0625,0.05555555555555556
533201,FFF,2013B,0.05,0.04,0.044444444444444446
533209,BBB,2014J,0.1,0.09090909090909091,0.09523809523809525
533210,BBB,2014B,0.0,0.0,0.0
533217,FFF,2014B,0.0,0.0,0.0
533291,DDD,2013B,0.05,0.07142857142857142,0.058823529411764705
533301,BBB,2013J,0.05,0.058823529411764705,0.05405405405405405
533311,EEE,2013J,0.05,0.2,0.08000000000000002
533321,FFF,2013B,0.05,0.017857142857142856,0.026315789473684206
533324,BBB,2013B,0.0,0.0,0.0
533347,BBB,2013B,0.1,0.18181818181818182,0.12903225806451613
533418,FFF,2014J,0.15,0.06,0.08571428571428572
533485,FFF,2013B,0.2,0.11764705882352941,0.14814814814814817
533512,CCC,2014J,0.05,0.3333333333333333,0.08695652173913045
533523,FFF,2013J,0.1,0.09523809523809523,0.0975609756097561
533527,BBB,2014B,0.0,0.0,0.0
533535,FFF,2013B,0.1,0.034482758620689655,0.05128205128205129
533545,BBB,2013B,0.0,0.0,0.0
533614,FFF,2013B,0.2,0.13333333333333333,0.16
533689,CCC,2014J,0.0,0.0,0.0
533722,BBB,2013B,0.0,0.0,0.0
533839,BBB,2013B,0.0,0.0,0.0
533877,DDD,2013B,0.3,0.1276595744680851,0.17910447761194026
533929,FFF,2013B,0.2,0.08695652173913043,0.12121212121212122
533975,FFF,2013J,0.1,0.044444444444444446,0.061538461538461535
533988,DDD,2013J,0.15,0.07317073170731707,0.09836065573770492
533997,FFF,2013B,0.0,0.0,0.0
534037,FFF,2013B,0.05,0.045454545454545456,0.04761904761904762
534051,BBB,2013B,0.0,0.0,0.0
534064,FFF,2013B,0.0,0.0,0.0
534086,BBB,2013B,0.05,0.3333333333333333,0.08695652173913045
534093,CCC,2014J,0.35,0.25925925925925924,0.29787234042553196
534093,DDD,2013J,0.1,0.05263157894736842,0.06896551724137931
534112,FFF,2014J,0.0,0.0,0.0
534133,BBB,2013J,0.15,0.16666666666666666,0.15789473684210525
534163,BBB,2014B,0.0,0.0,0.0
534201,DDD,2014B,0.0,0.0,0.0
534203,DDD,2013B,0.05,0.037037037037037035,0.0425531914893617
534251,GGG,2013J,0.0,0.0,0.0
534323,BBB,2013J,0.05,0.03571428571428571,0.041666666666666664
534343,BBB,2013B,0.0,0.0,0.0
534346,FFF,2013B,0.0,0.0,0.0
534360,BBB,2013B,0.0,0.0,0.0
534371,EEE,2013J,0.25,0.35714285714285715,0.2941176470588235
534373,BBB,2013B,0.05,0.058823529411764705,0.05405405405405405
534428,BBB,2014J,0.05,0.09090909090909091,0.06451612903225806
534431,FFF,2013B,0.1,0.06666666666666667,0.08
534432,BBB,2013B,0.1,0.15384615384615385,0.12121212121212123
534457,FFF,2014J,0.1,0.11764705882352941,0.1081081081081081
534602,FFF,2013B,0.05,0.03225806451612903,0.0392156862745098
534652,BBB,2013B,0.0,0.0,0.0
534672,GGG,2014J,0.15,0.2727272727272727,0.19354838709677416
534698,BBB,2013B,0.15,0.23076923076923078,0.18181818181818185
534709,BBB,2013B,0.0,0.0,0.0
534715,BBB,2014J,0.05,0.041666666666666664,0.04545454545454545
534733,CCC,2014J,0.1,0.13333333333333333,0.1142857142857143
534750,FFF,2013B,0.05,0.25,0.08333333333333334
534765,BBB,2013B,0.0,0.0,0.0
534784,FFF,2013B,0.0,0.0,0.0
534792,FFF,2013B,0.1,0.0392156862745098,0.05633802816901408
534816,BBB,2013J,0.0,0.0,0.0
534854,FFF,2013B,0.0,0.0,0.0
534856,FFF,2013B,0.05,0.07142857142857142,0.058823529411764705
534892,FFF,2013B,0.0,0.0,0.0
534910,DDD,2013B,0.0,0.0,0.0
534913,FFF,2013B,0.05,0.07692307692307693,0.060606060606060615
534946,BBB,2013J,0.05,0.2,0.08000000000000002
534952,FFF,2013B,0.05,0.04,0.044444444444444446
534958,FFF,2013B,0.1,0.07692307692307693,0.08695652173913043
534983,BBB,2013B,0.0,0.0,0.0
534989,FFF,2013B,0.05,0.030303030303030304,0.03773584905660378
534991,BBB,2013B,0.05,0.3333333333333333,0.08695652173913045
534998,BBB,2013J,0.1,0.10526315789473684,0.10256410256410256
535012,BBB,2013B,0.05,0.1,0.06666666666666667
535037,FFF,2013B,0.15,0.04477611940298507,0.06896551724137931
535047,CCC,2014B,0.0,0.0,0.0
535077,BBB,2014B,0.0,0.0,0.0
535131,FFF,2013J,0.15,0.08571428571428572,0.10909090909090909
535140,BBB,2013B,0.05,0.058823529411764705,0.05405405405405405
535145,BBB,2013B,0.05,0.06666666666666667,0.05714285714285715
535161,CCC,2014J,0.0,0.0,0.0
535161,DDD,2013J,0.1,0.07692307692307693,0.08695652173913043
535215,DDD,2013B,0.1,0.11764705882352941,0.1081081081081081
535220,DDD,2014J,0.0,0.0,0.0
535259,CCC,2014J,0.15,0.1111111111111111,0.12765957446808512
535259,EEE,2013J,0.05,0.1111111111111111,0.06896551724137932
535328,BBB,2013B,0.1,0.25,0.14285714285714288
535379,BBB,2013J,0.0,0.0,0.0
535407,BBB,2013B,0.1,0.6666666666666666,0.1739130434782609
535424,DDD,2013B,0.05,0.0625,0.05555555555555556
535460,FFF,2013B,0.1,0.11764705882352941,0.1081081081081081
535468,BBB,2013B,0.05,0.05263157894736842,0.05128205128205128
535506,BBB,2014B,0.0,0.0,0.0
535530,BBB,2013B,0.0,0.0,0.0
535548,BBB,2014B,0.0,0.0,0.0
535605,BBB,2013B,0.05,0.07692307692307693,0.060606060606060615
535628,FFF,2013B,0.05,0.058823529411764705,0.05405405405405405
535632,DDD,2013J,0.0,0.0,0.0
535648,CCC,2014J,0.05,0.1111111111111111,0.06896551724137932
535662,FFF,2013B,0.05,0.047619047619047616,0.04878048780487805
535671,FFF,2014J,0.1,0.03636363636363636,0.05333333333333334
535755,BBB,2013B,0.05,0.1,0.06666666666666667
535760,BBB,2013B,0.0,0.0,0.0
535773,BBB,2013B,0.1,0.13333333333333333,0.1142857142857143
535794,DDD,2013J,0.1,0.06666666666666667,0.08
535799,DDD,2013B,0.05,0.03125,0.038461538461538464
535800,BBB,2013B,0.1,0.2,0.13333333333333333
535804,FFF,2013B,0.1,0.044444444444444446,0.061538461538461535
535807,BBB,2013B,0.0,0.0,0.0
535820,BBB,2013B,0.0,0.0,0.0
535831,DDD,2013B,0.2,0.19047619047619047,0.1951219512195122
535833,BBB,2013J,0.0,0.0,0.0
535963,BBB,2014J,0.15,0.15,0.15
535986,DDD,2013B,0.05,0.02127659574468085,0.029850746268656716
536032,DDD,2013B,0.0,0.0,0.0
536103,FFF,2013J,0.0,0.0,0.0
536112,BBB,2013B,0.0,0.0,0.0
536125,FFF,2013B,0.15,0.15789473684210525,0.15384615384615385
536170,CCC,2014B,0.55,0.3548387096774194,0.43137254901960786
536170,DDD,2013B,0.45,0.16071428571428573,0.2368421052631579
536178,FFF,2013B,0.15,0.08571428571428572,0.10909090909090909
536188,BBB,2013B,0.0,0.0,0.0
536189,BBB,2013B,0.0,0.0,0.0
536199,DDD,2013J,0.05,0.09090909090909091,0.06451612903225806
536205,BBB,2013B,0.05,0.14285714285714285,0.07407407407407408
536214,FFF,2013B,0.0,0.0,0.0
536261,CCC,2014B,0.0,0.0,0.0
536261,DDD,2013B,0.15,0.07317073170731707,0.09836065573770492
536276,CCC,2014J,0.15,0.16666666666666666,0.15789473684210525
536286,BBB,2014B,0.05,0.08333333333333333,0.0625
536296,DDD,2014J,0.1,0.1,0.10000000000000002
536318,BBB,2013J,0.0,0.0,0.0
536331,FFF,2013J,0.15,0.08108108108108109,0.10526315789473685
536351,FFF,2014J,0.0,0.0,0.0
536435,CCC,2014B,0.0,0.0,0.0
536442,BBB,2013B,0.0,0.0,0.0
536452,BBB,2013B,0.05,0.037037037037037035,0.0425531914893617
536455,FFF,2013B,0.0,0.0,0.0
536475,FFF,2014J,0.1,0.11764705882352941,0.1081081081081081
536536,DDD,2013B,0.0,0.0,0.0
536556,FFF,2013B,0.1,0.06896551724137931,0.08163265306122448
536591,FFF,2013B,0.0,0.0,0.0
536593,FFF,2013B,0.4,0.0898876404494382,0.14678899082568808
536629,BBB,2014B,0.05,0.125,0.07142857142857144
536632,BBB,2013J,0.0,0.0,0.0
536636,FFF,2014B,0.05,0.06666666666666667,0.05714285714285715
536647,GGG,2013J,0.1,0.14285714285714285,0.11764705882352941
536649,BBB,2013J,0.0,0.0,0.0
536660,BBB,2013J,0.05,0.3333333333333333,0.08695652173913045
536666,BBB,2013J,0.0,0.0,0.0
536698,FFF,2013B,0.05,0.041666666666666664,0.04545454545454545
536726,BBB,2013B,0.0,0.0,0.0
536805,BBB,2014B,0.0,0.0,0.0
536843,FFF,2013B,0.0,0.0,0.0
536852,BBB,2013J,0.05,0.16666666666666666,0.07692307692307691
536900,BBB,2013B,0.0,0.0,0.0
536906,FFF,2013B,0.05,0.0625,0.05555555555555556
536926,DDD,2013B,0.0,0.0,0.0
536930,FFF,2013B,0.05,0.07142857142857142,0.058823529411764705
536941,DDD,2014B,0.35,0.04294478527607362,0.07650273224043717
536950,FFF,2013B,0.05,0.05,0.05000000000000001
536963,FFF,2014J,0.05,0.04,0.044444444444444446
536979,DDD,2013J,0.0,0.0,0.0
536984,EEE,2014J,0.45,0.47368421052631576,0.46153846153846156
536992,BBB,2013J,0.1,0.15384615384615385,0.12121212121212123
537077,BBB,2014B,0.15,0.13636363636363635,0.14285714285714282
537081,AAA,2014J,0.05,0.06666666666666667,0.05714285714285715
537138,DDD,2013B,0.0,0.0,0.0
537139,DDD,2013B,0.05,0.07142857142857142,0.058823529411764705
537162,BBB,2013B,0.05,0.09090909090909091,0.06451612903225806
537171,BBB,2014B,0.0,0.0,0.0
537181,GGG,2013J,0.05,0.058823529411764705,0.05405405405405405
537193,BBB,2013B,0.0,0.0,0.0
537194,BBB,2014J,0.1,0.09090909090909091,0.09523809523809525
537255,BBB,2013B,0.05,0.05555555555555555,0.052631578947368425
537259,BBB,2013B,0.15,0.06382978723404255,0.08955223880597013
537322,CCC,2014B,0.2,0.17391304347826086,0.18604651162790697
537322,FFF,2014J,0.1,0.05263157894736842,0.06896551724137931
537328,FFF,2013J,0.05,0.045454545454545456,0.04761904761904762
537342,BBB,2013B,0.05,0.04,0.044444444444444446
537373,BBB,2014B,0.1,0.4,0.16000000000000003
537414,BBB,2013B,0.0,0.0,0.0
537434,BBB,2013B,0.15,0.1111111111111111,0.12765957446808512
537464,BBB,2013B,0.15,0.0967741935483871,0.11764705882352941
537473,BBB,2013B,0.0,0.0,0.0
537488,BBB,2013B,0.05,0.07692307692307693,0.060606060606060615
537515,FFF,2013B,0.0,0.0,0.0
537558,BBB,2013B,0.1,0.2,0.13333333333333333
537572,BBB,2013B,0.1,0.11764705882352941,0.1081081081081081
537577,DDD,2014J,0.1,0.043478260869565216,0.06060606060606061
537603,CCC,2014B,0.0,0.0,0.0
537603,DDD,2013B,0.0,0.0,0.0
537622,DDD,2013B,0.05,0.07692307692307693,0.060606060606060615
537640,BBB,2014J,0.05,0.08333333333333333,0.0625
537645,FFF,2013B,0.1,0.05405405405405406,0.07017543859649122
537654,CCC,2014B,0.1,0.6666666666666666,0.1739130434782609
537654,CCC,2014J,0.45,0.15789473684210525,0.23376623376623376
537656,FFF,2013B,0.0,0.0,0.0
537658,DDD,2013B,0.05,0.045454545454545456,0.04761904761904762
537662,GGG,2013J,0.05,0.1,0.06666666666666667
537670,GGG,2013J,0.05,0.1,0.06666666666666667
537672,FFF,2013B,0.05,0.06666666666666667,0.05714285714285715
537674,FFF,2013B,0.05,0.1,0.06666666666666667
537679,BBB,2013B,0.05,0.0625,0.05555555555555556
537687,FFF,2013B,0.05,0.02702702702702703,0.03508771929824561
537688,BBB,2013B,0.0,0.0,0.0
537698,BBB,2014B,0.0,0.0,0.0
537703,FFF,2014B,0.0,0.0,0.0
537704,BBB,2013B,0.05,0.05263157894736842,0.05128205128205128
537747,DDD,2013J,0.05,0.03333333333333333,0.04
537756,DDD,2014B,0.05,0.07142857142857142,0.058823529411764705
537811,CCC,2014J,0.1,0.09523809523809523,0.0975609756097561
537811,DDD,2013J,0.1,0.07407407407407407,0.0851063829787234
537811,FFF,2014J,0.05,0.01818181818181818,0.02666666666666667
537868,DDD,2013B,0.05,0.03571428571428571,0.041666666666666664
537875,BBB,2013B,0.0,0.0,0.0
537898,BBB,2013B,0.05,0.05263157894736842,0.05128205128205128
537905,BBB,2013B,0.1,0.05714285714285714,0.07272727272727272
537926,DDD,2013B,0.05,0.07142857142857142,0.058823529411764705
537929,EEE,2013J,0.05,0.14285714285714285,0.07407407407407408
537938,FFF,2014B,0.0,0.0,0.0
537942,FFF,2013J,0.0,0.0,0.0
537955,FFF,2013B,0.2,0.2,0.20000000000000004
537962,DDD,2013J,0.05,0.027777777777777776,0.03571428571428571
537980,FFF,2013B,0.3,0.11764705882352941,0.16901408450704228
537995,FFF,2013B,0.05,0.05,0.05000000000000001
538040,EEE,2013J,0.0,0.0,0.0
538045,FFF,2013B,0.05,0.08333333333333333,0.0625
538202,FFF,2013B,0.05,0.034482758620689655,0.04081632653061224
538210,BBB,2013J,0.05,0.0625,0.05555555555555556
538221,BBB,2013B,0.05,0.08333333333333333,0.0625
538251,DDD,2013B,0.15,0.1111111111111111,0.12765957446808512
538611,DDD,2013B,0.05,0.5,0.09090909090909091
538701,DDD,2013B,0.0,0.0,0.0
538863,DDD,2013J,0.1,0.06666666666666667,0.08
538887,EEE,2013J,0.2,0.5,0.28571428571428575
538897,BBB,2013B,0.05,0.05263157894736842,0.05128205128205128
538903,DDD,2013J,0.1,0.07142857142857142,0.08333333333333333
538916,FFF,2013B,0.05,0.043478260869565216,0.046511627906976744
538941,FFF,2013B,0.0,0.0,0.0
538942,BBB,2013B,0.0,0.0,0.0
538949,FFF,2013B,0.05,0.0625,0.05555555555555556
538987,BBB,2013B,0.0,0.0,0.0
539056,BBB,2013B,0.1,0.1111111111111111,0.10526315789473685
539063,EEE,2013J,0.1,0.125,0.11111111111111112
539066,DDD,2013B,0.35,0.12280701754385964,0.1818181818181818
539117,FFF,2013B,0.05,0.029411764705882353,0.03703703703703704
539186,DDD,2014B,0.0,0.0,0.0
539209,DDD,2013B,0.2,0.12121212121212122,0.15094339622641512
539241,FFF,2013B,0.1,0.13333333333333333,0.1142857142857143
539253,BBB,2013B,0.0,0.0,0.0
539265,BBB,2013B,0.0,0.0,0.0
539303,BBB,2013B,0.0,0.0,0.0
539308,FFF,2013B,0.0,0.0,0.0
539308,FFF,2014J,0.05,0.047619047619047616,0.04878048780487805
539328,CCC,2014B,0.05,0.1111111111111111,0.06896551724137932
539328,DDD,2013B,0.1,0.13333333333333333,0.1142857142857143
539332,FFF,2013B,0.0,0.0,0.0
539345,BBB,2013B,0.15,0.17647058823529413,0.16216216216216214
539359,FFF,2013B,0.15,0.08571428571428572,0.10909090909090909
539364,FFF,2013B,0.0,0.0,0.0
539365,BBB,2013B,0.05,0.037037037037037035,0.0425531914893617
539385,BBB,2013B,0.0,0.0,0.0
539418,BBB,2013B,0.1,0.14285714285714285,0.11764705882352941
539436,GGG,2013J,0.05,0.09090909090909091,0.06451612903225806
539440,FFF,2013B,0.15,0.06976744186046512,0.09523809523809525
539444,FFF,2014B,0.1,0.07142857142857142,0.08333333333333333
539451,CCC,2014J,0.0,0.0,0.0
539451,DDD,2014B,0.15,0.05555555555555555,0.08108108108108109
539497,FFF,2013B,0.0,0.0,0.0
539514,CCC,2014B,0.0,0.0,0.0
539514,FFF,2013B,0.05,0.034482758620689655,0.04081632653061224
539558,BBB,2013B,0.05,0.0625,0.05555555555555556
539572,BBB,2013B,0.05,0.09090909090909091,0.06451612903225806
539622,DDD,2013B,0.1,0.10526315789473684,0.10256410256410256
539635,BBB,2014J,0.2,0.16,0.17777777777777778
539643,DDD,2013B,0.05,0.1111111111111111,0.06896551724137932
539675,BBB,2014B,0.0,0.0,0.0
539737,BBB,2013B,0.0,0.0,0.0
539759,FFF,2013B,0.2,0.10810810810810811,0.14035087719298245
539784,CCC,2014B,0.35,0.28,0.3111111111111111
539894,BBB,2014B,0.05,0.125,0.07142857142857144
539896,FFF,2013B,0.0,0.0,0.0
539922,FFF,2014B,0.15,0.07142857142857142,0.09677419354838708
539945,FFF,2014J,0.1,0.07407407407407407,0.0851063829787234
539962,BBB,2013B,0.0,0.0,0.0
539963,FFF,2013B,0.15,0.12,0.1333333333333333
539971,CCC,2014B,0.0,0.0,0.0
539990,EEE,2013J,0.0,0.0,0.0
539994,FFF,2013B,0.05,0.05263157894736842,0.05128205128205128
540054,FFF,2013B,0.15,0.06,0.08571428571428572
540055,BBB,2013B,0.1,0.2,0.13333333333333333
540147,FFF,2013B,0.0,0.0,0.0
540160,FFF,2013B,0.2,0.1111111111111111,0.14285714285714285
540184,BBB,2013B,0.05,0.06666666666666667,0.05714285714285715
540207,DDD,2013B,0.0,0.0,0.0
540209,FFF,2013B,0.05,0.02702702702702703,0.03508771929824561
540219,EEE,2014J,0.2,0.4,0.26666666666666666
540224,FFF,2013B,0.15,0.0967741935483871,0.11764705882352941
540249,BBB,2013J,0.1,0.08,0.08888888888888889
540293,BBB,2013J,0.1,0.15384615384615385,0.12121212121212123
540298,DDD,2013B,0.15,0.13043478260869565,0.13953488372093023
540310,DDD,2013B,0.0,0.0,0.0
540503,FFF,2013J,0.1,0.05714285714285714,0.07272727272727272
540509,EEE,2014B,0.1,0.2,0.13333333333333333
540511,BBB,2013B,0.15,0.16666666666666666,0.15789473684210525
540513,BBB,2013B,0.05,0.2,0.08000000000000002
540521,BBB,2013J,0.05,0.125,0.07142857142857144
540530,BBB,2013B,0.0,0.0,0.0
540549,FFF,2013B,0.1,0.07692307692307693,0.08695652173913043
540558,BBB,2014B,0.0,0.0,0.0
540577,FFF,2013B,0.2,0.1,0.13333333333333333
540581,FFF,2013B,0.0,0.0,0.0
540592,DDD,2013B,0.15,0.15789473684210525,0.15384615384615385
540602,BBB,2013J,0.1,0.10526315789473684,0.10256410256410256
540605,DDD,2013B,0.15,0.08571428571428572,0.10909090909090909
540607,BBB,2013B,0.0,0.0,0.0
540614,BBB,2013B,0.0,0.0,0.0
540637,FFF,2013J,0.15,0.15789473684210525,0.15384615384615385
540656,BBB,2013B,0.0,0.0,0.0
540682,BBB,2013J,0.15,0.09090909090909091,0.11320754716981132
540686,CCC,2014B,0.2,0.17391304347826086,0.18604651162790697
540686,DDD,2013B,0.1,0.043478260869565216,0.06060606060606061
540694,DDD,2013B,0.05,0.037037037037037035,0.0425531914893617
540713,FFF,2013B,0.0,0.0,0.0
540723,FFF,2014J,0.05,0.0196078431372549,0.02816901408450704
540727,FFF,2013B,0.15,0.05454545454545454,0.08
540750,BBB,2013B,0.05,0.07692307692307693,0.060606060606060615
540758,DDD,2013B,0.2,0.09523809523809523,0.12903225806451613
540758,DDD,2014B,0.0,0.0,0.0
540780,BBB,2013B,0.05,0.1,0.06666666666666667
540800,FFF,2013B,0.15,0.07894736842105263,0.10344827586206896
540806,DDD,2013J,0.15,0.061224489795918366,0.08695652173913043
540821,DDD,2014J,0.05,0.05,0.05000000000000001
540826,BBB,2013B,0.05,0.07142857142857142,0.058823529411764705
540848,DDD,2013B,0.1,0.045454545454545456,0.06250000000000001
540947,DDD,2013J,0.2,0.13333333333333333,0.16
541000,DDD,2014B,0.05,0.02702702702702703,0.03508771929824561
541003,CCC,2014B,0.15,0.125,0.13636363636363635
541003,EEE,2014B,0.05,0.2,0.08000000000000002
541013,BBB,2013B,0.2,0.17391304347826086,0.18604651162790697
541040,EEE,2013J,0.15,0.21428571428571427,0.1764705882352941
541073,BBB,2013B,0.0,0.0,0.0
541101,FFF,2013B,0.0,0.0,0.0
541108,DDD,2013J,0.0,0.0,0.0
541113,BBB,2013B,0.05,0.14285714285714285,0.07407407407407408
541171,BBB,2013J,0.0,0.0,0.0
541171,BBB,2014J,0.0,0.0,0.0
541174,EEE,2013J,0.0,0.0,0.0
541228,DDD,2013B,0.05,0.0625,0.05555555555555556
541232,BBB,2013B,0.0,0.0,0.0
541252,GGG,2013J,0.05,0.08333333333333333,0.0625
541274,BBB,2013J,0.0,0.0,0.0
541315,BBB,2014J,0.05,0.1111111111111111,0.06896551724137932
541349,FFF,2013B,0.05,0.027777777777777776,0.03571428571428571
541363,BBB,2013B,0.05,0.09090909090909091,0.06451612903225806
541418,FFF,2013B,0.1,0.08,0.08888888888888889
541476,BBB,2014J,0.0,0.0,0.0
541482,CCC,2014J,0.15,0.23076923076923078,0.18181818181818185
541482,DDD,2013J,0.05,0.02564102564102564,0.033898305084745756
541521,FFF,2013B,0.0,0.0,0.0
541523,BBB,2013B,0.0,0.0,0.0
541531,CCC,2014J,0.0,0.0,0.0
541532,FFF,2014J,0.0,0.0,0.0
541538,CCC,2014J,0.15,0.11538461538461539,0.13043478260869565
541579,FFF,2013B,0.15,0.1111111111111111,0.12765957446808512
541586,BBB,2013J,0.05,0.08333333333333333,0.0625
541697,BBB,2013B,0.05,0.125,0.07142857142857144
541702,BBB,2013J,0.0,0.0,0.0
541708,CCC,2014J,0.25,0.11904761904761904,0.16129032258064516
541753,FFF,2013B,0.1,0.1111111111111111,0.10526315789473685
541764,BBB,2013B,0.0,0.0,0.0
541765,DDD,2014B,0.05,0.029411764705882353,0.03703703703703704
541768,FFF,2013J,0.05,0.05,0.05000000000000001
541769,BBB,2014B,0.0,0.0,0.0
541781,FFF,2013B,0.25,0.1724137931034483,0.20408163265306123
541783,FFF,2013J,0.0,0.0,0.0
541794,BBB,2013B,0.05,0.0625,0.05555555555555556
541803,BBB,2013B,0.0,0.0,0.0
541808,BBB,2013B,0.0,0.0,0.0
541822,BBB,2013B,0.0,0.0,0.0
541832,BBB,2013B,0.0,0.0,0.0
541890,GGG,2014B,0.1,0.11764705882352941,0.1081081081081081
541921,FFF,2014J,0.25,0.16129032258064516,0.19607843137254902
541973,BBB,2013B,0.0,0.0,0.0
542003,FFF,2013B,0.0,0.0,0.0
542020,FFF,2013B,0.05,0.041666666666666664,0.04545454545454545
542026,FFF,2013B,0.05,0.07692307692307693,0.060606060606060615
542036,DDD,2013B,0.05,0.03571428571428571,0.041666666666666664
542049,DDD,2013B,0.1,0.08695652173913043,0.09302325581395349
542050,EEE,2014B,0.2,0.4,0.26666666666666666
542054,DDD,2013B,0.1,0.1,0.10000000000000002
542084,BBB,2013B,0.15,0.23076923076923078,0.18181818181818185
542100,FFF,2013B,0.15,0.06382978723404255,0.08955223880597013
542115,BBB,2013B,0.05,0.07692307692307693,0.060606060606060615
542164,BBB,2014J,0.2,0.21052631578947367,0.20512820512820512
542167,CCC,2014J,0.05,0.08333333333333333,0.0625
542180,DDD,2013J,0.15,0.09090909090909091,0.11320754716981132
542202,FFF,2014J,0.2,0.125,0.15384615384615385
542205,DDD,2013B,0.05,0.02564102564102564,0.033898305084745756
542259,BBB,2013B,0.0,0.0,0.0
542279,EEE,2014J,0.1,0.16666666666666666,0.125
542287,FFF,2014B,0.0,0.0,0.0
542291,BBB,2013B,0.05,0.16666666666666666,0.07692307692307691
542293,DDD,2013B,0.1,0.058823529411764705,0.07407407407407408
542296,BBB,2013J,0.05,0.06666666666666667,0.05714285714285715
542356,FFF,2013B,0.15,0.09090909090909091,0.11320754716981132
542372,DDD,2013B,0.05,0.16666666666666666,0.07692307692307691
542386,FFF,2013B,0.15,0.10714285714285714,0.125
542466,BBB,2014B,0.0,0.0,0.0
542476,DDD,2013B,0.05,0.3333333333333333,0.08695652173913045
542506,FFF,2013B,0.05,0.025,0.03333333333333333
542524,EEE,2014B,0.2,0.5714285714285714,0.29629629629629634
542536,FFF,2013B,0.0,0.0,0.0
542547,BBB,2014B,0.0,0.0,0.0
542557,CCC,2014J,0.5,0.2631578947368421,0.3448275862068966
542557,FFF,2014B,0.35,0.11475409836065574,0.1728395061728395
542558,DDD,2013J,0.2,0.13333333333333333,0.16
542562,GGG,2014B,0.3,0.46153846153846156,0.3636363636363637
542574,BBB,2013J,0.05,0.05263157894736842,0.05128205128205128
542613,BBB,2013B,0.05,0.04,0.044444444444444446
542635,FFF,2013B,0.05,0.03333333333333333,0.04
542646,FFF,2013B,0.2,0.1111111111111111,0.14285714285714285
542653,FFF,2013B,0.05,0.0625,0.05555555555555556
542663,BBB,2013B,0.0,0.0,0.0
542707,BBB,2013J,0.2,0.18181818181818182,0.1904761904761905
542745,BBB,2013B,0.0,0.0,0.0
542748,BBB,2013B,0.0,0.0,0.0
542987,FFF,2013B,0.1,0.0392156862745098,0.05633802816901408
542991,BBB,2013B,0.0,0.0,0.0
543010,FFF,2013B,0.2,0.06557377049180328,0.09876543209876544
543010,FFF,2014J,0.25,0.1,0.14285714285714288
543019,FFF,2013B,0.1,0.05405405405405406,0.07017543859649122
543060,DDD,2013B,0.0,0.0,0.0
543113,FFF,2013B,0.1,0.06060606060606061,0.07547169811320756
543124,BBB,2013B,0.05,0.05555555555555555,0.052631578947368425
543165,BBB,2013B,0.05,0.1111111111111111,0.06896551724137932
543170,CCC,2014B,0.05,0.16666666666666666,0.07692307692307691
543180,BBB,2013B,0.0,0.0,0.0
543202,DDD,2013B,0.15,0.07692307692307693,0.1016949152542373
543279,BBB,2013J,0.0,0.0,0.0
543340,DDD,2013B,0.05,0.02564102564102564,0.033898305084745756
543351,BBB,2013B,0.0,0.0,0.0
543356,BBB,2013B,0.05,0.043478260869565216,0.046511627906976744
543384,FFF,2013B,0.1,0.1111111111111111,0.10526315789473685
543415,FFF,2013B,0.1,0.045454545454545456,0.06250000000000001
543417,EEE,2013J,0.25,0.4166666666666667,0.3125
543428,BBB,2013J,0.15,0.06818181818181818,0.09374999999999999
543436,FFF,2013B,0.05,0.041666666666666664,0.04545454545454545
543439,BBB,2014J,0.05,0.07692307692307693,0.060606060606060615
543447,FFF,2013B,0.0,0.0,0.0
543459,DDD,2013B,0.0,0.0,0.0
543473,BBB,2013B,0.1,0.14285714285714285,0.11764705882352941
543474,EEE,2013J,0.1,0.3333333333333333,0.15384615384615383
543475,CCC,2014B,0.25,0.20833333333333334,0.22727272727272727
543475,EEE,2014B,0.25,0.2631578947368421,0.25641025641025644
543478,DDD,2014J,0.0,0.0,0.0
543481,DDD,2013J,0.1,0.08333333333333333,0.0909090909090909
543510,DDD,2013B,0.0,0.0,0.0
543533,BBB,2013B,0.05,0.3333333333333333,0.08695652173913045
543573,DDD,2013B,0.1,0.08695652173913043,0.09302325581395349
543599,FFF,2013B,0.0,0.0,0.0
543607,FFF,2013J,0.0,0.0,0.0
543630,BBB,2013B,0.0,0.0,0.0
543643,FFF,2013B,0.05,0.04,0.044444444444444446
543648,DDD,2013J,0.2,0.06896551724137931,0.10256410256410257
543678,CCC,2014B,0.1,0.2857142857142857,0.14814814814814817
543686,FFF,2014B,0.1,0.058823529411764705,0.07407407407407408
543719,BBB,2013B,0.0,0.0,0.0
543723,DDD,2013J,0.1,0.1,0.10000000000000002
543756,DDD,2013B,0.0,0.0,0.0
543763,FFF,2013J,0.05,0.07142857142857142,0.058823529411764705
543785,FFF,2013B,0.0,0.0,0.0
543788,CCC,2014J,0.15,0.13636363636363635,0.14285714285714282
543788,DDD,2013J,0.0,0.0,0.0
543789,DDD,2014B,0.0,0.0,0.0
543798,FFF,2013B,0.0,0.0,0.0
543825,DDD,2013J,0.0,0.0,0.0
543853,BBB,2013B,0.05,0.1111111111111111,0.06896551724137932
543860,DDD,2013B,0.05,0.1111111111111111,0.06896551724137932
543910,GGG,2014B,0.1,0.16666666666666666,0.125
543919,DDD,2013B,0.05,0.04,0.044444444444444446
543931,EEE,2014J,0.3,0.2727272727272727,0.28571428571428564
543948,CCC,2014B,0.25,0.17857142857142858,0.20833333333333331
543948,EEE,2014B,0.2,0.6666666666666666,0.30769230769230765
543953,FFF,2013J,0.15,0.0625,0.08823529411764706
544052,CCC,2014J,0.25,0.18518518518518517,0.2127659574468085
544052,EEE,2014B,0.05,0.14285714285714285,0.07407407407407408
544053,DDD,2013B,0.05,0.038461538461538464,0.043478260869565216
544055,FFF,2013B,0.15,0.12,0.1333333333333333
544090,CCC,2014B,0.05,0.16666666666666666,0.07692307692307691
544090,FFF,2013J,0.0,0.0,0.0
544091,DDD,2013B,0.2,0.0975609756097561,0.13114754098360656
544092,FFF,2013J,0.05,0.08333333333333333,0.0625
544098,FFF,2013B,0.05,0.058823529411764705,0.05405405405405405
544103,AAA,2013J,0.15,0.125,0.13636363636363635
544108,FFF,2014B,0.05,0.09090909090909091,0.06451612903225806
544122,BBB,2013J,0.05,0.0625,0.05555555555555556
544173,FFF,2013B,0.3,0.08695652173913043,0.1348314606741573
544186,BBB,2013B,0.0,0.0,0.0
544207,FFF,2013J,0.1,0.08333333333333333,0.0909090909090909
544212,FFF,2013B,0.0,0.0,0.0
544249,FFF,2013B,0.0,0.0,0.0
544253,AAA,2014J,0.15,0.13636363636363635,0.14285714285714282
544267,CCC,2014J,0.3,0.21428571428571427,0.25
544271,FFF,2014B,0.0,0.0,0.0
544284,DDD,2013B,0.1,0.10526315789473684,0.10256410256410256
544289,FFF,2013J,0.0,0.0,0.0
544295,FFF,2013B,0.1,0.0625,0.07692307692307693
544307,DDD,2013B,0.3,0.08823529411764706,0.13636363636363635
544313,FFF,2013B,0.05,0.05263157894736842,0.05128205128205128
544351,BBB,2013B,0.05,0.25,0.08333333333333334
544383,EEE,2013J,0.1,0.2,0.13333333333333333
544455,BBB,2013B,0.0,0.0,0.0
544467,DDD,2013B,0.05,0.05263157894736842,0.05128205128205128
544479,FFF,2013B,0.1,0.0625,0.07692307692307693
544490,CCC,2014B,0.1,0.14285714285714285,0.11764705882352941
544500,BBB,2013B,0.0,0.0,0.0
544519,BBB,2013B,0.05,0.16666666666666666,0.07692307692307691
544530,FFF,2013B,0.15,0.1,0.12
544532,BBB,2013B,0.0,0.0,0.0
544543,FFF,2013B,0.2,0.11428571428571428,0.14545454545454545
544576,DDD,2013J,0.0,0.0,0.0
544587,DDD,2014B,0.1,0.08333333333333333,0.0909090909090909
544593,FFF,2014B,0.0,0.0,0.0
544594,CCC,2014B,0.35,0.1590909090909091,0.21875
544594,DDD,2013J,0.15,0.10344827586206896,0.12244897959183673
544603,DDD,2013B,0.1,0.13333333333333333,0.1142857142857143
544615,GGG,2013J,0.0,0.0,0.0
544627,BBB,2013B,0.0,0.0,0.0
544632,BBB,2013B,0.0,0.0,0.0
544639,BBB,2013B,0.0,0.0,0.0
544642,BBB,2013B,0.05,0.08333333333333333,0.0625
544649,DDD,2014J,0.0,0.0,0.0
544741,BBB,2013B,0.0,0.0,0.0
544791,EEE,2013J,0.25,0.38461538461538464,0.30303030303030304
544839,CCC,2014B,0.25,0.1724137931034483,0.20408163265306123
544839,DDD,2013B,0.15,0.10344827586206896,0.12244897959183673
544847,FFF,2013B,0.0,0.0,0.0
544848,BBB,2013B,0.05,0.0625,0.05555555555555556
544850,FFF,2013B,0.15,0.1111111111111111,0.12765957446808512
544859,BBB,2013B,0.0,0.0,0.0
544881,BBB,2013B,0.0,0.0,0.0
544890,BBB,2013B,0.0,0.0,0.0
544894,FFF,2013B,0.05,0.03125,0.038461538461538464
544898,GGG,2013J,0.05,0.3333333333333333,0.08695652173913045
544963,FFF,2013B,0.0,0.0,0.0
544982,DDD,2013J,0.1,0.046511627906976744,0.06349206349206349
544989,BBB,2013B,0.05,0.08333333333333333,0.0625
544991,FFF,2013B,0.0,0.0,0.0
545048,FFF,2013B,0.0,0.0,0.0
545080,FFF,2013B,0.0,0.0,0.0
545083,DDD,2013B,0.0,0.0,0.0
545093,DDD,2013J,0.05,0.030303030303030304,0.03773584905660378
545118,CCC,2014J,0.0,0.0,0.0
545118,DDD,2013B,0.1,0.10526315789473684,0.10256410256410256
545119,FFF,2014B,0.0,0.0,0.0
545146,BBB,2014B,0.05,0.25,0.08333333333333334
545164,FFF,2014J,0.05,0.03333333333333333,0.04
545191,BBB,2013B,0.05,0.09090909090909091,0.06451612903225806
545196,BBB,2014B,0.05,0.09090909090909091,0.06451612903225806
545200,BBB,2013J,0.0,0.0,0.0
545211,DDD,2013J,0.2,0.08333333333333333,0.11764705882352941
545223,BBB,2013B,0.05,0.06666666666666667,0.05714285714285715
545223,BBB,2014B,0.05,0.2,0.08000000000000002
545229,FFF,2013B,0.05,0.047619047619047616,0.04878048780487805
545245,DDD,2013B,0.15,0.07894736842105263,0.10344827586206896
545254,BBB,2014B,0.05,0.045454545454545456,0.04761904761904762
545255,CCC,2014J,0.0,0.0,0.0
545255,DDD,2013J,0.1,0.08,0.08888888888888889
545298,BBB,2013J,0.0,0.0,0.0
545313,GGG,2013J,0.0,0.0,0.0
545379,FFF,2013B,0.3,0.16216216216216217,0.2105263157894737
545387,DDD,2013B,0.0,0.0,0.0
545392,BBB,2013B,0.1,0.25,0.14285714285714288
545443,BBB,2013J,0.15,0.1875,0.16666666666666663
545462,BBB,2013J,0.1,0.14285714285714285,0.11764705882352941
545493,EEE,2014J,0.15,0.2,0.17142857142857143
545637,FFF,2014B,0.05,0.05,0.05000000000000001
545658,BBB,2013B,0.05,0.07692307692307693,0.060606060606060615
545665,GGG,2014B,0.1,0.18181818181818182,0.12903225806451613
545697,BBB,2013B,0.0,0.0,0.0
545702,BBB,2013B,0.0,0.0,0.0
545704,CCC,2014J,0.25,0.20833333333333334,0.22727272727272727
545704,DDD,2013B,0.0,0.0,0.0
545720,FFF,2013B,0.0,0.0,0.0
545725,BBB,2013B,0.0,0.0,0.0
545740,CCC,2014B,0.25,0.13157894736842105,0.1724137931034483
545740,EEE,2013J,0.3,0.375,0.33333333333333326
545741,FFF,2014B,0.0,0.0,0.0
545747,CCC,2014B,0.1,0.09523809523809523,0.0975609756097561
545751,FFF,2013B,0.0,0.0,0.0
545752,DDD,2014J,0.05,0.041666666666666664,0.04545454545454545
545758,EEE,2013J,0.05,0.25,0.08333333333333334
545769,DDD,2013J,0.15,0.075,0.1
545785,GGG,2013J,0.1,0.1,0.10000000000000002
545909,FFF,2013B,0.0,0.0,0.0
545916,FFF,2013J,0.05,0.025,0.03333333333333333
545962,FFF,2014J,0.15,0.0967741935483871,0.11764705882352941
545964,BBB,2014J,0.05,0.07142857142857142,0.058823529411764705
545993,DDD,2013B,0.0,0.0,0.0
546040,DDD,2014B,0.0,0.0,0.0
546052,BBB,2013B,0.1,0.15384615384615385,0.12121212121212123
546054,DDD,2013B,0.1,0.06060606060606061,0.07547169811320756
546065,FFF,2013J,0.05,0.04,0.044444444444444446
546071,FFF,2014B,0.15,0.10714285714285714,0.125
546074,DDD,2013B,0.1,0.07407407407407407,0.0851063829787234
546089,DDD,2013B,0.05,0.14285714285714285,0.07407407407407408
546097,GGG,2013J,0.1,0.125,0.11111111111111112
546157,BBB,2013B,0.05,0.3333333333333333,0.08695652173913045
546191,DDD,2013B,0.0,0.0,0.0
546192,GGG,2013J,0.1,0.14285714285714285,0.11764705882352941
546196,BBB,2013J,0.05,0.041666666666666664,0.04545454545454545
546202,BBB,2014B,0.0,0.0,0.0
546215,FFF,2013B,0.05,0.030303030303030304,0.03773584905660378
546221,DDD,2013B,0.05,0.047619047619047616,0.04878048780487805
546250,BBB,2014J,0.05,0.1111111111111111,0.06896551724137932
546286,GGG,2014J,0.25,0.2631578947368421,0.25641025641025644
546299,DDD,2014J,0.05,0.07142857142857142,0.058823529411764705
546322,BBB,2013B,0.05,0.1,0.06666666666666667
546329,FFF,2013B,0.1,0.16666666666666666,0.125
546348,FFF,2013B,0.15,0.07894736842105263,0.10344827586206896
546403,DDD,2014B,0.0,0.0,0.0
546407,BBB,2013B,0.0,0.0,0.0
546412,FFF,2013B,0.05,0.08333333333333333,0.0625
546428,BBB,2013B,0.1,0.14285714285714285,0.11764705882352941
546457,GGG,2013J,0.1,0.16666666666666666,0.125
546464,FFF,2013B,0.25,0.09090909090909091,0.13333333333333333
546480,FFF,2013J,0.15,0.0625,0.08823529411764706
546500,BBB,2013B,0.0,0.0,0.0
546533,BBB,2013B,0.0,0.0,0.0
546547,FFF,2013J,0.05,0.05555555555555555,0.052631578947368425
546547,FFF,2014J,0.05,0.023255813953488372,0.031746031746031744
546583,FFF,2013B,0.05,0.027777777777777776,0.03571428571428571
546584,DDD,2014B,0.3,0.11538461538461539,0.16666666666666669
546604,EEE,2013J,0.05,0.16666666666666666,0.07692307692307691
546609,BBB,2013B,0.0,0.0,0.0
546627,FFF,2014B,0.05,0.024390243902439025,0.03278688524590164
546632,BBB,2013B,0.1,0.10526315789473684,0.10256410256410256
546645,FFF,2014J,0.1,0.11764705882352941,0.1081081081081081
546654,CCC,2014J,0.1,0.2,0.13333333333333333
546654,DDD,2014B,0.0,0.0,0.0
546675,DDD,2013B,0.15,0.15789473684210525,0.15384615384615385
546682,FFF,2013B,0.05,0.023809523809523808,0.03225806451612903
546685,BBB,2013B,0.0,0.0,0.0
546722,DDD,2013J,0.05,0.014705882352941176,0.022727272727272724
546724,GGG,2014J,0.15,0.23076923076923078,0.18181818181818185
546749,BBB,2013B,0.1,0.06666666666666667,0.08
546780,FFF,2013B,0.05,0.5,0.09090909090909091
546804,DDD,2013B,0.0,0.0,0.0
546811,BBB,2013B,0.0,0.0,0.0
546826,DDD,2013B,0.0,0.0,0.0
546830,DDD,2013B,0.0,0.0,0.0
546837,BBB,2013B,0.0,0.0,0.0
546843,BBB,2013B,0.0,0.0,0.0
546852,DDD,2013J,0.1,0.07692307692307693,0.08695652173913043
546862,DDD,2013B,0.3,0.13953488372093023,0.1904761904761905
546909,BBB,2013B,0.0,0.0,0.0
546912,FFF,2013B,0.1,0.09523809523809523,0.0975609756097561
546921,BBB,2013B,0.0,0.0,0.0
546925,FFF,2013B,0.05,0.02127659574468085,0.029850746268656716
546932,FFF,2013B,0.05,0.07692307692307693,0.060606060606060615
546934,FFF,2013J,0.15,0.10714285714285714,0.125
546941,BBB,2013J,0.05,0.09090909090909091,0.06451612903225806
546953,DDD,2013B,0.0,0.0,0.0
546961,FFF,2014B,0.0,0.0,0.0
547014,FFF,2013B,0.2,0.05970149253731343,0.09195402298850575
547128,FFF,2014B,0.0,0.0,0.0
547153,CCC,2014J,0.1,0.07142857142857142,0.08333333333333333
547153,EEE,2014J,0.05,0.25,0.08333333333333334
547154,FFF,2013J,0.05,0.05263157894736842,0.05128205128205128
547155,GGG,2014B,0.35,0.4375,0.38888888888888884
547173,EEE,2013J,0.0,0.0,0.0
547192,BBB,2013B,0.0,0.0,0.0
547228,FFF,2013B,0.1,0.0625,0.07692307692307693
547259,BBB,2013B,0.05,0.05,0.05000000000000001
547287,CCC,2014B,0.0,0.0,0.0
547311,BBB,2013J,0.0,0.0,0.0
547332,CCC,2014B,0.15,0.2727272727272727,0.19354838709677416
547347,FFF,2014J,0.1,0.05555555555555555,0.07142857142857142
547349,DDD,2013B,0.5,0.06289308176100629,0.111731843575419
547390,BBB,2013B,0.0,0.0,0.0
547393,FFF,2013J,0.05,0.041666666666666664,0.04545454545454545
547399,FFF,2013B,0.1,0.05128205128205128,0.06779661016949151
547400,FFF,2013B,0.05,0.02857142857142857,0.03636363636363636
547403,BBB,2013B,0.0,0.0,0.0
547408,BBB,2014J,0.0,0.0,0.0
547413,FFF,2014B,0.0,0.0,0.0
547424,EEE,2013J,0.15,0.2,0.17142857142857143
547427,BBB,2013B,0.0,0.0,0.0
547445,DDD,2013B,0.05,0.03333333333333333,0.04
547448,DDD,2013J,0.1,0.05555555555555555,0.07142857142857142
547466,BBB,2013B,0.0,0.0,0.0
547487,BBB,2014B,0.0,0.0,0.0
547506,FFF,2014B,0.1,0.2222222222222222,0.13793103448275865
547556,BBB,2014B,0.0,0.0,0.0
547581,FFF,2013B,0.25,0.11363636363636363,0.15625
547612,CCC,2014J,0.0,0.0,0.0
547629,DDD,2013B,0.05,0.09090909090909091,0.06451612903225806
547629,DDD,2014B,0.0,0.0,0.0
547679,DDD,2013B,0.0,0.0,0.0
547680,FFF,2014B,0.0,0.0,0.0
547689,BBB,2013B,0.05,0.1,0.06666666666666667
547690,BBB,2013B,0.05,0.05263157894736842,0.05128205128205128
547697,BBB,2013B,0.0,0.0,0.0
547718,BBB,2013J,0.0,0.0,0.0
547737,DDD,2013J,0.1,0.047619047619047616,0.06451612903225806
547757,BBB,2013B,0.05,0.07142857142857142,0.058823529411764705
547773,FFF,2013J,0.1,0.08333333333333333,0.0909090909090909
547784,DDD,2013B,0.0,0.0,0.0
547784,DDD,2013J,0.05,0.03225806451612903,0.0392156862745098
547788,BBB,2014J,0.0,0.0,0.0
547841,BBB,2013B,0.05,0.2,0.08000000000000002
547873,BBB,2013B,0.1,0.15384615384615385,0.12121212121212123
547884,FFF,2013B,0.0,0.0,0.0
547884,FFF,2014B,0.05,0.14285714285714285,0.07407407407407408
547892,BBB,2013B,0.0,0.0,0.0
547902,BBB,2013B,0.05,0.14285714285714285,0.07407407407407408
547903,BBB,2013B,0.0,0.0,0.0
547953,FFF,2013B,0.0,0.0,0.0
547986,DDD,2013B,0.0,0.0,0.0
548027,DDD,2013J,0.1,0.05128205128205128,0.06779661016949151
548057,FFF,2013B,0.0,0.0,0.0
548069,DDD,2013B,0.25,0.10204081632653061,0.14492753623188406
548087,FFF,2013B,0.05,0.041666666666666664,0.04545454545454545
548090,BBB,2013B,0.05,0.07692307692307693,0.060606060606060615
548095,FFF,2013B,0.1,0.07692307692307693,0.08695652173913043
548099,FFF,2013B,0.25,0.11363636363636363,0.15625
548120,AAA,2014J,0.15,0.13043478260869565,0.13953488372093023
548124,BBB,2013B,0.0,0.0,0.0
548173,DDD,2013J,0.1,0.06666666666666667,0.08
548190,GGG,2013J,0.05,0.05,0.05000000000000001
548197,BBB,2013J,0.1,0.08695652173913043,0.09302325581395349
548219,FFF,2013B,0.15,0.058823529411764705,0.08450704225352114
548241,BBB,2013B,0.0,0.0,0.0
548255,BBB,2013B,0.05,0.058823529411764705,0.05405405405405405
548267,DDD,2013B,0.15,0.07142857142857142,0.09677419354838708
548271,DDD,2013B,0.0,0.0,0.0
548275,BBB,2013B,0.05,0.14285714285714285,0.07407407407407408
548292,DDD,2014B,0.1,0.0392156862745098,0.05633802816901408
548301,DDD,2013J,0.05,0.022222222222222223,0.030769230769230767
548312,FFF,2013B,0.05,0.022222222222222223,0.030769230769230767
548334,BBB,2013B,0.1,0.125,0.11111111111111112
548352,FFF,2013B,0.05,0.06666666666666667,0.05714285714285715
548386,CCC,2014B,0.15,0.125,0.13636363636363635
548388,GGG,2013J,0.0,0.0,0.0
548424,FFF,2014B,0.25,0.13157894736842105,0.1724137931034483
548439,BBB,2013B,0.05,0.1,0.06666666666666667
548445,BBB,2014B,0.05,0.06666666666666667,0.05714285714285715
548459,FFF,2013B,0.05,0.05,0.05000000000000001
548473,DDD,2013B,0.05,0.0625,0.05555555555555556
548488,BBB,2013B,0.0,0.0,0.0
548504,BBB,2013B,0.0,0.0,0.0
548508,FFF,2013J,0.05,0.07142857142857142,0.058823529411764705
548509,CCC,2014B,0.1,0.18181818181818182,0.12903225806451613
548521,FFF,2013B,0.1,0.058823529411764705,0.07407407407407408
548535,DDD,2013B,0.1,0.13333333333333333,0.1142857142857143
548547,FFF,2013B,0.0,0.0,0.0
548602,CCC,2014B,0.05,0.25,0.08333333333333334
548602,DDD,2013B,0.05,0.07142857142857142,0.058823529411764705
548617,BBB,2013B,0.05,0.06666666666666667,0.05714285714285715
548666,FFF,2013J,0.05,0.05,0.05000000000000001
548677,CCC,2014B,0.15,0.15,0.15
548677,DDD,2013B,0.3,0.125,0.17647058823529413
548714,BBB,2013B,0.05,0.08333333333333333,0.0625
548722,FFF,2013J,0.05,0.05263157894736842,0.05128205128205128
548744,BBB,2013B,0.0,0.0,0.0
548759,FFF,2013B,0.2,0.058823529411764705,0.0909090909090909
548764,CCC,2014B,0.05,0.07692307692307693,0.060606060606060615
548764,FFF,2013B,0.0,0.0,0.0
548791,BBB,2013B,0.05,0.125,0.07142857142857144
548807,EEE,2014J,0.15,0.3,0.2
548834,BBB,2013B,0.05,0.0625,0.05555555555555556
548838,BBB,2013B,0.0,0.0,0.0
548839,BBB,2013B,0.05,0.125,0.07142857142857144
548843,BBB,2013B,0.0,0.0,0.0
548854,CCC,2014B,0.1,0.08,0.08888888888888889
548857,FFF,2013B,0.1,0.06060606060606061,0.07547169811320756
548861,EEE,2013J,0.15,0.3333333333333333,0.20689655172413793
548871,BBB,2013B,0.0,0.0,0.0
548884,BBB,2013B,0.0,0.0,0.0
548885,BBB,2013B,0.0,0.0,0.0
548899,BBB,2013J,0.0,0.0,0.0
548921,BBB,2013B,0.0,0.0,0.0
548926,FFF,2013B,0.0,0.0,0.0
548935,BBB,2013B,0.05,0.05555555555555555,0.052631578947368425
548954,BBB,2013B,0.0,0.0,0.0
548959,DDD,2013B,0.1,0.4,0.16000000000000003
548992,EEE,2014B,0.05,0.25,0.08333333333333334
548994,EEE,2013J,0.2,0.5,0.28571428571428575
548996,DDD,2013B,0.15,0.125,0.13636363636363635
549014,FFF,2013B,0.0,0.0,0.0
549032,DDD,2013J,0.15,0.12,0.1333333333333333
549038,DDD,2013B,0.15,0.12,0.1333333333333333
549047,BBB,2013B,0.05,0.3333333333333333,0.08695652173913045
549065,FFF,2013B,0.15,0.05,0.075
549078,BBB,2013B,0.0,0.0,0.0
549078,BBB,2014B,0.0,0.0,0.0
549093,FFF,2013B,0.0,0.0,0.0
549095,DDD,2013B,0.05,0.06666666666666667,0.05714285714285715
549113,DDD,2013J,0.0,0.0,0.0
549125,DDD,2013B,0.05,0.045454545454545456,0.04761904761904762
549129,BBB,2013J,0.05,0.05263157894736842,0.05128205128205128
549135,DDD,2013B,0.0,0.0,0.0
549158,BBB,2013B,0.0,0.0,0.0
549190,BBB,2014B,0.0,0.0,0.0
549196,BBB,2013B,0.05,0.045454545454545456,0.04761904761904762
549219,FFF,2014J,0.2,0.21052631578947367,0.20512820512820512
549226,BBB,2013J,0.0,0.0,0.0
549239,FFF,2013B,0.05,0.058823529411764705,0.05405405405405405
549261,BBB,2013B,0.05,0.09090909090909091,0.06451612903225806
549262,EEE,2013J,0.05,0.125,0.07142857142857144
549283,DDD,2013B,0.0,0.0,0.0
549300,FFF,2013J,0.1,0.041666666666666664,0.058823529411764705
549321,FFF,2014J,0.1,0.031746031746031744,0.048192771084337345
549343,FFF,2013B,0.1,0.05714285714285714,0.07272727272727272
549369,FFF,2013B,0.05,0.024390243902439025,0.03278688524590164
549370,FFF,2013B,0.1,0.06896551724137931,0.08163265306122448
549391,BBB,2013B,0.05,0.3333333333333333,0.08695652173913045
549397,FFF,2013J,0.15,0.057692307692307696,0.08333333333333334
549420,FFF,2013B,0.2,0.06666666666666667,0.1
549424,DDD,2013B,0.0,0.0,0.0
549439,CCC,2014J,0.15,0.09090909090909091,0.11320754716981132
549445,BBB,2013J,0.0,0.0,0.0
549504,FFF,2013B,0.0,0.0,0.0
549517,FFF,2013B,0.0,0.0,0.0
549537,FFF,2013B,0.1,0.06666666666666667,0.08
549545,DDD,2013B,0.15,0.08333333333333333,0.10714285714285714
549568,BBB,2013B,0.15,0.12,0.1333333333333333
549586,BBB,2013J,0.1,0.15384615384615385,0.12121212121212123
549596,FFF,2013B,0.05,0.05263157894736842,0.05128205128205128
549601,DDD,2013J,0.05,0.0625,0.05555555555555556
549626,DDD,2014J,0.05,0.06666666666666667,0.05714285714285715
549626,FFF,2013B,0.25,0.1388888888888889,0.17857142857142858
549648,FFF,2013J,0.05,0.04,0.044444444444444446
549651,BBB,2013B,0.0,0.0,0.0
549681,EEE,2013J,0.15,0.3,0.2
549684,DDD,2013B,0.15,0.07692307692307693,0.1016949152542373
549687,CCC,2014J,0.05,0.07142857142857142,0.058823529411764705
549690,DDD,2013B,0.1,0.08333333333333333,0.0909090909090909
549698,DDD,2013B,0.05,0.05263157894736842,0.05128205128205128
549706,CCC,2014J,0.2,0.1,0.13333333333333333
549706,FFF,2013B,0.1,0.03333333333333333,0.05
549710,DDD,2013B,0.1,0.1111111111111111,0.10526315789473685
549731,DDD,2013B,0.2,0.1111111111111111,0.14285714285714285
549732,BBB,2013B,0.0,0.0,0.0
549751,FFF,2013B,0.1,0.07692307692307693,0.08695652173913043
549754,BBB,2013B,0.1,0.25,0.14285714285714288
549775,BBB,2014J,0.2,0.16,0.17777777777777778
549783,CCC,2014J,0.25,0.15625,0.19230769230769232
549783,DDD,2013B,0.1,0.06896551724137931,0.08163265306122448
549790,FFF,2013B,0.05,0.08333333333333333,0.0625
549792,FFF,2014B,0.05,0.0196078431372549,0.02816901408450704
549795,DDD,2013B,0.0,0.0,0.0
549825,FFF,2013B,0.05,0.0625,0.05555555555555556
549847,FFF,2014J,0.2,0.08,0.11428571428571428
549862,BBB,2013B,0.05,0.125,0.07142857142857144
549872,DDD,2013B,0.0,0.0,0.0
549873,BBB,2013B,0.0,0.0,0.0
549873,BBB,2013J,0.15,0.25,0.18749999999999997
549887,GGG,2013J,0.05,0.07142857142857142,0.058823529411764705
549888,CCC,2014J,0.05,0.07692307692307693,0.060606060606060615
549897,DDD,2013B,0.25,0.044642857142857144,0.07575757575757576
549898,FFF,2013B,0.0,0.0,0.0
549909,GGG,2013J,0.15,0.2727272727272727,0.19354838709677416
549913,DDD,2013B,0.0,0.0,0.0
549918,BBB,2013J,0.0,0.0,0.0
549922,EEE,2014J,0.25,0.45454545454545453,0.3225806451612903
549951,CCC,2014B,0.2,0.16,0.17777777777777778
549960,EEE,2013J,0.15,0.25,0.18749999999999997
549973,GGG,2013J,0.0,0.0,0.0
550025,EEE,2013J,0.1,0.25,0.14285714285714288
550026,FFF,2013B,0.05,0.02702702702702703,0.03508771929824561
550038,FFF,2014B,0.15,0.1111111111111111,0.12765957446808512
550046,DDD,2014B,0.05,0.05,0.05000000000000001
550064,DDD,2013B,0.15,0.1875,0.16666666666666663
550077,BBB,2013B,0.1,0.07142857142857142,0.08333333333333333
550081,BBB,2014J,0.0,0.0,0.0
550092,DDD,2013B,0.05,0.029411764705882353,0.03703703703703704
550097,FFF,2014B,0.1,0.07407407407407407,0.0851063829787234
550098,BBB,2013B,0.2,0.17391304347826086,0.18604651162790697
550123,FFF,2013B,0.1,0.11764705882352941,0.1081081081081081
550209,BBB,2013B,0.0,0.0,0.0
550245,BBB,2014J,0.0,0.0,0.0
550269,BBB,2014B,0.0,0.0,0.0
550272,FFF,2013B,0.05,0.02631578947368421,0.034482758620689655
550287,FFF,2013B,0.25,0.08928571428571429,0.13157894736842105
550331,DDD,2013J,0.05,0.034482758620689655,0.04081632653061224
550342,BBB,2013B,0.15,0.125,0.13636363636363635
550354,BBB,2013B,0.0,0.0,0.0
550357,EEE,2014B,0.0,0.0,0.0
550358,DDD,2014J,0.05,0.09090909090909091,0.06451612903225806
550380,DDD,2014J,0.0,0.0,0.0
550381,BBB,2013B,0.1,0.11764705882352941,0.1081081081081081
550393,EEE,2013J,0.2,0.8,0.32000000000000006
550400,BBB,2013B,0.0,0.0,0.0
550403,BBB,2013B,0.1,0.14285714285714285,0.11764705882352941
550412,BBB,2013J,0.0,0.0,0.0
550420,FFF,2014J,0.1,0.06666666666666667,0.08
550435,FFF,2013B,0.1,0.2,0.13333333333333333
550470,FFF,2013B,0.05,0.022727272727272728,0.03125000000000001
550495,FFF,2013B,0.0,0.0,0.0
550515,GGG,2014B,0.05,0.16666666666666666,0.07692307692307691
550520,BBB,2013B,0.1,0.14285714285714285,0.11764705882352941
550545,CCC,2014J,0.0,0.0,0.0
550545,DDD,2013B,0.05,0.06666666666666667,0.05714285714285715
550549,BBB,2013B,0.1,0.2222222222222222,0.13793103448275865
550556,FFF,2013J,0.1,0.16666666666666666,0.125
550573,EEE,2014J,0.15,0.2727272727272727,0.19354838709677416
550597,BBB,2013B,0.05,0.125,0.07142857142857144
550604,DDD,2013B,0.15,0.08333333333333333,0.10714285714285714
550613,BBB,2013B,0.05,0.041666666666666664,0.04545454545454545
550638,DDD,2014B,0.0,0.0,0.0
550651,FFF,2013B,0.1,0.08333333333333333,0.0909090909090909
550668,BBB,2013B,0.0,0.0,0.0
550702,CCC,2014J,0.0,0.0,0.0
550703,FFF,2014J,0.45,0.10588235294117647,0.17142857142857143
550707,BBB,2013B,0.0,0.0,0.0
550708,BBB,2013B,0.0,0.0,0.0
550725,DDD,2013B,0.05,0.05555555555555555,0.052631578947368425
550736,FFF,2013B,0.05,0.024390243902439025,0.03278688524590164
550758,GGG,2014B,0.1,0.10526315789473684,0.10256410256410256
550762,DDD,2013B,0.1,0.14285714285714285,0.11764705882352941
550763,FFF,2013B,0.15,0.07692307692307693,0.1016949152542373
550787,FFF,2013B,0.05,0.022222222222222223,0.030769230769230767
550792,FFF,2013B,0.0,0.0,0.0
550797,FFF,2013B,0.1,0.14285714285714285,0.11764705882352941
550802,FFF,2013B,0.15,0.07317073170731707,0.09836065573770492
550812,CCC,2014B,0.0,0.0,0.0
550812,EEE,2014B,0.05,0.5,0.09090909090909091
550813,FFF,2013B,0.05,0.09090909090909091,0.06451612903225806
550814,CCC,2014J,0.05,0.25,0.08333333333333334
550814,DDD,2013J,0.05,0.07692307692307693,0.060606060606060615
550853,FFF,2013B,0.05,0.020833333333333332,0.029411764705882353
550865,DDD,2013B,0.2,0.10526315789473684,0.13793103448275862
550866,FFF,2013B,0.05,1.0,0.09523809523809523
550880,BBB,2013J,0.0,0.0,0.0
550898,BBB,2013B,0.0,0.0,0.0
550903,FFF,2014B,0.2,0.05405405405405406,0.0851063829787234
550921,BBB,2013B,0.05,0.09090909090909091,0.06451612903225806
550923,BBB,2013B,0.0,0.0,0.0
550925,FFF,2014B,0.2,0.13793103448275862,0.16326530612244897
550933,FFF,2013B,0.1,0.08333333333333333,0.0909090909090909
550941,BBB,2013J,0.0,0.0,0.0
550961,FFF,2013B,0.0,0.0,0.0
550963,BBB,2013B,0.05,0.06666666666666667,0.05714285714285715
551017,EEE,2013J,0.3,0.6,0.4
551027,FFF,2013B,0.05,0.030303030303030304,0.03773584905660378
551031,BBB,2013J,0.15,0.2,0.17142857142857143
551032,BBB,2013B,0.05,0.07142857142857142,0.058823529411764705
551053,BBB,2014B,0.0,0.0,0.0
551058,FFF,2013B,0.1,0.06060606060606061,0.07547169811320756
551080,BBB,2013B,0.05,0.06666666666666667,0.05714285714285715
551115,CCC,2014B,0.2,0.21052631578947367,0.20512820512820512
551126,DDD,2013J,0.1,0.034482758620689655,0.05128205128205129
551129,BBB,2013B,0.0,0.0,0.0
551169,DDD,2013B,0.05,0.07142857142857142,0.058823529411764705
551171,DDD,2014B,0.1,0.07407407407407407,0.0851063829787234
551182,EEE,2014J,0.2,0.4,0.26666666666666666
551183,DDD,2013B,0.05,0.043478260869565216,0.046511627906976744
551205,BBB,2013J,0.0,0.0,0.0
551212,FFF,2013B,0.05,0.043478260869565216,0.046511627906976744
551214,CCC,2014J,0.05,0.09090909090909091,0.06451612903225806
551214,DDD,2013J,0.05,0.024390243902439025,0.03278688524590164
551219,BBB,2013J,0.0,0.0,0.0
551234,BBB,2013J,0.1,0.041666666666666664,0.058823529411764705
551242,BBB,2014J,0.2,0.26666666666666666,0.2285714285714286
551245,FFF,2013J,0.1,0.06060606060606061,0.07547169811320756
551252,BBB,2014B,0.0,0.0,0.0
551258,FFF,2013B,0.0,0.0,0.0
551267,CCC,2014B,0.15,0.17647058823529413,0.16216216216216214
551277,FFF,2013J,0.0,0.0,0.0
551282,BBB,2013B,0.05,0.1111111111111111,0.06896551724137932
551304,CCC,2014B,0.1,0.1,0.10000000000000002
551311,FFF,2013B,0.1,0.09523809523809523,0.0975609756097561
551332,CCC,2014J,0.0,0.0,0.0
551334,DDD,2013B,0.0,0.0,0.0
551347,BBB,2013J,0.05,0.5,0.09090909090909091
551354,FFF,2013J,0.15,0.09375,0.11538461538461538
551375,DDD,2013B,0.0,0.0,0.0
551389,GGG,2013J,0.1,0.1111111111111111,0.10526315789473685
551397,CCC,2014J,0.15,0.1,0.12
551397,FFF,2013B,0.4,0.10126582278481013,0.16161616161616163
551399,FFF,2013J,0.1,0.06896551724137931,0.08163265306122448
551456,DDD,2013J,0.0,0.0,0.0
551478,CCC,2014B,0.1,0.1111111111111111,0.10526315789473685
551478,DDD,2013B,0.0,0.0,0.0
551480,BBB,2013B,0.05,0.058823529411764705,0.05405405405405405
551487,BBB,2013B,0.05,0.08333333333333333,0.0625
551495,FFF,2013B,0.1,0.2,0.13333333333333333
551515,BBB,2014B,0.1,0.058823529411764705,0.07407407407407408
551550,DDD,2013B,0.05,0.1,0.06666666666666667
551557,FFF,2013J,0.0,0.0,0.0
551562,GGG,2014B,0.1,0.15384615384615385,0.12121212121212123
551573,DDD,2013B,0.2,0.1111111111111111,0.14285714285714285
551576,BBB,2013B,0.05,0.0625,0.05555555555555556
551583,FFF,2013B,0.0,0.0,0.0
551602,FFF,2013B,0.0,0.0,0.0
551604,CCC,2014B,0.0,0.0,0.0
551688,FFF,2013B,0.0,0.0,0.0
551702,BBB,2013B,0.0,0.0,0.0
551706,BBB,2013B,0.0,0.0,0.0
551714,BBB,2013B,0.0,0.0,0.0
551715,BBB,2013B,0.1,0.11764705882352941,0.1081081081081081
551716,BBB,2013B,0.1,0.15384615384615385,0.12121212121212123
551760,DDD,2013J,0.0,0.0,0.0
551770,BBB,2013B,0.0,0.0,0.0
551772,CCC,2014J,0.0,0.0,0.0
551791,FFF,2013B,0.05,0.09090909090909091,0.06451612903225806
551796,FFF,2013B,0.1,0.06896551724137931,0.08163265306122448
551802,BBB,2013J,0.05,0.058823529411764705,0.05405405405405405
551805,FFF,2013B,0.0,0.0,0.0
551812,FFF,2013J,0.05,0.05555555555555555,0.052631578947368425
551814,DDD,2014B,0.1,0.05405405405405406,0.07017543859649122
551836,BBB,2013J,0.2,0.5,0.28571428571428575
551856,CCC,2014B,0.2,0.13793103448275862,0.16326530612244897
551856,EEE,2014B,0.15,0.1875,0.16666666666666663
551886,BBB,2013B,0.05,0.1,0.06666666666666667
551895,BBB,2013B,0.05,0.14285714285714285,0.07407407407407408
551902,CCC,2014B,0.05,1.0,0.09523809523809523
551906,BBB,2013B,0.05,0.125,0.07142857142857144
551922,BBB,2014J,0.05,0.1111111111111111,0.06896551724137932
551938,BBB,2013B,0.0,0.0,0.0
551954,BBB,2013B,0.05,0.3333333333333333,0.08695652173913045
552003,DDD,2014B,0.1,0.03571428571428571,0.05263157894736841
552007,BBB,2013B,0.15,0.08571428571428572,0.10909090909090909
552017,BBB,2013B,0.15,0.1,0.12
552039,BBB,2013B,0.0,0.0,0.0
552067,EEE,2014B,0.25,0.5,0.3333333333333333
552104,FFF,2013J,0.2,0.05333333333333334,0.08421052631578947
552110,BBB,2013B,0.0,0.0,0.0
552114,DDD,2014J,0.05,0.1,0.06666666666666667
552116,BBB,2013J,0.1,0.25,0.14285714285714288
552142,FFF,2013B,0.15,0.10714285714285714,0.125
552166,DDD,2013B,0.1,0.08,0.08888888888888889
552173,FFF,2014J,0.25,0.11627906976744186,0.15873015873015872
552205,BBB,2013J,0.0,0.0,0.0
552220,CCC,2014J,0.05,0.1111111111111111,0.06896551724137932
552222,BBB,2013B,0.0,0.0,0.0
552255,DDD,2014B,0.05,0.08333333333333333,0.0625
552273,BBB,2013B,0.0,0.0,0.0
552282,DDD,2013J,0.05,0.2,0.08000000000000002
552284,FFF,2014B,0.05,0.04,0.044444444444444446
552313,DDD,2013J,0.1,0.0625,0.07692307692307693
552320,FFF,2013B,0.0,0.0,0.0
552339,BBB,2013J,0.1,0.13333333333333333,0.1142857142857143
552374,FFF,2013B,0.0,0.0,0.0
552395,FFF,2013B,0.0,0.0,0.0
552395,FFF,2014B,0.0,0.0,0.0
552399,BBB,2013J,0.0,0.0,0.0
552441,CCC,2014B,0.2,0.16666666666666666,0.1818181818181818
552441,EEE,2014J,0.25,0.2777777777777778,0.2631578947368421
552450,FFF,2013B,0.05,0.038461538461538464,0.043478260869565216
552486,GGG,2014B,0.3,0.3157894736842105,0.3076923076923077
552491,FFF,2013B,0.05,0.04,0.044444444444444446
552498,CCC,2014J,0.0,0.0,0.0
552515,BBB,2013J,0.0,0.0,0.0
552535,BBB,2013B,0.0,0.0,0.0
552567,FFF,2013B,0.05,0.1,0.06666666666666667
552622,BBB,2013J,0.0,0.0,0.0
552635,DDD,2013B,0.05,0.030303030303030304,0.03773584905660378
552648,FFF,2013B,0.1,0.0425531914893617,0.05970149253731343
552648,FFF,2014B,0.15,0.08571428571428572,0.10909090909090909
552661,DDD,2013B,0.3,0.13953488372093023,0.1904761904761905
552667,BBB,2013B,0.05,0.07692307692307693,0.060606060606060615
552698,BBB,2014J,0.0,0.0,0.0
552701,BBB,2013B,0.0,0.0,0.0
552708,FFF,2013B,0.1,0.06060606060606061,0.07547169811320756
552721,FFF,2013B,0.0,0.0,0.0
552747,DDD,2013J,0.1,0.05263157894736842,0.06896551724137931
552750,GGG,2013J,0.15,0.5,0.23076923076923075
552789,DDD,2013B,0.05,0.043478260869565216,0.046511627906976744
552795,EEE,2013J,0.15,0.23076923076923078,0.18181818181818185
552822,BBB,2013B,0.05,0.1,0.06666666666666667
552826,BBB,2013B,0.0,0.0,0.0
552859,BBB,2013B,0.05,0.08333333333333333,0.0625
552894,BBB,2013B,0.1,0.18181818181818182,0.12903225806451613
552898,DDD,2013J,0.05,0.07692307692307693,0.060606060606060615
552902,BBB,2013B,0.05,0.25,0.08333333333333334
552913,CCC,2014B,0.05,0.07692307692307693,0.060606060606060615
552914,BBB,2013B,0.0,0.0,0.0
552921,DDD,2013B,0.15,0.09375,0.11538461538461538
552929,BBB,2013B,0.0,0.0,0.0
552955,DDD,2013B,0.0,0.0,0.0
552965,CCC,2014J,0.3,0.3,0.3
552965,DDD,2014J,0.15,0.06976744186046512,0.09523809523809525
552987,FFF,2013B,0.05,0.02857142857142857,0.03636363636363636
552991,BBB,2013B,0.0,0.0,0.0
553017,FFF,2013B,0.2,0.16666666666666666,0.1818181818181818
553021,CCC,2014B,0.1,0.125,0.11111111111111112
553031,FFF,2014J,0.05,0.043478260869565216,0.046511627906976744
553047,BBB,2013B,0.05,0.07692307692307693,0.060606060606060615
553078,BBB,2013J,0.0,0.0,0.0
553100,FFF,2013B,0.1,0.05128205128205128,0.06779661016949151
553104,FFF,2013B,0.05,0.058823529411764705,0.05405405405405405
553125,BBB,2013B,0.05,0.25,0.08333333333333334
553155,FFF,2013B,0.0,0.0,0.0
553187,FFF,2013J,0.0,0.0,0.0
553220,FFF,2013B,0.35,0.11475409836065574,0.1728395061728395
553262,FFF,2013B,0.15,0.0625,0.08823529411764706
553275,DDD,2013B,0.0,0.0,0.0
553280,CCC,2014B,0.05,0.1,0.06666666666666667
553280,DDD,2013J,0.0,0.0,0.0
553283,FFF,2013J,0.05,0.047619047619047616,0.04878048780487805
553284,FFF,2014J,0.05,0.045454545454545456,0.04761904761904762
553301,DDD,2013J,0.15,0.08333333333333333,0.10714285714285714
553321,BBB,2013B,0.1,0.10526315789473684,0.10256410256410256
553325,FFF,2013B,0.05,0.024390243902439025,0.03278688524590164
553364,FFF,2013J,0.1,0.05555555555555555,0.07142857142857142
553367,DDD,2014J,0.15,0.1,0.12
553382,DDD,2013B,0.2,0.11764705882352941,0.14814814814814817
553394,CCC,2014B,0.3,0.1875,0.23076923076923075
553425,FFF,2013B,0.05,0.07142857142857142,0.058823529411764705
553427,FFF,2013J,0.15,0.1111111111111111,0.12765957446808512
553442,BBB,2013B,0.1,0.125,0.11111111111111112
553462,BBB,2013B,0.05,0.2,0.08000000000000002
553487,BBB,2013B,0.0,0.0,0.0
553500,FFF,2013B,0.05,0.03333333333333333,0.04
553502,BBB,2013B,0.0,0.0,0.0
553508,BBB,2013B,0.05,0.14285714285714285,0.07407407407407408
553528,FFF,2013B,0.15,0.13636363636363635,0.14285714285714282
553572,BBB,2013B,0.15,0.125,0.13636363636363635
553575,DDD,2013B,0.25,0.08196721311475409,0.12345679012345678
553599,CCC,2014J,0.15,0.1111111111111111,0.12765957446808512
553643,GGG,2013J,0.05,0.08333333333333333,0.0625
553649,FFF,2013B,0.0,0.0,0.0
553655,CCC,2014B,0.15,0.11538461538461539,0.13043478260869565
553655,FFF,2013B,0.0,0.0,0.0
553716,BBB,2013B,0.0,0.0,0.0
553719,CCC,2014J,0.35,0.2,0.2545454545454545
553719,DDD,2013J,0.05,0.037037037037037035,0.0425531914893617
553727,FFF,2013B,0.05,0.07142857142857142,0.058823529411764705
553729,BBB,2013B,0.0,0.0,0.0
553733,BBB,2014B,0.0,0.0,0.0
553741,CCC,2014B,0.0,0.0,0.0
553741,CCC,2014J,0.05,0.1,0.06666666666666667
553781,FFF,2013B,0.0,0.0,0.0
553800,BBB,2013B,0.05,0.25,0.08333333333333334
553808,BBB,2014B,0.15,0.1111111111111111,0.12765957446808512
553813,FFF,2013B,0.0,0.0,0.0
553813,FFF,2014J,0.05,0.038461538461538464,0.043478260869565216
553825,BBB,2013J,0.0,0.0,0.0
553831,FFF,2013B,0.05,0.02040816326530612,0.02898550724637681
553840,BBB,2013B,0.05,0.038461538461538464,0.043478260869565216
553856,BBB,2013J,0.2,0.15384615384615385,0.17391304347826086
553878,FFF,2013B,0.0,0.0,0.0
553963,FFF,2013B,0.05,0.05263157894736842,0.05128205128205128
553964,DDD,2013B,0.05,0.047619047619047616,0.04878048780487805
554004,BBB,2014B,0.2,0.16666666666666666,0.1818181818181818
554038,FFF,2013B,0.05,0.05263157894736842,0.05128205128205128
554044,FFF,2013B,0.0,0.0,0.0
554048,BBB,2014J,0.15,0.15789473684210525,0.15384615384615385
554052,EEE,2013J,0.0,0.0,0.0
554063,FFF,2014J,0.2,0.0975609756097561,0.13114754098360656
554065,CCC,2014J,0.0,0.0,0.0
554065,DDD,2014B,0.1,0.03571428571428571,0.05263157894736841
554083,BBB,2013B,0.05,0.06666666666666667,0.05714285714285715
554141,CCC,2014B,0.0,0.0,0.0
554161,DDD,2013B,0.0,0.0,0.0
554166,FFF,2013B,0.05,0.07692307692307693,0.060606060606060615
554174,DDD,2013B,0.15,0.09375,0.11538461538461538
554193,DDD,2013B,0.1,0.07142857142857142,0.08333333333333333
554205,CCC,2014B,0.1,0.13333333333333333,0.1142857142857143
554205,DDD,2013B,0.15,0.15789473684210525,0.15384615384615385
554206,BBB,2013B,0.05,0.16666666666666666,0.07692307692307691
554226,BBB,2013B,0.0,0.0,0.0
554235,EEE,2013J,0.05,1.0,0.09523809523809523
554236,FFF,2013B,0.05,0.029411764705882353,0.03703703703703704
554243,BBB,2013J,0.0,0.0,0.0
554245,DDD,2013B,0.3,0.09836065573770492,0.14814814814814814
554256,FFF,2013B,0.1,0.13333333333333333,0.1142857142857143
554257,FFF,2013J,0.05,0.02564102564102564,0.033898305084745756
554283,DDD,2013J,0.05,0.05,0.05000000000000001
554289,FFF,2013B,0.05,0.03125,0.038461538461538464
554295,DDD,2013B,0.0,0.0,0.0
554314,BBB,2013J,0.0,0.0,0.0
554331,FFF,2013B,0.1,0.058823529411764705,0.07407407407407408
554336,BBB,2013B,0.0,0.0,0.0
554344,BBB,2013B,0.0,0.0,0.0
554352,BBB,2013B,0.0,0.0,0.0
554356,DDD,2013J,0.15,0.05,0.075
554372,FFF,2013B,0.1,0.08695652173913043,0.09302325581395349
554374,BBB,2013B,0.0,0.0,0.0
554435,FFF,2013B,0.3,0.1,0.15
554446,DDD,2013B,0.0,0.0,0.0
554459,CCC,2014J,0.0,0.0,0.0
554459,EEE,2014J,0.1,0.3333333333333333,0.15384615384615383
554470,FFF,2013J,0.05,0.02564102564102564,0.033898305084745756
554476,FFF,2013B,0.1,0.047619047619047616,0.06451612903225806
554484,DDD,2013B,0.1,0.047619047619047616,0.06451612903225806
554525,FFF,2014J,0.15,0.15,0.15
554540,BBB,2013J,0.2,0.13333333333333333,0.16
554551,BBB,2013B,0.0,0.0,0.0
554558,FFF,2013B,0.25,0.16666666666666666,0.2
554574,DDD,2013B,0.1,0.16666666666666666,0.125
554580,GGG,2014J,0.35,0.3333333333333333,0.3414634146341463
554583,CCC,2014B,0.1,0.15384615384615385,0.12121212121212123
554583,EEE,2013J,0.1,0.2222222222222222,0.13793103448275865
554586,FFF,2013J,0.05,0.045454545454545456,0.04761904761904762
554588,DDD,2013B,0.0,0.0,0.0
554592,FFF,2013B,0.05,0.029411764705882353,0.03703703703703704
554599,BBB,2014J,0.0,0.0,0.0
554608,BBB,2013B,0.2,0.2222222222222222,0.2105263157894737
554620,FFF,2013B,0.1,0.05263157894736842,0.06896551724137931
554664,FFF,2013B,0.1,0.06666666666666667,0.08
554691,DDD,2013J,0.0,0.0,0.0
554712,DDD,2014B,0.0,0.0,0.0
554746,DDD,2014J,0.0,0.0,0.0
554748,FFF,2013B,0.05,0.029411764705882353,0.03703703703703704
554761,CCC,2014J,0.2,0.18181818181818182,0.1904761904761905
554761,FFF,2013B,0.2,0.09523809523809523,0.12903225806451613
554773,DDD,2013B,0.05,0.16666666666666666,0.07692307692307691
554795,BBB,2013B,0.15,0.15789473684210525,0.15384615384615385
554813,FFF,2013B,0.0,0.0,0.0
554830,BBB,2013B,0.0,0.0,0.0
554846,FFF,2013J,0.2,0.08888888888888889,0.12307692307692307
554852,FFF,2013B,0.0,0.0,0.0
554863,DDD,2014J,0.25,0.16129032258064516,0.19607843137254902
554870,CCC,2014B,0.1,0.14285714285714285,0.11764705882352941
554881,DDD,2013B,0.05,0.047619047619047616,0.04878048780487805
554881,FFF,2014B,0.0,0.0,0.0
554885,DDD,2013B,0.0,0.0,0.0
554894,BBB,2013B,0.05,0.0625,0.05555555555555556
554898,BBB,2013B,0.0,0.0,0.0
554908,FFF,2013B,0.1,0.07692307692307693,0.08695652173913043
554930,BBB,2013B,0.0,0.0,0.0
554940,FFF,2013B,0.1,0.10526315789473684,0.10256410256410256
554951,CCC,2014B,0.1,0.09090909090909091,0.09523809523809525
554967,GGG,2013J,0.0,0.0,0.0
554969,BBB,2014B,0.0,0.0,0.0
554995,DDD,2013B,0.1,0.058823529411764705,0.07407407407407408
554998,BBB,2013B,0.0,0.0,0.0
554999,EEE,2014J,0.0,0.0,0.0
555008,CCC,2014B,0.05,0.125,0.07142857142857144
555015,BBB,2014B,0.1,0.15384615384615385,0.12121212121212123
555022,EEE,2014B,0.15,0.3333333333333333,0.20689655172413793
555049,FFF,2014J,0.05,0.03225806451612903,0.0392156862745098
555059,BBB,2013B,0.0,0.0,0.0
555086,BBB,2013B,0.05,0.1111111111111111,0.06896551724137932
555102,BBB,2013B,0.0,0.0,0.0
555144,FFF,2013B,0.1,0.11764705882352941,0.1081081081081081
555228,EEE,2013J,0.1,0.18181818181818182,0.12903225806451613
555239,DDD,2013J,0.3,0.13953488372093023,0.1904761904761905
555250,FFF,2013B,0.0,0.0,0.0
555263,BBB,2013B,0.1,0.1111111111111111,0.10526315789473685
555309,BBB,2013B,0.05,0.05555555555555555,0.052631578947368425
555316,DDD,2013J,0.0,0.0,0.0
555346,BBB,2013J,0.0,0.0,0.0
555349,FFF,2013B,0.1,0.046511627906976744,0.06349206349206349
555407,BBB,2013B,0.1,0.2222222222222222,0.13793103448275865
555408,DDD,2013B,0.05,0.07142857142857142,0.058823529411764705
555414,BBB,2013B,0.1,0.2,0.13333333333333333
555444,FFF,2013B,0.15,0.13636363636363635,0.14285714285714282
555446,DDD,2013B,0.1,0.125,0.11111111111111112
555447,EEE,2013J,0.05,0.16666666666666666,0.07692307692307691
555498,CCC,2014J,0.15,0.15789473684210525,0.15384615384615385
555498,FFF,2013J,0.3,0.08955223880597014,0.13793103448275862
555503,FFF,2013B,0.15,0.0967741935483871,0.11764705882352941
555604,CCC,2014B,0.15,0.15,0.15
555614,BBB,2013J,0.0,0.0,0.0
555644,DDD,2013J,0.05,0.16666666666666666,0.07692307692307691
555667,BBB,2013B,0.05,0.05555555555555555,0.052631578947368425
555670,BBB,2013B,0.0,0.0,0.0
555672,BBB,2013B,0.0,0.0,0.0
555673,BBB,2013B,0.1,0.11764705882352941,0.1081081081081081
555674,BBB,2013B,0.0,0.0,0.0
555675,BBB,2013B,0.0,0.0,0.0
555695,BBB,2013B,0.0,0.0,0.0
555706,CCC,2014B,0.1,0.07407407407407407,0.0851063829787234
555709,FFF,2013B,0.05,0.09090909090909091,0.06451612903225806
555721,BBB,2013J,0.1,0.07692307692307693,0.08695652173913043
555740,DDD,2013B,0.05,0.047619047619047616,0.04878048780487805
555747,BBB,2013B,0.05,0.047619047619047616,0.04878048780487805
555749,BBB,2014J,0.05,0.05263157894736842,0.05128205128205128
555756,EEE,2014B,0.2,0.3333333333333333,0.25
555760,CCC,2014J,0.1,0.5,0.16666666666666669
555786,FFF,2013J,0.05,0.05555555555555555,0.052631578947368425
555791,DDD,2013J,0.1,0.07142857142857142,0.08333333333333333
555827,FFF,2014J,0.0,0.0,0.0
555837,BBB,2013B,0.0,0.0,0.0
555838,BBB,2013B,0.1,0.125,0.11111111111111112
555855,FFF,2013J,0.2,0.05333333333333334,0.08421052631578947
555860,BBB,2014B,0.0,0.0,0.0
555884,CCC,2014J,0.1,0.18181818181818182,0.12903225806451613
555929,FFF,2014B,0.05,0.038461538461538464,0.043478260869565216
555946,BBB,2013B,0.05,0.3333333333333333,0.08695652173913045
555989,CCC,2014J,0.15,0.15,0.15
555989,DDD,2014J,0.1,0.08333333333333333,0.0909090909090909
555994,BBB,2014B,0.05,0.07692307692307693,0.060606060606060615
556004,FFF,2013B,0.0,0.0,0.0
556012,BBB,2014B,0.0,0.0,0.0
556022,FFF,2013B,0.2,0.1,0.13333333333333333
556057,DDD,2014B,0.0,0.0,0.0
556082,DDD,2013B,0.2,0.10810810810810811,0.14035087719298245
556089,BBB,2013J,0.0,0.0,0.0
556109,EEE,2013J,0.2,0.36363636363636365,0.25806451612903225
556126,FFF,2014J,0.2,0.0784313725490196,0.11267605633802816
556133,FFF,2013B,0.25,0.09803921568627451,0.14084507042253522
556140,CCC,2014J,0.0,0.0,0.0
556140,FFF,2014B,0.15,0.06818181818181818,0.09374999999999999
556165,DDD,2013B,0.05,0.06666666666666667,0.05714285714285715
556175,BBB,2013J,0.05,0.09090909090909091,0.06451612903225806
556177,EEE,2013J,0.15,0.3,0.2
556185,DDD,2013B,0.1,0.04878048780487805,0.06557377049180328
556210,FFF,2013B,0.05,0.037037037037037035,0.0425531914893617
556211,EEE,2013J,0.0,0.0,0.0
556228,BBB,2013J,0.0,0.0,0.0
556231,EEE,2013J,0.15,0.6,0.24
556246,CCC,2014B,0.05,0.05263157894736842,0.05128205128205128
556251,CCC,2014J,0.1,0.08695652173913043,0.09302325581395349
556251,FFF,2013B,0.05,0.03225806451612903,0.0392156862745098
556284,BBB,2013B,0.0,0.0,0.0
556292,BBB,2013B,0.2,0.14814814814814814,0.1702127659574468
556295,CCC,2014B,0.2,0.13333333333333333,0.16
556295,DDD,2013B,0.0,0.0,0.0
556301,BBB,2013B,0.05,0.09090909090909091,0.06451612903225806
556302,FFF,2013B,0.15,0.125,0.13636363636363635
556308,DDD,2013B,0.2,0.14814814814814814,0.1702127659574468
556337,DDD,2013B,0.25,0.13157894736842105,0.1724137931034483
556349,BBB,2013B,0.25,0.125,0.16666666666666666
556362,DDD,2013B,0.0,0.0,0.0
556370,DDD,2013B,0.05,0.0625,0.05555555555555556
556373,DDD,2013B,0.15,0.07142857142857142,0.09677419354838708
556374,DDD,2014J,0.05,0.045454545454545456,0.04761904761904762
556389,DDD,2013B,0.0,0.0,0.0
556391,FFF,2013B,0.15,0.06666666666666667,0.09230769230769231
556406,GGG,2014B,0.15,0.21428571428571427,0.1764705882352941
556416,DDD,2014B,0.25,0.08928571428571429,0.13157894736842105
556429,FFF,2013B,0.0,0.0,0.0
556440,FFF,2013B,0.15,0.13636363636363635,0.14285714285714282
556476,CCC,2014J,0.05,0.07142857142857142,0.058823529411764705
556492,FFF,2014B,0.05,0.02564102564102564,0.033898305084745756
556498,FFF,2013B,0.1,0.07407407407407407,0.0851063829787234
556502,BBB,2013B,0.0,0.0,0.0
556509,GGG,2013J,0.0,0.0,0.0
556514,DDD,2014J,0.1,0.05714285714285714,0.07272727272727272
556520,GGG,2013J,0.1,0.14285714285714285,0.11764705882352941
556521,EEE,2013J,0.25,0.3125,0.2777777777777778
556523,GGG,2013J,0.45,0.32142857142857145,0.375
556539,DDD,2013J,0.05,0.03333333333333333,0.04
556540,FFF,2013B,0.15,0.05263157894736842,0.0779220779220779
556553,BBB,2013B,0.05,0.1111111111111111,0.06896551724137932
556567,FFF,2013B,0.2,0.21052631578947367,0.20512820512820512
556575,DDD,2013B,0.05,0.024390243902439025,0.03278688524590164
556584,CCC,2014B,0.1,0.1,0.10000000000000002
556584,DDD,2013B,0.0,0.0,0.0
556592,BBB,2013J,0.1,0.10526315789473684,0.10256410256410256
556605,BBB,2013B,0.0,0.0,0.0
556639,FFF,2013J,0.15,0.0625,0.08823529411764706
556644,BBB,2014J,0.15,0.15,0.15
556645,CCC,2014J,0.25,0.16129032258064516,0.19607843137254902
556645,EEE,2013J,0.15,0.3,0.2
556646,FFF,2013J,0.1,0.058823529411764705,0.07407407407407408
556659,FFF,2013B,0.15,0.08108108108108109,0.10526315789473685
556660,DDD,2013B,0.05,0.037037037037037035,0.0425531914893617
556692,BBB,2013B,0.0,0.0,0.0
556709,EEE,2013J,0.1,0.3333333333333333,0.15384615384615383
556721,DDD,2013B,0.0,0.0,0.0
556751,DDD,2013J,0.05,0.16666666666666666,0.07692307692307691
556774,DDD,2013B,0.1,0.1,0.10000000000000002
556780,DDD,2013B,0.2,0.21052631578947367,0.20512820512820512
556783,FFF,2013B,0.3,0.07228915662650602,0.11650485436893204
556785,DDD,2013B,0.1,0.1,0.10000000000000002
556824,CCC,2014J,0.15,0.14285714285714285,0.14634146341463414
556835,DDD,2013B,0.2,0.09090909090909091,0.12500000000000003
556853,BBB,2014B,0.0,0.0,0.0
556858,CCC,2014B,0.05,0.08333333333333333,0.0625
556860,BBB,2013B,0.0,0.0,0.0
556863,BBB,2014J,0.1,0.14285714285714285,0.11764705882352941
556865,BBB,2013B,0.0,0.0,0.0
556871,BBB,2013B,0.1,0.18181818181818182,0.12903225806451613
556876,BBB,2013B,0.05,0.5,0.09090909090909091
556877,BBB,2014B,0.0,0.0,0.0
556878,BBB,2013B,0.05,0.06666666666666667,0.05714285714285715
556880,FFF,2013B,0.05,0.5,0.09090909090909091
556883,BBB,2013B,0.05,0.03571428571428571,0.041666666666666664
556887,BBB,2013B,0.0,0.0,0.0
556892,BBB,2013B,0.1,0.2,0.13333333333333333
556898,BBB,2013B,0.1,0.1,0.10000000000000002
556918,DDD,2013B,0.1,0.08333333333333333,0.0909090909090909
556924,FFF,2013B,0.05,0.021739130434782608,0.030303030303030304
556931,FFF,2013B,0.1,0.13333333333333333,0.1142857142857143
556934,DDD,2013B,0.05,0.025,0.03333333333333333
556945,FFF,2013B,0.1,0.047619047619047616,0.06451612903225806
556959,BBB,2013B,0.15,0.17647058823529413,0.16216216216216214
556972,BBB,2013J,0.0,0.0,0.0
556987,BBB,2013B,0.0,0.0,0.0
556990,BBB,2013B,0.0,0.0,0.0
556992,BBB,2013B,0.0,0.0,0.0
556997,BBB,2013B,0.0,0.0,0.0
556999,BBB,2013B,0.05,0.09090909090909091,0.06451612903225806
557006,BBB,2013B,0.0,0.0,0.0
557012,FFF,2013J,0.15,0.09375,0.11538461538461538
557020,FFF,2013J,0.35,0.08433734939759036,0.13592233009708737
557024,BBB,2013B,0.0,0.0,0.0
557029,BBB,2014B,0.0,0.0,0.0
557032,BBB,2013B,0.2,0.17391304347826086,0.18604651162790697
557044,FFF,2013J,0.2,0.12903225806451613,0.1568627450980392
557045,DDD,2013B,0.0,0.0,0.0
557053,FFF,2013B,0.05,0.017543859649122806,0.025974025974025972
557054,FFF,2013J,0.15,0.0625,0.08823529411764706
557057,BBB,2013B,0.0,0.0,0.0
557060,BBB,2013B,0.05,0.2,0.08000000000000002
557085,FFF,2014J,0.1,0.07407407407407407,0.0851063829787234
557085,GGG,2013J,0.15,0.2,0.17142857142857143
557129,FFF,2013B,0.15,0.21428571428571427,0.1764705882352941
557145,BBB,2013B,0.0,0.0,0.0
557147,EEE,2013J,0.05,0.3333333333333333,0.08695652173913045
557177,FFF,2013B,0.0,0.0,0.0
557203,FFF,2013B,0.0,0.0,0.0
557220,BBB,2013B,0.15,0.15,0.15
557229,EEE,2014J,0.45,0.36,0.39999999999999997
557237,DDD,2014J,0.05,0.041666666666666664,0.04545454545454545
557285,BBB,2013B,0.0,0.0,0.0
557290,FFF,2014J,0.15,0.1111111111111111,0.12765957446808512
557308,BBB,2013B,0.1,0.08695652173913043,0.09302325581395349
557314,FFF,2013B,0.15,0.09375,0.11538461538461538
557325,BBB,2013B,0.0,0.0,0.0
557345,FFF,2013B,0.15,0.057692307692307696,0.08333333333333334
557358,DDD,2013B,0.0,0.0,0.0
557385,FFF,2013J,0.1,0.058823529411764705,0.07407407407407408
557388,FFF,2013B,0.25,0.08620689655172414,0.12820512820512822
557389,DDD,2014J,0.1,0.09090909090909091,0.09523809523809525
557395,FFF,2013J,0.1,0.06896551724137931,0.08163265306122448
557404,DDD,2014B,0.05,0.041666666666666664,0.04545454545454545
557415,EEE,2013J,0.3,0.35294117647058826,0.3243243243243243
557445,FFF,2013B,0.3,0.06382978723404255,0.10526315789473684
557451,BBB,2013B,0.0,0.0,0.0
557469,FFF,2014B,0.15,0.05660377358490566,0.0821917808219178
557474,DDD,2013J,0.0,0.0,0.0
557474,DDD,2014J,0.0,0.0,0.0
557477,DDD,2013B,0.05,0.125,0.07142857142857144
557528,BBB,2013B,0.0,0.0,0.0
557545,FFF,2013J,0.05,0.04,0.044444444444444446
557594,BBB,2013B,0.1,0.125,0.11111111111111112
557622,BBB,2013B,0.0,0.0,0.0
557650,CCC,2014J,0.25,0.25,0.25
557650,FFF,2014B,0.05,0.047619047619047616,0.04878048780487805
557652,BBB,2013J,0.0,0.0,0.0
557655,FFF,2013J,0.1,0.06060606060606061,0.07547169811320756
557661,FFF,2013J,0.0,0.0,0.0
557694,DDD,2013B,0.15,0.10344827586206896,0.12244897959183673
557700,CCC,2014J,0.2,0.21052631578947367,0.20512820512820512
557700,EEE,2014B,0.1,0.25,0.14285714285714288
557710,FFF,2013B,0.45,0.07692307692307693,0.13138686131386862
557735,FFF,2013J,0.0,0.0,0.0
557742,DDD,2013B,0.05,0.037037037037037035,0.0425531914893617
557758,BBB,2013B,0.05,0.07142857142857142,0.058823529411764705
557764,DDD,2013B,0.05,0.038461538461538464,0.043478260869565216
557766,FFF,2013J,0.0,0.0,0.0
557775,BBB,2013B,0.05,0.05263157894736842,0.05128205128205128
557787,FFF,2013B,0.05,0.0625,0.05555555555555556
557811,FFF,2013B,0.15,0.05555555555555555,0.08108108108108109
557840,FFF,2013B,0.1,0.07142857142857142,0.08333333333333333
557846,DDD,2013B,0.1,0.09090909090909091,0.09523809523809525
557877,FFF,2013B,0.05,0.047619047619047616,0.04878048780487805
557891,FFF,2013B,0.1,0.05405405405405406,0.07017543859649122
557911,DDD,2013B,0.1,0.07142857142857142,0.08333333333333333
557924,DDD,2013B,0.15,0.06521739130434782,0.09090909090909091
557959,CCC,2014J,0.05,0.125,0.07142857142857144
557968,BBB,2013B,0.0,0.0,0.0
557979,BBB,2013B,0.0,0.0,0.0
557995,CCC,2014B,0.0,0.0,0.0
558018,FFF,2013B,0.05,0.047619047619047616,0.04878048780487805
558021,DDD,2013J,0.05,0.02,0.02857142857142857
558024,BBB,2013B,0.0,0.0,0.0
558029,DDD,2014B,0.1,0.07692307692307693,0.08695652173913043
558040,BBB,2013B,0.0,0.0,0.0
558042,BBB,2013B,0.0,0.0,0.0
558044,FFF,2014J,0.3,0.08450704225352113,0.13186813186813187
558054,EEE,2013J,0.1,0.2857142857142857,0.14814814814814817
558066,BBB,2013B,0.05,0.5,0.09090909090909091
558068,BBB,2013B,0.0,0.0,0.0
558075,BBB,2013B,0.0,0.0,0.0
558084,BBB,2014B,0.0,0.0,0.0
558092,BBB,2013B,0.0,0.0,0.0
558098,FFF,2013B,0.15,0.06818181818181818,0.09374999999999999
558099,BBB,2013B,0.0,0.0,0.0
558104,FFF,2013B,0.0,0.0,0.0
558105,FFF,2014B,0.1,0.08,0.08888888888888889
558113,BBB,2013B,0.05,0.2,0.08000000000000002
558121,FFF,2014B,0.1,0.08695652173913043,0.09302325581395349
558140,DDD,2013J,0.05,1.0,0.09523809523809523
558168,BBB,2013B,0.05,0.1111111111111111,0.06896551724137932
558200,DDD,2013B,0.05,0.041666666666666664,0.04545454545454545
558208,FFF,2013B,0.35,0.08433734939759036,0.13592233009708737
558224,DDD,2013B,0.15,0.07317073170731707,0.09836065573770492
558247,BBB,2013B,0.0,0.0,0.0
558250,BBB,2013B,0.05,0.07142857142857142,0.058823529411764705
558262,FFF,2013B,0.0,0.0,0.0
558280,FFF,2013B,0.0,0.0,0.0
558290,DDD,2013B,0.2,0.09302325581395349,0.12698412698412698
558292,DDD,2014B,0.0,0.0,0.0
558333,BBB,2013J,0.1,0.2857142857142857,0.14814814814814817
558345,FFF,2013J,0.05,0.018518518518518517,0.02702702702702703
558373,BBB,2013B,0.1,0.09090909090909091,0.09523809523809525
558415,DDD,2013B,0.15,0.08333333333333333,0.10714285714285714
558435,BBB,2013B,0.05,0.125,0.07142857142857144
558440,CCC,2014J,0.05,0.1111111111111111,0.06896551724137932
558440,DDD,2013B,0.0,0.0,0.0
558463,CCC,2014J,0.0,0.0,0.0
558463,EEE,2013J,0.1,0.18181818181818182,0.12903225806451613
558484,FFF,2013J,0.05,0.04,0.044444444444444446
558486,GGG,2014J,0.1,0.18181818181818182,0.12903225806451613
558488,DDD,2013B,0.05,0.09090909090909091,0.06451612903225806
558489,FFF,2013B,0.15,0.11538461538461539,0.13043478260869565
558503,FFF,2013B,0.05,0.05,0.05000000000000001
558509,EEE,2014J,0.25,0.29411764705882354,0.27027027027027023
558518,CCC,2014B,0.2,0.21052631578947367,0.20512820512820512
558533,BBB,2013J,0.1,0.11764705882352941,0.1081081081081081
558558,FFF,2013B,0.05,0.01694915254237288,0.025316455696202535
558595,BBB,2014B,0.05,0.14285714285714285,0.07407407407407408
558597,FFF,2013B,0.0,0.0,0.0
558616,CCC,2014B,0.05,0.06666666666666667,0.05714285714285715
558622,BBB,2013B,0.05,0.09090909090909091,0.06451612903225806
558628,FFF,2013B,0.1,0.05,0.06666666666666667
558629,DDD,2014B,0.0,0.0,0.0
558635,FFF,2013J,0.0,0.0,0.0
558645,DDD,2013B,0.1,0.08695652173913043,0.09302325581395349
558661,BBB,2013J,0.0,0.0,0.0
558678,DDD,2013B,0.2,0.125,0.15384615384615385
558689,BBB,2013B,0.0,0.0,0.0
558692,FFF,2013B,0.0,0.0,0.0
558703,BBB,2013B,0.0,0.0,0.0
558705,DDD,2014B,0.05,0.043478260869565216,0.046511627906976744
558747,BBB,2013B,0.0,0.0,0.0
558760,FFF,2013B,0.2,0.19047619047619047,0.1951219512195122
558764,FFF,2014J,0.05,0.05555555555555555,0.052631578947368425
558765,DDD,2013J,0.05,0.03225806451612903,0.0392156862745098
558769,BBB,2013B,0.0,0.0,0.0
558770,FFF,2013B,0.05,0.045454545454545456,0.04761904761904762
558772,FFF,2013B,0.2,0.09302325581395349,0.12698412698412698
558787,DDD,2013B,0.1,0.06896551724137931,0.08163265306122448
558801,FFF,2013B,0.05,0.038461538461538464,0.043478260869565216
558806,DDD,2013B,0.15,0.16666666666666666,0.15789473684210525
558820,BBB,2013B,0.2,0.125,0.15384615384615385
558837,DDD,2013B,0.15,0.16666666666666666,0.15789473684210525
558839,CCC,2014J,0.2,0.21052631578947367,0.20512820512820512
558851,FFF,2013B,0.0,0.0,0.0
558893,FFF,2013J,0.25,0.07042253521126761,0.10989010989010989
558903,BBB,2013B,0.05,0.1111111111111111,0.06896551724137932
558907,FFF,2013B,0.15,0.06818181818181818,0.09374999999999999
558914,CCC,2014B,0.1,0.08,0.08888888888888889
558914,DDD,2013B,0.0,0.0,0.0
558915,FFF,2013B,0.2,0.08,0.11428571428571428
558921,BBB,2014B,0.05,0.047619047619047616,0.04878048780487805
558948,DDD,2013B,0.0,0.0,0.0
558955,BBB,2013B,0.0,0.0,0.0
558962,BBB,2013J,0.1,0.16666666666666666,0.125
558963,FFF,2013B,0.05,0.05263157894736842,0.05128205128205128
558965,BBB,2013B,0.05,0.1,0.06666666666666667
558970,FFF,2013J,0.0,0.0,0.0
558983,BBB,2013J,0.0,0.0,0.0
559004,FFF,2013B,0.15,0.1,0.12
559031,BBB,2013B,0.0,0.0,0.0
559058,FFF,2013B,0.1,0.10526315789473684,0.10256410256410256
559081,DDD,2013B,0.1,0.07692307692307693,0.08695652173913043
559096,DDD,2013J,0.05,0.058823529411764705,0.05405405405405405
559123,DDD,2013J,0.1,0.3333333333333333,0.15384615384615383
559140,DDD,2013J,0.15,0.07894736842105263,0.10344827586206896
559155,FFF,2013B,0.05,0.038461538461538464,0.043478260869565216
559157,CCC,2014B,0.0,0.0,0.0
559168,BBB,2013J,0.0,0.0,0.0
559180,BBB,2013B,0.05,0.1,0.06666666666666667
559253,BBB,2013B,0.0,0.0,0.0
559282,DDD,2013B,0.1,0.07142857142857142,0.08333333333333333
559293,DDD,2013B,0.0,0.0,0.0
559325,FFF,2013B,0.1,0.047619047619047616,0.06451612903225806
559328,DDD,2014B,0.05,0.058823529411764705,0.05405405405405405
559335,FFF,2013B,0.1,0.07407407407407407,0.0851063829787234
559336,BBB,2014B,0.05,0.03571428571428571,0.041666666666666664
559344,BBB,2014J,0.05,0.05263157894736842,0.05128205128205128
559350,BBB,2013B,0.0,0.0,0.0
559381,BBB,2014B,0.05,0.09090909090909091,0.06451612903225806
559382,BBB,2013J,0.15,0.15,0.15
559389,BBB,2013B,0.0,0.0,0.0
559405,FFF,2013B,0.0,0.0,0.0
559414,BBB,2013J,0.1,0.16666666666666666,0.125
559420,DDD,2013B,0.3,0.10714285714285714,0.15789473684210525
559423,FFF,2013B,0.35,0.07,0.11666666666666668
559428,FFF,2013J,0.15,0.05263157894736842,0.0779220779220779
559440,FFF,2013B,0.0,0.0,0.0
559447,DDD,2014J,0.2,0.0851063829787234,0.11940298507462686
559452,BBB,2013B,0.05,0.0625,0.05555555555555556
559454,FFF,2013B,0.0,0.0,0.0
559458,BBB,2013B,0.05,0.2,0.08000000000000002
559467,BBB,2014B,0.0,0.0,0.0
559469,DDD,2013B,0.0,0.0,0.0
559474,DDD,2013B,0.05,0.05263157894736842,0.05128205128205128
559475,BBB,2013B,0.0,0.0,0.0
559495,BBB,2013B,0.0,0.0,0.0
559518,CCC,2014J,0.1,0.25,0.14285714285714288
559518,EEE,2014B,0.05,0.3333333333333333,0.08695652173913045
559540,DDD,2013J,0.0,0.0,0.0
559551,EEE,2013J,0.05,1.0,0.09523809523809523
559573,BBB,2014B,0.0,0.0,0.0
559584,BBB,2013J,0.05,0.09090909090909091,0.06451612903225806
559589,FFF,2013B,0.0,0.0,0.0
559594,FFF,2013B,0.1,0.05714285714285714,0.07272727272727272
559595,BBB,2013B,0.0,0.0,0.0
559603,BBB,2013B,0.0,0.0,0.0
559606,BBB,2013B,0.0,0.0,0.0
559608,BBB,2013B,0.1,0.08695652173913043,0.09302325581395349
559609,FFF,2013B,0.05,0.05263157894736842,0.05128205128205128
559611,BBB,2013B,0.0,0.0,0.0
559612,DDD,2013B,0.05,0.09090909090909091,0.06451612903225806
559617,EEE,2013J,0.15,0.6,0.24
559642,FFF,2013B,0.15,0.04,0.06315789473684211
559651,BBB,2013B,0.0,0.0,0.0
559672,DDD,2013B,0.0,0.0,0.0
559680,DDD,2013J,0.05,0.01639344262295082,0.02469135802469136
559685,BBB,2013J,0.0,0.0,0.0
559706,CCC,2014B,0.1,0.11764705882352941,0.1081081081081081
559706,DDD,2013B,0.1,0.0625,0.07692307692307693
559707,DDD,2014J,0.0,0.0,0.0
559744,BBB,2013B,0.0,0.0,0.0
559754,FFF,2013J,0.15,0.10714285714285714,0.125
559758,EEE,2013J,0.1,0.4,0.16000000000000003
559760,FFF,2013B,0.05,0.014084507042253521,0.02197802197802198
559770,CCC,2014B,0.05,0.05263157894736842,0.05128205128205128
559770,FFF,2013B,0.1,0.03508771929824561,0.051948051948051945
559785,FFF,2013B,0.05,0.02564102564102564,0.033898305084745756
559813,FFF,2013J,0.15,0.08333333333333333,0.10714285714285714
559851,BBB,2013J,0.05,0.058823529411764705,0.05405405405405405
559852,DDD,2014J,0.2,0.10810810810810811,0.14035087719298245
559856,FFF,2013B,0.25,0.056179775280898875,0.09174311926605504
559861,BBB,2014B,0.1,0.25,0.14285714285714288
559863,CCC,2014J,0.25,0.14285714285714285,0.18181818181818182
559863,FFF,2013J,0.2,0.10810810810810811,0.14035087719298245
559872,DDD,2014B,0.15,0.10344827586206896,0.12244897959183673
559876,FFF,2014B,0.15,0.046153846153846156,0.07058823529411765
559903,DDD,2013B,0.1,0.05263157894736842,0.06896551724137931
559908,DDD,2013J,0.1,0.03076923076923077,0.04705882352941177
559912,EEE,2013J,0.0,0.0,0.0
559919,GGG,2013J,0.1,0.06896551724137931,0.08163265306122448
559930,DDD,2013B,0.2,0.26666666666666666,0.2285714285714286
559950,DDD,2013B,0.0,0.0,0.0
559979,FFF,2013J,0.05,0.03333333333333333,0.04
559992,DDD,2013J,0.4,0.125,0.19047619047619047
560015,DDD,2013J,0.0,0.0,0.0
560022,FFF,2013B,0.1,0.08,0.08888888888888889
560024,DDD,2013B,0.05,0.04,0.044444444444444446
560046,FFF,2013B,0.05,0.05,0.05000000000000001
560047,FFF,2014J,0.05,0.02040816326530612,0.02898550724637681
560064,CCC,2014J,0.1,0.09523809523809523,0.0975609756097561
560065,CCC,2014J,0.0,0.0,0.0
560072,FFF,2013B,0.1,0.04081632653061224,0.05797101449275362
560074,BBB,2013J,0.05,0.1111111111111111,0.06896551724137932
560075,BBB,2013B,0.1,0.09523809523809523,0.0975609756097561
560089,BBB,2014J,0.1,0.1,0.10000000000000002
560114,CCC,2014B,0.25,0.20833333333333334,0.22727272727272727
560114,DDD,2013B,0.15,0.15789473684210525,0.15384615384615385
560170,BBB,2013B,0.0,0.0,0.0
560179,DDD,2013B,0.1,0.16666666666666666,0.125
560182,FFF,2013B,0.15,0.10344827586206896,0.12244897959183673
560199,FFF,2013B,0.15,0.08823529411764706,0.11111111111111112
560207,FFF,2013B,0.15,0.08108108108108109,0.10526315789473685
560208,BBB,2014J,0.0,0.0,0.0
560238,BBB,2014B,0.0,0.0,0.0
560240,DDD,2013B,0.2,0.25,0.22222222222222224
560243,DDD,2013J,0.4,0.14035087719298245,0.20779220779220778
560260,DDD,2013B,0.05,0.07692307692307693,0.060606060606060615
560301,DDD,2014J,0.15,0.2,0.17142857142857143
560311,CCC,2014B,0.15,0.15,0.15
560311,DDD,2013B,0.0,0.0,0.0
560319,BBB,2013B,0.0,0.0,0.0
560328,GGG,2013J,0.15,0.17647058823529413,0.16216216216216214
560329,FFF,2013J,0.05,0.03225806451612903,0.0392156862745098
560347,DDD,2013B,0.05,0.02857142857142857,0.03636363636363636
560374,GGG,2013J,0.15,0.1875,0.16666666666666663
560381,DDD,2013B,0.15,0.09375,0.11538461538461538
560391,DDD,2013B,0.2,0.15384615384615385,0.17391304347826086
560399,FFF,2014B,0.1,0.125,0.11111111111111112
560401,FFF,2013J,0.25,0.09615384615384616,0.1388888888888889
560404,FFF,2013B,0.1,0.08333333333333333,0.0909090909090909
560410,FFF,2013J,0.1,0.05128205128205128,0.06779661016949151
560425,FFF,2013B,0.25,0.13157894736842105,0.1724137931034483
560431,FFF,2013B,0.1,0.06666666666666667,0.08
560444,DDD,2013B,0.1,0.07142857142857142,0.08333333333333333
560455,BBB,2013B,0.0,0.0,0.0
560458,DDD,2013J,0.05,0.04,0.044444444444444446
560459,FFF,2014J,0.05,0.1,0.06666666666666667
560468,BBB,2013B,0.05,0.05263157894736842,0.05128205128205128
560486,DDD,2013J,0.05,0.037037037037037035,0.0425531914893617
560493,DDD,2013J,0.05,0.023809523809523808,0.03225806451612903
560494,CCC,2014B,0.1,0.13333333333333333,0.1142857142857143
560496,FFF,2014B,0.2,0.125,0.15384615384615385
560536,BBB,2014B,0.05,0.06666666666666667,0.05714285714285715
560554,CCC,2014J,0.0,0.0,0.0
560567,BBB,2013J,0.05,0.16666666666666666,0.07692307692307691
560585,FFF,2013B,0.2,0.0975609756097561,0.13114754098360656
560597,BBB,2014J,0.05,0.07692307692307693,0.060606060606060615
560645,FFF,2014J,0.15,0.075,0.1
560652,BBB,2014J,0.05,0.058823529411764705,0.05405405405405405
560653,GGG,2013J,0.15,0.1875,0.16666666666666663
560659,FFF,2013J,0.0,0.0,0.0
560676,BBB,2013J,0.05,0.0625,0.05555555555555556
560703,FFF,2013J,0.25,0.0847457627118644,0.12658227848101267
560707,EEE,2014J,0.25,0.29411764705882354,0.27027027027027023
560723,EEE,2013J,0.1,0.2,0.13333333333333333
560727,FFF,2013J,0.05,0.03571428571428571,0.041666666666666664
560759,DDD,2013J,0.0,0.0,0.0
560759,EEE,2014J,0.2,0.3076923076923077,0.24242424242424246
560773,BBB,2013J,0.05,0.125,0.07142857142857144
560784,CCC,2014J,0.35,0.23333333333333334,0.28
560784,EEE,2013J,0.1,0.2,0.13333333333333333
560876,EEE,2013J,0.1,0.25,0.14285714285714288
560879,CCC,2014J,0.1,0.1,0.10000000000000002
560879,DDD,2013J,0.1,0.047619047619047616,0.06451612903225806
560881,EEE,2014J,0.25,0.3125,0.2777777777777778
560921,EEE,2014J,0.1,0.2222222222222222,0.13793103448275865
560928,EEE,2013J,0.1,0.2,0.13333333333333333
560944,DDD,2014B,0.2,0.09090909090909091,0.12500000000000003
560946,FFF,2013J,0.0,0.0,0.0
560948,DDD,2013J,0.05,0.038461538461538464,0.043478260869565216
560949,FFF,2013J,0.1,0.05128205128205128,0.06779661016949151
560968,BBB,2013B,0.1,0.1111111111111111,0.10526315789473685
560970,BBB,2013B,0.25,0.35714285714285715,0.2941176470588235
561009,CCC,2014J,0.05,0.1111111111111111,0.06896551724137932
561009,FFF,2014B,0.2,0.14814814814814814,0.1702127659574468
561031,FFF,2013J,0.1,0.05714285714285714,0.07272727272727272
561060,BBB,2014B,0.0,0.0,0.0
561061,BBB,2014B,0.05,0.2,0.08000000000000002
561068,FFF,2013J,0.05,0.1,0.06666666666666667
561072,DDD,2013J,0.05,0.05,0.05000000000000001
561088,DDD,2013B,0.0,0.0,0.0
561138,BBB,2013B,0.1,0.15384615384615385,0.12121212121212123
561148,GGG,2013J,0.05,0.16666666666666666,0.07692307692307691
561161,BBB,2013B,0.05,0.09090909090909091,0.06451612903225806
561163,GGG,2013J,0.15,0.13636363636363635,0.14285714285714282
561164,BBB,2013B,0.05,0.037037037037037035,0.0425531914893617
561166,BBB,2013B,0.0,0.0,0.0
561167,BBB,2013B,0.0,0.0,0.0
561192,EEE,2013J,0.15,0.75,0.24999999999999997
561195,CCC,2014J,0.05,0.04,0.044444444444444446
561195,DDD,2013J,0.25,0.09615384615384616,0.1388888888888889
561206,BBB,2014J,0.05,0.0625,0.05555555555555556
561208,CCC,2014J,0.15,0.25,0.18749999999999997
561208,EEE,2013J,0.1,0.4,0.16000000000000003
561208,EEE,2014J,0.0,0.0,0.0
561231,FFF,2014J,0.2,0.08,0.11428571428571428
561268,FFF,2013J,0.0,0.0,0.0
561312,BBB,2013J,0.2,0.23529411764705882,0.2162162162162162
561343,BBB,2013B,0.0,0.0,0.0
561363,CCC,2014B,0.25,0.21739130434782608,0.23255813953488372
561363,EEE,2014B,0.15,0.23076923076923078,0.18181818181818185
561386,FFF,2013J,0.1,0.041666666666666664,0.058823529411764705
561413,EEE,2014J,0.5,0.5,0.5
561419,GGG,2014J,0.3,0.375,0.33333333333333326
561437,BBB,2013B,0.0,0.0,0.0
561444,BBB,2013B,0.0,0.0,0.0
561445,BBB,2013B,0.15,0.12,0.1333333333333333
561448,BBB,2013B,0.0,0.0,0.0
561452,BBB,2013B,0.05,0.06666666666666667,0.05714285714285715
561455,BBB,2013B,0.0,0.0,0.0
561457,BBB,2013J,0.15,0.3333333333333333,0.20689655172413793
561458,BBB,2013B,0.0,0.0,0.0
561459,BBB,2013B,0.0,0.0,0.0
561461,BBB,2013B,0.0,0.0,0.0
561476,CCC,2014J,0.05,0.08333333333333333,0.0625
561476,DDD,2013J,0.0,0.0,0.0
561515,DDD,2013J,0.05,0.02631578947368421,0.034482758620689655
561534,BBB,2013J,0.1,0.07407407407407407,0.0851063829787234
561542,FFF,2013J,0.15,0.10344827586206896,0.12244897959183673
561559,CCC,2014B,0.3,0.25,0.2727272727272727
561559,EEE,2014B,0.1,0.16666666666666666,0.125
561560,CCC,2014J,0.0,0.0,0.0
561591,BBB,2013J,0.05,0.08333333333333333,0.0625
561608,BBB,2014J,0.05,0.05,0.05000000000000001
561618,BBB,2014J,0.05,0.05,0.05000000000000001
561640,BBB,2013J,0.0,0.0,0.0
561713,BBB,2013B,0.05,0.041666666666666664,0.04545454545454545
561714,FFF,2013J,0.05,0.07142857142857142,0.058823529411764705
561715,BBB,2013B,0.0,0.0,0.0
561716,BBB,2013B,0.0,0.0,0.0
561734,DDD,2013B,0.1,0.13333333333333333,0.1142857142857143
561734,DDD,2013J,0.0,0.0,0.0
561752,BBB,2014J,0.1,0.06666666666666667,0.08
561774,CCC,2014B,0.25,0.2,0.22222222222222224
561774,EEE,2014B,0.4,0.6153846153846154,0.4848484848484849
561807,DDD,2013J,0.1,0.05,0.06666666666666667
561810,DDD,2013J,0.2,0.1111111111111111,0.14285714285714285
561819,DDD,2013J,0.0,0.0,0.0
561826,CCC,2014J,0.0,0.0,0.0
561826,EEE,2013J,0.0,0.0,0.0
561841,BBB,2013J,0.1,0.1111111111111111,0.10526315789473685
561848,CCC,2014J,0.0,0.0,0.0
561848,DDD,2013B,0.1,0.09090909090909091,0.09523809523809525
561865,FFF,2013J,0.05,0.06666666666666667,0.05714285714285715
561867,FFF,2013J,0.0,0.0,0.0
561868,FFF,2013J,0.15,0.0625,0.08823529411764706
561873,FFF,2013J,0.0,0.0,0.0
561874,FFF,2013J,0.1,0.05,0.06666666666666667
561879,FFF,2013J,0.05,0.034482758620689655,0.04081632653061224
561881,DDD,2013J,0.15,0.10344827586206896,0.12244897959183673
561884,GGG,2013J,0.2,0.2222222222222222,0.2105263157894737
561889,FFF,2013J,0.0,0.0,0.0
561904,DDD,2014J,0.15,0.13636363636363635,0.14285714285714282
561905,DDD,2013J,0.05,0.1111111111111111,0.06896551724137932
561913,CCC,2014J,0.05,0.16666666666666666,0.07692307692307691
561913,DDD,2014B,0.0,0.0,0.0
561929,FFF,2013J,0.1,0.05263157894736842,0.06896551724137931
561930,FFF,2013J,0.05,0.02857142857142857,0.03636363636363636
561953,BBB,2014B,0.0,0.0,0.0
561955,DDD,2013J,0.1,0.06896551724137931,0.08163265306122448
561976,FFF,2013J,0.0,0.0,0.0
561978,BBB,2014B,0.0,0.0,0.0
561979,BBB,2014J,0.0,0.0,0.0
562064,DDD,2013J,0.1,0.13333333333333333,0.1142857142857143
562064,FFF,2014J,0.15,0.06976744186046512,0.09523809523809525
562090,BBB,2013J,0.15,0.10714285714285714,0.125
562112,DDD,2014B,0.25,0.10638297872340426,0.1492537313432836
562239,BBB,2014J,0.05,0.07692307692307693,0.060606060606060615
562270,BBB,2013J,0.1,0.07692307692307693,0.08695652173913043
562377,FFF,2013J,0.0,0.0,0.0
562437,DDD,2013J,0.1,0.05405405405405406,0.07017543859649122
562448,FFF,2013J,0.25,0.11904761904761904,0.16129032258064516
562450,CCC,2014B,0.1,0.07407407407407407,0.0851063829787234
562460,FFF,2013J,0.0,0.0,0.0
562465,BBB,2013B,0.0,0.0,0.0
562489,BBB,2013B,0.0,0.0,0.0
562490,DDD,2013J,0.0,0.0,0.0
562495,BBB,2013B,0.0,0.0,0.0
562628,GGG,2014B,0.1,0.15384615384615385,0.12121212121212123
562632,DDD,2014B,0.1,0.058823529411764705,0.07407407407407408
562696,GGG,2013J,0.1,0.11764705882352941,0.1081081081081081
562728,DDD,2013J,0.05,0.019230769230769232,0.027777777777777776
562754,FFF,2014J,0.05,0.125,0.07142857142857144
562825,CCC,2014B,0.0,0.0,0.0
562825,EEE,2014B,0.0,0.0,0.0
562857,BBB,2014B,0.0,0.0,0.0
562884,CCC,2014J,0.1,0.07407407407407407,0.0851063829787234
562913,GGG,2013J,0.05,0.08333333333333333,0.0625
562990,FFF,2014J,0.0,0.0,0.0
563016,CCC,2014J,0.15,0.25,0.18749999999999997
563016,DDD,2013J,0.2,0.0784313725490196,0.11267605633802816
563027,BBB,2014J,0.2,0.25,0.22222222222222224
563046,CCC,2014B,0.1,0.25,0.14285714285714288
563046,EEE,2014J,0.35,0.35,0.35
563051,CCC,2014J,0.1,0.2,0.13333333333333333
563051,FFF,2013J,0.05,0.041666666666666664,0.04545454545454545
563081,DDD,2014B,0.05,0.022727272727272728,0.03125000000000001
563108,FFF,2014J,0.05,0.029411764705882353,0.03703703703703704
563196,FFF,2013J,0.05,0.16666666666666666,0.07692307692307691
563230,EEE,2014B,0.25,0.2631578947368421,0.25641025641025644
563299,FFF,2013J,0.1,0.058823529411764705,0.07407407407407408
563301,GGG,2014B,0.05,0.25,0.08333333333333334
563302,BBB,2014J,0.25,0.23809523809523808,0.24390243902439024
563321,CCC,2014J,0.05,0.058823529411764705,0.05405405405405405
563321,EEE,2014J,0.35,0.4375,0.38888888888888884
563330,BBB,2013B,0.1,0.2857142857142857,0.14814814814814817
563363,BBB,2013B,0.0,0.0,0.0
563413,BBB,2014B,0.0,0.0,0.0
563414,FFF,2014J,0.2,0.08888888888888889,0.12307692307692307
563418,EEE,2013J,0.05,0.2,0.08000000000000002
563453,DDD,2014J,0.05,0.034482758620689655,0.04081632653061224
563487,BBB,2014B,0.05,0.125,0.07142857142857144
563595,DDD,2014J,0.0,0.0,0.0
563666,EEE,2013J,0.1,0.18181818181818182,0.12903225806451613
563675,DDD,2013J,0.1,0.125,0.11111111111111112
563706,BBB,2013J,0.2,0.14814814814814814,0.1702127659574468
563733,BBB,2013J,0.0,0.0,0.0
563735,BBB,2013J,0.0,0.0,0.0
563754,BBB,2014B,0.0,0.0,0.0
563763,DDD,2014B,0.05,0.029411764705882353,0.03703703703703704
563769,BBB,2013J,0.0,0.0,0.0
563770,DDD,2013J,0.0,0.0,0.0
563783,FFF,2013J,0.3,0.06451612903225806,0.10619469026548671
563787,FFF,2013J,0.15,0.10344827586206896,0.12244897959183673
563794,BBB,2013J,0.0,0.0,0.0
563819,CCC,2014B,0.0,0.0,0.0
563819,DDD,2013J,0.0,0.0,0.0
563820,BBB,2014J,0.2,0.16,0.17777777777777778
563823,FFF,2014B,0.2,0.0625,0.09523809523809523
563845,DDD,2014J,0.1,0.09090909090909091,0.09523809523809525
563862,DDD,2013J,0.0,0.0,0.0
563874,BBB,2013B,0.0,0.0,0.0
563877,BBB,2013B,0.05,0.5,0.09090909090909091
563878,BBB,2013B,0.0,0.0,0.0
563879,BBB,2013B,0.0,0.0,0.0
563888,DDD,2013J,0.0,0.0,0.0
563920,CCC,2014J,0.1,0.05,0.06666666666666667
563967,EEE,2013J,0.0,0.0,0.0
563971,DDD,2013J,0.0,0.0,0.0
563986,BBB,2014B,0.05,0.08333333333333333,0.0625
563987,BBB,2014B,0.05,0.058823529411764705,0.05405405405405405
564000,DDD,2014J,0.0,0.0,0.0
564105,BBB,2013J,0.05,0.08333333333333333,0.0625
564115,BBB,2014J,0.05,0.06666666666666667,0.05714285714285715
564119,FFF,2013J,0.15,0.04838709677419355,0.07317073170731707
564129,BBB,2013J,0.05,0.06666666666666667,0.05714285714285715
564144,BBB,2013J,0.1,0.18181818181818182,0.12903225806451613
564213,CCC,2014J,0.1,0.08695652173913043,0.09302325581395349
564213,DDD,2013J,0.05,0.0625,0.05555555555555556
564243,FFF,2014J,0.2,0.07407407407407407,0.10810810810810811
564245,BBB,2013J,0.0,0.0,0.0
564262,FFF,2013J,0.1,0.05714285714285714,0.07272727272727272
564268,BBB,2013J,0.0,0.0,0.0
564278,BBB,2014J,0.1,0.08333333333333333,0.0909090909090909
564356,DDD,2013J,0.05,0.06666666666666667,0.05714285714285715
564409,BBB,2014B,0.05,0.07692307692307693,0.060606060606060615
564445,EEE,2014J,0.2,0.19047619047619047,0.1951219512195122
564450,AAA,2013J,0.05,0.1,0.06666666666666667
564596,BBB,2013J,0.0,0.0,0.0
564609,GGG,2013J,0.15,0.42857142857142855,0.2222222222222222
564617,FFF,2014J,0.1,0.044444444444444446,0.061538461538461535
564626,BBB,2013J,0.0,0.0,0.0
564632,FFF,2014B,0.15,0.21428571428571427,0.1764705882352941
564649,CCC,2014J,0.05,0.07692307692307693,0.060606060606060615
564700,EEE,2013J,0.1,0.2,0.13333333333333333
564702,FFF,2013J,0.05,0.045454545454545456,0.04761904761904762
564714,CCC,2014J,0.0,0.0,0.0
564714,EEE,2013J,0.15,0.42857142857142855,0.2222222222222222
564734,EEE,2014J,0.2,0.4,0.26666666666666666
564792,BBB,2013J,0.0,0.0,0.0
564894,EEE,2013J,0.05,0.09090909090909091,0.06451612903225806
564898,BBB,2013J,0.15,0.14285714285714285,0.14634146341463414
564906,BBB,2014B,0.0,0.0,0.0
564933,FFF,2014J,0.15,0.13636363636363635,0.14285714285714282
564958,BBB,2013J,0.0,0.0,0.0
564981,FFF,2013J,0.05,0.029411764705882353,0.03703703703703704
565002,GGG,2013J,0.1,0.11764705882352941,0.1081081081081081
565006,DDD,2014J,0.1,0.038461538461538464,0.05555555555555555
565017,FFF,2014J,0.1,0.05,0.06666666666666667
565066,CCC,2014J,0.05,0.125,0.07142857142857144
565109,FFF,2014B,0.05,0.05555555555555555,0.052631578947368425
565158,DDD,2014B,0.0,0.0,0.0
565175,DDD,2013J,0.05,0.125,0.07142857142857144
565182,BBB,2014J,0.0,0.0,0.0
565209,DDD,2014J,0.15,0.10344827586206896,0.12244897959183673
565222,GGG,2013J,0.15,0.16666666666666666,0.15789473684210525
565273,BBB,2014J,0.1,0.09523809523809523,0.0975609756097561
565275,EEE,2014J,0.1,0.25,0.14285714285714288
565301,DDD,2013J,0.05,0.05555555555555555,0.052631578947368425
565373,FFF,2014B,0.05,0.015384615384615385,0.023529411764705885
565393,BBB,2013J,0.05,0.1,0.06666666666666667
565399,CCC,2014B,0.25,0.1388888888888889,0.17857142857142858
565446,DDD,2014J,0.05,0.0625,0.05555555555555556
565513,BBB,2013J,0.0,0.0,0.0
565525,GGG,2013J,0.05,0.2,0.08000000000000002
565561,EEE,2013J,0.05,0.25,0.08333333333333334
565570,DDD,2013J,0.05,0.0625,0.05555555555555556
565575,BBB,2014J,0.0,0.0,0.0
565576,BBB,2014J,0.15,0.13636363636363635,0.14285714285714282
565582,BBB,2013J,0.05,0.3333333333333333,0.08695652173913045
565587,FFF,2013J,0.15,0.047619047619047616,0.07228915662650602
565599,BBB,2014J,0.25,0.1724137931034483,0.20408163265306123
565605,CCC,2014J,0.2,0.15384615384615385,0.17391304347826086
565607,BBB,2013J,0.1,0.06896551724137931,0.08163265306122448
565640,GGG,2013J,0.1,0.16666666666666666,0.125
565653,FFF,2013J,0.0,0.0,0.0
565657,DDD,2013J,0.0,0.0,0.0
565698,FFF,2013J,0.05,0.038461538461538464,0.043478260869565216
565715,BBB,2013J,0.1,0.06896551724137931,0.08163265306122448
565743,CCC,2014J,0.05,0.09090909090909091,0.06451612903225806
565840,DDD,2014B,0.0,0.0,0.0
565849,FFF,2013J,0.25,0.06578947368421052,0.10416666666666667
565869,BBB,2014B,0.05,0.125,0.07142857142857144
565870,BBB,2013B,0.1,0.1111111111111111,0.10526315789473685
565883,EEE,2013J,0.05,0.1,0.06666666666666667
565888,BBB,2013J,0.1,0.0625,0.07692307692307693
565892,GGG,2013J,0.05,0.07142857142857142,0.058823529411764705
565919,BBB,2013J,0.0,0.0,0.0
565952,EEE,2014J,0.3,0.2857142857142857,0.2926829268292683
565990,FFF,2013J,0.15,0.07692307692307693,0.1016949152542373
565993,GGG,2013J,0.1,0.125,0.11111111111111112
566009,FFF,2013J,0.1,0.041666666666666664,0.058823529411764705
566071,EEE,2013J,0.1,1.0,0.18181818181818182
566133,BBB,2013J,0.0,0.0,0.0
566134,DDD,2013J,0.0,0.0,0.0
566135,CCC,2014J,0.05,0.09090909090909091,0.06451612903225806
566135,FFF,2013J,0.1,0.10526315789473684,0.10256410256410256
566181,BBB,2014B,0.0,0.0,0.0
566183,GGG,2013J,0.25,0.29411764705882354,0.27027027027027023
566185,CCC,2014B,0.1,0.125,0.11111111111111112
566185,DDD,2013J,0.2,0.125,0.15384615384615385
566201,EEE,2013J,0.15,0.25,0.18749999999999997
566240,DDD,2014B,0.15,0.075,0.1
566270,FFF,2013J,0.05,0.045454545454545456,0.04761904761904762
566279,EEE,2014J,0.35,0.5,0.4117647058823529
566300,DDD,2014J,0.1,0.05263157894736842,0.06896551724137931
566310,CCC,2014B,0.25,0.23809523809523808,0.24390243902439024
566310,EEE,2013J,0.2,0.4,0.26666666666666666
566339,BBB,2013J,0.0,0.0,0.0
566346,BBB,2013J,0.15,0.17647058823529413,0.16216216216216214
566358,BBB,2013J,0.05,0.125,0.07142857142857144
566369,BBB,2013J,0.1,0.18181818181818182,0.12903225806451613
566381,DDD,2013J,0.05,0.03125,0.038461538461538464
566392,BBB,2013J,0.1,0.08,0.08888888888888889
566407,BBB,2013J,0.1,0.10526315789473684,0.10256410256410256
566415,BBB,2013J,0.0,0.0,0.0
566422,EEE,2014B,0.15,0.5,0.23076923076923075
566428,CCC,2014B,0.35,0.25925925925925924,0.29787234042553196
566428,EEE,2014J,0.1,0.13333333333333333,0.1142857142857143
566447,CCC,2014J,0.15,0.16666666666666666,0.15789473684210525
566460,FFF,2014B,0.0,0.0,0.0
566464,CCC,2014J,0.15,0.16666666666666666,0.15789473684210525
566465,FFF,2013J,0.05,0.045454545454545456,0.04761904761904762
566482,DDD,2014J,0.0,0.0,0.0
566512,GGG,2014J,0.3,0.4,0.34285714285714286
566553,DDD,2014J,0.1,0.08333333333333333,0.0909090909090909
566664,EEE,2013J,0.25,0.45454545454545453,0.3225806451612903
566669,BBB,2014B,0.0,0.0,0.0
566670,CCC,2014B,0.15,0.16666666666666666,0.15789473684210525
566694,DDD,2014B,0.0,0.0,0.0
566715,CCC,2014B,0.0,0.0,0.0
566720,BBB,2013J,0.0,0.0,0.0
566788,DDD,2014B,0.0,0.0,0.0
566813,BBB,2013J,0.15,0.09375,0.11538461538461538
566814,BBB,2013J,0.1,0.25,0.14285714285714288
566817,FFF,2013J,0.0,0.0,0.0
566863,FFF,2013J,0.05,0.047619047619047616,0.04878048780487805
566923,GGG,2013J,0.05,0.09090909090909091,0.06451612903225806
566938,CCC,2014J,0.15,0.08823529411764706,0.11111111111111112
566963,GGG,2013J,0.2,0.2,0.20000000000000004
566973,FFF,2013J,0.2,0.07692307692307693,0.1111111111111111
566979,CCC,2014J,0.0,0.0,0.0
566979,DDD,2013J,0.0,0.0,0.0
567009,GGG,2013J,0.0,0.0,0.0
567033,BBB,2013J,0.1,0.1111111111111111,0.10526315789473685
567048,BBB,2014B,0.0,0.0,0.0
567152,DDD,2013J,0.05,0.02857142857142857,0.03636363636363636
567160,BBB,2013J,0.0,0.0,0.0
567165,FFF,2013J,0.25,0.17857142857142858,0.20833333333333331
567167,DDD,2013J,0.1,0.07407407407407407,0.0851063829787234
567211,GGG,2013J,0.15,0.17647058823529413,0.16216216216216214
567222,FFF,2013J,0.0,0.0,0.0
567262,BBB,2013J,0.15,0.1875,0.16666666666666663
567285,DDD,2014J,0.15,0.06818181818181818,0.09374999999999999
567292,DDD,2013J,0.0,0.0,0.0
567304,CCC,2014J,0.15,0.17647058823529413,0.16216216216216214
567304,DDD,2013J,0.05,0.037037037037037035,0.0425531914893617
567312,FFF,2013J,0.0,0.0,0.0
567325,GGG,2013J,0.1,0.11764705882352941,0.1081081081081081
567363,BBB,2013J,0.0,0.0,0.0
567402,BBB,2013J,0.05,0.2,0.08000000000000002
567417,DDD,2013J,0.3,0.1111111111111111,0.16216216216216217
567429,BBB,2013J,0.0,0.0,0.0
567451,DDD,2013J,0.05,0.08333333333333333,0.0625
567500,BBB,2013J,0.0,0.0,0.0
567595,DDD,2014B,0.0,0.0,0.0
567627,BBB,2013J,0.1,0.15384615384615385,0.12121212121212123
567629,FFF,2014B,0.1,0.09090909090909091,0.09523809523809525
567719,CCC,2014J,0.0,0.0,0.0
567752,EEE,2013J,0.15,0.2727272727272727,0.19354838709677416
567754,BBB,2013J,0.05,0.07692307692307693,0.060606060606060615
567757,BBB,2014B,0.0,0.0,0.0
567859,FFF,2014B,0.05,0.05555555555555555,0.052631578947368425
567873,FFF,2014B,0.0,0.0,0.0
567888,CCC,2014J,0.15,0.09090909090909091,0.11320754716981132
567888,FFF,2013J,0.2,0.06779661016949153,0.10126582278481014
567889,BBB,2014B,0.1,0.16666666666666666,0.125
567892,EEE,2013J,0.1,1.0,0.18181818181818182
567892,EEE,2014J,0.05,0.25,0.08333333333333334
567901,FFF,2013J,0.05,0.03225806451612903,0.0392156862745098
567915,BBB,2013J,0.15,0.17647058823529413,0.16216216216216214
567929,BBB,2013J,0.1,0.11764705882352941,0.1081081081081081
567950,EEE,2013J,0.15,0.75,0.24999999999999997
567958,BBB,2013J,0.0,0.0,0.0
567963,BBB,2014B,0.05,0.029411764705882353,0.03703703703703704
567970,DDD,2013J,0.05,0.043478260869565216,0.046511627906976744
567979,BBB,2013J,0.0,0.0,0.0
568019,BBB,2014J,0.15,0.15789473684210525,0.15384615384615385
568068,DDD,2013J,0.0,0.0,0.0
568074,BBB,2013J,0.1,0.14285714285714285,0.11764705882352941
568084,CCC,2014B,0.05,0.125,0.07142857142857144
568084,FFF,2013J,0.15,0.08823529411764706,0.11111111111111112
568103,DDD,2014J,0.05,0.05,0.05000000000000001
568118,GGG,2013J,0.2,0.36363636363636365,0.25806451612903225
568132,FFF,2013J,0.1,0.05263157894736842,0.06896551724137931
568153,FFF,2013J,0.3,0.1016949152542373,0.1518987341772152
568196,DDD,2013J,0.1,0.045454545454545456,0.06250000000000001
568204,FFF,2013J,0.0,0.0,0.0
568207,FFF,2013J,0.1,0.05263157894736842,0.06896551724137931
568223,DDD,2013J,0.05,0.020833333333333332,0.029411764705882353
568232,BBB,2014J,0.05,0.05263157894736842,0.05128205128205128
568234,FFF,2013J,0.05,0.041666666666666664,0.04545454545454545
568288,GGG,2013J,0.2,0.2,0.20000000000000004
568297,DDD,2014J,0.0,0.0,0.0
568333,FFF,2013J,0.15,0.06818181818181818,0.09374999999999999
568370,BBB,2014B,0.05,0.03333333333333333,0.04
568446,DDD,2014J,0.2,0.1111111111111111,0.14285714285714285
568450,FFF,2013J,0.0,0.0,0.0
568474,BBB,2013J,0.0,0.0,0.0
568502,BBB,2013J,0.1,0.125,0.11111111111111112
568533,BBB,2013J,0.15,0.16666666666666666,0.15789473684210525
568539,GGG,2013J,0.0,0.0,0.0
568551,FFF,2013J,0.1,0.10526315789473684,0.10256410256410256
568559,BBB,2014B,0.1,0.0625,0.07692307692307693
568566,DDD,2013J,0.15,0.06382978723404255,0.08955223880597013
568592,FFF,2013J,0.1,0.03333333333333333,0.05
568596,CCC,2014J,0.1,0.07407407407407407,0.0851063829787234
568598,DDD,2013J,0.2,0.0975609756097561,0.13114754098360656
568644,FFF,2013J,0.05,0.058823529411764705,0.05405405405405405
568686,DDD,2014B,0.0,0.0,0.0
568691,CCC,2014J,0.1,0.08695652173913043,0.09302325581395349
568749,BBB,2014J,0.25,0.18518518518518517,0.2127659574468085
568763,FFF,2013J,0.05,0.14285714285714285,0.07407407407407408
568767,FFF,2013J,0.1,0.06666666666666667,0.08
568774,FFF,2013J,0.3,0.1111111111111111,0.16216216216216217
568813,EEE,2013J,0.2,0.3333333333333333,0.25
568835,DDD,2013J,0.0,0.0,0.0
568852,GGG,2014J,0.25,0.21739130434782608,0.23255813953488372
568910,FFF,2013J,0.0,0.0,0.0
568948,CCC,2014J,0.1,0.2222222222222222,0.13793103448275865
568948,DDD,2013J,0.0,0.0,0.0
568954,FFF,2014B,0.15,0.08108108108108109,0.10526315789473685
568963,DDD,2013J,0.2,0.12121212121212122,0.15094339622641512
568968,BBB,2014B,0.05,0.14285714285714285,0.07407407407407408
568987,FFF,2014J,0.0,0.0,0.0
569016,FFF,2013J,0.05,0.027777777777777776,0.03571428571428571
569034,FFF,2014J,0.2,0.08695652173913043,0.12121212121212122
569035,BBB,2013J,0.15,0.10344827586206896,0.12244897959183673
569065,FFF,2014B,0.1,0.046511627906976744,0.06349206349206349
569080,CCC,2014B,0.1,0.08333333333333333,0.0909090909090909
569080,FFF,2014J,0.05,0.025,0.03333333333333333
569084,DDD,2014B,0.0,0.0,0.0
569093,GGG,2014B,0.25,0.19230769230769232,0.2173913043478261
569107,FFF,2013J,0.3,0.08955223880597014,0.13793103448275862
569108,CCC,2014B,0.15,0.14285714285714285,0.14634146341463414
569108,FFF,2014J,0.15,0.06976744186046512,0.09523809523809525
569132,FFF,2013J,0.05,0.037037037037037035,0.0425531914893617
569141,BBB,2013J,0.0,0.0,0.0
569167,FFF,2013J,0.0,0.0,0.0
569225,BBB,2014B,0.0,0.0,0.0
569253,GGG,2013J,0.15,0.11538461538461539,0.13043478260869565
569277,CCC,2014J,0.0,0.0,0.0
569279,DDD,2013J,0.05,0.043478260869565216,0.046511627906976744
569342,CCC,2014B,0.05,0.14285714285714285,0.07407407407407408
569342,EEE,2013J,0.05,0.5,0.09090909090909091
569358,EEE,2013J,0.15,0.375,0.21428571428571425
569372,EEE,2014J,0.3,0.3333333333333333,0.3157894736842105
569374,GGG,2014J,0.1,0.6666666666666666,0.1739130434782609
569474,FFF,2013J,0.05,0.037037037037037035,0.0425531914893617
569490,GGG,2013J,0.25,0.19230769230769232,0.2173913043478261
569505,AAA,2014J,0.05,0.0625,0.05555555555555556
569507,FFF,2013J,0.1,0.02702702702702703,0.0425531914893617
569511,GGG,2013J,0.0,0.0,0.0
569560,EEE,2013J,0.25,0.38461538461538464,0.30303030303030304
569566,FFF,2013J,0.1,0.07142857142857142,0.08333333333333333
569589,BBB,2014J,0.1,0.08333333333333333,0.0909090909090909
569609,CCC,2014B,0.2,0.16,0.17777777777777778
569609,FFF,2013J,0.15,0.03409090909090909,0.055555555555555546
569620,EEE,2014B,0.05,0.5,0.09090909090909091
569625,FFF,2013J,0.0,0.0,0.0
569633,DDD,2014J,0.0,0.0,0.0
569663,BBB,2014B,0.15,0.17647058823529413,0.16216216216216214
569664,BBB,2014B,0.05,0.06666666666666667,0.05714285714285715
569672,GGG,2014J,0.15,0.2727272727272727,0.19354838709677416
569679,GGG,2013J,0.15,0.25,0.18749999999999997
569694,EEE,2013J,0.15,0.21428571428571427,0.1764705882352941
569706,DDD,2014B,0.0,0.0,0.0
569706,EEE,2013J,0.1,0.6666666666666666,0.1739130434782609
569712,FFF,2013J,0.1,0.08333333333333333,0.0909090909090909
569737,DDD,2014J,0.15,0.09375,0.11538461538461538
569761,BBB,2014B,0.05,0.16666666666666666,0.07692307692307691
569840,DDD,2014J,0.0,0.0,0.0
569854,BBB,2013J,0.0,0.0,0.0
569857,DDD,2013J,0.1,0.15384615384615385,0.12121212121212123
569862,BBB,2013J,0.05,0.09090909090909091,0.06451612903225806
569864,BBB,2014B,0.1,0.125,0.11111111111111112
569876,FFF,2014J,0.15,0.058823529411764705,0.08450704225352114
569928,DDD,2013J,0.0,0.0,0.0
569930,BBB,2013J,0.0,0.0,0.0
569935,DDD,2013J,0.1,0.0625,0.07692307692307693
569944,CCC,2014J,0.15,0.14285714285714285,0.14634146341463414
569944,DDD,2014B,0.2,0.16666666666666666,0.1818181818181818
569953,EEE,2014J,0.1,0.3333333333333333,0.15384615384615383
569970,BBB,2014B,0.0,0.0,0.0
569974,GGG,2013J,0.15,0.17647058823529413,0.16216216216216214
569978,DDD,2013J,0.0,0.0,0.0
569981,BBB,2014J,0.1,0.11764705882352941,0.1081081081081081
569984,GGG,2013J,0.15,0.23076923076923078,0.18181818181818185
570004,FFF,2014J,0.05,0.125,0.07142857142857144
570031,BBB,2014B,0.05,0.06666666666666667,0.05714285714285715
570045,EEE,2014J,0.15,0.2727272727272727,0.19354838709677416
570049,DDD,2014B,0.05,0.023809523809523808,0.03225806451612903
570061,FFF,2013J,0.15,0.13043478260869565,0.13953488372093023
570119,DDD,2014J,0.1,0.06666666666666667,0.08
570137,BBB,2013J,0.0,0.0,0.0
570141,GGG,2013J,0.1,0.15384615384615385,0.12121212121212123
570157,BBB,2013J,0.05,0.07692307692307693,0.060606060606060615
570168,BBB,2013J,0.0,0.0,0.0
570213,FFF,2013J,0.15,0.05263157894736842,0.0779220779220779
570213,FFF,2014J,0.15,0.075,0.1
570215,DDD,2014B,0.1,0.03571428571428571,0.05263157894736841
570237,DDD,2013J,0.0,0.0,0.0
570239,BBB,2014B,0.05,0.16666666666666666,0.07692307692307691
570264,FFF,2014B,0.0,0.0,0.0
570271,BBB,2013J,0.0,0.0,0.0
570273,EEE,2014J,0.15,0.42857142857142855,0.2222222222222222
570275,BBB,2014J,0.1,0.08695652173913043,0.09302325581395349
570280,FFF,2013J,0.0,0.0,0.0
570287,BBB,2013J,0.1,0.6666666666666666,0.1739130434782609
570317,AAA,2014J,0.15,0.1875,0.16666666666666663
570351,BBB,2013J,0.0,0.0,0.0
570403,DDD,2013J,0.1,0.05263157894736842,0.06896551724137931
570410,CCC,2014B,0.05,0.09090909090909091,0.06451612903225806
570411,DDD,2014J,0.15,0.1111111111111111,0.12765957446808512
570428,FFF,2013J,0.1,0.06060606060606061,0.07547169811320756
570437,BBB,2014B,0.05,0.037037037037037035,0.0425531914893617
570453,CCC,2014J,0.0,0.0,0.0
570453,EEE,2013J,0.05,0.25,0.08333333333333334
570455,FFF,2013J,0.2,0.08888888888888889,0.12307692307692307
570484,BBB,2014J,0.15,0.17647058823529413,0.16216216216216214
570491,CCC,2014J,0.4,0.3076923076923077,0.34782608695652173
570491,EEE,2014J,0.2,0.4,0.26666666666666666
570517,FFF,2013J,0.0,0.0,0.0
570529,GGG,2013J,0.15,0.1875,0.16666666666666663
570531,DDD,2013J,0.05,0.08333333333333333,0.0625
570550,FFF,2013J,0.05,0.029411764705882353,0.03703703703703704
570623,BBB,2013J,0.1,0.09090909090909091,0.09523809523809525
570626,EEE,2013J,0.0,0.0,0.0
570627,BBB,2014B,0.05,0.043478260869565216,0.046511627906976744
570630,DDD,2013J,0.05,0.034482758620689655,0.04081632653061224
570671,DDD,2013J,0.1,0.05714285714285714,0.07272727272727272
570717,FFF,2013J,0.05,0.05263157894736842,0.05128205128205128
570732,CCC,2014J,0.1,0.16666666666666666,0.125
570732,FFF,2013J,0.05,0.018518518518518517,0.02702702702702703
570757,CCC,2014J,0.0,0.0,0.0
570759,BBB,2013J,0.05,0.07692307692307693,0.060606060606060615
570783,BBB,2013J,0.0,0.0,0.0
570801,GGG,2013J,0.05,0.041666666666666664,0.04545454545454545
570807,FFF,2013J,0.1,0.03225806451612903,0.04878048780487805
570863,DDD,2014J,0.0,0.0,0.0
570864,BBB,2013J,0.0,0.0,0.0
570871,DDD,2013J,0.0,0.0,0.0
570872,CCC,2014B,0.15,0.375,0.21428571428571425
570872,DDD,2013J,0.05,0.029411764705882353,0.03703703703703704
570896,DDD,2013J,0.05,0.034482758620689655,0.04081632653061224
570967,CCC,2014B,0.2,0.25,0.22222222222222224
570978,FFF,2013J,0.1,0.08333333333333333,0.0909090909090909
570985,CCC,2014J,0.45,0.1956521739130435,0.2727272727272727
571000,DDD,2014B,0.1,0.08333333333333333,0.0909090909090909
571019,FFF,2013J,0.2,0.06153846153846154,0.09411764705882354
571022,FFF,2013J,0.2,0.06153846153846154,0.09411764705882354
571025,CCC,2014B,0.0,0.0,0.0
571025,EEE,2014B,0.0,0.0,0.0
571050,FFF,2014B,0.15,0.13043478260869565,0.13953488372093023
571074,FFF,2014J,0.25,0.08196721311475409,0.12345679012345678
571083,BBB,2013J,0.0,0.0,0.0
571089,GGG,2014B,0.25,0.2777777777777778,0.2631578947368421
571117,FFF,2013J,0.0,0.0,0.0
571128,EEE,2014B,0.25,0.5,0.3333333333333333
571129,CCC,2014B,0.15,0.2,0.17142857142857143
571131,CCC,2014J,0.05,0.043478260869565216,0.046511627906976744
571131,DDD,2013J,0.0,0.0,0.0
571186,EEE,2013J,0.15,0.23076923076923078,0.18181818181818185
571190,FFF,2014B,0.2,0.07017543859649122,0.10389610389610389
571223,BBB,2014B,0.05,0.07692307692307693,0.060606060606060615
571233,EEE,2014B,0.05,0.09090909090909091,0.06451612903225806
571242,DDD,2013J,0.05,0.058823529411764705,0.05405405405405405
571316,FFF,2014B,0.15,0.1875,0.16666666666666663
571334,BBB,2014J,0.1,0.25,0.14285714285714288
571334,GGG,2013J,0.05,0.05555555555555555,0.052631578947368425
571355,FFF,2013J,0.0,0.0,0.0
571363,FFF,2013J,0.0,0.0,0.0
571380,GGG,2013J,0.1,0.16666666666666666,0.125
571397,DDD,2014B,0.1,0.1,0.10000000000000002
571441,BBB,2013J,0.05,0.2,0.08000000000000002
571443,EEE,2013J,0.15,0.2,0.17142857142857143
571448,EEE,2013J,0.05,0.25,0.08333333333333334
571451,DDD,2013J,0.05,0.034482758620689655,0.04081632653061224
571458,GGG,2013J,0.05,0.06666666666666667,0.05714285714285715
571490,FFF,2013J,0.1,0.028169014084507043,0.04395604395604396
571503,BBB,2013J,0.05,0.1111111111111111,0.06896551724137932
571512,DDD,2013J,0.05,0.023255813953488372,0.031746031746031744
571516,BBB,2013J,0.0,0.0,0.0
571540,BBB,2014B,0.05,0.25,0.08333333333333334
571554,BBB,2013J,0.05,0.1111111111111111,0.06896551724137932
571571,CCC,2014B,0.0,0.0,0.0
571577,GGG,2013J,0.2,0.13333333333333333,0.16
571583,GGG,2014J,0.15,0.16666666666666666,0.15789473684210525
571595,EEE,2013J,0.1,0.6666666666666666,0.1739130434782609
571610,EEE,2013J,0.15,0.5,0.23076923076923075
571614,BBB,2014B,0.0,0.0,0.0
571620,EEE,2013J,0.15,0.25,0.18749999999999997
571622,FFF,2013J,0.05,0.08333333333333333,0.0625
571640,DDD,2013J,0.1,0.07407407407407407,0.0851063829787234
571641,BBB,2014J,0.05,0.07692307692307693,0.060606060606060615
571644,DDD,2014J,0.1,0.07692307692307693,0.08695652173913043
571650,FFF,2013J,0.1,0.02531645569620253,0.04040404040404041
571681,BBB,2013J,0.0,0.0,0.0
571686,EEE,2013J,0.1,0.2222222222222222,0.13793103448275865
571693,BBB,2013J,0.1,0.06666666666666667,0.08
571696,GGG,2013J,0.15,0.0967741935483871,0.11764705882352941
571716,DDD,2013J,0.05,0.0625,0.05555555555555556
571765,CCC,2014J,0.0,0.0,0.0
571765,DDD,2013J,0.0,0.0,0.0
571768,GGG,2013J,0.0,0.0,0.0
571776,CCC,2014B,0.05,0.05555555555555555,0.052631578947368425
571776,DDD,2013J,0.0,0.0,0.0
571779,BBB,2013J,0.0,0.0,0.0
571800,FFF,2013J,0.15,0.07317073170731707,0.09836065573770492
571802,FFF,2013J,0.0,0.0,0.0
571808,CCC,2014J,0.1,0.2857142857142857,0.14814814814814817
571808,DDD,2013J,0.05,0.045454545454545456,0.04761904761904762
571818,EEE,2013J,0.05,0.14285714285714285,0.07407407407407408
571828,FFF,2013J,0.15,0.06818181818181818,0.09374999999999999
571831,FFF,2013J,0.1,0.06666666666666667,0.08
571833,CCC,2014J,0.2,0.12121212121212122,0.15094339622641512
571844,FFF,2014B,0.2,0.19047619047619047,0.1951219512195122
571859,FFF,2013J,0.1,0.05714285714285714,0.07272727272727272
571862,FFF,2013J,0.2,0.03669724770642202,0.06201550387596899
571871,BBB,2013J,0.1,0.06666666666666667,0.08
571880,BBB,2014B,0.1,0.14285714285714285,0.11764705882352941
571883,GGG,2013J,0.15,0.3,0.2
571885,BBB,2013J,0.0,0.0,0.0
571893,FFF,2013J,0.1,0.07692307692307693,0.08695652173913043
571897,BBB,2014B,0.05,0.07692307692307693,0.060606060606060615
571907,BBB,2013J,0.05,0.058823529411764705,0.05405405405405405
571921,CCC,2014J,0.3,0.1875,0.23076923076923075
571921,DDD,2013J,0.35,0.13725490196078433,0.1971830985915493
571926,FFF,2013J,0.15,0.08108108108108109,0.10526315789473685
571951,DDD,2013J,0.2,0.07547169811320754,0.10958904109589042
571952,GGG,2013J,0.15,0.25,0.18749999999999997
571954,BBB,2014B,0.0,0.0,0.0
571962,CCC,2014J,0.15,0.09375,0.11538461538461538
571962,FFF,2014B,0.05,0.07142857142857142,0.058823529411764705
571963,EEE,2014B,0.05,0.25,0.08333333333333334
571973,FFF,2013J,0.0,0.0,0.0
572003,FFF,2013J,0.1,0.10526315789473684,0.10256410256410256
572011,CCC,2014J,0.05,0.2,0.08000000000000002
572011,FFF,2013J,0.0,0.0,0.0
572024,EEE,2013J,0.1,0.25,0.14285714285714288
572032,BBB,2014J,0.05,0.07692307692307693,0.060606060606060615
572036,CCC,2014B,0.0,0.0,0.0
572036,FFF,2013J,0.05,0.14285714285714285,0.07407407407407408
572047,FFF,2013J,0.15,0.07317073170731707,0.09836065573770492
572051,BBB,2013J,0.1,0.2,0.13333333333333333
572053,FFF,2013J,0.15,0.06382978723404255,0.08955223880597013
572060,DDD,2013J,0.2,0.08695652173913043,0.12121212121212122
572067,BBB,2013J,0.15,0.14285714285714285,0.14634146341463414
572074,FFF,2014J,0.0,0.0,0.0
572098,CCC,2014J,0.25,0.17857142857142858,0.20833333333333331
572101,BBB,2014J,0.0,0.0,0.0
572103,BBB,2013J,0.0,0.0,0.0
572116,FFF,2013J,0.0,0.0,0.0
572119,BBB,2014J,0.0,0.0,0.0
572124,FFF,2013J,0.1,0.05405405405405406,0.07017543859649122
572125,FFF,2013J,0.0,0.0,0.0
572149,DDD,2013J,0.1,0.044444444444444446,0.061538461538461535
572154,CCC,2014J,0.0,0.0,0.0
572154,FFF,2014B,0.2,0.10526315789473684,0.13793103448275862
572156,DDD,2014J,0.3,0.09230769230769231,0.1411764705882353
572163,BBB,2013J,0.0,0.0,0.0
572187,BBB,2014B,0.05,0.5,0.09090909090909091
572213,FFF,2014J,0.1,0.06060606060606061,0.07547169811320756
572231,CCC,2014J,0.05,0.1,0.06666666666666667
572231,DDD,2013J,0.0,0.0,0.0
572233,DDD,2013J,0.0,0.0,0.0
572250,FFF,2013J,0.0,0.0,0.0
572265,FFF,2013J,0.0,0.0,0.0
572270,FFF,2013J,0.0,0.0,0.0
572274,FFF,2013J,0.0,0.0,0.0
572280,DDD,2013J,0.05,0.043478260869565216,0.046511627906976744
572281,DDD,2014J,0.05,0.05263157894736842,0.05128205128205128
572290,BBB,2014B,0.05,0.1,0.06666666666666667
572303,CCC,2014B,0.1,0.2,0.13333333333333333
572303,EEE,2013J,0.2,0.3333333333333333,0.25
572306,BBB,2014J,0.0,0.0,0.0
572338,DDD,2013J,0.05,0.023809523809523808,0.03225806451612903
572348,DDD,2013J,0.15,0.046153846153846156,0.07058823529411765
572367,FFF,2014B,0.15,0.14285714285714285,0.14634146341463414
572371,BBB,2014J,0.0,0.0,0.0
572382,CCC,2014B,0.0,0.0,0.0
572382,DDD,2013J,0.0,0.0,0.0
572388,GGG,2013J,0.1,0.13333333333333333,0.1142857142857143
572395,BBB,2014J,0.05,0.058823529411764705,0.05405405405405405
572396,CCC,2014J,0.2,0.2,0.20000000000000004
572396,EEE,2013J,0.1,0.16666666666666666,0.125
572397,FFF,2013J,0.05,0.037037037037037035,0.0425531914893617
572401,CCC,2014B,0.0,0.0,0.0
572410,FFF,2013J,0.0,0.0,0.0
572416,BBB,2013J,0.05,0.09090909090909091,0.06451612903225806
572430,DDD,2014J,0.1,0.11764705882352941,0.1081081081081081
572431,CCC,2014J,0.05,0.09090909090909091,0.06451612903225806
572431,DDD,2013J,0.15,0.12,0.1333333333333333
572434,DDD,2014J,0.15,0.25,0.18749999999999997
572436,BBB,2013J,0.1,0.1,0.10000000000000002
572438,CCC,2014B,0.45,0.2571428571428571,0.32727272727272727
572447,BBB,2013J,0.0,0.0,0.0
572452,DDD,2013J,0.0,0.0,0.0
572457,DDD,2013J,0.1,0.06896551724137931,0.08163265306122448
572460,DDD,2013J,0.0,0.0,0.0
572471,GGG,2014J,0.2,0.26666666666666666,0.2285714285714286
572496,BBB,2014J,0.0,0.0,0.0
572504,BBB,2013J,0.15,0.12,0.1333333333333333
572505,FFF,2013J,0.1,0.04,0.05714285714285714
572508,BBB,2013J,0.05,0.06666666666666667,0.05714285714285715
572514,BBB,2013J,0.0,0.0,0.0
572515,EEE,2013J,0.15,0.21428571428571427,0.1764705882352941
572537,CCC,2014J,0.0,0.0,0.0
572538,BBB,2014J,0.0,0.0,0.0
572560,FFF,2013J,0.1,0.07142857142857142,0.08333333333333333
572567,DDD,2013J,0.0,0.0,0.0
572570,CCC,2014B,0.1,0.125,0.11111111111111112
572570,EEE,2013J,0.15,0.6,0.24
572584,FFF,2013J,0.05,0.03571428571428571,0.041666666666666664
572588,FFF,2013J,0.05,0.02702702702702703,0.03508771929824561
572589,FFF,2013J,0.0,0.0,0.0
572599,EEE,2014J,0.15,0.23076923076923078,0.18181818181818185
572602,EEE,2013J,0.05,0.16666666666666666,0.07692307692307691
572634,FFF,2013J,0.1,0.043478260869565216,0.06060606060606061
572648,DDD,2013J,0.05,0.037037037037037035,0.0425531914893617
572652,AAA,2013J,0.0,0.0,0.0
572663,GGG,2013J,0.05,0.1,0.06666666666666667
572688,DDD,2013J,0.0,0.0,0.0
572697,DDD,2013J,0.2,0.18181818181818182,0.1904761904761905
572702,FFF,2013J,0.15,0.11538461538461539,0.13043478260869565
572714,GGG,2013J,0.1,0.1111111111111111,0.10526315789473685
572716,FFF,2014B,0.1,0.2,0.13333333333333333
572718,FFF,2013J,0.05,0.05263157894736842,0.05128205128205128
572730,DDD,2013J,0.1,0.07142857142857142,0.08333333333333333
572733,BBB,2013J,0.0,0.0,0.0
572735,CCC,2014J,0.1,0.125,0.11111111111111112
572735,DDD,2013J,0.05,0.025,0.03333333333333333
572752,BBB,2013J,0.1,0.125,0.11111111111111112
572754,DDD,2013J,0.0,0.0,0.0
572765,BBB,2013J,0.0,0.0,0.0
572769,FFF,2013J,0.0,0.0,0.0
572774,DDD,2013J,0.2,0.10810810810810811,0.14035087719298245
572783,CCC,2014J,0.0,0.0,0.0
572783,FFF,2013J,0.55,0.04263565891472868,0.07913669064748202
572806,DDD,2013J,0.1,0.05555555555555555,0.07142857142857142
572832,FFF,2014B,0.1,0.1,0.10000000000000002
572845,FFF,2013J,0.0,0.0,0.0
572854,CCC,2014B,0.2,0.25,0.22222222222222224
572854,DDD,2013J,0.15,0.10344827586206896,0.12244897959183673
572860,FFF,2013J,0.05,0.02040816326530612,0.02898550724637681
572870,FFF,2014B,0.0,0.0,0.0
572874,CCC,2014J,0.1,0.2222222222222222,0.13793103448275865
572874,DDD,2013J,0.0,0.0,0.0
572880,DDD,2013J,0.05,0.07692307692307693,0.060606060606060615
572880,DDD,2014J,0.0,0.0,0.0
572891,CCC,2014B,0.1,0.1111111111111111,0.10526315789473685
572891,EEE,2013J,0.05,0.16666666666666666,0.07692307692307691
572898,BBB,2013J,0.1,0.14285714285714285,0.11764705882352941
572919,CCC,2014J,0.05,0.06666666666666667,0.05714285714285715
572924,DDD,2014B,0.0,0.0,0.0
572976,DDD,2013J,0.0,0.0,0.0
573007,FFF,2013J,0.0,0.0,0.0
573043,BBB,2013J,0.0,0.0,0.0
573054,GGG,2014J,0.25,0.35714285714285715,0.2941176470588235
573063,BBB,2013J,0.05,0.07142857142857142,0.058823529411764705
573093,FFF,2013J,0.05,0.03225806451612903,0.0392156862745098
573126,DDD,2014B,0.05,0.03225806451612903,0.0392156862745098
573130,BBB,2014J,0.2,0.16666666666666666,0.1818181818181818
573131,BBB,2014J,0.05,0.07142857142857142,0.058823529411764705
573134,GGG,2013J,0.2,0.36363636363636365,0.25806451612903225
573150,FFF,2013J,0.0,0.0,0.0
573152,FFF,2013J,0.0,0.0,0.0
573153,EEE,2013J,0.1,0.16666666666666666,0.125
573166,FFF,2013J,0.0,0.0,0.0
573173,FFF,2013J,0.15,0.16666666666666666,0.15789473684210525
573200,EEE,2013J,0.15,0.3333333333333333,0.20689655172413793
573208,BBB,2013J,0.0,0.0,0.0
573214,EEE,2013J,0.05,0.2,0.08000000000000002
573223,BBB,2013J,0.0,0.0,0.0
573224,FFF,2013J,0.1,0.043478260869565216,0.06060606060606061
573225,BBB,2013J,0.05,0.07692307692307693,0.060606060606060615
573292,EEE,2013J,0.1,0.2222222222222222,0.13793103448275865
573294,GGG,2013J,0.05,0.07142857142857142,0.058823529411764705
573297,BBB,2014J,0.0,0.0,0.0
573320,GGG,2014J,0.05,0.14285714285714285,0.07407407407407408
573323,BBB,2014B,0.05,0.14285714285714285,0.07407407407407408
573328,DDD,2014J,0.0,0.0,0.0
573331,GGG,2013J,0.2,0.26666666666666666,0.2285714285714286
573336,EEE,2013J,0.05,0.09090909090909091,0.06451612903225806
573377,CCC,2014B,0.0,0.0,0.0
573377,EEE,2013J,0.15,1.0,0.2608695652173913
573411,BBB,2013J,0.05,0.07142857142857142,0.058823529411764705
573433,BBB,2013J,0.05,0.047619047619047616,0.04878048780487805
573434,FFF,2013J,0.0,0.0,0.0
573440,CCC,2014B,0.05,0.06666666666666667,0.05714285714285715
573440,EEE,2013J,0.05,0.3333333333333333,0.08695652173913045
573453,BBB,2013J,0.0,0.0,0.0
573460,GGG,2013J,0.0,0.0,0.0
573462,EEE,2013J,0.1,0.5,0.16666666666666669
573464,GGG,2013J,0.1,0.13333333333333333,0.1142857142857143
573467,FFF,2013J,0.05,0.058823529411764705,0.05405405405405405
573473,CCC,2014J,0.0,0.0,0.0
573473,DDD,2013J,0.05,0.06666666666666667,0.05714285714285715
573496,BBB,2014B,0.0,0.0,0.0
573519,BBB,2013J,0.05,0.05,0.05000000000000001
573534,BBB,2014J,0.05,0.047619047619047616,0.04878048780487805
573549,FFF,2014B,0.0,0.0,0.0
573550,EEE,2013J,0.1,0.25,0.14285714285714288
573554,GGG,2013J,0.2,0.18181818181818182,0.1904761904761905
573558,CCC,2014B,0.1,0.15384615384615385,0.12121212121212123
573558,EEE,2014B,0.0,0.0,0.0
573578,BBB,2013J,0.05,0.045454545454545456,0.04761904761904762
573583,FFF,2014J,0.0,0.0,0.0
573593,EEE,2013J,0.15,0.2727272727272727,0.19354838709677416
573602,DDD,2013J,0.1,0.11764705882352941,0.1081081081081081
573639,FFF,2013J,0.05,0.043478260869565216,0.046511627906976744
573654,BBB,2013J,0.05,0.16666666666666666,0.07692307692307691
573662,EEE,2013J,0.15,0.3,0.2
573666,GGG,2013J,0.2,0.2,0.20000000000000004
573678,FFF,2013J,0.1,0.08333333333333333,0.0909090909090909
573689,DDD,2013J,0.1,0.07142857142857142,0.08333333333333333
573704,FFF,2013J,0.0,0.0,0.0
573713,BBB,2014J,0.05,0.041666666666666664,0.04545454545454545
573742,DDD,2014J,0.0,0.0,0.0
573742,EEE,2013J,0.0,0.0,0.0
573766,FFF,2013J,0.05,0.038461538461538464,0.043478260869565216
573777,BBB,2013J,0.05,0.16666666666666666,0.07692307692307691
573780,DDD,2013J,0.0,0.0,0.0
573790,BBB,2013J,0.0,0.0,0.0
573806,BBB,2014B,0.0,0.0,0.0
573821,BBB,2013J,0.05,0.2,0.08000000000000002
573831,BBB,2013J,0.0,0.0,0.0
573845,DDD,2013J,0.0,0.0,0.0
573851,BBB,2014B,0.15,0.13043478260869565,0.13953488372093023
573853,BBB,2014B,0.0,0.0,0.0
573858,CCC,2014J,0.2,0.16666666666666666,0.1818181818181818
573864,FFF,2013J,0.0,0.0,0.0
573893,BBB,2013J,0.15,0.13043478260869565,0.13953488372093023
573900,FFF,2013J,0.1,0.06666666666666667,0.08
573920,EEE,2013J,0.05,0.14285714285714285,0.07407407407407408
573924,CCC,2014J,0.05,0.043478260869565216,0.046511627906976744
573934,BBB,2014J,0.0,0.0,0.0
573951,FFF,2013J,0.2,0.06349206349206349,0.09638554216867469
573969,DDD,2014J,0.1,0.11764705882352941,0.1081081081081081
573986,BBB,2013J,0.0,0.0,0.0
574002,BBB,2013J,0.0,0.0,0.0
574028,FFF,2014B,0.1,0.041666666666666664,0.058823529411764705
574031,BBB,2014J,0.25,0.23809523809523808,0.24390243902439024
574035,DDD,2013J,0.05,0.02631578947368421,0.034482758620689655
574038,EEE,2013J,0.2,0.4444444444444444,0.2758620689655173
574056,FFF,2013J,0.05,0.029411764705882353,0.03703703703703704
574063,BBB,2014J,0.0,0.0,0.0
574065,BBB,2013J,0.05,0.16666666666666666,0.07692307692307691
574070,FFF,2013J,0.1,0.044444444444444446,0.061538461538461535
574078,FFF,2013J,0.0,0.0,0.0
574088,DDD,2013J,0.0,0.0,0.0
574098,DDD,2013J,0.0,0.0,0.0
574125,BBB,2013J,0.1,0.1,0.10000000000000002
574194,BBB,2013J,0.0,0.0,0.0
574207,FFF,2013J,0.05,0.029411764705882353,0.03703703703703704
574212,BBB,2013J,0.15,0.10344827586206896,0.12244897959183673
574221,CCC,2014B,0.05,0.5,0.09090909090909091
574238,GGG,2013J,0.05,0.16666666666666666,0.07692307692307691
574244,BBB,2014J,0.05,0.5,0.09090909090909091
574250,BBB,2013J,0.1,0.125,0.11111111111111112
574253,BBB,2014J,0.1,0.13333333333333333,0.1142857142857143
574259,CCC,2014J,0.1,0.25,0.14285714285714288
574259,EEE,2013J,0.15,0.75,0.24999999999999997
574283,FFF,2013J,0.0,0.0,0.0
574310,CCC,2014J,0.25,0.1724137931034483,0.20408163265306123
574310,DDD,2013J,0.0,0.0,0.0
574315,FFF,2013J,0.05,0.043478260869565216,0.046511627906976744
574320,BBB,2013J,0.0,0.0,0.0
574325,CCC,2014J,0.1,0.08333333333333333,0.0909090909090909
574347,DDD,2014J,0.1,0.25,0.14285714285714288
574348,BBB,2013J,0.05,0.08333333333333333,0.0625
574351,GGG,2013J,0.0,0.0,0.0
574418,FFF,2013J,0.0,0.0,0.0
574431,DDD,2014J,0.0,0.0,0.0
574446,FFF,2013J,0.05,0.058823529411764705,0.05405405405405405
574498,DDD,2013J,0.15,0.09375,0.11538461538461538
574505,AAA,2014J,0.1,0.13333333333333333,0.1142857142857143
574507,EEE,2013J,0.0,0.0,0.0
574508,EEE,2014B,0.05,0.25,0.08333333333333334
574512,BBB,2014J,0.0,0.0,0.0
574512,GGG,2013J,0.05,0.0625,0.05555555555555556
574523,EEE,2014B,0.1,0.3333333333333333,0.15384615384615383
574527,FFF,2014J,0.35,0.06930693069306931,0.11570247933884298
574534,FFF,2013J,0.0,0.0,0.0
574549,BBB,2013J,0.05,0.05555555555555555,0.052631578947368425
574551,CCC,2014B,0.0,0.0,0.0
574551,FFF,2013J,0.05,0.05555555555555555,0.052631578947368425
574569,BBB,2014B,0.15,0.10714285714285714,0.125
574570,FFF,2013J,0.1,0.037037037037037035,0.05405405405405406
574586,EEE,2013J,0.15,0.2727272727272727,0.19354838709677416
574590,CCC,2014J,0.05,0.0625,0.05555555555555556
574590,DDD,2014B,0.05,0.03125,0.038461538461538464
574608,EEE,2013J,0.05,0.1,0.06666666666666667
574612,DDD,2014J,0.0,0.0,0.0
574623,DDD,2013J,0.0,0.0,0.0
574637,CCC,2014J,0.15,0.2,0.17142857142857143
574637,EEE,2014B,0.25,0.5555555555555556,0.3448275862068966
574642,GGG,2013J,0.05,0.25,0.08333333333333334
574648,BBB,2013J,0.05,0.1111111111111111,0.06896551724137932
574671,FFF,2014B,0.1,0.05263157894736842,0.06896551724137931
574681,FFF,2013J,0.15,0.09090909090909091,0.11320754716981132
574705,CCC,2014J,0.1,0.16666666666666666,0.125
574705,DDD,2013J,0.05,0.030303030303030304,0.03773584905660378
574708,BBB,2013J,0.0,0.0,0.0
574720,CCC,2014J,0.15,0.12,0.1333333333333333
574720,DDD,2013J,0.1,0.09090909090909091,0.09523809523809525
574722,FFF,2013J,0.0,0.0,0.0
574732,FFF,2013J,0.15,0.07894736842105263,0.10344827586206896
574735,FFF,2013J,0.0,0.0,0.0
574743,DDD,2013J,0.0,0.0,0.0
574766,BBB,2013J,0.0,0.0,0.0
574817,CCC,2014B,0.05,0.07692307692307693,0.060606060606060615
574819,DDD,2013J,0.1,0.06666666666666667,0.08
574830,EEE,2013J,0.25,0.45454545454545453,0.3225806451612903
574841,BBB,2014J,0.1,0.1,0.10000000000000002
574842,DDD,2013J,0.0,0.0,0.0
574845,FFF,2013J,0.1,0.03508771929824561,0.051948051948051945
574849,BBB,2014J,0.1,0.16666666666666666,0.125
574857,GGG,2013J,0.05,0.06666666666666667,0.05714285714285715
574865,BBB,2014J,0.1,0.10526315789473684,0.10256410256410256
574873,DDD,2013J,0.1,0.06666666666666667,0.08
574874,FFF,2013J,0.2,0.058823529411764705,0.0909090909090909
574895,DDD,2013J,0.1,0.04081632653061224,0.05797101449275362
574909,DDD,2014B,0.15,0.0410958904109589,0.06451612903225806
574928,CCC,2014J,0.1,0.0625,0.07692307692307693
574928,DDD,2014J,0.1,0.07142857142857142,0.08333333333333333
574938,DDD,2013J,0.0,0.0,0.0
574948,GGG,2013J,0.15,0.2,0.17142857142857143
574960,GGG,2013J,0.05,0.05263157894736842,0.05128205128205128
574973,BBB,2013J,0.0,0.0,0.0
574983,EEE,2013J,0.15,0.375,0.21428571428571425
574988,GGG,2013J,0.25,0.20833333333333334,0.22727272727272727
575009,DDD,2014J,0.1,0.05,0.06666666666666667
575018,BBB,2013J,0.0,0.0,0.0
575039,CCC,2014J,0.45,0.20454545454545456,0.28125000000000006
575039,FFF,2013J,0.05,0.05555555555555555,0.052631578947368425
575047,EEE,2013J,0.15,0.375,0.21428571428571425
575061,GGG,2013J,0.05,0.038461538461538464,0.043478260869565216
575066,EEE,2014J,0.2,0.26666666666666666,0.2285714285714286
575069,FFF,2014J,0.25,0.1282051282051282,0.1694915254237288
575100,BBB,2013J,0.0,0.0,0.0
575112,FFF,2014J,0.1,0.06896551724137931,0.08163265306122448
575124,BBB,2013J,0.2,0.11764705882352941,0.14814814814814817
575136,GGG,2013J,0.0,0.0,0.0
575162,EEE,2014B,0.05,0.2,0.08000000000000002
575166,CCC,2014B,0.0,0.0,0.0
575166,EEE,2013J,0.1,0.3333333333333333,0.15384615384615383
575186,FFF,2013J,0.05,0.08333333333333333,0.0625
575192,DDD,2013J,0.25,0.15151515151515152,0.18867924528301888
575199,GGG,2014B,0.0,0.0,0.0
575214,GGG,2013J,0.0,0.0,0.0
575217,GGG,2014B,0.1,0.09523809523809523,0.0975609756097561
575241,EEE,2013J,0.2,0.4,0.26666666666666666
575258,DDD,2013J,0.15,0.06976744186046512,0.09523809523809525
575265,FFF,2013J,0.0,0.0,0.0
575281,BBB,2013J,0.0,0.0,0.0
575282,FFF,2013J,0.0,0.0,0.0
575290,BBB,2013J,0.05,0.07142857142857142,0.058823529411764705
575302,FFF,2014J,0.15,0.06818181818181818,0.09374999999999999
575336,EEE,2013J,0.0,0.0,0.0
575355,GGG,2013J,0.05,0.09090909090909091,0.06451612903225806
575372,FFF,2013J,0.15,0.08571428571428572,0.10909090909090909
575376,DDD,2013J,0.1,0.08695652173913043,0.09302325581395349
575380,DDD,2014J,0.1,0.06451612903225806,0.0784313725490196
575385,DDD,2013J,0.1,0.07142857142857142,0.08333333333333333
575387,BBB,2013J,0.05,0.06666666666666667,0.05714285714285715
575398,CCC,2014J,0.0,0.0,0.0
575398,DDD,2014J,0.0,0.0,0.0
575401,EEE,2013J,0.1,0.2,0.13333333333333333
575404,BBB,2014J,0.1,0.16666666666666666,0.125
575411,EEE,2014J,0.05,0.1,0.06666666666666667
575419,EEE,2013J,0.05,1.0,0.09523809523809523
575431,DDD,2013J,0.0,0.0,0.0
575454,GGG,2013J,0.0,0.0,0.0
575473,EEE,2014B,0.0,0.0,0.0
575488,GGG,2013J,0.15,0.25,0.18749999999999997
575493,DDD,2013J,0.0,0.0,0.0
575512,FFF,2013J,0.05,0.08333333333333333,0.0625
575520,BBB,2013J,0.1,0.14285714285714285,0.11764705882352941
575545,EEE,2013J,0.15,0.2727272727272727,0.19354838709677416
575553,EEE,2013J,0.2,0.3333333333333333,0.25
575554,GGG,2013J,0.1,0.4,0.16000000000000003
575559,GGG,2013J,0.15,0.13043478260869565,0.13953488372093023
575560,BBB,2013J,0.0,0.0,0.0
575602,BBB,2014B,0.1,0.08695652173913043,0.09302325581395349
575603,DDD,2014B,0.0,0.0,0.0
575623,EEE,2014J,0.2,0.36363636363636365,0.25806451612903225
575630,BBB,2014J,0.0,0.0,0.0
575678,FFF,2013J,0.1,0.05555555555555555,0.07142857142857142
575680,BBB,2014B,0.05,0.07692307692307693,0.060606060606060615
575681,BBB,2013J,0.05,0.07692307692307693,0.060606060606060615
575703,EEE,2013J,0.15,0.2,0.17142857142857143
575709,GGG,2014B,0.1,0.5,0.16666666666666669
575720,GGG,2013J,0.15,0.17647058823529413,0.16216216216216214
575733,CCC,2014B,0.05,0.08333333333333333,0.0625
575733,EEE,2013J,0.15,0.3,0.2
575745,CCC,2014B,0.05,0.045454545454545456,0.04761904761904762
575745,EEE,2013J,0.15,0.5,0.23076923076923075
575762,EEE,2013J,0.05,0.125,0.07142857142857144
575763,EEE,2013J,0.1,0.6666666666666666,0.1739130434782609
575764,EEE,2013J,0.05,0.1111111111111111,0.06896551724137932
575766,CCC,2014J,0.05,0.08333333333333333,0.0625
575766,DDD,2013J,0.05,0.030303030303030304,0.03773584905660378
575777,EEE,2014B,0.1,0.2222222222222222,0.13793103448275865
575792,DDD,2014B,0.0,0.0,0.0
575797,FFF,2013J,0.05,0.03225806451612903,0.0392156862745098
575798,CCC,2014J,0.05,0.09090909090909091,0.06451612903225806
575798,DDD,2013J,0.0,0.0,0.0
575811,DDD,2013J,0.0,0.0,0.0
575824,CCC,2014B,0.05,0.08333333333333333,0.0625
575855,DDD,2014J,0.1,0.11764705882352941,0.1081081081081081
575929,BBB,2013J,0.0,0.0,0.0
575930,BBB,2013J,0.0,0.0,0.0
575956,FFF,2013J,0.1,0.05555555555555555,0.07142857142857142
575967,CCC,2014B,0.15,0.17647058823529413,0.16216216216216214
575984,GGG,2013J,0.05,0.16666666666666666,0.07692307692307691
576036,EEE,2013J,0.15,0.23076923076923078,0.18181818181818185
576041,DDD,2014B,0.0,0.0,0.0
576083,DDD,2013J,0.05,0.05555555555555555,0.052631578947368425
576097,FFF,2013J,0.1,0.0625,0.07692307692307693
576107,FFF,2013J,0.05,0.09090909090909091,0.06451612903225806
576143,GGG,2013J,0.15,0.14285714285714285,0.14634146341463414
576158,BBB,2013J,0.05,0.14285714285714285,0.07407407407407408
576159,FFF,2014B,0.15,0.05,0.075
576191,EEE,2013J,0.15,0.2727272727272727,0.19354838709677416
576205,FFF,2013J,0.1,0.05128205128205128,0.06779661016949151
576229,FFF,2013J,0.2,0.06557377049180328,0.09876543209876544
576233,CCC,2014J,0.15,0.17647058823529413,0.16216216216216214
576233,DDD,2013J,0.0,0.0,0.0
576251,CCC,2014J,0.1,0.06666666666666667,0.08
576251,DDD,2013J,0.1,0.047619047619047616,0.06451612903225806
576262,BBB,2014J,0.0,0.0,0.0
576268,BBB,2014J,0.1,0.6666666666666666,0.1739130434782609
576306,DDD,2014J,0.05,0.03333333333333333,0.04
576314,DDD,2013J,0.0,0.0,0.0
576368,DDD,2013J,0.15,0.07894736842105263,0.10344827586206896
576371,GGG,2013J,0.1,0.125,0.11111111111111112
576375,BBB,2014B,0.05,0.08333333333333333,0.0625
576383,CCC,2014B,0.15,0.12,0.1333333333333333
576383,DDD,2013J,0.0,0.0,0.0
576399,FFF,2013J,0.0,0.0,0.0
576405,EEE,2013J,0.0,0.0,0.0
576413,CCC,2014B,0.2,0.11764705882352941,0.14814814814814817
576413,DDD,2013J,0.15,0.05084745762711865,0.0759493670886076
576423,FFF,2013J,0.0,0.0,0.0
576425,GGG,2013J,0.1,0.15384615384615385,0.12121212121212123
576431,FFF,2013J,0.05,0.043478260869565216,0.046511627906976744
576433,CCC,2014J,0.2,0.16,0.17777777777777778
576433,FFF,2013J,0.05,0.027777777777777776,0.03571428571428571
576439,CCC,2014J,0.2,0.14285714285714285,0.16666666666666666
576439,EEE,2013J,0.15,0.3333333333333333,0.20689655172413793
576445,GGG,2013J,0.2,0.25,0.22222222222222224
576453,CCC,2014J,0.15,0.15789473684210525,0.15384615384615385
576453,DDD,2013J,0.15,0.05357142857142857,0.07894736842105263
576475,CCC,2014B,0.25,0.22727272727272727,0.23809523809523808
576483,BBB,2013J,0.0,0.0,0.0
576488,GGG,2013J,0.05,0.05555555555555555,0.052631578947368425
576515,DDD,2014J,0.1,0.05405405405405406,0.07017543859649122
576516,CCC,2014B,0.05,0.2,0.08000000000000002
576516,EEE,2013J,0.05,0.09090909090909091,0.06451612903225806
576518,FFF,2013J,0.0,0.0,0.0
576524,BBB,2013J,0.0,0.0,0.0
576541,CCC,2014J,0.0,0.0,0.0
576568,CCC,2014J,0.05,0.08333333333333333,0.0625
576568,FFF,2013J,0.2,0.08,0.11428571428571428
576584,DDD,2014B,0.05,0.0625,0.05555555555555556
576600,BBB,2013J,0.1,0.125,0.11111111111111112
576654,GGG,2013J,0.0,0.0,0.0
576672,FFF,2013J,0.0,0.0,0.0
576689,BBB,2014J,0.05,0.043478260869565216,0.046511627906976744
576704,FFF,2013J,0.25,0.08333333333333333,0.125
576738,BBB,2014B,0.05,0.045454545454545456,0.04761904761904762
576750,EEE,2013J,0.1,0.2222222222222222,0.13793103448275865
576761,GGG,2013J,0.05,0.07692307692307693,0.060606060606060615
576765,FFF,2013J,0.0,0.0,0.0
576767,DDD,2013J,0.05,0.1111111111111111,0.06896551724137932
576780,CCC,2014B,0.2,0.15384615384615385,0.17391304347826086
576780,FFF,2013J,0.35,0.0875,0.13999999999999999
576782,CCC,2014B,0.0,0.0,0.0
576789,FFF,2013J,0.2,0.06557377049180328,0.09876543209876544
576791,CCC,2014J,0.2,0.1111111111111111,0.14285714285714285
576791,FFF,2013J,0.05,0.027777777777777776,0.03571428571428571
576813,FFF,2013J,0.0,0.0,0.0
576841,BBB,2013J,0.1,0.1,0.10000000000000002
576847,DDD,2013J,0.1,0.03508771929824561,0.051948051948051945
576876,EEE,2014B,0.15,0.3333333333333333,0.20689655172413793
576879,DDD,2013J,0.05,0.03333333333333333,0.04
576882,BBB,2013J,0.05,0.125,0.07142857142857144
576885,DDD,2014J,0.25,0.09433962264150944,0.13698630136986303
576888,FFF,2013J,0.0,0.0,0.0
576909,EEE,2013J,0.1,0.5,0.16666666666666669
576913,BBB,2014J,0.0,0.0,0.0
576921,FFF,2013J,0.0,0.0,0.0
576923,BBB,2014J,0.0,0.0,0.0
576935,BBB,2013J,0.05,0.045454545454545456,0.04761904761904762
576940,BBB,2013J,0.05,0.05555555555555555,0.052631578947368425
576946,BBB,2013J,0.0,0.0,0.0
576948,GGG,2013J,0.1,0.2,0.13333333333333333
576949,DDD,2013J,0.05,0.038461538461538464,0.043478260869565216
576962,EEE,2013J,0.15,0.375,0.21428571428571425
577000,GGG,2014B,0.05,0.14285714285714285,0.07407407407407408
577032,FFF,2014J,0.0,0.0,0.0
577035,CCC,2014B,0.2,0.16,0.17777777777777778
577035,DDD,2013J,0.0,0.0,0.0
577042,FFF,2013J,0.05,0.02040816326530612,0.02898550724637681
577069,BBB,2013J,0.1,0.06896551724137931,0.08163265306122448
577096,BBB,2013J,0.1,0.125,0.11111111111111112
577099,BBB,2013J,0.1,0.2857142857142857,0.14814814814814817
577126,DDD,2013J,0.05,0.058823529411764705,0.05405405405405405
577136,GGG,2014B,0.15,0.23076923076923078,0.18181818181818185
577148,EEE,2013J,0.1,0.18181818181818182,0.12903225806451613
577149,FFF,2013J,0.1,0.058823529411764705,0.07407407407407408
577196,DDD,2013J,0.0,0.0,0.0
577196,DDD,2014J,0.05,0.1111111111111111,0.06896551724137932
577200,DDD,2013J,0.0,0.0,0.0
577222,FFF,2013J,0.1,0.0625,0.07692307692307693
577235,CCC,2014J,0.25,0.20833333333333334,0.22727272727272727
577235,EEE,2013J,0.1,0.16666666666666666,0.125
577236,CCC,2014B,0.1,0.07407407407407407,0.0851063829787234
577245,CCC,2014B,0.1,0.16666666666666666,0.125
577245,EEE,2014B,0.05,0.25,0.08333333333333334
577256,BBB,2013J,0.1,0.15384615384615385,0.12121212121212123
577275,GGG,2014B,0.15,0.2,0.17142857142857143
577279,CCC,2014J,0.1,0.16666666666666666,0.125
577279,DDD,2013J,0.15,0.08823529411764706,0.11111111111111112
577280,BBB,2013J,0.0,0.0,0.0
577286,BBB,2013J,0.05,0.25,0.08333333333333334
577347,BBB,2013J,0.0,0.0,0.0
577376,BBB,2013J,0.0,0.0,0.0
577404,FFF,2013J,0.0,0.0,0.0
577414,CCC,2014B,0.1,0.1,0.10000000000000002
577414,DDD,2013J,0.0,0.0,0.0
577427,EEE,2013J,0.1,0.4,0.16000000000000003
577458,CCC,2014J,0.15,0.09375,0.11538461538461538
577460,EEE,2014B,0.1,0.2,0.13333333333333333
577464,DDD,2013J,0.1,0.07692307692307693,0.08695652173913043
577467,BBB,2014J,0.1,0.11764705882352941,0.1081081081081081
577476,FFF,2013J,0.1,0.058823529411764705,0.07407407407407408
577498,BBB,2013J,0.0,0.0,0.0
577502,CCC,2014B,0.2,0.16,0.17777777777777778
577520,DDD,2014J,0.2,0.09090909090909091,0.12500000000000003
577526,DDD,2014J,0.05,0.09090909090909091,0.06451612903225806
577527,BBB,2014B,0.05,0.07142857142857142,0.058823529411764705
577533,FFF,2014J,0.05,0.02702702702702703,0.03508771929824561
577551,EEE,2013J,0.1,0.25,0.14285714285714288
577562,EEE,2014B,0.1,0.2857142857142857,0.14814814814814817
577566,CCC,2014J,0.05,0.09090909090909091,0.06451612903225806
577566,DDD,2014J,0.1,0.16666666666666666,0.125
577605,FFF,2013J,0.05,0.041666666666666664,0.04545454545454545
577607,FFF,2013J,0.0,0.0,0.0
577618,BBB,2014J,0.05,0.1,0.06666666666666667
577638,DDD,2013J,0.0,0.0,0.0
577638,DDD,2014J,0.1,0.11764705882352941,0.1081081081081081
577645,BBB,2014J,0.05,0.038461538461538464,0.043478260869565216
577648,BBB,2013J,0.0,0.0,0.0
577652,DDD,2013J,0.0,0.0,0.0
577652,DDD,2014J,0.0,0.0,0.0
577676,BBB,2014B,0.0,0.0,0.0
577680,BBB,2013J,0.0,0.0,0.0
577686,CCC,2014B,0.15,0.15789473684210525,0.15384615384615385
577686,EEE,2013J,0.05,0.09090909090909091,0.06451612903225806
577728,BBB,2014J,0.0,0.0,0.0
577735,EEE,2013J,0.25,0.35714285714285715,0.2941176470588235
577743,BBB,2014J,0.05,0.058823529411764705,0.05405405405405405
577751,DDD,2014J,0.15,0.05263157894736842,0.0779220779220779
577763,FFF,2013J,0.05,0.07142857142857142,0.058823529411764705
577764,FFF,2013J,0.15,0.10344827586206896,0.12244897959183673
577780,GGG,2013J,0.1,0.09523809523809523,0.0975609756097561
577784,EEE,2013J,0.2,0.25,0.22222222222222224
577792,GGG,2014B,0.1,0.15384615384615385,0.12121212121212123
577820,GGG,2013J,0.15,0.15789473684210525,0.15384615384615385
577824,BBB,2013J,0.05,0.05,0.05000000000000001
577867,FFF,2013J,0.1,0.07692307692307693,0.08695652173913043
577888,GGG,2013J,0.1,0.125,0.11111111111111112
577914,BBB,2013J,0.0,0.0,0.0
577915,BBB,2013J,0.05,0.1,0.06666666666666667
577922,FFF,2013J,0.0,0.0,0.0
577937,DDD,2014J,0.1,0.08333333333333333,0.0909090909090909
577954,DDD,2014B,0.0,0.0,0.0
577959,FFF,2013J,0.1,0.06060606060606061,0.07547169811320756
577965,BBB,2014J,0.0,0.0,0.0
577980,BBB,2013J,0.15,0.14285714285714285,0.14634146341463414
577995,EEE,2013J,0.05,0.1111111111111111,0.06896551724137932
577999,FFF,2013J,0.05,0.045454545454545456,0.04761904761904762
578000,EEE,2013J,0.05,0.1,0.06666666666666667
578026,DDD,2013J,0.0,0.0,0.0
578030,BBB,2013J,0.0,0.0,0.0
578031,DDD,2014B,0.1,0.044444444444444446,0.061538461538461535
578034,EEE,2013J,0.1,0.2222222222222222,0.13793103448275865
578050,FFF,2013J,0.0,0.0,0.0
578056,EEE,2013J,0.25,0.5,0.3333333333333333
578109,BBB,2013J,0.0,0.0,0.0
578132,BBB,2014J,0.1,0.11764705882352941,0.1081081081081081
578140,GGG,2013J,0.2,0.18181818181818182,0.1904761904761905
578152,FFF,2014J,0.1,0.04,0.05714285714285714
578189,CCC,2014B,0.1,0.1111111111111111,0.10526315789473685
578197,BBB,2013J,0.05,0.1,0.06666666666666667
578199,FFF,2013J,0.15,0.05454545454545454,0.08
578207,GGG,2013J,0.1,0.15384615384615385,0.12121212121212123
578281,FFF,2013J,0.25,0.09433962264150944,0.13698630136986303
578303,DDD,2013J,0.0,0.0,0.0
578375,GGG,2013J,0.05,0.09090909090909091,0.06451612903225806
578389,GGG,2014B,0.0,0.0,0.0
578395,DDD,2014J,0.1,0.06896551724137931,0.08163265306122448
578418,BBB,2014J,0.05,0.16666666666666666,0.07692307692307691
578427,DDD,2013J,0.0,0.0,0.0
578427,DDD,2014J,0.05,0.07692307692307693,0.060606060606060615
578438,EEE,2013J,0.3,0.46153846153846156,0.3636363636363637
578439,BBB,2014J,0.0,0.0,0.0
578447,BBB,2013J,0.05,0.06666666666666667,0.05714285714285715
578450,EEE,2013J,0.1,0.25,0.14285714285714288
578452,GGG,2014B,0.15,0.25,0.18749999999999997
578469,EEE,2014J,0.25,0.23809523809523808,0.24390243902439024
578492,FFF,2013J,0.05,0.043478260869565216,0.046511627906976744
578497,FFF,2013J,0.25,0.09615384615384616,0.1388888888888889
578519,FFF,2013J,0.0,0.0,0.0
578541,EEE,2014B,0.0,0.0,0.0
578546,BBB,2013J,0.2,0.11428571428571428,0.14545454545454545
578551,BBB,2014J,0.1,0.11764705882352941,0.1081081081081081
578561,FFF,2013J,0.0,0.0,0.0
578574,BBB,2014B,0.05,0.16666666666666666,0.07692307692307691
578578,BBB,2013J,0.05,0.0625,0.05555555555555556
578595,DDD,2014B,0.15,0.1111111111111111,0.12765957446808512
578600,BBB,2013J,0.0,0.0,0.0
578616,DDD,2014J,0.05,0.03125,0.038461538461538464
578634,EEE,2014B,0.05,0.16666666666666666,0.07692307692307691
578644,DDD,2013J,0.15,0.11538461538461539,0.13043478260869565
578646,DDD,2014J,0.15,0.15789473684210525,0.15384615384615385
578654,EEE,2013J,0.1,0.6666666666666666,0.1739130434782609
578655,CCC,2014B,0.2,0.16666666666666666,0.1818181818181818
578666,GGG,2013J,0.1,0.125,0.11111111111111112
578676,BBB,2013J,0.1,0.2,0.13333333333333333
578697,DDD,2013J,0.05,0.05,0.05000000000000001
578710,BBB,2014J,0.1,0.09090909090909091,0.09523809523809525
578717,BBB,2013J,0.0,0.0,0.0
578725,EEE,2013J,0.2,0.2857142857142857,0.23529411764705882
578736,EEE,2013J,0.1,0.4,0.16000000000000003
578744,FFF,2013J,0.1,0.058823529411764705,0.07407407407407408
578754,FFF,2014B,0.0,0.0,0.0
578764,FFF,2014B,0.1,0.08,0.08888888888888889
578797,GGG,2014J,0.15,0.21428571428571427,0.1764705882352941
578815,CCC,2014J,0.2,0.23529411764705882,0.2162162162162162
578815,DDD,2014B,0.0,0.0,0.0
578820,CCC,2014J,0.05,0.3333333333333333,0.08695652173913045
578820,EEE,2013J,0.1,0.18181818181818182,0.12903225806451613
578823,DDD,2013J,0.05,0.07142857142857142,0.058823529411764705
578847,FFF,2014J,0.1,0.06451612903225806,0.0784313725490196
578850,CCC,2014B,0.1,0.06896551724137931,0.08163265306122448
578850,DDD,2013J,0.0,0.0,0.0
578857,DDD,2014J,0.0,0.0,0.0
578861,BBB,2014J,0.15,0.12,0.1333333333333333
578906,DDD,2013J,0.1,0.09090909090909091,0.09523809523809525
578940,GGG,2013J,0.1,0.11764705882352941,0.1081081081081081
578943,DDD,2013J,0.2,0.125,0.15384615384615385
578956,DDD,2013J,0.05,0.021739130434782608,0.030303030303030304
578958,CCC,2014B,0.0,0.0,0.0
578958,EEE,2014B,0.0,0.0,0.0
579011,EEE,2013J,0.05,0.3333333333333333,0.08695652173913045
579015,GGG,2013J,0.05,0.05555555555555555,0.052631578947368425
579017,DDD,2014J,0.1,0.10526315789473684,0.10256410256410256
579020,GGG,2013J,0.15,0.21428571428571427,0.1764705882352941
579027,EEE,2013J,0.0,0.0,0.0
579038,FFF,2013J,0.15,0.0410958904109589,0.06451612903225806
579052,EEE,2014J,0.2,0.4,0.26666666666666666
579081,FFF,2014B,0.05,0.03225806451612903,0.0392156862745098
579086,GGG,2013J,0.15,0.1875,0.16666666666666663
579105,DDD,2013J,0.3,0.14285714285714285,0.19354838709677416
579125,GGG,2014J,0.2,0.2857142857142857,0.23529411764705882
579130,EEE,2013J,0.05,0.2,0.08000000000000002
579134,DDD,2014B,0.1,0.08333333333333333,0.0909090909090909
579151,DDD,2013J,0.1,0.06896551724137931,0.08163265306122448
579161,BBB,2014J,0.0,0.0,0.0
579164,GGG,2013J,0.05,0.06666666666666667,0.05714285714285715
579172,DDD,2014J,0.2,0.06060606060606061,0.0930232558139535
579176,FFF,2013J,0.15,0.05084745762711865,0.0759493670886076
579201,GGG,2013J,0.05,0.05263157894736842,0.05128205128205128
579203,GGG,2013J,0.15,0.1875,0.16666666666666663
579251,BBB,2014J,0.0,0.0,0.0
579257,FFF,2013J,0.2,0.06451612903225806,0.0975609756097561
579278,FFF,2013J,0.05,0.041666666666666664,0.04545454545454545
579279,BBB,2013J,0.05,0.05263157894736842,0.05128205128205128
579283,EEE,2014J,0.2,0.3333333333333333,0.25
579309,GGG,2013J,0.0,0.0,0.0
579316,BBB,2013J,0.0,0.0,0.0
579325,DDD,2013J,0.1,0.05555555555555555,0.07142857142857142
579340,EEE,2013J,0.1,0.18181818181818182,0.12903225806451613
579343,CCC,2014B,0.1,0.16666666666666666,0.125
579343,EEE,2013J,0.15,0.3,0.2
579362,CCC,2014J,0.0,0.0,0.0
579367,DDD,2013J,0.1,0.05128205128205128,0.06779661016949151
579372,DDD,2013J,0.1,0.06896551724137931,0.08163265306122448
579376,FFF,2014B,0.2,0.09523809523809523,0.12903225806451613
579381,GGG,2013J,0.15,0.1875,0.16666666666666663
579386,DDD,2014J,0.1,0.047619047619047616,0.06451612903225806
579409,BBB,2014J,0.05,0.043478260869565216,0.046511627906976744
579470,DDD,2013J,0.0,0.0,0.0
579506,FFF,2013J,0.0,0.0,0.0
579526,FFF,2013J,0.1,0.06060606060606061,0.07547169811320756
579528,GGG,2013J,0.2,0.18181818181818182,0.1904761904761905
579537,BBB,2014B,0.0,0.0,0.0
579549,BBB,2013J,0.1,0.15384615384615385,0.12121212121212123
579550,CCC,2014B,0.1,0.18181818181818182,0.12903225806451613
579557,FFF,2013J,0.15,0.08333333333333333,0.10714285714285714
579567,DDD,2013J,0.0,0.0,0.0
579571,BBB,2013J,0.0,0.0,0.0
579572,GGG,2013J,0.2,0.36363636363636365,0.25806451612903225
579575,BBB,2013J,0.0,0.0,0.0
579583,CCC,2014J,0.15,0.125,0.13636363636363635
579614,CCC,2014J,0.1,0.08,0.08888888888888889
579619,BBB,2013J,0.35,0.1320754716981132,0.19178082191780824
579660,FFF,2014J,0.0,0.0,0.0
579661,GGG,2013J,0.1,0.2222222222222222,0.13793103448275865
579685,FFF,2013J,0.05,0.04,0.044444444444444446
579686,FFF,2014J,0.1,0.045454545454545456,0.06250000000000001
579692,GGG,2014B,0.3,0.2608695652173913,0.27906976744186046
579711,DDD,2014B,0.0,0.0,0.0
579717,DDD,2013J,0.05,0.019230769230769232,0.027777777777777776
579720,BBB,2014B,0.0,0.0,0.0
579723,EEE,2013J,0.15,0.42857142857142855,0.2222222222222222
579737,FFF,2013J,0.15,0.07894736842105263,0.10344827586206896
579762,BBB,2013J,0.05,0.07692307692307693,0.060606060606060615
580094,BBB,2013J,0.1,0.11764705882352941,0.1081081081081081
580317,FFF,2013J,0.05,0.03125,0.038461538461538464
580342,CCC,2014J,0.3,0.16666666666666666,0.21428571428571427
580342,FFF,2013J,0.1,0.04878048780487805,0.06557377049180328
580346,BBB,2013J,0.0,0.0,0.0
580360,BBB,2013J,0.0,0.0,0.0
580380,FFF,2013J,0.05,0.03571428571428571,0.041666666666666664
580384,CCC,2014J,0.15,0.15789473684210525,0.15384615384615385
580389,AAA,2013J,0.1,0.15384615384615385,0.12121212121212123
580393,DDD,2013J,0.25,0.09803921568627451,0.14084507042253522
580415,DDD,2013J,0.1,0.046511627906976744,0.06349206349206349
580450,DDD,2014J,0.0,0.0,0.0
580458,DDD,2014J,0.1,0.1111111111111111,0.10526315789473685
580459,FFF,2014J,0.1,0.03225806451612903,0.04878048780487805
580468,DDD,2013J,0.15,0.08333333333333333,0.10714285714285714
580469,GGG,2013J,0.0,0.0,0.0
580477,FFF,2013J,0.05,1.0,0.09523809523809523
580511,CCC,2014B,0.0,0.0,0.0
580516,DDD,2013J,0.05,0.034482758620689655,0.04081632653061224
580525,CCC,2014B,0.3,0.16666666666666666,0.21428571428571427
580534,DDD,2013J,0.0,0.0,0.0
580540,BBB,2013J,0.05,0.07142857142857142,0.058823529411764705
580555,FFF,2013J,0.1,0.0625,0.07692307692307693
580612,BBB,2013J,0.0,0.0,0.0
580642,DDD,2013J,0.2,0.05405405405405406,0.0851063829787234
580646,BBB,2013J,0.05,0.09090909090909091,0.06451612903225806
580657,FFF,2013J,0.05,0.023809523809523808,0.03225806451612903
580684,BBB,2013J,0.05,0.3333333333333333,0.08695652173913045
580688,BBB,2014B,0.0,0.0,0.0
580702,FFF,2013J,0.05,0.06666666666666667,0.05714285714285715
580709,FFF,2013J,0.05,0.030303030303030304,0.03773584905660378
580714,CCC,2014J,0.05,0.09090909090909091,0.06451612903225806
580714,DDD,2013J,0.2,0.09523809523809523,0.12903225806451613
580719,EEE,2013J,0.25,0.3125,0.2777777777777778
580743,FFF,2013J,0.2,0.05555555555555555,0.08695652173913045
580779,CCC,2014B,0.4,0.24242424242424243,0.30188679245283023
580779,FFF,2013J,0.25,0.09615384615384616,0.1388888888888889
580798,CCC,2014J,0.25,0.2,0.22222222222222224
580798,EEE,2014J,0.45,0.45,0.45
580834,FFF,2014J,0.55,0.12222222222222222,0.19999999999999998
580842,FFF,2013J,0.25,0.09803921568627451,0.14084507042253522
580845,CCC,2014J,0.2,0.12903225806451613,0.1568627450980392
580845,FFF,2014J,0.1,0.03773584905660377,0.05479452054794521
580860,GGG,2013J,0.0,0.0,0.0
580867,FFF,2013J,0.05,0.2,0.08000000000000002
580870,GGG,2013J,0.05,0.1,0.06666666666666667
580880,BBB,2013J,0.1,0.09090909090909091,0.09523809523809525
580883,BBB,2013J,0.0,0.0,0.0
580912,DDD,2014B,0.0,0.0,0.0
580916,CCC,2014J,0.05,0.05,0.05000000000000001
580916,DDD,2013J,0.05,0.023809523809523808,0.03225806451612903
580926,FFF,2014J,0.05,0.1,0.06666666666666667
580960,BBB,2013J,0.0,0.0,0.0
580970,EEE,2013J,0.1,0.5,0.16666666666666669
581003,GGG,2013J,0.0,0.0,0.0
581016,BBB,2014J,0.05,0.05555555555555555,0.052631578947368425
581034,FFF,2013J,0.25,0.052083333333333336,0.08620689655172414
581062,GGG,2013J,0.15,0.17647058823529413,0.16216216216216214
581063,GGG,2013J,0.05,0.0625,0.05555555555555556
581082,EEE,2014J,0.2,0.4444444444444444,0.2758620689655173
581118,BBB,2014J,0.05,0.05263157894736842,0.05128205128205128
581118,GGG,2013J,0.1,0.2,0.13333333333333333
581123,CCC,2014J,0.1,0.1111111111111111,0.10526315789473685
581123,EEE,2013J,0.2,0.8,0.32000000000000006
581129,AAA,2013J,0.05,0.25,0.08333333333333334
581135,FFF,2013J,0.1,0.034482758620689655,0.05128205128205129
581138,DDD,2013J,0.0,0.0,0.0
581139,BBB,2013J,0.0,0.0,0.0
581178,BBB,2014J,0.05,0.1111111111111111,0.06896551724137932
581178,GGG,2013J,0.05,0.1111111111111111,0.06896551724137932
581179,CCC,2014J,0.05,0.05555555555555555,0.052631578947368425
581179,EEE,2013J,0.1,0.16666666666666666,0.125
581200,GGG,2013J,0.05,0.0625,0.05555555555555556
581219,FFF,2013J,0.0,0.0,0.0
581219,FFF,2014J,0.05,0.3333333333333333,0.08695652173913045
581222,BBB,2014B,0.0,0.0,0.0
581234,EEE,2013J,0.0,0.0,0.0
581235,BBB,2014J,0.05,0.07692307692307693,0.060606060606060615
581238,EEE,2014J,0.2,0.3333333333333333,0.25
581239,GGG,2013J,0.1,0.14285714285714285,0.11764705882352941
581247,CCC,2014J,0.25,0.1724137931034483,0.20408163265306123
581253,FFF,2013J,0.25,0.03731343283582089,0.06493506493506493
581253,FFF,2014J,0.15,0.08108108108108109,0.10526315789473685
581257,EEE,2014B,0.05,0.14285714285714285,0.07407407407407408
581261,FFF,2013J,0.0,0.0,0.0
581269,EEE,2014B,0.15,0.23076923076923078,0.18181818181818185
581305,BBB,2013J,0.05,0.05263157894736842,0.05128205128205128
581307,FFF,2013J,0.0,0.0,0.0
581316,CCC,2014J,0.05,0.058823529411764705,0.05405405405405405
581332,FFF,2013J,0.1,0.08695652173913043,0.09302325581395349
581340,EEE,2013J,0.15,0.25,0.18749999999999997
581353,BBB,2014B,0.0,0.0,0.0
581410,FFF,2013J,0.0,0.0,0.0
581414,GGG,2013J,0.0,0.0,0.0
581431,BBB,2013J,0.0,0.0,0.0
581438,EEE,2013J,0.05,0.3333333333333333,0.08695652173913045
581485,GGG,2013J,0.15,0.16666666666666666,0.15789473684210525
581486,FFF,2013J,0.15,0.09375,0.11538461538461538
581490,FFF,2013J,0.05,0.07692307692307693,0.060606060606060615
581520,FFF,2014B,0.1,0.05555555555555555,0.07142857142857142
581523,FFF,2013J,0.15,0.07317073170731707,0.09836065573770492
581532,FFF,2013J,0.1,0.024691358024691357,0.039603960396039604
581533,EEE,2013J,0.2,0.5714285714285714,0.29629629629629634
581552,CCC,2014J,0.1,0.125,0.11111111111111112
581552,DDD,2013J,0.0,0.0,0.0
581574,FFF,2013J,0.1,0.07407407407407407,0.0851063829787234
581586,BBB,2013J,0.0,0.0,0.0
581593,DDD,2013J,0.2,0.09090909090909091,0.12500000000000003
581598,FFF,2014B,0.0,0.0,0.0
581611,CCC,2014B,0.0,0.0,0.0
581614,CCC,2014B,0.0,0.0,0.0
581614,FFF,2013J,0.1,0.07142857142857142,0.08333333333333333
581616,FFF,2013J,0.2,0.125,0.15384615384615385
581648,DDD,2014B,0.05,0.0196078431372549,0.02816901408450704
581652,GGG,2013J,0.15,0.14285714285714285,0.14634146341463414
581656,CCC,2014J,0.1,0.1111111111111111,0.10526315789473685
581656,FFF,2013J,0.2,0.1111111111111111,0.14285714285714285
581657,BBB,2013J,0.0,0.0,0.0
581659,FFF,2014J,0.25,0.09090909090909091,0.13333333333333333
581676,CCC,2014J,0.25,0.19230769230769232,0.2173913043478261
581676,EEE,2014B,0.2,0.25,0.22222222222222224
581697,DDD,2013J,0.1,0.04878048780487805,0.06557377049180328
581708,EEE,2013J,0.15,0.3,0.2
581716,EEE,2013J,0.05,0.2,0.08000000000000002
581744,EEE,2013J,0.05,0.3333333333333333,0.08695652173913045
581769,FFF,2013J,0.3,0.06896551724137931,0.11214953271028039
581770,FFF,2013J,0.1,0.13333333333333333,0.1142857142857143
581779,FFF,2014J,0.1,0.09523809523809523,0.0975609756097561
581787,FFF,2013J,0.05,0.08333333333333333,0.0625
581796,FFF,2013J,0.1,0.09090909090909091,0.09523809523809525
581806,GGG,2013J,0.1,0.10526315789473684,0.10256410256410256
581810,FFF,2013J,0.15,0.15,0.15
581836,FFF,2013J,0.1,0.05555555555555555,0.07142857142857142
581838,FFF,2013J,0.1,0.11764705882352941,0.1081081081081081
581851,EEE,2014J,0.3,0.5454545454545454,0.3870967741935483
581866,BBB,2014J,0.2,0.23529411764705882,0.2162162162162162
581877,BBB,2014J,0.05,0.08333333333333333,0.0625
581887,EEE,2014J,0.2,0.2857142857142857,0.23529411764705882
581889,GGG,2013J,0.3,0.2727272727272727,0.28571428571428564
581914,EEE,2013J,0.05,0.1111111111111111,0.06896551724137932
581922,DDD,2013J,0.2,0.09090909090909091,0.12500000000000003
581956,GGG,2013J,0.15,0.15,0.15
581965,GGG,2013J,0.05,0.047619047619047616,0.04878048780487805
582009,DDD,2014J,0.15,0.09375,0.11538461538461538
582040,BBB,2014J,0.0,0.0,0.0
582063,FFF,2013J,0.05,0.047619047619047616,0.04878048780487805
582087,CCC,2014B,0.15,0.13636363636363635,0.14285714285714282
582087,EEE,2013J,0.05,0.16666666666666666,0.07692307692307691
582094,EEE,2014J,0.2,0.2857142857142857,0.23529411764705882
582108,CCC,2014B,0.0,0.0,0.0
582108,FFF,2013J,0.0,0.0,0.0
582117,FFF,2014J,0.05,0.047619047619047616,0.04878048780487805
582123,BBB,2013J,0.0,0.0,0.0
582125,FFF,2013J,0.1,0.08,0.08888888888888889
582184,BBB,2013J,0.0,0.0,0.0
582190,BBB,2013J,0.05,0.05,0.05000000000000001
582197,DDD,2014J,0.15,0.10714285714285714,0.125
582218,BBB,2013J,0.0,0.0,0.0
582226,GGG,2013J,0.05,0.058823529411764705,0.05405405405405405
582235,FFF,2013J,0.2,0.11428571428571428,0.14545454545454545
582250,GGG,2013J,0.2,0.18181818181818182,0.1904761904761905
582253,BBB,2014J,0.3,0.2608695652173913,0.27906976744186046
582283,GGG,2014B,0.2,0.2,0.20000000000000004
582301,BBB,2013J,0.0,0.0,0.0
582305,BBB,2013J,0.0,0.0,0.0
582320,CCC,2014J,0.05,0.09090909090909091,0.06451612903225806
582320,DDD,2013J,0.0,0.0,0.0
582332,FFF,2014J,0.1,0.044444444444444446,0.061538461538461535
582333,BBB,2013J,0.0,0.0,0.0
582364,FFF,2013J,0.05,0.02127659574468085,0.029850746268656716
582373,DDD,2013J,0.05,0.07692307692307693,0.060606060606060615
582390,BBB,2013J,0.0,0.0,0.0
582392,FFF,2013J,0.05,0.027777777777777776,0.03571428571428571
582394,BBB,2013J,0.05,0.05555555555555555,0.052631578947368425
582406,BBB,2013J,0.0,0.0,0.0
582416,DDD,2013J,0.0,0.0,0.0
582420,GGG,2013J,0.05,0.0625,0.05555555555555556
582446,BBB,2013J,0.1,0.08333333333333333,0.0909090909090909
582452,DDD,2013J,0.0,0.0,0.0
582460,BBB,2014J,0.1,0.1,0.10000000000000002
582460,GGG,2013J,0.0,0.0,0.0
582464,DDD,2013J,0.15,0.061224489795918366,0.08695652173913043
582474,BBB,2013J,0.0,0.0,0.0
582479,DDD,2014B,0.15,0.13043478260869565,0.13953488372093023
582486,GGG,2013J,0.15,0.1875,0.16666666666666663
582494,FFF,2013J,0.05,0.023255813953488372,0.031746031746031744
582510,FFF,2013J,0.05,0.043478260869565216,0.046511627906976744
582514,EEE,2013J,0.15,0.2727272727272727,0.19354838709677416
582536,GGG,2013J,0.1,0.1,0.10000000000000002
582550,CCC,2014J,0.3,0.12,0.17142857142857143
582554,DDD,2013J,0.1,0.05555555555555555,0.07142857142857142
582562,FFF,2013J,0.1,0.029411764705882353,0.04545454545454545
582568,GGG,2013J,0.1,0.5,0.16666666666666669
582574,BBB,2013J,0.05,0.043478260869565216,0.046511627906976744
582578,BBB,2013J,0.0,0.0,0.0
582608,DDD,2014J,0.25,0.2,0.22222222222222224
582636,BBB,2013J,0.05,0.1,0.06666666666666667
582649,GGG,2013J,0.25,0.29411764705882354,0.27027027027027023
582650,BBB,2013J,0.1,0.08,0.08888888888888889
582653,FFF,2014J,0.0,0.0,0.0
582670,FFF,2014J,0.1,0.15384615384615385,0.12121212121212123
582677,FFF,2013J,0.05,0.08333333333333333,0.0625
582697,GGG,2013J,0.2,0.18181818181818182,0.1904761904761905
582705,FFF,2013J,0.15,0.041666666666666664,0.06521739130434782
582709,BBB,2014J,0.05,0.2,0.08000000000000002
582709,GGG,2013J,0.0,0.0,0.0
582723,EEE,2013J,0.25,0.7142857142857143,0.37037037037037035
582768,EEE,2013J,0.0,0.0,0.0
582790,FFF,2013J,0.2,0.08695652173913043,0.12121212121212122
582827,EEE,2013J,0.25,0.5555555555555556,0.3448275862068966
582833,BBB,2013J,0.05,0.5,0.09090909090909091
582878,BBB,2013J,0.15,0.13043478260869565,0.13953488372093023
582879,CCC,2014B,0.2,0.21052631578947367,0.20512820512820512
582879,DDD,2013J,0.15,0.0379746835443038,0.06060606060606061
582898,BBB,2014J,0.2,0.21052631578947367,0.20512820512820512
582913,EEE,2013J,0.1,0.18181818181818182,0.12903225806451613
582931,DDD,2013J,0.0,0.0,0.0
582940,BBB,2013J,0.05,0.1,0.06666666666666667
582950,CCC,2014B,0.1,0.16666666666666666,0.125
582950,FFF,2013J,0.15,0.043478260869565216,0.06741573033707865
582958,BBB,2013J,0.0,0.0,0.0
582964,BBB,2014J,0.0,0.0,0.0
582975,BBB,2013J,0.1,0.13333333333333333,0.1142857142857143
583012,BBB,2013J,0.0,0.0,0.0
583031,GGG,2013J,0.0,0.0,0.0
583032,CCC,2014B,0.25,0.21739130434782608,0.23255813953488372
583032,EEE,2013J,0.05,0.16666666666666666,0.07692307692307691
583039,BBB,2013J,0.0,0.0,0.0
583052,CCC,2014B,0.1,0.11764705882352941,0.1081081081081081
583052,EEE,2013J,0.15,0.25,0.18749999999999997
583053,DDD,2014B,0.05,0.03125,0.038461538461538464
583056,FFF,2014J,0.0,0.0,0.0
583098,BBB,2013J,0.0,0.0,0.0
583102,BBB,2014B,0.05,0.1111111111111111,0.06896551724137932
583113,BBB,2013J,0.05,0.1,0.06666666666666667
583131,FFF,2013J,0.15,0.07142857142857142,0.09677419354838708
583142,BBB,2013J,0.0,0.0,0.0
583146,GGG,2013J,0.15,0.15789473684210525,0.15384615384615385
583148,GGG,2014B,0.05,0.14285714285714285,0.07407407407407408
583170,BBB,2013J,0.1,0.09090909090909091,0.09523809523809525
583186,EEE,2013J,0.05,0.1111111111111111,0.06896551724137932
583191,BBB,2013J,0.0,0.0,0.0
583192,CCC,2014B,0.2,0.16666666666666666,0.1818181818181818
583192,EEE,2013J,0.05,0.14285714285714285,0.07407407407407408
583198,DDD,2013J,0.1,0.04,0.05714285714285714
583202,FFF,2013J,0.0,0.0,0.0
583232,FFF,2013J,0.15,0.04285714285714286,0.06666666666666667
583236,FFF,2013J,0.05,0.09090909090909091,0.06451612903225806
583238,EEE,2013J,0.15,0.25,0.18749999999999997
583240,BBB,2013J,0.05,0.14285714285714285,0.07407407407407408
583247,DDD,2013J,0.0,0.0,0.0
583286,FFF,2013J,0.15,0.06521739130434782,0.09090909090909091
583293,CCC,2014J,0.0,0.0,0.0
583293,DDD,2013J,0.05,0.043478260869565216,0.046511627906976744
583318,FFF,2014J,0.1,0.06896551724137931,0.08163265306122448
583367,BBB,2013J,0.0,0.0,0.0
583381,FFF,2013J,0.15,0.06666666666666667,0.09230769230769231
583423,GGG,2013J,0.05,0.05,0.05000000000000001
583433,BBB,2013J,0.1,0.14285714285714285,0.11764705882352941
583459,BBB,2013J,0.1,0.125,0.11111111111111112
583473,BBB,2013J,0.2,0.08,0.11428571428571428
583487,FFF,2014J,0.05,0.05555555555555555,0.052631578947368425
583502,GGG,2013J,0.0,0.0,0.0
583514,DDD,2013J,0.25,0.15151515151515152,0.18867924528301888
583526,FFF,2013J,0.25,0.16129032258064516,0.19607843137254902
583532,GGG,2013J,0.15,0.2,0.17142857142857143
583540,DDD,2013J,0.05,0.05263157894736842,0.05128205128205128
583606,DDD,2013J,0.05,0.0625,0.05555555555555556
583607,GGG,2013J,0.2,0.2222222222222222,0.2105263157894737
583609,BBB,2013J,0.1,0.14285714285714285,0.11764705882352941
583623,GGG,2013J,0.05,0.1111111111111111,0.06896551724137932
583645,BBB,2013J,0.05,0.05555555555555555,0.052631578947368425
583664,GGG,2013J,0.1,0.11764705882352941,0.1081081081081081
583704,CCC,2014J,0.15,0.08571428571428572,0.10909090909090909
583708,BBB,2013J,0.05,0.1,0.06666666666666667
583713,DDD,2014B,0.0,0.0,0.0
583714,EEE,2013J,0.15,0.375,0.21428571428571425
583719,EEE,2014J,0.1,0.2222222222222222,0.13793103448275865
583721,GGG,2013J,0.05,0.125,0.07142857142857144
583730,GGG,2013J,0.05,0.07692307692307693,0.060606060606060615
583741,FFF,2013J,0.05,0.06666666666666667,0.05714285714285715
583775,BBB,2014J,0.0,0.0,0.0
583775,DDD,2014B,0.0,0.0,0.0
583824,FFF,2013J,0.05,0.029411764705882353,0.03703703703703704
583843,BBB,2014J,0.1,0.10526315789473684,0.10256410256410256
583855,EEE,2013J,0.2,0.36363636363636365,0.25806451612903225
583867,FFF,2013J,0.0,0.0,0.0
583871,DDD,2013J,0.1,0.07142857142857142,0.08333333333333333
583873,BBB,2013J,0.0,0.0,0.0
583906,CCC,2014B,0.1,0.16666666666666666,0.125
583933,EEE,2013J,0.2,0.4,0.26666666666666666
583946,DDD,2013J,0.2,0.07692307692307693,0.1111111111111111
583950,BBB,2014B,0.1,0.14285714285714285,0.11764705882352941
583954,BBB,2014J,0.1,0.09523809523809523,0.0975609756097561
583955,DDD,2013J,0.0,0.0,0.0
583964,BBB,2013J,0.0,0.0,0.0
583968,EEE,2014B,0.15,0.2727272727272727,0.19354838709677416
583970,BBB,2013J,0.0,0.0,0.0
583973,GGG,2013J,0.05,0.125,0.07142857142857144
583977,BBB,2013J,0.0,0.0,0.0
583993,CCC,2014J,0.05,0.16666666666666666,0.07692307692307691
583993,FFF,2013J,0.0,0.0,0.0
584038,DDD,2014J,0.0,0.0,0.0
584040,FFF,2013J,0.0,0.0,0.0
584042,BBB,2013J,0.05,0.16666666666666666,0.07692307692307691
584099,GGG,2014J,0.1,0.18181818181818182,0.12903225806451613
584111,FFF,2013J,0.15,0.08333333333333333,0.10714285714285714
584132,DDD,2013J,0.0,0.0,0.0
584143,GGG,2013J,0.45,0.36,0.39999999999999997
584178,BBB,2013J,0.05,0.045454545454545456,0.04761904761904762
584183,DDD,2013J,0.05,0.08333333333333333,0.0625
584184,FFF,2014B,0.2,0.08888888888888889,0.12307692307692307
584191,CCC,2014B,0.0,0.0,0.0
584191,EEE,2013J,0.05,0.3333333333333333,0.08695652173913045
584195,GGG,2013J,0.05,0.1111111111111111,0.06896551724137932
584210,FFF,2013J,0.0,0.0,0.0
584214,FFF,2013J,0.15,0.08571428571428572,0.10909090909090909
584299,GGG,2013J,0.1,0.14285714285714285,0.11764705882352941
584315,DDD,2013J,0.0,0.0,0.0
584325,BBB,2013J,0.0,0.0,0.0
584386,CCC,2014J,0.1,0.09523809523809523,0.0975609756097561
584386,EEE,2013J,0.35,0.5,0.4117647058823529
584408,BBB,2013J,0.05,0.14285714285714285,0.07407407407407408
584414,EEE,2013J,0.15,0.23076923076923078,0.18181818181818185
584433,DDD,2013J,0.05,0.14285714285714285,0.07407407407407408
584443,EEE,2013J,0.15,0.2727272727272727,0.19354838709677416
584446,CCC,2014B,0.0,0.0,0.0
584446,FFF,2013J,0.15,0.08333333333333333,0.10714285714285714
584448,GGG,2013J,0.05,0.06666666666666667,0.05714285714285715
584468,FFF,2013J,0.1,0.09090909090909091,0.09523809523809525
584495,DDD,2013J,0.1,0.07407407407407407,0.0851063829787234
584500,GGG,2013J,0.15,0.13636363636363635,0.14285714285714282
584509,BBB,2014J,0.05,0.06666666666666667,0.05714285714285715
584509,GGG,2013J,0.1,0.14285714285714285,0.11764705882352941
584514,EEE,2014J,0.0,0.0,0.0
584515,FFF,2014J,0.05,0.07142857142857142,0.058823529411764705
584539,BBB,2014J,0.1,0.07142857142857142,0.08333333333333333
584546,FFF,2013J,0.0,0.0,0.0
584550,FFF,2013J,0.25,0.08333333333333333,0.125
584553,EEE,2013J,0.15,0.25,0.18749999999999997
584586,DDD,2013J,0.05,0.14285714285714285,0.07407407407407408
584591,DDD,2014J,0.0,0.0,0.0
584601,FFF,2013J,0.2,0.047058823529411764,0.0761904761904762
584611,BBB,2013J,0.0,0.0,0.0
584640,DDD,2013J,0.1,0.1,0.10000000000000002
584660,DDD,2014B,0.05,0.043478260869565216,0.046511627906976744
584710,GGG,2013J,0.1,0.125,0.11111111111111112
584718,EEE,2014J,0.2,0.4444444444444444,0.2758620689655173
584733,BBB,2014J,0.0,0.0,0.0
584733,GGG,2013J,0.05,0.07142857142857142,0.058823529411764705
584766,BBB,2013J,0.1,0.2,0.13333333333333333
584771,CCC,2014J,0.2,0.2857142857142857,0.23529411764705882
584771,FFF,2013J,0.05,0.0625,0.05555555555555556
584806,FFF,2013J,0.05,0.0625,0.05555555555555556
584813,BBB,2013J,0.0,0.0,0.0
584827,GGG,2013J,0.05,0.07142857142857142,0.058823529411764705
584842,FFF,2014B,0.1,0.14285714285714285,0.11764705882352941
584844,GGG,2013J,0.05,0.2,0.08000000000000002
584864,BBB,2014J,0.05,0.045454545454545456,0.04761904761904762
584908,GGG,2013J,0.05,0.08333333333333333,0.0625
584914,DDD,2013J,0.05,0.5,0.09090909090909091
584918,DDD,2013J,0.0,0.0,0.0
584926,CCC,2014J,0.05,0.04,0.044444444444444446
584940,CCC,2014B,0.15,0.14285714285714285,0.14634146341463414
584942,GGG,2013J,0.05,0.047619047619047616,0.04878048780487805
584943,DDD,2013J,0.05,0.03225806451612903,0.0392156862745098
584969,GGG,2013J,0.1,0.13333333333333333,0.1142857142857143
584981,DDD,2014J,0.15,0.05172413793103448,0.07692307692307693
585011,EEE,2013J,0.1,0.4,0.16000000000000003
585025,GGG,2013J,0.1,0.2,0.13333333333333333
585033,FFF,2013J,0.05,0.029411764705882353,0.03703703703703704
585041,GGG,2013J,0.25,0.38461538461538464,0.30303030303030304
585048,BBB,2014B,0.1,0.08695652173913043,0.09302325581395349
585057,CCC,2014B,0.0,0.0,0.0
585058,GGG,2013J,0.0,0.0,0.0
585093,CCC,2014B,0.15,0.25,0.18749999999999997
585093,FFF,2013J,0.0,0.0,0.0
585098,CCC,2014J,0.0,0.0,0.0
585098,DDD,2013J,0.05,0.02702702702702703,0.03508771929824561
585114,GGG,2013J,0.2,0.14814814814814814,0.1702127659574468
585134,CCC,2014J,0.1,0.11764705882352941,0.1081081081081081
585134,DDD,2013J,0.0,0.0,0.0
585141,GGG,2013J,0.2,0.3333333333333333,0.25
585145,GGG,2013J,0.35,0.2692307692307692,0.3043478260869565
585147,GGG,2013J,0.15,0.1875,0.16666666666666663
585150,BBB,2014B,0.1,0.1111111111111111,0.10526315789473685
585153,DDD,2014J,0.15,0.1,0.12
585154,CCC,2014J,0.15,0.1111111111111111,0.12765957446808512
585162,FFF,2013J,0.1,0.05,0.06666666666666667
585166,FFF,2013J,0.05,0.03571428571428571,0.041666666666666664
585170,BBB,2013J,0.15,0.2,0.17142857142857143
585199,GGG,2013J,0.1,0.09523809523809523,0.0975609756097561
585200,BBB,2013J,0.15,0.09375,0.11538461538461538
585201,GGG,2013J,0.05,0.08333333333333333,0.0625
585208,DDD,2013J,0.05,0.1,0.06666666666666667
585210,DDD,2013J,0.0,0.0,0.0
585212,BBB,2013J,0.05,0.05,0.05000000000000001
585222,FFF,2013J,0.0,0.0,0.0
585224,FFF,2014J,0.05,0.027777777777777776,0.03571428571428571
585230,FFF,2013J,0.05,0.06666666666666667,0.05714285714285715
585236,GGG,2013J,0.0,0.0,0.0
585261,FFF,2014J,0.15,0.08333333333333333,0.10714285714285714
585279,EEE,2013J,0.15,0.25,0.18749999999999997
585284,FFF,2014J,0.05,0.03571428571428571,0.041666666666666664
585301,FFF,2013J,0.0,0.0,0.0
585305,FFF,2013J,0.0,0.0,0.0
585326,DDD,2013J,0.05,0.03571428571428571,0.041666666666666664
585354,DDD,2014J,0.0,0.0,0.0
585359,CCC,2014J,0.0,0.0,0.0
585359,DDD,2013J,0.1,0.09090909090909091,0.09523809523809525
585383,CCC,2014B,0.05,0.08333333333333333,0.0625
585383,FFF,2013J,0.05,0.038461538461538464,0.043478260869565216
585393,CCC,2014B,0.15,0.14285714285714285,0.14634146341463414
585393,EEE,2014B,0.2,0.36363636363636365,0.25806451612903225
585397,CCC,2014B,0.15,0.10714285714285714,0.125
585397,EEE,2014B,0.2,0.3333333333333333,0.25
585406,BBB,2013J,0.1,0.14285714285714285,0.11764705882352941
585422,DDD,2013J,0.1,0.14285714285714285,0.11764705882352941
585432,DDD,2014J,0.1,0.04878048780487805,0.06557377049180328
585433,EEE,2013J,0.15,0.3333333333333333,0.20689655172413793
585445,GGG,2013J,0.1,0.125,0.11111111111111112
585449,FFF,2013J,0.05,0.1,0.06666666666666667
585454,FFF,2014B,0.15,0.13043478260869565,0.13953488372093023
585455,CCC,2014B,0.1,0.1,0.10000000000000002
585455,EEE,2013J,0.15,0.3,0.2
585464,EEE,2013J,0.2,0.36363636363636365,0.25806451612903225
585466,FFF,2013J,0.25,0.07575757575757576,0.11627906976744187
585471,EEE,2013J,0.05,0.1,0.06666666666666667
585503,FFF,2014J,0.3,0.12,0.17142857142857143
585518,GGG,2013J,0.2,0.3333333333333333,0.25
585526,DDD,2014J,0.05,0.0625,0.05555555555555556
585547,BBB,2014B,0.05,0.07692307692307693,0.060606060606060615
585572,FFF,2014J,0.0,0.0,0.0
585574,FFF,2013J,0.0,0.0,0.0
585577,GGG,2013J,0.1,0.1,0.10000000000000002
585603,BBB,2013J,0.0,0.0,0.0
585608,GGG,2013J,0.05,0.1,0.06666666666666667
585611,BBB,2013J,0.0,0.0,0.0
585613,GGG,2013J,0.2,0.17391304347826086,0.18604651162790697
585615,FFF,2013J,0.05,0.09090909090909091,0.06451612903225806
585626,DDD,2014J,0.3,0.11538461538461539,0.16666666666666669
585643,EEE,2014J,0.25,0.45454545454545453,0.3225806451612903
585644,BBB,2013J,0.1,0.5,0.16666666666666669
585652,BBB,2013J,0.05,0.125,0.07142857142857144
585659,FFF,2013J,0.05,0.0625,0.05555555555555556
585662,EEE,2014B,0.15,0.3333333333333333,0.20689655172413793
585668,GGG,2013J,0.0,0.0,0.0
585693,BBB,2013J,0.2,0.08,0.11428571428571428
585695,CCC,2014B,0.55,0.16923076923076924,0.2588235294117647
585695,DDD,2013J,0.15,0.07894736842105263,0.10344827586206896
585702,GGG,2013J,0.15,0.17647058823529413,0.16216216216216214
585709,CCC,2014B,0.1,0.09523809523809523,0.0975609756097561
585731,FFF,2013J,0.05,0.05,0.05000000000000001
585762,BBB,2014J,0.0,0.0,0.0
585768,GGG,2013J,0.2,0.3333333333333333,0.25
585773,DDD,2014J,0.05,0.03125,0.038461538461538464
585779,BBB,2013J,0.05,0.02857142857142857,0.03636363636363636
585812,CCC,2014J,0.1,0.08,0.08888888888888889
585816,BBB,2013J,0.0,0.0,0.0
585830,DDD,2014B,0.15,0.125,0.13636363636363635
585832,DDD,2014J,0.15,0.07894736842105263,0.10344827586206896
585837,EEE,2013J,0.2,0.21052631578947367,0.20512820512820512
585847,GGG,2013J,0.3,0.2222222222222222,0.25531914893617025
585852,EEE,2014J,0.15,0.5,0.23076923076923075
585921,FFF,2014B,0.15,0.08108108108108109,0.10526315789473685
585942,FFF,2013J,0.0,0.0,0.0
585958,FFF,2014J,0.05,0.02631578947368421,0.034482758620689655
586022,DDD,2013J,0.0,0.0,0.0
586034,FFF,2013J,0.25,0.09433962264150944,0.13698630136986303
586036,BBB,2014J,0.05,0.07692307692307693,0.060606060606060615
586046,CCC,2014J,0.0,0.0,0.0
586046,EEE,2013J,0.0,0.0,0.0
586047,CCC,2014J,0.05,0.07692307692307693,0.060606060606060615
586047,EEE,2013J,0.1,0.2,0.13333333333333333
586078,BBB,2013J,0.0,0.0,0.0
586080,FFF,2013J,0.0,0.0,0.0
586086,BBB,2014B,0.0,0.0,0.0
586088,CCC,2014J,0.2,0.14814814814814814,0.1702127659574468
586111,BBB,2014B,0.05,0.5,0.09090909090909091
586113,DDD,2013J,0.0,0.0,0.0
586121,DDD,2014J,0.0,0.0,0.0
586128,DDD,2013J,0.0,0.0,0.0
586134,BBB,2014J,0.05,0.08333333333333333,0.0625
586137,EEE,2013J,0.1,0.3333333333333333,0.15384615384615383
586142,BBB,2014J,0.2,0.13333333333333333,0.16
586158,GGG,2013J,0.05,0.1,0.06666666666666667
586165,BBB,2013J,0.05,0.06666666666666667,0.05714285714285715
586180,BBB,2014J,0.0,0.0,0.0
586196,GGG,2013J,0.0,0.0,0.0
586233,FFF,2013J,0.0,0.0,0.0
586236,EEE,2013J,0.15,0.5,0.23076923076923075
586243,DDD,2013J,0.1,0.06666666666666667,0.08
586257,DDD,2013J,0.25,0.12195121951219512,0.16393442622950818
586261,CCC,2014J,0.15,0.08333333333333333,0.10714285714285714
586261,EEE,2013J,0.1,0.2,0.13333333333333333
586287,GGG,2013J,0.2,0.16,0.17777777777777778
586315,DDD,2014J,0.0,0.0,0.0
586324,GGG,2013J,0.05,0.05555555555555555,0.052631578947368425
586337,GGG,2013J,0.15,0.16666666666666666,0.15789473684210525
586346,BBB,2013J,0.2,0.14285714285714285,0.16666666666666666
586347,DDD,2014B,0.0,0.0,0.0
586367,GGG,2013J,0.0,0.0,0.0
586371,GGG,2014J,0.3,0.3333333333333333,0.3157894736842105
586376,BBB,2014J,0.2,0.21052631578947367,0.20512820512820512
586416,BBB,2013J,0.05,0.16666666666666666,0.07692307692307691
586423,GGG,2013J,0.1,0.10526315789473684,0.10256410256410256
586428,FFF,2013J,0.15,0.046875,0.07142857142857142
586440,BBB,2013J,0.0,0.0,0.0
586444,DDD,2014J,0.0,0.0,0.0
586446,FFF,2013J,0.2,0.10810810810810811,0.14035087719298245
586468,FFF,2013J,0.2,0.08,0.11428571428571428
586474,EEE,2014J,0.05,0.25,0.08333333333333334
586476,CCC,2014J,0.0,0.0,0.0
586476,EEE,2013J,0.35,0.5833333333333334,0.4375
586477,FFF,2013J,0.05,0.027777777777777776,0.03571428571428571
586483,FFF,2013J,0.1,0.06896551724137931,0.08163265306122448
586493,GGG,2013J,0.15,0.1875,0.16666666666666663
586494,GGG,2014B,0.05,0.07142857142857142,0.058823529411764705
586497,CCC,2014J,0.2,0.16666666666666666,0.1818181818181818
586497,DDD,2013J,0.05,0.01818181818181818,0.02666666666666667
586502,BBB,2014J,0.05,0.047619047619047616,0.04878048780487805
586502,GGG,2013J,0.15,0.15,0.15
586516,BBB,2014J,0.1,0.047619047619047616,0.06451612903225806
586518,FFF,2013J,0.25,0.10416666666666667,0.14705882352941177
586526,DDD,2013J,0.1,0.1,0.10000000000000002
586535,BBB,2013J,0.0,0.0,0.0
586550,DDD,2013J,0.0,0.0,0.0
586581,BBB,2013J,0.05,0.08333333333333333,0.0625
586592,FFF,2014B,0.15,0.12,0.1333333333333333
586594,CCC,2014J,0.1,0.10526315789473684,0.10256410256410256
586594,FFF,2013J,0.05,0.02702702702702703,0.03508771929824561
586598,GGG,2013J,0.05,0.08333333333333333,0.0625
586621,EEE,2013J,0.1,0.2222222222222222,0.13793103448275865
586625,DDD,2013J,0.0,0.0,0.0
586639,GGG,2013J,0.05,0.05555555555555555,0.052631578947368425
586642,FFF,2013J,0.15,0.08108108108108109,0.10526315789473685
586652,BBB,2014J,0.2,0.17391304347826086,0.18604651162790697
586660,GGG,2013J,0.1,0.16666666666666666,0.125
586668,CCC,2014J,0.15,0.13636363636363635,0.14285714285714282
586668,EEE,2013J,0.2,0.2222222222222222,0.2105263157894737
586689,GGG,2013J,0.0,0.0,0.0
586705,FFF,2013J,0.1,0.058823529411764705,0.07407407407407408
586712,BBB,2014B,0.15,0.13043478260869565,0.13953488372093023
586716,EEE,2013J,0.2,0.36363636363636365,0.25806451612903225
586719,FFF,2013J,0.0,0.0,0.0
586729,DDD,2014J,0.1,0.07142857142857142,0.08333333333333333
586742,BBB,2013J,0.05,0.1,0.06666666666666667
586750,CCC,2014J,0.15,0.15789473684210525,0.15384615384615385
586750,EEE,2013J,0.1,0.2857142857142857,0.14814814814814817
586753,FFF,2013J,0.05,0.06666666666666667,0.05714285714285715
586758,FFF,2013J,0.05,0.027777777777777776,0.03571428571428571
586762,CCC,2014J,0.15,0.21428571428571427,0.1764705882352941
586762,DDD,2013J,0.15,0.13043478260869565,0.13953488372093023
586781,CCC,2014J,0.05,0.08333333333333333,0.0625
586781,FFF,2013J,0.1,0.02702702702702703,0.0425531914893617
586784,FFF,2013J,0.1,0.043478260869565216,0.06060606060606061
586787,GGG,2013J,0.05,0.14285714285714285,0.07407407407407408
586800,DDD,2013J,0.05,0.037037037037037035,0.0425531914893617
586808,CCC,2014J,0.15,0.08823529411764706,0.11111111111111112
586808,FFF,2013J,0.15,0.058823529411764705,0.08450704225352114
586818,GGG,2013J,0.05,0.06666666666666667,0.05714285714285715
586838,CCC,2014J,0.0,0.0,0.0
586838,EEE,2013J,0.15,0.2727272727272727,0.19354838709677416
586843,BBB,2013J,0.0,0.0,0.0
586855,FFF,2013J,0.1,0.07692307692307693,0.08695652173913043
586876,DDD,2014B,0.05,0.05555555555555555,0.052631578947368425
586891,FFF,2013J,0.0,0.0,0.0
586906,FFF,2014J,0.1,0.0392156862745098,0.05633802816901408
586912,DDD,2013J,0.2,0.0784313725490196,0.11267605633802816
586914,GGG,2013J,0.2,0.18181818181818182,0.1904761904761905
586917,FFF,2014B,0.05,0.05,0.05000000000000001
586921,EEE,2013J,0.2,0.36363636363636365,0.25806451612903225
586935,FFF,2013J,0.1,0.07407407407407407,0.0851063829787234
586946,DDD,2014J,0.2,0.07272727272727272,0.10666666666666667
586957,FFF,2013J,0.05,0.03571428571428571,0.041666666666666664
586962,EEE,2013J,0.05,0.2,0.08000000000000002
586981,GGG,2013J,0.1,1.0,0.18181818181818182
586995,BBB,2014B,0.3,0.14634146341463414,0.19672131147540983
586996,BBB,2013J,0.0,0.0,0.0
587002,DDD,2013J,0.15,0.057692307692307696,0.08333333333333334
587004,GGG,2013J,0.15,0.16666666666666666,0.15789473684210525
587008,CCC,2014J,0.15,0.1,0.12
587008,EEE,2014J,0.4,0.47058823529411764,0.4324324324324324
587054,BBB,2014J,0.05,0.05,0.05000000000000001
587126,FFF,2013J,0.15,0.075,0.1
587140,DDD,2014J,0.0,0.0,0.0
587161,GGG,2013J,0.2,0.21052631578947367,0.20512820512820512
587178,FFF,2013J,0.0,0.0,0.0
587181,BBB,2014B,0.0,0.0,0.0
587183,GGG,2013J,0.0,0.0,0.0
587192,BBB,2013J,0.05,0.04,0.044444444444444446
587194,BBB,2013J,0.1,0.3333333333333333,0.15384615384615383
587223,BBB,2013J,0.15,0.23076923076923078,0.18181818181818185
587244,CCC,2014J,0.5,0.12658227848101267,0.20202020202020204
587286,FFF,2013J,0.15,0.13043478260869565,0.13953488372093023
587294,FFF,2013J,0.1,0.047619047619047616,0.06451612903225806
587297,BBB,2013J,0.3,0.1276595744680851,0.17910447761194026
587319,EEE,2013J,0.1,0.6666666666666666,0.1739130434782609
587323,EEE,2014B,0.05,0.09090909090909091,0.06451612903225806
587324,FFF,2013J,0.0,0.0,0.0
587330,GGG,2013J,0.05,0.08333333333333333,0.0625
587334,FFF,2013J,0.15,0.10714285714285714,0.125
587346,EEE,2013J,0.05,0.14285714285714285,0.07407407407407408
587362,GGG,2013J,0.05,0.05263157894736842,0.05128205128205128
587375,DDD,2014J,0.0,0.0,0.0
587377,CCC,2014J,0.05,0.07142857142857142,0.058823529411764705
587391,CCC,2014J,0.15,0.15,0.15
587409,BBB,2013J,0.05,0.16666666666666666,0.07692307692307691
587418,BBB,2013J,0.05,0.06666666666666667,0.05714285714285715
587423,BBB,2013J,0.05,0.038461538461538464,0.043478260869565216
587446,DDD,2014J,0.0,0.0,0.0
587451,FFF,2013J,0.0,0.0,0.0
587456,FFF,2013J,0.0,0.0,0.0
587459,BBB,2014J,0.0,0.0,0.0
587506,GGG,2013J,0.05,0.05263157894736842,0.05128205128205128
587523,GGG,2013J,0.15,0.15,0.15
587524,BBB,2014B,0.05,0.07142857142857142,0.058823529411764705
587529,GGG,2013J,0.05,0.09090909090909091,0.06451612903225806
587538,BBB,2014B,0.0,0.0,0.0
587547,EEE,2013J,0.05,0.09090909090909091,0.06451612903225806
587555,GGG,2013J,0.1,0.1111111111111111,0.10526315789473685
587564,BBB,2013J,0.0,0.0,0.0
587571,FFF,2014J,0.25,0.06172839506172839,0.099009900990099
587576,DDD,2014J,0.1,0.1,0.10000000000000002
587579,DDD,2014J,0.1,0.05263157894736842,0.06896551724137931
587594,FFF,2013J,0.1,0.06896551724137931,0.08163265306122448
587600,FFF,2014B,0.1,0.0625,0.07692307692307693
587611,FFF,2013J,0.15,0.07692307692307693,0.1016949152542373
587616,EEE,2013J,0.05,0.1111111111111111,0.06896551724137932
587619,FFF,2013J,0.3,0.15,0.2
587621,EEE,2013J,0.1,0.16666666666666666,0.125
587621,EEE,2014J,0.15,0.25,0.18749999999999997
587641,DDD,2013J,0.0,0.0,0.0
587677,EEE,2013J,0.2,0.4444444444444444,0.2758620689655173
587682,EEE,2013J,0.0,0.0,0.0
587685,FFF,2013J,0.15,0.21428571428571427,0.1764705882352941
587690,FFF,2013J,0.0,0.0,0.0
587702,BBB,2013J,0.05,0.06666666666666667,0.05714285714285715
587714,EEE,2013J,0.05,0.25,0.08333333333333334
587722,BBB,2013J,0.0,0.0,0.0
587732,BBB,2013J,0.05,0.06666666666666667,0.05714285714285715
587754,BBB,2013J,0.0,0.0,0.0
587755,BBB,2013J,0.0,0.0,0.0
587780,BBB,2014B,0.05,0.07692307692307693,0.060606060606060615
587783,CCC,2014B,0.2,0.25,0.22222222222222224
587783,FFF,2013J,0.1,0.058823529411764705,0.07407407407407408
587793,EEE,2014J,0.15,0.21428571428571427,0.1764705882352941
587810,BBB,2013J,0.15,0.0967741935483871,0.11764705882352941
587848,FFF,2013J,0.15,0.08571428571428572,0.10909090909090909
587852,GGG,2013J,0.15,0.14285714285714285,0.14634146341463414
587859,FFF,2013J,0.0,0.0,0.0
587860,BBB,2014J,0.1,0.18181818181818182,0.12903225806451613
587862,DDD,2013J,0.05,0.041666666666666664,0.04545454545454545
587868,FFF,2013J,0.0,0.0,0.0
587881,FFF,2013J,0.0,0.0,0.0
587906,CCC,2014B,0.25,0.21739130434782608,0.23255813953488372
587906,EEE,2013J,0.05,0.1,0.06666666666666667
587909,GGG,2014J,0.2,1.0,0.33333333333333337
587911,CCC,2014B,0.15,0.1875,0.16666666666666663
587911,EEE,2013J,0.2,0.3333333333333333,0.25
587923,BBB,2013J,0.05,0.1111111111111111,0.06896551724137932
587961,BBB,2013J,0.0,0.0,0.0
587975,GGG,2013J,0.25,0.2,0.22222222222222224
587985,BBB,2013J,0.0,0.0,0.0
587989,DDD,2013J,0.25,0.15625,0.19230769230769232
587997,GGG,2013J,0.1,0.16666666666666666,0.125
588008,GGG,2013J,0.2,0.3333333333333333,0.25
588014,GGG,2013J,0.1,0.07407407407407407,0.0851063829787234
588031,GGG,2014B,0.05,0.07692307692307693,0.060606060606060615
588033,CCC,2014J,0.0,0.0,0.0
588033,DDD,2013J,0.05,0.034482758620689655,0.04081632653061224
588039,BBB,2014B,0.0,0.0,0.0
588078,GGG,2013J,0.05,0.1,0.06666666666666667
588086,DDD,2013J,0.1,0.05128205128205128,0.06779661016949151
588100,CCC,2014J,0.15,0.16666666666666666,0.15789473684210525
588105,GGG,2013J,0.1,0.14285714285714285,0.11764705882352941
588117,BBB,2013J,0.05,0.16666666666666666,0.07692307692307691
588125,EEE,2013J,0.15,0.3,0.2
588128,FFF,2013J,0.0,0.0,0.0
588128,FFF,2014J,0.2,0.17391304347826086,0.18604651162790697
588131,FFF,2013J,0.05,0.022222222222222223,0.030769230769230767
588132,DDD,2013J,0.2,0.08,0.11428571428571428
588138,GGG,2013J,0.15,0.15,0.15
588145,FFF,2014B,0.05,0.05263157894736842,0.05128205128205128
588146,DDD,2013J,0.1,0.09523809523809523,0.0975609756097561
588156,FFF,2013J,0.0,0.0,0.0
588170,CCC,2014J,0.0,0.0,0.0
588178,DDD,2013J,0.05,0.027777777777777776,0.03571428571428571
588179,DDD,2014J,0.05,0.16666666666666666,0.07692307692307691
588198,DDD,2014B,0.15,0.1,0.12
588203,DDD,2014J,0.1,0.09523809523809523,0.0975609756097561
588208,DDD,2013J,0.0,0.0,0.0
588219,CCC,2014B,0.0,0.0,0.0
588219,DDD,2013J,0.05,0.14285714285714285,0.07407407407407408
588231,EEE,2013J,0.0,0.0,0.0
588233,GGG,2013J,0.1,0.14285714285714285,0.11764705882352941
588236,FFF,2013J,0.25,0.07692307692307693,0.11764705882352941
588240,DDD,2014J,0.0,0.0,0.0
588251,BBB,2014J,0.05,0.125,0.07142857142857144
588261,FFF,2013J,0.2,0.07407407407407407,0.10810810810810811
588265,BBB,2013J,0.05,0.058823529411764705,0.05405405405405405
588274,CCC,2014B,0.2,0.16666666666666666,0.1818181818181818
588274,EEE,2014B,0.15,0.375,0.21428571428571425
588280,EEE,2013J,0.25,0.3125,0.2777777777777778
588289,GGG,2013J,0.15,0.13636363636363635,0.14285714285714282
588293,DDD,2013J,0.05,0.02702702702702703,0.03508771929824561
588302,BBB,2014B,0.05,0.1,0.06666666666666667
588314,GGG,2013J,0.15,0.1875,0.16666666666666663
588352,DDD,2013J,0.1,0.09523809523809523,0.0975609756097561
588355,BBB,2013J,0.15,0.125,0.13636363636363635
588363,GGG,2013J,0.2,0.3076923076923077,0.24242424242424246
588367,GGG,2013J,0.1,0.18181818181818182,0.12903225806451613
588382,GGG,2013J,0.2,0.21052631578947367,0.20512820512820512
588391,GGG,2013J,0.0,0.0,0.0
588397,DDD,2014B,0.15,0.1,0.12
588402,CCC,2014B,0.1,0.14285714285714285,0.11764705882352941
588402,EEE,2013J,0.15,0.25,0.18749999999999997
588411,GGG,2013J,0.0,0.0,0.0
588430,CCC,2014B,0.15,0.6,0.24
588430,DDD,2013J,0.1,0.07692307692307693,0.08695652173913043
588436,FFF,2014B,0.0,0.0,0.0
588442,EEE,2013J,0.05,0.09090909090909091,0.06451612903225806
588460,CCC,2014B,0.05,0.3333333333333333,0.08695652173913045
588460,DDD,2013J,0.0,0.0,0.0
588473,CCC,2014B,0.25,0.22727272727272727,0.23809523809523808
588474,EEE,2014J,0.15,0.25,0.18749999999999997
588477,AAA,2014J,0.0,0.0,0.0
588482,CCC,2014J,0.15,0.23076923076923078,0.18181818181818185
588482,DDD,2013J,0.0,0.0,0.0
588484,BBB,2014B,0.0,0.0,0.0
588489,GGG,2014B,0.05,0.125,0.07142857142857144
588493,CCC,2014J,0.05,0.14285714285714285,0.07407407407407408
588493,DDD,2013J,0.05,0.041666666666666664,0.04545454545454545
588502,EEE,2013J,0.1,0.15384615384615385,0.12121212121212123
588505,GGG,2013J,0.2,0.26666666666666666,0.2285714285714286
588522,GGG,2013J,0.1,0.16666666666666666,0.125
588524,CCC,2014B,0.0,0.0,0.0
588524,EEE,2013J,0.25,0.3333333333333333,0.28571428571428575
588540,DDD,2013J,0.15,0.06666666666666667,0.09230769230769231
588556,DDD,2013J,0.05,0.047619047619047616,0.04878048780487805
588566,CCC,2014J,0.0,0.0,0.0
588566,DDD,2013J,0.0,0.0,0.0
588628,EEE,2013J,0.1,0.2,0.13333333333333333
588628,FFF,2014J,0.3,0.1111111111111111,0.16216216216216217
588642,BBB,2013J,0.05,0.14285714285714285,0.07407407407407408
588672,FFF,2013J,0.1,0.05263157894736842,0.06896551724137931
588676,CCC,2014B,0.25,0.15151515151515152,0.18867924528301888
588676,EEE,2013J,0.05,0.09090909090909091,0.06451612903225806
588707,CCC,2014B,0.25,0.2777777777777778,0.2631578947368421
588707,DDD,2013J,0.05,0.02631578947368421,0.034482758620689655
588710,EEE,2013J,0.25,0.38461538461538464,0.30303030303030304
588752,DDD,2014B,0.15,0.3333333333333333,0.20689655172413793
588765,CCC,2014J,0.1,0.09090909090909091,0.09523809523809525
588765,EEE,2014B,0.25,0.8333333333333334,0.3846153846153846
588775,AAA,2013J,0.15,0.10344827586206896,0.12244897959183673
588781,GGG,2013J,0.2,0.2222222222222222,0.2105263157894737
588824,DDD,2013J,0.15,0.11538461538461539,0.13043478260869565
588835,EEE,2013J,0.1,0.18181818181818182,0.12903225806451613
588842,CCC,2014J,0.2,0.26666666666666666,0.2285714285714286
588846,CCC,2014B,0.1,0.2222222222222222,0.13793103448275865
588850,DDD,2013J,0.1,0.09090909090909091,0.09523809523809525
588883,BBB,2013J,0.05,0.07692307692307693,0.060606060606060615
588884,DDD,2013J,0.05,0.03333333333333333,0.04
588910,BBB,2013J,0.0,0.0,0.0
588913,FFF,2014B,0.0,0.0,0.0
588942,EEE,2013J,0.1,0.4,0.16000000000000003
588944,BBB,2014J,0.0,0.0,0.0
588944,GGG,2013J,0.15,0.15789473684210525,0.15384615384615385
588956,CCC,2014B,0.05,0.08333333333333333,0.0625
588971,FFF,2013J,0.1,0.0625,0.07692307692307693
589003,FFF,2013J,0.25,0.08064516129032258,0.12195121951219512
589009,GGG,2014B,0.1,0.13333333333333333,0.1142857142857143
589014,FFF,2013J,0.15,0.06818181818181818,0.09374999999999999
589016,FFF,2014B,0.05,0.05555555555555555,0.052631578947368425
589019,DDD,2013J,0.0,0.0,0.0
589029,FFF,2014B,0.0,0.0,0.0
589033,EEE,2014B,0.15,0.3333333333333333,0.20689655172413793
589053,GGG,2014B,0.1,0.1111111111111111,0.10526315789473685
589055,EEE,2013J,0.1,0.2222222222222222,0.13793103448275865
589067,BBB,2013J,0.05,0.05,0.05000000000000001
589080,FFF,2014J,0.3,0.10714285714285714,0.15789473684210525
589099,FFF,2013J,0.0,0.0,0.0
589123,BBB,2013J,0.05,0.08333333333333333,0.0625
589126,GGG,2013J,0.15,0.21428571428571427,0.1764705882352941
589133,BBB,2014J,0.05,0.1,0.06666666666666667
589147,GGG,2013J,0.15,0.25,0.18749999999999997
589162,FFF,2014J,0.1,0.041666666666666664,0.058823529411764705
589211,EEE,2013J,0.2,0.4,0.26666666666666666
589220,DDD,2013J,0.15,0.07317073170731707,0.09836065573770492
589223,EEE,2014B,0.05,0.3333333333333333,0.08695652173913045
589260,EEE,2014B,0.1,0.18181818181818182,0.12903225806451613
589263,FFF,2013J,0.05,0.03333333333333333,0.04
589279,DDD,2014J,0.05,0.045454545454545456,0.04761904761904762
589295,FFF,2013J,0.05,0.03125,0.038461538461538464
589296,BBB,2013J,0.0,0.0,0.0
589302,BBB,2013J,0.05,0.06666666666666667,0.05714285714285715
589303,FFF,2013J,0.15,0.06666666666666667,0.09230769230769231
589326,FFF,2013J,0.25,0.1,0.14285714285714288
589327,CCC,2014B,0.0,0.0,0.0
589327,EEE,2013J,0.15,0.21428571428571427,0.1764705882352941
589332,FFF,2014J,0.1,0.08,0.08888888888888889
589333,BBB,2014B,0.0,0.0,0.0
589377,GGG,2013J,0.1,0.11764705882352941,0.1081081081081081
589380,EEE,2013J,0.1,0.2222222222222222,0.13793103448275865
589389,FFF,2014J,0.0,0.0,0.0
589390,CCC,2014B,0.1,0.14285714285714285,0.11764705882352941
589395,GGG,2013J,0.05,0.09090909090909091,0.06451612903225806
589409,FFF,2013J,0.05,0.03125,0.038461538461538464
589411,BBB,2013J,0.05,0.037037037037037035,0.0425531914893617
589438,CCC,2014J,0.1,0.25,0.14285714285714288
589441,FFF,2013J,0.05,0.03571428571428571,0.041666666666666664
589444,BBB,2014B,0.05,0.14285714285714285,0.07407407407407408
589449,FFF,2014B,0.4,0.1095890410958904,0.17204301075268816
589454,FFF,2014B,0.1,0.10526315789473684,0.10256410256410256
589458,DDD,2013J,0.1,0.1111111111111111,0.10526315789473685
589463,CCC,2014J,0.0,0.0,0.0
589493,GGG,2013J,0.0,0.0,0.0
589503,DDD,2013J,0.2,0.11428571428571428,0.14545454545454545
589506,EEE,2013J,0.1,0.3333333333333333,0.15384615384615383
589507,GGG,2013J,0.05,0.08333333333333333,0.0625
589508,BBB,2013J,0.05,0.1111111111111111,0.06896551724137932
589509,BBB,2013J,0.0,0.0,0.0
589523,CCC,2014J,0.25,0.11627906976744186,0.15873015873015872
589525,CCC,2014B,0.1,0.18181818181818182,0.12903225806451613
589531,DDD,2013J,0.0,0.0,0.0
589548,FFF,2014B,0.15,0.05,0.075
589554,BBB,2014J,0.0,0.0,0.0
589557,DDD,2013J,0.0,0.0,0.0
589558,GGG,2013J,0.05,0.09090909090909091,0.06451612903225806
589559,FFF,2013J,0.15,0.10714285714285714,0.125
589562,GGG,2014J,0.15,0.3333333333333333,0.20689655172413793
589565,CCC,2014J,0.0,0.0,0.0
589565,FFF,2014B,0.05,0.018867924528301886,0.027397260273972605
589578,FFF,2013J,0.1,0.045454545454545456,0.06250000000000001
589583,FFF,2013J,0.45,0.08333333333333333,0.140625
589584,DDD,2013J,0.0,0.0,0.0
589585,DDD,2014J,0.15,0.0967741935483871,0.11764705882352941
589587,FFF,2013J,0.05,0.04,0.044444444444444446
589605,FFF,2013J,0.1,0.06666666666666667,0.08
589621,BBB,2014J,0.05,0.047619047619047616,0.04878048780487805
589634,CCC,2014J,0.05,0.037037037037037035,0.0425531914893617
589690,GGG,2013J,0.05,0.08333333333333333,0.0625
589702,GGG,2013J,0.0,0.0,0.0
589707,FFF,2013J,0.05,0.09090909090909091,0.06451612903225806
589723,DDD,2013J,0.05,0.02564102564102564,0.033898305084745756
589734,GGG,2013J,0.1,0.13333333333333333,0.1142857142857143
589744,GGG,2013J,0.0,0.0,0.0
589748,GGG,2013J,0.15,0.12,0.1333333333333333
589778,CCC,2014J,0.25,0.2,0.22222222222222224
589782,CCC,2014J,0.1,0.06666666666666667,0.08
589782,FFF,2013J,0.15,0.05084745762711865,0.0759493670886076
589828,EEE,2014B,0.3,0.5,0.37499999999999994
589828,FFF,2014J,0.1,0.06451612903225806,0.0784313725490196
589856,EEE,2014J,0.05,0.14285714285714285,0.07407407407407408
589860,FFF,2013J,0.05,0.03225806451612903,0.0392156862745098
589862,BBB,2014B,0.1,0.09090909090909091,0.09523809523809525
589875,DDD,2013J,0.0,0.0,0.0
589894,EEE,2013J,0.35,0.5384615384615384,0.4242424242424242
589902,EEE,2013J,0.0,0.0,0.0
589903,BBB,2013J,0.15,0.07317073170731707,0.09836065573770492
589914,GGG,2013J,0.3,0.20689655172413793,0.24489795918367346
589948,FFF,2013J,0.0,0.0,0.0
589950,BBB,2013J,0.05,0.2,0.08000000000000002
589956,CCC,2014J,0.25,0.12195121951219512,0.16393442622950818
589956,DDD,2013J,0.0,0.0,0.0
589963,DDD,2014B,0.1,0.05128205128205128,0.06779661016949151
589973,GGG,2014B,0.05,0.125,0.07142857142857144
589990,GGG,2013J,0.0,0.0,0.0
589997,BBB,2014B,0.05,0.2,0.08000000000000002
590017,EEE,2013J,0.0,0.0,0.0
590018,FFF,2014B,0.1,0.05128205128205128,0.06779661016949151
590034,GGG,2013J,0.1,0.1111111111111111,0.10526315789473685
590046,GGG,2013J,0.1,0.15384615384615385,0.12121212121212123
590086,BBB,2014J,0.05,0.07142857142857142,0.058823529411764705
590120,FFF,2014J,0.05,0.029411764705882353,0.03703703703703704
590127,DDD,2014J,0.0,0.0,0.0
590147,GGG,2013J,0.15,0.17647058823529413,0.16216216216216214
590188,FFF,2013J,0.0,0.0,0.0
590189,FFF,2013J,0.0,0.0,0.0
590202,BBB,2013J,0.0,0.0,0.0
590215,GGG,2013J,0.05,0.0625,0.05555555555555556
590226,FFF,2013J,0.05,0.029411764705882353,0.03703703703703704
590227,DDD,2014J,0.0,0.0,0.0
590231,BBB,2013J,0.0,0.0,0.0
590241,FFF,2013J,0.1,0.03773584905660377,0.05479452054794521
590248,GGG,2013J,0.2,0.17391304347826086,0.18604651162790697
590289,FFF,2013J,0.1,0.04878048780487805,0.06557377049180328
590308,BBB,2013J,0.0,0.0,0.0
590325,BBB,2013J,0.05,0.25,0.08333333333333334
590328,FFF,2013J,0.0,0.0,0.0
590340,DDD,2014J,0.1,0.05263157894736842,0.06896551724137931
590353,GGG,2013J,0.1,0.3333333333333333,0.15384615384615383
590360,BBB,2013J,0.0,0.0,0.0
590362,BBB,2013J,0.1,0.1111111111111111,0.10526315789473685
590372,BBB,2013J,0.0,0.0,0.0
590392,DDD,2013J,0.1,0.06896551724137931,0.08163265306122448
590397,CCC,2014J,0.05,0.037037037037037035,0.0425531914893617
590397,DDD,2013J,0.1,0.05128205128205128,0.06779661016949151
590402,DDD,2013J,0.0,0.0,0.0
590408,BBB,2014B,0.0,0.0,0.0
590416,BBB,2014J,0.0,0.0,0.0
590443,DDD,2013J,0.05,0.029411764705882353,0.03703703703703704
590444,BBB,2014J,0.0,0.0,0.0
590445,GGG,2014B,0.0,0.0,0.0
590482,DDD,2013J,0.05,0.038461538461538464,0.043478260869565216
590499,FFF,2013J,0.15,0.06521739130434782,0.09090909090909091
590508,FFF,2014B,0.05,0.05263157894736842,0.05128205128205128
590540,GGG,2013J,0.05,0.05263157894736842,0.05128205128205128
590541,DDD,2014B,0.2,0.07692307692307693,0.1111111111111111
590562,DDD,2014J,0.0,0.0,0.0
590593,GGG,2013J,0.1,0.2,0.13333333333333333
590616,DDD,2014J,0.1,0.18181818181818182,0.12903225806451613
590625,BBB,2013J,0.1,0.10526315789473684,0.10256410256410256
590626,EEE,2013J,0.2,0.3333333333333333,0.25
590662,GGG,2013J,0.0,0.0,0.0
590667,BBB,2013J,0.05,0.07692307692307693,0.060606060606060615
590668,BBB,2014J,0.35,0.2,0.2545454545454545
590676,CCC,2014J,0.05,0.07142857142857142,0.058823529411764705
590676,DDD,2013J,0.1,0.05714285714285714,0.07272727272727272
590680,DDD,2014B,0.15,0.07317073170731707,0.09836065573770492
590701,FFF,2013J,0.15,0.16666666666666666,0.15789473684210525
590707,FFF,2013J,0.05,0.029411764705882353,0.03703703703703704
590711,GGG,2013J,0.1,0.10526315789473684,0.10256410256410256
590744,EEE,2013J,0.15,0.3333333333333333,0.20689655172413793
590762,DDD,2013J,0.15,0.375,0.21428571428571425
590764,GGG,2013J,0.0,0.0,0.0
590789,DDD,2013J,0.0,0.0,0.0
590824,FFF,2013J,0.1,0.05,0.06666666666666667
590836,GGG,2013J,0.1,0.125,0.11111111111111112
590837,EEE,2014J,0.2,0.25,0.22222222222222224
590849,FFF,2013J,0.05,0.029411764705882353,0.03703703703703704
590854,BBB,2014J,0.0,0.0,0.0
590864,GGG,2013J,0.0,0.0,0.0
590867,BBB,2013J,0.0,0.0,0.0
590877,EEE,2013J,0.0,0.0,0.0
590882,EEE,2013J,0.05,0.14285714285714285,0.07407407407407408
590886,DDD,2014J,0.05,0.03125,0.038461538461538464
590907,FFF,2013J,0.25,0.125,0.16666666666666666
590914,CCC,2014B,0.05,0.16666666666666666,0.07692307692307691
590918,DDD,2013J,0.0,0.0,0.0
590920,DDD,2013J,0.05,0.04,0.044444444444444446
590920,DDD,2014J,0.25,0.125,0.16666666666666666
590921,DDD,2013J,0.05,0.0625,0.05555555555555556
590931,BBB,2013J,0.1,0.25,0.14285714285714288
590970,FFF,2014B,0.15,0.1,0.12
590980,FFF,2013J,0.05,0.02127659574468085,0.029850746268656716
590989,FFF,2013J,0.0,0.0,0.0
590994,BBB,2013J,0.1,0.2222222222222222,0.13793103448275865
591021,EEE,2013J,0.2,0.4,0.26666666666666666
591030,BBB,2013J,0.0,0.0,0.0
591055,FFF,2013J,0.1,0.05714285714285714,0.07272727272727272
591071,DDD,2013J,0.1,0.08695652173913043,0.09302325581395349
591078,FFF,2013J,0.15,0.05660377358490566,0.0821917808219178
591083,CCC,2014J,0.0,0.0,0.0
591111,FFF,2014B,0.0,0.0,0.0
591165,EEE,2013J,0.1,0.6666666666666666,0.1739130434782609
591179,GGG,2013J,0.05,0.08333333333333333,0.0625
591193,DDD,2013J,0.0,0.0,0.0
591198,GGG,2013J,0.1,0.14285714285714285,0.11764705882352941
591202,DDD,2013J,0.0,0.0,0.0
591210,DDD,2013J,0.15,0.05454545454545454,0.08
591219,FFF,2013J,0.1,0.058823529411764705,0.07407407407407408
591223,BBB,2013J,0.0,0.0,0.0
591225,GGG,2013J,0.1,0.16666666666666666,0.125
591230,CCC,2014J,0.2,0.18181818181818182,0.1904761904761905
591230,DDD,2013J,0.1,0.08,0.08888888888888889
591243,GGG,2013J,0.05,0.07142857142857142,0.058823529411764705
591273,BBB,2013J,0.0,0.0,0.0
591299,BBB,2013J,0.1,0.0625,0.07692307692307693
591321,GGG,2013J,0.2,0.16666666666666666,0.1818181818181818
591343,FFF,2013J,0.05,0.0625,0.05555555555555556
591375,CCC,2014B,0.1,0.15384615384615385,0.12121212121212123
591375,EEE,2013J,0.15,0.3333333333333333,0.20689655172413793
591388,CCC,2014B,0.05,0.2,0.08000000000000002
591388,EEE,2013J,0.05,0.125,0.07142857142857144
591394,FFF,2013J,0.2,0.0784313725490196,0.11267605633802816
591398,EEE,2014B,0.15,0.25,0.18749999999999997
591403,FFF,2013J,0.15,0.05263157894736842,0.0779220779220779
591409,GGG,2013J,0.15,0.25,0.18749999999999997
591410,BBB,2013J,0.0,0.0,0.0
591414,BBB,2013J,0.05,0.045454545454545456,0.04761904761904762
591420,BBB,2013J,0.05,0.2,0.08000000000000002
591448,DDD,2014B,0.05,0.037037037037037035,0.0425531914893617
591501,BBB,2013J,0.05,0.04,0.044444444444444446
591516,FFF,2013J,0.0,0.0,0.0
591518,BBB,2013J,0.05,0.07692307692307693,0.060606060606060615
591523,EEE,2014J,0.15,0.375,0.21428571428571425
591525,FFF,2014J,0.2,0.10526315789473684,0.13793103448275862
591540,DDD,2014J,0.1,0.04878048780487805,0.06557377049180328
591549,GGG,2013J,0.3,0.25,0.2727272727272727
591550,FFF,2014B,0.0,0.0,0.0
591558,BBB,2013J,0.25,0.19230769230769232,0.2173913043478261
591563,GGG,2014B,0.05,0.06666666666666667,0.05714285714285715
591566,EEE,2013J,0.15,0.21428571428571427,0.1764705882352941
591574,BBB,2013J,0.05,0.05263157894736842,0.05128205128205128
591581,FFF,2013J,0.05,0.03225806451612903,0.0392156862745098
591581,FFF,2014J,0.05,0.03225806451612903,0.0392156862745098
591588,GGG,2013J,0.0,0.0,0.0
591589,BBB,2013J,0.05,0.047619047619047616,0.04878048780487805
591591,BBB,2013J,0.0,0.0,0.0
591593,DDD,2013J,0.0,0.0,0.0
591602,GGG,2013J,0.15,0.23076923076923078,0.18181818181818185
591685,FFF,2013J,0.0,0.0,0.0
591695,FFF,2013J,0.15,0.06976744186046512,0.09523809523809525
591733,CCC,2014J,0.0,0.0,0.0
591735,FFF,2013J,0.0,0.0,0.0
591755,GGG,2014J,0.25,0.4166666666666667,0.3125
591761,EEE,2014J,0.1,0.15384615384615385,0.12121212121212123
591765,FFF,2013J,0.15,0.15,0.15
591774,AAA,2013J,0.05,0.2,0.08000000000000002
591787,BBB,2013J,0.05,0.07142857142857142,0.058823529411764705
591804,GGG,2013J,0.05,0.0625,0.05555555555555556
591814,GGG,2013J,0.05,0.05555555555555555,0.052631578947368425
591820,BBB,2013J,0.25,0.14285714285714285,0.18181818181818182
591837,GGG,2013J,0.0,0.0,0.0
591849,GGG,2013J,0.05,0.1111111111111111,0.06896551724137932
591859,GGG,2013J,0.0,0.0,0.0
591869,CCC,2014J,0.15,0.2,0.17142857142857143
591869,EEE,2013J,0.25,0.2777777777777778,0.2631578947368421
591872,FFF,2013J,0.0,0.0,0.0
591873,GGG,2013J,0.2,0.21052631578947367,0.20512820512820512
591891,CCC,2014J,0.25,0.3333333333333333,0.28571428571428575
591891,DDD,2013J,0.15,0.09090909090909091,0.11320754716981132
591940,FFF,2013J,0.05,0.013888888888888888,0.02173913043478261
591942,EEE,2013J,0.1,0.25,0.14285714285714288
591944,EEE,2013J,0.1,0.5,0.16666666666666669
591946,FFF,2014J,0.1,0.07692307692307693,0.08695652173913043
591958,CCC,2014B,0.1,0.1111111111111111,0.10526315789473685
591958,EEE,2013J,0.1,0.16666666666666666,0.125
591975,FFF,2013J,0.0,0.0,0.0
591978,BBB,2013J,0.0,0.0,0.0
591995,EEE,2013J,0.1,0.2857142857142857,0.14814814814814817
592001,GGG,2014B,0.15,0.2727272727272727,0.19354838709677416
592003,EEE,2013J,0.15,0.5,0.23076923076923075
592007,CCC,2014B,0.05,0.09090909090909091,0.06451612903225806
592007,FFF,2013J,0.3,0.1935483870967742,0.23529411764705882
592014,FFF,2013J,0.0,0.0,0.0
592047,EEE,2014J,0.15,0.3,0.2
592051,CCC,2014B,0.0,0.0,0.0
592051,CCC,2014J,0.45,0.12857142857142856,0.19999999999999998
592051,EEE,2013J,0.05,0.14285714285714285,0.07407407407407408
592056,GGG,2013J,0.3,0.2857142857142857,0.2926829268292683
592059,GGG,2013J,0.25,0.1724137931034483,0.20408163265306123
592092,FFF,2013J,0.05,0.029411764705882353,0.03703703703703704
592093,CCC,2014B,0.05,0.16666666666666666,0.07692307692307691
592093,CCC,2014J,0.35,0.15555555555555556,0.21538461538461537
592093,DDD,2013J,0.1,0.10526315789473684,0.10256410256410256
592127,GGG,2013J,0.1,0.125,0.11111111111111112
592135,BBB,2014J,0.2,0.15384615384615385,0.17391304347826086
592139,BBB,2014J,0.3,0.24,0.2666666666666666
592147,BBB,2013J,0.05,0.07692307692307693,0.060606060606060615
592151,CCC,2014B,0.0,0.0,0.0
592168,FFF,2013J,0.15,0.12,0.1333333333333333
592189,DDD,2013J,0.0,0.0,0.0
592190,GGG,2014B,0.2,0.26666666666666666,0.2285714285714286
592193,BBB,2014B,0.0,0.0,0.0
592203,FFF,2013J,0.4,0.11267605633802817,0.17582417582417584
592205,BBB,2013J,0.15,0.2,0.17142857142857143
592214,DDD,2014J,0.1,0.06666666666666667,0.08
592218,FFF,2014J,0.25,0.07462686567164178,0.11494252873563218
592221,DDD,2014J,0.05,0.1,0.06666666666666667
592245,GGG,2013J,0.1,0.25,0.14285714285714288
592248,GGG,2013J,0.2,0.23529411764705882,0.2162162162162162
592250,EEE,2013J,0.2,0.4,0.26666666666666666
592252,DDD,2013J,0.1,0.15384615384615385,0.12121212121212123
592258,BBB,2014J,0.15,0.14285714285714285,0.14634146341463414
592259,FFF,2013J,0.2,0.15384615384615385,0.17391304347826086
592272,GGG,2013J,0.1,0.1111111111111111,0.10526315789473685
592287,GGG,2013J,0.1,0.13333333333333333,0.1142857142857143
592290,BBB,2013J,0.0,0.0,0.0
592295,FFF,2014J,0.15,0.08333333333333333,0.10714285714285714
592310,CCC,2014J,0.3,0.17647058823529413,0.22222222222222224
592315,DDD,2013J,0.1,0.2,0.13333333333333333
592317,BBB,2013J,0.05,0.1,0.06666666666666667
592322,BBB,2013J,0.0,0.0,0.0
592338,CCC,2014J,0.15,0.1875,0.16666666666666663
592338,EEE,2014J,0.35,0.4117647058823529,0.37837837837837834
592361,GGG,2013J,0.1,0.10526315789473684,0.10256410256410256
592370,FFF,2013J,0.0,0.0,0.0
592372,CCC,2014J,0.0,0.0,0.0
592372,EEE,2014B,0.1,0.3333333333333333,0.15384615384615383
592373,FFF,2013J,0.1,0.06451612903225806,0.0784313725490196
592382,DDD,2013J,0.2,0.07692307692307693,0.1111111111111111
592441,BBB,2013J,0.05,0.2,0.08000000000000002
592451,GGG,2013J,0.2,0.4444444444444444,0.2758620689655173
592465,DDD,2014B,0.1,0.09523809523809523,0.0975609756097561
592471,BBB,2013J,0.05,0.05555555555555555,0.052631578947368425
592476,FFF,2013J,0.0,0.0,0.0
592480,BBB,2013J,0.2,0.21052631578947367,0.20512820512820512
592494,CCC,2014J,0.15,0.13043478260869565,0.13953488372093023
592494,DDD,2013J,0.05,0.043478260869565216,0.046511627906976744
592496,BBB,2013J,0.05,0.1,0.06666666666666667
592558,FFF,2014J,0.05,0.030303030303030304,0.03773584905660378
592577,DDD,2013J,0.05,0.05555555555555555,0.052631578947368425
592593,EEE,2014B,0.0,0.0,0.0
592609,EEE,2013J,0.15,0.23076923076923078,0.18181818181818185
592616,FFF,2013J,0.0,0.0,0.0
592618,BBB,2013J,0.05,0.05263157894736842,0.05128205128205128
592624,BBB,2013J,0.0,0.0,0.0
592625,CCC,2014J,0.05,0.2,0.08000000000000002
592625,DDD,2013J,0.05,0.019230769230769232,0.027777777777777776
592631,FFF,2013J,0.4,0.10666666666666667,0.16842105263157894
592634,FFF,2013J,0.1,0.07692307692307693,0.08695652173913043
592640,FFF,2013J,0.05,0.02857142857142857,0.03636363636363636
592660,GGG,2013J,0.25,0.2777777777777778,0.2631578947368421
592661,DDD,2014J,0.05,0.04,0.044444444444444446
592666,EEE,2014B,0.1,0.4,0.16000000000000003
592689,FFF,2013J,0.05,0.025,0.03333333333333333
592725,BBB,2014B,0.0,0.0,0.0
592733,BBB,2014J,0.15,0.075,0.1
592737,GGG,2013J,0.05,0.07142857142857142,0.058823529411764705
592763,FFF,2013J,0.05,0.07692307692307693,0.060606060606060615
592766,FFF,2014B,0.1,0.06666666666666667,0.08
592772,BBB,2013J,0.05,0.058823529411764705,0.05405405405405405
592775,CCC,2014B,0.15,0.125,0.13636363636363635
592776,CCC,2014B,0.25,0.22727272727272727,0.23809523809523808
592781,FFF,2013J,0.15,0.07894736842105263,0.10344827586206896
592787,EEE,2013J,0.05,0.2,0.08000000000000002
592789,FFF,2013J,0.05,0.02631578947368421,0.034482758620689655
592791,EEE,2013J,0.15,0.6,0.24
592810,FFF,2013J,0.25,0.13513513513513514,0.1754385964912281
592815,BBB,2013J,0.0,0.0,0.0
592843,EEE,2014J,0.3,0.46153846153846156,0.3636363636363637
592854,BBB,2013J,0.05,0.16666666666666666,0.07692307692307691
592856,FFF,2013J,0.05,0.037037037037037035,0.0425531914893617
592880,GGG,2013J,0.0,0.0,0.0
592882,GGG,2013J,0.0,0.0,0.0
592895,EEE,2013J,0.2,0.3333333333333333,0.25
592899,DDD,2014J,0.2,0.2,0.20000000000000004
592900,BBB,2013J,0.05,0.047619047619047616,0.04878048780487805
592924,FFF,2013J,0.05,0.025,0.03333333333333333
592939,FFF,2014J,0.1,0.05555555555555555,0.07142857142857142
592949,BBB,2013J,0.0,0.0,0.0
592950,DDD,2013J,0.4,0.14035087719298245,0.20779220779220778
592961,CCC,2014B,0.2,0.13793103448275862,0.16326530612244897
592961,EEE,2013J,0.05,0.14285714285714285,0.07407407407407408
592976,CCC,2014B,0.1,0.15384615384615385,0.12121212121212123
592997,CCC,2014J,0.15,0.1875,0.16666666666666663
592997,EEE,2013J,0.05,0.1,0.06666666666666667
593000,BBB,2014J,0.05,0.125,0.07142857142857144
593017,GGG,2013J,0.1,0.2,0.13333333333333333
593022,CCC,2014J,0.1,0.07142857142857142,0.08333333333333333
593022,FFF,2013J,0.2,0.05555555555555555,0.08695652173913045
593023,BBB,2013J,0.05,0.03571428571428571,0.041666666666666664
593038,EEE,2014J,0.1,0.18181818181818182,0.12903225806451613
593081,BBB,2013J,0.0,0.0,0.0
593099,DDD,2014J,0.0,0.0,0.0
593103,CCC,2014B,0.05,0.125,0.07142857142857144
593103,DDD,2013J,0.05,0.2,0.08000000000000002
593121,GGG,2014B,0.1,0.18181818181818182,0.12903225806451613
593127,GGG,2013J,0.25,0.2631578947368421,0.25641025641025644
593136,FFF,2014J,0.15,0.08823529411764706,0.11111111111111112
593139,FFF,2013J,0.0,0.0,0.0
593246,GGG,2013J,0.1,0.2,0.13333333333333333
593272,FFF,2013J,0.15,0.05263157894736842,0.0779220779220779
593303,DDD,2013J,0.05,0.07692307692307693,0.060606060606060615
593305,CCC,2014B,0.05,0.0625,0.05555555555555556
593320,FFF,2013J,0.1,0.031746031746031744,0.048192771084337345
593338,DDD,2013J,0.05,0.1111111111111111,0.06896551724137932
593345,BBB,2014B,0.05,0.5,0.09090909090909091
593346,BBB,2014J,0.2,0.10810810810810811,0.14035087719298245
593373,DDD,2014J,0.1,0.04878048780487805,0.06557377049180328
593385,BBB,2013J,0.05,0.07142857142857142,0.058823529411764705
593421,BBB,2013J,0.0,0.0,0.0
593427,BBB,2013J,0.15,0.25,0.18749999999999997
593431,GGG,2013J,0.0,0.0,0.0
593438,GGG,2013J,0.0,0.0,0.0
593444,BBB,2013J,0.1,0.09090909090909091,0.09523809523809525
593459,FFF,2013J,0.05,0.05555555555555555,0.052631578947368425
593476,BBB,2014J,0.0,0.0,0.0
593487,EEE,2013J,0.2,0.4,0.26666666666666666
593492,FFF,2013J,0.15,0.14285714285714285,0.14634146341463414
593510,BBB,2013J,0.05,0.125,0.07142857142857144
593513,BBB,2013J,0.0,0.0,0.0
593514,BBB,2013J,0.0,0.0,0.0
593534,EEE,2013J,0.2,0.25,0.22222222222222224
593540,GGG,2013J,0.15,0.17647058823529413,0.16216216216216214
593546,GGG,2013J,0.15,0.13636363636363635,0.14285714285714282
593563,FFF,2014J,0.2,0.16666666666666666,0.1818181818181818
593569,GGG,2013J,0.05,0.16666666666666666,0.07692307692307691
593585,FFF,2013J,0.0,0.0,0.0
593587,EEE,2013J,0.05,0.125,0.07142857142857144
593593,BBB,2013J,0.0,0.0,0.0
593607,DDD,2014B,0.1,0.125,0.11111111111111112
593631,BBB,2013J,0.0,0.0,0.0
593654,DDD,2013J,0.2,0.09302325581395349,0.12698412698412698
593657,CCC,2014J,0.15,0.16666666666666666,0.15789473684210525
593657,DDD,2014B,0.05,0.023809523809523808,0.03225806451612903
593658,GGG,2014J,0.05,0.25,0.08333333333333334
593681,FFF,2013J,0.0,0.0,0.0
593685,BBB,2013J,0.05,0.2,0.08000000000000002
593692,BBB,2013J,0.0,0.0,0.0
593694,BBB,2013J,0.25,0.15151515151515152,0.18867924528301888
593695,BBB,2013J,0.1,0.18181818181818182,0.12903225806451613
593711,BBB,2013J,0.0,0.0,0.0
593712,BBB,2013J,0.2,0.25,0.22222222222222224
593715,BBB,2013J,0.05,0.08333333333333333,0.0625
593722,FFF,2014J,0.1,0.08,0.08888888888888889
593727,BBB,2013J,0.05,0.041666666666666664,0.04545454545454545
593733,EEE,2014B,0.25,0.45454545454545453,0.3225806451612903
593734,GGG,2013J,0.2,0.21052631578947367,0.20512820512820512
593743,BBB,2013J,0.05,0.16666666666666666,0.07692307692307691
593755,FFF,2013J,0.0,0.0,0.0
593785,GGG,2014B,0.35,0.3888888888888889,0.36842105263157887
593787,EEE,2013J,0.05,0.25,0.08333333333333334
593796,FFF,2014J,0.4,0.15384615384615385,0.2222222222222222
593798,BBB,2013J,0.0,0.0,0.0
593819,GGG,2013J,0.05,0.1,0.06666666666666667
593823,CCC,2014B,0.45,0.36,0.39999999999999997
593823,FFF,2013J,0.2,0.07692307692307693,0.1111111111111111
593840,GGG,2013J,0.0,0.0,0.0
593842,GGG,2013J,0.1,0.09523809523809523,0.0975609756097561
593846,AAA,2014J,0.0,0.0,0.0
593858,GGG,2013J,0.0,0.0,0.0
593871,BBB,2013J,0.1,0.14285714285714285,0.11764705882352941
593875,BBB,2013J,0.0,0.0,0.0
593896,EEE,2014J,0.2,0.36363636363636365,0.25806451612903225
593898,BBB,2013J,0.1,0.14285714285714285,0.11764705882352941
593900,BBB,2013J,0.05,0.3333333333333333,0.08695652173913045
593903,DDD,2013J,0.05,0.047619047619047616,0.04878048780487805
593903,DDD,2014J,0.1,0.08,0.08888888888888889
593904,FFF,2013J,0.1,0.08695652173913043,0.09302325581395349
593924,EEE,2013J,0.3,0.42857142857142855,0.3529411764705882
593953,FFF,2013J,0.35,0.11864406779661017,0.17721518987341772
593954,GGG,2013J,0.0,0.0,0.0
593965,GGG,2014B,0.3,0.3,0.3
593970,FFF,2013J,0.05,0.1111111111111111,0.06896551724137932
593972,CCC,2014B,0.15,0.2727272727272727,0.19354838709677416
593973,DDD,2013J,0.05,0.06666666666666667,0.05714285714285715
593976,DDD,2014J,0.1,0.08695652173913043,0.09302325581395349
593987,AAA,2014J,0.2,0.16666666666666666,0.1818181818181818
593995,CCC,2014B,0.45,0.20454545454545456,0.28125000000000006
594011,DDD,2013J,0.1,0.03389830508474576,0.05063291139240507
594015,BBB,2013J,0.0,0.0,0.0
594033,DDD,2014J,0.1,0.09090909090909091,0.09523809523809525
594044,CCC,2014B,0.2,0.25,0.22222222222222224
594044,FFF,2013J,0.0,0.0,0.0
594048,DDD,2014J,0.0,0.0,0.0
594052,DDD,2013J,0.0,0.0,0.0
594056,BBB,2013J,0.0,0.0,0.0
594061,BBB,2014B,0.2,0.15384615384615385,0.17391304347826086
594065,FFF,2014J,0.05,0.022727272727272728,0.03125000000000001
594071,DDD,2014J,0.1,0.05263157894736842,0.06896551724137931
594078,DDD,2014B,0.15,0.15,0.15
594083,BBB,2014J,0.15,0.2727272727272727,0.19354838709677416
594086,DDD,2013J,0.0,0.0,0.0
594111,EEE,2013J,0.1,0.4,0.16000000000000003
594119,FFF,2013J,0.1,0.08695652173913043,0.09302325581395349
594122,FFF,2014J,0.1,0.058823529411764705,0.07407407407407408
594131,EEE,2014B,0.1,0.16666666666666666,0.125
594136,FFF,2014B,0.15,0.08571428571428572,0.10909090909090909
594139,FFF,2013J,0.0,0.0,0.0
594157,CCC,2014B,0.3,0.2727272727272727,0.28571428571428564
594157,EEE,2013J,0.2,0.2857142857142857,0.23529411764705882
594161,DDD,2014J,0.1,0.06060606060606061,0.07547169811320756
594162,FFF,2013J,0.15,0.08333333333333333,0.10714285714285714
594164,DDD,2013J,0.1,0.2222222222222222,0.13793103448275865
594167,GGG,2014B,0.15,0.21428571428571427,0.1764705882352941
594188,GGG,2013J,0.2,0.3076923076923077,0.24242424242424246
594196,GGG,2013J,0.05,0.07692307692307693,0.060606060606060615
594199,EEE,2013J,0.1,0.2222222222222222,0.13793103448275865
594201,DDD,2013J,0.15,0.06666666666666667,0.09230769230769231
594205,FFF,2013J,0.05,0.038461538461538464,0.043478260869565216
594229,FFF,2014J,0.1,0.05714285714285714,0.07272727272727272
594233,EEE,2013J,0.0,0.0,0.0
594246,EEE,2013J,0.05,0.5,0.09090909090909091
594250,FFF,2013J,0.15,0.06,0.08571428571428572
594258,FFF,2014J,0.1,0.05714285714285714,0.07272727272727272
594282,BBB,2014J,0.05,0.0625,0.05555555555555556
594291,FFF,2013J,0.0,0.0,0.0
594319,FFF,2013J,0.05,0.03125,0.038461538461538464
594326,CCC,2014J,0.15,0.07894736842105263,0.10344827586206896
594326,FFF,2013J,0.1,0.06451612903225806,0.0784313725490196
594329,DDD,2014J,0.0,0.0,0.0
594342,FFF,2013J,0.0,0.0,0.0
594371,CCC,2014B,0.2,0.15384615384615385,0.17391304347826086
594374,FFF,2014B,0.1,0.05714285714285714,0.07272727272727272
594376,FFF,2013J,0.0,0.0,0.0
594395,FFF,2013J,0.05,0.1,0.06666666666666667
594399,EEE,2013J,0.05,0.2,0.08000000000000002
594406,FFF,2013J,0.05,0.034482758620689655,0.04081632653061224
594406,FFF,2014J,0.1,0.16666666666666666,0.125
594407,DDD,2014B,0.0,0.0,0.0
594414,DDD,2013J,0.0,0.0,0.0
594417,BBB,2014B,0.05,0.14285714285714285,0.07407407407407408
594419,CCC,2014J,0.0,0.0,0.0
594419,DDD,2013J,0.15,0.1,0.12
594431,EEE,2013J,0.15,0.3,0.2
594456,BBB,2013J,0.05,0.07142857142857142,0.058823529411764705
594468,BBB,2013J,0.05,0.04,0.044444444444444446
594505,FFF,2013J,0.0,0.0,0.0
594506,FFF,2013J,0.0,0.0,0.0
594507,DDD,2013J,0.2,0.1111111111111111,0.14285714285714285
594517,EEE,2013J,0.0,0.0,0.0
594529,BBB,2013J,0.05,0.07692307692307693,0.060606060606060615
594546,FFF,2013J,0.2,0.07142857142857142,0.10526315789473682
594547,FFF,2013J,0.1,0.03389830508474576,0.05063291139240507
594554,GGG,2013J,0.0,0.0,0.0
594558,FFF,2013J,0.0,0.0,0.0
594576,FFF,2013J,0.15,0.046875,0.07142857142857142
594596,FFF,2013J,0.05,0.038461538461538464,0.043478260869565216
594625,GGG,2013J,0.15,0.2,0.17142857142857143
594629,EEE,2014J,0.15,0.21428571428571427,0.1764705882352941
594636,FFF,2014B,0.1,0.06451612903225806,0.0784313725490196
594636,FFF,2014J,0.3,0.16666666666666666,0.21428571428571427
594677,BBB,2013J,0.1,0.15384615384615385,0.12121212121212123
594684,EEE,2014B,0.2,0.2857142857142857,0.23529411764705882
594693,BBB,2013J,0.05,0.07142857142857142,0.058823529411764705
594723,GGG,2014B,0.05,0.1,0.06666666666666667
594745,GGG,2013J,0.2,0.25,0.22222222222222224
594762,BBB,2013J,0.05,0.08333333333333333,0.0625
594771,GGG,2013J,0.2,0.3333333333333333,0.25
594776,BBB,2013J,0.05,0.07692307692307693,0.060606060606060615
594814,FFF,2013J,0.1,0.058823529411764705,0.07407407407407408
594823,FFF,2013J,0.0,0.0,0.0
594834,GGG,2013J,0.15,0.2,0.17142857142857143
594855,FFF,2013J,0.1,0.058823529411764705,0.07407407407407408
594869,DDD,2013J,0.0,0.0,0.0
594872,BBB,2014J,0.2,0.11764705882352941,0.14814814814814817
594894,FFF,2013J,0.0,0.0,0.0
594901,GGG,2013J,0.1,0.125,0.11111111111111112
594909,CCC,2014J,0.2,0.11764705882352941,0.14814814814814817
594909,FFF,2014B,0.1,0.041666666666666664,0.058823529411764705
594910,GGG,2013J,0.05,0.1,0.06666666666666667
594925,DDD,2013J,0.1,0.06666666666666667,0.08
594928,BBB,2013J,0.0,0.0,0.0
594943,GGG,2013J,0.0,0.0,0.0
594950,DDD,2014J,0.1,0.06451612903225806,0.0784313725490196
594956,FFF,2013J,0.0,0.0,0.0
594963,DDD,2013J,0.35,0.08860759493670886,0.1414141414141414
594976,EEE,2013J,0.05,0.1111111111111111,0.06896551724137932
595023,FFF,2013J,0.0,0.0,0.0
595047,BBB,2014B,0.0,0.0,0.0
595079,DDD,2013J,0.05,0.043478260869565216,0.046511627906976744
595094,BBB,2013J,0.0,0.0,0.0
595100,EEE,2014B,0.1,0.2857142857142857,0.14814814814814817
595102,GGG,2014B,0.2,0.17391304347826086,0.18604651162790697
595103,BBB,2013J,0.0,0.0,0.0
595106,CCC,2014J,0.15,0.10714285714285714,0.125
595106,FFF,2013J,0.25,0.08064516129032258,0.12195121951219512
595130,BBB,2014J,0.0,0.0,0.0
595138,BBB,2013J,0.0,0.0,0.0
595150,FFF,2013J,0.0,0.0,0.0
595164,CCC,2014B,0.0,0.0,0.0
595164,FFF,2013J,0.05,0.1,0.06666666666666667
595182,CCC,2014B,0.15,0.42857142857142855,0.2222222222222222
595182,EEE,2013J,0.2,0.36363636363636365,0.25806451612903225
595185,GGG,2013J,0.1,0.16666666666666666,0.125
595189,CCC,2014B,0.1,0.2222222222222222,0.13793103448275865
595189,EEE,2013J,0.25,0.45454545454545453,0.3225806451612903
595193,DDD,2014B,0.1,0.09523809523809523,0.0975609756097561
595215,DDD,2014J,0.05,0.022222222222222223,0.030769230769230767
595230,FFF,2013J,0.0,0.0,0.0
595235,FFF,2013J,0.05,0.05263157894736842,0.05128205128205128
595241,BBB,2013J,0.0,0.0,0.0
595244,EEE,2013J,0.05,0.08333333333333333,0.0625
595256,GGG,2013J,0.1,0.11764705882352941,0.1081081081081081
595295,BBB,2013J,0.15,0.17647058823529413,0.16216216216216214
595305,GGG,2013J,0.2,0.17391304347826086,0.18604651162790697
595310,DDD,2014J,0.1,0.06666666666666667,0.08
595319,DDD,2013J,0.2,0.12121212121212122,0.15094339622641512
595330,FFF,2013J,0.05,0.02,0.02857142857142857
595335,GGG,2013J,0.15,0.15789473684210525,0.15384615384615385
595343,GGG,2014B,0.05,0.1,0.06666666666666667
595345,BBB,2013J,0.1,0.06896551724137931,0.08163265306122448
595354,FFF,2013J,0.05,0.024390243902439025,0.03278688524590164
595365,BBB,2014J,0.0,0.0,0.0
595365,GGG,2013J,0.0,0.0,0.0
595373,DDD,2014B,0.0,0.0,0.0
595381,FFF,2013J,0.2,0.11428571428571428,0.14545454545454545
595386,FFF,2013J,0.15,0.09090909090909091,0.11320754716981132
595401,FFF,2013J,0.05,0.1111111111111111,0.06896551724137932
595421,BBB,2014J,0.0,0.0,0.0
595434,GGG,2013J,0.15,0.15,0.15
595436,BBB,2013J,0.0,0.0,0.0
595440,GGG,2013J,0.0,0.0,0.0
595474,GGG,2013J,0.15,0.12,0.1333333333333333
595477,FFF,2013J,0.05,0.02564102564102564,0.033898305084745756
595492,EEE,2013J,0.25,0.35714285714285715,0.2941176470588235
595495,CCC,2014J,0.1,0.04878048780487805,0.06557377049180328
595495,DDD,2013J,0.2,0.0851063829787234,0.11940298507462686
595496,GGG,2013J,0.15,0.1875,0.16666666666666663
595499,BBB,2013J,0.05,0.1111111111111111,0.06896551724137932
595514,CCC,2014B,0.2,0.14814814814814814,0.1702127659574468
595514,CCC,2014J,0.05,0.029411764705882353,0.03703703703703704
595553,EEE,2013J,0.2,0.3333333333333333,0.25
595570,BBB,2013J,0.0,0.0,0.0
595572,GGG,2014B,0.2,0.2222222222222222,0.2105263157894737
595601,DDD,2013J,0.1,0.08333333333333333,0.0909090909090909
595649,FFF,2013J,0.1,0.1,0.10000000000000002
595655,FFF,2013J,0.0,0.0,0.0
595659,CCC,2014B,0.0,0.0,0.0
595659,DDD,2013J,0.0,0.0,0.0
595672,BBB,2013J,0.0,0.0,0.0
595676,FFF,2013J,0.05,0.1,0.06666666666666667
595678,BBB,2013J,0.15,0.17647058823529413,0.16216216216216214
595685,DDD,2013J,0.0,0.0,0.0
595686,GGG,2013J,0.2,0.25,0.22222222222222224
595687,DDD,2013J,0.15,0.08823529411764706,0.11111111111111112
595721,FFF,2014J,0.05,0.04,0.044444444444444446
595735,FFF,2013J,0.0,0.0,0.0
595741,DDD,2014J,0.05,0.04,0.044444444444444446
595746,FFF,2013J,0.0,0.0,0.0
595752,FFF,2013J,0.3,0.08450704225352113,0.13186813186813187
595769,FFF,2013J,0.05,0.01694915254237288,0.025316455696202535
595781,CCC,2014B,0.1,0.15384615384615385,0.12121212121212123
595781,EEE,2013J,0.1,0.16666666666666666,0.125
595787,DDD,2014J,0.05,0.5,0.09090909090909091
595797,CCC,2014B,0.0,0.0,0.0
595808,EEE,2014B,0.0,0.0,0.0
595818,BBB,2013J,0.05,0.05555555555555555,0.052631578947368425
595840,FFF,2013J,0.15,0.0410958904109589,0.06451612903225806
595842,FFF,2013J,0.05,0.0625,0.05555555555555556
595847,CCC,2014B,0.0,0.0,0.0
595847,FFF,2013J,0.05,0.047619047619047616,0.04878048780487805
595854,BBB,2013J,0.0,0.0,0.0
595868,FFF,2013J,0.15,0.08571428571428572,0.10909090909090909
595874,BBB,2013J,0.05,0.07692307692307693,0.060606060606060615
595876,DDD,2014J,0.1,0.058823529411764705,0.07407407407407408
595883,DDD,2014J,0.0,0.0,0.0
595892,BBB,2014J,0.15,0.1111111111111111,0.12765957446808512
595908,GGG,2013J,0.2,0.14285714285714285,0.16666666666666666
595925,BBB,2013J,0.0,0.0,0.0
595927,GGG,2013J,0.3,0.2727272727272727,0.28571428571428564
595935,FFF,2014B,0.05,0.023809523809523808,0.03225806451612903
595938,EEE,2013J,0.15,0.3,0.2
595940,DDD,2013J,0.0,0.0,0.0
595941,GGG,2014J,0.15,0.25,0.18749999999999997
595943,FFF,2014J,0.15,0.09375,0.11538461538461538
595977,GGG,2013J,0.15,0.13636363636363635,0.14285714285714282
595978,FFF,2014B,0.0,0.0,0.0
595986,CCC,2014B,0.1,0.2222222222222222,0.13793103448275865
595986,DDD,2013J,0.0,0.0,0.0
595988,DDD,2013J,0.15,0.06521739130434782,0.09090909090909091
595992,EEE,2014B,0.15,0.3,0.2
596002,EEE,2013J,0.1,0.18181818181818182,0.12903225806451613
596017,BBB,2013J,0.25,0.14705882352941177,0.18518518518518517
596027,FFF,2013J,0.15,0.10714285714285714,0.125
596035,CCC,2014B,0.0,0.0,0.0
596071,GGG,2013J,0.1,0.09523809523809523,0.0975609756097561
596075,GGG,2013J,0.05,0.09090909090909091,0.06451612903225806
596089,GGG,2013J,0.2,0.2857142857142857,0.23529411764705882
596091,GGG,2013J,0.1,0.1111111111111111,0.10526315789473685
596093,DDD,2013J,0.0,0.0,0.0
596104,DDD,2013J,0.0,0.0,0.0
596107,BBB,2013J,0.15,0.1875,0.16666666666666663
596108,BBB,2013J,0.0,0.0,0.0
596114,BBB,2013J,0.1,0.07407407407407407,0.0851063829787234
596128,BBB,2014J,0.0,0.0,0.0
596143,GGG,2013J,0.15,0.1875,0.16666666666666663
596144,BBB,2013J,0.0,0.0,0.0
596147,FFF,2013J,0.1,0.05263157894736842,0.06896551724137931
596157,CCC,2014B,0.2,0.2857142857142857,0.23529411764705882
596171,BBB,2014B,0.0,0.0,0.0
596204,DDD,2013J,0.05,0.037037037037037035,0.0425531914893617
596208,GGG,2013J,0.1,0.14285714285714285,0.11764705882352941
596221,GGG,2013J,0.15,0.2,0.17142857142857143
596242,BBB,2013J,0.05,0.058823529411764705,0.05405405405405405
596243,FFF,2014J,0.15,0.07692307692307693,0.1016949152542373
596253,FFF,2014J,0.0,0.0,0.0
596255,GGG,2013J,0.0,0.0,0.0
596270,DDD,2013J,0.2,0.06451612903225806,0.0975609756097561
596288,AAA,2014J,0.05,0.07142857142857142,0.058823529411764705
596292,DDD,2013J,0.0,0.0,0.0
596301,GGG,2013J,0.1,0.25,0.14285714285714288
596305,BBB,2013J,0.0,0.0,0.0
596306,DDD,2013J,0.0,0.0,0.0
596319,EEE,2013J,0.15,0.42857142857142855,0.2222222222222222
596322,DDD,2014J,0.05,0.043478260869565216,0.046511627906976744
596332,CCC,2014J,0.0,0.0,0.0
596347,EEE,2014B,0.1,0.4,0.16000000000000003
596358,GGG,2013J,0.1,0.15384615384615385,0.12121212121212123
596359,DDD,2014J,0.05,0.041666666666666664,0.04545454545454545
596361,EEE,2013J,0.0,0.0,0.0
596368,FFF,2013J,0.05,0.02631578947368421,0.034482758620689655
596369,FFF,2013J,0.0,0.0,0.0
596372,BBB,2013J,0.0,0.0,0.0
596376,GGG,2013J,0.1,0.10526315789473684,0.10256410256410256
596382,GGG,2014B,0.05,0.09090909090909091,0.06451612903225806
596390,BBB,2013J,0.05,0.14285714285714285,0.07407407407407408
596406,FFF,2013J,0.0,0.0,0.0
596417,BBB,2013J,0.0,0.0,0.0
596439,DDD,2014B,0.05,0.1111111111111111,0.06896551724137932
596441,DDD,2013J,0.0,0.0,0.0
596451,BBB,2013J,0.05,0.043478260869565216,0.046511627906976744
596465,DDD,2014B,0.0,0.0,0.0
596482,FFF,2014B,0.05,0.037037037037037035,0.0425531914893617
596490,FFF,2013J,0.1,0.05128205128205128,0.06779661016949151
596513,BBB,2014J,0.2,0.18181818181818182,0.1904761904761905
596513,GGG,2014B,0.3,0.3157894736842105,0.3076923076923077
596521,FFF,2013J,0.0,0.0,0.0
596526,EEE,2013J,0.2,0.4444444444444444,0.2758620689655173
596527,GGG,2013J,0.0,0.0,0.0
596533,BBB,2014B,0.0,0.0,0.0
596535,BBB,2013J,0.0,0.0,0.0
596570,DDD,2013J,0.0,0.0,0.0
596588,GGG,2014B,0.0,0.0,0.0
596589,DDD,2013J,0.05,0.5,0.09090909090909091
596593,FFF,2013J,0.15,0.08823529411764706,0.11111111111111112
596596,BBB,2013J,0.0,0.0,0.0
596601,FFF,2014B,0.0,0.0,0.0
596636,GGG,2013J,0.05,0.16666666666666666,0.07692307692307691
596646,FFF,2013J,0.0,0.0,0.0
596687,FFF,2013J,0.1,0.04878048780487805,0.06557377049180328
596694,GGG,2013J,0.05,0.09090909090909091,0.06451612903225806
596697,GGG,2013J,0.35,0.3333333333333333,0.3414634146341463
596699,FFF,2014B,0.0,0.0,0.0
596711,CCC,2014J,0.05,0.1111111111111111,0.06896551724137932
596728,BBB,2014J,0.05,0.05555555555555555,0.052631578947368425
596731,CCC,2014B,0.1,0.16666666666666666,0.125
596731,DDD,2013J,0.0,0.0,0.0
596751,GGG,2014B,0.1,0.125,0.11111111111111112
596756,FFF,2013J,0.1,0.04878048780487805,0.06557377049180328
596758,FFF,2014J,0.2,0.0625,0.09523809523809523
596759,DDD,2014J,0.05,0.03333333333333333,0.04
596789,EEE,2013J,0.2,0.8,0.32000000000000006
596801,GGG,2013J,0.0,0.0,0.0
596812,EEE,2013J,0.1,0.2222222222222222,0.13793103448275865
596824,GGG,2013J,0.15,0.5,0.23076923076923075
596828,FFF,2013J,0.05,0.04,0.044444444444444446
596845,CCC,2014J,0.2,0.16666666666666666,0.1818181818181818
596845,DDD,2013J,0.0,0.0,0.0
596846,CCC,2014J,0.1,0.11764705882352941,0.1081081081081081
596846,DDD,2013J,0.0,0.0,0.0
596847,BBB,2013J,0.0,0.0,0.0
596860,FFF,2013J,0.1,0.06896551724137931,0.08163265306122448
596892,BBB,2013J,0.05,0.3333333333333333,0.08695652173913045
596897,BBB,2013J,0.0,0.0,0.0
596903,CCC,2014B,0.15,0.21428571428571427,0.1764705882352941
596931,EEE,2013J,0.0,0.0,0.0
596938,FFF,2013J,0.1,0.047619047619047616,0.06451612903225806
596943,GGG,2013J,0.05,0.08333333333333333,0.0625
596947,CCC,2014B,0.0,0.0,0.0
596947,EEE,2014B,0.0,0.0,0.0
596964,BBB,2013J,0.0,0.0,0.0
596981,CCC,2014J,0.05,0.25,0.08333333333333334
596981,FFF,2013J,0.05,0.05263157894736842,0.05128205128205128
596982,FFF,2013J,0.1,0.08,0.08888888888888889
596988,BBB,2014J,0.1,0.125,0.11111111111111112
597010,GGG,2014B,0.1,0.13333333333333333,0.1142857142857143
597045,GGG,2013J,0.2,0.25,0.22222222222222224
597050,BBB,2013J,0.05,0.1,0.06666666666666667
597052,CCC,2014J,0.25,0.16666666666666666,0.2
597058,GGG,2013J,0.1,0.11764705882352941,0.1081081081081081
597060,GGG,2013J,0.05,0.08333333333333333,0.0625
597097,GGG,2013J,0.2,0.3076923076923077,0.24242424242424246
597102,BBB,2013J,0.0,0.0,0.0
597114,GGG,2013J,0.1,0.14285714285714285,0.11764705882352941
597152,GGG,2013J,0.1,0.3333333333333333,0.15384615384615383
597199,FFF,2013J,0.35,0.0945945945945946,0.14893617021276595
597204,FFF,2013J,0.2,0.043478260869565216,0.07142857142857142
597206,EEE,2013J,0.05,0.5,0.09090909090909091
597234,FFF,2014B,0.0,0.0,0.0
597235,DDD,2013J,0.05,0.05263157894736842,0.05128205128205128
597238,FFF,2013J,0.0,0.0,0.0
597241,FFF,2013J,0.1,0.08,0.08888888888888889
597243,DDD,2013J,0.0,0.0,0.0
597253,GGG,2013J,0.05,0.1,0.06666666666666667
597286,BBB,2013J,0.0,0.0,0.0
597293,FFF,2013J,0.05,0.041666666666666664,0.04545454545454545
597299,GGG,2013J,0.15,0.11538461538461539,0.13043478260869565
597301,BBB,2013J,0.05,0.08333333333333333,0.0625
597316,BBB,2014B,0.0,0.0,0.0
597319,EEE,2013J,0.05,0.2,0.08000000000000002
597333,GGG,2013J,0.15,0.1875,0.16666666666666663
597335,EEE,2013J,0.05,0.16666666666666666,0.07692307692307691
597360,GGG,2013J,0.1,0.2,0.13333333333333333
597363,EEE,2013J,0.2,0.4,0.26666666666666666
597365,CCC,2014J,0.25,0.13513513513513514,0.1754385964912281
597365,DDD,2013J,0.05,0.023809523809523808,0.03225806451612903
597376,EEE,2013J,0.05,0.25,0.08333333333333334
597403,CCC,2014B,0.1,0.2857142857142857,0.14814814814814817
597403,DDD,2013J,0.0,0.0,0.0
597428,DDD,2013J,0.25,0.10416666666666667,0.14705882352941177
597433,CCC,2014J,0.1,0.25,0.14285714285714288
597433,DDD,2013J,0.15,0.13043478260869565,0.13953488372093023
597436,CCC,2014J,0.4,0.2857142857142857,0.3333333333333333
597459,EEE,2013J,0.2,0.36363636363636365,0.25806451612903225
597485,FFF,2013J,0.1,0.0625,0.07692307692307693
597515,GGG,2013J,0.05,0.1111111111111111,0.06896551724137932
597529,DDD,2014J,0.0,0.0,0.0
597532,BBB,2013J,0.0,0.0,0.0
597560,DDD,2013J,0.0,0.0,0.0
597571,DDD,2013J,0.05,0.03225806451612903,0.0392156862745098
597573,EEE,2013J,0.2,0.4,0.26666666666666666
597597,GGG,2013J,0.1,0.1111111111111111,0.10526315789473685
597602,DDD,2013J,0.05,0.027777777777777776,0.03571428571428571
597608,DDD,2014J,0.2,0.18181818181818182,0.1904761904761905
597617,GGG,2013J,0.0,0.0,0.0
597627,FFF,2013J,0.1,0.09523809523809523,0.0975609756097561
597662,FFF,2014B,0.25,0.10638297872340426,0.1492537313432836
597669,GGG,2013J,0.2,0.19047619047619047,0.1951219512195122
597689,BBB,2013J,0.0,0.0,0.0
597715,FFF,2013J,0.1,0.0625,0.07692307692307693
597730,BBB,2014B,0.0,0.0,0.0
597732,EEE,2014J,0.15,0.3333333333333333,0.20689655172413793
597737,FFF,2013J,0.05,0.029411764705882353,0.03703703703703704
597740,FFF,2014J,0.0,0.0,0.0
597742,BBB,2013J,0.05,0.05555555555555555,0.052631578947368425
597747,FFF,2013J,0.05,0.025,0.03333333333333333
597755,CCC,2014J,0.0,0.0,0.0
597755,DDD,2013J,0.05,0.027777777777777776,0.03571428571428571
597770,DDD,2013J,0.0,0.0,0.0
597779,DDD,2014J,0.0,0.0,0.0
597786,DDD,2014J,0.25,0.11627906976744186,0.15873015873015872
597787,FFF,2013J,0.35,0.08333333333333333,0.1346153846153846
597790,BBB,2013J,0.1,0.08,0.08888888888888889
597791,FFF,2013J,0.05,0.09090909090909091,0.06451612903225806
597797,FFF,2013J,0.0,0.0,0.0
597819,FFF,2013J,0.15,0.08571428571428572,0.10909090909090909
597871,DDD,2013J,0.1,0.0425531914893617,0.05970149253731343
597878,BBB,2013J,0.05,0.0625,0.05555555555555556
597882,BBB,2014B,0.05,0.05555555555555555,0.052631578947368425
597886,BBB,2013J,0.05,0.058823529411764705,0.05405405405405405
597894,BBB,2013J,0.05,0.08333333333333333,0.0625
597906,FFF,2013J,0.1,0.07407407407407407,0.0851063829787234
597909,EEE,2014B,0.3,0.35294117647058826,0.3243243243243243
597912,FFF,2013J,0.15,0.08571428571428572,0.10909090909090909
597926,CCC,2014B,0.05,0.07692307692307693,0.060606060606060615
597936,GGG,2013J,0.25,0.25,0.25
597937,FFF,2014J,0.2,0.06779661016949153,0.10126582278481014
597938,DDD,2013J,0.15,0.08108108108108109,0.10526315789473685
597941,GGG,2013J,0.0,0.0,0.0
597948,EEE,2013J,0.05,0.1111111111111111,0.06896551724137932
597968,DDD,2013J,0.0,0.0,0.0
597971,GGG,2013J,0.15,0.21428571428571427,0.1764705882352941
598000,BBB,2013J,0.2,0.3333333333333333,0.25
598001,FFF,2013J,0.05,0.058823529411764705,0.05405405405405405
598017,GGG,2014B,0.05,0.25,0.08333333333333334
598028,EEE,2013J,0.2,0.36363636363636365,0.25806451612903225
598035,BBB,2014J,0.0,0.0,0.0
598052,DDD,2013J,0.05,0.045454545454545456,0.04761904761904762
598064,DDD,2013J,0.2,0.1111111111111111,0.14285714285714285
598074,EEE,2013J,0.1,0.5,0.16666666666666669
598077,FFF,2013J,0.0,0.0,0.0
598102,CCC,2014J,0.2,0.12903225806451613,0.1568627450980392
598102,DDD,2014B,0.15,0.1111111111111111,0.12765957446808512
598103,DDD,2014J,0.2,0.0975609756097561,0.13114754098360656
598107,GGG,2013J,0.15,0.1875,0.16666666666666663
598113,CCC,2014B,0.15,0.0967741935483871,0.11764705882352941
598113,FFF,2014B,0.0,0.0,0.0
598127,GGG,2014B,0.0,0.0,0.0
598139,GGG,2013J,0.15,0.11538461538461539,0.13043478260869565
598141,DDD,2014J,0.05,0.02631578947368421,0.034482758620689655
598176,GGG,2013J,0.1,0.15384615384615385,0.12121212121212123
598178,GGG,2013J,0.05,0.08333333333333333,0.0625
598179,DDD,2014B,0.15,0.09090909090909091,0.11320754716981132
598201,BBB,2014J,0.05,0.1,0.06666666666666667
598213,FFF,2013J,0.2,0.07692307692307693,0.1111111111111111
598215,FFF,2013J,0.0,0.0,0.0
598230,BBB,2013J,0.1,0.2222222222222222,0.13793103448275865
598243,BBB,2013J,0.05,0.1,0.06666666666666667
598246,DDD,2013J,0.15,0.09090909090909091,0.11320754716981132
598252,BBB,2013J,0.05,0.14285714285714285,0.07407407407407408
598253,BBB,2013J,0.0,0.0,0.0
598260,BBB,2013J,0.0,0.0,0.0
598279,FFF,2013J,0.25,0.078125,0.11904761904761904
598282,BBB,2014J,0.1,0.1111111111111111,0.10526315789473685
598285,FFF,2013J,0.0,0.0,0.0
598294,FFF,2013J,0.05,0.0625,0.05555555555555556
598299,CCC,2014J,0.25,0.23809523809523808,0.24390243902439024
598299,FFF,2013J,0.1,0.07407407407407407,0.0851063829787234
598303,DDD,2014J,0.05,0.3333333333333333,0.08695652173913045
598306,FFF,2013J,0.05,0.04,0.044444444444444446
598308,FFF,2014J,0.1,0.06060606060606061,0.07547169811320756
598313,BBB,2014J,0.0,0.0,0.0
598321,CCC,2014B,0.3,0.1935483870967742,0.23529411764705882
598321,EEE,2013J,0.25,0.35714285714285715,0.2941176470588235
598327,GGG,2013J,0.05,0.08333333333333333,0.0625
598351,BBB,2013J,0.1,0.08,0.08888888888888889
598376,FFF,2013J,0.15,0.046875,0.07142857142857142
598385,FFF,2013J,0.05,0.041666666666666664,0.04545454545454545
598415,BBB,2014B,0.0,0.0,0.0
598420,GGG,2013J,0.1,0.2222222222222222,0.13793103448275865
598421,GGG,2013J,0.05,0.08333333333333333,0.0625
598462,BBB,2013J,0.1,0.08,0.08888888888888889
598501,CCC,2014J,0.05,0.1111111111111111,0.06896551724137932
598501,DDD,2013J,0.0,0.0,0.0
598516,DDD,2013J,0.2,0.11428571428571428,0.14545454545454545
598536,DDD,2013J,0.0,0.0,0.0
598536,DDD,2014J,0.05,0.09090909090909091,0.06451612903225806
598540,FFF,2014J,0.15,0.07894736842105263,0.10344827586206896
598543,FFF,2013J,0.05,0.034482758620689655,0.04081632653061224
598555,FFF,2013J,0.15,0.08333333333333333,0.10714285714285714
598559,FFF,2014J,0.1,0.07407407407407407,0.0851063829787234
598564,GGG,2014B,0.05,0.16666666666666666,0.07692307692307691
598571,FFF,2014B,0.25,0.07936507936507936,0.12048192771084337
598581,BBB,2014J,0.0,0.0,0.0
598614,BBB,2014B,0.0,0.0,0.0
598623,BBB,2013J,0.05,0.03225806451612903,0.0392156862745098
598624,BBB,2014B,0.0,0.0,0.0
598637,DDD,2013J,0.1,0.03636363636363636,0.05333333333333334
598642,FFF,2014B,0.0,0.0,0.0
598649,FFF,2013J,0.25,0.11904761904761904,0.16129032258064516
598662,CCC,2014B,0.1,0.125,0.11111111111111112
598662,EEE,2013J,0.15,0.42857142857142855,0.2222222222222222
598664,DDD,2013J,0.15,0.07894736842105263,0.10344827586206896
598665,CCC,2014J,0.1,0.09523809523809523,0.0975609756097561
598665,DDD,2013J,0.1,0.031746031746031744,0.048192771084337345
598667,GGG,2013J,0.05,0.05,0.05000000000000001
598694,BBB,2014B,0.05,0.06666666666666667,0.05714285714285715
598706,FFF,2013J,0.0,0.0,0.0
598709,BBB,2013J,0.1,0.14285714285714285,0.11764705882352941
598713,CCC,2014J,0.15,0.17647058823529413,0.16216216216216214
598713,FFF,2014B,0.1,0.08333333333333333,0.0909090909090909
598717,GGG,2013J,0.1,0.2222222222222222,0.13793103448275865
598750,DDD,2014B,0.1,0.1,0.10000000000000002
598751,CCC,2014J,0.0,0.0,0.0
598752,FFF,2013J,0.0,0.0,0.0
598760,BBB,2013J,0.0,0.0,0.0
598761,FFF,2013J,0.25,0.07692307692307693,0.11764705882352941
598762,GGG,2013J,0.0,0.0,0.0
598788,GGG,2013J,0.1,0.2,0.13333333333333333
598835,FFF,2013J,0.15,0.04054054054054054,0.06382978723404256
598837,BBB,2014J,0.05,0.047619047619047616,0.04878048780487805
598840,GGG,2013J,0.15,0.12,0.1333333333333333
598842,DDD,2013J,0.15,0.11538461538461539,0.13043478260869565
598860,CCC,2014B,0.0,0.0,0.0
598860,DDD,2013J,0.3,0.07792207792207792,0.12371134020618557
598865,BBB,2013J,0.0,0.0,0.0
598883,BBB,2013J,0.0,0.0,0.0
598887,FFF,2013J,0.05,0.1,0.06666666666666667
598907,BBB,2013J,0.0,0.0,0.0
598914,BBB,2013J,0.1,0.06896551724137931,0.08163265306122448
598918,BBB,2014B,0.0,0.0,0.0
598921,GGG,2013J,0.1,0.16666666666666666,0.125
598962,FFF,2013J,0.0,0.0,0.0
598963,CCC,2014J,0.15,0.10714285714285714,0.125
598963,EEE,2013J,0.2,0.3076923076923077,0.24242424242424246
598966,FFF,2013J,0.1,0.043478260869565216,0.06060606060606061
598969,BBB,2013J,0.05,0.06666666666666667,0.05714285714285715
598973,EEE,2013J,0.1,0.2,0.13333333333333333
598983,CCC,2014J,0.05,0.06666666666666667,0.05714285714285715
598983,FFF,2013J,0.0,0.0,0.0
598986,BBB,2013J,0.0,0.0,0.0
598989,DDD,2013J,0.1,0.03773584905660377,0.05479452054794521
599009,GGG,2013J,0.05,0.047619047619047616,0.04878048780487805
599016,BBB,2013J,0.05,0.125,0.07142857142857144
599037,BBB,2013J,0.1,0.05405405405405406,0.07017543859649122
599048,FFF,2014B,0.15,0.07142857142857142,0.09677419354838708
599049,DDD,2013J,0.05,0.027777777777777776,0.03571428571428571
599056,EEE,2014B,0.05,0.3333333333333333,0.08695652173913045
599068,DDD,2013J,0.35,0.20588235294117646,0.25925925925925924
599080,GGG,2013J,0.1,0.11764705882352941,0.1081081081081081
599083,DDD,2014J,0.15,0.07692307692307693,0.1016949152542373
599094,FFF,2013J,0.05,0.037037037037037035,0.0425531914893617
599104,FFF,2013J,0.3,0.0821917808219178,0.12903225806451613
599108,BBB,2014J,0.0,0.0,0.0
599109,CCC,2014J,0.1,0.1111111111111111,0.10526315789473685
599109,DDD,2013J,0.1,0.08333333333333333,0.0909090909090909
599132,BBB,2014B,0.0,0.0,0.0
599134,DDD,2014B,0.0,0.0,0.0
599144,GGG,2014B,0.1,0.16666666666666666,0.125
599146,DDD,2013J,0.15,0.08571428571428572,0.10909090909090909
599161,BBB,2014B,0.0,0.0,0.0
599169,CCC,2014J,0.0,0.0,0.0
599169,DDD,2013J,0.3,0.09836065573770492,0.14814814814814814
599176,CCC,2014J,0.15,0.16666666666666666,0.15789473684210525
599176,EEE,2013J,0.2,0.3333333333333333,0.25
599177,DDD,2013J,0.05,0.038461538461538464,0.043478260869565216
599199,FFF,2013J,0.05,0.02702702702702703,0.03508771929824561
599202,BBB,2014B,0.05,0.08333333333333333,0.0625
599207,BBB,2014B,0.0,0.0,0.0
599215,EEE,2014J,0.15,0.25,0.18749999999999997
599230,BBB,2013J,0.05,0.043478260869565216,0.046511627906976744
599245,FFF,2013J,0.0,0.0,0.0
599263,CCC,2014B,0.0,0.0,0.0
599263,EEE,2014B,0.05,1.0,0.09523809523809523
599275,CCC,2014B,0.0,0.0,0.0
599276,GGG,2014B,0.15,0.2,0.17142857142857143
599278,GGG,2013J,0.1,0.3333333333333333,0.15384615384615383
599282,GGG,2014J,0.15,0.1875,0.16666666666666663
599289,FFF,2013J,0.05,0.02702702702702703,0.03508771929824561
599292,BBB,2013J,0.0,0.0,0.0
599306,GGG,2013J,0.0,0.0,0.0
599314,DDD,2013J,0.15,0.10344827586206896,0.12244897959183673
599315,FFF,2013J,0.1,0.03571428571428571,0.05263157894736841
599341,EEE,2014B,0.05,0.14285714285714285,0.07407407407407408
599355,BBB,2014J,0.05,0.07142857142857142,0.058823529411764705
599370,FFF,2013J,0.0,0.0,0.0
599385,GGG,2013J,0.2,0.2,0.20000000000000004
599398,CCC,2014J,0.05,0.5,0.09090909090909091
599398,FFF,2014B,0.05,0.03333333333333333,0.04
599402,BBB,2013J,0.05,0.047619047619047616,0.04878048780487805
599410,GGG,2013J,0.05,0.047619047619047616,0.04878048780487805
599425,DDD,2013J,0.05,0.038461538461538464,0.043478260869565216
599445,FFF,2013J,0.1,0.03333333333333333,0.05
599452,CCC,2014J,0.0,0.0,0.0
599452,EEE,2013J,0.1,0.18181818181818182,0.12903225806451613
599467,GGG,2014B,0.15,0.2,0.17142857142857143
599468,FFF,2013J,0.0,0.0,0.0
599478,EEE,2013J,0.05,0.125,0.07142857142857144
599479,EEE,2013J,0.15,0.375,0.21428571428571425
599491,CCC,2014J,0.05,0.038461538461538464,0.043478260869565216
599495,BBB,2014B,0.05,0.05263157894736842,0.05128205128205128
599529,GGG,2013J,0.0,0.0,0.0
599554,EEE,2014B,0.15,0.3,0.2
599559,FFF,2013J,0.05,0.017543859649122806,0.025974025974025972
599570,FFF,2013J,0.0,0.0,0.0
599577,DDD,2013J,0.1,0.047619047619047616,0.06451612903225806
599585,DDD,2013J,0.1,0.045454545454545456,0.06250000000000001
599587,FFF,2013J,0.1,0.05714285714285714,0.07272727272727272
599620,GGG,2014B,0.1,0.16666666666666666,0.125
599663,FFF,2013J,0.05,0.03225806451612903,0.0392156862745098
599683,FFF,2013J,0.15,0.05357142857142857,0.07894736842105263
599718,FFF,2013J,0.15,0.06666666666666667,0.09230769230769231
599725,DDD,2013J,0.1,0.0625,0.07692307692307693
599737,DDD,2013J,0.1,0.07142857142857142,0.08333333333333333
599739,BBB,2013J,0.15,0.10344827586206896,0.12244897959183673
599740,CCC,2014J,0.05,0.0625,0.05555555555555556
599740,FFF,2014B,0.25,0.15625,0.19230769230769232
599748,BBB,2013J,0.2,0.14285714285714285,0.16666666666666666
599768,EEE,2013J,0.2,0.5714285714285714,0.29629629629629634
599783,FFF,2013J,0.15,0.10344827586206896,0.12244897959183673
599785,BBB,2013J,0.15,0.2,0.17142857142857143
599787,BBB,2013J,0.15,0.075,0.1
599789,DDD,2014B,0.1,0.1111111111111111,0.10526315789473685
599794,BBB,2013J,0.2,0.10810810810810811,0.14035087719298245
599815,GGG,2013J,0.05,0.058823529411764705,0.05405405405405405
599816,FFF,2013J,0.0,0.0,0.0
599836,BBB,2013J,0.05,0.1,0.06666666666666667
599840,BBB,2013J,0.05,0.1,0.06666666666666667
599853,GGG,2013J,0.1,0.2857142857142857,0.14814814814814817
599854,DDD,2013J,0.0,0.0,0.0
599857,CCC,2014B,0.2,0.16,0.17777777777777778
599857,FFF,2013J,0.0,0.0,0.0
599865,FFF,2014J,0.0,0.0,0.0
599893,EEE,2013J,0.05,0.14285714285714285,0.07407407407407408
599895,BBB,2013J,0.05,0.5,0.09090909090909091
599902,EEE,2013J,0.15,0.75,0.24999999999999997
599908,BBB,2013J,0.15,0.058823529411764705,0.08450704225352114
599937,EEE,2014B,0.15,0.375,0.21428571428571425
599947,DDD,2013J,0.0,0.0,0.0
599958,CCC,2014B,0.25,0.38461538461538464,0.30303030303030304
599958,EEE,2013J,0.35,0.4666666666666667,0.4
599963,GGG,2013J,0.15,0.15789473684210525,0.15384615384615385
599990,BBB,2014B,0.0,0.0,0.0
600033,DDD,2014J,0.1,0.06060606060606061,0.07547169811320756
600035,GGG,2014B,0.2,0.3076923076923077,0.24242424242424246
600067,CCC,2014J,0.35,0.16666666666666666,0.22580645161290322
600067,DDD,2013J,0.05,0.02631578947368421,0.034482758620689655
600071,EEE,2013J,0.25,0.45454545454545453,0.3225806451612903
600071,FFF,2014J,0.0,0.0,0.0
600073,CCC,2014B,0.3,0.2727272727272727,0.28571428571428564
600081,GGG,2013J,0.1,0.13333333333333333,0.1142857142857143
600094,DDD,2013J,0.0,0.0,0.0
600097,GGG,2013J,0.05,0.05263157894736842,0.05128205128205128
600121,BBB,2013J,0.05,0.058823529411764705,0.05405405405405405
600142,EEE,2013J,0.25,0.38461538461538464,0.30303030303030304
600175,FFF,2013J,0.2,0.06666666666666667,0.1
600187,EEE,2013J,0.05,0.1,0.06666666666666667
600198,EEE,2013J,0.05,0.5,0.09090909090909091
600202,GGG,2013J,0.05,0.05,0.05000000000000001
600224,FFF,2013J,0.1,0.06451612903225806,0.0784313725490196
600242,DDD,2013J,0.15,0.1111111111111111,0.12765957446808512
600243,FFF,2013J,0.0,0.0,0.0
600277,GGG,2013J,0.05,0.125,0.07142857142857144
600279,BBB,2013J,0.1,0.13333333333333333,0.1142857142857143
600292,FFF,2014B,0.05,0.045454545454545456,0.04761904761904762
600305,GGG,2013J,0.2,0.2,0.20000000000000004
600315,GGG,2013J,0.0,0.0,0.0
600320,GGG,2014J,0.3,0.3,0.3
600335,CCC,2014B,0.05,0.05263157894736842,0.05128205128205128
600335,EEE,2013J,0.1,0.18181818181818182,0.12903225806451613
600350,EEE,2013J,0.05,0.5,0.09090909090909091
600365,DDD,2013J,0.0,0.0,0.0
600370,BBB,2013J,0.0,0.0,0.0
600387,BBB,2014J,0.1,0.10526315789473684,0.10256410256410256
600388,FFF,2014B,0.05,0.030303030303030304,0.03773584905660378
600398,BBB,2014J,0.0,0.0,0.0
600405,FFF,2014J,0.1,0.14285714285714285,0.11764705882352941
600415,BBB,2014J,0.15,0.14285714285714285,0.14634146341463414
600428,BBB,2014J,0.05,0.06666666666666667,0.05714285714285715
600436,FFF,2013J,0.1,0.25,0.14285714285714288
600461,GGG,2013J,0.05,0.1111111111111111,0.06896551724137932
600463,BBB,2014J,0.0,0.0,0.0
600471,GGG,2013J,0.15,0.1875,0.16666666666666663
600478,DDD,2013J,0.2,0.09090909090909091,0.12500000000000003
600490,BBB,2013J,0.0,0.0,0.0
600502,DDD,2014J,0.05,0.043478260869565216,0.046511627906976744
600509,EEE,2013J,0.3,0.2857142857142857,0.2926829268292683
600514,GGG,2013J,0.1,0.10526315789473684,0.10256410256410256
600535,CCC,2014J,0.35,0.20588235294117646,0.25925925925925924
600542,FFF,2013J,0.2,0.125,0.15384615384615385
600547,EEE,2013J,0.05,0.14285714285714285,0.07407407407407408
600558,FFF,2013J,0.05,0.037037037037037035,0.0425531914893617
600566,GGG,2013J,0.25,0.29411764705882354,0.27027027027027023
600606,BBB,2014J,0.0,0.0,0.0
600606,GGG,2013J,0.0,0.0,0.0
600623,EEE,2014B,0.2,0.36363636363636365,0.25806451612903225
600632,CCC,2014B,0.25,0.19230769230769232,0.2173913043478261
600635,DDD,2013J,0.1,0.05714285714285714,0.07272727272727272
600645,GGG,2013J,0.1,0.1,0.10000000000000002
600664,BBB,2014J,0.1,0.08695652173913043,0.09302325581395349
600670,DDD,2014B,0.2,0.07017543859649122,0.10389610389610389
600671,DDD,2013J,0.15,0.06976744186046512,0.09523809523809525
600676,FFF,2013J,0.25,0.09259259259259259,0.13513513513513514
600680,DDD,2014J,0.05,0.03333333333333333,0.04
600682,FFF,2013J,0.1,0.0392156862745098,0.05633802816901408
600684,BBB,2013J,0.05,0.037037037037037035,0.0425531914893617
600686,DDD,2013J,0.05,0.07692307692307693,0.060606060606060615
600702,FFF,2014B,0.15,0.05454545454545454,0.08
600714,GGG,2014B,0.0,0.0,0.0
600733,GGG,2013J,0.1,0.09090909090909091,0.09523809523809525
600740,BBB,2013J,0.1,0.06896551724137931,0.08163265306122448
600766,EEE,2014J,0.3,0.75,0.4285714285714285
600767,DDD,2014B,0.1,0.07407407407407407,0.0851063829787234
600771,BBB,2013J,0.0,0.0,0.0
600773,FFF,2014J,0.0,0.0,0.0
600796,CCC,2014J,0.05,0.03125,0.038461538461538464
600796,DDD,2013J,0.1,0.0625,0.07692307692307693
600801,EEE,2014B,0.1,0.3333333333333333,0.15384615384615383
600814,CCC,2014J,0.0,0.0,0.0
600814,EEE,2014B,0.2,0.4,0.26666666666666666
600817,DDD,2013J,0.0,0.0,0.0
600856,BBB,2013J,0.15,0.17647058823529413,0.16216216216216214
600860,FFF,2013J,0.2,0.06557377049180328,0.09876543209876544
600869,EEE,2013J,0.0,0.0,0.0
600891,DDD,2014B,0.25,0.12195121951219512,0.16393442622950818
600893,FFF,2014B,0.05,1.0,0.09523809523809523
600893,FFF,2014J,0.0,0.0,0.0
600895,GGG,2013J,0.1,0.08695652173913043,0.09302325581395349
600908,GGG,2013J,0.15,0.23076923076923078,0.18181818181818185
600938,EEE,2013J,0.1,0.2857142857142857,0.14814814814814817
600944,FFF,2013J,0.0,0.0,0.0
600945,CCC,2014B,0.1,0.16666666666666666,0.125
600945,EEE,2013J,0.15,0.42857142857142855,0.2222222222222222
600963,DDD,2013J,0.0,0.0,0.0
600966,BBB,2013J,0.0,0.0,0.0
600987,CCC,2014B,0.05,0.25,0.08333333333333334
600987,EEE,2014B,0.0,0.0,0.0
600991,FFF,2013J,0.0,0.0,0.0
601008,FFF,2014J,0.1,0.06060606060606061,0.07547169811320756
601010,BBB,2014B,0.0,0.0,0.0
601021,FFF,2013J,0.0,0.0,0.0
601040,FFF,2013J,0.0,0.0,0.0
601042,FFF,2013J,0.15,0.10344827586206896,0.12244897959183673
601043,EEE,2014B,0.15,0.375,0.21428571428571425
601048,DDD,2013J,0.0,0.0,0.0
601054,EEE,2014B,0.1,0.2,0.13333333333333333
601064,GGG,2014B,0.2,0.2222222222222222,0.2105263157894737
601082,CCC,2014J,0.05,0.2,0.08000000000000002
601082,DDD,2014B,0.05,0.043478260869565216,0.046511627906976744
601092,DDD,2013J,0.2,0.1,0.13333333333333333
601093,DDD,2014B,0.05,0.25,0.08333333333333334
601099,FFF,2013J,0.0,0.0,0.0
601104,FFF,2013J,0.05,0.03571428571428571,0.041666666666666664
601105,FFF,2013J,0.05,0.04,0.044444444444444446
601123,GGG,2013J,0.15,0.14285714285714285,0.14634146341463414
601126,GGG,2013J,0.1,0.16666666666666666,0.125
601132,GGG,2013J,0.05,0.05263157894736842,0.05128205128205128
601133,DDD,2013J,0.0,0.0,0.0
601175,EEE,2013J,0.25,0.4166666666666667,0.3125
601180,FFF,2013J,0.0,0.0,0.0
601182,EEE,2013J,0.1,0.16666666666666666,0.125
601184,FFF,2013J,0.0,0.0,0.0
601199,GGG,2013J,0.1,0.18181818181818182,0.12903225806451613
601204,DDD,2013J,0.0,0.0,0.0
601211,EEE,2014B,0.25,0.45454545454545453,0.3225806451612903
601213,FFF,2013J,0.0,0.0,0.0
601224,CCC,2014B,0.1,0.09523809523809523,0.0975609756097561
601224,EEE,2013J,0.1,0.3333333333333333,0.15384615384615383
601230,DDD,2013J,0.0,0.0,0.0
601234,CCC,2014J,0.1,0.09523809523809523,0.0975609756097561
601234,DDD,2013J,0.05,0.05,0.05000000000000001
601235,FFF,2014J,0.1,0.04878048780487805,0.06557377049180328
601238,BBB,2014B,0.05,0.05555555555555555,0.052631578947368425
601243,BBB,2013J,0.05,0.041666666666666664,0.04545454545454545
601247,BBB,2014J,0.05,0.041666666666666664,0.04545454545454545
601251,BBB,2013J,0.0,0.0,0.0
601263,DDD,2013J,0.05,0.030303030303030304,0.03773584905660378
601269,BBB,2013J,0.15,0.13043478260869565,0.13953488372093023
601271,FFF,2014J,0.05,0.06666666666666667,0.05714285714285715
601275,GGG,2013J,0.15,0.125,0.13636363636363635
601289,DDD,2013J,0.2,0.13333333333333333,0.16
601293,DDD,2013J,0.05,0.01818181818181818,0.02666666666666667
601319,GGG,2013J,0.05,0.1,0.06666666666666667
601345,FFF,2014B,0.05,0.03333333333333333,0.04
601346,BBB,2013J,0.0,0.0,0.0
601356,BBB,2014B,0.0,0.0,0.0
601360,GGG,2013J,0.05,0.058823529411764705,0.05405405405405405
601375,FFF,2014B,0.0,0.0,0.0
601380,DDD,2013J,0.1,0.08,0.08888888888888889
601386,EEE,2014B,0.05,0.3333333333333333,0.08695652173913045
601388,CCC,2014J,0.05,0.125,0.07142857142857144
601388,FFF,2013J,0.0,0.0,0.0
601389,FFF,2013J,0.1,0.08,0.08888888888888889
601390,FFF,2013J,0.1,0.1111111111111111,0.10526315789473685
601399,FFF,2013J,0.0,0.0,0.0
601418,DDD,2014J,0.05,0.03571428571428571,0.041666666666666664
601430,FFF,2013J,0.1,0.08,0.08888888888888889
601433,EEE,2013J,0.0,0.0,0.0
601439,FFF,2013J,0.05,0.02040816326530612,0.02898550724637681
601455,BBB,2013J,0.0,0.0,0.0
601464,GGG,2013J,0.15,0.15,0.15
601465,GGG,2013J,0.25,0.38461538461538464,0.30303030303030304
601467,DDD,2013J,0.1,0.07692307692307693,0.08695652173913043
601488,DDD,2014J,0.0,0.0,0.0
601497,BBB,2013J,0.2,0.10256410256410256,0.13559322033898302
601499,BBB,2013J,0.1,0.18181818181818182,0.12903225806451613
601504,BBB,2013J,0.1,0.10526315789473684,0.10256410256410256
601505,BBB,2013J,0.0,0.0,0.0
601517,CCC,2014J,0.2,0.21052631578947367,0.20512820512820512
601534,GGG,2013J,0.1,0.25,0.14285714285714288
601546,GGG,2013J,0.15,0.21428571428571427,0.1764705882352941
601550,CCC,2014B,0.2,0.19047619047619047,0.1951219512195122
601551,BBB,2013J,0.0,0.0,0.0
601560,FFF,2014B,0.0,0.0,0.0
601566,CCC,2014J,0.0,0.0,0.0
601566,DDD,2013J,0.0,0.0,0.0
601567,CCC,2014J,0.0,0.0,0.0
601567,EEE,2014J,0.05,0.09090909090909091,0.06451612903225806
601576,GGG,2013J,0.05,0.14285714285714285,0.07407407407407408
601579,DDD,2013J,0.15,0.07692307692307693,0.1016949152542373
601583,FFF,2013J,0.1,0.04,0.05714285714285714
601605,GGG,2013J,0.15,0.15789473684210525,0.15384615384615385
601616,BBB,2014B,0.0,0.0,0.0
601635,BBB,2013J,0.0,0.0,0.0
601645,GGG,2013J,0.0,0.0,0.0
601653,EEE,2013J,0.25,0.3333333333333333,0.28571428571428575
601655,BBB,2013J,0.05,0.2,0.08000000000000002
601681,FFF,2013J,0.0,0.0,0.0
601706,BBB,2013J,0.0,0.0,0.0
601706,BBB,2014J,0.0,0.0,0.0
601735,FFF,2014B,0.15,0.0379746835443038,0.06060606060606061
601745,FFF,2013J,0.0,0.0,0.0
601757,EEE,2013J,0.05,0.1111111111111111,0.06896551724137932
601788,FFF,2013J,0.05,0.030303030303030304,0.03773584905660378
601808,FFF,2013J,0.0,0.0,0.0
601820,FFF,2014J,0.15,0.06818181818181818,0.09374999999999999
601827,EEE,2013J,0.0,0.0,0.0
601854,GGG,2013J,0.2,0.3333333333333333,0.25
601857,DDD,2013J,0.2,0.07692307692307693,0.1111111111111111
601862,BBB,2014B,0.0,0.0,0.0
601872,CCC,2014B,0.05,0.1,0.06666666666666667
601873,EEE,2013J,0.15,0.75,0.24999999999999997
601874,BBB,2014J,0.0,0.0,0.0
601885,BBB,2013J,0.0,0.0,0.0
601887,BBB,2013J,0.0,0.0,0.0
601896,BBB,2013J,0.0,0.0,0.0
601934,BBB,2013J,0.0,0.0,0.0
601939,GGG,2013J,0.05,0.047619047619047616,0.04878048780487805
601949,CCC,2014B,0.0,0.0,0.0
601952,FFF,2013J,0.1,0.09090909090909091,0.09523809523809525
601956,CCC,2014J,0.05,0.2,0.08000000000000002
601956,DDD,2014B,0.05,0.07142857142857142,0.058823529411764705
601963,GGG,2013J,0.0,0.0,0.0
601983,BBB,2014J,0.05,0.125,0.07142857142857144
601983,GGG,2013J,0.15,0.15,0.15
601997,GGG,2013J,0.0,0.0,0.0
602007,EEE,2013J,0.2,0.3333333333333333,0.25
602009,BBB,2013J,0.0,0.0,0.0
602011,BBB,2014B,0.0,0.0,0.0
602014,BBB,2013J,0.0,0.0,0.0
602023,GGG,2013J,0.0,0.0,0.0
602026,GGG,2013J,0.0,0.0,0.0
602029,DDD,2014J,0.05,0.043478260869565216,0.046511627906976744
602042,CCC,2014B,0.0,0.0,0.0
602045,GGG,2014B,0.2,0.15384615384615385,0.17391304347826086
602061,GGG,2014B,0.1,0.2857142857142857,0.14814814814814817
602066,BBB,2013J,0.05,0.07692307692307693,0.060606060606060615
602072,GGG,2013J,0.15,0.16666666666666666,0.15789473684210525
602099,FFF,2013J,0.0,0.0,0.0
602123,CCC,2014J,0.05,0.05555555555555555,0.052631578947368425
602133,CCC,2014B,0.25,0.17857142857142858,0.20833333333333331
602133,EEE,2013J,0.1,0.2,0.13333333333333333
602147,BBB,2013J,0.0,0.0,0.0
602151,CCC,2014J,0.15,0.21428571428571427,0.1764705882352941
602185,DDD,2014J,0.1,0.08695652173913043,0.09302325581395349
602228,DDD,2014B,0.0,0.0,0.0
602233,EEE,2013J,0.05,0.14285714285714285,0.07407407407407408
602245,BBB,2013J,0.05,0.1,0.06666666666666667
602268,EEE,2013J,0.1,0.14285714285714285,0.11764705882352941
602269,EEE,2013J,0.05,0.14285714285714285,0.07407407407407408
602275,EEE,2013J,0.15,0.375,0.21428571428571425
602288,CCC,2014J,0.2,0.21052631578947367,0.20512820512820512
602288,EEE,2013J,0.05,0.1,0.06666666666666667
602302,DDD,2013J,0.25,0.11627906976744186,0.15873015873015872
602312,FFF,2013J,0.4,0.06722689075630252,0.11510791366906475
602318,DDD,2014J,0.1,0.04878048780487805,0.06557377049180328
602356,DDD,2013J,0.05,0.03333333333333333,0.04
602360,GGG,2014J,0.1,0.4,0.16000000000000003
602365,DDD,2014B,0.1,0.10526315789473684,0.10256410256410256
602389,EEE,2013J,0.15,0.23076923076923078,0.18181818181818185
602395,BBB,2013J,0.0,0.0,0.0
602401,GGG,2013J,0.05,0.09090909090909091,0.06451612903225806
602404,DDD,2013J,0.15,0.125,0.13636363636363635
602424,EEE,2013J,0.0,0.0,0.0
602451,FFF,2013J,0.25,0.08771929824561403,0.12987012987012986
602454,DDD,2014B,0.1,0.03773584905660377,0.05479452054794521
602458,BBB,2013J,0.05,0.058823529411764705,0.05405405405405405
602468,FFF,2013J,0.05,0.08333333333333333,0.0625
602469,FFF,2013J,0.05,0.04,0.044444444444444446
602470,GGG,2013J,0.15,0.21428571428571427,0.1764705882352941
602471,BBB,2014J,0.15,0.13043478260869565,0.13953488372093023
602496,BBB,2013J,0.0,0.0,0.0
602511,FFF,2013J,0.2,0.08888888888888889,0.12307692307692307
602516,FFF,2013J,0.0,0.0,0.0
602528,DDD,2014J,0.05,0.03571428571428571,0.041666666666666664
602533,CCC,2014J,0.0,0.0,0.0
602533,DDD,2014B,0.05,0.037037037037037035,0.0425531914893617
602570,BBB,2014J,0.0,0.0,0.0
602573,GGG,2013J,0.25,0.20833333333333334,0.22727272727272727
602577,FFF,2013J,0.15,0.07142857142857142,0.09677419354838708
602594,FFF,2014J,0.2,0.08333333333333333,0.11764705882352941
602595,DDD,2013J,0.0,0.0,0.0
602604,GGG,2013J,0.05,0.05,0.05000000000000001
602634,BBB,2013J,0.0,0.0,0.0
602655,GGG,2014B,0.15,0.2727272727272727,0.19354838709677416
602663,EEE,2013J,0.15,0.3333333333333333,0.20689655172413793
602666,BBB,2014J,0.05,0.07692307692307693,0.060606060606060615
602669,FFF,2013J,0.1,0.06451612903225806,0.0784313725490196
602681,FFF,2014B,0.2,0.1,0.13333333333333333
602683,CCC,2014J,0.2,0.21052631578947367,0.20512820512820512
602696,BBB,2014J,0.2,0.18181818181818182,0.1904761904761905
602703,EEE,2013J,0.15,0.75,0.24999999999999997
602707,EEE,2014J,0.15,0.23076923076923078,0.18181818181818185
602711,GGG,2013J,0.1,0.15384615384615385,0.12121212121212123
602713,FFF,2013J,0.05,0.041666666666666664,0.04545454545454545
602718,CCC,2014B,0.0,0.0,0.0
602718,EEE,2013J,0.15,0.42857142857142855,0.2222222222222222
602719,FFF,2013J,0.15,0.06818181818181818,0.09374999999999999
602721,EEE,2014B,0.05,0.125,0.07142857142857144
602729,DDD,2013J,0.3,0.09836065573770492,0.14814814814814814
602767,BBB,2013J,0.0,0.0,0.0
602768,GGG,2013J,0.0,0.0,0.0
602777,FFF,2013J,0.05,0.034482758620689655,0.04081632653061224
602779,BBB,2014J,0.2,0.125,0.15384615384615385
602780,GGG,2013J,0.15,0.21428571428571427,0.1764705882352941
602783,DDD,2013J,0.05,0.023809523809523808,0.03225806451612903
602811,FFF,2013J,0.25,0.16666666666666666,0.2
602818,FFF,2014B,0.1,0.06451612903225806,0.0784313725490196
602820,GGG,2013J,0.1,0.09090909090909091,0.09523809523809525
602826,BBB,2013J,0.0,0.0,0.0
602827,EEE,2013J,0.15,0.25,0.18749999999999997
602830,EEE,2014J,0.25,0.2777777777777778,0.2631578947368421
602837,FFF,2013J,0.0,0.0,0.0
602854,FFF,2014B,0.0,0.0,0.0
602856,DDD,2013J,0.05,0.04,0.044444444444444446
602862,FFF,2014B,0.05,0.03125,0.038461538461538464
602865,BBB,2014J,0.15,0.10714285714285714,0.125
602895,FFF,2013J,0.1,0.10526315789473684,0.10256410256410256
602902,CCC,2014B,0.05,0.07142857142857142,0.058823529411764705
602902,DDD,2013J,0.2,0.11764705882352941,0.14814814814814817
602913,CCC,2014B,0.0,0.0,0.0
602943,BBB,2014J,0.05,0.03571428571428571,0.041666666666666664
602948,FFF,2013J,0.15,0.07692307692307693,0.1016949152542373
602973,CCC,2014J,0.15,0.13043478260869565,0.13953488372093023
602991,BBB,2014B,0.0,0.0,0.0
603012,BBB,2013J,0.0,0.0,0.0
603034,DDD,2013J,0.0,0.0,0.0
603035,BBB,2013J,0.0,0.0,0.0
603036,BBB,2013J,0.2,0.125,0.15384615384615385
603038,BBB,2013J,0.1,0.06666666666666667,0.08
603044,GGG,2013J,0.2,0.15384615384615385,0.17391304347826086
603049,CCC,2014J,0.1,0.14285714285714285,0.11764705882352941
603049,DDD,2013J,0.0,0.0,0.0
603055,BBB,2014J,0.1,0.18181818181818182,0.12903225806451613
603058,GGG,2013J,0.0,0.0,0.0
603059,FFF,2013J,0.0,0.0,0.0
603064,GGG,2014B,0.1,0.2222222222222222,0.13793103448275865
603108,EEE,2014J,0.0,0.0,0.0
603111,FFF,2014B,0.25,0.09433962264150944,0.13698630136986303
603112,BBB,2014B,0.0,0.0,0.0
603113,BBB,2014J,0.05,0.05555555555555555,0.052631578947368425
603123,BBB,2013J,0.0,0.0,0.0
603129,CCC,2014J,0.1,0.1111111111111111,0.10526315789473685
603155,FFF,2013J,0.0,0.0,0.0
603163,FFF,2014B,0.0,0.0,0.0
603164,GGG,2013J,0.05,0.058823529411764705,0.05405405405405405
603165,BBB,2013J,0.05,0.07692307692307693,0.060606060606060615
603170,FFF,2013J,0.1,0.05555555555555555,0.07142857142857142
603179,CCC,2014J,0.0,0.0,0.0
603179,EEE,2014J,0.0,0.0,0.0
603200,BBB,2014J,0.0,0.0,0.0
603210,BBB,2013J,0.0,0.0,0.0
603222,EEE,2013J,0.1,0.6666666666666666,0.1739130434782609
603224,DDD,2014J,0.0,0.0,0.0
603230,GGG,2013J,0.05,0.1,0.06666666666666667
603231,FFF,2013J,0.0,0.0,0.0
603270,BBB,2013J,0.05,0.07142857142857142,0.058823529411764705
603287,BBB,2013J,0.1,0.2222222222222222,0.13793103448275865
603300,FFF,2013J,0.35,0.1206896551724138,0.1794871794871795
603302,DDD,2014B,0.2,0.07272727272727272,0.10666666666666667
603303,DDD,2014J,0.1,0.08333333333333333,0.0909090909090909
603309,EEE,2013J,0.05,0.16666666666666666,0.07692307692307691
603325,CCC,2014J,0.1,0.2222222222222222,0.13793103448275865
603325,DDD,2013J,0.05,0.037037037037037035,0.0425531914893617
603327,FFF,2013J,0.1,0.07142857142857142,0.08333333333333333
603328,GGG,2013J,0.0,0.0,0.0
603341,FFF,2013J,0.05,0.047619047619047616,0.04878048780487805
603389,FFF,2013J,0.1,0.05405405405405406,0.07017543859649122
603398,BBB,2013J,0.0,0.0,0.0
603406,DDD,2014J,0.2,0.14285714285714285,0.16666666666666666
603431,DDD,2013J,0.0,0.0,0.0
603437,FFF,2013J,0.05,0.045454545454545456,0.04761904761904762
603440,BBB,2013J,0.05,0.038461538461538464,0.043478260869565216
603446,BBB,2013J,0.05,0.05263157894736842,0.05128205128205128
603455,EEE,2013J,0.05,0.2,0.08000000000000002
603469,DDD,2013J,0.1,0.08695652173913043,0.09302325581395349
603477,CCC,2014B,0.1,0.1111111111111111,0.10526315789473685
603477,EEE,2013J,0.15,0.21428571428571427,0.1764705882352941
603498,DDD,2013J,0.1,0.25,0.14285714285714288
603503,CCC,2014J,0.1,0.08333333333333333,0.0909090909090909
603503,EEE,2013J,0.15,0.2727272727272727,0.19354838709677416
603513,DDD,2013J,0.0,0.0,0.0
603529,CCC,2014J,0.2,0.17391304347826086,0.18604651162790697
603529,FFF,2013J,0.05,0.017241379310344827,0.025641025641025644
603531,EEE,2014B,0.25,0.25,0.25
603539,FFF,2014B,0.05,0.023255813953488372,0.031746031746031744
603576,FFF,2013J,0.1,0.06060606060606061,0.07547169811320756
603579,GGG,2013J,0.0,0.0,0.0
603580,BBB,2014J,0.15,0.21428571428571427,0.1764705882352941
603585,GGG,2014J,0.1,0.5,0.16666666666666669
603597,FFF,2013J,0.05,0.03571428571428571,0.041666666666666664
603600,FFF,2013J,0.15,0.04918032786885246,0.07407407407407407
603601,BBB,2013J,0.05,0.05263157894736842,0.05128205128205128
603611,FFF,2013J,0.05,0.023809523809523808,0.03225806451612903
603612,GGG,2014B,0.25,0.2631578947368421,0.25641025641025644
603620,CCC,2014J,0.0,0.0,0.0
603627,BBB,2013J,0.1,0.08695652173913043,0.09302325581395349
603639,EEE,2013J,0.15,0.2727272727272727,0.19354838709677416
603648,FFF,2014J,0.15,0.046875,0.07142857142857142
603651,FFF,2013J,0.1,0.07692307692307693,0.08695652173913043
603661,BBB,2013J,0.05,0.047619047619047616,0.04878048780487805
603685,GGG,2013J,0.1,0.125,0.11111111111111112
603690,DDD,2014B,0.0,0.0,0.0
603694,FFF,2014B,0.3,0.15,0.2
603731,BBB,2014J,0.05,0.05,0.05000000000000001
603733,FFF,2013J,0.1,0.047619047619047616,0.06451612903225806
603740,GGG,2013J,0.0,0.0,0.0
603746,BBB,2014J,0.05,0.2,0.08000000000000002
603762,BBB,2014B,0.0,0.0,0.0
603763,GGG,2013J,0.05,0.08333333333333333,0.0625
603819,FFF,2013J,0.05,0.030303030303030304,0.03773584905660378
603832,EEE,2014B,0.15,0.3333333333333333,0.20689655172413793
603834,AAA,2014J,0.0,0.0,0.0
603848,FFF,2014B,0.0,0.0,0.0
603859,CCC,2014B,0.3,0.14634146341463414,0.19672131147540983
603861,AAA,2013J,0.05,0.16666666666666666,0.07692307692307691
603908,BBB,2013J,0.0,0.0,0.0
603912,BBB,2013J,0.15,0.1,0.12
603913,GGG,2013J,0.1,0.11764705882352941,0.1081081081081081
603918,GGG,2013J,0.15,0.16666666666666666,0.15789473684210525
603921,BBB,2014J,0.0,0.0,0.0
603921,GGG,2014B,0.1,0.25,0.14285714285714288
603931,FFF,2013J,0.0,0.0,0.0
603961,DDD,2014J,0.1,0.09090909090909091,0.09523809523809525
603972,FFF,2014B,0.05,0.05,0.05000000000000001
604050,EEE,2013J,0.1,0.16666666666666666,0.125
604055,DDD,2013J,0.15,0.1111111111111111,0.12765957446808512
604057,CCC,2014J,0.15,0.1111111111111111,0.12765957446808512
604057,EEE,2014J,0.45,0.36,0.39999999999999997
604061,GGG,2014J,0.05,0.09090909090909091,0.06451612903225806
604064,GGG,2013J,0.05,0.047619047619047616,0.04878048780487805
604072,DDD,2013J,0.05,0.058823529411764705,0.05405405405405405
604087,FFF,2013J,0.2,0.07547169811320754,0.10958904109589042
604095,BBB,2013J,0.0,0.0,0.0
604096,GGG,2013J,0.2,0.2,0.20000000000000004
604106,BBB,2014B,0.0,0.0,0.0
604110,GGG,2013J,0.1,0.13333333333333333,0.1142857142857143
604116,BBB,2013J,0.0,0.0,0.0
604147,BBB,2013J,0.05,0.5,0.09090909090909091
604151,BBB,2013J,0.25,0.4166666666666667,0.3125
604153,GGG,2013J,0.2,0.2857142857142857,0.23529411764705882
604154,BBB,2013J,0.0,0.0,0.0
604156,DDD,2013J,0.15,0.075,0.1
604164,CCC,2014J,0.1,0.05263157894736842,0.06896551724137931
604172,EEE,2014B,0.1,0.5,0.16666666666666669
604174,FFF,2014B,0.1,0.08,0.08888888888888889
604184,FFF,2013J,0.05,0.06666666666666667,0.05714285714285715
604187,BBB,2013J,0.0,0.0,0.0
604196,BBB,2013J,0.05,0.09090909090909091,0.06451612903225806
604200,BBB,2013J,0.1,0.06666666666666667,0.08
604204,BBB,2013J,0.05,0.058823529411764705,0.05405405405405405
604213,GGG,2013J,0.0,0.0,0.0
604238,BBB,2013J,0.1,0.08,0.08888888888888889
604270,EEE,2014B,0.05,0.1111111111111111,0.06896551724137932
604281,DDD,2013J,0.05,0.021739130434782608,0.030303030303030304
604292,BBB,2013J,0.0,0.0,0.0
604293,FFF,2014B,0.1,0.05555555555555555,0.07142857142857142
604315,BBB,2013J,0.0,0.0,0.0
604317,DDD,2013J,0.2,0.12121212121212122,0.15094339622641512
604336,GGG,2013J,0.05,0.1111111111111111,0.06896551724137932
604338,FFF,2014B,0.0,0.0,0.0
604356,BBB,2013J,0.05,0.0625,0.05555555555555556
604358,BBB,2014J,0.1,0.08333333333333333,0.0909090909090909
604378,EEE,2013J,0.15,0.3333333333333333,0.20689655172413793
604379,FFF,2013J,0.05,0.03333333333333333,0.04
604393,EEE,2013J,0.1,0.2222222222222222,0.13793103448275865
604416,FFF,2013J,0.05,0.047619047619047616,0.04878048780487805
604423,GGG,2013J,0.1,0.11764705882352941,0.1081081081081081
604427,FFF,2013J,0.05,0.03571428571428571,0.041666666666666664
604462,DDD,2013J,0.15,0.06976744186046512,0.09523809523809525
604478,FFF,2013J,0.2,0.044444444444444446,0.07272727272727272
604498,GGG,2013J,0.1,0.11764705882352941,0.1081081081081081
604500,DDD,2014J,0.05,0.047619047619047616,0.04878048780487805
604502,EEE,2014B,0.35,0.4117647058823529,0.37837837837837834
604504,GGG,2014B,0.2,0.25,0.22222222222222224
604517,CCC,2014B,0.0,0.0,0.0
604517,EEE,2013J,0.1,0.2222222222222222,0.13793103448275865
604534,GGG,2013J,0.1,1.0,0.18181818181818182
604536,GGG,2013J,0.15,0.1875,0.16666666666666663
604539,GGG,2013J,0.25,0.2,0.22222222222222224
604543,BBB,2013J,0.05,0.07142857142857142,0.058823529411764705
604556,BBB,2013J,0.1,0.08333333333333333,0.0909090909090909
604567,FFF,2014J,0.05,0.03571428571428571,0.041666666666666664
604571,CCC,2014B,0.0,0.0,0.0
604571,EEE,2014B,0.0,0.0,0.0
604588,GGG,2013J,0.0,0.0,0.0
604614,FFF,2014J,0.1,0.03571428571428571,0.05263157894736841
604627,DDD,2013J,0.0,0.0,0.0
604633,FFF,2013J,0.1,0.15384615384615385,0.12121212121212123
604635,FFF,2013J,0.0,0.0,0.0
604655,DDD,2013J,0.0,0.0,0.0
604671,DDD,2014J,0.0,0.0,0.0
604685,EEE,2013J,0.0,0.0,0.0
604698,FFF,2014B,0.05,0.05263157894736842,0.05128205128205128
604700,FFF,2013J,0.15,0.09090909090909091,0.11320754716981132
604709,DDD,2014J,0.0,0.0,0.0
604721,GGG,2013J,0.1,0.16666666666666666,0.125
604723,CCC,2014B,0.0,0.0,0.0
604723,DDD,2013J,0.05,0.0625,0.05555555555555556
604725,BBB,2014J,0.15,0.125,0.13636363636363635
604731,BBB,2013J,0.05,0.25,0.08333333333333334
604741,FFF,2013J,0.1,0.0625,0.07692307692307693
604755,FFF,2013J,0.05,0.04,0.044444444444444446
604766,FFF,2013J,0.1,0.0425531914893617,0.05970149253731343
604789,EEE,2014B,0.05,0.25,0.08333333333333334
604799,FFF,2013J,0.1,0.07142857142857142,0.08333333333333333
604854,DDD,2013J,0.0,0.0,0.0
604879,FFF,2013J,0.1,0.022727272727272728,0.037037037037037035
604901,GGG,2014B,0.25,0.35714285714285715,0.2941176470588235
604905,DDD,2014B,0.05,0.0625,0.05555555555555556
604906,CCC,2014J,0.05,0.08333333333333333,0.0625
604906,EEE,2013J,0.2,0.2857142857142857,0.23529411764705882
604907,FFF,2014J,0.0,0.0,0.0
604916,BBB,2013J,0.15,0.17647058823529413,0.16216216216216214
604917,BBB,2013J,0.1,0.07142857142857142,0.08333333333333333
604919,BBB,2013J,0.05,0.038461538461538464,0.043478260869565216
604921,BBB,2013J,0.0,0.0,0.0
604930,GGG,2013J,0.1,0.1,0.10000000000000002
604932,BBB,2013J,0.0,0.0,0.0
604939,BBB,2013J,0.0,0.0,0.0
604942,BBB,2013J,0.0,0.0,0.0
604945,FFF,2013J,0.0,0.0,0.0
604950,BBB,2014J,0.15,0.16666666666666666,0.15789473684210525
604962,BBB,2014B,0.0,0.0,0.0
604966,BBB,2013J,0.05,0.125,0.07142857142857144
604969,FFF,2014B,0.0,0.0,0.0
604980,GGG,2013J,0.2,0.4,0.26666666666666666
604982,BBB,2013J,0.0,0.0,0.0
604990,BBB,2014J,0.1,0.16666666666666666,0.125
604997,CCC,2014B,0.05,0.05555555555555555,0.052631578947368425
605009,BBB,2013J,0.1,0.125,0.11111111111111112
605012,FFF,2013J,0.05,0.02127659574468085,0.029850746268656716
605027,GGG,2013J,0.0,0.0,0.0
605048,FFF,2013J,0.05,0.022222222222222223,0.030769230769230767
605068,BBB,2014J,0.15,0.125,0.13636363636363635
605069,FFF,2013J,0.2,0.11764705882352941,0.14814814814814817
605070,DDD,2014J,0.05,0.07692307692307693,0.060606060606060615
605072,GGG,2013J,0.1,0.125,0.11111111111111112
605089,BBB,2014J,0.1,0.13333333333333333,0.1142857142857143
605102,BBB,2013J,0.1,0.16666666666666666,0.125
605105,DDD,2013J,0.05,0.09090909090909091,0.06451612903225806
605111,CCC,2014J,0.1,0.07142857142857142,0.08333333333333333
605111,EEE,2013J,0.1,0.5,0.16666666666666669
605118,DDD,2013J,0.1,0.047619047619047616,0.06451612903225806
605118,DDD,2014J,0.1,0.06666666666666667,0.08
605125,EEE,2014J,0.0,0.0,0.0
605129,EEE,2014J,0.05,0.25,0.08333333333333334
605144,CCC,2014B,0.1,0.10526315789473684,0.10256410256410256
605144,DDD,2013J,0.0,0.0,0.0
605156,GGG,2013J,0.1,0.10526315789473684,0.10256410256410256
605180,EEE,2013J,0.1,0.4,0.16000000000000003
605180,FFF,2014J,0.0,0.0,0.0
605195,FFF,2013J,0.3,0.09523809523809523,0.14457831325301204
605207,BBB,2013J,0.05,0.14285714285714285,0.07407407407407408
605225,GGG,2013J,0.05,0.0625,0.05555555555555556
605228,FFF,2014J,0.0,0.0,0.0
605243,BBB,2014J,0.1,0.06896551724137931,0.08163265306122448
605246,BBB,2013J,0.05,0.0625,0.05555555555555556
605255,BBB,2013J,0.05,0.2,0.08000000000000002
605264,EEE,2013J,0.15,0.2727272727272727,0.19354838709677416
605265,FFF,2013J,0.05,0.029411764705882353,0.03703703703703704
605266,CCC,2014B,0.25,0.13513513513513514,0.1754385964912281
605266,DDD,2013J,0.15,0.075,0.1
605269,FFF,2013J,0.0,0.0,0.0
605294,EEE,2014J,0.2,0.36363636363636365,0.25806451612903225
605301,GGG,2013J,0.05,0.05555555555555555,0.052631578947368425
605306,GGG,2013J,0.1,0.3333333333333333,0.15384615384615383
605312,FFF,2014B,0.0,0.0,0.0
605325,GGG,2013J,0.05,0.25,0.08333333333333334
605361,EEE,2013J,0.25,0.7142857142857143,0.37037037037037035
605367,CCC,2014J,0.05,0.043478260869565216,0.046511627906976744
605367,EEE,2014B,0.15,0.42857142857142855,0.2222222222222222
605375,GGG,2014B,0.05,0.1111111111111111,0.06896551724137932
605390,BBB,2013J,0.0,0.0,0.0
605394,FFF,2014J,0.05,0.023809523809523808,0.03225806451612903
605409,FFF,2013J,0.35,0.125,0.18421052631578946
605438,BBB,2013J,0.05,0.14285714285714285,0.07407407407407408
605445,GGG,2014B,0.35,0.3333333333333333,0.3414634146341463
605459,FFF,2013J,0.05,0.043478260869565216,0.046511627906976744
605475,FFF,2014B,0.15,0.075,0.1
605476,DDD,2013J,0.05,0.07692307692307693,0.060606060606060615
605488,DDD,2014J,0.05,0.038461538461538464,0.043478260869565216
605493,FFF,2014B,0.15,0.25,0.18749999999999997
605505,BBB,2013J,0.15,0.2,0.17142857142857143
605521,GGG,2013J,0.05,0.2,0.08000000000000002
605538,FFF,2013J,0.15,0.125,0.13636363636363635
605540,CCC,2014J,0.05,0.08333333333333333,0.0625
605540,DDD,2013J,0.0,0.0,0.0
605556,GGG,2014B,0.05,0.09090909090909091,0.06451612903225806
605571,CCC,2014B,0.35,0.175,0.23333333333333334
605571,FFF,2013J,0.25,0.08064516129032258,0.12195121951219512
605589,FFF,2013J,0.05,0.043478260869565216,0.046511627906976744
605594,BBB,2013J,0.0,0.0,0.0
605595,BBB,2013J,0.05,0.2,0.08000000000000002
605596,DDD,2014B,0.05,0.041666666666666664,0.04545454545454545
605597,BBB,2014B,0.0,0.0,0.0
605598,FFF,2013J,0.1,0.05263157894736842,0.06896551724137931
605621,FFF,2013J,0.05,0.037037037037037035,0.0425531914893617
605652,DDD,2014B,0.0,0.0,0.0
605666,CCC,2014J,0.05,0.09090909090909091,0.06451612903225806
605666,FFF,2013J,0.1,0.11764705882352941,0.1081081081081081
605672,BBB,2014B,0.0,0.0,0.0
605679,BBB,2013J,0.05,0.25,0.08333333333333334
605682,FFF,2014J,0.3,0.13333333333333333,0.18461538461538463
605688,CCC,2014B,0.15,0.14285714285714285,0.14634146341463414
605688,EEE,2014B,0.15,0.3333333333333333,0.20689655172413793
605692,GGG,2013J,0.15,0.2,0.17142857142857143
605693,BBB,2014B,0.0,0.0,0.0
605695,DDD,2014B,0.1,0.08695652173913043,0.09302325581395349
605702,GGG,2014B,0.1,0.2,0.13333333333333333
605703,CCC,2014B,0.05,0.16666666666666666,0.07692307692307691
605703,DDD,2013J,0.0,0.0,0.0
605733,GGG,2013J,0.0,0.0,0.0
605756,FFF,2013J,0.05,0.034482758620689655,0.04081632653061224
605759,DDD,2014B,0.0,0.0,0.0
605759,DDD,2014J,0.0,0.0,0.0
605770,BBB,2014J,0.1,0.3333333333333333,0.15384615384615383
605771,BBB,2014J,0.15,0.10344827586206896,0.12244897959183673
605781,DDD,2014B,0.0,0.0,0.0
605828,GGG,2014B,0.0,0.0,0.0
605832,BBB,2013J,0.0,0.0,0.0
605836,EEE,2014J,0.25,0.3333333333333333,0.28571428571428575
605840,CCC,2014J,0.1,0.2,0.13333333333333333
605854,BBB,2013J,0.05,0.07142857142857142,0.058823529411764705
605868,CCC,2014J,0.1,0.08333333333333333,0.0909090909090909
605876,DDD,2014J,0.0,0.0,0.0
605886,FFF,2013J,0.0,0.0,0.0
605901,GGG,2013J,0.15,0.15789473684210525,0.15384615384615385
605916,BBB,2013J,0.2,0.13793103448275862,0.16326530612244897
605920,GGG,2013J,0.25,0.4166666666666667,0.3125
605930,BBB,2013J,0.0,0.0,0.0
605941,DDD,2013J,0.05,0.047619047619047616,0.04878048780487805
605954,FFF,2013J,0.0,0.0,0.0
605974,FFF,2013J,0.25,0.10638297872340426,0.1492537313432836
605977,GGG,2013J,0.05,0.08333333333333333,0.0625
605988,FFF,2013J,0.3,0.08695652173913043,0.1348314606741573
605993,FFF,2013J,0.05,0.021739130434782608,0.030303030303030304
605996,BBB,2014B,0.0,0.0,0.0
606002,FFF,2013J,0.05,0.022727272727272728,0.03125000000000001
606027,BBB,2014J,0.1,0.15384615384615385,0.12121212121212123
606028,GGG,2013J,0.05,0.07142857142857142,0.058823529411764705
606047,EEE,2013J,0.15,0.2727272727272727,0.19354838709677416
606052,GGG,2013J,0.0,0.0,0.0
606062,FFF,2013J,0.25,0.078125,0.11904761904761904
606064,CCC,2014J,0.05,0.05555555555555555,0.052631578947368425
606069,BBB,2014B,0.05,0.04,0.044444444444444446
606082,DDD,2013J,0.05,0.07142857142857142,0.058823529411764705
606097,BBB,2013J,0.1,0.08,0.08888888888888889
606101,GGG,2014B,0.15,0.14285714285714285,0.14634146341463414
606104,FFF,2013J,0.25,0.06666666666666667,0.10526315789473685
606105,BBB,2014J,0.0,0.0,0.0
606134,BBB,2014J,0.0,0.0,0.0
606167,FFF,2013J,0.1,0.11764705882352941,0.1081081081081081
606170,CCC,2014J,0.15,0.17647058823529413,0.16216216216216214
606175,GGG,2014B,0.15,0.2727272727272727,0.19354838709677416
606179,BBB,2013J,0.15,0.1875,0.16666666666666663
606182,EEE,2014B,0.25,0.625,0.35714285714285715
606194,BBB,2013J,0.1,0.1111111111111111,0.10526315789473685
606206,CCC,2014B,0.0,0.0,0.0
606206,EEE,2013J,0.1,0.16666666666666666,0.125
606229,BBB,2013J,0.05,0.125,0.07142857142857144
606233,GGG,2013J,0.05,0.14285714285714285,0.07407407407407408
606239,BBB,2014J,0.1,0.18181818181818182,0.12903225806451613
606245,GGG,2013J,0.15,0.25,0.18749999999999997
606257,FFF,2014J,0.15,0.058823529411764705,0.08450704225352114
606282,CCC,2014B,0.1,0.09523809523809523,0.0975609756097561
606296,GGG,2014B,0.2,0.2222222222222222,0.2105263157894737
606304,FFF,2013J,0.15,0.07317073170731707,0.09836065573770492
606313,BBB,2014B,0.15,0.125,0.13636363636363635
606319,DDD,2013J,0.05,0.02631578947368421,0.034482758620689655
606322,DDD,2013J,0.05,0.05555555555555555,0.052631578947368425
606344,DDD,2013J,0.0,0.0,0.0
606345,CCC,2014J,0.2,0.14285714285714285,0.16666666666666666
606350,CCC,2014B,0.0,0.0,0.0
606355,BBB,2013J,0.0,0.0,0.0
606373,EEE,2013J,0.2,0.5,0.28571428571428575
606377,BBB,2013J,0.05,0.125,0.07142857142857144
606386,FFF,2013J,0.1,0.06060606060606061,0.07547169811320756
606389,GGG,2014B,0.15,0.14285714285714285,0.14634146341463414
606391,BBB,2014J,0.1,0.0625,0.07692307692307693
606391,GGG,2013J,0.1,0.09523809523809523,0.0975609756097561
606409,GGG,2013J,0.05,0.1111111111111111,0.06896551724137932
606410,BBB,2013J,0.1,0.5,0.16666666666666669
606412,BBB,2013J,0.0,0.0,0.0
606414,BBB,2013J,0.05,0.14285714285714285,0.07407407407407408
606420,BBB,2013J,0.05,0.1111111111111111,0.06896551724137932
606422,BBB,2013J,0.0,0.0,0.0
606435,GGG,2013J,0.05,0.05555555555555555,0.052631578947368425
606442,BBB,2014J,0.1,0.14285714285714285,0.11764705882352941
606444,CCC,2014B,0.3,0.23076923076923078,0.2608695652173913
606444,FFF,2013J,0.3,0.07228915662650602,0.11650485436893204
606450,BBB,2013J,0.0,0.0,0.0
606458,BBB,2013J,0.0,0.0,0.0
606463,GGG,2013J,0.2,0.2222222222222222,0.2105263157894737
606465,BBB,2013J,0.05,0.09090909090909091,0.06451612903225806
606471,GGG,2013J,0.05,0.0625,0.05555555555555556
606517,BBB,2014J,0.0,0.0,0.0
606535,BBB,2014J,0.05,0.041666666666666664,0.04545454545454545
606546,BBB,2013J,0.0,0.0,0.0
606562,BBB,2013J,0.0,0.0,0.0
606570,GGG,2013J,0.25,0.2777777777777778,0.2631578947368421
606572,BBB,2013J,0.05,0.037037037037037035,0.0425531914893617
606634,BBB,2014B,0.05,0.1111111111111111,0.06896551724137932
606665,CCC,2014B,0.25,0.29411764705882354,0.27027027027027023
606665,DDD,2013J,0.1,0.07407407407407407,0.0851063829787234
606685,BBB,2013J,0.05,0.25,0.08333333333333334
606690,BBB,2014B,0.15,0.07692307692307693,0.1016949152542373
606697,BBB,2013J,0.05,0.029411764705882353,0.03703703703703704
606707,GGG,2014B,0.25,0.4166666666666667,0.3125
606711,FFF,2013J,0.0,0.0,0.0
606712,FFF,2013J,0.0,0.0,0.0
606713,FFF,2014B,0.35,0.14583333333333334,0.20588235294117646
606724,CCC,2014B,0.15,0.1875,0.16666666666666663
606724,EEE,2013J,0.2,0.2857142857142857,0.23529411764705882
606743,EEE,2013J,0.0,0.0,0.0
606757,DDD,2014J,0.1,0.05405405405405406,0.07017543859649122
606788,DDD,2013J,0.15,0.07894736842105263,0.10344827586206896
606815,GGG,2013J,0.2,0.23529411764705882,0.2162162162162162
606835,FFF,2013J,0.05,0.014492753623188406,0.02247191011235955
606837,DDD,2014J,0.05,0.14285714285714285,0.07407407407407408
606856,GGG,2014J,0.0,0.0,0.0
606858,GGG,2014B,0.05,0.125,0.07142857142857144
606861,BBB,2014J,0.1,0.10526315789473684,0.10256410256410256
606864,BBB,2014J,0.0,0.0,0.0
606864,GGG,2013J,0.0,0.0,0.0
606869,GGG,2013J,0.15,0.25,0.18749999999999997
606870,FFF,2014B,0.0,0.0,0.0
606884,DDD,2014B,0.05,0.05,0.05000000000000001
606903,FFF,2013J,0.15,0.11538461538461539,0.13043478260869565
606904,FFF,2014J,0.1,0.1111111111111111,0.10526315789473685
606908,DDD,2013J,0.1,0.0625,0.07692307692307693
606918,EEE,2013J,0.15,0.3,0.2
606939,FFF,2013J,0.15,0.09375,0.11538461538461538
606966,FFF,2013J,0.1,0.08,0.08888888888888889
606976,FFF,2014B,0.05,0.03225806451612903,0.0392156862745098
606977,FFF,2014B,0.05,0.043478260869565216,0.046511627906976744
606990,FFF,2013J,0.0,0.0,0.0
607018,GGG,2013J,0.05,0.16666666666666666,0.07692307692307691
607047,CCC,2014J,0.05,0.05263157894736842,0.05128205128205128
607047,FFF,2013J,0.0,0.0,0.0
607052,CCC,2014B,0.3,0.2608695652173913,0.27906976744186046
607052,FFF,2013J,0.05,0.05263157894736842,0.05128205128205128
607061,CCC,2014B,0.05,0.07692307692307693,0.060606060606060615
607061,DDD,2013J,0.05,0.0625,0.05555555555555556
607062,BBB,2014J,0.0,0.0,0.0
607073,DDD,2013J,0.2,0.10256410256410256,0.13559322033898302
607085,CCC,2014J,0.0,0.0,0.0
607085,EEE,2013J,0.1,0.2,0.13333333333333333
607094,CCC,2014J,0.0,0.0,0.0
607097,BBB,2013J,0.0,0.0,0.0
607108,BBB,2014B,0.0,0.0,0.0
607118,FFF,2013J,0.1,0.06896551724137931,0.08163265306122448
607130,DDD,2014B,0.05,0.025,0.03333333333333333
607143,EEE,2013J,0.05,0.14285714285714285,0.07407407407407408
607151,DDD,2013J,0.2,0.0784313725490196,0.11267605633802816
607163,GGG,2013J,0.0,0.0,0.0
607176,BBB,2014J,0.0,0.0,0.0
607178,EEE,2013J,0.1,0.25,0.14285714285714288
607196,DDD,2013J,0.05,0.07692307692307693,0.060606060606060615
607220,BBB,2014B,0.0,0.0,0.0
607235,GGG,2014B,0.25,0.21739130434782608,0.23255813953488372
607243,FFF,2014J,0.2,0.10810810810810811,0.14035087719298245
607247,FFF,2013J,0.15,0.04838709677419355,0.07317073170731707
607256,GGG,2013J,0.15,0.15,0.15
607293,GGG,2013J,0.25,0.18518518518518517,0.2127659574468085
607300,BBB,2013J,0.15,0.10714285714285714,0.125
607303,FFF,2014J,0.4,0.12903225806451613,0.1951219512195122
607316,DDD,2013J,0.05,0.041666666666666664,0.04545454545454545
607342,GGG,2014J,0.15,0.16666666666666666,0.15789473684210525
607387,GGG,2014J,0.1,0.125,0.11111111111111112
607398,BBB,2013J,0.05,0.09090909090909091,0.06451612903225806
607429,CCC,2014J,0.0,0.0,0.0
607443,GGG,2013J,0.1,0.13333333333333333,0.1142857142857143
607453,CCC,2014J,0.1,0.08,0.08888888888888889
607453,FFF,2014B,0.15,0.06,0.08571428571428572
607462,DDD,2014B,0.05,0.09090909090909091,0.06451612903225806
607483,DDD,2014J,0.05,0.025,0.03333333333333333
607483,GGG,2013J,0.25,0.2,0.22222222222222224
607485,DDD,2013J,0.0,0.0,0.0
607493,BBB,2013J,0.0,0.0,0.0
607498,DDD,2013J,0.05,0.037037037037037035,0.0425531914893617
607501,FFF,2014J,0.1,0.04878048780487805,0.06557377049180328
607507,GGG,2013J,0.0,0.0,0.0
607525,DDD,2014J,0.05,0.037037037037037035,0.0425531914893617
607529,BBB,2014B,0.1,0.2222222222222222,0.13793103448275865
607530,GGG,2014B,0.2,0.26666666666666666,0.2285714285714286
607536,GGG,2014B,0.2,0.3076923076923077,0.24242424242424246
607538,FFF,2013J,0.15,0.0625,0.08823529411764706
607547,GGG,2014B,0.05,0.1,0.06666666666666667
607548,GGG,2013J,0.05,0.0625,0.05555555555555556
607555,CCC,2014J,0.1,0.08695652173913043,0.09302325581395349
607555,DDD,2013J,0.0,0.0,0.0
607572,DDD,2014B,0.0,0.0,0.0
607600,EEE,2013J,0.05,0.1,0.06666666666666667
607603,BBB,2014J,0.1,0.16666666666666666,0.125
607622,DDD,2013J,0.0,0.0,0.0
607636,CCC,2014B,0.05,0.1,0.06666666666666667
607636,EEE,2013J,0.05,0.1111111111111111,0.06896551724137932
607638,DDD,2014J,0.1,0.0625,0.07692307692307693
607642,BBB,2013J,0.05,0.125,0.07142857142857144
607650,FFF,2013J,0.0,0.0,0.0
607668,CCC,2014J,0.35,0.2,0.2545454545454545
607670,DDD,2013J,0.0,0.0,0.0
607678,BBB,2014B,0.0,0.0,0.0
607679,FFF,2014J,0.0,0.0,0.0
607696,FFF,2013J,0.0,0.0,0.0
607699,BBB,2013J,0.0,0.0,0.0
607700,FFF,2014J,0.15,0.1111111111111111,0.12765957446808512
607725,BBB,2013J,0.05,0.041666666666666664,0.04545454545454545
607735,BBB,2013J,0.1,0.09523809523809523,0.0975609756097561
607754,GGG,2013J,0.3,0.21428571428571427,0.25
607762,GGG,2014B,0.15,0.25,0.18749999999999997
607767,DDD,2014J,0.0,0.0,0.0
607778,BBB,2013J,0.2,0.11428571428571428,0.14545454545454545
607794,FFF,2013J,0.15,0.06521739130434782,0.09090909090909091
607797,GGG,2013J,0.05,0.07142857142857142,0.058823529411764705
607800,DDD,2013J,0.2,0.10526315789473684,0.13793103448275862
607804,BBB,2013J,0.05,0.2,0.08000000000000002
607812,CCC,2014J,0.3,0.1875,0.23076923076923075
607814,EEE,2013J,0.0,0.0,0.0
607835,CCC,2014B,0.15,0.09090909090909091,0.11320754716981132
607835,EEE,2013J,0.1,0.2,0.13333333333333333
607849,GGG,2013J,0.1,0.18181818181818182,0.12903225806451613
607854,DDD,2013J,0.0,0.0,0.0
607866,FFF,2014J,0.05,0.02857142857142857,0.03636363636363636
607887,BBB,2013J,0.0,0.0,0.0
607889,BBB,2013J,0.0,0.0,0.0
607892,BBB,2013J,0.0,0.0,0.0
607896,FFF,2014B,0.0,0.0,0.0
607899,FFF,2014B,0.1,0.0625,0.07692307692307693
607900,DDD,2013J,0.3,0.11320754716981132,0.1643835616438356
607909,BBB,2013J,0.05,0.14285714285714285,0.07407407407407408
607912,GGG,2013J,0.05,0.05,0.05000000000000001
607914,BBB,2013J,0.0,0.0,0.0
607923,BBB,2014J,0.15,0.125,0.13636363636363635
607927,CCC,2014B,0.05,0.5,0.09090909090909091
607927,DDD,2013J,0.0,0.0,0.0
607937,BBB,2013J,0.05,0.1,0.06666666666666667
607938,FFF,2013J,0.05,0.04,0.044444444444444446
607947,CCC,2014J,0.0,0.0,0.0
607947,EEE,2013J,0.1,0.25,0.14285714285714288
607953,BBB,2014B,0.0,0.0,0.0
607957,GGG,2013J,0.05,0.16666666666666666,0.07692307692307691
607966,DDD,2013J,0.0,0.0,0.0
607975,DDD,2014J,0.0,0.0,0.0
607979,FFF,2013J,0.15,0.05454545454545454,0.08
608000,BBB,2013J,0.05,0.043478260869565216,0.046511627906976744
608008,FFF,2013J,0.05,0.037037037037037035,0.0425531914893617
608024,EEE,2013J,0.05,0.16666666666666666,0.07692307692307691
608041,BBB,2013J,0.0,0.0,0.0
608043,FFF,2013J,0.05,0.013157894736842105,0.020833333333333332
608047,BBB,2013J,0.2,0.2222222222222222,0.2105263157894737
608062,DDD,2013J,0.05,0.14285714285714285,0.07407407407407408
608068,BBB,2014J,0.0,0.0,0.0
608104,BBB,2014B,0.0,0.0,0.0
608109,GGG,2014B,0.1,0.14285714285714285,0.11764705882352941
608110,BBB,2014B,0.0,0.0,0.0
608115,GGG,2013J,0.2,0.23529411764705882,0.2162162162162162
608130,EEE,2013J,0.3,0.3157894736842105,0.3076923076923077
608134,BBB,2014J,0.1,0.14285714285714285,0.11764705882352941
608144,FFF,2013J,0.0,0.0,0.0
608152,CCC,2014B,0.1,0.14285714285714285,0.11764705882352941
608152,EEE,2014B,0.15,0.375,0.21428571428571425
608164,BBB,2014B,0.05,0.05555555555555555,0.052631578947368425
608169,FFF,2013J,0.05,0.3333333333333333,0.08695652173913045
608178,DDD,2013J,0.0,0.0,0.0
608195,BBB,2014J,0.15,0.16666666666666666,0.15789473684210525
608195,GGG,2013J,0.25,0.16666666666666666,0.2
608217,DDD,2013J,0.1,0.07407407407407407,0.0851063829787234
608221,GGG,2014B,0.0,0.0,0.0
608231,FFF,2013J,0.1,0.031746031746031744,0.048192771084337345
608238,DDD,2013J,0.05,0.02702702702702703,0.03508771929824561
608243,CCC,2014B,0.0,0.0,0.0
608243,EEE,2013J,0.1,0.2,0.13333333333333333
608263,GGG,2014B,0.25,0.2,0.22222222222222224
608264,BBB,2013J,0.05,0.058823529411764705,0.05405405405405405
608267,DDD,2013J,0.05,0.06666666666666667,0.05714285714285715
608292,GGG,2014B,0.15,0.17647058823529413,0.16216216216216214
608322,DDD,2014B,0.0,0.0,0.0
608349,FFF,2013J,0.05,0.058823529411764705,0.05405405405405405
608356,FFF,2013J,0.1,0.04081632653061224,0.05797101449275362
608407,BBB,2014B,0.15,0.3,0.2
608417,DDD,2013J,0.05,0.05555555555555555,0.052631578947368425
608419,BBB,2013J,0.0,0.0,0.0
608421,FFF,2013J,0.1,0.03636363636363636,0.05333333333333334
608422,CCC,2014J,0.15,0.375,0.21428571428571425
608422,FFF,2013J,0.2,0.08888888888888889,0.12307692307692307
608423,CCC,2014J,0.0,0.0,0.0
608448,BBB,2014J,0.05,0.043478260869565216,0.046511627906976744
608449,DDD,2013J,0.05,0.022727272727272728,0.03125000000000001
608464,CCC,2014B,0.1,0.1,0.10000000000000002
608472,EEE,2013J,0.05,0.3333333333333333,0.08695652173913045
608477,FFF,2013J,0.25,0.22727272727272727,0.23809523809523808
608487,DDD,2014B,0.0,0.0,0.0
608488,EEE,2014J,0.1,0.6666666666666666,0.1739130434782609
608504,EEE,2013J,0.1,0.4,0.16000000000000003
608536,GGG,2014J,0.2,0.3333333333333333,0.25
608577,CCC,2014B,0.0,0.0,0.0
608578,BBB,2013J,0.0,0.0,0.0
608596,GGG,2014B,0.05,0.0625,0.05555555555555556
608623,BBB,2013J,0.05,0.125,0.07142857142857144
608643,DDD,2013J,0.15,0.075,0.1
608647,BBB,2013J,0.0,0.0,0.0
608672,GGG,2013J,0.15,0.11538461538461539,0.13043478260869565
608681,CCC,2014J,0.1,0.2857142857142857,0.14814814814814817
608681,FFF,2013J,0.1,0.08695652173913043,0.09302325581395349
608693,GGG,2013J,0.05,0.08333333333333333,0.0625
608698,FFF,2013J,0.2,0.25,0.22222222222222224
608724,DDD,2014B,0.05,0.034482758620689655,0.04081632653061224
608733,DDD,2013J,0.2,0.13793103448275862,0.16326530612244897
608735,CCC,2014B,0.0,0.0,0.0
608737,FFF,2013J,0.0,0.0,0.0
608738,BBB,2013J,0.0,0.0,0.0
608744,EEE,2013J,0.15,0.2727272727272727,0.19354838709677416
608745,DDD,2013J,0.15,0.06521739130434782,0.09090909090909091
608746,CCC,2014J,0.35,0.25,0.2916666666666667
608746,DDD,2014J,0.05,0.045454545454545456,0.04761904761904762
608747,FFF,2013J,0.1,0.0425531914893617,0.05970149253731343
608753,CCC,2014B,0.1,0.16666666666666666,0.125
608753,FFF,2013J,0.0,0.0,0.0
608766,BBB,2013J,0.1,0.08695652173913043,0.09302325581395349
608775,DDD,2014J,0.1,0.05,0.06666666666666667
608815,DDD,2013J,0.05,0.024390243902439025,0.03278688524590164
608827,FFF,2013J,0.0,0.0,0.0
608842,DDD,2014J,0.0,0.0,0.0
608851,BBB,2014J,0.2,0.21052631578947367,0.20512820512820512
608853,EEE,2014J,0.2,0.4,0.26666666666666666
608884,EEE,2013J,0.15,0.375,0.21428571428571425
608891,FFF,2014B,0.05,0.05263157894736842,0.05128205128205128
608904,CCC,2014B,0.4,0.36363636363636365,0.380952380952381
608907,GGG,2014B,0.15,0.25,0.18749999999999997
608909,FFF,2013J,0.0,0.0,0.0
608913,FFF,2013J,0.15,0.11538461538461539,0.13043478260869565
608923,DDD,2013J,0.05,0.07142857142857142,0.058823529411764705
608966,FFF,2013J,0.05,0.02702702702702703,0.03508771929824561
608978,CCC,2014J,0.2,0.11428571428571428,0.14545454545454545
608983,DDD,2013J,0.1,0.06666666666666667,0.08
609010,BBB,2013J,0.0,0.0,0.0
609019,DDD,2014B,0.05,0.03225806451612903,0.0392156862745098
609025,EEE,2013J,0.05,0.16666666666666666,0.07692307692307691
609031,CCC,2014J,0.25,0.15625,0.19230769230769232
609031,DDD,2013J,0.05,0.021739130434782608,0.030303030303030304
609045,CCC,2014B,0.25,0.20833333333333334,0.22727272727272727
609046,BBB,2013J,0.15,0.08571428571428572,0.10909090909090909
609047,BBB,2013J,0.0,0.0,0.0
609097,FFF,2013J,0.15,0.07317073170731707,0.09836065573770492
609142,FFF,2014J,0.25,0.09615384615384616,0.1388888888888889
609192,EEE,2013J,0.15,0.21428571428571427,0.1764705882352941
609194,BBB,2014J,0.05,0.058823529411764705,0.05405405405405405
609194,DDD,2014B,0.05,0.02857142857142857,0.03636363636363636
609203,BBB,2014J,0.1,0.09090909090909091,0.09523809523809525
609220,FFF,2013J,0.15,0.02702702702702703,0.04580152671755726
609221,FFF,2013J,0.15,0.08823529411764706,0.11111111111111112
609229,CCC,2014B,0.15,0.0967741935483871,0.11764705882352941
609229,FFF,2013J,0.0,0.0,0.0
609235,CCC,2014J,0.1,0.1111111111111111,0.10526315789473685
609240,FFF,2014J,0.15,0.06976744186046512,0.09523809523809525
609245,DDD,2014J,0.4,0.27586206896551724,0.32653061224489793
609257,GGG,2014J,0.15,0.3,0.2
609265,DDD,2014B,0.05,0.07142857142857142,0.058823529411764705
609277,FFF,2013J,0.3,0.075,0.12
609297,GGG,2014B,0.2,0.15384615384615385,0.17391304347826086
609307,BBB,2013J,0.0,0.0,0.0
609326,GGG,2014B,0.05,0.25,0.08333333333333334
609330,GGG,2013J,0.1,0.09090909090909091,0.09523809523809525
609354,DDD,2014B,0.0,0.0,0.0
609383,EEE,2014B,0.0,0.0,0.0
609399,GGG,2013J,0.05,0.08333333333333333,0.0625
609403,BBB,2014J,0.1,0.08333333333333333,0.0909090909090909
609403,GGG,2013J,0.25,0.23809523809523808,0.24390243902439024
609416,FFF,2013J,0.05,0.03125,0.038461538461538464
609422,BBB,2014B,0.0,0.0,0.0
609426,BBB,2014B,0.0,0.0,0.0
609439,FFF,2013J,0.1,0.06451612903225806,0.0784313725490196
609450,EEE,2014B,0.0,0.0,0.0
609456,CCC,2014J,0.3,0.21428571428571427,0.25
609510,BBB,2013J,0.0,0.0,0.0
609515,CCC,2014B,0.15,0.17647058823529413,0.16216216216216214
609527,EEE,2013J,0.05,0.1111111111111111,0.06896551724137932
609535,GGG,2013J,0.0,0.0,0.0
609537,CCC,2014J,0.35,0.1794871794871795,0.23728813559322035
609537,FFF,2013J,0.15,0.05660377358490566,0.0821917808219178
609538,GGG,2013J,0.1,0.1111111111111111,0.10526315789473685
609556,DDD,2014J,0.15,0.06521739130434782,0.09090909090909091
609557,GGG,2013J,0.1,0.125,0.11111111111111112
609573,DDD,2014B,0.05,0.03225806451612903,0.0392156862745098
609593,DDD,2013J,0.1,0.08,0.08888888888888889
609596,BBB,2014B,0.05,0.0625,0.05555555555555556
609602,CCC,2014B,0.05,0.1111111111111111,0.06896551724137932
609605,CCC,2014J,0.0,0.0,0.0
609605,EEE,2014J,0.1,0.2857142857142857,0.14814814814814817
609645,CCC,2014B,0.0,0.0,0.0
609645,EEE,2014B,0.05,0.09090909090909091,0.06451612903225806
609679,BBB,2013J,0.2,0.18181818181818182,0.1904761904761905
609682,EEE,2013J,0.15,0.25,0.18749999999999997
609704,BBB,2013J,0.0,0.0,0.0
609743,FFF,2013J,0.0,0.0,0.0
609754,GGG,2014B,0.25,0.21739130434782608,0.23255813953488372
609761,GGG,2013J,0.1,0.11764705882352941,0.1081081081081081
609797,DDD,2013J,0.0,0.0,0.0
609804,BBB,2013J,0.0,0.0,0.0
609811,BBB,2013J,0.05,0.04,0.044444444444444446
609812,BBB,2013J,0.0,0.0,0.0
609815,BBB,2013J,0.05,0.07142857142857142,0.058823529411764705
609817,BBB,2013J,0.0,0.0,0.0
609837,GGG,2013J,0.05,0.16666666666666666,0.07692307692307691
609852,CCC,2014J,0.2,0.2,0.20000000000000004
609852,DDD,2014B,0.3,0.08571428571428572,0.13333333333333333
609864,BBB,2013J,0.0,0.0,0.0
609871,BBB,2013J,0.05,0.16666666666666666,0.07692307692307691
609882,FFF,2013J,0.05,0.015384615384615385,0.023529411764705885
609891,CCC,2014J,0.25,0.21739130434782608,0.23255813953488372
609891,FFF,2014B,0.05,0.029411764705882353,0.03703703703703704
609900,GGG,2013J,0.1,0.2,0.13333333333333333
609908,FFF,2013J,0.1,0.045454545454545456,0.06250000000000001
609912,GGG,2013J,0.2,0.13793103448275862,0.16326530612244897
609927,BBB,2014J,0.05,0.07692307692307693,0.060606060606060615
609932,DDD,2013J,0.0,0.0,0.0
609969,CCC,2014J,0.25,0.21739130434782608,0.23255813953488372
609969,DDD,2013J,0.05,0.05,0.05000000000000001
609985,FFF,2013J,0.1,0.08,0.08888888888888889
610012,GGG,2013J,0.15,0.21428571428571427,0.1764705882352941
610019,CCC,2014J,0.1,0.08,0.08888888888888889
610019,DDD,2013J,0.15,0.08108108108108109,0.10526315789473685
610025,EEE,2013J,0.05,1.0,0.09523809523809523
610032,BBB,2013J,0.0,0.0,0.0
610033,CCC,2014J,0.1,0.1,0.10000000000000002
610057,GGG,2013J,0.05,0.07692307692307693,0.060606060606060615
610059,BBB,2013J,0.0,0.0,0.0
610094,FFF,2014B,0.05,0.05555555555555555,0.052631578947368425
610097,FFF,2013J,0.1,0.05,0.06666666666666667
610099,CCC,2014B,0.3,0.17142857142857143,0.21818181818181817
610099,FFF,2013J,0.25,0.08620689655172414,0.12820512820512822
610127,GGG,2014B,0.2,0.36363636363636365,0.25806451612903225
610158,EEE,2013J,0.1,0.25,0.14285714285714288
610172,FFF,2013J,0.1,0.058823529411764705,0.07407407407407408
610188,EEE,2013J,0.15,0.2727272727272727,0.19354838709677416
610197,DDD,2014J,0.15,0.08571428571428572,0.10909090909090909
610220,DDD,2013J,0.05,0.037037037037037035,0.0425531914893617
610234,CCC,2014J,0.35,0.15217391304347827,0.21212121212121213
610234,EEE,2014B,0.15,0.3333333333333333,0.20689655172413793
610244,FFF,2013J,0.2,0.07547169811320754,0.10958904109589042
610257,DDD,2013J,0.1,0.037037037037037035,0.05405405405405406
610258,FFF,2013J,0.1,0.13333333333333333,0.1142857142857143
610260,BBB,2013J,0.15,0.12,0.1333333333333333
610266,FFF,2013J,0.05,0.04,0.044444444444444446
610272,FFF,2014B,0.0,0.0,0.0
610273,FFF,2014B,0.05,0.027777777777777776,0.03571428571428571
610275,EEE,2014J,0.15,0.2727272727272727,0.19354838709677416
610278,FFF,2013J,0.0,0.0,0.0
610279,CCC,2014J,0.05,0.14285714285714285,0.07407407407407408
610279,DDD,2013J,0.05,0.07142857142857142,0.058823529411764705
610285,DDD,2014B,0.05,0.021739130434782608,0.030303030303030304
610287,CCC,2014J,0.0,0.0,0.0
610287,EEE,2014B,0.1,0.2857142857142857,0.14814814814814817
610287,EEE,2014J,0.1,0.125,0.11111111111111112
610302,GGG,2014J,0.15,0.15789473684210525,0.15384615384615385
610312,FFF,2013J,0.25,0.07042253521126761,0.10989010989010989
610324,FFF,2013J,0.0,0.0,0.0
610326,DDD,2014B,0.1,0.13333333333333333,0.1142857142857143
610347,GGG,2013J,0.05,0.06666666666666667,0.05714285714285715
610362,BBB,2013J,0.05,0.07142857142857142,0.058823529411764705
610373,EEE,2014J,0.25,0.38461538461538464,0.30303030303030304
610380,GGG,2013J,0.0,0.0,0.0
610385,BBB,2014J,0.05,0.0625,0.05555555555555556
610398,GGG,2014B,0.1,0.13333333333333333,0.1142857142857143
610400,FFF,2013J,0.0,0.0,0.0
610405,BBB,2014J,0.2,0.2,0.20000000000000004
610405,GGG,2013J,0.05,0.06666666666666667,0.05714285714285715
610416,BBB,2014B,0.15,0.2727272727272727,0.19354838709677416
610428,BBB,2013J,0.0,0.0,0.0
610453,EEE,2013J,0.2,0.36363636363636365,0.25806451612903225
610470,BBB,2014J,0.05,0.058823529411764705,0.05405405405405405
610503,EEE,2013J,0.0,0.0,0.0
610515,DDD,2014B,0.15,0.08823529411764706,0.11111111111111112
610530,GGG,2013J,0.0,0.0,0.0
610537,DDD,2013J,0.0,0.0,0.0
610545,BBB,2014J,0.05,0.058823529411764705,0.05405405405405405
610549,EEE,2013J,0.0,0.0,0.0
610553,BBB,2013J,0.0,0.0,0.0
610557,GGG,2013J,0.0,0.0,0.0
610569,GGG,2013J,0.2,0.16666666666666666,0.1818181818181818
610575,CCC,2014B,0.0,0.0,0.0
610575,EEE,2013J,0.05,0.09090909090909091,0.06451612903225806
610595,DDD,2013J,0.2,0.08163265306122448,0.11594202898550723
610597,GGG,2013J,0.1,0.11764705882352941,0.1081081081081081
610603,DDD,2013J,0.05,0.07142857142857142,0.058823529411764705
610637,FFF,2013J,0.05,0.043478260869565216,0.046511627906976744
610643,CCC,2014J,0.1,0.25,0.14285714285714288
610643,FFF,2013J,0.05,0.038461538461538464,0.043478260869565216
610650,CCC,2014J,0.0,0.0,0.0
610672,EEE,2014J,0.4,0.5,0.4444444444444445
610681,CCC,2014J,0.05,0.3333333333333333,0.08695652173913045
610684,EEE,2014B,0.4,0.5333333333333333,0.4571428571428572
610687,FFF,2013J,0.25,0.13157894736842105,0.1724137931034483
610725,BBB,2013J,0.05,0.5,0.09090909090909091
610739,GGG,2013J,0.15,0.3,0.2
610745,BBB,2013J,0.05,0.06666666666666667,0.05714285714285715
610746,FFF,2013J,0.3,0.07894736842105263,0.125
610749,GGG,2013J,0.1,0.10526315789473684,0.10256410256410256
610750,BBB,2013J,0.1,0.1,0.10000000000000002
610759,BBB,2014B,0.05,0.05555555555555555,0.052631578947368425
610763,BBB,2013J,0.0,0.0,0.0
610771,FFF,2014B,0.1,0.08,0.08888888888888889
610775,FFF,2014B,0.0,0.0,0.0
610780,BBB,2013J,0.0,0.0,0.0
610802,BBB,2014B,0.0,0.0,0.0
610828,DDD,2014J,0.05,0.045454545454545456,0.04761904761904762
610855,EEE,2013J,0.1,0.2222222222222222,0.13793103448275865
610870,DDD,2013J,0.0,0.0,0.0
610873,EEE,2013J,0.0,0.0,0.0
610881,CCC,2014J,0.25,0.19230769230769232,0.2173913043478261
610904,CCC,2014J,0.15,0.0967741935483871,0.11764705882352941
610904,EEE,2014J,0.1,0.2,0.13333333333333333
610906,BBB,2013J,0.0,0.0,0.0
610931,DDD,2014B,0.05,0.02631578947368421,0.034482758620689655
610933,FFF,2013J,0.0,0.0,0.0
610992,FFF,2014B,0.05,0.04,0.044444444444444446
611012,BBB,2013J,0.1,0.13333333333333333,0.1142857142857143
611013,DDD,2014J,0.0,0.0,0.0
611017,BBB,2013J,0.05,0.05,0.05000000000000001
611023,BBB,2013J,0.0,0.0,0.0
611024,EEE,2014B,0.15,0.3,0.2
611033,CCC,2014J,0.05,0.14285714285714285,0.07407407407407408
611033,EEE,2013J,0.15,0.21428571428571427,0.1764705882352941
611039,FFF,2013J,0.1,0.08333333333333333,0.0909090909090909
611049,EEE,2013J,0.1,0.2,0.13333333333333333
611060,BBB,2013J,0.15,0.11538461538461539,0.13043478260869565
611062,EEE,2013J,0.05,0.16666666666666666,0.07692307692307691
611159,DDD,2014J,0.1,0.1,0.10000000000000002
611162,DDD,2013J,0.0,0.0,0.0
611162,EEE,2014J,0.25,0.2631578947368421,0.25641025641025644
611173,CCC,2014J,0.0,0.0,0.0
611176,CCC,2014B,0.0,0.0,0.0
611177,GGG,2013J,0.0,0.0,0.0
611185,FFF,2014B,0.15,0.07317073170731707,0.09836065573770492
611195,GGG,2014B,0.05,0.1111111111111111,0.06896551724137932
611202,EEE,2013J,0.2,0.5,0.28571428571428575
611215,GGG,2013J,0.1,0.09090909090909091,0.09523809523809525
611218,GGG,2013J,0.05,0.058823529411764705,0.05405405405405405
611226,FFF,2013J,0.05,0.014285714285714285,0.02222222222222222
611228,BBB,2013J,0.05,0.3333333333333333,0.08695652173913045
611241,BBB,2014J,0.05,0.058823529411764705,0.05405405405405405
611241,GGG,2013J,0.05,0.09090909090909091,0.06451612903225806
611244,DDD,2013J,0.0,0.0,0.0
611255,CCC,2014J,0.15,0.1111111111111111,0.12765957446808512
611255,EEE,2013J,0.15,0.3333333333333333,0.20689655172413793
611259,DDD,2013J,0.1,0.0625,0.07692307692307693
611260,CCC,2014B,0.1,0.15384615384615385,0.12121212121212123
611268,BBB,2013J,0.05,0.05,0.05000000000000001
611268,BBB,2014J,0.05,0.041666666666666664,0.04545454545454545
611271,DDD,2013J,0.0,0.0,0.0
611284,DDD,2013J,0.1,0.047619047619047616,0.06451612903225806
611309,FFF,2013J,0.0,0.0,0.0
611315,BBB,2013J,0.0,0.0,0.0
611329,BBB,2014J,0.1,0.09090909090909091,0.09523809523809525
611344,EEE,2013J,0.15,0.3,0.2
611348,BBB,2014B,0.0,0.0,0.0
611350,FFF,2014B,0.05,0.020833333333333332,0.029411764705882353
611377,DDD,2014B,0.05,0.038461538461538464,0.043478260869565216
611383,BBB,2013J,0.05,0.05263157894736842,0.05128205128205128
611396,FFF,2013J,0.05,0.03125,0.038461538461538464
611402,CCC,2014B,0.2,0.19047619047619047,0.1951219512195122
611402,EEE,2013J,0.2,0.25,0.22222222222222224
611405,EEE,2014J,0.25,0.3333333333333333,0.28571428571428575
611407,CCC,2014J,0.25,0.29411764705882354,0.27027027027027023
611407,EEE,2014B,0.15,0.375,0.21428571428571425
611408,DDD,2013J,0.05,0.058823529411764705,0.05405405405405405
611417,CCC,2014J,0.3,0.20689655172413793,0.24489795918367346
611464,DDD,2013J,0.0,0.0,0.0
611475,BBB,2014B,0.0,0.0,0.0
611478,DDD,2013J,0.05,0.058823529411764705,0.05405405405405405
611489,GGG,2014B,0.2,0.23529411764705882,0.2162162162162162
611496,GGG,2014B,0.1,0.13333333333333333,0.1142857142857143
611502,EEE,2014B,0.2,0.4,0.26666666666666666
611517,FFF,2014B,0.0,0.0,0.0
611531,BBB,2013J,0.05,0.041666666666666664,0.04545454545454545
611542,CCC,2014J,0.15,0.15,0.15
611542,FFF,2014B,0.15,0.15789473684210525,0.15384615384615385
611564,EEE,2013J,0.0,0.0,0.0
611580,GGG,2013J,0.1,0.125,0.11111111111111112
611588,DDD,2014J,0.0,0.0,0.0
611593,CCC,2014J,0.05,0.05,0.05000000000000001
611593,DDD,2013J,0.0,0.0,0.0
611595,FFF,2014B,0.05,0.03333333333333333,0.04
611603,FFF,2014J,0.1,0.07142857142857142,0.08333333333333333
611612,GGG,2014B,0.1,0.1,0.10000000000000002
611635,FFF,2014B,0.2,0.08695652173913043,0.12121212121212122
611639,EEE,2013J,0.05,0.3333333333333333,0.08695652173913045
611688,BBB,2013J,0.0,0.0,0.0
611690,BBB,2013J,0.1,0.1,0.10000000000000002
611763,FFF,2014B,0.0,0.0,0.0
611790,DDD,2014J,0.15,0.07692307692307693,0.1016949152542373
611800,DDD,2014J,0.2,0.1,0.13333333333333333
611813,CCC,2014J,0.1,0.05555555555555555,0.07142857142857142
611813,FFF,2014B,0.1,0.043478260869565216,0.06060606060606061
611821,BBB,2014J,0.0,0.0,0.0
611845,DDD,2014B,0.1,0.05263157894736842,0.06896551724137931
611879,DDD,2014B,0.15,0.08333333333333333,0.10714285714285714
611961,EEE,2014J,0.15,0.3,0.2
611962,GGG,2014B,0.25,0.16129032258064516,0.19607843137254902
611967,GGG,2014J,0.1,0.15384615384615385,0.12121212121212123
611982,DDD,2014J,0.05,0.09090909090909091,0.06451612903225806
611999,EEE,2014B,0.05,0.09090909090909091,0.06451612903225806
612000,DDD,2014B,0.05,0.030303030303030304,0.03773584905660378
612002,GGG,2014B,0.2,0.23529411764705882,0.2162162162162162
612023,EEE,2014B,0.0,0.0,0.0
612039,GGG,2014B,0.05,0.09090909090909091,0.06451612903225806
612048,EEE,2013J,0.15,0.21428571428571427,0.1764705882352941
612082,BBB,2014B,0.1,0.07142857142857142,0.08333333333333333
612089,GGG,2014B,0.1,0.25,0.14285714285714288
612119,CCC,2014B,0.1,0.2222222222222222,0.13793103448275865
612127,EEE,2014B,0.05,0.14285714285714285,0.07407407407407408
612135,BBB,2014J,0.1,0.1111111111111111,0.10526315789473685
612136,DDD,2014B,0.05,0.02702702702702703,0.03508771929824561
612177,CCC,2014J,0.05,0.1111111111111111,0.06896551724137932
612177,EEE,2013J,0.1,0.4,0.16000000000000003
612179,CCC,2014J,0.15,0.17647058823529413,0.16216216216216214
612183,CCC,2014J,0.15,0.06382978723404255,0.08955223880597013
612183,EEE,2013J,0.15,0.23076923076923078,0.18181818181818185
612187,CCC,2014J,0.2,0.23529411764705882,0.2162162162162162
612187,EEE,2013J,0.05,0.125,0.07142857142857144
612210,BBB,2013J,0.0,0.0,0.0
612217,BBB,2013J,0.0,0.0,0.0
612230,BBB,2014J,0.05,0.09090909090909091,0.06451612903225806
612235,GGG,2014J,0.1,0.13333333333333333,0.1142857142857143
612247,BBB,2014J,0.25,0.22727272727272727,0.23809523809523808
612248,FFF,2014B,0.1,0.1111111111111111,0.10526315789473685
612252,BBB,2013J,0.0,0.0,0.0
612255,BBB,2013J,0.05,0.045454545454545456,0.04761904761904762
612319,GGG,2014B,0.0,0.0,0.0
612326,DDD,2014B,0.35,0.08860759493670886,0.1414141414141414
612327,CCC,2014J,0.2,0.09302325581395349,0.12698412698412698
612327,EEE,2014B,0.1,0.25,0.14285714285714288
612355,BBB,2013J,0.0,0.0,0.0
612361,BBB,2013J,0.0,0.0,0.0
612370,BBB,2014B,0.05,0.3333333333333333,0.08695652173913045
612429,GGG,2014J,0.4,0.23529411764705882,0.29629629629629634
612439,DDD,2014B,0.05,0.08333333333333333,0.0625
612443,DDD,2014J,0.0,0.0,0.0
612449,EEE,2014B,0.25,0.5555555555555556,0.3448275862068966
612484,BBB,2013J,0.05,0.07142857142857142,0.058823529411764705
612488,BBB,2013J,0.05,0.09090909090909091,0.06451612903225806
612517,BBB,2013J,0.0,0.0,0.0
612528,FFF,2014B,0.1,0.06451612903225806,0.0784313725490196
612530,FFF,2014B,0.1,0.06451612903225806,0.0784313725490196
612535,FFF,2014B,0.25,0.2777777777777778,0.2631578947368421
612538,FFF,2014B,0.0,0.0,0.0
612539,FFF,2014B,0.05,0.04,0.044444444444444446
612540,FFF,2014B,0.0,0.0,0.0
612542,FFF,2014B,0.0,0.0,0.0
612543,FFF,2014B,0.1,0.14285714285714285,0.11764705882352941
612545,FFF,2014B,0.05,0.14285714285714285,0.07407407407407408
612547,FFF,2014B,0.0,0.0,0.0
612549,FFF,2014B,0.0,0.0,0.0
612565,GGG,2014B,0.1,0.15384615384615385,0.12121212121212123
612566,BBB,2014J,0.1,0.125,0.11111111111111112
612621,GGG,2014B,0.3,0.375,0.33333333333333326
612644,CCC,2014B,0.0,0.0,0.0
612644,EEE,2014B,0.05,0.25,0.08333333333333334
612656,BBB,2013J,0.1,0.13333333333333333,0.1142857142857143
612658,BBB,2013J,0.15,0.16666666666666666,0.15789473684210525
612661,BBB,2013J,0.0,0.0,0.0
612684,BBB,2013J,0.25,0.21739130434782608,0.23255813953488372
612690,GGG,2014B,0.1,0.2,0.13333333333333333
612717,DDD,2014J,0.1,0.0625,0.07692307692307693
612721,BBB,2014B,0.15,0.11538461538461539,0.13043478260869565
612740,FFF,2014B,0.15,0.05263157894736842,0.0779220779220779
612750,BBB,2014J,0.2,0.21052631578947367,0.20512820512820512
612756,BBB,2014B,0.05,0.043478260869565216,0.046511627906976744
612757,BBB,2013J,0.1,0.08,0.08888888888888889
612797,GGG,2014B,0.1,0.14285714285714285,0.11764705882352941
612798,CCC,2014J,0.2,0.13793103448275862,0.16326530612244897
612814,CCC,2014B,0.3,0.2857142857142857,0.2926829268292683
612841,BBB,2014B,0.0,0.0,0.0
612842,FFF,2014J,0.05,0.05,0.05000000000000001
612860,CCC,2014J,0.05,0.07142857142857142,0.058823529411764705
612862,BBB,2014B,0.1,0.10526315789473684,0.10256410256410256
612870,GGG,2014B,0.1,0.09090909090909091,0.09523809523809525
612891,BBB,2013J,0.1,0.044444444444444446,0.061538461538461535
612903,GGG,2014B,0.1,0.16666666666666666,0.125
612919,BBB,2014B,0.05,0.0625,0.05555555555555556
612929,GGG,2014B,0.05,0.07142857142857142,0.058823529411764705
612982,FFF,2014B,0.05,0.043478260869565216,0.046511627906976744
612986,GGG,2013J,0.1,0.1,0.10000000000000002
613015,GGG,2014B,0.1,0.18181818181818182,0.12903225806451613
613027,GGG,2014J,0.2,0.36363636363636365,0.25806451612903225
613038,BBB,2014B,0.0,0.0,0.0
613047,BBB,2014B,0.0,0.0,0.0
613059,GGG,2014J,0.3,0.3157894736842105,0.3076923076923077
613093,BBB,2014B,0.0,0.0,0.0
613102,BBB,2014J,0.1,0.3333333333333333,0.15384615384615383
613107,DDD,2014B,0.1,0.047619047619047616,0.06451612903225806
613122,CCC,2014J,0.2,0.2857142857142857,0.23529411764705882
613122,EEE,2014B,0.4,0.5714285714285714,0.47058823529411764
613131,GGG,2014B,0.3,0.3,0.3
613133,CCC,2014B,0.1,0.09090909090909091,0.09523809523809525
613133,EEE,2014B,0.25,0.625,0.35714285714285715
613135,BBB,2014J,0.0,0.0,0.0
613158,BBB,2013J,0.0,0.0,0.0
613160,BBB,2013J,0.05,0.25,0.08333333333333334
613162,BBB,2014B,0.0,0.0,0.0
613164,BBB,2013J,0.0,0.0,0.0
613165,FFF,2014J,0.0,0.0,0.0
613170,BBB,2014B,0.05,0.16666666666666666,0.07692307692307691
613171,BBB,2013J,0.05,0.03225806451612903,0.0392156862745098
613173,BBB,2013J,0.05,0.07692307692307693,0.060606060606060615
613175,BBB,2013J,0.0,0.0,0.0
613177,BBB,2013J,0.0,0.0,0.0
613196,BBB,2013J,0.05,0.25,0.08333333333333334
613199,BBB,2014B,0.0,0.0,0.0
613200,BBB,2013J,0.05,0.08333333333333333,0.0625
613203,BBB,2013J,0.1,0.18181818181818182,0.12903225806451613
613205,BBB,2014B,0.0,0.0,0.0
613208,BBB,2013J,0.0,0.0,0.0
613213,EEE,2014B,0.0,0.0,0.0
613235,GGG,2014B,0.25,0.22727272727272727,0.23809523809523808
613237,CCC,2014J,0.15,0.10344827586206896,0.12244897959183673
613255,FFF,2014B,0.15,0.11538461538461539,0.13043478260869565
613293,BBB,2013J,0.0,0.0,0.0
613300,GGG,2014B,0.1,0.13333333333333333,0.1142857142857143
613313,DDD,2014B,0.15,0.11538461538461539,0.13043478260869565
613330,FFF,2014J,0.05,0.05555555555555555,0.052631578947368425
613355,BBB,2014B,0.05,0.2,0.08000000000000002
613370,CCC,2014J,0.1,0.08333333333333333,0.0909090909090909
613370,DDD,2014B,0.3,0.15384615384615385,0.2033898305084746
613416,BBB,2013J,0.0,0.0,0.0
613418,BBB,2013J,0.05,0.07692307692307693,0.060606060606060615
613426,BBB,2014B,0.05,0.1,0.06666666666666667
613461,CCC,2014B,0.0,0.0,0.0
613461,FFF,2014B,0.1,0.06896551724137931,0.08163265306122448
613464,FFF,2014B,0.0,0.0,0.0
613466,DDD,2014B,0.25,0.09803921568627451,0.14084507042253522
613501,CCC,2014B,0.1,0.2,0.13333333333333333
613501,EEE,2014B,0.2,0.4,0.26666666666666666
613593,FFF,2014B,0.05,0.045454545454545456,0.04761904761904762
613611,GGG,2014B,0.05,1.0,0.09523809523809523
613616,GGG,2014B,0.2,0.2222222222222222,0.2105263157894737
613630,FFF,2014B,0.3,0.0625,0.10344827586206896
613634,FFF,2014J,0.1,0.043478260869565216,0.06060606060606061
613646,GGG,2014B,0.25,0.35714285714285715,0.2941176470588235
613667,CCC,2014J,0.0,0.0,0.0
613667,DDD,2014B,0.0,0.0,0.0
613677,FFF,2014B,0.0,0.0,0.0
613683,GGG,2014B,0.1,0.16666666666666666,0.125
613691,GGG,2014B,0.1,0.14285714285714285,0.11764705882352941
613703,BBB,2014B,0.0,0.0,0.0
613718,BBB,2014B,0.0,0.0,0.0
613720,GGG,2014B,0.4,0.42105263157894735,0.41025641025641024
613722,BBB,2014B,0.1,0.6666666666666666,0.1739130434782609
613728,GGG,2014J,0.25,0.5555555555555556,0.3448275862068966
613735,BBB,2013J,0.0,0.0,0.0
613738,BBB,2013J,0.0,0.0,0.0
613743,BBB,2014B,0.05,0.037037037037037035,0.0425531914893617
613806,CCC,2014J,0.35,0.175,0.23333333333333334
613834,DDD,2014B,0.15,0.125,0.13636363636363635
613856,BBB,2014B,0.0,0.0,0.0
613865,FFF,2014B,0.05,0.037037037037037035,0.0425531914893617
613874,BBB,2014B,0.05,0.07142857142857142,0.058823529411764705
613881,BBB,2014B,0.0,0.0,0.0
613899,FFF,2014J,0.25,0.1,0.14285714285714288
613900,FFF,2014B,0.05,0.1,0.06666666666666667
613909,BBB,2014J,0.15,0.16666666666666666,0.15789473684210525
613928,FFF,2014B,0.1,0.05555555555555555,0.07142857142857142
613946,BBB,2014B,0.05,0.07692307692307693,0.060606060606060615
613952,FFF,2014B,0.05,0.14285714285714285,0.07407407407407408
613953,EEE,2014J,0.2,0.2857142857142857,0.23529411764705882
613954,CCC,2014J,0.05,0.07142857142857142,0.058823529411764705
613981,GGG,2014B,0.15,0.23076923076923078,0.18181818181818185
613988,GGG,2014B,0.3,0.24,0.2666666666666666
614013,BBB,2013J,0.2,0.1,0.13333333333333333
614039,BBB,2014B,0.0,0.0,0.0
614059,CCC,2014B,0.0,0.0,0.0
614059,FFF,2014J,0.05,0.02857142857142857,0.03636363636363636
614064,BBB,2013J,0.1,0.1,0.10000000000000002
614072,BBB,2013J,0.05,0.03225806451612903,0.0392156862745098
614074,DDD,2014B,0.15,0.07692307692307693,0.1016949152542373
614117,BBB,2014B,0.0,0.0,0.0
614129,GGG,2014B,0.1,0.3333333333333333,0.15384615384615383
614130,BBB,2014B,0.0,0.0,0.0
614142,GGG,2014B,0.0,0.0,0.0
614159,BBB,2014J,0.0,0.0,0.0
614162,GGG,2014B,0.0,0.0,0.0
614163,FFF,2014B,0.1,0.08333333333333333,0.0909090909090909
614176,DDD,2014B,0.0,0.0,0.0
614181,EEE,2014J,0.05,0.07142857142857142,0.058823529411764705
614181,FFF,2014B,0.05,0.024390243902439025,0.03278688524590164
614204,GGG,2014B,0.2,0.2,0.20000000000000004
614212,BBB,2014B,0.0,0.0,0.0
614234,EEE,2014B,0.25,0.4166666666666667,0.3125
614241,DDD,2014B,0.0,0.0,0.0
614245,EEE,2014B,0.1,0.4,0.16000000000000003
614265,CCC,2014J,0.3,0.20689655172413793,0.24489795918367346
614265,DDD,2014B,0.05,0.038461538461538464,0.043478260869565216
614300,CCC,2014J,0.25,0.2,0.22222222222222224
614300,EEE,2014J,0.0,0.0,0.0
614357,BBB,2014B,0.0,0.0,0.0
614381,FFF,2014B,0.0,0.0,0.0
614398,GGG,2014B,0.15,0.3333333333333333,0.20689655172413793
614419,GGG,2014B,0.25,0.35714285714285715,0.2941176470588235
614424,GGG,2014B,0.15,0.23076923076923078,0.18181818181818185
614458,CCC,2014J,0.15,0.07894736842105263,0.10344827586206896
614471,DDD,2014J,0.0,0.0,0.0
614477,CCC,2014B,0.05,0.06666666666666667,0.05714285714285715
614495,BBB,2013J,0.05,0.1111111111111111,0.06896551724137932
614546,BBB,2013J,0.15,0.11538461538461539,0.13043478260869565
614556,BBB,2013J,0.1,0.13333333333333333,0.1142857142857143
614571,GGG,2014B,0.05,0.1,0.06666666666666667
614582,GGG,2014B,0.15,0.3,0.2
614583,BBB,2014B,0.05,0.1111111111111111,0.06896551724137932
614601,BBB,2014B,0.0,0.0,0.0
614629,BBB,2014B,0.0,0.0,0.0
614668,BBB,2014B,0.0,0.0,0.0
614693,BBB,2014B,0.1,0.18181818181818182,0.12903225806451613
614728,BBB,2014B,0.05,0.09090909090909091,0.06451612903225806
614732,BBB,2014B,0.1,0.15384615384615385,0.12121212121212123
614734,BBB,2014B,0.0,0.0,0.0
614738,BBB,2014B,0.05,0.0625,0.05555555555555556
614741,BBB,2014B,0.05,0.07692307692307693,0.060606060606060615
614742,BBB,2014B,0.0,0.0,0.0
614744,BBB,2014B,0.0,0.0,0.0
614754,EEE,2014B,0.15,0.3333333333333333,0.20689655172413793
614764,FFF,2014B,0.2,0.26666666666666666,0.2285714285714286
614791,DDD,2014J,0.0,0.0,0.0
614798,GGG,2014J,0.1,0.14285714285714285,0.11764705882352941
614801,FFF,2014B,0.05,0.08333333333333333,0.0625
614804,CCC,2014J,0.1,0.2222222222222222,0.13793103448275865
614804,DDD,2014B,0.1,0.05405405405405406,0.07017543859649122
614808,DDD,2014B,0.05,0.04,0.044444444444444446
614812,FFF,2014B,0.0,0.0,0.0
614844,CCC,2014B,0.35,0.2692307692307692,0.3043478260869565
614871,BBB,2014B,0.0,0.0,0.0
614887,FFF,2014B,0.1,0.14285714285714285,0.11764705882352941
614892,GGG,2014B,0.2,0.23529411764705882,0.2162162162162162
614893,GGG,2014B,0.25,0.35714285714285715,0.2941176470588235
614909,BBB,2014B,0.05,0.0625,0.05555555555555556
614949,DDD,2014B,0.0,0.0,0.0
614984,FFF,2014J,0.05,0.1111111111111111,0.06896551724137932
615001,GGG,2014B,0.05,0.1,0.06666666666666667
615025,BBB,2014B,0.0,0.0,0.0
615028,BBB,2014B,0.0,0.0,0.0
615031,CCC,2014B,0.0,0.0,0.0
615075,CCC,2014J,0.1,0.2222222222222222,0.13793103448275865
615075,DDD,2014B,0.05,0.045454545454545456,0.04761904761904762
615078,GGG,2014B,0.25,0.3333333333333333,0.28571428571428575
615090,BBB,2014B,0.05,0.3333333333333333,0.08695652173913045
615103,GGG,2014B,0.05,0.06666666666666667,0.05714285714285715
615127,BBB,2013J,0.0,0.0,0.0
615173,BBB,2014B,0.0,0.0,0.0
615225,FFF,2014B,0.15,0.1,0.12
615229,CCC,2014B,0.05,0.05,0.05000000000000001
615229,EEE,2014B,0.15,0.3,0.2
615241,CCC,2014J,0.15,0.17647058823529413,0.16216216216216214
615241,FFF,2014B,0.1,0.09090909090909091,0.09523809523809525
615242,EEE,2014B,0.0,0.0,0.0
615249,CCC,2014B,0.15,0.23076923076923078,0.18181818181818185
615259,BBB,2014B,0.0,0.0,0.0
615266,FFF,2014J,0.15,0.15,0.15
615283,GGG,2014B,0.25,0.2777777777777778,0.2631578947368421
615299,FFF,2014J,0.2,0.1111111111111111,0.14285714285714285
615300,GGG,2014B,0.15,0.2,0.17142857142857143
615301,FFF,2014J,0.15,0.075,0.1
615302,FFF,2014J,0.25,0.23809523809523808,0.24390243902439024
615306,FFF,2014J,0.15,0.10344827586206896,0.12244897959183673
615327,GGG,2014B,0.15,0.15789473684210525,0.15384615384615385
615328,FFF,2014J,0.0,0.0,0.0
615340,FFF,2014J,0.05,0.03333333333333333,0.04
615342,FFF,2014J,0.05,0.06666666666666667,0.05714285714285715
615356,FFF,2014J,0.1,0.08695652173913043,0.09302325581395349
615377,GGG,2014B,0.25,0.21739130434782608,0.23255813953488372
615425,GGG,2014B,0.05,0.16666666666666666,0.07692307692307691
615429,EEE,2014J,0.0,0.0,0.0
615437,CCC,2014B,0.1,0.13333333333333333,0.1142857142857143
615439,FFF,2014B,0.0,0.0,0.0
615443,BBB,2014B,0.0,0.0,0.0
616334,DDD,2014B,0.0,0.0,0.0
616338,GGG,2014B,0.05,0.25,0.08333333333333334
616342,BBB,2013J,0.0,0.0,0.0
616377,BBB,2014B,0.0,0.0,0.0
616383,FFF,2014B,0.15,0.09090909090909091,0.11320754716981132
616386,CCC,2014J,0.15,0.08571428571428572,0.10909090909090909
616386,EEE,2014B,0.05,0.16666666666666666,0.07692307692307691
616407,EEE,2014B,0.05,0.25,0.08333333333333334
616439,CCC,2014J,0.1,0.25,0.14285714285714288
616439,EEE,2014B,0.25,0.5555555555555556,0.3448275862068966
616453,FFF,2014B,0.0,0.0,0.0
616457,GGG,2014B,0.0,0.0,0.0
616511,BBB,2014B,0.05,0.2,0.08000000000000002
616512,GGG,2014B,0.25,0.4166666666666667,0.3125
616517,FFF,2014J,0.2,0.12121212121212122,0.15094339622641512
616536,BBB,2014B,0.0,0.0,0.0
616542,DDD,2014B,0.05,0.3333333333333333,0.08695652173913045
616595,GGG,2014B,0.2,0.25,0.22222222222222224
616629,GGG,2014B,0.2,0.19047619047619047,0.1951219512195122
616646,FFF,2014B,0.05,0.16666666666666666,0.07692307692307691
616658,CCC,2014J,0.2,0.12903225806451613,0.1568627450980392
616658,DDD,2014B,0.05,0.043478260869565216,0.046511627906976744
616660,BBB,2014J,0.1,0.09523809523809523,0.0975609756097561
616670,BBB,2014B,0.1,0.18181818181818182,0.12903225806451613
616672,GGG,2014B,0.15,0.25,0.18749999999999997
616688,FFF,2014B,0.1,0.1111111111111111,0.10526315789473685
616706,GGG,2014B,0.1,0.1,0.10000000000000002
616727,GGG,2014B,0.1,0.18181818181818182,0.12903225806451613
616735,BBB,2013J,0.05,0.05555555555555555,0.052631578947368425
616739,BBB,2014B,0.05,0.14285714285714285,0.07407407407407408
616742,GGG,2014B,0.1,0.1111111111111111,0.10526315789473685
616789,CCC,2014J,0.15,0.14285714285714285,0.14634146341463414
616789,FFF,2014B,0.05,0.03571428571428571,0.041666666666666664
616794,FFF,2014B,0.1,0.06666666666666667,0.08
616831,CCC,2014B,0.05,0.1,0.06666666666666667
616831,EEE,2014B,0.1,0.14285714285714285,0.11764705882352941
616851,GGG,2014B,0.15,0.2,0.17142857142857143
616866,GGG,2014B,0.2,0.18181818181818182,0.1904761904761905
616870,CCC,2014J,0.15,0.17647058823529413,0.16216216216216214
616870,DDD,2014B,0.1,0.0392156862745098,0.05633802816901408
616909,FFF,2014B,0.0,0.0,0.0
616912,FFF,2014J,0.1,0.09523809523809523,0.0975609756097561
616913,FFF,2014B,0.0,0.0,0.0
616914,BBB,2014B,0.0,0.0,0.0
616919,BBB,2014B,0.0,0.0,0.0
616952,DDD,2014B,0.3,0.10909090909090909,0.16
617010,FFF,2014J,0.15,0.1111111111111111,0.12765957446808512
617012,BBB,2014B,0.2,0.14814814814814814,0.1702127659574468
617014,FFF,2014B,0.15,0.075,0.1
617018,FFF,2014B,0.0,0.0,0.0
617116,BBB,2013J,0.0,0.0,0.0
617119,FFF,2014J,0.2,0.10256410256410256,0.13559322033898302
617130,CCC,2014J,0.05,0.07692307692307693,0.060606060606060615
617130,FFF,2014B,0.0,0.0,0.0
617190,BBB,2014B,0.1,0.1,0.10000000000000002
617201,FFF,2014B,0.05,0.043478260869565216,0.046511627906976744
617225,BBB,2014B,0.05,0.3333333333333333,0.08695652173913045
617238,GGG,2014B,0.0,0.0,0.0
617287,BBB,2014B,0.05,0.08333333333333333,0.0625
617297,BBB,2014J,0.0,0.0,0.0
617318,FFF,2014B,0.25,0.1282051282051282,0.1694915254237288
617327,DDD,2014B,0.0,0.0,0.0
617348,CCC,2014B,0.1,0.14285714285714285,0.11764705882352941
617355,CCC,2014B,0.15,0.21428571428571427,0.1764705882352941
617355,EEE,2014B,0.15,0.375,0.21428571428571425
617365,CCC,2014B,0.0,0.0,0.0
617365,EEE,2014B,0.05,0.14285714285714285,0.07407407407407408
617382,FFF,2014B,0.1,0.06451612903225806,0.0784313725490196
617391,GGG,2014B,0.05,0.14285714285714285,0.07407407407407408
617416,CCC,2014B,0.0,0.0,0.0
617418,EEE,2014B,0.1,0.6666666666666666,0.1739130434782609
617442,DDD,2014B,0.0,0.0,0.0
617455,EEE,2014B,0.35,0.3333333333333333,0.3414634146341463
617470,GGG,2014B,0.05,0.1,0.06666666666666667
617472,BBB,2013J,0.0,0.0,0.0
617521,BBB,2014J,0.05,0.038461538461538464,0.043478260869565216
617525,BBB,2014J,0.0,0.0,0.0
617530,BBB,2014J,0.0,0.0,0.0
617531,EEE,2014B,0.0,0.0,0.0
617534,FFF,2014B,0.15,0.11538461538461539,0.13043478260869565
617560,BBB,2014B,0.0,0.0,0.0
617576,BBB,2014B,0.05,0.07142857142857142,0.058823529411764705
617578,GGG,2014B,0.1,0.18181818181818182,0.12903225806451613
617580,FFF,2014J,0.2,0.10256410256410256,0.13559322033898302
617678,FFF,2014B,0.0,0.0,0.0
617699,DDD,2014B,0.15,0.10714285714285714,0.125
617700,GGG,2014B,0.15,0.21428571428571427,0.1764705882352941
617717,BBB,2014B,0.0,0.0,0.0
617734,FFF,2014B,0.05,0.034482758620689655,0.04081632653061224
617740,CCC,2014J,0.15,0.1875,0.16666666666666663
617740,FFF,2014B,0.1,0.1111111111111111,0.10526315789473685
617745,GGG,2014B,0.15,0.13043478260869565,0.13953488372093023
617751,FFF,2014B,0.1,0.1111111111111111,0.10526315789473685
617764,BBB,2014B,0.0,0.0,0.0
617781,CCC,2014B,0.05,0.25,0.08333333333333334
617781,DDD,2014B,0.15,0.15,0.15
617792,BBB,2014B,0.0,0.0,0.0
617801,DDD,2014B,0.15,0.09375,0.11538461538461538
617805,FFF,2014B,0.3,0.13333333333333333,0.18461538461538463
617813,BBB,2014B,0.0,0.0,0.0
617829,FFF,2014B,0.05,0.037037037037037035,0.0425531914893617
617850,DDD,2014J,0.0,0.0,0.0
617868,FFF,2014B,0.0,0.0,0.0
617880,DDD,2014B,0.05,0.07142857142857142,0.058823529411764705
617886,GGG,2014B,0.05,0.05,0.05000000000000001
617888,EEE,2014J,0.15,0.2,0.17142857142857143
617909,GGG,2014B,0.05,0.06666666666666667,0.05714285714285715
617922,FFF,2014J,0.1,0.06451612903225806,0.0784313725490196
617952,DDD,2014J,0.1,0.18181818181818182,0.12903225806451613
617962,GGG,2014J,0.0,0.0,0.0
617965,FFF,2014B,0.05,0.05,0.05000000000000001
617976,FFF,2014B,0.0,0.0,0.0
617998,FFF,2014B,0.2,0.08333333333333333,0.11764705882352941
618004,FFF,2014B,0.05,0.034482758620689655,0.04081632653061224
618005,FFF,2014B,0.15,0.14285714285714285,0.14634146341463414
618015,FFF,2014B,0.0,0.0,0.0
618078,EEE,2014B,0.15,0.375,0.21428571428571425
618088,GGG,2014B,0.25,0.2631578947368421,0.25641025641025644
618096,CCC,2014B,0.1,0.09523809523809523,0.0975609756097561
618124,FFF,2014B,0.0,0.0,0.0
618129,CCC,2014B,0.2,0.16666666666666666,0.1818181818181818
618145,BBB,2014B,0.0,0.0,0.0
618151,BBB,2014B,0.0,0.0,0.0
618176,GGG,2014B,0.2,0.26666666666666666,0.2285714285714286
618197,BBB,2014J,0.1,0.10526315789473684,0.10256410256410256
618205,BBB,2014B,0.0,0.0,0.0
618216,FFF,2014B,0.05,0.02040816326530612,0.02898550724637681
618244,GGG,2014B,0.25,0.2777777777777778,0.2631578947368421
618258,BBB,2014B,0.05,0.0625,0.05555555555555556
618280,FFF,2014B,0.1,0.04081632653061224,0.05797101449275362
618293,FFF,2014B,0.0,0.0,0.0
618295,DDD,2014B,0.05,0.03125,0.038461538461538464
618338,GGG,2014B,0.2,0.12903225806451613,0.1568627450980392
618377,DDD,2014B,0.0,0.0,0.0
618390,FFF,2014B,0.1,0.04,0.05714285714285714
618397,FFF,2014B,0.05,0.045454545454545456,0.04761904761904762
618399,BBB,2014B,0.1,0.1111111111111111,0.10526315789473685
618412,FFF,2014B,0.1,0.08333333333333333,0.0909090909090909
618513,CCC,2014J,0.1,0.1111111111111111,0.10526315789473685
618513,FFF,2014B,0.05,0.037037037037037035,0.0425531914893617
618519,FFF,2014B,0.0,0.0,0.0
618571,CCC,2014B,0.2,0.26666666666666666,0.2285714285714286
618571,EEE,2014B,0.05,0.14285714285714285,0.07407407407407408
618579,GGG,2014B,0.1,0.18181818181818182,0.12903225806451613
618583,EEE,2014B,0.2,0.4,0.26666666666666666
618589,BBB,2014J,0.0,0.0,0.0
618590,FFF,2014B,0.2,0.125,0.15384615384615385
618606,EEE,2014B,0.15,0.6,0.24
618621,GGG,2014B,0.15,0.23076923076923078,0.18181818181818185
618632,BBB,2014B,0.0,0.0,0.0
618649,CCC,2014J,0.1,0.11764705882352941,0.1081081081081081
618649,DDD,2014B,0.05,0.1,0.06666666666666667
618662,FFF,2014B,0.1,0.058823529411764705,0.07407407407407408
618663,FFF,2014J,0.05,0.04,0.044444444444444446
618665,FFF,2014B,0.3,0.1276595744680851,0.17910447761194026
618667,FFF,2014B,0.0,0.0,0.0
618670,BBB,2014B,0.0,0.0,0.0
618675,DDD,2014B,0.05,0.07142857142857142,0.058823529411764705
618683,CCC,2014J,0.25,0.2631578947368421,0.25641025641025644
618683,DDD,2014B,0.1,0.058823529411764705,0.07407407407407408
618734,BBB,2014J,0.0,0.0,0.0
618737,DDD,2014J,0.0,0.0,0.0
618767,GGG,2014B,0.2,0.2857142857142857,0.23529411764705882
618777,CCC,2014J,0.05,0.09090909090909091,0.06451612903225806
618777,EEE,2014B,0.05,0.16666666666666666,0.07692307692307691
618824,CCC,2014B,0.1,0.10526315789473684,0.10256410256410256
618824,EEE,2014B,0.45,0.5625,0.5
618845,DDD,2014B,0.05,0.03125,0.038461538461538464
618846,GGG,2014B,0.0,0.0,0.0
618849,CCC,2014J,0.0,0.0,0.0
618865,CCC,2014J,0.05,0.058823529411764705,0.05405405405405405
618869,BBB,2014B,0.0,0.0,0.0
618875,CCC,2014J,0.25,0.16129032258064516,0.19607843137254902
618875,FFF,2014B,0.15,0.075,0.1
618882,BBB,2014B,0.0,0.0,0.0
618887,GGG,2014B,0.2,0.2,0.20000000000000004
618893,GGG,2014B,0.15,0.1875,0.16666666666666663
618914,FFF,2014B,0.2,0.21052631578947367,0.20512820512820512
618937,DDD,2014B,0.0,0.0,0.0
618940,DDD,2014B,0.1,0.07692307692307693,0.08695652173913043
618951,BBB,2014B,0.05,0.06666666666666667,0.05714285714285715
618981,BBB,2014B,0.15,0.14285714285714285,0.14634146341463414
618982,EEE,2014B,0.25,0.38461538461538464,0.30303030303030304
618989,DDD,2014J,0.1,0.06060606060606061,0.07547169811320756
618994,BBB,2014J,0.2,0.2222222222222222,0.2105263157894737
619013,GGG,2014B,0.1,0.2,0.13333333333333333
619014,CCC,2014B,0.0,0.0,0.0
619014,EEE,2014B,0.0,0.0,0.0
619082,BBB,2013J,0.0,0.0,0.0
619168,EEE,2014J,0.15,0.23076923076923078,0.18181818181818185
619196,BBB,2014B,0.0,0.0,0.0
619204,FFF,2014J,0.0,0.0,0.0
619212,GGG,2014B,0.1,0.18181818181818182,0.12903225806451613
619288,BBB,2014B,0.0,0.0,0.0
619292,EEE,2014B,0.15,0.3,0.2
619292,FFF,2014J,0.15,0.0967741935483871,0.11764705882352941
619297,DDD,2014B,0.1,0.038461538461538464,0.05555555555555555
619303,CCC,2014B,0.05,0.1,0.06666666666666667
619321,FFF,2014J,0.15,0.11538461538461539,0.13043478260869565
619341,FFF,2014B,0.0,0.0,0.0
619359,CCC,2014J,0.05,0.3333333333333333,0.08695652173913045
619359,DDD,2014B,0.05,0.05555555555555555,0.052631578947368425
619363,GGG,2014B,0.2,0.36363636363636365,0.25806451612903225
619380,CCC,2014J,0.2,0.25,0.22222222222222224
619380,EEE,2014B,0.1,0.18181818181818182,0.12903225806451613
619403,DDD,2014B,0.1,0.08333333333333333,0.0909090909090909
619410,FFF,2014B,0.2,0.0975609756097561,0.13114754098360656
619447,CCC,2014B,0.0,0.0,0.0
619461,FFF,2014B,0.1,0.05555555555555555,0.07142857142857142
619471,BBB,2014B,0.0,0.0,0.0
619478,GGG,2014B,0.05,0.125,0.07142857142857144
619481,GGG,2014B,0.0,0.0,0.0
619483,GGG,2014B,0.05,0.0625,0.05555555555555556
619502,FFF,2014J,0.05,0.023809523809523808,0.03225806451612903
619503,EEE,2014B,0.25,0.35714285714285715,0.2941176470588235
619520,GGG,2014B,0.05,0.125,0.07142857142857144
619851,DDD,2014J,0.7,0.053231939163498096,0.0989399293286219
619870,CCC,2014B,0.15,0.21428571428571427,0.1764705882352941
619907,DDD,2014J,0.1,0.06896551724137931,0.08163265306122448
619910,DDD,2014J,0.1,0.06896551724137931,0.08163265306122448
619926,GGG,2014B,0.15,0.17647058823529413,0.16216216216216214
619927,CCC,2014J,0.1,0.14285714285714285,0.11764705882352941
619927,EEE,2014B,0.0,0.0,0.0
619928,CCC,2014J,0.05,0.1111111111111111,0.06896551724137932
619928,EEE,2014B,0.0,0.0,0.0
619935,BBB,2014J,0.2,0.25,0.22222222222222224
619941,BBB,2013J,0.05,0.07142857142857142,0.058823529411764705
619952,GGG,2014B,0.2,0.25,0.22222222222222224
620000,BBB,2014J,0.05,0.058823529411764705,0.05405405405405405
620072,BBB,2014B,0.05,0.125,0.07142857142857144
620073,BBB,2014B,0.05,0.06666666666666667,0.05714285714285715
620081,FFF,2014B,0.0,0.0,0.0
620092,BBB,2014B,0.0,0.0,0.0
620094,FFF,2014J,0.4,0.08791208791208792,0.14414414414414417
620128,BBB,2014B,0.05,0.07692307692307693,0.060606060606060615
620129,BBB,2014B,0.0,0.0,0.0
620148,CCC,2014B,0.0,0.0,0.0
620159,DDD,2014B,0.0,0.0,0.0
620179,GGG,2014B,0.2,0.25,0.22222222222222224
620190,GGG,2014B,0.2,0.2222222222222222,0.2105263157894737
620197,GGG,2014B,0.1,0.14285714285714285,0.11764705882352941
620200,FFF,2014B,0.15,0.07894736842105263,0.10344827586206896
620215,EEE,2014B,0.25,0.38461538461538464,0.30303030303030304
620231,CCC,2014J,0.0,0.0,0.0
620231,DDD,2014B,0.1,0.0625,0.07692307692307693
620239,GGG,2014J,0.2,0.25,0.22222222222222224
620243,CCC,2014J,0.0,0.0,0.0
620243,DDD,2014B,0.0,0.0,0.0
620257,BBB,2014B,0.0,0.0,0.0
620269,FFF,2014J,0.05,0.07692307692307693,0.060606060606060615
620277,FFF,2014B,0.0,0.0,0.0
620317,GGG,2014B,0.35,0.4117647058823529,0.37837837837837834
620337,DDD,2014B,0.05,0.029411764705882353,0.03703703703703704
620343,EEE,2014J,0.0,0.0,0.0
620354,BBB,2014B,0.0,0.0,0.0
620368,CCC,2014B,0.2,0.16666666666666666,0.1818181818181818
620369,CCC,2014B,0.0,0.0,0.0
620369,EEE,2014B,0.0,0.0,0.0
620408,BBB,2014B,0.0,0.0,0.0
620409,BBB,2014B,0.05,0.125,0.07142857142857144
620414,EEE,2014B,0.0,0.0,0.0
620427,BBB,2014B,0.0,0.0,0.0
620431,FFF,2014J,0.1,0.045454545454545456,0.06250000000000001
620437,DDD,2014B,0.0,0.0,0.0
620460,GGG,2014B,0.2,0.23529411764705882,0.2162162162162162
620473,FFF,2014B,0.05,0.03225806451612903,0.0392156862745098
620484,CCC,2014J,0.2,0.3076923076923077,0.24242424242424246
620490,GGG,2014B,0.1,0.2,0.13333333333333333
620507,BBB,2014B,0.0,0.0,0.0
620519,EEE,2014J,0.1,0.25,0.14285714285714288
620522,GGG,2014B,0.05,0.1111111111111111,0.06896551724137932
620552,GGG,2014B,0.05,0.14285714285714285,0.07407407407407408
620561,GGG,2014B,0.2,0.21052631578947367,0.20512820512820512
620564,GGG,2014B,0.0,0.0,0.0
620573,BBB,2014B,0.1,0.10526315789473684,0.10256410256410256
620590,GGG,2014B,0.0,0.0,0.0
620608,DDD,2014B,0.0,0.0,0.0
620629,GGG,2014B,0.2,0.23529411764705882,0.2162162162162162
620630,DDD,2014B,0.35,0.08536585365853659,0.1372549019607843
620646,CCC,2014B,0.0,0.0,0.0
620646,EEE,2014B,0.0,0.0,0.0
620694,BBB,2014B,0.05,0.3333333333333333,0.08695652173913045
620698,BBB,2014J,0.05,0.05,0.05000000000000001
620716,CCC,2014J,0.25,0.2631578947368421,0.25641025641025644
620716,EEE,2014B,0.05,0.5,0.09090909090909091
620726,GGG,2014B,0.15,0.25,0.18749999999999997
620734,DDD,2014B,0.0,0.0,0.0
620740,FFF,2014J,0.1,0.0392156862745098,0.05633802816901408
620782,EEE,2014J,0.05,0.1111111111111111,0.06896551724137932
620801,FFF,2014B,0.2,0.11764705882352941,0.14814814814814817
620808,GGG,2014B,0.0,0.0,0.0
620810,FFF,2014J,0.2,0.11428571428571428,0.14545454545454545
620819,FFF,2014B,0.05,0.03225806451612903,0.0392156862745098
620820,DDD,2014B,0.15,0.13043478260869565,0.13953488372093023
620889,BBB,2014B,0.0,0.0,0.0
620915,GGG,2014B,0.05,0.5,0.09090909090909091
620916,EEE,2014B,0.05,0.3333333333333333,0.08695652173913045
620922,BBB,2014B,0.0,0.0,0.0
620923,BBB,2014B,0.0,0.0,0.0
620946,GGG,2014B,0.05,0.25,0.08333333333333334
620980,BBB,2014B,0.15,0.14285714285714285,0.14634146341463414
620982,GGG,2014B,0.1,0.14285714285714285,0.11764705882352941
621004,DDD,2014B,0.0,0.0,0.0
621010,DDD,2014B,0.1,0.06666666666666667,0.08
621300,CCC,2014J,0.05,0.1,0.06666666666666667
621300,DDD,2014B,0.05,0.09090909090909091,0.06451612903225806
621301,BBB,2014B,0.0,0.0,0.0
621303,BBB,2014B,0.0,0.0,0.0
621319,GGG,2014B,0.15,0.42857142857142855,0.2222222222222222
621322,BBB,2014B,0.05,0.16666666666666666,0.07692307692307691
621342,GGG,2014B,0.1,0.2222222222222222,0.13793103448275865
621345,FFF,2014B,0.1,0.09090909090909091,0.09523809523809525
621369,BBB,2014B,0.2,0.3333333333333333,0.25
621380,EEE,2014J,0.05,0.125,0.07142857142857144
621394,BBB,2014B,0.1,0.14285714285714285,0.11764705882352941
621414,EEE,2014B,0.1,0.2222222222222222,0.13793103448275865
621433,FFF,2014B,0.05,0.09090909090909091,0.06451612903225806
621436,FFF,2014B,0.05,0.034482758620689655,0.04081632653061224
621441,FFF,2014B,0.05,0.017241379310344827,0.025641025641025644
621442,CCC,2014J,0.1,0.2857142857142857,0.14814814814814817
621442,DDD,2014B,0.05,0.05263157894736842,0.05128205128205128
621457,DDD,2014B,0.0,0.0,0.0
621459,GGG,2014B,0.0,0.0,0.0
621473,GGG,2014B,0.05,0.05,0.05000000000000001
621475,FFF,2014B,0.15,0.057692307692307696,0.08333333333333334
621485,GGG,2014J,0.25,0.35714285714285715,0.2941176470588235
621487,BBB,2014J,0.0,0.0,0.0
621508,BBB,2014B,0.0,0.0,0.0
621531,FFF,2014B,0.05,0.02702702702702703,0.03508771929824561
621580,FFF,2014B,0.1,0.16666666666666666,0.125
621605,CCC,2014J,0.15,0.125,0.13636363636363635
621615,DDD,2014B,0.05,0.043478260869565216,0.046511627906976744
621655,EEE,2014B,0.2,0.36363636363636365,0.25806451612903225
621656,CCC,2014B,0.4,0.26666666666666666,0.32
621659,DDD,2014B,0.05,0.0625,0.05555555555555556
621659,DDD,2014J,0.0,0.0,0.0
621696,CCC,2014J,0.3,0.2222222222222222,0.25531914893617025
621696,FFF,2014B,0.05,0.022222222222222223,0.030769230769230767
621699,DDD,2014B,0.0,0.0,0.0
621716,GGG,2014B,0.25,0.3125,0.2777777777777778
621722,FFF,2014B,0.05,0.02631578947368421,0.034482758620689655
621755,GGG,2014B,0.1,0.09090909090909091,0.09523809523809525
621826,BBB,2014J,0.0,0.0,0.0
621881,FFF,2014B,0.1,0.09090909090909091,0.09523809523809525
621883,DDD,2014B,0.2,0.07142857142857142,0.10526315789473682
621884,CCC,2014J,0.2,0.19047619047619047,0.1951219512195122
621894,BBB,2014B,0.0,0.0,0.0
621905,BBB,2014B,0.0,0.0,0.0
621906,EEE,2014B,0.1,0.25,0.14285714285714288
621908,DDD,2014B,0.05,0.045454545454545456,0.04761904761904762
621923,GGG,2014B,0.1,0.25,0.14285714285714288
621952,FFF,2014B,0.05,0.058823529411764705,0.05405405405405405
621971,FFF,2014B,0.1,0.06451612903225806,0.0784313725490196
621998,FFF,2014B,0.1,0.05555555555555555,0.07142857142857142
622007,BBB,2014J,0.05,0.25,0.08333333333333334
622027,CCC,2014J,0.0,0.0,0.0
622037,EEE,2014B,0.0,0.0,0.0
622074,GGG,2014B,0.1,0.18181818181818182,0.12903225806451613
622086,DDD,2014B,0.0,0.0,0.0
622096,FFF,2014B,0.0,0.0,0.0
622118,GGG,2014J,0.0,0.0,0.0
622129,EEE,2014J,0.1,0.14285714285714285,0.11764705882352941
622132,BBB,2014B,0.0,0.0,0.0
622166,GGG,2014B,0.25,0.35714285714285715,0.2941176470588235
622175,DDD,2014B,0.0,0.0,0.0
622192,CCC,2014J,0.05,0.07142857142857142,0.058823529411764705
622192,DDD,2014B,0.15,0.07894736842105263,0.10344827586206896
622208,BBB,2014B,0.05,0.07142857142857142,0.058823529411764705
622215,CCC,2014B,0.05,0.3333333333333333,0.08695652173913045
622215,DDD,2014B,0.05,0.07142857142857142,0.058823529411764705
622245,GGG,2014B,0.3,0.3333333333333333,0.3157894736842105
622246,DDD,2014J,0.0,0.0,0.0
622278,FFF,2014B,0.05,0.034482758620689655,0.04081632653061224
622302,CCC,2014B,0.1,0.14285714285714285,0.11764705882352941
622313,BBB,2014J,0.0,0.0,0.0
622315,EEE,2014J,0.1,0.16666666666666666,0.125
622345,BBB,2014B,0.0,0.0,0.0
622352,GGG,2014B,0.0,0.0,0.0
622368,CCC,2014B,0.0,0.0,0.0
622368,EEE,2014B,0.2,0.3076923076923077,0.24242424242424246
622374,CCC,2014J,0.15,0.11538461538461539,0.13043478260869565
622374,FFF,2014B,0.25,0.12195121951219512,0.16393442622950818
622382,GGG,2014B,0.2,0.25,0.22222222222222224
622386,CCC,2014B,0.1,0.1111111111111111,0.10526315789473685
622392,FFF,2014B,0.05,0.3333333333333333,0.08695652173913045
622413,DDD,2014B,0.05,0.02040816326530612,0.02898550724637681
622425,EEE,2014B,0.1,0.14285714285714285,0.11764705882352941
622430,FFF,2014B,0.1,0.08,0.08888888888888889
622432,GGG,2014B,0.2,0.25,0.22222222222222224
622433,GGG,2014B,0.05,0.125,0.07142857142857144
622435,DDD,2014B,0.0,0.0,0.0
622442,FFF,2014B,0.1,0.05555555555555555,0.07142857142857142
622466,BBB,2014B,0.0,0.0,0.0
622481,FFF,2014J,0.05,0.029411764705882353,0.03703703703703704
622500,GGG,2014B,0.3,0.35294117647058826,0.3243243243243243
622505,BBB,2014B,0.1,0.07142857142857142,0.08333333333333333
622516,GGG,2014B,0.1,0.25,0.14285714285714288
622541,CCC,2014J,0.0,0.0,0.0
622541,DDD,2014B,0.05,0.037037037037037035,0.0425531914893617
622555,DDD,2014J,0.05,0.05,0.05000000000000001
622570,GGG,2014B,0.25,0.25,0.25
622571,DDD,2014B,0.05,0.25,0.08333333333333334
622573,BBB,2014J,0.05,0.058823529411764705,0.05405405405405405
622597,DDD,2014J,0.0,0.0,0.0
622604,BBB,2014B,0.05,0.25,0.08333333333333334
622609,EEE,2014B,0.1,0.3333333333333333,0.15384615384615383
622626,DDD,2014J,0.0,0.0,0.0
622646,GGG,2014B,0.05,1.0,0.09523809523809523
622652,CCC,2014B,0.1,0.2,0.13333333333333333
622686,FFF,2014B,0.25,0.09803921568627451,0.14084507042253522
622701,FFF,2014B,0.05,0.06666666666666667,0.05714285714285715
622715,BBB,2014B,0.15,0.16666666666666666,0.15789473684210525
622720,BBB,2014B,0.05,0.16666666666666666,0.07692307692307691
622724,DDD,2014B,0.15,0.13636363636363635,0.14285714285714282
622760,FFF,2014J,0.15,0.05454545454545454,0.08
622764,DDD,2014B,0.1,0.07692307692307693,0.08695652173913043
622766,BBB,2014B,0.0,0.0,0.0
622773,CCC,2014B,0.05,0.05555555555555555,0.052631578947368425
622787,CCC,2014B,0.3,0.3333333333333333,0.3157894736842105
622812,CCC,2014J,0.2,0.15384615384615385,0.17391304347826086
622812,EEE,2014B,0.0,0.0,0.0
622838,BBB,2014B,0.0,0.0,0.0
622859,FFF,2014B,0.0,0.0,0.0
622867,BBB,2014B,0.0,0.0,0.0
622934,FFF,2014J,0.2,0.06557377049180328,0.09876543209876544
622935,CCC,2014J,0.25,0.1282051282051282,0.1694915254237288
622935,FFF,2014B,0.1,0.038461538461538464,0.05555555555555555
622948,CCC,2014B,0.0,0.0,0.0
622948,EEE,2014B,0.05,0.125,0.07142857142857144
622974,BBB,2014B,0.0,0.0,0.0
622976,CCC,2014J,0.3,0.17142857142857143,0.21818181818181817
622976,FFF,2014B,0.25,0.07575757575757576,0.11627906976744187
622982,BBB,2014B,0.0,0.0,0.0
623008,DDD,2014B,0.05,0.05263157894736842,0.05128205128205128
623010,GGG,2014B,0.25,0.35714285714285715,0.2941176470588235
623042,BBB,2014J,0.05,0.16666666666666666,0.07692307692307691
623052,CCC,2014B,0.05,0.125,0.07142857142857144
623055,BBB,2014B,0.1,0.0625,0.07692307692307693
623072,GGG,2014B,0.15,0.23076923076923078,0.18181818181818185
623073,DDD,2014B,0.1,0.05714285714285714,0.07272727272727272
623079,EEE,2014B,0.25,0.4166666666666667,0.3125
623081,GGG,2014B,0.0,0.0,0.0
623097,BBB,2014J,0.05,0.25,0.08333333333333334
623100,CCC,2014J,0.25,0.10416666666666667,0.14705882352941177
623100,EEE,2014B,0.15,0.3,0.2
623124,CCC,2014J,0.3,0.2,0.24
623164,DDD,2014B,0.0,0.0,0.0
623168,BBB,2014B,0.05,0.09090909090909091,0.06451612903225806
623169,BBB,2014B,0.05,0.1,0.06666666666666667
623177,BBB,2014B,0.05,1.0,0.09523809523809523
623178,GGG,2014J,0.0,0.0,0.0
623180,FFF,2014B,0.1,0.18181818181818182,0.12903225806451613
623190,DDD,2014J,0.0,0.0,0.0
623210,DDD,2014B,0.05,0.038461538461538464,0.043478260869565216
623221,CCC,2014J,0.1,0.08,0.08888888888888889
623225,DDD,2014J,0.15,0.06976744186046512,0.09523809523809525
623230,FFF,2014J,0.0,0.0,0.0
623240,BBB,2014B,0.0,0.0,0.0
623250,CCC,2014B,0.1,0.125,0.11111111111111112
623250,EEE,2014B,0.2,0.3076923076923077,0.24242424242424246
623276,DDD,2014J,0.1,0.08,0.08888888888888889
623289,DDD,2014J,0.1,0.05263157894736842,0.06896551724137931
623290,CCC,2014B,0.0,0.0,0.0
623295,BBB,2014B,0.05,0.16666666666666666,0.07692307692307691
623314,FFF,2014B,0.1,0.09090909090909091,0.09523809523809525
623333,BBB,2014B,0.0,0.0,0.0
623335,GGG,2014B,0.1,0.1111111111111111,0.10526315789473685
623347,CCC,2014B,0.2,0.3076923076923077,0.24242424242424246
623347,DDD,2014B,0.0,0.0,0.0
623376,BBB,2014J,0.1,0.08333333333333333,0.0909090909090909
623406,BBB,2014B,0.1,0.10526315789473684,0.10256410256410256
623416,GGG,2014B,0.0,0.0,0.0
623421,CCC,2014B,0.0,0.0,0.0
623421,EEE,2014B,0.0,0.0,0.0
623433,FFF,2014B,0.0,0.0,0.0
623438,FFF,2014B,0.15,0.07894736842105263,0.10344827586206896
623442,GGG,2014B,0.3,0.4,0.34285714285714286
623457,GGG,2014B,0.3,0.3333333333333333,0.3157894736842105
623467,EEE,2014J,0.4,0.47058823529411764,0.4324324324324324
623471,FFF,2014J,0.1,0.045454545454545456,0.06250000000000001
623475,GGG,2014J,0.1,0.3333333333333333,0.15384615384615383
623484,CCC,2014J,0.25,0.10638297872340426,0.1492537313432836
623495,GGG,2014B,0.0,0.0,0.0
623496,FFF,2014B,0.0,0.0,0.0
623511,CCC,2014J,0.15,0.10344827586206896,0.12244897959183673
623514,DDD,2014B,0.0,0.0,0.0
623519,BBB,2014J,0.0,0.0,0.0
623537,FFF,2014B,0.05,0.03125,0.038461538461538464
623541,DDD,2014B,0.0,0.0,0.0
623554,FFF,2014B,0.0,0.0,0.0
623562,CCC,2014B,0.05,0.25,0.08333333333333334
623562,EEE,2014B,0.0,0.0,0.0
623575,GGG,2014B,0.2,0.5,0.28571428571428575
623579,FFF,2014B,0.05,0.018518518518518517,0.02702702702702703
623585,DDD,2014B,0.05,0.2,0.08000000000000002
623588,GGG,2014J,0.1,0.11764705882352941,0.1081081081081081
623589,FFF,2014J,0.3,0.08571428571428572,0.13333333333333333
623602,GGG,2014B,0.05,0.1,0.06666666666666667
623622,BBB,2014B,0.0,0.0,0.0
623641,DDD,2014J,0.05,0.034482758620689655,0.04081632653061224
623648,BBB,2014J,0.1,0.15384615384615385,0.12121212121212123
623654,BBB,2014B,0.05,0.09090909090909091,0.06451612903225806
623660,BBB,2014B,0.1,0.08695652173913043,0.09302325581395349
623667,CCC,2014B,0.0,0.0,0.0
623667,EEE,2014B,0.25,0.5,0.3333333333333333
623687,FFF,2014B,0.05,0.03571428571428571,0.041666666666666664
623689,BBB,2014J,0.0,0.0,0.0
623732,CCC,2014B,0.15,0.16666666666666666,0.15789473684210525
623738,EEE,2014B,0.15,0.6,0.24
623765,FFF,2014J,0.1,0.046511627906976744,0.06349206349206349
623778,GGG,2014B,0.35,0.25925925925925924,0.29787234042553196
623780,EEE,2014B,0.05,0.2,0.08000000000000002
623797,CCC,2014B,0.1,0.14285714285714285,0.11764705882352941
623797,EEE,2014B,0.05,0.5,0.09090909090909091
623804,GGG,2014B,0.05,0.1111111111111111,0.06896551724137932
623812,GGG,2014J,0.2,0.3076923076923077,0.24242424242424246
623815,DDD,2014B,0.1,0.05,0.06666666666666667
623826,DDD,2014B,0.1,0.04,0.05714285714285714
623831,GGG,2014B,0.0,0.0,0.0
623840,AAA,2014J,0.15,0.16666666666666666,0.15789473684210525
623845,BBB,2014B,0.1,0.11764705882352941,0.1081081081081081
623857,BBB,2014B,0.1,0.18181818181818182,0.12903225806451613
623859,GGG,2014B,0.2,0.26666666666666666,0.2285714285714286
623864,DDD,2014J,0.0,0.0,0.0
623864,EEE,2014B,0.1,0.18181818181818182,0.12903225806451613
623882,BBB,2014B,0.0,0.0,0.0
623889,EEE,2014J,0.2,0.5,0.28571428571428575
623903,GGG,2014B,0.2,0.25,0.22222222222222224
623919,GGG,2014B,0.25,0.2777777777777778,0.2631578947368421
623924,FFF,2014B,0.1,0.05128205128205128,0.06779661016949151
623931,DDD,2014B,0.0,0.0,0.0
623935,BBB,2014B,0.1,0.1111111111111111,0.10526315789473685
623937,DDD,2014J,0.25,0.10204081632653061,0.14492753623188406
623948,FFF,2014B,0.2,0.0784313725490196,0.11267605633802816
623968,DDD,2014J,0.1,0.047619047619047616,0.06451612903225806
623988,GGG,2014B,0.15,0.17647058823529413,0.16216216216216214
623989,EEE,2014J,0.25,0.45454545454545453,0.3225806451612903
624007,DDD,2014B,0.15,0.08571428571428572,0.10909090909090909
624011,BBB,2014B,0.1,0.09523809523809523,0.0975609756097561
624046,BBB,2014B,0.1,0.06896551724137931,0.08163265306122448
624052,DDD,2014B,0.05,0.025,0.03333333333333333
624060,CCC,2014B,0.1,0.2857142857142857,0.14814814814814817
624060,CCC,2014J,0.15,0.061224489795918366,0.08695652173913043
624069,BBB,2014B,0.0,0.0,0.0
624077,DDD,2014B,0.15,0.0625,0.08823529411764706
624092,EEE,2014B,0.05,0.3333333333333333,0.08695652173913045
624127,CCC,2014B,0.05,0.16666666666666666,0.07692307692307691
624153,EEE,2014B,0.0,0.0,0.0
624156,CCC,2014J,0.2,0.25,0.22222222222222224
624156,DDD,2014B,0.1,0.07142857142857142,0.08333333333333333
624164,CCC,2014B,0.1,0.18181818181818182,0.12903225806451613
624178,FFF,2014B,0.05,0.043478260869565216,0.046511627906976744
624196,BBB,2014B,0.0,0.0,0.0
624197,FFF,2014B,0.05,0.020833333333333332,0.029411764705882353
624209,CCC,2014J,0.25,0.14285714285714285,0.18181818181818182
624222,EEE,2014J,0.25,0.5555555555555556,0.3448275862068966
624226,GGG,2014B,0.05,0.09090909090909091,0.06451612903225806
624230,GGG,2014B,0.05,0.16666666666666666,0.07692307692307691
624256,CCC,2014J,0.3,0.21428571428571427,0.25
624282,FFF,2014J,0.15,0.0967741935483871,0.11764705882352941
624306,BBB,2014B,0.0,0.0,0.0
624321,GGG,2014B,0.0,0.0,0.0
624342,BBB,2014J,0.1,0.1,0.10000000000000002
624344,FFF,2014B,0.2,0.15384615384615385,0.17391304347826086
624354,CCC,2014J,0.15,0.3,0.2
624358,DDD,2014B,0.1,0.04878048780487805,0.06557377049180328
624406,BBB,2014B,0.1,0.2,0.13333333333333333
624407,DDD,2014B,0.0,0.0,0.0
624415,BBB,2014B,0.0,0.0,0.0
624433,GGG,2014B,0.05,0.08333333333333333,0.0625
624441,CCC,2014B,0.0,0.0,0.0
624441,EEE,2014B,0.05,0.2,0.08000000000000002
624445,CCC,2014B,0.15,0.3,0.2
624469,EEE,2014B,0.15,0.3,0.2
624476,DDD,2014B,0.05,0.3333333333333333,0.08695652173913045
624483,CCC,2014B,0.15,0.14285714285714285,0.14634146341463414
624493,CCC,2014J,0.05,0.125,0.07142857142857144
624493,DDD,2014B,0.15,0.12,0.1333333333333333
624499,FFF,2014B,0.1,0.15384615384615385,0.12121212121212123
624522,GGG,2014B,0.0,0.0,0.0
624556,FFF,2014B,0.1,0.14285714285714285,0.11764705882352941
624563,GGG,2014J,0.15,0.25,0.18749999999999997
624569,GGG,2014B,0.1,0.13333333333333333,0.1142857142857143
624570,DDD,2014B,0.1,0.1,0.10000000000000002
624585,DDD,2014B,0.05,0.0625,0.05555555555555556
624586,FFF,2014B,0.0,0.0,0.0
624591,CCC,2014B,0.1,0.09090909090909091,0.09523809523809525
624591,FFF,2014B,0.05,0.041666666666666664,0.04545454545454545
624592,BBB,2014B,0.0,0.0,0.0
624610,DDD,2014B,0.05,0.1,0.06666666666666667
624653,BBB,2014B,0.0,0.0,0.0
624661,BBB,2014B,0.1,0.16666666666666666,0.125
624679,GGG,2014B,0.0,0.0,0.0
624714,GGG,2014B,0.15,0.21428571428571427,0.1764705882352941
624727,GGG,2014B,0.15,0.23076923076923078,0.18181818181818185
624730,DDD,2014B,0.0,0.0,0.0
624738,BBB,2014B,0.1,0.06896551724137931,0.08163265306122448
624751,FFF,2014B,0.15,0.09090909090909091,0.11320754716981132
624763,FFF,2014B,0.2,0.12903225806451613,0.1568627450980392
624767,GGG,2014B,0.05,0.08333333333333333,0.0625
624773,FFF,2014B,0.15,0.075,0.1
624777,GGG,2014B,0.0,0.0,0.0
624782,CCC,2014B,0.1,0.25,0.14285714285714288
624782,EEE,2014B,0.05,0.25,0.08333333333333334
624789,CCC,2014J,0.0,0.0,0.0
624789,DDD,2014B,0.0,0.0,0.0
624795,GGG,2014B,0.2,0.2857142857142857,0.23529411764705882
624810,CCC,2014B,0.05,0.1,0.06666666666666667
624839,DDD,2014B,0.05,0.06666666666666667,0.05714285714285715
624847,BBB,2014B,0.0,0.0,0.0
624864,FFF,2014J,0.0,0.0,0.0
624875,CCC,2014B,0.1,0.16666666666666666,0.125
624881,DDD,2014B,0.1,0.03636363636363636,0.05333333333333334
624891,DDD,2014J,0.1,0.06060606060606061,0.07547169811320756
624906,GGG,2014B,0.1,0.1111111111111111,0.10526315789473685
624912,GGG,2014B,0.0,0.0,0.0
624927,CCC,2014J,0.0,0.0,0.0
624927,DDD,2014B,0.0,0.0,0.0
624938,GGG,2014B,0.1,0.2,0.13333333333333333
624946,FFF,2014B,0.05,0.023255813953488372,0.031746031746031744
624957,CCC,2014J,0.0,0.0,0.0
624970,CCC,2014B,0.05,0.16666666666666666,0.07692307692307691
624970,FFF,2014J,0.05,0.043478260869565216,0.046511627906976744
624972,BBB,2014B,0.05,0.08333333333333333,0.0625
624981,FFF,2014B,0.15,0.07894736842105263,0.10344827586206896
624997,BBB,2014B,0.05,0.14285714285714285,0.07407407407407408
625014,CCC,2014B,0.15,0.23076923076923078,0.18181818181818185
625021,BBB,2014B,0.1,0.1,0.10000000000000002
625024,BBB,2014B,0.0,0.0,0.0
625028,CCC,2014B,0.2,0.21052631578947367,0.20512820512820512
625033,GGG,2014B,0.15,0.23076923076923078,0.18181818181818185
625035,DDD,2014B,0.3,0.08,0.12631578947368421
625067,CCC,2014J,0.2,0.1111111111111111,0.14285714285714285
625067,EEE,2014B,0.05,0.08333333333333333,0.0625
625071,BBB,2014B,0.0,0.0,0.0
625075,FFF,2014B,0.0,0.0,0.0
625077,CCC,2014B,0.05,0.125,0.07142857142857144
625089,GGG,2014B,0.15,0.17647058823529413,0.16216216216216214
625094,BBB,2014B,0.0,0.0,0.0
625098,DDD,2014B,0.0,0.0,0.0
625100,CCC,2014J,0.0,0.0,0.0
625106,GGG,2014B,0.05,0.16666666666666666,0.07692307692307691
625108,CCC,2014B,0.05,0.0625,0.05555555555555556
625124,BBB,2014B,0.05,0.05555555555555555,0.052631578947368425
625126,EEE,2014B,0.05,0.25,0.08333333333333334
625167,BBB,2014B,0.0,0.0,0.0
625174,EEE,2014B,0.3,0.42857142857142855,0.3529411764705882
625185,BBB,2014B,0.05,0.041666666666666664,0.04545454545454545
625191,FFF,2014B,0.1,0.058823529411764705,0.07407407407407408
625213,EEE,2014B,0.25,0.5555555555555556,0.3448275862068966
625218,DDD,2014B,0.1,0.034482758620689655,0.05128205128205129
625241,GGG,2014J,0.3,0.4,0.34285714285714286
625245,FFF,2014J,0.1,0.05263157894736842,0.06896551724137931
625249,BBB,2014B,0.0,0.0,0.0
625251,BBB,2014B,0.05,0.1111111111111111,0.06896551724137932
625263,CCC,2014J,0.05,0.047619047619047616,0.04878048780487805
625263,DDD,2014B,0.0,0.0,0.0
625283,DDD,2014J,0.25,0.14285714285714285,0.18181818181818182
625291,FFF,2014B,0.1,0.06896551724137931,0.08163265306122448
625303,FFF,2014B,0.15,0.0967741935483871,0.11764705882352941
625306,FFF,2014B,0.1,0.06896551724137931,0.08163265306122448
625330,CCC,2014B,0.25,0.22727272727272727,0.23809523809523808
625349,FFF,2014B,0.1,0.08,0.08888888888888889
625357,CCC,2014J,0.15,0.14285714285714285,0.14634146341463414
625376,GGG,2014B,0.25,0.29411764705882354,0.27027027027027023
625383,BBB,2014B,0.05,0.2,0.08000000000000002
625390,BBB,2014B,0.0,0.0,0.0
625406,FFF,2014B,0.05,0.045454545454545456,0.04761904761904762
625411,GGG,2014J,0.25,0.25,0.25
625427,DDD,2014B,0.15,0.07317073170731707,0.09836065573770492
625444,BBB,2014B,0.05,0.08333333333333333,0.0625
625446,GGG,2014B,0.1,0.18181818181818182,0.12903225806451613
625453,CCC,2014B,0.15,0.21428571428571427,0.1764705882352941
625467,DDD,2014J,0.0,0.0,0.0
625476,CCC,2014B,0.1,0.4,0.16000000000000003
625476,EEE,2014B,0.15,0.6,0.24
625477,BBB,2014B,0.0,0.0,0.0
625494,GGG,2014B,0.15,0.23076923076923078,0.18181818181818185
625514,BBB,2014B,0.0,0.0,0.0
625515,FFF,2014J,0.05,0.09090909090909091,0.06451612903225806
625527,EEE,2014B,0.1,0.2857142857142857,0.14814814814814817
625530,GGG,2014J,0.3,0.24,0.2666666666666666
625536,FFF,2014B,0.2,0.08,0.11428571428571428
625541,CCC,2014J,0.0,0.0,0.0
625541,EEE,2014B,0.1,0.2,0.13333333333333333
625544,GGG,2014B,0.1,0.3333333333333333,0.15384615384615383
625545,GGG,2014B,0.2,0.2,0.20000000000000004
625548,FFF,2014B,0.05,0.047619047619047616,0.04878048780487805
625552,CCC,2014B,0.0,0.0,0.0
625555,DDD,2014J,0.05,0.06666666666666667,0.05714285714285715
625566,FFF,2014B,0.0,0.0,0.0
625574,CCC,2014B,0.25,0.2,0.22222222222222224
625588,FFF,2014B,0.2,0.08163265306122448,0.11594202898550723
625603,GGG,2014B,0.05,0.06666666666666667,0.05714285714285715
625609,FFF,2014B,0.0,0.0,0.0
625614,EEE,2014J,0.5,0.5555555555555556,0.5263157894736842
625615,DDD,2014B,0.0,0.0,0.0
625649,GGG,2014B,0.05,0.125,0.07142857142857144
625651,GGG,2014B,0.05,0.07142857142857142,0.058823529411764705
625666,BBB,2014J,0.0,0.0,0.0
625676,GGG,2014B,0.1,0.14285714285714285,0.11764705882352941
625713,BBB,2014B,0.05,0.06666666666666667,0.05714285714285715
625714,CCC,2014B,0.0,0.0,0.0
625722,GGG,2014B,0.2,0.25,0.22222222222222224
625724,BBB,2014B,0.05,0.09090909090909091,0.06451612903225806
625740,CCC,2014B,0.0,0.0,0.0
625740,EEE,2014B,0.25,0.45454545454545453,0.3225806451612903
625743,FFF,2014J,0.15,0.07317073170731707,0.09836065573770492
625745,CCC,2014B,0.25,0.2777777777777778,0.2631578947368421
625748,DDD,2014B,0.0,0.0,0.0
625753,FFF,2014B,0.1,0.05,0.06666666666666667
625765,DDD,2014J,0.0,0.0,0.0
625768,BBB,2014B,0.05,0.3333333333333333,0.08695652173913045
625775,GGG,2014B,0.05,0.09090909090909091,0.06451612903225806
625782,CCC,2014B,0.2,0.17391304347826086,0.18604651162790697
625785,EEE,2014J,0.35,0.3181818181818182,0.3333333333333333
625790,EEE,2014B,0.0,0.0,0.0
625794,FFF,2014B,0.05,0.041666666666666664,0.04545454545454545
625797,EEE,2014J,0.05,0.3333333333333333,0.08695652173913045
625802,FFF,2014J,0.0,0.0,0.0
625816,BBB,2014B,0.0,0.0,0.0
625822,CCC,2014B,0.0,0.0,0.0
625826,BBB,2014J,0.0,0.0,0.0
625833,BBB,2014B,0.05,0.2,0.08000000000000002
625838,CCC,2014B,0.0,0.0,0.0
625838,FFF,2014J,0.1,0.09523809523809523,0.0975609756097561
625861,EEE,2014B,0.0,0.0,0.0
625864,DDD,2014B,0.05,0.034482758620689655,0.04081632653061224
625875,GGG,2014B,0.05,0.1,0.06666666666666667
625903,GGG,2014B,0.25,0.23809523809523808,0.24390243902439024
625912,GGG,2014B,0.1,0.11764705882352941,0.1081081081081081
625919,BBB,2014B,0.1,0.16666666666666666,0.125
625953,EEE,2014B,0.0,0.0,0.0
625977,FFF,2014B,0.0,0.0,0.0
626005,GGG,2014J,0.45,0.47368421052631576,0.46153846153846156
626012,BBB,2014J,0.1,0.10526315789473684,0.10256410256410256
626018,DDD,2014B,0.05,0.1111111111111111,0.06896551724137932
626022,EEE,2014B,0.05,0.5,0.09090909090909091
626023,GGG,2014B,0.15,0.21428571428571427,0.1764705882352941
626033,FFF,2014J,0.0,0.0,0.0
626040,DDD,2014B,0.0,0.0,0.0
626046,BBB,2014B,0.0,0.0,0.0
626061,DDD,2014B,0.0,0.0,0.0
626075,BBB,2014J,0.0,0.0,0.0
626091,GGG,2014B,0.2,0.26666666666666666,0.2285714285714286
626092,GGG,2014B,0.0,0.0,0.0
626103,CCC,2014J,0.1,0.06451612903225806,0.0784313725490196
626103,FFF,2014B,0.2,0.09090909090909091,0.12500000000000003
626114,DDD,2014B,0.25,0.08620689655172414,0.12820512820512822
626123,BBB,2014B,0.1,0.16666666666666666,0.125
626126,BBB,2014B,0.0,0.0,0.0
626128,FFF,2014B,0.2,0.07547169811320754,0.10958904109589042
626132,DDD,2014J,0.0,0.0,0.0
626138,BBB,2014B,0.0,0.0,0.0
626139,BBB,2014J,0.05,0.06666666666666667,0.05714285714285715
626145,GGG,2014B,0.1,0.18181818181818182,0.12903225806451613
626146,DDD,2014B,0.0,0.0,0.0
626159,BBB,2014J,0.1,0.1111111111111111,0.10526315789473685
626159,GGG,2014B,0.15,0.16666666666666666,0.15789473684210525
626164,BBB,2014B,0.1,0.16666666666666666,0.125
626172,DDD,2014B,0.05,0.02564102564102564,0.033898305084745756
626179,DDD,2014J,0.15,0.10714285714285714,0.125
626183,CCC,2014B,0.0,0.0,0.0
626183,EEE,2014B,0.0,0.0,0.0
626192,DDD,2014B,0.0,0.0,0.0
626195,BBB,2014J,0.2,0.14814814814814814,0.1702127659574468
626198,FFF,2014B,0.05,0.038461538461538464,0.043478260869565216
626217,DDD,2014B,0.1,0.16666666666666666,0.125
626231,FFF,2014B,0.0,0.0,0.0
626238,DDD,2014B,0.1,0.05405405405405406,0.07017543859649122
626240,AAA,2014J,0.1,0.15384615384615385,0.12121212121212123
626245,BBB,2014B,0.0,0.0,0.0
626252,CCC,2014B,0.25,0.14705882352941177,0.18518518518518517
626254,BBB,2014B,0.0,0.0,0.0
626256,GGG,2014B,0.05,0.08333333333333333,0.0625
626259,FFF,2014B,0.05,0.038461538461538464,0.043478260869565216
626282,GGG,2014B,0.0,0.0,0.0
626287,GGG,2014B,0.05,0.07692307692307693,0.060606060606060615
626296,CCC,2014J,0.15,0.13636363636363635,0.14285714285714282
626296,EEE,2014B,0.15,0.2727272727272727,0.19354838709677416
626297,BBB,2014B,0.0,0.0,0.0
626306,GGG,2014B,0.1,0.10526315789473684,0.10256410256410256
626307,GGG,2014B,0.0,0.0,0.0
626317,GGG,2014B,0.0,0.0,0.0
626326,FFF,2014B,0.05,0.034482758620689655,0.04081632653061224
626348,DDD,2014B,0.0,0.0,0.0
626349,FFF,2014J,0.0,0.0,0.0
626352,BBB,2014B,0.05,0.05263157894736842,0.05128205128205128
626365,BBB,2014B,0.0,0.0,0.0
626372,GGG,2014B,0.0,0.0,0.0
626379,GGG,2014B,0.2,0.23529411764705882,0.2162162162162162
626384,GGG,2014J,0.1,0.25,0.14285714285714288
626407,CCC,2014J,0.15,0.17647058823529413,0.16216216216216214
626407,EEE,2014B,0.3,0.5454545454545454,0.3870967741935483
626416,FFF,2014J,0.2,0.08695652173913043,0.12121212121212122
626417,CCC,2014J,0.0,0.0,0.0
626417,DDD,2014B,0.05,0.07692307692307693,0.060606060606060615
626419,FFF,2014B,0.3,0.10909090909090909,0.16
626448,FFF,2014B,0.05,0.037037037037037035,0.0425531914893617
626450,DDD,2014B,0.15,0.0625,0.08823529411764706
626454,FFF,2014J,0.1,0.029411764705882353,0.04545454545454545
626463,CCC,2014J,0.05,0.14285714285714285,0.07407407407407408
626473,FFF,2014B,0.2,0.2,0.20000000000000004
626477,FFF,2014J,0.0,0.0,0.0
626491,BBB,2014B,0.0,0.0,0.0
626501,CCC,2014B,0.0,0.0,0.0
626514,FFF,2014J,0.1,0.08695652173913043,0.09302325581395349
626516,EEE,2014B,0.0,0.0,0.0
626519,CCC,2014J,0.3,0.10344827586206896,0.15384615384615385
626519,EEE,2014B,0.1,0.2222222222222222,0.13793103448275865
626530,FFF,2014B,0.0,0.0,0.0
626537,FFF,2014B,0.0,0.0,0.0
626551,DDD,2014B,0.15,0.06818181818181818,0.09374999999999999
626552,FFF,2014J,0.0,0.0,0.0
626555,BBB,2014B,0.05,0.047619047619047616,0.04878048780487805
626556,DDD,2014B,0.05,0.02857142857142857,0.03636363636363636
626579,FFF,2014J,0.05,0.02631578947368421,0.034482758620689655
626585,GGG,2014B,0.15,0.2727272727272727,0.19354838709677416
626589,GGG,2014B,0.25,0.38461538461538464,0.30303030303030304
626604,BBB,2014B,0.1,0.06451612903225806,0.0784313725490196
626607,DDD,2014B,0.0,0.0,0.0
626614,CCC,2014B,0.0,0.0,0.0
626618,GGG,2014B,0.0,0.0,0.0
626625,EEE,2014B,0.2,0.36363636363636365,0.25806451612903225
626629,GGG,2014B,0.05,0.14285714285714285,0.07407407407407408
626630,DDD,2014J,0.05,0.07692307692307693,0.060606060606060615
626642,BBB,2014B,0.0,0.0,0.0
626644,FFF,2014B,0.2,0.09090909090909091,0.12500000000000003
626646,BBB,2014J,0.15,0.12,0.1333333333333333
626675,GGG,2014B,0.0,0.0,0.0
626708,GGG,2014B,0.2,0.26666666666666666,0.2285714285714286
626714,CCC,2014B,0.0,0.0,0.0
626714,EEE,2014B,0.05,0.5,0.09090909090909091
626740,BBB,2014J,0.0,0.0,0.0
626749,EEE,2014B,0.1,0.5,0.16666666666666669
626753,EEE,2014B,0.1,0.5,0.16666666666666669
626757,CCC,2014J,0.15,0.11538461538461539,0.13043478260869565
626763,CCC,2014B,0.2,0.21052631578947367,0.20512820512820512
626765,FFF,2014B,0.05,0.07692307692307693,0.060606060606060615
626768,EEE,2014B,0.05,0.14285714285714285,0.07407407407407408
626778,FFF,2014B,0.1,0.03773584905660377,0.05479452054794521
626828,FFF,2014B,0.15,0.07894736842105263,0.10344827586206896
626841,BBB,2014B,0.05,0.05555555555555555,0.052631578947368425
626843,BBB,2014B,0.0,0.0,0.0
626852,DDD,2014B,0.0,0.0,0.0
626857,CCC,2014B,0.05,0.125,0.07142857142857144
626862,CCC,2014B,0.1,0.08,0.08888888888888889
626877,CCC,2014B,0.0,0.0,0.0
626877,EEE,2014B,0.05,0.2,0.08000000000000002
626878,CCC,2014J,0.05,0.1,0.06666666666666667
626878,FFF,2014B,0.05,0.03571428571428571,0.041666666666666664
626881,FFF,2014B,0.1,0.07407407407407407,0.0851063829787234
626885,DDD,2014B,0.0,0.0,0.0
626889,DDD,2014B,0.1,0.10526315789473684,0.10256410256410256
626890,FFF,2014B,0.1,0.05405405405405406,0.07017543859649122
626917,BBB,2014B,0.0,0.0,0.0
626928,BBB,2014B,0.05,0.125,0.07142857142857144
626951,BBB,2014B,0.05,0.06666666666666667,0.05714285714285715
626966,BBB,2014B,0.05,0.05555555555555555,0.052631578947368425
626979,DDD,2014B,0.05,0.04,0.044444444444444446
626982,GGG,2014B,0.15,0.2,0.17142857142857143
626987,FFF,2014B,0.0,0.0,0.0
626998,CCC,2014B,0.15,0.3333333333333333,0.20689655172413793
626998,EEE,2014J,0.1,0.2,0.13333333333333333
627000,BBB,2014B,0.0,0.0,0.0
627021,DDD,2014B,0.0,0.0,0.0
627022,FFF,2014B,0.0,0.0,0.0
627027,BBB,2014B,0.0,0.0,0.0
627050,GGG,2014B,0.05,0.0625,0.05555555555555556
627057,GGG,2014B,0.05,0.1111111111111111,0.06896551724137932
627061,FFF,2014B,0.05,0.03333333333333333,0.04
627067,FFF,2014B,0.1,0.07407407407407407,0.0851063829787234
627097,DDD,2014J,0.0,0.0,0.0
627100,DDD,2014B,0.15,0.1111111111111111,0.12765957446808512
627115,BBB,2014B,0.0,0.0,0.0
627118,BBB,2014B,0.05,0.09090909090909091,0.06451612903225806
627126,FFF,2014B,0.0,0.0,0.0
627136,CCC,2014B,0.0,0.0,0.0
627145,FFF,2014B,0.05,0.03225806451612903,0.0392156862745098
627173,DDD,2014B,0.0,0.0,0.0
627176,FFF,2014B,0.0,0.0,0.0
627179,BBB,2014B,0.05,0.25,0.08333333333333334
627184,CCC,2014J,0.05,0.03333333333333333,0.04
627184,DDD,2014B,0.1,0.18181818181818182,0.12903225806451613
627185,BBB,2014B,0.0,0.0,0.0
627190,BBB,2014B,0.2,0.125,0.15384615384615385
627217,GGG,2014B,0.15,0.2,0.17142857142857143
627236,DDD,2014J,0.2,0.1111111111111111,0.14285714285714285
627244,BBB,2014B,0.05,0.05263157894736842,0.05128205128205128
627247,FFF,2014B,0.3,0.1,0.15
627251,GGG,2014B,0.15,0.125,0.13636363636363635
627253,CCC,2014B,0.0,0.0,0.0
627264,GGG,2014B,0.25,0.3125,0.2777777777777778
627269,BBB,2014J,0.15,0.16666666666666666,0.15789473684210525
627270,BBB,2014B,0.1,0.13333333333333333,0.1142857142857143
627276,DDD,2014B,0.05,0.03571428571428571,0.041666666666666664
627283,CCC,2014J,0.0,0.0,0.0
627283,EEE,2014J,0.2,0.26666666666666666,0.2285714285714286
627285,BBB,2014B,0.1,0.14285714285714285,0.11764705882352941
627290,CCC,2014J,0.0,0.0,0.0
627290,EEE,2014B,0.05,0.3333333333333333,0.08695652173913045
627295,DDD,2014J,0.2,0.10526315789473684,0.13793103448275862
627307,FFF,2014B,0.1,0.09523809523809523,0.0975609756097561
627312,EEE,2014J,0.2,0.3076923076923077,0.24242424242424246
627322,DDD,2014B,0.0,0.0,0.0
627327,GGG,2014B,0.1,0.09090909090909091,0.09523809523809525
627330,GGG,2014B,0.15,0.2,0.17142857142857143
627333,DDD,2014B,0.05,0.017241379310344827,0.025641025641025644
627343,CCC,2014B,0.2,0.21052631578947367,0.20512820512820512
627348,CCC,2014B,0.0,0.0,0.0
627365,FFF,2014J,0.1,0.03773584905660377,0.05479452054794521
627367,DDD,2014J,0.0,0.0,0.0
627374,CCC,2014B,0.0,0.0,0.0
627380,BBB,2014B,0.05,0.09090909090909091,0.06451612903225806
627386,CCC,2014B,0.0,0.0,0.0
627387,CCC,2014B,0.0,0.0,0.0
627387,EEE,2014B,0.1,0.4,0.16000000000000003
627388,BBB,2014B,0.0,0.0,0.0
627397,DDD,2014B,0.0,0.0,0.0
627399,CCC,2014B,0.2,0.11428571428571428,0.14545454545454545
627399,EEE,2014B,0.05,0.5,0.09090909090909091
627401,CCC,2014J,0.0,0.0,0.0
627401,EEE,2014B,0.2,0.5,0.28571428571428575
627403,BBB,2014B,0.05,0.125,0.07142857142857144
627417,CCC,2014J,0.3,0.14285714285714285,0.19354838709677416
627417,FFF,2014B,0.15,0.05263157894736842,0.0779220779220779
627442,FFF,2014B,0.1,0.18181818181818182,0.12903225806451613
627450,CCC,2014J,0.15,0.15789473684210525,0.15384615384615385
627450,EEE,2014B,0.05,0.5,0.09090909090909091
627453,DDD,2014J,0.2,0.13793103448275862,0.16326530612244897
627468,FFF,2014B,0.05,0.03571428571428571,0.041666666666666664
627471,CCC,2014J,0.3,0.17647058823529413,0.22222222222222224
627471,EEE,2014B,0.0,0.0,0.0
627476,DDD,2014J,0.05,0.058823529411764705,0.05405405405405405
627481,GGG,2014J,0.05,0.16666666666666666,0.07692307692307691
627509,BBB,2014B,0.0,0.0,0.0
627516,EEE,2014B,0.25,0.38461538461538464,0.30303030303030304
627521,FFF,2014B,0.1,0.1,0.10000000000000002
627527,CCC,2014J,0.1,0.3333333333333333,0.15384615384615383
627530,GGG,2014B,0.0,0.0,0.0
627536,DDD,2014B,0.0,0.0,0.0
627549,BBB,2014B,0.0,0.0,0.0
627550,BBB,2014B,0.0,0.0,0.0
627563,BBB,2014J,0.1,0.125,0.11111111111111112
627581,DDD,2014B,0.0,0.0,0.0
627595,FFF,2014B,0.2,0.16,0.17777777777777778
627597,GGG,2014B,0.1,0.16666666666666666,0.125
627618,DDD,2014J,0.1,0.1111111111111111,0.10526315789473685
627620,FFF,2014B,0.05,0.05263157894736842,0.05128205128205128
627622,FFF,2014B,0.0,0.0,0.0
627636,EEE,2014B,0.1,0.3333333333333333,0.15384615384615383
627638,DDD,2014B,0.05,1.0,0.09523809523809523
627647,BBB,2014B,0.15,0.2,0.17142857142857143
627659,BBB,2014B,0.0,0.0,0.0
627660,BBB,2014J,0.1,0.08695652173913043,0.09302325581395349
627661,GGG,2014B,0.0,0.0,0.0
627679,FFF,2014B,0.1,0.1,0.10000000000000002
627685,BBB,2014B,0.05,0.09090909090909091,0.06451612903225806
627691,CCC,2014B,0.15,0.1875,0.16666666666666663
627692,FFF,2014B,0.05,0.04,0.044444444444444446
627695,DDD,2014J,0.05,0.058823529411764705,0.05405405405405405
627711,EEE,2014B,0.0,0.0,0.0
627717,FFF,2014B,0.0,0.0,0.0
627747,CCC,2014B,0.0,0.0,0.0
627750,CCC,2014B,0.0,0.0,0.0
627750,EEE,2014B,0.1,0.3333333333333333,0.15384615384615383
627764,GGG,2014B,0.0,0.0,0.0
627772,DDD,2014B,0.1,0.08,0.08888888888888889
627773,GGG,2014B,0.15,0.15789473684210525,0.15384615384615385
627777,BBB,2014B,0.1,0.0625,0.07692307692307693
627787,GGG,2014B,0.15,0.25,0.18749999999999997
627809,GGG,2014J,0.15,0.375,0.21428571428571425
627812,GGG,2014J,0.15,0.3,0.2
627821,GGG,2014B,0.15,0.17647058823529413,0.16216216216216214
627827,GGG,2014B,0.1,0.15384615384615385,0.12121212121212123
627829,FFF,2014J,0.2,0.08333333333333333,0.11764705882352941
627834,GGG,2014B,0.2,0.2857142857142857,0.23529411764705882
627860,FFF,2014B,0.1,0.13333333333333333,0.1142857142857143
627879,DDD,2014B,0.0,0.0,0.0
627882,DDD,2014B,0.1,0.05263157894736842,0.06896551724137931
627886,FFF,2014B,0.05,0.037037037037037035,0.0425531914893617
627891,DDD,2014B,0.0,0.0,0.0
627895,GGG,2014B,0.2,0.3333333333333333,0.25
627901,GGG,2014B,0.05,0.1111111111111111,0.06896551724137932
627907,EEE,2014B,0.05,0.125,0.07142857142857144
627924,DDD,2014B,0.0,0.0,0.0
627933,CCC,2014B,0.05,0.5,0.09090909090909091
627948,BBB,2014B,0.05,0.2,0.08000000000000002
627968,BBB,2014J,0.0,0.0,0.0
628004,FFF,2014B,0.05,0.1111111111111111,0.06896551724137932
628006,BBB,2014B,0.0,0.0,0.0
628008,DDD,2014B,0.05,0.058823529411764705,0.05405405405405405
628029,CCC,2014B,0.2,0.36363636363636365,0.25806451612903225
628034,CCC,2014J,0.25,0.125,0.16666666666666666
628034,FFF,2014B,0.25,0.0641025641025641,0.1020408163265306
628038,FFF,2014B,0.05,0.045454545454545456,0.04761904761904762
628054,EEE,2014B,0.0,0.0,0.0
628054,EEE,2014J,0.15,0.21428571428571427,0.1764705882352941
628058,FFF,2014B,0.15,0.08108108108108109,0.10526315789473685
628086,CCC,2014B,0.1,0.13333333333333333,0.1142857142857143
628098,FFF,2014B,0.0,0.0,0.0
628099,DDD,2014B,0.0,0.0,0.0
628114,CCC,2014J,0.15,0.14285714285714285,0.14634146341463414
628114,FFF,2014B,0.2,0.1111111111111111,0.14285714285714285
628117,FFF,2014B,0.05,0.02857142857142857,0.03636363636363636
628119,BBB,2014B,0.0,0.0,0.0
628140,FFF,2014B,0.0,0.0,0.0
628141,FFF,2014B,0.05,1.0,0.09523809523809523
628143,FFF,2014B,0.1,0.125,0.11111111111111112
628149,FFF,2014J,0.1,0.03333333333333333,0.05
628152,FFF,2014B,0.05,0.0196078431372549,0.02816901408450704
628157,CCC,2014B,0.25,0.2631578947368421,0.25641025641025644
628157,FFF,2014J,0.0,0.0,0.0
628174,FFF,2014B,0.05,0.034482758620689655,0.04081632653061224
628176,BBB,2014B,0.15,0.23076923076923078,0.18181818181818185
628178,BBB,2014B,0.0,0.0,0.0
628180,BBB,2014B,0.0,0.0,0.0
628181,BBB,2014B,0.05,0.16666666666666666,0.07692307692307691
628189,GGG,2014B,0.05,0.14285714285714285,0.07407407407407408
628190,BBB,2014B,0.15,0.14285714285714285,0.14634146341463414
628216,CCC,2014J,0.05,0.1111111111111111,0.06896551724137932
628216,DDD,2014B,0.0,0.0,0.0
628217,GGG,2014B,0.0,0.0,0.0
628227,GGG,2014B,0.1,0.2222222222222222,0.13793103448275865
628246,DDD,2014B,0.05,0.04,0.044444444444444446
628259,DDD,2014J,0.15,0.09090909090909091,0.11320754716981132
628280,GGG,2014B,0.0,0.0,0.0
628287,BBB,2014B,0.0,0.0,0.0
628293,CCC,2014B,0.1,0.14285714285714285,0.11764705882352941
628299,GGG,2014J,0.3,0.3,0.3
628300,CCC,2014J,0.15,0.42857142857142855,0.2222222222222222
628300,EEE,2014B,0.25,0.4166666666666667,0.3125
628301,BBB,2014B,0.0,0.0,0.0
628307,FFF,2014B,0.0,0.0,0.0
628316,GGG,2014B,0.15,0.21428571428571427,0.1764705882352941
628328,BBB,2014B,0.2,0.19047619047619047,0.1951219512195122
628333,DDD,2014B,0.1,0.06060606060606061,0.07547169811320756
628347,DDD,2014B,0.1,0.07142857142857142,0.08333333333333333
628361,CCC,2014J,0.15,0.13043478260869565,0.13953488372093023
628361,FFF,2014B,0.15,0.13636363636363635,0.14285714285714282
628367,GGG,2014B,0.1,0.14285714285714285,0.11764705882352941
628369,GGG,2014B,0.25,0.3333333333333333,0.28571428571428575
628370,FFF,2014B,0.0,0.0,0.0
628376,CCC,2014J,0.1,0.2222222222222222,0.13793103448275865
628376,DDD,2014B,0.05,0.043478260869565216,0.046511627906976744
628383,CCC,2014B,0.1,0.1111111111111111,0.10526315789473685
628383,FFF,2014J,0.05,0.034482758620689655,0.04081632653061224
628386,DDD,2014B,0.1,0.08695652173913043,0.09302325581395349
628388,BBB,2014J,0.05,0.07692307692307693,0.060606060606060615
628389,BBB,2014B,0.05,0.0625,0.05555555555555556
628390,DDD,2014J,0.0,0.0,0.0
628407,CCC,2014J,0.1,0.08,0.08888888888888889
628411,BBB,2014B,0.0,0.0,0.0
628423,BBB,2014B,0.05,0.05555555555555555,0.052631578947368425
628437,DDD,2014J,0.2,0.16,0.17777777777777778
628443,FFF,2014B,0.0,0.0,0.0
628455,GGG,2014B,0.1,0.14285714285714285,0.11764705882352941
628476,FFF,2014B,0.05,0.08333333333333333,0.0625
628480,EEE,2014J,0.3,0.4,0.34285714285714286
628495,GGG,2014B,0.1,0.18181818181818182,0.12903225806451613
628502,DDD,2014B,0.05,0.034482758620689655,0.04081632653061224
628506,CCC,2014B,0.05,0.14285714285714285,0.07407407407407408
628511,BBB,2014B,0.0,0.0,0.0
628516,BBB,2014B,0.0,0.0,0.0
628519,DDD,2014J,0.1,0.06896551724137931,0.08163265306122448
628521,FFF,2014J,0.1,0.05263157894736842,0.06896551724137931
628530,GGG,2014B,0.1,0.125,0.11111111111111112
628545,GGG,2014B,0.25,0.2777777777777778,0.2631578947368421
628561,FFF,2014B,0.25,0.0684931506849315,0.10752688172043011
628575,CCC,2014B,0.1,0.13333333333333333,0.1142857142857143
628575,DDD,2014B,0.05,0.04,0.044444444444444446
628580,BBB,2014B,0.05,0.05555555555555555,0.052631578947368425
628586,BBB,2014B,0.05,0.041666666666666664,0.04545454545454545
628593,DDD,2014J,0.15,0.09375,0.11538461538461538
628598,GGG,2014B,0.1,0.16666666666666666,0.125
628616,BBB,2014B,0.0,0.0,0.0
628618,CCC,2014J,0.0,0.0,0.0
628630,GGG,2014B,0.0,0.0,0.0
628631,DDD,2014J,0.1,0.09523809523809523,0.0975609756097561
628635,BBB,2014B,0.05,0.25,0.08333333333333334
628642,DDD,2014B,0.05,0.14285714285714285,0.07407407407407408
628656,BBB,2014J,0.05,0.04,0.044444444444444446
628663,CCC,2014B,0.0,0.0,0.0
628669,GGG,2014B,0.0,0.0,0.0
628679,BBB,2014J,0.05,0.05555555555555555,0.052631578947368425
628712,GGG,2014B,0.2,0.2857142857142857,0.23529411764705882
628718,EEE,2014B,0.0,0.0,0.0
628720,FFF,2014B,0.1,0.05555555555555555,0.07142857142857142
628741,EEE,2014J,0.2,0.5714285714285714,0.29629629629629634
628751,BBB,2014B,0.05,0.1,0.06666666666666667
628766,EEE,2014J,0.1,0.5,0.16666666666666669
628777,CCC,2014J,0.05,0.034482758620689655,0.04081632653061224
628777,EEE,2014B,0.35,0.6363636363636364,0.45161290322580644
628803,FFF,2014B,0.1,0.03636363636363636,0.05333333333333334
628806,DDD,2014B,0.0,0.0,0.0
628835,DDD,2014B,0.05,0.029411764705882353,0.03703703703703704
628837,FFF,2014B,0.0,0.0,0.0
628841,FFF,2014B,0.05,0.1111111111111111,0.06896551724137932
628846,CCC,2014J,0.0,0.0,0.0
628846,FFF,2014B,0.05,0.1,0.06666666666666667
628869,GGG,2014B,0.2,0.26666666666666666,0.2285714285714286
628870,GGG,2014B,0.15,0.17647058823529413,0.16216216216216214
628881,GGG,2014B,0.3,0.35294117647058826,0.3243243243243243
628888,FFF,2014J,0.1,0.06666666666666667,0.08
628910,CCC,2014J,0.25,0.1282051282051282,0.1694915254237288
628910,EEE,2014B,0.15,0.3333333333333333,0.20689655172413793
628915,DDD,2014B,0.0,0.0,0.0
628925,FFF,2014B,0.1,0.06666666666666667,0.08
628929,GGG,2014B,0.15,0.15789473684210525,0.15384615384615385
628931,GGG,2014B,0.15,0.23076923076923078,0.18181818181818185
628941,BBB,2014B,0.05,1.0,0.09523809523809523
628954,BBB,2014B,0.0,0.0,0.0
628956,DDD,2014B,0.05,0.02127659574468085,0.029850746268656716
628959,EEE,2014B,0.25,0.5555555555555556,0.3448275862068966
628964,FFF,2014J,0.4,0.10526315789473684,0.16666666666666666
628972,FFF,2014B,0.05,0.038461538461538464,0.043478260869565216
628982,BBB,2014B,0.05,0.3333333333333333,0.08695652173913045
628991,BBB,2014J,0.15,0.14285714285714285,0.14634146341463414
628995,FFF,2014B,0.0,0.0,0.0
629000,DDD,2014B,0.05,0.5,0.09090909090909091
629014,EEE,2014J,0.2,0.8,0.32000000000000006
629022,FFF,2014B,0.05,0.03333333333333333,0.04
629026,BBB,2014B,0.15,0.12,0.1333333333333333
629029,FFF,2014J,0.15,0.1,0.12
629037,BBB,2014B,0.0,0.0,0.0
629044,BBB,2014B,0.1,0.4,0.16000000000000003
629053,BBB,2014J,0.15,0.17647058823529413,0.16216216216216214
629055,DDD,2014B,0.05,0.09090909090909091,0.06451612903225806
629056,CCC,2014J,0.05,0.1111111111111111,0.06896551724137932
629060,BBB,2014B,0.0,0.0,0.0
629094,BBB,2014B,0.0,0.0,0.0
629096,FFF,2014B,0.05,0.045454545454545456,0.04761904761904762
629101,EEE,2014J,0.05,0.14285714285714285,0.07407407407407408
629103,BBB,2014B,0.0,0.0,0.0
629127,BBB,2014J,0.25,0.2,0.22222222222222224
629153,GGG,2014B,0.25,0.35714285714285715,0.2941176470588235
629164,CCC,2014B,0.3,0.20689655172413793,0.24489795918367346
629182,FFF,2014J,0.0,0.0,0.0
629198,GGG,2014B,0.2,0.26666666666666666,0.2285714285714286
629202,EEE,2014B,0.15,0.2727272727272727,0.19354838709677416
629240,BBB,2014B,0.15,0.14285714285714285,0.14634146341463414
629244,FFF,2014B,0.1,0.07407407407407407,0.0851063829787234
629245,BBB,2014J,0.2,0.16,0.17777777777777778
629258,GGG,2014J,0.25,0.3125,0.2777777777777778
629267,FFF,2014B,0.1,0.3333333333333333,0.15384615384615383
629274,BBB,2014B,0.05,0.3333333333333333,0.08695652173913045
629291,FFF,2014B,0.3,0.08108108108108109,0.12765957446808512
629303,FFF,2014B,0.15,0.125,0.13636363636363635
629309,DDD,2014J,0.1,0.044444444444444446,0.061538461538461535
629310,GGG,2014B,0.05,0.1,0.06666666666666667
629342,CCC,2014B,0.05,0.09090909090909091,0.06451612903225806
629342,EEE,2014B,0.2,0.8,0.32000000000000006
629379,DDD,2014J,0.05,0.020833333333333332,0.029411764705882353
629400,EEE,2014J,0.3,0.5,0.37499999999999994
629405,CCC,2014J,0.05,0.125,0.07142857142857144
629405,DDD,2014B,0.3,0.08450704225352113,0.13186813186813187
629414,FFF,2014B,0.2,0.13793103448275862,0.16326530612244897
629452,DDD,2014B,0.1,0.05405405405405406,0.07017543859649122
629490,BBB,2014B,0.0,0.0,0.0
629491,FFF,2014J,0.1,0.07692307692307693,0.08695652173913043
629500,EEE,2014B,0.0,0.0,0.0
629504,BBB,2014B,0.0,0.0,0.0
629506,EEE,2014B,0.05,0.3333333333333333,0.08695652173913045
629507,BBB,2014B,0.0,0.0,0.0
629514,GGG,2014B,0.05,1.0,0.09523809523809523
629522,FFF,2014B,0.05,0.5,0.09090909090909091
629522,FFF,2014J,0.0,0.0,0.0
629523,CCC,2014J,0.1,0.16666666666666666,0.125
629535,CCC,2014J,0.05,0.05263157894736842,0.05128205128205128
629535,EEE,2014J,0.2,0.3333333333333333,0.25
629540,FFF,2014B,0.15,0.08571428571428572,0.10909090909090909
629541,FFF,2014B,0.1,0.041666666666666664,0.058823529411764705
629553,BBB,2014J,0.0,0.0,0.0
629554,BBB,2014B,0.0,0.0,0.0
629560,CCC,2014J,0.0,0.0,0.0
629601,EEE,2014B,0.05,0.1111111111111111,0.06896551724137932
629603,FFF,2014B,0.15,0.0625,0.08823529411764706
629607,CCC,2014J,0.15,0.14285714285714285,0.14634146341463414
629619,BBB,2014B,0.0,0.0,0.0
629632,DDD,2014B,0.1,0.1111111111111111,0.10526315789473685
629633,GGG,2014B,0.2,0.2857142857142857,0.23529411764705882
629642,EEE,2014J,0.0,0.0,0.0
629654,CCC,2014B,0.1,0.3333333333333333,0.15384615384615383
629654,EEE,2014B,0.0,0.0,0.0
629692,CCC,2014J,0.15,0.12,0.1333333333333333
629692,FFF,2014B,0.05,0.04,0.044444444444444446
629693,FFF,2014B,0.05,0.030303030303030304,0.03773584905660378
629696,CCC,2014J,0.0,0.0,0.0
629696,DDD,2014B,0.1,0.0425531914893617,0.05970149253731343
629699,DDD,2014B,0.0,0.0,0.0
629703,DDD,2014J,0.15,0.09375,0.11538461538461538
629710,CCC,2014B,0.15,0.13636363636363635,0.14285714285714282
629710,DDD,2014B,0.25,0.04716981132075472,0.07936507936507937
629725,DDD,2014B,0.05,0.043478260869565216,0.046511627906976744
629736,GGG,2014B,0.15,0.23076923076923078,0.18181818181818185
629739,FFF,2014B,0.15,0.07894736842105263,0.10344827586206896
629745,GGG,2014B,0.05,0.07142857142857142,0.058823529411764705
629753,EEE,2014B,0.2,0.5,0.28571428571428575
629766,CCC,2014B,0.1,0.08,0.08888888888888889
629772,GGG,2014B,0.15,0.2,0.17142857142857143
629777,GGG,2014B,0.15,0.3333333333333333,0.20689655172413793
629779,GGG,2014B,0.1,0.2,0.13333333333333333
629813,GGG,2014B,0.05,0.3333333333333333,0.08695652173913045
629818,FFF,2014J,0.15,0.07142857142857142,0.09677419354838708
629820,GGG,2014B,0.15,0.2727272727272727,0.19354838709677416
629822,DDD,2014B,0.05,0.045454545454545456,0.04761904761904762
629835,BBB,2014B,0.0,0.0,0.0
629853,GGG,2014B,0.0,0.0,0.0
629862,CCC,2014B,0.05,0.06666666666666667,0.05714285714285715
629862,EEE,2014J,0.1,0.2,0.13333333333333333
629873,FFF,2014B,0.1,0.05714285714285714,0.07272727272727272
629876,DDD,2014B,0.05,0.125,0.07142857142857144
629877,DDD,2014B,0.15,0.06666666666666667,0.09230769230769231
629878,DDD,2014J,0.35,0.1794871794871795,0.23728813559322035
629881,FFF,2014B,0.05,0.027777777777777776,0.03571428571428571
629886,BBB,2014B,0.0,0.0,0.0
629891,BBB,2014B,0.05,0.05555555555555555,0.052631578947368425
629898,DDD,2014B,0.05,0.034482758620689655,0.04081632653061224
629906,EEE,2014B,0.0,0.0,0.0
629921,DDD,2014B,0.05,0.03225806451612903,0.0392156862745098
629922,FFF,2014J,0.0,0.0,0.0
629923,BBB,2014B,0.05,0.1111111111111111,0.06896551724137932
629938,FFF,2014B,0.05,0.029411764705882353,0.03703703703703704
629944,FFF,2014J,0.1,0.05555555555555555,0.07142857142857142
629961,GGG,2014B,0.0,0.0,0.0
629978,GGG,2014B,0.05,0.1111111111111111,0.06896551724137932
629993,FFF,2014B,0.0,0.0,0.0
630012,CCC,2014B,0.1,0.1111111111111111,0.10526315789473685
630013,CCC,2014J,0.15,0.08333333333333333,0.10714285714285714
630013,FFF,2014B,0.0,0.0,0.0
630015,FFF,2014B,0.0,0.0,0.0
630028,BBB,2014B,0.1,0.10526315789473684,0.10256410256410256
630029,BBB,2014B,0.05,0.1,0.06666666666666667
630030,BBB,2014B,0.05,0.07142857142857142,0.058823529411764705
630045,FFF,2014B,0.1,0.043478260869565216,0.06060606060606061
630047,CCC,2014B,0.15,0.3333333333333333,0.20689655172413793
630047,EEE,2014B,0.25,0.5,0.3333333333333333
630052,BBB,2014B,0.05,0.125,0.07142857142857144
630053,BBB,2014B,0.0,0.0,0.0
630073,DDD,2014B,0.05,0.045454545454545456,0.04761904761904762
630083,FFF,2014B,0.1,0.06666666666666667,0.08
630086,CCC,2014B,0.05,0.06666666666666667,0.05714285714285715
630086,EEE,2014B,0.1,0.4,0.16000000000000003
630090,BBB,2014B,0.0,0.0,0.0
630099,GGG,2014B,0.2,0.19047619047619047,0.1951219512195122
630105,EEE,2014J,0.1,0.15384615384615385,0.12121212121212123
630106,EEE,2014J,0.15,0.3333333333333333,0.20689655172413793
630108,GGG,2014B,0.2,0.19047619047619047,0.1951219512195122
630109,FFF,2014J,0.05,0.04,0.044444444444444446
630137,DDD,2014B,0.0,0.0,0.0
630142,AAA,2014J,0.05,0.5,0.09090909090909091
630157,CCC,2014B,0.05,0.06666666666666667,0.05714285714285715
630158,FFF,2014J,0.55,0.08029197080291971,0.14012738853503184
630165,EEE,2014B,0.2,0.3076923076923077,0.24242424242424246
630168,FFF,2014B,0.0,0.0,0.0
630177,CCC,2014J,0.0,0.0,0.0
630177,FFF,2014B,0.35,0.10294117647058823,0.1590909090909091
630178,CCC,2014B,0.05,0.07692307692307693,0.060606060606060615
630178,DDD,2014B,0.0,0.0,0.0
630200,CCC,2014J,0.0,0.0,0.0
630200,DDD,2014B,0.1,0.1,0.10000000000000002
630211,CCC,2014B,0.05,0.125,0.07142857142857144
630219,GGG,2014B,0.1,0.2857142857142857,0.14814814814814817
630221,GGG,2014B,0.2,0.26666666666666666,0.2285714285714286
630242,GGG,2014B,0.0,0.0,0.0
630260,BBB,2014B,0.0,0.0,0.0
630264,FFF,2014B,0.05,0.037037037037037035,0.0425531914893617
630315,BBB,2014B,0.1,0.10526315789473684,0.10256410256410256
630326,FFF,2014B,0.15,0.061224489795918366,0.08695652173913043
630328,DDD,2014J,0.0,0.0,0.0
630333,BBB,2014B,0.0,0.0,0.0
630345,BBB,2014B,0.0,0.0,0.0
630354,DDD,2014J,0.05,1.0,0.09523809523809523
630372,BBB,2014B,0.0,0.0,0.0
630380,DDD,2014J,0.05,0.047619047619047616,0.04878048780487805
630393,BBB,2014B,0.05,0.0625,0.05555555555555556
630404,BBB,2014J,0.05,0.05,0.05000000000000001
630415,BBB,2014B,0.05,0.047619047619047616,0.04878048780487805
630430,CCC,2014J,0.25,0.16129032258064516,0.19607843137254902
630432,DDD,2014B,0.05,0.027777777777777776,0.03571428571428571
630443,BBB,2014B,0.0,0.0,0.0
630446,GGG,2014B,0.2,0.2857142857142857,0.23529411764705882
630449,CCC,2014B,0.05,0.1,0.06666666666666667
630449,EEE,2014B,0.3,0.5454545454545454,0.3870967741935483
630451,BBB,2014B,0.05,0.05263157894736842,0.05128205128205128
630452,CCC,2014J,0.15,0.3333333333333333,0.20689655172413793
630452,FFF,2014B,0.2,0.13333333333333333,0.16
630467,CCC,2014J,0.4,0.18181818181818182,0.25000000000000006
630479,CCC,2014J,0.2,0.15384615384615385,0.17391304347826086
630479,FFF,2014B,0.2,0.0975609756097561,0.13114754098360656
630488,FFF,2014B,0.2,0.13333333333333333,0.16
630496,GGG,2014B,0.0,0.0,0.0
630519,CCC,2014J,0.15,0.13636363636363635,0.14285714285714282
630519,EEE,2014J,0.3,0.3333333333333333,0.3157894736842105
630522,GGG,2014B,0.1,0.25,0.14285714285714288
630540,CCC,2014B,0.0,0.0,0.0
630540,EEE,2014B,0.0,0.0,0.0
630541,EEE,2014J,0.05,0.14285714285714285,0.07407407407407408
630549,BBB,2014B,0.0,0.0,0.0
630561,BBB,2014B,0.0,0.0,0.0
630569,GGG,2014B,0.2,0.23529411764705882,0.2162162162162162
630585,CCC,2014B,0.0,0.0,0.0
630585,EEE,2014B,0.05,1.0,0.09523809523809523
630586,BBB,2014B,0.0,0.0,0.0
630596,DDD,2014B,0.25,0.07575757575757576,0.11627906976744187
630597,BBB,2014J,0.0,0.0,0.0
630606,CCC,2014B,0.1,0.3333333333333333,0.15384615384615383
630606,EEE,2014B,0.05,0.2,0.08000000000000002
630608,BBB,2014B,0.0,0.0,0.0
630613,CCC,2014B,0.1,0.10526315789473684,0.10256410256410256
630613,DDD,2014B,0.25,0.08620689655172414,0.12820512820512822
630634,FFF,2014B,0.0,0.0,0.0
630635,CCC,2014B,0.05,0.045454545454545456,0.04761904761904762
630635,EEE,2014B,0.1,0.5,0.16666666666666669
630653,FFF,2014B,0.1,0.07407407407407407,0.0851063829787234
630654,FFF,2014B,0.0,0.0,0.0
630655,FFF,2014B,0.1,0.09523809523809523,0.0975609756097561
630671,FFF,2014B,0.0,0.0,0.0
630697,BBB,2014J,0.0,0.0,0.0
630716,BBB,2014J,0.0,0.0,0.0
630718,BBB,2014B,0.1,0.14285714285714285,0.11764705882352941
630722,EEE,2014B,0.05,0.125,0.07142857142857144
630730,CCC,2014B,0.25,0.17857142857142858,0.20833333333333331
630734,FFF,2014B,0.4,0.10126582278481013,0.16161616161616163
630736,BBB,2014B,0.0,0.0,0.0
630759,FFF,2014B,0.05,0.1111111111111111,0.06896551724137932
630762,GGG,2014B,0.0,0.0,0.0
630763,BBB,2014B,0.1,0.25,0.14285714285714288
630770,GGG,2014B,0.2,0.23529411764705882,0.2162162162162162
630774,DDD,2014B,0.1,0.07692307692307693,0.08695652173913043
630778,BBB,2014B,0.2,0.12121212121212122,0.15094339622641512
630787,GGG,2014B,0.1,0.2222222222222222,0.13793103448275865
630788,GGG,2014B,0.2,0.25,0.22222222222222224
630794,BBB,2014B,0.0,0.0,0.0
630818,DDD,2014B,0.1,0.04,0.05714285714285714
630823,BBB,2014B,0.0,0.0,0.0
630830,FFF,2014B,0.05,0.037037037037037035,0.0425531914893617
630834,BBB,2014J,0.1,0.07692307692307693,0.08695652173913043
630834,GGG,2014B,0.0,0.0,0.0
630835,FFF,2014J,0.1,0.16666666666666666,0.125
630841,GGG,2014B,0.1,0.07407407407407407,0.0851063829787234
630854,FFF,2014B,0.0,0.0,0.0
630858,DDD,2014J,0.0,0.0,0.0
630859,FFF,2014B,0.15,0.08571428571428572,0.10909090909090909
630863,GGG,2014B,0.15,0.15789473684210525,0.15384615384615385
630876,BBB,2014B,0.1,0.14285714285714285,0.11764705882352941
630881,GGG,2014B,0.15,0.15,0.15
630888,EEE,2014B,0.0,0.0,0.0
630891,FFF,2014B,0.05,0.023255813953488372,0.031746031746031744
630896,CCC,2014B,0.0,0.0,0.0
630900,DDD,2014J,0.05,0.1,0.06666666666666667
630900,EEE,2014B,0.25,0.3333333333333333,0.28571428571428575
630905,CCC,2014J,0.3,0.15789473684210525,0.20689655172413793
630905,FFF,2014J,0.3,0.0759493670886076,0.12121212121212122
630910,FFF,2014J,0.1,0.04878048780487805,0.06557377049180328
630912,CCC,2014B,0.1,0.25,0.14285714285714288
630912,FFF,2014B,0.1,0.2,0.13333333333333333
630924,FFF,2014B,0.05,0.058823529411764705,0.05405405405405405
630935,CCC,2014J,0.15,0.15,0.15
630935,DDD,2014B,0.15,0.07142857142857142,0.09677419354838708
630937,FFF,2014B,0.05,0.02631578947368421,0.034482758620689655
630944,BBB,2014B,0.0,0.0,0.0
630946,GGG,2014B,0.15,0.1875,0.16666666666666663
630948,DDD,2014B,0.1,0.05405405405405406,0.07017543859649122
630966,FFF,2014B,0.05,0.014084507042253521,0.02197802197802198
630992,FFF,2014J,0.0,0.0,0.0
631016,EEE,2014B,0.35,0.6363636363636364,0.45161290322580644
631023,FFF,2014B,0.35,0.1076923076923077,0.16470588235294117
631029,DDD,2014B,0.0,0.0,0.0
631033,GGG,2014B,0.1,0.15384615384615385,0.12121212121212123
631044,CCC,2014B,0.1,0.08333333333333333,0.0909090909090909
631055,DDD,2014J,0.15,0.06818181818181818,0.09374999999999999
631073,CCC,2014J,0.05,0.1,0.06666666666666667
631073,EEE,2014B,0.3,0.6666666666666666,0.41379310344827586
631075,FFF,2014J,0.0,0.0,0.0
631081,BBB,2014B,0.05,0.1,0.06666666666666667
631086,BBB,2014B,0.05,0.5,0.09090909090909091
631099,FFF,2014B,0.1,0.07692307692307693,0.08695652173913043
631104,FFF,2014B,0.2,0.11428571428571428,0.14545454545454545
631108,BBB,2014B,0.0,0.0,0.0
631109,BBB,2014B,0.1,0.15384615384615385,0.12121212121212123
631113,EEE,2014J,0.05,0.1111111111111111,0.06896551724137932
631117,CCC,2014J,0.15,0.08108108108108109,0.10526315789473685
631117,EEE,2014B,0.05,0.16666666666666666,0.07692307692307691
631122,CCC,2014B,0.0,0.0,0.0
631131,DDD,2014B,0.4,0.11594202898550725,0.1797752808988764
631132,BBB,2014B,0.05,0.125,0.07142857142857144
631189,GGG,2014B,0.05,0.14285714285714285,0.07407407407407408
631201,GGG,2014B,0.3,0.3,0.3
631207,DDD,2014B,0.0,0.0,0.0
631225,BBB,2014B,0.0,0.0,0.0
631230,BBB,2014J,0.15,0.11538461538461539,0.13043478260869565
631235,FFF,2014B,0.05,0.0625,0.05555555555555556
631240,DDD,2014B,0.0,0.0,0.0
631240,DDD,2014J,0.05,0.05555555555555555,0.052631578947368425
631247,CCC,2014J,0.15,0.15,0.15
631247,FFF,2014B,0.1,0.043478260869565216,0.06060606060606061
631248,BBB,2014J,0.1,0.06666666666666667,0.08
631257,DDD,2014B,0.1,0.05,0.06666666666666667
631277,GGG,2014B,0.1,0.14285714285714285,0.11764705882352941
631290,GGG,2014B,0.2,0.2222222222222222,0.2105263157894737
631299,DDD,2014B,0.05,0.1111111111111111,0.06896551724137932
631300,FFF,2014B,0.05,0.034482758620689655,0.04081632653061224
631311,FFF,2014B,0.1,0.10526315789473684,0.10256410256410256
631322,DDD,2014B,0.05,0.022222222222222223,0.030769230769230767
631327,FFF,2014B,0.0,0.0,0.0
631334,CCC,2014B,0.05,0.06666666666666667,0.05714285714285715
631334,EEE,2014B,0.25,0.35714285714285715,0.2941176470588235
631341,BBB,2014B,0.05,0.5,0.09090909090909091
631356,EEE,2014B,0.1,0.2857142857142857,0.14814814814814817
631384,BBB,2014B,0.0,0.0,0.0
631388,DDD,2014B,0.15,0.05084745762711865,0.0759493670886076
631392,GGG,2014B,0.2,0.25,0.22222222222222224
631416,BBB,2014J,0.0,0.0,0.0
631439,DDD,2014B,0.2,0.13333333333333333,0.16
631441,BBB,2014B,0.05,0.05,0.05000000000000001
631445,BBB,2014B,0.0,0.0,0.0
631446,GGG,2014B,0.1,0.18181818181818182,0.12903225806451613
631453,CCC,2014B,0.0,0.0,0.0
631453,EEE,2014B,0.15,0.3333333333333333,0.20689655172413793
631454,GGG,2014B,0.2,0.2857142857142857,0.23529411764705882
631455,CCC,2014B,0.1,0.11764705882352941,0.1081081081081081
631467,FFF,2014B,0.0,0.0,0.0
631473,CCC,2014B,0.45,0.21951219512195122,0.29508196721311475
631473,FFF,2014B,0.2,0.07017543859649122,0.10389610389610389
631491,CCC,2014J,0.45,0.2,0.27692307692307694
631492,BBB,2014B,0.05,0.25,0.08333333333333334
631509,EEE,2014B,0.0,0.0,0.0
631514,DDD,2014B,0.1,0.04,0.05714285714285714
631515,BBB,2014B,0.1,0.11764705882352941,0.1081081081081081
631530,BBB,2014B,0.0,0.0,0.0
631542,GGG,2014B,0.1,0.18181818181818182,0.12903225806451613
631561,BBB,2014B,0.0,0.0,0.0
631569,DDD,2014B,0.0,0.0,0.0
631573,CCC,2014J,0.25,0.14285714285714285,0.18181818181818182
631583,CCC,2014B,0.0,0.0,0.0
631603,DDD,2014J,0.0,0.0,0.0
631613,BBB,2014B,0.15,0.14285714285714285,0.14634146341463414
631639,DDD,2014B,0.05,0.06666666666666667,0.05714285714285715
631640,BBB,2014J,0.15,0.6,0.24
631650,BBB,2014B,0.0,0.0,0.0
631655,CCC,2014B,0.2,0.17391304347826086,0.18604651162790697
631655,EEE,2014B,0.05,0.16666666666666666,0.07692307692307691
631658,FFF,2014J,0.3,0.07228915662650602,0.11650485436893204
631663,CCC,2014J,0.1,0.07142857142857142,0.08333333333333333
631670,DDD,2014B,0.1,0.05714285714285714,0.07272727272727272
631673,FFF,2014B,0.0,0.0,0.0
631679,BBB,2014B,0.05,0.1111111111111111,0.06896551724137932
631680,FFF,2014B,0.25,0.14705882352941177,0.18518518518518517
631681,FFF,2014J,0.05,0.06666666666666667,0.05714285714285715
631699,CCC,2014B,0.1,0.07407407407407407,0.0851063829787234
631715,CCC,2014B,0.2,0.19047619047619047,0.1951219512195122
631715,FFF,2014J,0.1,0.07142857142857142,0.08333333333333333
631719,FFF,2014B,0.15,0.1875,0.16666666666666663
631723,GGG,2014J,0.4,0.5714285714285714,0.47058823529411764
631724,BBB,2014B,0.0,0.0,0.0
631740,FFF,2014J,0.05,0.047619047619047616,0.04878048780487805
631753,GGG,2014B,0.0,0.0,0.0
631765,FFF,2014B,0.05,0.05263157894736842,0.05128205128205128
631766,BBB,2014B,0.1,0.16666666666666666,0.125
631771,CCC,2014J,0.35,0.16279069767441862,0.22222222222222227
631771,DDD,2014B,0.05,0.019230769230769232,0.027777777777777776
631772,CCC,2014B,0.2,0.21052631578947367,0.20512820512820512
631777,BBB,2014B,0.1,0.14285714285714285,0.11764705882352941
631786,GGG,2014B,0.0,0.0,0.0
631835,DDD,2014J,0.1,0.058823529411764705,0.07407407407407408
631837,FFF,2014J,0.1,0.022727272727272728,0.037037037037037035
631848,BBB,2014B,0.0,0.0,0.0
631850,CCC,2014B,0.2,0.26666666666666666,0.2285714285714286
631851,CCC,2014J,0.2,0.15384615384615385,0.17391304347826086
631851,DDD,2014B,0.2,0.125,0.15384615384615385
631853,FFF,2014B,0.05,0.05555555555555555,0.052631578947368425
631860,FFF,2014B,0.2,0.07272727272727272,0.10666666666666667
631870,CCC,2014J,0.05,1.0,0.09523809523809523
631880,FFF,2014B,0.2,0.1111111111111111,0.14285714285714285
631884,FFF,2014B,0.15,0.07894736842105263,0.10344827586206896
631913,FFF,2014B,0.05,0.0625,0.05555555555555556
631924,CCC,2014J,0.2,0.15384615384615385,0.17391304347826086
631924,FFF,2014J,0.1,0.09090909090909091,0.09523809523809525
631935,GGG,2014B,0.2,0.21052631578947367,0.20512820512820512
631953,GGG,2014B,0.1,0.2,0.13333333333333333
631954,BBB,2014J,0.0,0.0,0.0
631981,CCC,2014B,0.25,0.17857142857142858,0.20833333333333331
631998,DDD,2014J,0.1,0.10526315789473684,0.10256410256410256
632004,CCC,2014J,0.25,0.10638297872340426,0.1492537313432836
632004,EEE,2014B,0.05,0.14285714285714285,0.07407407407407408
632017,CCC,2014B,0.1,0.14285714285714285,0.11764705882352941
632019,FFF,2014B,0.15,0.125,0.13636363636363635
632044,FFF,2014B,0.05,0.05263157894736842,0.05128205128205128
632074,CCC,2014B,0.15,0.16666666666666666,0.15789473684210525
632074,EEE,2014B,0.1,0.2857142857142857,0.14814814814814817
632074,FFF,2014J,0.1,0.0425531914893617,0.05970149253731343
632078,FFF,2014B,0.0,0.0,0.0
632083,CCC,2014J,0.1,0.2,0.13333333333333333
632083,EEE,2014B,0.05,0.3333333333333333,0.08695652173913045
632084,BBB,2014B,0.0,0.0,0.0
632093,DDD,2014J,0.05,0.03571428571428571,0.041666666666666664
632111,CCC,2014B,0.1,0.2857142857142857,0.14814814814814817
632111,EEE,2014B,0.05,0.1111111111111111,0.06896551724137932
632114,FFF,2014B,0.0,0.0,0.0
632125,DDD,2014B,0.0,0.0,0.0
632148,BBB,2014B,0.0,0.0,0.0
632153,GGG,2014B,0.05,0.125,0.07142857142857144
632161,GGG,2014J,0.2,0.2,0.20000000000000004
632195,DDD,2014B,0.0,0.0,0.0
632205,DDD,2014B,0.05,0.1,0.06666666666666667
632215,DDD,2014B,0.1,0.058823529411764705,0.07407407407407408
632254,BBB,2014B,0.05,0.07142857142857142,0.058823529411764705
632255,BBB,2014J,0.0,0.0,0.0
632258,FFF,2014B,0.2,0.06779661016949153,0.10126582278481014
632266,GGG,2014J,0.15,0.21428571428571427,0.1764705882352941
632281,BBB,2014J,0.0,0.0,0.0
632290,FFF,2014J,0.05,0.029411764705882353,0.03703703703703704
632302,BBB,2014B,0.1,0.15384615384615385,0.12121212121212123
632305,DDD,2014B,0.05,0.1111111111111111,0.06896551724137932
632306,FFF,2014B,0.0,0.0,0.0
632313,CCC,2014B,0.2,0.16666666666666666,0.1818181818181818
632314,DDD,2014J,0.05,0.09090909090909091,0.06451612903225806
632316,FFF,2014B,0.05,0.03333333333333333,0.04
632339,FFF,2014B,0.2,0.0784313725490196,0.11267605633802816
632363,FFF,2014B,0.0,0.0,0.0
632365,GGG,2014J,0.3,0.35294117647058826,0.3243243243243243
632368,GGG,2014J,0.1,0.25,0.14285714285714288
632378,CCC,2014J,0.0,0.0,0.0
632379,FFF,2014B,0.05,0.05555555555555555,0.052631578947368425
632380,FFF,2014B,0.05,0.1,0.06666666666666667
632389,EEE,2014B,0.05,0.1,0.06666666666666667
632402,FFF,2014B,0.15,0.08823529411764706,0.11111111111111112
632451,CCC,2014J,0.25,0.19230769230769232,0.2173913043478261
632454,BBB,2014B,0.0,0.0,0.0
632458,FFF,2014J,0.2,0.07017543859649122,0.10389610389610389
632459,CCC,2014B,0.05,0.0625,0.05555555555555556
632459,EEE,2014B,0.3,0.5,0.37499999999999994
632475,GGG,2014B,0.15,0.23076923076923078,0.18181818181818185
632482,DDD,2014B,0.0,0.0,0.0
632483,GGG,2014B,0.1,0.15384615384615385,0.12121212121212123
632485,GGG,2014B,0.1,0.125,0.11111111111111112
632503,BBB,2014B,0.15,0.08108108108108109,0.10526315789473685
632506,CCC,2014B,0.0,0.0,0.0
632512,GGG,2014B,0.1,0.11764705882352941,0.1081081081081081
632513,FFF,2014B,0.3,0.12,0.17142857142857143
632514,GGG,2014B,0.15,0.21428571428571427,0.1764705882352941
632526,GGG,2014B,0.2,0.18181818181818182,0.1904761904761905
632543,GGG,2014B,0.2,0.2857142857142857,0.23529411764705882
632544,FFF,2014B,0.15,0.06,0.08571428571428572
632546,CCC,2014B,0.0,0.0,0.0
632551,DDD,2014B,0.05,0.06666666666666667,0.05714285714285715
632554,CCC,2014B,0.15,0.10344827586206896,0.12244897959183673
632556,FFF,2014J,0.1,0.058823529411764705,0.07407407407407408
632559,GGG,2014B,0.25,0.3333333333333333,0.28571428571428575
632569,GGG,2014B,0.2,0.23529411764705882,0.2162162162162162
632571,CCC,2014B,0.0,0.0,0.0
632575,CCC,2014J,0.15,0.15789473684210525,0.15384615384615385
632577,GGG,2014B,0.25,0.2631578947368421,0.25641025641025644
632578,BBB,2014B,0.0,0.0,0.0
632588,FFF,2014B,0.05,0.025,0.03333333333333333
632597,CCC,2014B,0.05,0.5,0.09090909090909091
632597,FFF,2014J,0.0,0.0,0.0
632605,BBB,2014J,0.1,0.4,0.16000000000000003
632619,GGG,2014B,0.05,0.25,0.08333333333333334
632620,FFF,2014B,0.1,0.08333333333333333,0.0909090909090909
632623,FFF,2014B,0.05,0.03125,0.038461538461538464
632626,EEE,2014J,0.35,0.4375,0.38888888888888884
632632,BBB,2014J,0.15,0.15,0.15
632635,EEE,2014J,0.2,0.25,0.22222222222222224
632637,CCC,2014J,0.05,0.1,0.06666666666666667
632638,GGG,2014B,0.0,0.0,0.0
632640,GGG,2014B,0.1,0.2857142857142857,0.14814814814814817
632641,EEE,2014B,0.15,0.1875,0.16666666666666663
632645,DDD,2014J,0.05,0.024390243902439025,0.03278688524590164
632658,BBB,2014B,0.05,0.2,0.08000000000000002
632667,GGG,2014B,0.3,0.35294117647058826,0.3243243243243243
632673,GGG,2014B,0.15,0.23076923076923078,0.18181818181818185
632675,GGG,2014B,0.1,0.13333333333333333,0.1142857142857143
632680,DDD,2014B,0.2,0.09302325581395349,0.12698412698412698
632682,BBB,2014B,0.05,0.08333333333333333,0.0625
632687,GGG,2014B,0.1,0.1111111111111111,0.10526315789473685
632691,FFF,2014B,0.0,0.0,0.0
632698,FFF,2014B,0.05,0.045454545454545456,0.04761904761904762
632700,EEE,2014B,0.2,0.5,0.28571428571428575
632704,BBB,2014B,0.0,0.0,0.0
632705,FFF,2014B,0.0,0.0,0.0
632709,CCC,2014J,0.25,0.21739130434782608,0.23255813953488372
632712,BBB,2014B,0.05,0.3333333333333333,0.08695652173913045
632741,DDD,2014B,0.25,0.125,0.16666666666666666
632752,BBB,2014B,0.05,0.041666666666666664,0.04545454545454545
632756,CCC,2014J,0.15,0.10714285714285714,0.125
632790,DDD,2014B,0.1,0.0392156862745098,0.05633802816901408
632800,EEE,2014B,0.1,0.2222222222222222,0.13793103448275865
632823,BBB,2014B,0.0,0.0,0.0
632826,FFF,2014J,0.3,0.10714285714285714,0.15789473684210525
632831,DDD,2014J,0.05,0.07142857142857142,0.058823529411764705
632836,CCC,2014B,0.1,0.08,0.08888888888888889
632836,FFF,2014J,0.3,0.07894736842105263,0.125
632840,FFF,2014B,0.05,0.0625,0.05555555555555556
632845,DDD,2014B,0.15,0.1111111111111111,0.12765957446808512
632848,FFF,2014B,0.15,0.07317073170731707,0.09836065573770492
632866,CCC,2014J,0.0,0.0,0.0
632869,BBB,2014B,0.0,0.0,0.0
632877,DDD,2014J,0.2,0.10256410256410256,0.13559322033898302
632883,EEE,2014B,0.05,0.2,0.08000000000000002
632895,FFF,2014B,0.05,0.07142857142857142,0.058823529411764705
632900,CCC,2014B,0.0,0.0,0.0
632904,EEE,2014B,0.25,0.45454545454545453,0.3225806451612903
632929,FFF,2014B,0.1,0.06451612903225806,0.0784313725490196
632936,GGG,2014B,0.2,0.21052631578947367,0.20512820512820512
632947,FFF,2014B,0.2,0.16,0.17777777777777778
632950,EEE,2014J,0.1,0.13333333333333333,0.1142857142857143
632955,BBB,2014J,0.1,0.14285714285714285,0.11764705882352941
632959,GGG,2014B,0.2,0.21052631578947367,0.20512820512820512
632966,GGG,2014B,0.05,1.0,0.09523809523809523
632977,EEE,2014B,0.25,0.5555555555555556,0.3448275862068966
632989,GGG,2014B,0.3,0.35294117647058826,0.3243243243243243
632991,FFF,2014B,0.05,0.02702702702702703,0.03508771929824561
633008,CCC,2014J,0.1,0.14285714285714285,0.11764705882352941
633008,DDD,2014B,0.05,0.02564102564102564,0.033898305084745756
633024,BBB,2014B,0.0,0.0,0.0
633026,GGG,2014B,0.2,0.36363636363636365,0.25806451612903225
633047,FFF,2014B,0.1,0.05263157894736842,0.06896551724137931
633060,GGG,2014J,0.1,0.2222222222222222,0.13793103448275865
633069,CCC,2014J,0.0,0.0,0.0
633077,FFF,2014B,0.05,0.037037037037037035,0.0425531914893617
633079,FFF,2014J,0.05,0.04,0.044444444444444446
633093,GGG,2014J,0.3,0.21428571428571427,0.25
633096,GGG,2014B,0.0,0.0,0.0
633098,GGG,2014B,0.2,0.23529411764705882,0.2162162162162162
633107,EEE,2014B,0.15,0.42857142857142855,0.2222222222222222
633112,CCC,2014B,0.05,0.07692307692307693,0.060606060606060615
633118,GGG,2014B,0.0,0.0,0.0
633123,GGG,2014B,0.05,0.14285714285714285,0.07407407407407408
633130,BBB,2014B,0.0,0.0,0.0
633157,FFF,2014B,0.0,0.0,0.0
633178,CCC,2014B,0.05,0.14285714285714285,0.07407407407407408
633179,CCC,2014J,0.2,0.2857142857142857,0.23529411764705882
633179,FFF,2014B,0.05,0.030303030303030304,0.03773584905660378
633193,BBB,2014B,0.05,0.09090909090909091,0.06451612903225806
633205,FFF,2014B,0.0,0.0,0.0
633208,BBB,2014B,0.0,0.0,0.0
633209,GGG,2014B,0.0,0.0,0.0
633212,BBB,2014B,0.05,0.16666666666666666,0.07692307692307691
633214,DDD,2014B,0.0,0.0,0.0
633219,FFF,2014B,0.15,0.10344827586206896,0.12244897959183673
633221,FFF,2014B,0.3,0.07894736842105263,0.125
633238,FFF,2014B,0.1,0.04878048780487805,0.06557377049180328
633250,CCC,2014B,0.3,0.23076923076923078,0.2608695652173913
633256,CCC,2014B,0.0,0.0,0.0
633257,BBB,2014B,0.0,0.0,0.0
633270,CCC,2014B,0.0,0.0,0.0
633270,EEE,2014B,0.15,0.375,0.21428571428571425
633273,DDD,2014B,0.0,0.0,0.0
633281,CCC,2014B,0.05,0.06666666666666667,0.05714285714285715
633285,GGG,2014B,0.05,0.5,0.09090909090909091
633295,DDD,2014J,0.0,0.0,0.0
633303,CCC,2014J,0.05,0.06666666666666667,0.05714285714285715
633303,FFF,2014B,0.05,0.038461538461538464,0.043478260869565216
633304,EEE,2014B,0.15,0.75,0.24999999999999997
633310,CCC,2014B,0.0,0.0,0.0
633310,EEE,2014B,0.0,0.0,0.0
633319,FFF,2014B,0.2,0.06666666666666667,0.1
633325,DDD,2014B,0.05,0.05555555555555555,0.052631578947368425
633328,CCC,2014J,0.1,0.2857142857142857,0.14814814814814817
633328,FFF,2014B,0.25,0.0625,0.1
633331,DDD,2014J,0.0,0.0,0.0
633334,EEE,2014B,0.1,0.6666666666666666,0.1739130434782609
633341,CCC,2014B,0.0,0.0,0.0
633341,DDD,2014B,0.0,0.0,0.0
633355,DDD,2014B,0.2,0.14814814814814814,0.1702127659574468
633368,DDD,2014B,0.0,0.0,0.0
633384,DDD,2014B,0.05,0.25,0.08333333333333334
633386,BBB,2014B,0.05,0.2,0.08000000000000002
633388,FFF,2014B,0.1,0.05128205128205128,0.06779661016949151
633409,DDD,2014J,0.1,0.1111111111111111,0.10526315789473685
633414,DDD,2014J,0.15,0.07142857142857142,0.09677419354838708
633417,GGG,2014B,0.0,0.0,0.0
633424,GGG,2014J,0.3,0.375,0.33333333333333326
633429,GGG,2014B,0.15,0.16666666666666666,0.15789473684210525
633432,EEE,2014B,0.1,0.2222222222222222,0.13793103448275865
633447,CCC,2014B,0.0,0.0,0.0
633453,GGG,2014B,0.2,0.2857142857142857,0.23529411764705882
633455,EEE,2014B,0.2,0.4,0.26666666666666666
633459,GGG,2014B,0.15,0.14285714285714285,0.14634146341463414
633464,GGG,2014B,0.05,0.07692307692307693,0.060606060606060615
633467,DDD,2014B,0.05,0.034482758620689655,0.04081632653061224
633472,BBB,2014B,0.05,0.08333333333333333,0.0625
633474,GGG,2014B,0.2,0.26666666666666666,0.2285714285714286
633491,BBB,2014B,0.0,0.0,0.0
633493,CCC,2014B,0.05,0.07692307692307693,0.060606060606060615
633498,GGG,2014B,0.05,0.5,0.09090909090909091
633499,BBB,2014B,0.05,0.038461538461538464,0.043478260869565216
633504,CCC,2014J,0.05,0.07142857142857142,0.058823529411764705
633504,FFF,2014B,0.05,0.1111111111111111,0.06896551724137932
633505,FFF,2014B,0.1,0.14285714285714285,0.11764705882352941
633511,CCC,2014J,0.1,0.10526315789473684,0.10256410256410256
633511,EEE,2014B,0.2,0.2857142857142857,0.23529411764705882
633514,GGG,2014B,0.05,0.1111111111111111,0.06896551724137932
633516,FFF,2014J,0.15,0.047619047619047616,0.07228915662650602
633530,EEE,2014B,0.1,0.3333333333333333,0.15384615384615383
633544,CCC,2014J,0.05,0.06666666666666667,0.05714285714285715
633544,EEE,2014B,0.2,0.4,0.26666666666666666
633555,FFF,2014J,0.1,0.0425531914893617,0.05970149253731343
633560,BBB,2014B,0.0,0.0,0.0
633561,GGG,2014J,0.2,0.26666666666666666,0.2285714285714286
633568,FFF,2014J,0.05,0.07142857142857142,0.058823529411764705
633570,BBB,2014B,0.05,0.07692307692307693,0.060606060606060615
633574,DDD,2014J,0.2,0.11428571428571428,0.14545454545454545
633585,GGG,2014B,0.15,0.3333333333333333,0.20689655172413793
633588,GGG,2014B,0.2,0.2857142857142857,0.23529411764705882
633590,BBB,2014B,0.0,0.0,0.0
633591,DDD,2014B,0.05,0.047619047619047616,0.04878048780487805
633603,BBB,2014B,0.05,0.058823529411764705,0.05405405405405405
633605,EEE,2014B,0.1,0.2222222222222222,0.13793103448275865
633608,GGG,2014B,0.1,0.16666666666666666,0.125
633609,GGG,2014B,0.05,0.06666666666666667,0.05714285714285715
633618,CCC,2014J,0.0,0.0,0.0
633618,DDD,2014J,0.05,0.0625,0.05555555555555556
633625,FFF,2014B,0.05,0.05263157894736842,0.05128205128205128
633634,CCC,2014J,0.05,0.3333333333333333,0.08695652173913045
633634,EEE,2014B,0.15,0.375,0.21428571428571425
633643,GGG,2014B,0.2,0.2222222222222222,0.2105263157894737
633646,BBB,2014B,0.0,0.0,0.0
633647,CCC,2014J,0.1,0.07692307692307693,0.08695652173913043
633650,BBB,2014B,0.0,0.0,0.0
633655,CCC,2014J,0.05,0.03125,0.038461538461538464
633660,GGG,2014B,0.05,0.08333333333333333,0.0625
633666,GGG,2014B,0.1,0.10526315789473684,0.10256410256410256
633669,BBB,2014B,0.0,0.0,0.0
633682,GGG,2014B,0.3,0.375,0.33333333333333326
633683,GGG,2014B,0.15,0.1875,0.16666666666666663
633685,GGG,2014B,0.25,0.23809523809523808,0.24390243902439024
633690,GGG,2014B,0.15,0.375,0.21428571428571425
633691,FFF,2014B,0.15,0.2,0.17142857142857143
633695,CCC,2014B,0.05,0.06666666666666667,0.05714285714285715
633695,EEE,2014B,0.2,0.5,0.28571428571428575
633716,EEE,2014B,0.2,0.3076923076923077,0.24242424242424246
633717,FFF,2014B,0.0,0.0,0.0
633722,CCC,2014B,0.35,0.2,0.2545454545454545
633745,FFF,2014B,0.0,0.0,0.0
633746,CCC,2014J,0.3,0.17142857142857143,0.21818181818181817
633746,EEE,2014B,0.25,0.5,0.3333333333333333
633747,GGG,2014B,0.1,0.09090909090909091,0.09523809523809525
633756,FFF,2014B,0.1,0.09523809523809523,0.0975609756097561
633763,DDD,2014B,0.1,0.0625,0.07692307692307693
633764,DDD,2014B,0.05,0.07142857142857142,0.058823529411764705
633773,FFF,2014B,0.05,0.027777777777777776,0.03571428571428571
633818,GGG,2014J,0.15,0.1875,0.16666666666666663
633824,EEE,2014J,0.2,0.2857142857142857,0.23529411764705882
633857,CCC,2014B,0.0,0.0,0.0
633864,DDD,2014B,0.0,0.0,0.0
633867,FFF,2014J,0.05,0.02857142857142857,0.03636363636363636
633902,BBB,2014J,0.2,0.16666666666666666,0.1818181818181818
633914,CCC,2014J,0.2,0.14814814814814814,0.1702127659574468
633914,EEE,2014J,0.25,0.38461538461538464,0.30303030303030304
633921,DDD,2014B,0.05,0.038461538461538464,0.043478260869565216
633923,GGG,2014B,0.2,0.36363636363636365,0.25806451612903225
633924,FFF,2014B,0.0,0.0,0.0
633929,BBB,2014B,0.0,0.0,0.0
633931,FFF,2014J,0.35,0.1076923076923077,0.16470588235294117
633935,BBB,2014B,0.0,0.0,0.0
633942,CCC,2014B,0.15,0.16666666666666666,0.15789473684210525
633949,BBB,2014J,0.2,0.12121212121212122,0.15094339622641512
633956,GGG,2014B,0.15,0.23076923076923078,0.18181818181818185
633960,CCC,2014J,0.0,0.0,0.0
633960,DDD,2014B,0.1,0.047619047619047616,0.06451612903225806
633979,GGG,2014B,0.2,0.25,0.22222222222222224
633983,FFF,2014B,0.0,0.0,0.0
633987,GGG,2014J,0.15,0.21428571428571427,0.1764705882352941
633998,CCC,2014B,0.1,0.16666666666666666,0.125
633998,EEE,2014B,0.25,0.4166666666666667,0.3125
634018,GGG,2014B,0.15,0.17647058823529413,0.16216216216216214
634019,GGG,2014J,0.35,0.30434782608695654,0.3255813953488372
634037,DDD,2014J,0.0,0.0,0.0
634047,DDD,2014J,0.1,0.125,0.11111111111111112
634057,FFF,2014B,0.0,0.0,0.0
634058,BBB,2014B,0.0,0.0,0.0
634061,GGG,2014B,0.05,0.07692307692307693,0.060606060606060615
634070,FFF,2014B,0.2,0.06349206349206349,0.09638554216867469
634075,BBB,2014B,0.1,0.15384615384615385,0.12121212121212123
634076,GGG,2014B,0.25,0.3125,0.2777777777777778
634077,BBB,2014B,0.05,0.5,0.09090909090909091
634088,FFF,2014J,0.15,0.075,0.1
634094,DDD,2014B,0.1,0.10526315789473684,0.10256410256410256
634094,EEE,2014J,0.2,0.4,0.26666666666666666
634106,DDD,2014B,0.0,0.0,0.0
634111,FFF,2014B,0.05,0.125,0.07142857142857144
634119,CCC,2014J,0.05,0.06666666666666667,0.05714285714285715
634128,CCC,2014B,0.0,0.0,0.0
634139,FFF,2014B,0.15,0.09090909090909091,0.11320754716981132
634155,FFF,2014B,0.15,0.05454545454545454,0.08
634157,CCC,2014B,0.1,0.13333333333333333,0.1142857142857143
634165,FFF,2014B,0.1,0.05,0.06666666666666667
634167,CCC,2014B,0.2,0.3076923076923077,0.24242424242424246
634178,DDD,2014B,0.1,0.041666666666666664,0.058823529411764705
634188,BBB,2014B,0.05,0.3333333333333333,0.08695652173913045
634193,EEE,2014B,0.1,0.18181818181818182,0.12903225806451613
634200,CCC,2014J,0.15,0.14285714285714285,0.14634146341463414
634200,FFF,2014B,0.05,0.058823529411764705,0.05405405405405405
634209,FFF,2014B,0.2,0.10810810810810811,0.14035087719298245
634216,CCC,2014B,0.1,0.11764705882352941,0.1081081081081081
634216,EEE,2014B,0.3,0.6,0.4
634217,CCC,2014B,0.15,0.1875,0.16666666666666663
634230,BBB,2014B,0.0,0.0,0.0
634234,GGG,2014B,0.15,0.2727272727272727,0.19354838709677416
634241,CCC,2014B,0.1,0.1111111111111111,0.10526315789473685
634241,EEE,2014B,0.1,0.3333333333333333,0.15384615384615383
634246,DDD,2014B,0.1,0.09090909090909091,0.09523809523809525
634247,BBB,2014J,0.0,0.0,0.0
634258,GGG,2014B,0.05,0.16666666666666666,0.07692307692307691
634260,FFF,2014B,0.1,0.07692307692307693,0.08695652173913043
634265,BBB,2014B,0.0,0.0,0.0
634280,BBB,2014B,0.0,0.0,0.0
634286,BBB,2014B,0.0,0.0,0.0
634304,BBB,2014B,0.15,0.14285714285714285,0.14634146341463414
634305,DDD,2014J,0.05,0.02631578947368421,0.034482758620689655
634309,EEE,2014B,0.1,0.18181818181818182,0.12903225806451613
634316,GGG,2014B,0.1,0.15384615384615385,0.12121212121212123
634318,EEE,2014B,0.0,0.0,0.0
634320,GGG,2014B,0.1,0.2,0.13333333333333333
634323,GGG,2014B,0.3,0.35294117647058826,0.3243243243243243
634343,FFF,2014B,0.15,0.05263157894736842,0.0779220779220779
634345,GGG,2014B,0.05,0.5,0.09090909090909091
634351,CCC,2014J,0.1,0.15384615384615385,0.12121212121212123
634351,DDD,2014B,0.0,0.0,0.0
634365,CCC,2014J,0.15,0.10344827586206896,0.12244897959183673
634367,EEE,2014J,0.5,0.625,0.5555555555555556
634369,GGG,2014B,0.05,0.09090909090909091,0.06451612903225806
634383,DDD,2014B,0.25,0.1,0.14285714285714288
634404,GGG,2014B,0.1,0.125,0.11111111111111112
634412,BBB,2014B,0.0,0.0,0.0
634420,DDD,2014B,0.2,0.04938271604938271,0.07920792079207921
634426,FFF,2014B,0.0,0.0,0.0
634427,FFF,2014B,0.0,0.0,0.0
634429,FFF,2014B,0.1,0.09523809523809523,0.0975609756097561
634430,FFF,2014B,0.05,0.07692307692307693,0.060606060606060615
634431,FFF,2014B,0.0,0.0,0.0
634435,FFF,2014B,0.1,0.09090909090909091,0.09523809523809525
634444,GGG,2014B,0.1,0.2,0.13333333333333333
634461,GGG,2014B,0.0,0.0,0.0
634470,GGG,2014B,0.1,0.18181818181818182,0.12903225806451613
634472,BBB,2014B,0.0,0.0,0.0
634477,BBB,2014B,0.05,0.2,0.08000000000000002
634479,FFF,2014B,0.05,0.5,0.09090909090909091
634481,BBB,2014B,0.0,0.0,0.0
634483,BBB,2014B,0.15,0.06976744186046512,0.09523809523809525
634491,BBB,2014B,0.0,0.0,0.0
634498,GGG,2014B,0.1,0.16666666666666666,0.125
634500,CCC,2014B,0.25,0.17857142857142858,0.20833333333333331
634500,FFF,2014B,0.05,0.0625,0.05555555555555556
634503,GGG,2014B,0.15,0.15,0.15
634507,CCC,2014B,0.2,0.2222222222222222,0.2105263157894737
634508,DDD,2014B,0.0,0.0,0.0
634508,DDD,2014J,0.1,0.2,0.13333333333333333
634512,CCC,2014B,0.2,0.12121212121212122,0.15094339622641512
634512,FFF,2014J,0.2,0.13793103448275862,0.16326530612244897
634526,FFF,2014J,0.2,0.06060606060606061,0.0930232558139535
634529,GGG,2014B,0.2,0.21052631578947367,0.20512820512820512
634530,GGG,2014B,0.1,0.1111111111111111,0.10526315789473685
634536,CCC,2014J,0.15,0.10714285714285714,0.125
634536,FFF,2014B,0.15,0.075,0.1
634539,FFF,2014B,0.05,1.0,0.09523809523809523
634547,GGG,2014B,0.1,0.2222222222222222,0.13793103448275865
634551,GGG,2014B,0.15,0.17647058823529413,0.16216216216216214
634552,CCC,2014J,0.15,0.16666666666666666,0.15789473684210525
634552,EEE,2014J,0.1,0.14285714285714285,0.11764705882352941
634569,GGG,2014B,0.05,0.07142857142857142,0.058823529411764705
634570,CCC,2014B,0.0,0.0,0.0
634570,EEE,2014B,0.2,0.36363636363636365,0.25806451612903225
634583,GGG,2014B,0.1,0.2,0.13333333333333333
634589,CCC,2014B,0.25,0.16666666666666666,0.2
634596,DDD,2014B,0.0,0.0,0.0
634600,CCC,2014J,0.1,0.2,0.13333333333333333
634600,EEE,2014B,0.1,0.18181818181818182,0.12903225806451613
634606,BBB,2014B,0.0,0.0,0.0
634616,FFF,2014B,0.1,0.04081632653061224,0.05797101449275362
634618,CCC,2014B,0.05,0.09090909090909091,0.06451612903225806
634635,FFF,2014B,0.05,0.047619047619047616,0.04878048780487805
634636,BBB,2014J,0.1,0.15384615384615385,0.12121212121212123
634636,FFF,2014B,0.0,0.0,0.0
634646,DDD,2014J,0.05,0.037037037037037035,0.0425531914893617
634648,CCC,2014J,0.05,0.07142857142857142,0.058823529411764705
634648,DDD,2014B,0.0,0.0,0.0
634671,CCC,2014B,0.05,0.047619047619047616,0.04878048780487805
634681,DDD,2014B,0.1,0.06666666666666667,0.08
634693,DDD,2014J,0.0,0.0,0.0
634715,BBB,2014B,0.0,0.0,0.0
634721,CCC,2014J,0.15,0.09090909090909091,0.11320754716981132
634721,EEE,2014J,0.35,0.35,0.35
634737,EEE,2014B,0.0,0.0,0.0
634746,GGG,2014B,0.25,0.2777777777777778,0.2631578947368421
634749,FFF,2014J,0.0,0.0,0.0
634751,GGG,2014B,0.0,0.0,0.0
634772,BBB,2014J,0.25,0.29411764705882354,0.27027027027027023
634776,EEE,2014J,0.4,0.42105263157894735,0.41025641025641024
634816,CCC,2014B,0.2,0.10526315789473684,0.13793103448275862
634817,EEE,2014B,0.25,0.5555555555555556,0.3448275862068966
634820,FFF,2014B,0.0,0.0,0.0
634824,CCC,2014J,0.1,0.1,0.10000000000000002
634824,DDD,2014B,0.1,0.05,0.06666666666666667
634833,BBB,2014B,0.0,0.0,0.0
634848,GGG,2014B,0.0,0.0,0.0
634851,BBB,2014B,0.05,0.1111111111111111,0.06896551724137932
634853,CCC,2014B,0.15,0.1,0.12
634862,CCC,2014B,0.2,0.17391304347826086,0.18604651162790697
634862,EEE,2014B,0.05,0.16666666666666666,0.07692307692307691
634869,EEE,2014B,0.2,0.4,0.26666666666666666
634876,BBB,2014B,0.0,0.0,0.0
634878,CCC,2014B,0.0,0.0,0.0
634879,EEE,2014J,0.2,0.23529411764705882,0.2162162162162162
634905,DDD,2014B,0.0,0.0,0.0
634909,DDD,2014B,0.0,0.0,0.0
634919,FFF,2014B,0.1,0.1111111111111111,0.10526315789473685
634924,FFF,2014B,0.15,0.06818181818181818,0.09374999999999999
634928,BBB,2014B,0.0,0.0,0.0
634940,EEE,2014J,0.15,0.25,0.18749999999999997
634944,BBB,2014B,0.2,0.18181818181818182,0.1904761904761905
634966,DDD,2014J,0.1,0.05714285714285714,0.07272727272727272
634976,BBB,2014B,0.1,0.14285714285714285,0.11764705882352941
634986,GGG,2014B,0.3,0.3157894736842105,0.3076923076923077
634999,FFF,2014B,0.05,0.02857142857142857,0.03636363636363636
635011,BBB,2014B,0.0,0.0,0.0
635034,CCC,2014B,0.0,0.0,0.0
635034,FFF,2014B,0.0,0.0,0.0
635035,GGG,2014B,0.3,0.3157894736842105,0.3076923076923077
635041,EEE,2014B,0.05,0.2,0.08000000000000002
635043,CCC,2014B,0.05,0.07142857142857142,0.058823529411764705
635043,EEE,2014B,0.2,0.36363636363636365,0.25806451612903225
635052,GGG,2014B,0.05,0.16666666666666666,0.07692307692307691
635058,DDD,2014B,0.15,0.05084745762711865,0.0759493670886076
635100,DDD,2014B,0.0,0.0,0.0
635109,CCC,2014B,0.0,0.0,0.0
635109,EEE,2014B,0.05,0.25,0.08333333333333334
635113,BBB,2014B,0.0,0.0,0.0
635122,BBB,2014B,0.1,0.16666666666666666,0.125
635136,BBB,2014B,0.0,0.0,0.0
635141,DDD,2014B,0.05,0.07692307692307693,0.060606060606060615
635170,DDD,2014J,0.05,0.0625,0.05555555555555556
635173,BBB,2014B,0.05,0.05263157894736842,0.05128205128205128
635184,FFF,2014J,0.05,0.09090909090909091,0.06451612903225806
635228,BBB,2014B,0.05,0.25,0.08333333333333334
635230,BBB,2014B,0.1,0.14285714285714285,0.11764705882352941
635233,GGG,2014B,0.1,0.25,0.14285714285714288
635241,BBB,2014B,0.1,0.11764705882352941,0.1081081081081081
635244,BBB,2014B,0.05,0.2,0.08000000000000002
635246,BBB,2014B,0.0,0.0,0.0
635247,BBB,2014B,0.0,0.0,0.0
635255,DDD,2014J,0.05,0.0625,0.05555555555555556
635279,GGG,2014J,0.05,0.08333333333333333,0.0625
635325,EEE,2014J,0.3,0.5454545454545454,0.3870967741935483
635328,BBB,2014J,0.0,0.0,0.0
635334,GGG,2014J,0.15,0.23076923076923078,0.18181818181818185
635416,CCC,2014B,0.1,0.1,0.10000000000000002
635418,DDD,2014J,0.15,0.14285714285714285,0.14634146341463414
635433,BBB,2014B,0.1,0.3333333333333333,0.15384615384615383
635435,BBB,2014B,0.05,0.1,0.06666666666666667
635452,BBB,2014J,0.15,0.2,0.17142857142857143
635473,BBB,2014B,0.0,0.0,0.0
635506,GGG,2014B,0.1,0.15384615384615385,0.12121212121212123
635564,EEE,2014J,0.2,0.4444444444444444,0.2758620689655173
635573,CCC,2014J,0.15,0.11538461538461539,0.13043478260869565
635591,BBB,2014B,0.05,0.08333333333333333,0.0625
635703,GGG,2014J,0.1,0.15384615384615385,0.12121212121212123
635711,CCC,2014J,0.1,0.1,0.10000000000000002
635719,GGG,2014J,0.4,0.2857142857142857,0.3333333333333333
635720,EEE,2014J,0.2,0.36363636363636365,0.25806451612903225
635751,FFF,2014J,0.0,0.0,0.0
635755,BBB,2014B,0.1,0.125,0.11111111111111112
635761,BBB,2014B,0.0,0.0,0.0
635764,BBB,2014B,0.0,0.0,0.0
635771,BBB,2014B,0.0,0.0,0.0
635773,BBB,2014B,0.05,0.1,0.06666666666666667
635774,BBB,2014B,0.05,0.03225806451612903,0.0392156862745098
635777,BBB,2014J,0.05,0.043478260869565216,0.046511627906976744
635779,GGG,2014J,0.3,0.375,0.33333333333333326
635788,BBB,2014B,0.05,0.03225806451612903,0.0392156862745098
635795,FFF,2014J,0.35,0.11290322580645161,0.17073170731707316
635802,CCC,2014J,0.15,0.23076923076923078,0.18181818181818185
635813,GGG,2014B,0.0,0.0,0.0
635885,GGG,2014B,0.05,1.0,0.09523809523809523
635890,BBB,2014J,0.0,0.0,0.0
635903,FFF,2014J,0.05,0.1111111111111111,0.06896551724137932
635921,BBB,2014J,0.0,0.0,0.0
635924,BBB,2014J,0.15,0.15,0.15
635953,EEE,2014J,0.25,0.3333333333333333,0.28571428571428575
635972,GGG,2014J,0.25,0.2631578947368421,0.25641025641025644
635988,GGG,2014J,0.0,0.0,0.0
635992,DDD,2014J,0.25,0.13513513513513514,0.1754385964912281
636000,CCC,2014J,0.1,0.07692307692307693,0.08695652173913043
636018,GGG,2014J,0.25,0.29411764705882354,0.27027027027027023
636124,CCC,2014J,0.1,0.07692307692307693,0.08695652173913043
636124,EEE,2014J,0.25,0.4166666666666667,0.3125
636282,GGG,2014J,0.25,0.3333333333333333,0.28571428571428575
636283,GGG,2014J,0.1,0.2222222222222222,0.13793103448275865
636302,BBB,2014J,0.0,0.0,0.0
636314,FFF,2014J,0.2,0.10256410256410256,0.13559322033898302
636364,CCC,2014J,0.3,0.125,0.17647058823529413
636364,DDD,2014J,0.1,0.06896551724137931,0.08163265306122448
636387,CCC,2014J,0.25,0.16666666666666666,0.2
636400,FFF,2014J,0.05,0.03333333333333333,0.04
636408,FFF,2014J,0.1,0.10526315789473684,0.10256410256410256
636422,CCC,2014J,0.2,0.125,0.15384615384615385
636443,EEE,2014J,0.1,0.5,0.16666666666666669
636451,DDD,2014J,0.0,0.0,0.0
636464,GGG,2014J,0.15,0.15,0.15
636467,EEE,2014J,0.15,0.2727272727272727,0.19354838709677416
636469,FFF,2014J,0.0,0.0,0.0
636484,DDD,2014J,0.2,0.3333333333333333,0.25
636503,DDD,2014J,0.0,0.0,0.0
636525,BBB,2014J,0.1,0.13333333333333333,0.1142857142857143
636547,FFF,2014J,0.0,0.0,0.0
636554,GGG,2014J,0.25,0.2777777777777778,0.2631578947368421
636565,FFF,2014J,0.2,0.16666666666666666,0.1818181818181818
636594,DDD,2014J,0.05,0.0625,0.05555555555555556
636656,FFF,2014J,0.1,0.08,0.08888888888888889
636697,DDD,2014J,0.05,0.09090909090909091,0.06451612903225806
636704,FFF,2014J,0.0,0.0,0.0
636716,CCC,2014J,0.0,0.0,0.0
636732,CCC,2014J,0.05,0.3333333333333333,0.08695652173913045
636783,CCC,2014J,0.15,0.15,0.15
636783,FFF,2014J,0.05,0.043478260869565216,0.046511627906976744
636830,FFF,2014J,0.05,0.03125,0.038461538461538464
636832,FFF,2014J,0.35,0.14893617021276595,0.208955223880597
636875,DDD,2014J,0.0,0.0,0.0
636996,CCC,2014J,0.1,0.07407407407407407,0.0851063829787234
636996,EEE,2014J,0.15,0.2727272727272727,0.19354838709677416
637003,BBB,2014J,0.0,0.0,0.0
637004,FFF,2014J,0.0,0.0,0.0
637063,BBB,2014J,0.15,0.10714285714285714,0.125
637067,GGG,2014J,0.15,0.23076923076923078,0.18181818181818185
637070,CCC,2014J,0.15,0.07317073170731707,0.09836065573770492
637123,EEE,2014J,0.05,0.09090909090909091,0.06451612903225806
637203,GGG,2014J,0.2,0.3076923076923077,0.24242424242424246
637206,GGG,2014J,0.15,0.2,0.17142857142857143
637238,BBB,2014J,0.2,0.14285714285714285,0.16666666666666666
637279,BBB,2014J,0.15,0.375,0.21428571428571425
637280,GGG,2014J,0.25,0.23809523809523808,0.24390243902439024
637347,DDD,2014J,0.0,0.0,0.0
637348,BBB,2014J,0.0,0.0,0.0
637358,FFF,2014J,0.05,0.03225806451612903,0.0392156862745098
637370,BBB,2014J,0.2,0.2,0.20000000000000004
637374,DDD,2014J,0.0,0.0,0.0
637382,BBB,2014J,0.0,0.0,0.0
637388,BBB,2014J,0.1,0.08333333333333333,0.0909090909090909
637401,EEE,2014J,0.2,0.5714285714285714,0.29629629629629634
637414,BBB,2014J,0.0,0.0,0.0
637468,GGG,2014J,0.1,0.14285714285714285,0.11764705882352941
637473,DDD,2014J,0.25,0.09803921568627451,0.14084507042253522
637476,GGG,2014J,0.4,0.38095238095238093,0.3902439024390244
637496,GGG,2014J,0.2,0.3076923076923077,0.24242424242424246
637582,FFF,2014J,0.3,0.1935483870967742,0.23529411764705882
637586,BBB,2014J,0.05,0.05555555555555555,0.052631578947368425
637621,GGG,2014J,0.25,0.38461538461538464,0.30303030303030304
637624,EEE,2014J,0.2,0.3076923076923077,0.24242424242424246
637665,AAA,2014J,0.1,0.125,0.11111111111111112
637691,CCC,2014J,0.05,0.05263157894736842,0.05128205128205128
637691,DDD,2014J,0.0,0.0,0.0
637708,CCC,2014J,0.05,0.045454545454545456,0.04761904761904762
637708,FFF,2014J,0.25,0.14705882352941177,0.18518518518518517
637715,BBB,2014J,0.05,0.045454545454545456,0.04761904761904762
637722,GGG,2014J,0.15,0.17647058823529413,0.16216216216216214
637754,CCC,2014J,0.25,0.17857142857142858,0.20833333333333331
637810,BBB,2014J,0.05,0.125,0.07142857142857144
637815,BBB,2014J,0.1,0.08333333333333333,0.0909090909090909
637820,BBB,2014J,0.05,0.25,0.08333333333333334
637906,FFF,2014J,0.1,0.09523809523809523,0.0975609756097561
637939,FFF,2014J,0.0,0.0,0.0
637980,FFF,2014J,0.05,0.02857142857142857,0.03636363636363636
638007,GGG,2014J,0.2,0.14814814814814814,0.1702127659574468
638018,CCC,2014J,0.2,0.18181818181818182,0.1904761904761905
638018,EEE,2014J,0.1,0.2222222222222222,0.13793103448275865
638034,FFF,2014J,0.0,0.0,0.0
638051,DDD,2014J,0.0,0.0,0.0
638228,GGG,2014J,0.1,0.1,0.10000000000000002
638254,CCC,2014J,0.1,0.09523809523809523,0.0975609756097561
638257,EEE,2014J,0.05,0.16666666666666666,0.07692307692307691
638384,DDD,2014J,0.15,0.09090909090909091,0.11320754716981132
638388,FFF,2014J,0.0,0.0,0.0
638411,FFF,2014J,0.5,0.11627906976744186,0.18867924528301888
638498,FFF,2014J,0.05,0.03571428571428571,0.041666666666666664
638503,GGG,2014J,0.2,0.4,0.26666666666666666
638515,FFF,2014J,0.15,0.0967741935483871,0.11764705882352941
638516,BBB,2014J,0.35,0.16666666666666666,0.22580645161290322
638604,EEE,2014J,0.15,0.2727272727272727,0.19354838709677416
638625,FFF,2014J,0.35,0.1044776119402985,0.16091954022988506
638655,FFF,2014J,0.05,0.041666666666666664,0.04545454545454545
638677,FFF,2014J,0.05,0.2,0.08000000000000002
638699,GGG,2014J,0.1,0.3333333333333333,0.15384615384615383
638756,BBB,2014J,0.0,0.0,0.0
638771,CCC,2014J,0.3,0.1875,0.23076923076923075
638831,FFF,2014J,0.05,0.08333333333333333,0.0625
638970,EEE,2014J,0.0,0.0,0.0
638997,BBB,2014J,0.05,0.05555555555555555,0.052631578947368425
639012,CCC,2014J,0.15,0.14285714285714285,0.14634146341463414
639012,EEE,2014J,0.25,0.625,0.35714285714285715
639028,FFF,2014J,0.1,0.047619047619047616,0.06451612903225806
639053,AAA,2014J,0.0,0.0,0.0
639181,GGG,2014J,0.15,0.16666666666666666,0.15789473684210525
639194,EEE,2014J,0.1,0.3333333333333333,0.15384615384615383
639231,FFF,2014J,0.05,0.06666666666666667,0.05714285714285715
639234,FFF,2014J,0.0,0.0,0.0
639243,EEE,2014J,0.05,0.5,0.09090909090909091
639251,GGG,2014J,0.25,0.23809523809523808,0.24390243902439024
639253,EEE,2014J,0.25,0.16666666666666666,0.2
639461,GGG,2014J,0.15,0.3,0.2
639514,DDD,2014J,0.05,0.02702702702702703,0.03508771929824561
639522,FFF,2014J,0.05,0.022727272727272728,0.03125000000000001
639663,BBB,2014J,0.05,0.07692307692307693,0.060606060606060615
639724,BBB,2014J,0.1,0.125,0.11111111111111112
639766,DDD,2014J,0.05,0.027777777777777776,0.03571428571428571
640098,FFF,2014J,0.15,0.11538461538461539,0.13043478260869565
640178,DDD,2014J,0.15,0.08823529411764706,0.11111111111111112
640225,BBB,2014J,0.0,0.0,0.0
640278,FFF,2014J,0.35,0.09722222222222222,0.15217391304347827
640307,EEE,2014J,0.15,0.3333333333333333,0.20689655172413793
640329,FFF,2014J,0.0,0.0,0.0
640425,BBB,2014J,0.0,0.0,0.0
640429,FFF,2014J,0.05,0.034482758620689655,0.04081632653061224
640439,EEE,2014J,0.05,0.1,0.06666666666666667
640455,BBB,2014J,0.0,0.0,0.0
640505,GGG,2014J,0.25,0.2777777777777778,0.2631578947368421
640701,BBB,2014J,0.0,0.0,0.0
640711,FFF,2014J,0.1,0.09523809523809523,0.0975609756097561
640752,FFF,2014J,0.15,0.075,0.1
640753,BBB,2014J,0.0,0.0,0.0
640773,CCC,2014J,0.1,0.10526315789473684,0.10256410256410256
640773,DDD,2014J,0.0,0.0,0.0
640836,DDD,2014J,0.1,0.1,0.10000000000000002
640848,FFF,2014J,0.15,0.06818181818181818,0.09374999999999999
640892,FFF,2014J,0.1,0.044444444444444446,0.061538461538461535
640913,FFF,2014J,0.15,0.06382978723404255,0.08955223880597013
640927,FFF,2014J,0.2,0.08163265306122448,0.11594202898550723
640942,DDD,2014J,0.1,0.04878048780487805,0.06557377049180328
640975,DDD,2014J,0.15,0.075,0.1
640982,DDD,2014J,0.15,0.12,0.1333333333333333
640995,GGG,2014J,0.2,0.5,0.28571428571428575
641073,GGG,2014J,0.0,0.0,0.0
641085,FFF,2014J,0.0,0.0,0.0
641112,GGG,2014J,0.1,0.13333333333333333,0.1142857142857143
641116,EEE,2014J,0.05,0.08333333333333333,0.0625
641134,GGG,2014J,0.05,1.0,0.09523809523809523
641137,FFF,2014J,0.15,0.10714285714285714,0.125
641200,EEE,2014J,0.2,0.3333333333333333,0.25
641253,DDD,2014J,0.2,0.10810810810810811,0.14035087719298245
641309,FFF,2014J,0.1,0.06060606060606061,0.07547169811320756
641311,FFF,2014J,0.15,0.057692307692307696,0.08333333333333334
641315,DDD,2014J,0.2,0.13333333333333333,0.16
641329,BBB,2014J,0.0,0.0,0.0
641363,CCC,2014J,0.05,0.1,0.06666666666666667
641363,FFF,2014J,0.05,0.03225806451612903,0.0392156862745098
641401,FFF,2014J,0.05,0.04,0.044444444444444446
641434,GGG,2014J,0.15,0.2,0.17142857142857143
641452,GGG,2014J,0.0,0.0,0.0
641461,FFF,2014J,0.1,0.09523809523809523,0.0975609756097561
641547,FFF,2014J,0.15,0.11538461538461539,0.13043478260869565
641566,EEE,2014J,0.15,0.3,0.2
641569,EEE,2014J,0.15,0.3,0.2
641609,DDD,2014J,0.0,0.0,0.0
641616,BBB,2014J,0.15,0.23076923076923078,0.18181818181818185
641696,CCC,2014J,0.2,0.16,0.17777777777777778
641744,DDD,2014J,0.2,0.06779661016949153,0.10126582278481014
641804,CCC,2014J,0.0,0.0,0.0
641840,BBB,2014J,0.1,0.08695652173913043,0.09302325581395349
641864,FFF,2014J,0.15,0.0625,0.08823529411764706
641896,DDD,2014J,0.05,0.041666666666666664,0.04545454545454545
641899,EEE,2014J,0.2,0.4,0.26666666666666666
641914,FFF,2014J,0.1,0.06451612903225806,0.0784313725490196
642029,FFF,2014J,0.1,0.1,0.10000000000000002
642056,FFF,2014J,0.05,0.038461538461538464,0.043478260869565216
642066,EEE,2014J,0.05,0.5,0.09090909090909091
642067,BBB,2014J,0.0,0.0,0.0
642083,BBB,2014J,0.05,0.05,0.05000000000000001
642139,DDD,2014J,0.05,0.0625,0.05555555555555556
642181,GGG,2014J,0.0,0.0,0.0
642196,GGG,2014J,0.0,0.0,0.0
642201,BBB,2014J,0.0,0.0,0.0
642291,CCC,2014J,0.1,0.14285714285714285,0.11764705882352941
642310,DDD,2014J,0.2,0.1111111111111111,0.14285714285714285
642342,EEE,2014J,0.15,0.3,0.2
642375,FFF,2014J,0.05,0.030303030303030304,0.03773584905660378
642396,EEE,2014J,0.05,0.5,0.09090909090909091
642405,BBB,2014J,0.1,0.09523809523809523,0.0975609756097561
642413,BBB,2014J,0.1,0.14285714285714285,0.11764705882352941
642439,BBB,2014J,0.05,0.3333333333333333,0.08695652173913045
642443,DDD,2014J,0.0,0.0,0.0
642448,FFF,2014J,0.05,0.04,0.044444444444444446
642449,FFF,2014J,0.2,0.08695652173913043,0.12121212121212122
642474,DDD,2014J,0.1,0.08333333333333333,0.0909090909090909
642493,FFF,2014J,0.05,0.07142857142857142,0.058823529411764705
642498,FFF,2014J,0.05,0.05,0.05000000000000001
642501,DDD,2014J,0.1,0.05714285714285714,0.07272727272727272
642512,EEE,2014J,0.05,1.0,0.09523809523809523
642528,GGG,2014J,0.2,0.2857142857142857,0.23529411764705882
642550,BBB,2014J,0.15,0.12,0.1333333333333333
642551,FFF,2014J,0.45,0.12,0.1894736842105263
642561,GGG,2014J,0.25,0.35714285714285715,0.2941176470588235
642591,CCC,2014J,0.2,0.07547169811320754,0.10958904109589042
642591,EEE,2014J,0.2,0.3333333333333333,0.25
642595,BBB,2014J,0.15,0.1111111111111111,0.12765957446808512
642600,BBB,2014J,0.05,0.1,0.06666666666666667
642625,DDD,2014J,0.0,0.0,0.0
642656,EEE,2014J,0.1,0.2,0.13333333333333333
642694,GGG,2014J,0.1,0.2857142857142857,0.14814814814814817
642698,BBB,2014J,0.0,0.0,0.0
642740,FFF,2014J,0.45,0.10975609756097561,0.1764705882352941
642750,FFF,2014J,0.15,0.06976744186046512,0.09523809523809525
642817,CCC,2014J,0.1,0.11764705882352941,0.1081081081081081
642821,GGG,2014J,0.2,0.2,0.20000000000000004
642834,BBB,2014J,0.0,0.0,0.0
642838,CCC,2014J,0.0,0.0,0.0
642838,DDD,2014J,0.0,0.0,0.0
642839,EEE,2014J,0.0,0.0,0.0
642843,FFF,2014J,0.2,0.05333333333333334,0.08421052631578947
642850,CCC,2014J,0.0,0.0,0.0
642851,GGG,2014J,0.15,0.17647058823529413,0.16216216216216214
642872,FFF,2014J,0.05,0.05263157894736842,0.05128205128205128
642879,GGG,2014J,0.25,0.3333333333333333,0.28571428571428575
642883,GGG,2014J,0.05,0.08333333333333333,0.0625
642900,GGG,2014J,0.15,0.2727272727272727,0.19354838709677416
642902,CCC,2014J,0.35,0.21875,0.2692307692307692
642905,GGG,2014J,0.15,0.21428571428571427,0.1764705882352941
642909,FFF,2014J,0.0,0.0,0.0
642949,GGG,2014J,0.05,0.09090909090909091,0.06451612903225806
642953,GGG,2014J,0.2,0.19047619047619047,0.1951219512195122
642968,GGG,2014J,0.05,0.25,0.08333333333333334
642989,GGG,2014J,0.1,0.13333333333333333,0.1142857142857143
643006,DDD,2014J,0.05,0.0196078431372549,0.02816901408450704
643036,DDD,2014J,0.0,0.0,0.0
643069,FFF,2014J,0.25,0.1282051282051282,0.1694915254237288
643077,EEE,2014J,0.2,0.26666666666666666,0.2285714285714286
643118,EEE,2014J,0.35,0.4375,0.38888888888888884
643126,DDD,2014J,0.15,0.06666666666666667,0.09230769230769231
643168,EEE,2014J,0.2,0.36363636363636365,0.25806451612903225
643172,BBB,2014J,0.05,0.05555555555555555,0.052631578947368425
643199,CCC,2014J,0.0,0.0,0.0
643199,DDD,2014J,0.0,0.0,0.0
643202,FFF,2014J,0.1,0.047619047619047616,0.06451612903225806
643206,GGG,2014J,0.05,0.07692307692307693,0.060606060606060615
643208,BBB,2014J,0.1,0.09090909090909091,0.09523809523809525
643220,FFF,2014J,0.1,0.08333333333333333,0.0909090909090909
643267,EEE,2014J,0.15,0.3,0.2
643270,EEE,2014J,0.05,0.5,0.09090909090909091
643273,FFF,2014J,0.1,0.08695652173913043,0.09302325581395349
643280,DDD,2014J,0.2,0.15384615384615385,0.17391304347826086
643285,DDD,2014J,0.1,0.06060606060606061,0.07547169811320756
643321,BBB,2014J,0.15,0.15789473684210525,0.15384615384615385
643323,GGG,2014J,0.2,0.18181818181818182,0.1904761904761905
643326,FFF,2014J,0.05,0.018518518518518517,0.02702702702702703
643354,BBB,2014J,0.1,0.16666666666666666,0.125
643403,CCC,2014J,0.25,0.1282051282051282,0.1694915254237288
643404,EEE,2014J,0.05,0.5,0.09090909090909091
643406,GGG,2014J,0.3,0.3,0.3
643416,EEE,2014J,0.05,0.16666666666666666,0.07692307692307691
643434,EEE,2014J,0.1,0.25,0.14285714285714288
643457,EEE,2014J,0.3,0.5454545454545454,0.3870967741935483
643466,FFF,2014J,0.0,0.0,0.0
643477,FFF,2014J,0.1,0.05405405405405406,0.07017543859649122
643481,EEE,2014J,0.05,0.5,0.09090909090909091
643484,EEE,2014J,0.2,0.4,0.26666666666666666
643496,FFF,2014J,0.05,0.0625,0.05555555555555556
643502,FFF,2014J,0.05,0.03225806451612903,0.0392156862745098
643510,EEE,2014J,0.2,0.2857142857142857,0.23529411764705882
643514,EEE,2014J,0.2,0.4444444444444444,0.2758620689655173
643529,GGG,2014J,0.05,0.125,0.07142857142857144
643531,EEE,2014J,0.15,0.3333333333333333,0.20689655172413793
643568,CCC,2014J,0.0,0.0,0.0
643587,BBB,2014J,0.2,0.17391304347826086,0.18604651162790697
643591,FFF,2014J,0.05,0.041666666666666664,0.04545454545454545
643619,GGG,2014J,0.2,0.21052631578947367,0.20512820512820512
643653,FFF,2014J,0.05,0.04,0.044444444444444446
643672,GGG,2014J,0.3,0.4,0.34285714285714286
643705,EEE,2014J,0.35,0.4117647058823529,0.37837837837837834
643729,DDD,2014J,0.25,0.1388888888888889,0.17857142857142858
643751,FFF,2014J,0.1,0.028169014084507043,0.04395604395604396
643754,FFF,2014J,0.05,0.038461538461538464,0.043478260869565216
643757,FFF,2014J,0.0,0.0,0.0
643758,CCC,2014J,0.05,0.05555555555555555,0.052631578947368425
643758,DDD,2014J,0.0,0.0,0.0
643770,EEE,2014J,0.1,0.2,0.13333333333333333
643771,EEE,2014J,0.4,0.47058823529411764,0.4324324324324324
643970,GGG,2014J,0.1,0.1,0.10000000000000002
643986,BBB,2014J,0.0,0.0,0.0
644025,FFF,2014J,0.05,0.03125,0.038461538461538464
644061,GGG,2014J,0.1,0.13333333333333333,0.1142857142857143
644069,BBB,2014J,0.05,0.25,0.08333333333333334
644072,EEE,2014J,0.25,0.45454545454545453,0.3225806451612903
644093,CCC,2014J,0.15,0.1111111111111111,0.12765957446808512
644105,GGG,2014J,0.05,0.25,0.08333333333333334
644113,EEE,2014J,0.15,0.375,0.21428571428571425
644144,GGG,2014J,0.35,0.35,0.35
644160,GGG,2014J,0.3,0.42857142857142855,0.3529411764705882
644164,BBB,2014J,0.05,0.043478260869565216,0.046511627906976744
644172,BBB,2014J,0.05,0.06666666666666667,0.05714285714285715
644188,GGG,2014J,0.0,0.0,0.0
644210,FFF,2014J,0.1,0.08,0.08888888888888889
644226,GGG,2014J,0.05,0.1,0.06666666666666667
644229,DDD,2014J,0.0,0.0,0.0
644242,CCC,2014J,0.5,0.3333333333333333,0.4
644246,CCC,2014J,0.2,0.16,0.17777777777777778
644246,EEE,2014J,0.2,0.2857142857142857,0.23529411764705882
644301,GGG,2014J,0.25,0.25,0.25
644343,FFF,2014J,0.15,0.11538461538461539,0.13043478260869565
644361,FFF,2014J,0.05,0.045454545454545456,0.04761904761904762
644362,BBB,2014J,0.3,0.23076923076923078,0.2608695652173913
644369,CCC,2014J,0.05,0.05555555555555555,0.052631578947368425
644369,FFF,2014J,0.1,0.1111111111111111,0.10526315789473685
644384,GGG,2014J,0.2,0.23529411764705882,0.2162162162162162
644409,DDD,2014J,0.1,0.04,0.05714285714285714
644416,CCC,2014J,0.1,0.08,0.08888888888888889
644441,GGG,2014J,0.15,0.2727272727272727,0.19354838709677416
644450,FFF,2014J,0.45,0.11688311688311688,0.18556701030927833
644457,DDD,2014J,0.2,0.14814814814814814,0.1702127659574468
644470,GGG,2014J,0.2,0.2857142857142857,0.23529411764705882
644474,DDD,2014J,0.05,0.08333333333333333,0.0625
644480,CCC,2014J,0.25,0.22727272727272727,0.23809523809523808
644480,EEE,2014J,0.2,0.4444444444444444,0.2758620689655173
644484,BBB,2014J,0.1,0.1,0.10000000000000002
644508,FFF,2014J,0.05,0.0625,0.05555555555555556
644514,EEE,2014J,0.35,0.30434782608695654,0.3255813953488372
644525,DDD,2014J,0.1,0.05405405405405406,0.07017543859649122
644742,EEE,2014J,0.3,0.6,0.4
644743,GGG,2014J,0.1,0.16666666666666666,0.125
644761,FFF,2014J,0.1,0.08333333333333333,0.0909090909090909
644784,FFF,2014J,0.15,0.08823529411764706,0.11111111111111112
644791,FFF,2014J,0.2,0.08333333333333333,0.11764705882352941
644793,BBB,2014J,0.0,0.0,0.0
644794,EEE,2014J,0.1,0.25,0.14285714285714288
644818,FFF,2014J,0.1,0.09090909090909091,0.09523809523809525
644822,BBB,2014J,0.0,0.0,0.0
644828,CCC,2014J,0.05,0.06666666666666667,0.05714285714285715
644847,FFF,2014J,0.15,0.10714285714285714,0.125
644863,BBB,2014J,0.0,0.0,0.0
644904,GGG,2014J,0.25,0.29411764705882354,0.27027027027027023
644936,FFF,2014J,0.2,0.0851063829787234,0.11940298507462686
644951,CCC,2014J,0.1,0.2222222222222222,0.13793103448275865
644956,DDD,2014J,0.0,0.0,0.0
644964,DDD,2014J,0.0,0.0,0.0
644974,CCC,2014J,0.1,0.14285714285714285,0.11764705882352941
644974,FFF,2014J,0.1,0.047619047619047616,0.06451612903225806
644990,GGG,2014J,0.4,0.5333333333333333,0.4571428571428572
644993,BBB,2014J,0.15,0.10714285714285714,0.125
645003,FFF,2014J,0.0,0.0,0.0
645020,FFF,2014J,0.05,0.05263157894736842,0.05128205128205128
645031,DDD,2014J,0.1,0.2222222222222222,0.13793103448275865
645047,BBB,2014J,0.2,0.13793103448275862,0.16326530612244897
645054,DDD,2014J,0.05,0.038461538461538464,0.043478260869565216
645078,FFF,2014J,0.25,0.1388888888888889,0.17857142857142858
645081,DDD,2014J,0.15,0.10344827586206896,0.12244897959183673
645098,BBB,2014J,0.15,0.10714285714285714,0.125
645124,CCC,2014J,0.2,0.18181818181818182,0.1904761904761905
645126,EEE,2014J,0.2,0.36363636363636365,0.25806451612903225
645144,CCC,2014J,0.15,0.09090909090909091,0.11320754716981132
645147,DDD,2014J,0.0,0.0,0.0
645157,GGG,2014J,0.2,0.2222222222222222,0.2105263157894737
645170,EEE,2014J,0.15,0.21428571428571427,0.1764705882352941
645174,CCC,2014J,0.15,0.375,0.21428571428571425
645216,CCC,2014J,0.15,0.21428571428571427,0.1764705882352941
645219,DDD,2014J,0.1,0.05405405405405406,0.07017543859649122
645231,GGG,2014J,0.25,0.45454545454545453,0.3225806451612903
645232,GGG,2014J,0.15,0.1875,0.16666666666666663
645256,BBB,2014J,0.05,0.043478260869565216,0.046511627906976744
645319,EEE,2014J,0.15,0.3333333333333333,0.20689655172413793
645326,GGG,2014J,0.1,0.2,0.13333333333333333
645334,CCC,2014J,0.1,0.09090909090909091,0.09523809523809525
645359,BBB,2014J,0.05,0.045454545454545456,0.04761904761904762
645369,CCC,2014J,0.05,0.041666666666666664,0.04545454545454545
645370,BBB,2014J,0.1,0.2222222222222222,0.13793103448275865
645377,GGG,2014J,0.25,0.2777777777777778,0.2631578947368421
645405,FFF,2014J,0.15,0.1,0.12
645425,DDD,2014J,0.0,0.0,0.0
645434,DDD,2014J,0.05,0.03125,0.038461538461538464
645451,EEE,2014J,0.6,0.5714285714285714,0.5853658536585366
645496,FFF,2014J,0.05,0.2,0.08000000000000002
645499,DDD,2014J,0.1,0.09090909090909091,0.09523809523809525
645518,FFF,2014J,0.0,0.0,0.0
645542,EEE,2014J,0.25,0.38461538461538464,0.30303030303030304
645551,DDD,2014J,0.1,0.07692307692307693,0.08695652173913043
645586,CCC,2014J,0.15,0.07692307692307693,0.1016949152542373
645586,FFF,2014J,0.05,0.025,0.03333333333333333
645598,GGG,2014J,0.1,0.1111111111111111,0.10526315789473685
645607,GGG,2014J,0.15,0.17647058823529413,0.16216216216216214
645639,BBB,2014J,0.05,0.2,0.08000000000000002
645678,BBB,2014J,0.05,0.09090909090909091,0.06451612903225806
645698,CCC,2014J,0.05,0.2,0.08000000000000002
645705,FFF,2014J,0.15,0.08823529411764706,0.11111111111111112
645730,GGG,2014J,0.2,0.25,0.22222222222222224
645732,FFF,2014J,0.05,0.07692307692307693,0.060606060606060615
645753,BBB,2014J,0.05,0.16666666666666666,0.07692307692307691
645770,CCC,2014J,0.0,0.0,0.0
645784,FFF,2014J,0.15,0.036585365853658534,0.058823529411764705
645792,CCC,2014J,0.1,0.06060606060606061,0.07547169811320756
645792,DDD,2014J,0.25,0.13157894736842105,0.1724137931034483
645801,GGG,2014J,0.2,0.23529411764705882,0.2162162162162162
645818,DDD,2014J,0.0,0.0,0.0
645831,EEE,2014J,0.1,0.2,0.13333333333333333
645835,CCC,2014J,0.0,0.0,0.0
645840,FFF,2014J,0.4,0.1095890410958904,0.17204301075268816
645864,DDD,2014J,0.0,0.0,0.0
645876,GGG,2014J,0.3,0.375,0.33333333333333326
645880,FFF,2014J,0.0,0.0,0.0
645889,EEE,2014J,0.1,0.16666666666666666,0.125
645928,GGG,2014J,0.15,0.2,0.17142857142857143
645939,DDD,2014J,0.05,0.025,0.03333333333333333
645948,FFF,2014J,0.0,0.0,0.0
645950,BBB,2014J,0.1,0.16666666666666666,0.125
645960,FFF,2014J,0.05,0.037037037037037035,0.0425531914893617
645962,DDD,2014J,0.0,0.0,0.0
645969,GGG,2014J,0.45,0.5625,0.5
645997,FFF,2014J,0.25,0.08333333333333333,0.125
646005,EEE,2014J,0.1,0.2857142857142857,0.14814814814814817
646006,DDD,2014J,0.0,0.0,0.0
646015,FFF,2014J,0.1,0.08333333333333333,0.0909090909090909
646017,FFF,2014J,0.05,0.03333333333333333,0.04
646040,EEE,2014J,0.05,0.1111111111111111,0.06896551724137932
646053,FFF,2014J,0.15,0.125,0.13636363636363635
646063,BBB,2014J,0.1,0.14285714285714285,0.11764705882352941
646070,EEE,2014J,0.15,0.3333333333333333,0.20689655172413793
646071,CCC,2014J,0.1,0.06666666666666667,0.08
646071,EEE,2014J,0.1,0.16666666666666666,0.125
646074,FFF,2014J,0.0,0.0,0.0
646085,FFF,2014J,0.25,0.13157894736842105,0.1724137931034483
646090,DDD,2014J,0.15,0.08108108108108109,0.10526315789473685
646097,EEE,2014J,0.0,0.0,0.0
646119,BBB,2014J,0.0,0.0,0.0
646131,GGG,2014J,0.25,0.23809523809523808,0.24390243902439024
646138,FFF,2014J,0.1,0.07142857142857142,0.08333333333333333
646169,GGG,2014J,0.1,0.15384615384615385,0.12121212121212123
646173,CCC,2014J,0.05,0.02857142857142857,0.03636363636363636
646184,EEE,2014J,0.3,0.375,0.33333333333333326
646197,EEE,2014J,0.15,0.2,0.17142857142857143
646202,BBB,2014J,0.05,0.047619047619047616,0.04878048780487805
646260,BBB,2014J,0.1,0.4,0.16000000000000003
646313,FFF,2014J,0.1,0.05405405405405406,0.07017543859649122
646322,DDD,2014J,0.1,0.05405405405405406,0.07017543859649122
646342,GGG,2014J,0.1,0.3333333333333333,0.15384615384615383
646344,DDD,2014J,0.0,0.0,0.0
646351,CCC,2014J,0.15,0.13043478260869565,0.13953488372093023
646357,FFF,2014J,0.25,0.13157894736842105,0.1724137931034483
646359,DDD,2014J,0.05,0.047619047619047616,0.04878048780487805
646361,EEE,2014J,0.35,0.5833333333333334,0.4375
646363,CCC,2014J,0.0,0.0,0.0
646367,GGG,2014J,0.25,0.29411764705882354,0.27027027027027023
646402,FFF,2014J,0.05,0.0625,0.05555555555555556
646406,CCC,2014J,0.25,0.23809523809523808,0.24390243902439024
646413,CCC,2014J,0.2,0.4444444444444444,0.2758620689655173
646415,BBB,2014J,0.0,0.0,0.0
646418,BBB,2014J,0.0,0.0,0.0
646430,GGG,2014J,0.2,0.2857142857142857,0.23529411764705882
646432,GGG,2014J,0.1,0.2,0.13333333333333333
646460,FFF,2014J,0.1,0.06060606060606061,0.07547169811320756
646481,CCC,2014J,0.2,0.25,0.22222222222222224
646482,BBB,2014J,0.0,0.0,0.0
646484,BBB,2014J,0.15,0.11538461538461539,0.13043478260869565
646489,DDD,2014J,0.1,0.06666666666666667,0.08
646502,EEE,2014J,0.05,0.1111111111111111,0.06896551724137932
646508,GGG,2014J,0.0,0.0,0.0
646520,EEE,2014J,0.15,0.21428571428571427,0.1764705882352941
646539,FFF,2014J,0.05,0.045454545454545456,0.04761904761904762
646540,FFF,2014J,0.15,0.08333333333333333,0.10714285714285714
646547,EEE,2014J,0.05,0.125,0.07142857142857144
646551,FFF,2014J,0.0,0.0,0.0
646572,GGG,2014J,0.25,0.29411764705882354,0.27027027027027023
646576,GGG,2014J,0.35,0.28,0.3111111111111111
646579,BBB,2014J,0.15,0.13636363636363635,0.14285714285714282
646581,EEE,2014J,0.1,0.2857142857142857,0.14814814814814817
646589,CCC,2014J,0.1,0.18181818181818182,0.12903225806451613
646589,DDD,2014J,0.05,0.07692307692307693,0.060606060606060615
646618,BBB,2014J,0.1,0.11764705882352941,0.1081081081081081
646638,FFF,2014J,0.1,0.09090909090909091,0.09523809523809525
646659,BBB,2014J,0.05,0.1,0.06666666666666667
646670,FFF,2014J,0.15,0.08108108108108109,0.10526315789473685
646685,GGG,2014J,0.1,0.2222222222222222,0.13793103448275865
646729,GGG,2014J,0.15,0.23076923076923078,0.18181818181818185
646734,FFF,2014J,0.0,0.0,0.0
646750,FFF,2014J,0.15,0.11538461538461539,0.13043478260869565
646776,BBB,2014J,0.05,0.08333333333333333,0.0625
646778,FFF,2014J,0.05,0.058823529411764705,0.05405405405405405
646781,BBB,2014J,0.0,0.0,0.0
646798,BBB,2014J,0.05,0.07142857142857142,0.058823529411764705
646815,EEE,2014J,0.0,0.0,0.0
646836,DDD,2014J,0.0,0.0,0.0
646844,BBB,2014J,0.1,0.11764705882352941,0.1081081081081081
646852,BBB,2014J,0.1,1.0,0.18181818181818182
646857,GGG,2014J,0.25,0.29411764705882354,0.27027027027027023
646901,BBB,2014J,0.0,0.0,0.0
646903,EEE,2014J,0.2,0.21052631578947367,0.20512820512820512
646905,GGG,2014J,0.25,0.4166666666666667,0.3125
646952,DDD,2014J,0.1,0.13333333333333333,0.1142857142857143
646953,GGG,2014J,0.1,0.2857142857142857,0.14814814814814817
646957,DDD,2014J,0.1,0.1111111111111111,0.10526315789473685
646990,FFF,2014J,0.15,0.1,0.12
646998,CCC,2014J,0.0,0.0,0.0
646998,EEE,2014J,0.1,0.25,0.14285714285714288
647040,FFF,2014J,0.2,0.16,0.17777777777777778
647043,EEE,2014J,0.0,0.0,0.0
647054,GGG,2014J,0.15,0.1875,0.16666666666666663
647056,BBB,2014J,0.1,0.08333333333333333,0.0909090909090909
647067,GGG,2014J,0.1,0.6666666666666666,0.1739130434782609
647083,CCC,2014J,0.0,0.0,0.0
647083,EEE,2014J,0.0,0.0,0.0
647102,GGG,2014J,0.2,0.26666666666666666,0.2285714285714286
647148,CCC,2014J,0.05,0.1,0.06666666666666667
647148,EEE,2014J,0.15,0.25,0.18749999999999997
647154,FFF,2014J,0.0,0.0,0.0
647166,DDD,2014J,0.05,0.058823529411764705,0.05405405405405405
647169,FFF,2014J,0.1,0.03773584905660377,0.05479452054794521
647195,CCC,2014J,0.2,0.18181818181818182,0.1904761904761905
647200,BBB,2014J,0.2,0.19047619047619047,0.1951219512195122
647215,DDD,2014J,0.05,0.07692307692307693,0.060606060606060615
647218,DDD,2014J,0.05,0.16666666666666666,0.07692307692307691
647227,DDD,2014J,0.05,0.125,0.07142857142857144
647305,DDD,2014J,0.0,0.0,0.0
647320,FFF,2014J,0.1,0.08695652173913043,0.09302325581395349
647324,FFF,2014J,0.2,0.13793103448275862,0.16326530612244897
647346,BBB,2014J,0.1,0.08695652173913043,0.09302325581395349
647373,DDD,2014J,0.0,0.0,0.0
647385,BBB,2014J,0.05,0.043478260869565216,0.046511627906976744
647391,FFF,2014J,0.1,0.05128205128205128,0.06779661016949151
647393,BBB,2014J,0.1,0.08,0.08888888888888889
647395,BBB,2014J,0.05,0.1,0.06666666666666667
647398,FFF,2014J,0.05,0.05,0.05000000000000001
647399,FFF,2014J,0.05,0.030303030303030304,0.03773584905660378
647425,FFF,2014J,0.2,0.04938271604938271,0.07920792079207921
647464,CCC,2014J,0.1,0.15384615384615385,0.12121212121212123
647464,DDD,2014J,0.0,0.0,0.0
647466,EEE,2014J,0.15,0.3333333333333333,0.20689655172413793
647479,CCC,2014J,0.15,0.13636363636363635,0.14285714285714282
647485,FFF,2014J,0.1,0.047619047619047616,0.06451612903225806
647488,DDD,2014J,0.0,0.0,0.0
647496,FFF,2014J,0.0,0.0,0.0
647553,BBB,2014J,0.1,0.11764705882352941,0.1081081081081081
647593,CCC,2014J,0.05,0.058823529411764705,0.05405405405405405
647605,DDD,2014J,0.1,0.04878048780487805,0.06557377049180328
647612,DDD,2014J,0.0,0.0,0.0
647645,EEE,2014J,0.1,0.18181818181818182,0.12903225806451613
647647,DDD,2014J,0.0,0.0,0.0
647761,GGG,2014J,0.3,0.3157894736842105,0.3076923076923077
647762,BBB,2014J,0.15,0.11538461538461539,0.13043478260869565
647763,CCC,2014J,0.15,0.10714285714285714,0.125
647764,BBB,2014J,0.05,0.041666666666666664,0.04545454545454545
647765,FFF,2014J,0.1,0.06896551724137931,0.08163265306122448
647803,BBB,2014J,0.05,0.16666666666666666,0.07692307692307691
647841,FFF,2014J,0.2,0.0784313725490196,0.11267605633802816
647850,GGG,2014J,0.2,0.3333333333333333,0.25
647865,CCC,2014J,0.0,0.0,0.0
647865,EEE,2014J,0.05,0.1,0.06666666666666667
647879,DDD,2014J,0.1,0.06666666666666667,0.08
647883,BBB,2014J,0.05,0.041666666666666664,0.04545454545454545
647888,CCC,2014J,0.0,0.0,0.0
647888,EEE,2014J,0.2,0.36363636363636365,0.25806451612903225
647893,GGG,2014J,0.15,0.23076923076923078,0.18181818181818185
647898,FFF,2014J,0.15,0.13043478260869565,0.13953488372093023
647910,FFF,2014J,0.0,0.0,0.0
647916,EEE,2014J,0.15,0.3333333333333333,0.20689655172413793
647919,EEE,2014J,0.2,0.36363636363636365,0.25806451612903225
647937,DDD,2014J,0.0,0.0,0.0
647945,FFF,2014J,0.0,0.0,0.0
647967,BBB,2014J,0.0,0.0,0.0
647982,BBB,2014J,0.0,0.0,0.0
647983,EEE,2014J,0.05,0.1111111111111111,0.06896551724137932
647986,GGG,2014J,0.2,0.2222222222222222,0.2105263157894737
647987,FFF,2014J,0.0,0.0,0.0
647988,EEE,2014J,0.2,0.25,0.22222222222222224
648001,EEE,2014J,0.2,0.2857142857142857,0.23529411764705882
648023,GGG,2014J,0.05,0.5,0.09090909090909091
648027,FFF,2014J,0.05,0.029411764705882353,0.03703703703703704
648037,FFF,2014J,0.05,0.038461538461538464,0.043478260869565216
648038,FFF,2014J,0.0,0.0,0.0
648040,FFF,2014J,0.0,0.0,0.0
648049,GGG,2014J,0.15,0.42857142857142855,0.2222222222222222
648063,BBB,2014J,0.0,0.0,0.0
648083,GGG,2014J,0.25,0.2631578947368421,0.25641025641025644
648085,CCC,2014J,0.05,0.125,0.07142857142857144
648086,FFF,2014J,0.15,0.15789473684210525,0.15384615384615385
648090,EEE,2014J,0.3,0.46153846153846156,0.3636363636363637
648091,EEE,2014J,0.1,0.2222222222222222,0.13793103448275865
648100,GGG,2014J,0.1,0.1111111111111111,0.10526315789473685
648105,FFF,2014J,0.05,0.027777777777777776,0.03571428571428571
648114,FFF,2014J,0.1,0.08,0.08888888888888889
648116,FFF,2014J,0.0,0.0,0.0
648117,GGG,2014J,0.1,0.15384615384615385,0.12121212121212123
648130,AAA,2014J,0.05,0.2,0.08000000000000002
648135,BBB,2014J,0.15,0.25,0.18749999999999997
648136,EEE,2014J,0.05,0.25,0.08333333333333334
648140,CCC,2014J,0.0,0.0,0.0
648140,FFF,2014J,0.0,0.0,0.0
648161,CCC,2014J,0.05,0.058823529411764705,0.05405405405405405
648172,DDD,2014J,0.2,0.09302325581395349,0.12698412698412698
648178,GGG,2014J,0.1,0.2,0.13333333333333333
648182,BBB,2014J,0.15,0.14285714285714285,0.14634146341463414
648183,DDD,2014J,0.0,0.0,0.0
648194,BBB,2014J,0.1,0.08,0.08888888888888889
648201,BBB,2014J,0.0,0.0,0.0
648207,GGG,2014J,0.2,0.3333333333333333,0.25
648254,FFF,2014J,0.0,0.0,0.0
648262,BBB,2014J,0.05,0.125,0.07142857142857144
648269,DDD,2014J,0.0,0.0,0.0
648274,GGG,2014J,0.35,0.3181818181818182,0.3333333333333333
648279,GGG,2014J,0.15,0.1875,0.16666666666666663
648285,CCC,2014J,0.05,0.16666666666666666,0.07692307692307691
648285,EEE,2014J,0.15,0.5,0.23076923076923075
648287,FFF,2014J,0.05,0.03333333333333333,0.04
648310,BBB,2014J,0.0,0.0,0.0
648311,BBB,2014J,0.05,0.058823529411764705,0.05405405405405405
648321,CCC,2014J,0.0,0.0,0.0
648321,DDD,2014J,0.1,0.09523809523809523,0.0975609756097561
648354,EEE,2014J,0.2,0.4,0.26666666666666666
648363,CCC,2014J,0.2,0.11764705882352941,0.14814814814814817
648365,FFF,2014J,0.6,0.15584415584415584,0.24742268041237114
648366,FFF,2014J,0.25,0.12195121951219512,0.16393442622950818
648369,CCC,2014J,0.2,0.10256410256410256,0.13559322033898302
648369,EEE,2014J,0.25,0.3125,0.2777777777777778
648370,EEE,2014J,0.35,0.4375,0.38888888888888884
648380,GGG,2014J,0.3,0.375,0.33333333333333326
648416,BBB,2014J,0.15,0.23076923076923078,0.18181818181818185
648422,EEE,2014J,0.25,0.3333333333333333,0.28571428571428575
648428,DDD,2014J,0.0,0.0,0.0
648436,EEE,2014J,0.1,0.2857142857142857,0.14814814814814817
648445,GGG,2014J,0.0,0.0,0.0
648449,BBB,2014J,0.25,0.18518518518518517,0.2127659574468085
648457,FFF,2014J,0.1,0.09523809523809523,0.0975609756097561
648469,EEE,2014J,0.15,0.25,0.18749999999999997
648470,FFF,2014J,0.15,0.10344827586206896,0.12244897959183673
648476,BBB,2014J,0.0,0.0,0.0
648487,BBB,2014J,0.0,0.0,0.0
648498,GGG,2014J,0.1,0.2222222222222222,0.13793103448275865
648522,GGG,2014J,0.25,0.3333333333333333,0.28571428571428575
648528,GGG,2014J,0.35,0.35,0.35
648531,FFF,2014J,0.0,0.0,0.0
648536,FFF,2014J,0.05,0.030303030303030304,0.03773584905660378
648537,BBB,2014J,0.05,0.05555555555555555,0.052631578947368425
648543,BBB,2014J,0.0,0.0,0.0
648549,BBB,2014J,0.15,0.14285714285714285,0.14634146341463414
648553,BBB,2014J,0.2,0.17391304347826086,0.18604651162790697
648564,FFF,2014J,0.0,0.0,0.0
648570,DDD,2014J,0.05,0.09090909090909091,0.06451612903225806
648571,FFF,2014J,0.1,0.06060606060606061,0.07547169811320756
648585,BBB,2014J,0.1,0.2222222222222222,0.13793103448275865
648590,CCC,2014J,0.05,0.14285714285714285,0.07407407407407408
648590,FFF,2014J,0.05,0.09090909090909091,0.06451612903225806
648613,FFF,2014J,0.05,0.04,0.044444444444444446
648649,CCC,2014J,0.15,0.1875,0.16666666666666663
648654,EEE,2014J,0.05,0.16666666666666666,0.07692307692307691
648676,BBB,2014J,0.0,0.0,0.0
648685,FFF,2014J,0.1,0.05405405405405406,0.07017543859649122
648687,EEE,2014J,0.4,0.5,0.4444444444444445
648693,BBB,2014J,0.0,0.0,0.0
648713,BBB,2014J,0.2,0.13333333333333333,0.16
648728,BBB,2014J,0.15,0.17647058823529413,0.16216216216216214
648750,GGG,2014J,0.05,0.14285714285714285,0.07407407407407408
648751,BBB,2014J,0.1,0.08333333333333333,0.0909090909090909
648760,BBB,2014J,0.05,0.1111111111111111,0.06896551724137932
648766,DDD,2014J,0.0,0.0,0.0
648778,BBB,2014J,0.2,0.21052631578947367,0.20512820512820512
648781,CCC,2014J,0.3,0.17142857142857143,0.21818181818181817
648787,EEE,2014J,0.2,0.3076923076923077,0.24242424242424246
648804,FFF,2014J,0.0,0.0,0.0
648807,BBB,2014J,0.05,0.047619047619047616,0.04878048780487805
648815,FFF,2014J,0.4,0.09302325581395349,0.1509433962264151
648818,CCC,2014J,0.15,0.1875,0.16666666666666663
648841,DDD,2014J,0.0,0.0,0.0
648843,EEE,2014J,0.1,0.25,0.14285714285714288
648845,BBB,2014J,0.1,0.11764705882352941,0.1081081081081081
648854,CCC,2014J,0.1,0.08695652173913043,0.09302325581395349
648854,DDD,2014J,0.15,0.10344827586206896,0.12244897959183673
648898,DDD,2014J,0.15,0.10344827586206896,0.12244897959183673
648902,EEE,2014J,0.3,0.3333333333333333,0.3157894736842105
648903,FFF,2014J,0.1,0.06666666666666667,0.08
648920,DDD,2014J,0.0,0.0,0.0
648942,EEE,2014J,0.1,0.16666666666666666,0.125
648951,BBB,2014J,0.0,0.0,0.0
648972,FFF,2014J,0.1,0.09090909090909091,0.09523809523809525
648983,GGG,2014J,0.05,0.0625,0.05555555555555556
649004,FFF,2014J,0.2,0.05714285714285714,0.08888888888888888
649009,FFF,2014J,0.0,0.0,0.0
649014,DDD,2014J,0.1,0.08333333333333333,0.0909090909090909
649018,BBB,2014J,0.0,0.0,0.0
649025,BBB,2014J,0.05,0.05263157894736842,0.05128205128205128
649041,DDD,2014J,0.0,0.0,0.0
649069,EEE,2014J,0.25,0.5555555555555556,0.3448275862068966
649078,DDD,2014J,0.05,0.1,0.06666666666666667
649079,FFF,2014J,0.2,0.06779661016949153,0.10126582278481014
649084,FFF,2014J,0.25,0.09259259259259259,0.13513513513513514
649090,DDD,2014J,0.05,0.1,0.06666666666666667
649093,FFF,2014J,0.05,0.02857142857142857,0.03636363636363636
649095,GGG,2014J,0.3,0.3,0.3
649105,CCC,2014J,0.15,0.10344827586206896,0.12244897959183673
649110,BBB,2014J,0.05,0.06666666666666667,0.05714285714285715
649118,FFF,2014J,0.05,0.02631578947368421,0.034482758620689655
649119,BBB,2014J,0.25,0.23809523809523808,0.24390243902439024
649129,CCC,2014J,0.0,0.0,0.0
649141,CCC,2014J,0.05,0.5,0.09090909090909091
649141,FFF,2014J,0.05,0.16666666666666666,0.07692307692307691
649159,FFF,2014J,0.05,0.07692307692307693,0.060606060606060615
649165,FFF,2014J,0.0,0.0,0.0
649171,EEE,2014J,0.3,0.46153846153846156,0.3636363636363637
649189,BBB,2014J,0.2,0.17391304347826086,0.18604651162790697
649194,GGG,2014J,0.4,0.36363636363636365,0.380952380952381
649206,GGG,2014J,0.0,0.0,0.0
649207,FFF,2014J,0.25,0.1,0.14285714285714288
649212,FFF,2014J,0.15,0.11538461538461539,0.13043478260869565
649214,DDD,2014J,0.15,0.10714285714285714,0.125
649215,EEE,2014J,0.1,0.2222222222222222,0.13793103448275865
649221,BBB,2014J,0.1,0.08695652173913043,0.09302325581395349
649231,BBB,2014J,0.05,0.047619047619047616,0.04878048780487805
649255,EEE,2014J,0.1,0.4,0.16000000000000003
649258,FFF,2014J,0.15,0.1,0.12
649284,FFF,2014J,0.15,0.125,0.13636363636363635
649291,BBB,2014J,0.15,0.15789473684210525,0.15384615384615385
649321,DDD,2014J,0.1,0.1111111111111111,0.10526315789473685
649339,EEE,2014J,0.45,0.45,0.45
649343,CCC,2014J,0.1,0.07692307692307693,0.08695652173913043
649343,EEE,2014J,0.2,0.36363636363636365,0.25806451612903225
649345,BBB,2014J,0.05,0.08333333333333333,0.0625
649379,FFF,2014J,0.3,0.17647058823529413,0.22222222222222224
649383,DDD,2014J,0.0,0.0,0.0
649400,FFF,2014J,0.0,0.0,0.0
649413,DDD,2014J,0.15,0.075,0.1
649434,FFF,2014J,0.05,0.034482758620689655,0.04081632653061224
649435,FFF,2014J,0.05,0.04,0.044444444444444446
649457,FFF,2014J,0.2,0.21052631578947367,0.20512820512820512
649514,DDD,2014J,0.15,0.15,0.15
649518,BBB,2014J,0.0,0.0,0.0
649552,DDD,2014J,0.0,0.0,0.0
649578,BBB,2014J,0.05,0.2,0.08000000000000002
649592,CCC,2014J,0.1,0.125,0.11111111111111112
649604,CCC,2014J,0.05,0.2,0.08000000000000002
649614,DDD,2014J,0.1,0.07142857142857142,0.08333333333333333
649619,FFF,2014J,0.1,0.06451612903225806,0.0784313725490196
649621,BBB,2014J,0.05,0.1,0.06666666666666667
649637,EEE,2014J,0.25,0.45454545454545453,0.3225806451612903
649654,BBB,2014J,0.05,0.045454545454545456,0.04761904761904762
649667,EEE,2014J,0.35,0.5384615384615384,0.4242424242424242
649688,DDD,2014J,0.1,0.11764705882352941,0.1081081081081081
649713,EEE,2014J,0.15,0.3333333333333333,0.20689655172413793
649718,EEE,2014J,0.1,0.2222222222222222,0.13793103448275865
649735,FFF,2014J,0.05,0.06666666666666667,0.05714285714285715
649738,EEE,2014J,0.2,0.25,0.22222222222222224
649742,BBB,2014J,0.1,0.13333333333333333,0.1142857142857143
649745,DDD,2014J,0.1,0.05263157894736842,0.06896551724137931
649749,BBB,2014J,0.2,0.15384615384615385,0.17391304347826086
649761,CCC,2014J,0.3,0.2727272727272727,0.28571428571428564
649780,DDD,2014J,0.15,0.09375,0.11538461538461538
649795,BBB,2014J,0.15,0.15,0.15
649806,FFF,2014J,0.0,0.0,0.0
649816,CCC,2014J,0.0,0.0,0.0
649819,DDD,2014J,0.0,0.0,0.0
649824,BBB,2014J,0.15,0.17647058823529413,0.16216216216216214
649840,CCC,2014J,0.25,0.15625,0.19230769230769232
649843,EEE,2014J,0.2,0.4444444444444444,0.2758620689655173
649867,GGG,2014J,0.3,0.2608695652173913,0.27906976744186046
649868,CCC,2014J,0.1,0.3333333333333333,0.15384615384615383
649880,DDD,2014J,0.05,0.1,0.06666666666666667
649905,BBB,2014J,0.05,0.1,0.06666666666666667
649909,GGG,2014J,0.25,0.3333333333333333,0.28571428571428575
649943,EEE,2014J,0.1,0.2222222222222222,0.13793103448275865
649949,DDD,2014J,0.1,0.2222222222222222,0.13793103448275865
649952,FFF,2014J,0.3,0.11538461538461539,0.16666666666666669
649962,BBB,2014J,0.0,0.0,0.0
649979,FFF,2014J,0.1,0.1111111111111111,0.10526315789473685
650010,DDD,2014J,0.05,0.09090909090909091,0.06451612903225806
650027,EEE,2014J,0.15,0.23076923076923078,0.18181818181818185
650031,FFF,2014J,0.05,0.25,0.08333333333333334
650054,FFF,2014J,0.0,0.0,0.0
650091,DDD,2014J,0.0,0.0,0.0
650099,CCC,2014J,0.1,0.18181818181818182,0.12903225806451613
650105,CCC,2014J,0.0,0.0,0.0
650108,FFF,2014J,0.15,0.05660377358490566,0.0821917808219178
650114,BBB,2014J,0.05,0.09090909090909091,0.06451612903225806
650145,CCC,2014J,0.05,0.125,0.07142857142857144
650145,EEE,2014J,0.05,0.16666666666666666,0.07692307692307691
650160,FFF,2014J,0.1,0.07407407407407407,0.0851063829787234
650161,BBB,2014J,0.1,0.08695652173913043,0.09302325581395349
650164,EEE,2014J,0.35,0.3888888888888889,0.36842105263157887
650232,DDD,2014J,0.0,0.0,0.0
650247,BBB,2014J,0.15,0.17647058823529413,0.16216216216216214
650251,FFF,2014J,0.35,0.20588235294117646,0.25925925925925924
650268,GGG,2014J,0.4,0.42105263157894735,0.41025641025641024
650269,BBB,2014J,0.1,0.16666666666666666,0.125
650279,DDD,2014J,0.2,0.10810810810810811,0.14035087719298245
650316,GGG,2014J,0.3,0.5,0.37499999999999994
650330,EEE,2014J,0.25,0.35714285714285715,0.2941176470588235
650341,CCC,2014J,0.1,0.18181818181818182,0.12903225806451613
650341,EEE,2014J,0.25,0.4166666666666667,0.3125
650363,FFF,2014J,0.1,0.03773584905660377,0.05479452054794521
650370,CCC,2014J,0.05,0.047619047619047616,0.04878048780487805
650370,FFF,2014J,0.05,0.029411764705882353,0.03703703703703704
650371,BBB,2014J,0.1,0.18181818181818182,0.12903225806451613
650376,DDD,2014J,0.0,0.0,0.0
650388,GGG,2014J,0.0,0.0,0.0
650420,DDD,2014J,0.0,0.0,0.0
650424,FFF,2014J,0.05,0.023809523809523808,0.03225806451612903
650434,DDD,2014J,0.2,0.08695652173913043,0.12121212121212122
650442,DDD,2014J,0.1,0.06451612903225806,0.0784313725490196
650461,FFF,2014J,0.0,0.0,0.0
650469,FFF,2014J,0.15,0.17647058823529413,0.16216216216216214
650471,EEE,2014J,0.2,0.5,0.28571428571428575
650473,FFF,2014J,0.15,0.1,0.12
650478,DDD,2014J,0.1,0.041666666666666664,0.058823529411764705
650503,GGG,2014J,0.05,0.1111111111111111,0.06896551724137932
650504,EEE,2014J,0.3,0.3333333333333333,0.3157894736842105
650511,CCC,2014J,0.0,0.0,0.0
650533,EEE,2014J,0.1,0.16666666666666666,0.125
650565,BBB,2014J,0.1,0.2222222222222222,0.13793103448275865
650570,FFF,2014J,0.05,0.022222222222222223,0.030769230769230767
650575,EEE,2014J,0.25,0.5,0.3333333333333333
650592,EEE,2014J,0.15,0.3,0.2
650606,BBB,2014J,0.1,0.10526315789473684,0.10256410256410256
650630,GGG,2014J,0.25,0.2777777777777778,0.2631578947368421
650642,DDD,2014J,0.15,0.09090909090909091,0.11320754716981132
650652,GGG,2014J,0.25,0.3125,0.2777777777777778
650666,EEE,2014J,0.15,0.2727272727272727,0.19354838709677416
650684,DDD,2014J,0.05,0.041666666666666664,0.04545454545454545
650698,GGG,2014J,0.2,0.4,0.26666666666666666
650711,DDD,2014J,0.05,0.043478260869565216,0.046511627906976744
650734,EEE,2014J,0.05,0.1111111111111111,0.06896551724137932
650751,GGG,2014J,0.05,0.1111111111111111,0.06896551724137932
650752,EEE,2014J,0.0,0.0,0.0
650770,EEE,2014J,0.05,0.16666666666666666,0.07692307692307691
650787,CCC,2014J,0.05,0.25,0.08333333333333334
650797,BBB,2014J,0.15,0.23076923076923078,0.18181818181818185
650816,EEE,2014J,0.15,0.1875,0.16666666666666663
650850,DDD,2014J,0.0,0.0,0.0
650856,CCC,2014J,0.0,0.0,0.0
650856,EEE,2014J,0.3,0.375,0.33333333333333326
650863,CCC,2014J,0.3,0.2727272727272727,0.28571428571428564
650866,FFF,2014J,0.1,0.02564102564102564,0.04081632653061225
650901,GGG,2014J,0.15,0.21428571428571427,0.1764705882352941
650923,FFF,2014J,0.1,0.05405405405405406,0.07017543859649122
650926,EEE,2014J,0.25,0.5,0.3333333333333333
650927,EEE,2014J,0.4,0.2857142857142857,0.3333333333333333
650946,DDD,2014J,0.2,0.11764705882352941,0.14814814814814817
650947,DDD,2014J,0.15,0.10714285714285714,0.125
650953,BBB,2014J,0.0,0.0,0.0
650957,DDD,2014J,0.0,0.0,0.0
650958,BBB,2014J,0.15,0.13636363636363635,0.14285714285714282
650960,FFF,2014J,0.15,0.06666666666666667,0.09230769230769231
650979,BBB,2014J,0.0,0.0,0.0
650987,EEE,2014J,0.0,0.0,0.0
650993,DDD,2014J,0.1,0.043478260869565216,0.06060606060606061
651008,BBB,2014J,0.1,0.1111111111111111,0.10526315789473685
651015,EEE,2014J,0.2,0.4,0.26666666666666666
651027,BBB,2014J,0.0,0.0,0.0
651040,FFF,2014J,0.05,0.03125,0.038461538461538464
651061,DDD,2014J,0.0,0.0,0.0
651065,BBB,2014J,0.0,0.0,0.0
651120,DDD,2014J,0.15,0.06521739130434782,0.09090909090909091
651121,FFF,2014J,0.1,0.09090909090909091,0.09523809523809525
651126,FFF,2014J,0.1,0.05555555555555555,0.07142857142857142
651148,BBB,2014J,0.1,0.1111111111111111,0.10526315789473685
651155,EEE,2014J,0.2,0.3333333333333333,0.25
651159,CCC,2014J,0.05,0.0625,0.05555555555555556
651177,BBB,2014J,0.1,0.09090909090909091,0.09523809523809525
651182,FFF,2014J,0.05,0.045454545454545456,0.04761904761904762
651200,FFF,2014J,0.0,0.0,0.0
651209,BBB,2014J,0.05,0.25,0.08333333333333334
651238,FFF,2014J,0.0,0.0,0.0
651245,EEE,2014J,0.3,0.35294117647058826,0.3243243243243243
651257,BBB,2014J,0.1,0.125,0.11111111111111112
651259,GGG,2014J,0.0,0.0,0.0
651278,BBB,2014J,0.05,0.2,0.08000000000000002
651281,GGG,2014J,0.25,0.2631578947368421,0.25641025641025644
651319,GGG,2014J,0.05,0.07692307692307693,0.060606060606060615
651324,BBB,2014J,0.15,0.14285714285714285,0.14634146341463414
651337,EEE,2014J,0.15,0.25,0.18749999999999997
651354,FFF,2014J,0.15,0.09090909090909091,0.11320754716981132
651359,BBB,2014J,0.0,0.0,0.0
651381,FFF,2014J,0.0,0.0,0.0
651415,BBB,2014J,0.25,0.23809523809523808,0.24390243902439024
651419,FFF,2014J,0.05,0.058823529411764705,0.05405405405405405
651423,CCC,2014J,0.1,0.15384615384615385,0.12121212121212123
651429,BBB,2014J,0.05,0.041666666666666664,0.04545454545454545
651436,GGG,2014J,0.2,0.3333333333333333,0.25
651478,FFF,2014J,0.25,0.13157894736842105,0.1724137931034483
651493,DDD,2014J,0.0,0.0,0.0
651495,CCC,2014J,0.3,0.16216216216216217,0.2105263157894737
651495,DDD,2014J,0.0,0.0,0.0
651498,FFF,2014J,0.15,0.05555555555555555,0.08108108108108109
651507,DDD,2014J,0.0,0.0,0.0
651508,CCC,2014J,0.2,0.11764705882352941,0.14814814814814817
651508,DDD,2014J,0.15,0.1111111111111111,0.12765957446808512
651533,EEE,2014J,0.25,0.4166666666666667,0.3125
651534,EEE,2014J,0.2,0.5,0.28571428571428575
651544,BBB,2014J,0.0,0.0,0.0
651555,FFF,2014J,0.15,0.08108108108108109,0.10526315789473685
651561,DDD,2014J,0.0,0.0,0.0
651579,DDD,2014J,0.05,0.05555555555555555,0.052631578947368425
651598,FFF,2014J,0.3,0.1016949152542373,0.1518987341772152
651605,BBB,2014J,0.05,0.058823529411764705,0.05405405405405405
651619,DDD,2014J,0.1,0.09523809523809523,0.0975609756097561
651624,GGG,2014J,0.2,0.3076923076923077,0.24242424242424246
651627,DDD,2014J,0.0,0.0,0.0
651628,GGG,2014J,0.3,0.42857142857142855,0.3529411764705882
651635,EEE,2014J,0.2,0.2857142857142857,0.23529411764705882
651648,EEE,2014J,0.05,0.14285714285714285,0.07407407407407408
651655,BBB,2014J,0.15,0.14285714285714285,0.14634146341463414
651659,BBB,2014J,0.05,0.06666666666666667,0.05714285714285715
651660,GGG,2014J,0.25,0.5,0.3333333333333333
651672,DDD,2014J,0.1,0.125,0.11111111111111112
651678,BBB,2014J,0.05,0.2,0.08000000000000002
651693,FFF,2014J,0.0,0.0,0.0
651728,DDD,2014J,0.0,0.0,0.0
651740,GGG,2014J,0.15,0.23076923076923078,0.18181818181818185
651759,CCC,2014J,0.2,0.11764705882352941,0.14814814814814817
651759,DDD,2014J,0.15,0.10344827586206896,0.12244897959183673
651764,CCC,2014J,0.15,0.13636363636363635,0.14285714285714282
651766,EEE,2014J,0.5,0.5263157894736842,0.5128205128205129
651775,BBB,2014J,0.25,0.3333333333333333,0.28571428571428575
651804,DDD,2014J,0.0,0.0,0.0
651823,CCC,2014J,0.15,0.16666666666666666,0.15789473684210525
651828,EEE,2014J,0.2,0.21052631578947367,0.20512820512820512
651850,CCC,2014J,0.0,0.0,0.0
651850,EEE,2014J,0.2,0.4,0.26666666666666666
651863,BBB,2014J,0.1,0.1,0.10000000000000002
651881,FFF,2014J,0.0,0.0,0.0
651883,BBB,2014J,0.1,0.1111111111111111,0.10526315789473685
651925,BBB,2014J,0.0,0.0,0.0
651927,FFF,2014J,0.2,0.09090909090909091,0.12500000000000003
651930,EEE,2014J,0.2,0.4,0.26666666666666666
651933,EEE,2014J,0.2,0.2,0.20000000000000004
651935,CCC,2014J,0.05,0.07142857142857142,0.058823529411764705
651935,EEE,2014J,0.1,0.2222222222222222,0.13793103448275865
651939,BBB,2014J,0.0,0.0,0.0
651942,DDD,2014J,0.05,0.041666666666666664,0.04545454545454545
651943,GGG,2014J,0.2,0.23529411764705882,0.2162162162162162
651950,EEE,2014J,0.1,0.2222222222222222,0.13793103448275865
651972,FFF,2014J,0.0,0.0,0.0
651979,BBB,2014J,0.05,0.2,0.08000000000000002
651980,BBB,2014J,0.15,0.15,0.15
651990,FFF,2014J,0.0,0.0,0.0
651991,BBB,2014J,0.0,0.0,0.0
651995,EEE,2014J,0.1,0.2222222222222222,0.13793103448275865
652008,FFF,2014J,0.05,0.06666666666666667,0.05714285714285715
652023,CCC,2014J,0.1,0.2857142857142857,0.14814814814814817
652044,BBB,2014J,0.25,0.2777777777777778,0.2631578947368421
652054,EEE,2014J,0.15,0.3333333333333333,0.20689655172413793
652064,FFF,2014J,0.6,0.21052631578947367,0.3116883116883116
652087,FFF,2014J,0.05,0.03125,0.038461538461538464
652090,BBB,2014J,0.1,0.08695652173913043,0.09302325581395349
652103,DDD,2014J,0.05,0.041666666666666664,0.04545454545454545
652149,BBB,2014J,0.1,0.10526315789473684,0.10256410256410256
652156,BBB,2014J,0.0,0.0,0.0
652158,BBB,2014J,0.0,0.0,0.0
652226,BBB,2014J,0.05,0.05555555555555555,0.052631578947368425
652267,DDD,2014J,0.0,0.0,0.0
652281,GGG,2014J,0.1,0.14285714285714285,0.11764705882352941
652285,EEE,2014J,0.35,0.5833333333333334,0.4375
652292,DDD,2014J,0.0,0.0,0.0
652293,DDD,2014J,0.0,0.0,0.0
652302,EEE,2014J,0.2,0.3076923076923077,0.24242424242424246
652318,DDD,2014J,0.05,0.025,0.03333333333333333
652333,FFF,2014J,0.05,0.02702702702702703,0.03508771929824561
652335,FFF,2014J,0.05,0.029411764705882353,0.03703703703703704
652390,BBB,2014J,0.0,0.0,0.0
652414,GGG,2014J,0.2,0.23529411764705882,0.2162162162162162
652428,DDD,2014J,0.0,0.0,0.0
652435,GGG,2014J,0.25,0.29411764705882354,0.27027027027027023
652438,FFF,2014J,0.05,0.05555555555555555,0.052631578947368425
652460,EEE,2014J,0.2,0.5714285714285714,0.29629629629629634
652462,GGG,2014J,0.2,0.23529411764705882,0.2162162162162162
652476,EEE,2014J,0.15,0.16666666666666666,0.15789473684210525
652501,CCC,2014J,0.05,0.07692307692307693,0.060606060606060615
652501,EEE,2014J,0.05,0.07692307692307693,0.060606060606060615
652539,GGG,2014J,0.15,0.25,0.18749999999999997
652553,BBB,2014J,0.0,0.0,0.0
652556,BBB,2014J,0.0,0.0,0.0
652572,BBB,2014J,0.0,0.0,0.0
652576,FFF,2014J,0.0,0.0,0.0
652586,BBB,2014J,0.1,0.06896551724137931,0.08163265306122448
652605,BBB,2014J,0.0,0.0,0.0
652617,DDD,2014J,0.0,0.0,0.0
652619,DDD,2014J,0.1,0.08,0.08888888888888889
652625,FFF,2014J,0.2,0.10526315789473684,0.13793103448275862
652659,FFF,2014J,0.0,0.0,0.0
652672,FFF,2014J,0.0,0.0,0.0
652680,DDD,2014J,0.05,0.05555555555555555,0.052631578947368425
652684,FFF,2014J,0.3,0.1111111111111111,0.16216216216216217
652711,FFF,2014J,0.1,0.0625,0.07692307692307693
652732,DDD,2014J,0.0,0.0,0.0
652753,FFF,2014J,0.15,0.08333333333333333,0.10714285714285714
652788,FFF,2014J,0.05,0.037037037037037035,0.0425531914893617
652818,BBB,2014J,0.0,0.0,0.0
652861,EEE,2014J,0.2,0.4444444444444444,0.2758620689655173
652880,EEE,2014J,0.1,0.3333333333333333,0.15384615384615383
652887,FFF,2014J,0.05,0.07142857142857142,0.058823529411764705
652890,FFF,2014J,0.0,0.0,0.0
652898,FFF,2014J,0.15,0.06666666666666667,0.09230769230769231
652902,CCC,2014J,0.05,0.04,0.044444444444444446
652902,EEE,2014J,0.3,0.46153846153846156,0.3636363636363637
652965,DDD,2014J,0.0,0.0,0.0
652969,BBB,2014J,0.05,0.05263157894736842,0.05128205128205128
652971,EEE,2014J,0.2,0.4444444444444444,0.2758620689655173
652994,FFF,2014J,0.05,0.05555555555555555,0.052631578947368425
653027,BBB,2014J,0.0,0.0,0.0
653045,FFF,2014J,0.0,0.0,0.0
653051,DDD,2014J,0.0,0.0,0.0
653052,BBB,2014J,0.0,0.0,0.0
653068,BBB,2014J,0.0,0.0,0.0
653086,BBB,2014J,0.15,0.15789473684210525,0.15384615384615385
653115,CCC,2014J,0.1,0.2,0.13333333333333333
653115,FFF,2014J,0.1,0.04,0.05714285714285714
653127,CCC,2014J,0.3,0.2222222222222222,0.25531914893617025
653157,GGG,2014J,0.05,0.1111111111111111,0.06896551724137932
653210,EEE,2014J,0.3,0.3333333333333333,0.3157894736842105
653239,BBB,2014J,0.0,0.0,0.0
653240,BBB,2014J,0.05,0.25,0.08333333333333334
653248,EEE,2014J,0.0,0.0,0.0
653252,GGG,2014J,0.15,0.6,0.24
653262,BBB,2014J,0.0,0.0,0.0
653278,CCC,2014J,0.15,0.11538461538461539,0.13043478260869565
653297,FFF,2014J,0.25,0.13157894736842105,0.1724137931034483
653301,FFF,2014J,0.15,0.05,0.075
653319,DDD,2014J,0.2,0.10256410256410256,0.13559322033898302
653352,EEE,2014J,0.1,0.5,0.16666666666666669
653374,GGG,2014J,0.1,0.15384615384615385,0.12121212121212123
653381,FFF,2014J,0.0,0.0,0.0
653384,BBB,2014J,0.0,0.0,0.0
653412,DDD,2014J,0.0,0.0,0.0
653417,FFF,2014J,0.25,0.10416666666666667,0.14705882352941177
653435,GGG,2014J,0.0,0.0,0.0
653440,EEE,2014J,0.2,0.3333333333333333,0.25
653452,CCC,2014J,0.2,0.14285714285714285,0.16666666666666666
653452,DDD,2014J,0.05,0.02631578947368421,0.034482758620689655
653495,GGG,2014J,0.2,0.26666666666666666,0.2285714285714286
653536,FFF,2014J,0.0,0.0,0.0
653550,DDD,2014J,0.05,0.03125,0.038461538461538464
653558,FFF,2014J,0.15,0.07692307692307693,0.1016949152542373
653567,FFF,2014J,0.1,0.03076923076923077,0.04705882352941177
653569,DDD,2014J,0.1,0.15384615384615385,0.12121212121212123
653577,BBB,2014J,0.05,0.041666666666666664,0.04545454545454545
653587,EEE,2014J,0.15,0.3333333333333333,0.20689655172413793
653595,FFF,2014J,0.05,0.023255813953488372,0.031746031746031744
653653,FFF,2014J,0.05,0.0625,0.05555555555555556
653664,BBB,2014J,0.0,0.0,0.0
653665,EEE,2014J,0.25,0.2777777777777778,0.2631578947368421
653688,EEE,2014J,0.2,0.4444444444444444,0.2758620689655173
653702,BBB,2014J,0.1,0.2857142857142857,0.14814814814814817
653711,DDD,2014J,0.15,0.06976744186046512,0.09523809523809525
653718,EEE,2014J,0.25,0.5555555555555556,0.3448275862068966
653729,DDD,2014J,0.0,0.0,0.0
653759,DDD,2014J,0.0,0.0,0.0
653762,BBB,2014J,0.0,0.0,0.0
653768,DDD,2014J,0.05,0.125,0.07142857142857144
653773,FFF,2014J,0.25,0.09433962264150944,0.13698630136986303
653793,DDD,2014J,0.2,0.10810810810810811,0.14035087719298245
653801,EEE,2014J,0.4,0.47058823529411764,0.4324324324324324
653821,CCC,2014J,0.05,0.1111111111111111,0.06896551724137932
653824,GGG,2014J,0.1,0.15384615384615385,0.12121212121212123
653840,BBB,2014J,0.05,0.043478260869565216,0.046511627906976744
653841,FFF,2014J,0.0,0.0,0.0
653857,FFF,2014J,0.05,0.07692307692307693,0.060606060606060615
653867,GGG,2014J,0.1,0.1,0.10000000000000002
653870,BBB,2014J,0.1,0.1111111111111111,0.10526315789473685
653887,EEE,2014J,0.1,0.18181818181818182,0.12903225806451613
653914,DDD,2014J,0.05,0.0625,0.05555555555555556
653943,GGG,2014J,0.15,0.2,0.17142857142857143
653951,BBB,2014J,0.1,0.09090909090909091,0.09523809523809525
653958,BBB,2014J,0.0,0.0,0.0
653998,EEE,2014J,0.0,0.0,0.0
654000,CCC,2014J,0.2,0.11764705882352941,0.14814814814814817
654002,CCC,2014J,0.05,1.0,0.09523809523809523
654005,BBB,2014J,0.0,0.0,0.0
654016,CCC,2014J,0.2,0.17391304347826086,0.18604651162790697
654031,CCC,2014J,0.0,0.0,0.0
654031,EEE,2014J,0.05,0.07692307692307693,0.060606060606060615
654043,BBB,2014J,0.0,0.0,0.0
654045,FFF,2014J,0.3,0.04918032786885246,0.08450704225352113
654062,GGG,2014J,0.05,0.1111111111111111,0.06896551724137932
654064,GGG,2014J,0.3,0.35294117647058826,0.3243243243243243
654110,DDD,2014J,0.1,0.058823529411764705,0.07407407407407408
654114,CCC,2014J,0.05,0.07142857142857142,0.058823529411764705
654114,FFF,2014J,0.05,0.02702702702702703,0.03508771929824561
654169,FFF,2014J,0.15,0.04411764705882353,0.06818181818181818
654188,CCC,2014J,0.05,0.14285714285714285,0.07407407407407408
654198,EEE,2014J,0.2,0.3076923076923077,0.24242424242424246
654206,BBB,2014J,0.05,0.07142857142857142,0.058823529411764705
654213,EEE,2014J,0.1,0.2222222222222222,0.13793103448275865
654217,FFF,2014J,0.0,0.0,0.0
654236,FFF,2014J,0.0,0.0,0.0
654240,EEE,2014J,0.05,0.1,0.06666666666666667
654260,FFF,2014J,0.05,0.04,0.044444444444444446
654322,CCC,2014J,0.3,0.35294117647058826,0.3243243243243243
654339,FFF,2014J,0.2,0.125,0.15384615384615385
654341,DDD,2014J,0.0,0.0,0.0
654369,GGG,2014J,0.2,0.4,0.26666666666666666
654397,EEE,2014J,0.15,0.375,0.21428571428571425
654401,DDD,2014J,0.1,0.07692307692307693,0.08695652173913043
654404,BBB,2014J,0.0,0.0,0.0
654414,DDD,2014J,0.05,0.034482758620689655,0.04081632653061224
654415,BBB,2014J,0.0,0.0,0.0
654441,FFF,2014J,0.15,0.058823529411764705,0.08450704225352114
654443,DDD,2014J,0.0,0.0,0.0
654485,EEE,2014J,0.1,0.2222222222222222,0.13793103448275865
654504,CCC,2014J,0.0,0.0,0.0
654504,DDD,2014J,0.1,0.2222222222222222,0.13793103448275865
654524,BBB,2014J,0.05,0.0625,0.05555555555555556
654539,CCC,2014J,0.15,0.1111111111111111,0.12765957446808512
654547,EEE,2014J,0.3,0.3333333333333333,0.3157894736842105
654565,FFF,2014J,0.1,0.09523809523809523,0.0975609756097561
654578,FFF,2014J,0.05,0.041666666666666664,0.04545454545454545
654597,FFF,2014J,0.05,0.041666666666666664,0.04545454545454545
654646,CCC,2014J,0.15,0.08108108108108109,0.10526315789473685
654657,BBB,2014J,0.1,0.2222222222222222,0.13793103448275865
654668,EEE,2014J,0.3,0.46153846153846156,0.3636363636363637
654676,EEE,2014J,0.15,0.1875,0.16666666666666663
654681,GGG,2014J,0.2,0.23529411764705882,0.2162162162162162
654684,FFF,2014J,0.0,0.0,0.0
654692,FFF,2014J,0.1,0.0625,0.07692307692307693
654801,EEE,2014J,0.3,0.4,0.34285714285714286
654807,DDD,2014J,0.05,0.03125,0.038461538461538464
654817,CCC,2014J,0.0,0.0,0.0
654819,FFF,2014J,0.15,0.13636363636363635,0.14285714285714282
654822,EEE,2014J,0.05,0.07692307692307693,0.060606060606060615
654824,FFF,2014J,0.2,0.11764705882352941,0.14814814814814817
654834,FFF,2014J,0.3,0.10344827586206896,0.15384615384615385
654856,BBB,2014J,0.05,0.06666666666666667,0.05714285714285715
654867,FFF,2014J,0.4,0.10126582278481013,0.16161616161616163
654891,EEE,2014J,0.3,0.35294117647058826,0.3243243243243243
654914,GGG,2014J,0.2,0.2857142857142857,0.23529411764705882
654915,CCC,2014J,0.15,0.2,0.17142857142857143
654945,GGG,2014J,0.1,0.11764705882352941,0.1081081081081081
654947,FFF,2014J,0.05,0.125,0.07142857142857144
654965,GGG,2014J,0.15,0.17647058823529413,0.16216216216216214
655039,DDD,2014J,0.05,0.043478260869565216,0.046511627906976744
655051,CCC,2014J,0.0,0.0,0.0
655084,BBB,2014J,0.1,0.1,0.10000000000000002
655108,CCC,2014J,0.05,0.07142857142857142,0.058823529411764705
655115,FFF,2014J,0.35,0.1206896551724138,0.1794871794871795
655124,FFF,2014J,0.05,0.3333333333333333,0.08695652173913045
655127,FFF,2014J,0.25,0.13513513513513514,0.1754385964912281
655128,DDD,2014J,0.2,0.13333333333333333,0.16
655136,DDD,2014J,0.1,0.1111111111111111,0.10526315789473685
655201,GGG,2014J,0.0,0.0,0.0
655230,BBB,2014J,0.0,0.0,0.0
655242,EEE,2014J,0.1,0.16666666666666666,0.125
655296,BBB,2014J,0.0,0.0,0.0
655314,BBB,2014J,0.25,0.25,0.25
655342,BBB,2014J,0.15,0.11538461538461539,0.13043478260869565
655353,CCC,2014J,0.05,0.05555555555555555,0.052631578947368425
655353,FFF,2014J,0.0,0.0,0.0
655362,DDD,2014J,0.15,0.15,0.15
655376,GGG,2014J,0.25,0.35714285714285715,0.2941176470588235
655378,CCC,2014J,0.1,0.15384615384615385,0.12121212121212123
655386,FFF,2014J,0.25,0.06493506493506493,0.10309278350515462
655390,CCC,2014J,0.2,0.2,0.20000000000000004
655396,EEE,2014J,0.35,0.5,0.4117647058823529
655412,FFF,2014J,0.05,0.027777777777777776,0.03571428571428571
655445,FFF,2014J,0.1,0.058823529411764705,0.07407407407407408
655460,BBB,2014J,0.0,0.0,0.0
655471,BBB,2014J,0.05,0.08333333333333333,0.0625
655498,CCC,2014J,0.15,0.1111111111111111,0.12765957446808512
655498,EEE,2014J,0.1,0.14285714285714285,0.11764705882352941
655546,BBB,2014J,0.2,0.17391304347826086,0.18604651162790697
655547,BBB,2014J,0.05,0.16666666666666666,0.07692307692307691
655556,GGG,2014J,0.05,1.0,0.09523809523809523
655569,FFF,2014J,0.15,0.075,0.1
655585,DDD,2014J,0.0,0.0,0.0
655600,DDD,2014J,0.15,0.09090909090909091,0.11320754716981132
655609,EEE,2014J,0.45,0.36,0.39999999999999997
655613,BBB,2014J,0.0,0.0,0.0
655668,BBB,2014J,0.0,0.0,0.0
655680,EEE,2014J,0.25,0.5,0.3333333333333333
655764,EEE,2014J,0.05,0.1,0.06666666666666667
655794,EEE,2014J,0.2,0.26666666666666666,0.2285714285714286
655796,FFF,2014J,0.05,0.06666666666666667,0.05714285714285715
655806,DDD,2014J,0.0,0.0,0.0
655816,DDD,2014J,0.35,0.16279069767441862,0.22222222222222227
655828,BBB,2014J,0.05,0.0625,0.05555555555555556
655834,DDD,2014J,0.1,0.05555555555555555,0.07142857142857142
655865,EEE,2014J,0.25,0.4166666666666667,0.3125
655869,EEE,2014J,0.1,0.16666666666666666,0.125
655890,CCC,2014J,0.3,0.20689655172413793,0.24489795918367346
655919,CCC,2014J,0.15,0.11538461538461539,0.13043478260869565
655924,EEE,2014J,0.3,0.42857142857142855,0.3529411764705882
655927,CCC,2014J,0.15,0.07894736842105263,0.10344827586206896
655927,FFF,2014J,0.1,0.05714285714285714,0.07272727272727272
655930,DDD,2014J,0.1,0.05405405405405406,0.07017543859649122
655954,GGG,2014J,0.1,0.2,0.13333333333333333
655973,CCC,2014J,0.25,0.1724137931034483,0.20408163265306123
655973,EEE,2014J,0.1,0.13333333333333333,0.1142857142857143
655981,FFF,2014J,0.1,0.09090909090909091,0.09523809523809525
656010,EEE,2014J,0.0,0.0,0.0
656014,GGG,2014J,0.0,0.0,0.0
656053,GGG,2014J,0.15,0.17647058823529413,0.16216216216216214
656057,EEE,2014J,0.3,0.35294117647058826,0.3243243243243243
656065,FFF,2014J,0.2,0.14285714285714285,0.16666666666666666
656073,DDD,2014J,0.0,0.0,0.0
656092,FFF,2014J,0.05,0.02631578947368421,0.034482758620689655
656131,FFF,2014J,0.2,0.06451612903225806,0.0975609756097561
656134,EEE,2014J,0.1,0.13333333333333333,0.1142857142857143
656158,FFF,2014J,0.15,0.08571428571428572,0.10909090909090909
656159,FFF,2014J,0.1,0.05555555555555555,0.07142857142857142
656164,DDD,2014J,0.05,0.058823529411764705,0.05405405405405405
656165,FFF,2014J,0.1,0.05405405405405406,0.07017543859649122
656183,DDD,2014J,0.1,0.11764705882352941,0.1081081081081081
656187,BBB,2014J,0.0,0.0,0.0
656190,BBB,2014J,0.0,0.0,0.0
656193,DDD,2014J,0.05,0.0625,0.05555555555555556
656194,BBB,2014J,0.0,0.0,0.0
656196,BBB,2014J,0.0,0.0,0.0
656197,BBB,2014J,0.15,0.11538461538461539,0.13043478260869565
656200,BBB,2014J,0.0,0.0,0.0
656203,CCC,2014J,0.0,0.0,0.0
656204,BBB,2014J,0.0,0.0,0.0
656206,BBB,2014J,0.1,0.25,0.14285714285714288
656208,BBB,2014J,0.0,0.0,0.0
656217,BBB,2014J,0.05,0.25,0.08333333333333334
656227,BBB,2014J,0.0,0.0,0.0
656234,FFF,2014J,0.2,0.04819277108433735,0.07766990291262137
656253,BBB,2014J,0.0,0.0,0.0
656277,CCC,2014J,0.2,0.15384615384615385,0.17391304347826086
656287,CCC,2014J,0.0,0.0,0.0
656323,FFF,2014J,0.0,0.0,0.0
656340,CCC,2014J,0.05,0.045454545454545456,0.04761904761904762
656347,CCC,2014J,0.0,0.0,0.0
656347,EEE,2014J,0.25,0.5,0.3333333333333333
656352,BBB,2014J,0.2,0.11764705882352941,0.14814814814814817
656353,FFF,2014J,0.05,0.0625,0.05555555555555556
656373,BBB,2014J,0.1,0.09090909090909091,0.09523809523809525
656386,BBB,2014J,0.15,0.2,0.17142857142857143
656393,DDD,2014J,0.0,0.0,0.0
656414,FFF,2014J,0.1,0.11764705882352941,0.1081081081081081
656436,FFF,2014J,0.1,0.125,0.11111111111111112
656438,GGG,2014J,0.05,0.1111111111111111,0.06896551724137932
656446,EEE,2014J,0.2,0.36363636363636365,0.25806451612903225
656454,DDD,2014J,0.1,0.14285714285714285,0.11764705882352941
656475,BBB,2014J,0.05,0.3333333333333333,0.08695652173913045
656481,BBB,2014J,0.0,0.0,0.0
656494,BBB,2014J,0.0,0.0,0.0
656496,DDD,2014J,0.15,0.07894736842105263,0.10344827586206896
656506,GGG,2014J,0.15,0.21428571428571427,0.1764705882352941
656526,DDD,2014J,0.15,0.0967741935483871,0.11764705882352941
656529,FFF,2014J,0.05,0.05,0.05000000000000001
656540,BBB,2014J,0.05,0.05263157894736842,0.05128205128205128
656543,GGG,2014J,0.2,0.19047619047619047,0.1951219512195122
656549,BBB,2014J,0.0,0.0,0.0
656553,EEE,2014J,0.15,0.375,0.21428571428571425
656557,BBB,2014J,0.0,0.0,0.0
656566,BBB,2014J,0.0,0.0,0.0
656578,EEE,2014J,0.15,0.2,0.17142857142857143
656579,FFF,2014J,0.1,0.08333333333333333,0.0909090909090909
656607,FFF,2014J,0.1,0.047619047619047616,0.06451612903225806
656642,CCC,2014J,0.05,0.09090909090909091,0.06451612903225806
656651,FFF,2014J,0.15,0.13043478260869565,0.13953488372093023
656681,BBB,2014J,0.0,0.0,0.0
656683,CCC,2014J,0.05,0.02702702702702703,0.03508771929824561
656698,BBB,2014J,0.1,0.09090909090909091,0.09523809523809525
656711,BBB,2014J,0.1,0.2222222222222222,0.13793103448275865
656734,FFF,2014J,0.25,0.09615384615384616,0.1388888888888889
656756,GGG,2014J,0.45,0.47368421052631576,0.46153846153846156
656766,DDD,2014J,0.05,0.023809523809523808,0.03225806451612903
656791,FFF,2014J,0.05,0.045454545454545456,0.04761904761904762
656815,EEE,2014J,0.1,0.25,0.14285714285714288
656854,EEE,2014J,0.05,0.07142857142857142,0.058823529411764705
656873,BBB,2014J,0.05,0.058823529411764705,0.05405405405405405
656882,FFF,2014J,0.0,0.0,0.0
656915,BBB,2014J,0.1,0.09523809523809523,0.0975609756097561
656929,CCC,2014J,0.0,0.0,0.0
656929,EEE,2014J,0.1,0.6666666666666666,0.1739130434782609
656934,DDD,2014J,0.0,0.0,0.0
656936,GGG,2014J,0.35,0.3684210526315789,0.358974358974359
656987,DDD,2014J,0.05,0.05555555555555555,0.052631578947368425
656988,FFF,2014J,0.0,0.0,0.0
656990,BBB,2014J,0.05,0.045454545454545456,0.04761904761904762
656996,FFF,2014J,0.05,0.05,0.05000000000000001
657002,EEE,2014J,0.15,0.2727272727272727,0.19354838709677416
657032,BBB,2014J,0.05,0.05263157894736842,0.05128205128205128
657045,GGG,2014J,0.2,0.36363636363636365,0.25806451612903225
657048,CCC,2014J,0.0,0.0,0.0
657048,FFF,2014J,0.2,0.11428571428571428,0.14545454545454545
657050,CCC,2014J,0.0,0.0,0.0
657062,EEE,2014J,0.4,0.36363636363636365,0.380952380952381
657077,DDD,2014J,0.0,0.0,0.0
657099,BBB,2014J,0.0,0.0,0.0
657128,EEE,2014J,0.25,0.625,0.35714285714285715
657145,CCC,2014J,0.15,0.15,0.15
657194,EEE,2014J,0.3,0.35294117647058826,0.3243243243243243
657196,EEE,2014J,0.1,0.2,0.13333333333333333
657209,EEE,2014J,0.0,0.0,0.0
657220,FFF,2014J,0.05,0.024390243902439025,0.03278688524590164
657226,EEE,2014J,0.15,0.3,0.2
657231,GGG,2014J,0.05,0.07692307692307693,0.060606060606060615
657245,DDD,2014J,0.05,0.04,0.044444444444444446
657285,CCC,2014J,0.05,0.09090909090909091,0.06451612903225806
657290,BBB,2014J,0.05,0.05263157894736842,0.05128205128205128
657293,BBB,2014J,0.1,0.11764705882352941,0.1081081081081081
657319,EEE,2014J,0.1,0.3333333333333333,0.15384615384615383
657330,FFF,2014J,0.05,0.045454545454545456,0.04761904761904762
657344,FFF,2014J,0.05,0.02857142857142857,0.03636363636363636
657352,CCC,2014J,0.05,0.2,0.08000000000000002
665414,CCC,2014J,0.05,0.3333333333333333,0.08695652173913045
669530,CCC,2014J,0.05,0.038461538461538464,0.043478260869565216
669530,DDD,2014B,0.15,0.15,0.15
674206,DDD,2014J,0.0,0.0,0.0
674214,BBB,2014J,0.15,0.14285714285714285,0.14634146341463414
674222,FFF,2014J,0.15,0.0967741935483871,0.11764705882352941
674226,FFF,2014J,0.0,0.0,0.0
674236,FFF,2014J,0.1,0.041666666666666664,0.058823529411764705
674253,EEE,2014J,0.1,0.2222222222222222,0.13793103448275865
674262,FFF,2014J,0.25,0.07936507936507936,0.12048192771084337
674276,BBB,2014J,0.15,0.13636363636363635,0.14285714285714282
674290,BBB,2014J,0.05,0.058823529411764705,0.05405405405405405
674320,FFF,2014J,0.05,0.038461538461538464,0.043478260869565216
674322,BBB,2014J,0.0,0.0,0.0
674340,GGG,2014J,0.0,0.0,0.0
674349,BBB,2014J,0.15,0.125,0.13636363636363635
674359,GGG,2014J,0.0,0.0,0.0
674387,FFF,2014J,0.35,0.0958904109589041,0.15053763440860213
674388,DDD,2014J,0.1,0.13333333333333333,0.1142857142857143
674406,FFF,2014J,0.0,0.0,0.0
674430,EEE,2014J,0.05,0.5,0.09090909090909091
674437,DDD,2014J,0.0,0.0,0.0
674440,DDD,2014J,0.0,0.0,0.0
674451,FFF,2014J,0.2,0.0975609756097561,0.13114754098360656
674471,GGG,2014J,0.25,0.5555555555555556,0.3448275862068966
674481,GGG,2014J,0.05,0.07692307692307693,0.060606060606060615
674484,FFF,2014J,0.15,0.05172413793103448,0.07692307692307693
674495,BBB,2014J,0.05,0.125,0.07142857142857144
674497,CCC,2014J,0.1,0.1111111111111111,0.10526315789473685
674497,FFF,2014J,0.05,0.02631578947368421,0.034482758620689655
674509,FFF,2014J,0.15,0.06,0.08571428571428572
674541,CCC,2014J,0.05,0.043478260869565216,0.046511627906976744
674563,GGG,2014J,0.25,0.2631578947368421,0.25641025641025644
674568,GGG,2014J,0.1,0.2,0.13333333333333333
674576,BBB,2014J,0.05,0.0625,0.05555555555555556
674584,FFF,2014J,0.2,0.1,0.13333333333333333
674594,FFF,2014J,0.0,0.0,0.0
674605,BBB,2014J,0.05,0.14285714285714285,0.07407407407407408
674616,BBB,2014J,0.05,0.25,0.08333333333333334
674640,GGG,2014J,0.25,0.3333333333333333,0.28571428571428575
674644,FFF,2014J,0.0,0.0,0.0
674651,DDD,2014J,0.0,0.0,0.0
674657,FFF,2014J,0.15,0.14285714285714285,0.14634146341463414
674671,FFF,2014J,0.05,0.024390243902439025,0.03278688524590164
674691,FFF,2014J,0.15,0.046153846153846156,0.07058823529411765
674694,FFF,2014J,0.05,0.16666666666666666,0.07692307692307691
674699,CCC,2014J,0.1,0.07692307692307693,0.08695652173913043
674699,FFF,2014J,0.2,0.08695652173913043,0.12121212121212122
674710,GGG,2014J,0.05,0.125,0.07142857142857144
674747,EEE,2014J,0.15,0.6,0.24
674751,FFF,2014J,0.1,0.0625,0.07692307692307693
674766,GGG,2014J,0.15,0.3333333333333333,0.20689655172413793
674784,BBB,2014J,0.1,0.11764705882352941,0.1081081081081081
674808,CCC,2014J,0.15,0.2727272727272727,0.19354838709677416
674808,EEE,2014J,0.3,0.3333333333333333,0.3157894736842105
674831,FFF,2014J,0.1,0.08333333333333333,0.0909090909090909
674853,EEE,2014J,0.2,0.2857142857142857,0.23529411764705882
674870,FFF,2014J,0.1,0.0625,0.07692307692307693
674879,DDD,2014J,0.15,0.07692307692307693,0.1016949152542373
674882,CCC,2014J,0.2,0.2,0.20000000000000004
674882,EEE,2014J,0.1,0.14285714285714285,0.11764705882352941
674889,EEE,2014J,0.15,0.23076923076923078,0.18181818181818185
674890,GGG,2014J,0.4,0.36363636363636365,0.380952380952381
674921,FFF,2014J,0.05,0.029411764705882353,0.03703703703703704
674922,BBB,2014J,0.0,0.0,0.0
674927,GGG,2014J,0.1,0.25,0.14285714285714288
674941,EEE,2014J,0.1,0.2,0.13333333333333333
674960,BBB,2014J,0.0,0.0,0.0
674965,CCC,2014J,0.2,0.13793103448275862,0.16326530612244897
674989,DDD,2014J,0.05,0.08333333333333333,0.0625
674997,DDD,2014J,0.0,0.0,0.0
675021,FFF,2014J,0.2,0.07547169811320754,0.10958904109589042
675042,BBB,2014J,0.05,0.05555555555555555,0.052631578947368425
675054,CCC,2014J,0.1,0.1111111111111111,0.10526315789473685
675054,FFF,2014J,0.2,0.08163265306122448,0.11594202898550723
675062,DDD,2014J,0.15,0.075,0.1
675063,CCC,2014J,0.2,0.19047619047619047,0.1951219512195122
675085,BBB,2014J,0.15,0.13043478260869565,0.13953488372093023
675096,BBB,2014J,0.05,0.25,0.08333333333333334
675111,CCC,2014J,0.1,0.1111111111111111,0.10526315789473685
675159,BBB,2014J,0.2,0.17391304347826086,0.18604651162790697
675162,EEE,2014J,0.05,0.125,0.07142857142857144
675193,FFF,2014J,0.05,0.05555555555555555,0.052631578947368425
675223,BBB,2014J,0.0,0.0,0.0
675225,FFF,2014J,0.3,0.1935483870967742,0.23529411764705882
675231,BBB,2014J,0.1,0.2,0.13333333333333333
675233,FFF,2014J,0.15,0.08333333333333333,0.10714285714285714
675242,GGG,2014J,0.1,0.16666666666666666,0.125
675247,GGG,2014J,0.3,0.25,0.2727272727272727
675256,DDD,2014J,0.0,0.0,0.0
675261,FFF,2014J,0.0,0.0,0.0
675264,GGG,2014J,0.2,0.25,0.22222222222222224
675273,FFF,2014J,0.05,0.045454545454545456,0.04761904761904762
675279,FFF,2014J,0.05,0.0625,0.05555555555555556
675315,FFF,2014J,0.0,0.0,0.0
675328,FFF,2014J,0.1,0.1,0.10000000000000002
675365,EEE,2014J,0.15,0.25,0.18749999999999997
675374,CCC,2014J,0.1,0.25,0.14285714285714288
675374,EEE,2014J,0.1,0.2,0.13333333333333333
675383,CCC,2014J,0.1,0.125,0.11111111111111112
675396,CCC,2014J,0.2,0.3076923076923077,0.24242424242424246
675450,EEE,2014J,0.25,0.29411764705882354,0.27027027027027023
675474,FFF,2014J,0.05,0.0625,0.05555555555555556
675477,CCC,2014J,0.05,0.03333333333333333,0.04
675493,DDD,2014J,0.1,0.06896551724137931,0.08163265306122448
675495,CCC,2014J,0.0,0.0,0.0
675504,CCC,2014J,0.3,0.25,0.2727272727272727
675516,DDD,2014J,0.0,0.0,0.0
675526,BBB,2014J,0.05,0.2,0.08000000000000002
675537,EEE,2014J,0.3,0.4,0.34285714285714286
675539,DDD,2014J,0.05,0.022222222222222223,0.030769230769230767
675566,FFF,2014J,0.05,0.045454545454545456,0.04761904761904762
675576,BBB,2014J,0.15,0.10344827586206896,0.12244897959183673
675578,GGG,2014J,0.35,0.3684210526315789,0.358974358974359
675636,FFF,2014J,0.05,0.025,0.03333333333333333
675638,CCC,2014J,0.35,0.25,0.2916666666666667
675663,EEE,2014J,0.05,0.2,0.08000000000000002
675710,FFF,2014J,0.25,0.12195121951219512,0.16393442622950818
675728,BBB,2014J,0.0,0.0,0.0
675760,CCC,2014J,0.15,0.13636363636363635,0.14285714285714282
675773,EEE,2014J,0.1,0.25,0.14285714285714288
675807,BBB,2014J,0.15,0.3,0.2
675811,GGG,2014J,0.2,0.23529411764705882,0.2162162162162162
675823,CCC,2014J,0.05,0.08333333333333333,0.0625
675840,EEE,2014J,0.3,0.46153846153846156,0.3636363636363637
675848,GGG,2014J,0.15,0.3,0.2
675875,CCC,2014J,0.25,0.2,0.22222222222222224
675891,GGG,2014J,0.2,0.2222222222222222,0.2105263157894737
675902,CCC,2014J,0.05,0.09090909090909091,0.06451612903225806
675915,CCC,2014J,0.0,0.0,0.0
675919,DDD,2014J,0.2,0.13333333333333333,0.16
675924,GGG,2014J,0.1,0.2,0.13333333333333333
675929,BBB,2014J,0.0,0.0,0.0
675949,GGG,2014J,0.35,0.35,0.35
675989,FFF,2014J,0.2,0.05970149253731343,0.09195402298850575
675993,DDD,2014J,0.0,0.0,0.0
676007,FFF,2014J,0.05,0.03225806451612903,0.0392156862745098
676034,GGG,2014J,0.1,0.15384615384615385,0.12121212121212123
676064,FFF,2014J,0.1,0.05128205128205128,0.06779661016949151
676071,GGG,2014J,0.05,0.125,0.07142857142857144
676084,EEE,2014J,0.1,0.14285714285714285,0.11764705882352941
676087,DDD,2014J,0.1,0.08333333333333333,0.0909090909090909
676103,FFF,2014J,0.05,0.03333333333333333,0.04
676138,DDD,2014J,0.0,0.0,0.0
676151,BBB,2014J,0.15,0.15,0.15
676155,DDD,2014J,0.0,0.0,0.0
676169,BBB,2014J,0.0,0.0,0.0
676176,BBB,2014J,0.0,0.0,0.0
676190,FFF,2014J,0.2,0.10526315789473684,0.13793103448275862
676265,FFF,2014J,0.0,0.0,0.0
676272,FFF,2014J,0.1,0.07692307692307693,0.08695652173913043
676303,FFF,2014J,0.1,0.05,0.06666666666666667
676322,BBB,2014J,0.0,0.0,0.0
676333,EEE,2014J,0.15,0.3,0.2
676373,DDD,2014J,0.0,0.0,0.0
676378,FFF,2014J,0.35,0.10294117647058823,0.1590909090909091
676387,GGG,2014J,0.2,0.21052631578947367,0.20512820512820512
676390,CCC,2014J,0.3,0.4,0.34285714285714286
676401,BBB,2014J,0.25,0.17857142857142858,0.20833333333333331
676428,BBB,2014J,0.1,0.09090909090909091,0.09523809523809525
676444,FFF,2014J,0.2,0.06153846153846154,0.09411764705882354
676458,FFF,2014J,0.05,0.03571428571428571,0.041666666666666664
676459,FFF,2014J,0.05,0.0196078431372549,0.02816901408450704
676469,CCC,2014J,0.0,0.0,0.0
676478,FFF,2014J,0.25,0.07462686567164178,0.11494252873563218
676482,EEE,2014J,0.1,0.25,0.14285714285714288
676492,FFF,2014J,0.2,0.0975609756097561,0.13114754098360656
676498,DDD,2014J,0.05,0.08333333333333333,0.0625
676503,CCC,2014J,0.3,0.24,0.2666666666666666
676516,DDD,2014J,0.1,0.08,0.08888888888888889
676538,CCC,2014J,0.05,0.02702702702702703,0.03508771929824561
676538,DDD,2014J,0.2,0.16,0.17777777777777778
676553,DDD,2014J,0.05,0.05263157894736842,0.05128205128205128
676589,DDD,2014J,0.1,0.07407407407407407,0.0851063829787234
676596,DDD,2014J,0.05,0.05,0.05000000000000001
676610,FFF,2014J,0.05,0.027777777777777776,0.03571428571428571
676611,EEE,2014J,0.05,0.14285714285714285,0.07407407407407408
676626,FFF,2014J,0.05,0.037037037037037035,0.0425531914893617
676633,BBB,2014J,0.15,0.15789473684210525,0.15384615384615385
676650,CCC,2014J,0.3,0.1935483870967742,0.23529411764705882
676676,EEE,2014J,0.2,0.36363636363636365,0.25806451612903225
676705,BBB,2014J,0.1,0.06451612903225806,0.0784313725490196
676722,EEE,2014J,0.3,0.3333333333333333,0.3157894736842105
676724,EEE,2014J,0.2,0.36363636363636365,0.25806451612903225
676750,BBB,2014J,0.05,0.07142857142857142,0.058823529411764705
676766,DDD,2014J,0.0,0.0,0.0
676787,DDD,2014J,0.0,0.0,0.0
676805,EEE,2014J,0.1,0.14285714285714285,0.11764705882352941
676807,DDD,2014J,0.0,0.0,0.0
676809,DDD,2014J,0.15,0.17647058823529413,0.16216216216216214
676834,EEE,2014J,0.2,0.4,0.26666666666666666
676852,DDD,2014J,0.25,0.1724137931034483,0.20408163265306123
676865,DDD,2014J,0.1,0.058823529411764705,0.07407407407407408
676866,FFF,2014J,0.05,0.06666666666666667,0.05714285714285715
676882,FFF,2014J,0.0,0.0,0.0
676898,BBB,2014J,0.0,0.0,0.0
676903,DDD,2014J,0.05,0.1111111111111111,0.06896551724137932
676909,CCC,2014J,0.2,0.14285714285714285,0.16666666666666666
676916,CCC,2014J,0.25,0.16666666666666666,0.2
676948,BBB,2014J,0.0,0.0,0.0
676962,BBB,2014J,0.05,0.2,0.08000000000000002
676963,DDD,2014J,0.0,0.0,0.0
676964,CCC,2014J,0.15,0.07142857142857142,0.09677419354838708
676964,DDD,2014J,0.15,0.06666666666666667,0.09230769230769231
677006,CCC,2014J,0.1,0.2,0.13333333333333333
677018,CCC,2014J,0.1,0.09523809523809523,0.0975609756097561
677018,EEE,2014J,0.1,0.2222222222222222,0.13793103448275865
677025,GGG,2014J,0.2,0.26666666666666666,0.2285714285714286
677040,EEE,2014J,0.2,0.26666666666666666,0.2285714285714286
677066,GGG,2014J,0.05,0.09090909090909091,0.06451612903225806
677085,CCC,2014J,0.25,0.15151515151515152,0.18867924528301888
677085,FFF,2014J,0.0,0.0,0.0
677089,CCC,2014J,0.1,0.08,0.08888888888888889
677111,FFF,2014J,0.0,0.0,0.0
677138,FFF,2014J,0.1,0.06896551724137931,0.08163265306122448
677155,FFF,2014J,0.15,0.09375,0.11538461538461538
677167,FFF,2014J,0.15,0.10344827586206896,0.12244897959183673
677186,AAA,2014J,0.05,0.125,0.07142857142857144
677189,EEE,2014J,0.25,0.3333333333333333,0.28571428571428575
677197,EEE,2014J,0.05,0.125,0.07142857142857144
677201,BBB,2014J,0.0,0.0,0.0
677203,BBB,2014J,0.05,0.06666666666666667,0.05714285714285715
677206,FFF,2014J,0.15,0.09090909090909091,0.11320754716981132
677216,GGG,2014J,0.25,0.29411764705882354,0.27027027027027023
677221,FFF,2014J,0.15,0.06976744186046512,0.09523809523809525
677235,FFF,2014J,0.0,0.0,0.0
677349,CCC,2014J,0.05,0.058823529411764705,0.05405405405405405
677356,GGG,2014J,0.2,0.36363636363636365,0.25806451612903225
677382,FFF,2014J,0.05,0.07142857142857142,0.058823529411764705
677400,FFF,2014J,0.1,0.07407407407407407,0.0851063829787234
677436,FFF,2014J,0.05,0.05,0.05000000000000001
677456,FFF,2014J,0.3,0.125,0.17647058823529413
677457,EEE,2014J,0.4,0.4,0.4000000000000001
677459,CCC,2014J,0.1,0.07692307692307693,0.08695652173913043
677459,EEE,2014J,0.15,0.16666666666666666,0.15789473684210525
677462,BBB,2014J,0.1,0.08333333333333333,0.0909090909090909
677463,GGG,2014J,0.1,0.09090909090909091,0.09523809523809525
677486,FFF,2014J,0.0,0.0,0.0
677491,GGG,2014J,0.3,0.35294117647058826,0.3243243243243243
677498,BBB,2014J,0.2,0.4,0.26666666666666666
677546,FFF,2014J,0.05,0.058823529411764705,0.05405405405405405
677579,DDD,2014J,0.0,0.0,0.0
677606,DDD,2014J,0.0,0.0,0.0
677641,CCC,2014J,0.05,0.06666666666666667,0.05714285714285715
677655,FFF,2014J,0.05,0.02631578947368421,0.034482758620689655
677687,FFF,2014J,0.0,0.0,0.0
677741,CCC,2014J,0.05,0.06666666666666667,0.05714285714285715
677741,EEE,2014J,0.05,0.1111111111111111,0.06896551724137932
677748,FFF,2014J,0.2,0.13333333333333333,0.16
677767,FFF,2014J,0.1,0.05714285714285714,0.07272727272727272
677832,DDD,2014J,0.1,0.07142857142857142,0.08333333333333333
677833,FFF,2014J,0.15,0.13636363636363635,0.14285714285714282
677846,BBB,2014J,0.05,0.041666666666666664,0.04545454545454545
677869,FFF,2014J,0.0,0.0,0.0
677873,BBB,2014J,0.05,0.06666666666666667,0.05714285714285715
677879,BBB,2014J,0.0,0.0,0.0
677892,BBB,2014J,0.05,0.07692307692307693,0.060606060606060615
677897,EEE,2014J,0.0,0.0,0.0
677900,EEE,2014J,0.25,0.3125,0.2777777777777778
677922,BBB,2014J,0.1,0.16666666666666666,0.125
677928,GGG,2014J,0.1,0.14285714285714285,0.11764705882352941
678004,GGG,2014J,0.25,0.29411764705882354,0.27027027027027023
678009,GGG,2014J,0.15,0.25,0.18749999999999997
678015,EEE,2014J,0.25,0.38461538461538464,0.30303030303030304
678025,BBB,2014J,0.1,0.08695652173913043,0.09302325581395349
678026,EEE,2014J,0.2,0.2857142857142857,0.23529411764705882
678038,BBB,2014J,0.05,0.14285714285714285,0.07407407407407408
678041,DDD,2014J,0.0,0.0,0.0
678057,BBB,2014J,0.0,0.0,0.0
678065,DDD,2014J,0.15,0.10714285714285714,0.125
678080,BBB,2014J,0.0,0.0,0.0
678088,FFF,2014J,0.15,0.125,0.13636363636363635
678089,CCC,2014J,0.15,0.15789473684210525,0.15384615384615385
678102,DDD,2014J,0.15,0.07142857142857142,0.09677419354838708
678105,BBB,2014J,0.25,0.19230769230769232,0.2173913043478261
678110,BBB,2014J,0.05,0.058823529411764705,0.05405405405405405
678194,CCC,2014J,0.0,0.0,0.0
678194,EEE,2014J,0.15,0.21428571428571427,0.1764705882352941
678203,CCC,2014J,0.05,0.14285714285714285,0.07407407407407408
678203,FFF,2014J,0.1,0.05555555555555555,0.07142857142857142
678204,CCC,2014J,0.0,0.0,0.0
678233,DDD,2014J,0.0,0.0,0.0
678235,FFF,2014J,0.25,0.12195121951219512,0.16393442622950818
678240,DDD,2014J,0.1,0.047619047619047616,0.06451612903225806
678244,BBB,2014J,0.1,0.1,0.10000000000000002
678246,BBB,2014J,0.1,0.1,0.10000000000000002
678255,GGG,2014J,0.2,0.4,0.26666666666666666
678261,GGG,2014J,0.15,0.21428571428571427,0.1764705882352941
678267,EEE,2014J,0.2,0.25,0.22222222222222224
678270,FFF,2014J,0.0,0.0,0.0
678278,BBB,2014J,0.05,0.3333333333333333,0.08695652173913045
678314,BBB,2014J,0.0,0.0,0.0
678339,CCC,2014J,0.05,0.07142857142857142,0.058823529411764705
678341,EEE,2014J,0.15,0.6,0.24
678373,BBB,2014J,0.15,0.125,0.13636363636363635
678381,FFF,2014J,0.25,0.12195121951219512,0.16393442622950818
678393,CCC,2014J,0.0,0.0,0.0
678395,CCC,2014J,0.05,0.09090909090909091,0.06451612903225806
678408,CCC,2014J,0.25,0.29411764705882354,0.27027027027027023
678419,CCC,2014J,0.05,0.1111111111111111,0.06896551724137932
678419,EEE,2014J,0.1,0.15384615384615385,0.12121212121212123
678432,GGG,2014J,0.25,0.625,0.35714285714285715
678452,FFF,2014J,0.2,0.10810810810810811,0.14035087719298245
678490,DDD,2014J,0.0,0.0,0.0
678508,EEE,2014J,0.2,0.25,0.22222222222222224
678528,FFF,2014J,0.3,0.09090909090909091,0.13953488372093023
678538,EEE,2014J,0.2,0.4,0.26666666666666666
678575,BBB,2014J,0.05,0.16666666666666666,0.07692307692307691
678605,DDD,2014J,0.05,0.07142857142857142,0.058823529411764705
678618,GGG,2014J,0.3,0.4,0.34285714285714286
678623,BBB,2014J,0.05,0.5,0.09090909090909091
678628,FFF,2014J,0.05,0.029411764705882353,0.03703703703703704
678659,FFF,2014J,0.25,0.14285714285714285,0.18181818181818182
678661,BBB,2014J,0.05,0.08333333333333333,0.0625
678680,BBB,2014J,0.1,0.10526315789473684,0.10256410256410256
678688,BBB,2014J,0.1,0.15384615384615385,0.12121212121212123
678701,EEE,2014J,0.1,0.25,0.14285714285714288
678715,EEE,2014J,0.05,1.0,0.09523809523809523
678762,GGG,2014J,0.15,0.21428571428571427,0.1764705882352941
678774,GGG,2014J,0.3,0.35294117647058826,0.3243243243243243
678777,BBB,2014J,0.0,0.0,0.0
678790,CCC,2014J,0.05,0.125,0.07142857142857144
678790,DDD,2014J,0.1,0.14285714285714285,0.11764705882352941
678815,BBB,2014J,0.05,0.0625,0.05555555555555556
678819,FFF,2014J,0.15,0.06382978723404255,0.08955223880597013
678844,DDD,2014J,0.1,0.09523809523809523,0.0975609756097561
678859,FFF,2014J,0.1,0.05263157894736842,0.06896551724137931
678860,CCC,2014J,0.0,0.0,0.0
678860,EEE,2014J,0.1,0.2857142857142857,0.14814814814814817
678906,BBB,2014J,0.2,0.2,0.20000000000000004
678929,EEE,2014J,0.25,0.35714285714285715,0.2941176470588235
678941,DDD,2014J,0.2,0.12121212121212122,0.15094339622641512
678946,FFF,2014J,0.15,0.1,0.12
678954,FFF,2014J,0.2,0.13793103448275862,0.16326530612244897
678955,BBB,2014J,0.05,0.07142857142857142,0.058823529411764705
678970,EEE,2014J,0.0,0.0,0.0
678995,BBB,2014J,0.1,0.08333333333333333,0.0909090909090909
679036,FFF,2014J,0.0,0.0,0.0
679039,CCC,2014J,0.05,0.0625,0.05555555555555556
679059,BBB,2014J,0.1,0.09523809523809523,0.0975609756097561
679114,EEE,2014J,0.15,0.3333333333333333,0.20689655172413793
679127,GGG,2014J,0.4,0.47058823529411764,0.4324324324324324
679128,CCC,2014J,0.15,0.15789473684210525,0.15384615384615385
679174,BBB,2014J,0.0,0.0,0.0
679189,FFF,2014J,0.05,0.029411764705882353,0.03703703703703704
679207,EEE,2014J,0.1,0.2,0.13333333333333333
679218,BBB,2014J,0.1,0.2,0.13333333333333333
679227,FFF,2014J,0.15,0.06976744186046512,0.09523809523809525
679232,BBB,2014J,0.1,0.09523809523809523,0.0975609756097561
679237,FFF,2014J,0.2,0.14814814814814814,0.1702127659574468
679251,FFF,2014J,0.1,0.10526315789473684,0.10256410256410256
679262,FFF,2014J,0.05,0.047619047619047616,0.04878048780487805
679278,FFF,2014J,0.0,0.0,0.0
679327,GGG,2014J,0.1,0.1111111111111111,0.10526315789473685
679384,FFF,2014J,0.25,0.14285714285714285,0.18181818181818182
679386,CCC,2014J,0.05,0.06666666666666667,0.05714285714285715
679386,FFF,2014J,0.05,0.03125,0.038461538461538464
679395,DDD,2014J,0.0,0.0,0.0
679402,FFF,2014J,0.1,0.06451612903225806,0.0784313725490196
679409,GGG,2014J,0.2,0.3076923076923077,0.24242424242424246
679431,CCC,2014J,0.25,0.14285714285714285,0.18181818181818182
679445,FFF,2014J,0.05,0.034482758620689655,0.04081632653061224
679448,FFF,2014J,0.15,0.061224489795918366,0.08695652173913043
679451,CCC,2014J,0.25,0.29411764705882354,0.27027027027027023
679454,DDD,2014J,0.15,0.1111111111111111,0.12765957446808512
679498,FFF,2014J,0.1,0.06666666666666667,0.08
679509,FFF,2014J,0.1,0.10526315789473684,0.10256410256410256
679525,DDD,2014J,0.05,0.041666666666666664,0.04545454545454545
679541,EEE,2014J,0.1,0.25,0.14285714285714288
679559,BBB,2014J,0.0,0.0,0.0
679569,CCC,2014J,0.05,0.125,0.07142857142857144
679569,EEE,2014J,0.1,0.14285714285714285,0.11764705882352941
679594,FFF,2014J,0.15,0.0967741935483871,0.11764705882352941
679631,EEE,2014J,0.1,0.2857142857142857,0.14814814814814817
679663,CCC,2014J,0.0,0.0,0.0
679676,FFF,2014J,0.05,0.125,0.07142857142857144
679716,BBB,2014J,0.0,0.0,0.0
679733,CCC,2014J,0.05,0.08333333333333333,0.0625
679750,CCC,2014J,0.05,0.045454545454545456,0.04761904761904762
679769,GGG,2014J,0.2,0.25,0.22222222222222224
679777,DDD,2014J,0.0,0.0,0.0
679788,FFF,2014J,0.0,0.0,0.0
679790,FFF,2014J,0.1,0.04081632653061224,0.05797101449275362
679798,BBB,2014J,0.1,0.1,0.10000000000000002
679801,EEE,2014J,0.35,0.2692307692307692,0.3043478260869565
679828,BBB,2014J,0.0,0.0,0.0
679840,GGG,2014J,0.15,0.25,0.18749999999999997
679854,DDD,2014J,0.1,0.05714285714285714,0.07272727272727272
679886,CCC,2014J,0.2,0.12121212121212122,0.15094339622641512
679897,DDD,2014J,0.05,0.034482758620689655,0.04081632653061224
679918,BBB,2014J,0.0,0.0,0.0
679921,GGG,2014J,0.25,0.3125,0.2777777777777778
679939,CCC,2014J,0.0,0.0,0.0
679939,FFF,2014J,0.1,0.05405405405405406,0.07017543859649122
679959,CCC,2014J,0.1,0.15384615384615385,0.12121212121212123
679967,BBB,2014J,0.1,0.13333333333333333,0.1142857142857143
679971,BBB,2014J,0.0,0.0,0.0
680002,CCC,2014J,0.05,0.05555555555555555,0.052631578947368425
680009,BBB,2014J,0.05,0.05555555555555555,0.052631578947368425
680014,FFF,2014J,0.15,0.1,0.12
680017,DDD,2014J,0.05,0.05,0.05000000000000001
680025,DDD,2014J,0.15,0.11538461538461539,0.13043478260869565
680027,CCC,2014J,0.1,0.07142857142857142,0.08333333333333333
680027,FFF,2014J,0.05,0.058823529411764705,0.05405405405405405
680063,GGG,2014J,0.1,0.2222222222222222,0.13793103448275865
680080,FFF,2014J,0.0,0.0,0.0
680087,DDD,2014J,0.0,0.0,0.0
680133,CCC,2014J,0.05,0.06666666666666667,0.05714285714285715
680133,EEE,2014J,0.15,0.3,0.2
680145,FFF,2014J,0.2,0.07407407407407407,0.10810810810810811
680146,BBB,2014J,0.0,0.0,0.0
680162,BBB,2014J,0.0,0.0,0.0
680174,BBB,2014J,0.15,0.17647058823529413,0.16216216216216214
680176,GGG,2014J,0.05,0.2,0.08000000000000002
680187,CCC,2014J,0.2,0.125,0.15384615384615385
680212,FFF,2014J,0.0,0.0,0.0
680219,BBB,2014J,0.05,0.05263157894736842,0.05128205128205128
680261,GGG,2014J,0.1,0.25,0.14285714285714288
680266,FFF,2014J,0.3,0.1,0.15
680267,CCC,2014J,0.0,0.0,0.0
680267,EEE,2014J,0.1,0.18181818181818182,0.12903225806451613
680270,FFF,2014J,0.0,0.0,0.0
680290,BBB,2014J,0.1,0.15384615384615385,0.12121212121212123
680322,FFF,2014J,0.1,0.07692307692307693,0.08695652173913043
680331,DDD,2014J,0.0,0.0,0.0
680343,FFF,2014J,0.4,0.06837606837606838,0.11678832116788322
680348,FFF,2014J,0.2,0.13333333333333333,0.16
680427,GGG,2014J,0.05,0.058823529411764705,0.05405405405405405
680431,DDD,2014J,0.0,0.0,0.0
680443,FFF,2014J,0.0,0.0,0.0
680453,BBB,2014J,0.05,0.125,0.07142857142857144
680464,FFF,2014J,0.0,0.0,0.0
680471,BBB,2014J,0.2,0.19047619047619047,0.1951219512195122
680483,EEE,2014J,0.1,0.18181818181818182,0.12903225806451613
680492,CCC,2014J,0.5,0.2222222222222222,0.30769230769230765
680492,DDD,2014J,0.1,0.047619047619047616,0.06451612903225806
680506,FFF,2014J,0.05,0.017857142857142856,0.026315789473684206
680530,BBB,2014J,0.0,0.0,0.0
680541,BBB,2014J,0.05,0.1111111111111111,0.06896551724137932
680545,BBB,2014J,0.25,0.18518518518518517,0.2127659574468085
680559,BBB,2014J,0.05,0.058823529411764705,0.05405405405405405
680569,GGG,2014J,0.1,0.25,0.14285714285714288
680572,FFF,2014J,0.05,0.05,0.05000000000000001
680602,CCC,2014J,0.25,0.23809523809523808,0.24390243902439024
680626,DDD,2014J,0.0,0.0,0.0
680644,EEE,2014J,0.0,0.0,0.0
680687,CCC,2014J,0.15,0.10344827586206896,0.12244897959183673
680708,FFF,2014J,0.05,0.02631578947368421,0.034482758620689655
680713,FFF,2014J,0.2,0.07407407407407407,0.10810810810810811
680723,BBB,2014J,0.1,0.08695652173913043,0.09302325581395349
680728,DDD,2014J,0.0,0.0,0.0
680747,FFF,2014J,0.05,0.07142857142857142,0.058823529411764705
680765,CCC,2014J,0.1,0.18181818181818182,0.12903225806451613
680765,EEE,2014J,0.2,0.4,0.26666666666666666
680775,FFF,2014J,0.1,0.07142857142857142,0.08333333333333333
680787,BBB,2014J,0.0,0.0,0.0
680798,BBB,2014J,0.15,0.17647058823529413,0.16216216216216214
680804,CCC,2014J,0.0,0.0,0.0
680804,EEE,2014J,0.2,0.21052631578947367,0.20512820512820512
680810,FFF,2014J,0.1,0.041666666666666664,0.058823529411764705
680812,DDD,2014J,0.0,0.0,0.0
680817,DDD,2014J,0.05,0.03333333333333333,0.04
680862,BBB,2014J,0.0,0.0,0.0
680872,FFF,2014J,0.1,0.08333333333333333,0.0909090909090909
680894,EEE,2014J,0.1,0.25,0.14285714285714288
680912,FFF,2014J,0.0,0.0,0.0
680918,BBB,2014J,0.05,0.07692307692307693,0.060606060606060615
680926,BBB,2014J,0.05,0.058823529411764705,0.05405405405405405
680955,FFF,2014J,0.1,0.058823529411764705,0.07407407407407408
680966,GGG,2014J,0.25,0.35714285714285715,0.2941176470588235
680970,BBB,2014J,0.05,0.1,0.06666666666666667
680974,FFF,2014J,0.15,0.06521739130434782,0.09090909090909091
680988,GGG,2014J,0.1,0.5,0.16666666666666669
680996,DDD,2014J,0.0,0.0,0.0
681001,EEE,2014J,0.35,0.3888888888888889,0.36842105263157887
681004,FFF,2014J,0.1,0.05263157894736842,0.06896551724137931
681059,DDD,2014J,0.05,0.045454545454545456,0.04761904761904762
681065,GGG,2014J,0.2,0.23529411764705882,0.2162162162162162
681107,GGG,2014J,0.1,0.18181818181818182,0.12903225806451613
681150,BBB,2014J,0.1,0.1,0.10000000000000002
681154,GGG,2014J,0.15,0.3,0.2
681165,CCC,2014J,0.15,0.13636363636363635,0.14285714285714282
681174,CCC,2014J,0.1,0.09523809523809523,0.0975609756097561
681200,EEE,2014J,0.25,0.38461538461538464,0.30303030303030304
681211,DDD,2014J,0.0,0.0,0.0
681222,BBB,2014J,0.2,0.13333333333333333,0.16
681235,CCC,2014J,0.05,0.03571428571428571,0.041666666666666664
681235,FFF,2014J,0.1,0.07407407407407407,0.0851063829787234
681241,DDD,2014J,0.0,0.0,0.0
681268,GGG,2014J,0.05,0.1111111111111111,0.06896551724137932
681289,BBB,2014J,0.05,0.0625,0.05555555555555556
681302,CCC,2014J,0.15,0.1111111111111111,0.12765957446808512
681302,EEE,2014J,0.05,0.1111111111111111,0.06896551724137932
681327,EEE,2014J,0.05,0.1,0.06666666666666667
681328,FFF,2014J,0.15,0.07317073170731707,0.09836065573770492
681341,FFF,2014J,0.0,0.0,0.0
681352,FFF,2014J,0.0,0.0,0.0
681354,FFF,2014J,0.15,0.1111111111111111,0.12765957446808512
681356,DDD,2014J,0.1,0.041666666666666664,0.058823529411764705
681369,EEE,2014J,0.2,0.36363636363636365,0.25806451612903225
681379,EEE,2014J,0.0,0.0,0.0
681416,EEE,2014J,0.2,0.2857142857142857,0.23529411764705882
681421,GGG,2014J,0.3,0.35294117647058826,0.3243243243243243
681425,DDD,2014J,0.15,0.13636363636363635,0.14285714285714282
681440,DDD,2014J,0.05,0.06666666666666667,0.05714285714285715
681447,GGG,2014J,0.2,0.2857142857142857,0.23529411764705882
681452,FFF,2014J,0.2,0.08888888888888889,0.12307692307692307
681490,FFF,2014J,0.0,0.0,0.0
681528,DDD,2014J,0.0,0.0,0.0
681566,BBB,2014J,0.15,0.2,0.17142857142857143
681581,BBB,2014J,0.05,0.043478260869565216,0.046511627906976744
681608,FFF,2014J,0.05,0.03125,0.038461538461538464
681633,FFF,2014J,0.05,0.01818181818181818,0.02666666666666667
681642,CCC,2014J,0.0,0.0,0.0
681652,FFF,2014J,0.0,0.0,0.0
681655,FFF,2014J,0.25,0.14705882352941177,0.18518518518518517
681658,FFF,2014J,0.0,0.0,0.0
681696,GGG,2014J,0.2,0.21052631578947367,0.20512820512820512
681716,BBB,2014J,0.1,0.11764705882352941,0.1081081081081081
681729,DDD,2014J,0.15,0.08108108108108109,0.10526315789473685
681731,CCC,2014J,0.0,0.0,0.0
681746,DDD,2014J,0.05,0.043478260869565216,0.046511627906976744
681755,FFF,2014J,0.0,0.0,0.0
681763,FFF,2014J,0.05,0.047619047619047616,0.04878048780487805
681798,BBB,2014J,0.0,0.0,0.0
681799,DDD,2014J,0.05,0.034482758620689655,0.04081632653061224
681876,GGG,2014J,0.0,0.0,0.0
681923,DDD,2014J,0.15,0.1111111111111111,0.12765957446808512
681938,FFF,2014J,0.0,0.0,0.0
681973,FFF,2014J,0.0,0.0,0.0
682001,GGG,2014J,0.2,0.2,0.20000000000000004
682019,FFF,2014J,0.05,0.14285714285714285,0.07407407407407408
682022,DDD,2014J,0.0,0.0,0.0
682051,BBB,2014J,0.0,0.0,0.0
682070,FFF,2014J,0.15,0.08333333333333333,0.10714285714285714
682100,GGG,2014J,0.2,0.2222222222222222,0.2105263157894737
682107,BBB,2014J,0.1,0.08333333333333333,0.0909090909090909
682117,DDD,2014J,0.05,0.25,0.08333333333333334
682123,GGG,2014J,0.15,0.14285714285714285,0.14634146341463414
682223,BBB,2014J,0.15,0.23076923076923078,0.18181818181818185
682239,EEE,2014J,0.0,0.0,0.0
682259,CCC,2014J,0.0,0.0,0.0
682259,EEE,2014J,0.05,0.5,0.09090909090909091
682294,DDD,2014J,0.0,0.0,0.0
682298,FFF,2014J,0.0,0.0,0.0
682299,DDD,2014J,0.1,0.09523809523809523,0.0975609756097561
682301,CCC,2014J,0.0,0.0,0.0
682306,DDD,2014J,0.15,0.06818181818181818,0.09374999999999999
682316,BBB,2014J,0.1,0.09523809523809523,0.0975609756097561
682321,GGG,2014J,0.25,0.3125,0.2777777777777778
682343,BBB,2014J,0.2,0.16,0.17777777777777778
682355,EEE,2014J,0.1,0.2222222222222222,0.13793103448275865
682367,CCC,2014J,0.1,0.11764705882352941,0.1081081081081081
682385,DDD,2014J,0.0,0.0,0.0
682390,FFF,2014J,0.0,0.0,0.0
682409,BBB,2014J,0.05,0.07692307692307693,0.060606060606060615
682413,GGG,2014J,0.15,0.2,0.17142857142857143
682436,FFF,2014J,0.1,0.04,0.05714285714285714
682437,FFF,2014J,0.1,0.06666666666666667,0.08
682440,GGG,2014J,0.15,0.2727272727272727,0.19354838709677416
682480,BBB,2014J,0.0,0.0,0.0
682483,BBB,2014J,0.05,0.1,0.06666666666666667
682511,CCC,2014J,0.05,0.047619047619047616,0.04878048780487805
682511,FFF,2014J,0.1,0.06666666666666667,0.08
682539,FFF,2014J,0.2,0.06557377049180328,0.09876543209876544
682541,DDD,2014J,0.05,0.1111111111111111,0.06896551724137932
682543,GGG,2014J,0.05,0.14285714285714285,0.07407407407407408
682569,CCC,2014J,0.05,0.16666666666666666,0.07692307692307691
682569,FFF,2014J,0.15,0.057692307692307696,0.08333333333333334
682588,FFF,2014J,0.25,0.38461538461538464,0.30303030303030304
682613,FFF,2014J,0.15,0.10344827586206896,0.12244897959183673
682625,GGG,2014J,0.1,0.14285714285714285,0.11764705882352941
682627,BBB,2014J,0.1,0.08333333333333333,0.0909090909090909
682632,FFF,2014J,0.1,0.044444444444444446,0.061538461538461535
682660,DDD,2014J,0.05,0.03571428571428571,0.041666666666666664
682684,DDD,2014J,0.05,0.09090909090909091,0.06451612903225806
682692,DDD,2014J,0.05,0.03571428571428571,0.041666666666666664
682695,FFF,2014J,0.3,0.12244897959183673,0.17391304347826086
682740,DDD,2014J,0.05,0.034482758620689655,0.04081632653061224
682753,FFF,2014J,0.05,0.0625,0.05555555555555556
682819,DDD,2014J,0.0,0.0,0.0
682839,FFF,2014J,0.15,0.07142857142857142,0.09677419354838708
682887,BBB,2014J,0.0,0.0,0.0
682894,FFF,2014J,0.05,0.03125,0.038461538461538464
682897,DDD,2014J,0.1,0.09523809523809523,0.0975609756097561
682913,BBB,2014J,0.0,0.0,0.0
682961,CCC,2014J,0.1,0.07407407407407407,0.0851063829787234
682963,FFF,2014J,0.05,0.023809523809523808,0.03225806451612903
682968,DDD,2014J,0.1,0.06060606060606061,0.07547169811320756
682981,FFF,2014J,0.1,0.03773584905660377,0.05479452054794521
682983,FFF,2014J,0.05,0.025,0.03333333333333333
682985,FFF,2014J,0.0,0.0,0.0
682990,FFF,2014J,0.15,0.14285714285714285,0.14634146341463414
683002,BBB,2014J,0.05,0.047619047619047616,0.04878048780487805
683005,GGG,2014J,0.3,0.3157894736842105,0.3076923076923077
683033,FFF,2014J,0.1,0.06896551724137931,0.08163265306122448
683079,EEE,2014J,0.3,0.5,0.37499999999999994
683091,DDD,2014J,0.1,0.0625,0.07692307692307693
683094,FFF,2014J,0.05,0.01694915254237288,0.025316455696202535
683120,BBB,2014J,0.15,0.13043478260869565,0.13953488372093023
683140,BBB,2014J,0.05,0.07692307692307693,0.060606060606060615
683145,BBB,2014J,0.0,0.0,0.0
683164,BBB,2014J,0.0,0.0,0.0
683178,FFF,2014J,0.3,0.10909090909090909,0.16
683202,BBB,2014J,0.0,0.0,0.0
683243,FFF,2014J,0.1,0.10526315789473684,0.10256410256410256
683256,GGG,2014J,0.0,0.0,0.0
683270,EEE,2014J,0.25,0.22727272727272727,0.23809523809523808
683275,BBB,2014J,0.0,0.0,0.0
683305,FFF,2014J,0.0,0.0,0.0
683323,FFF,2014J,0.05,0.3333333333333333,0.08695652173913045
683336,GGG,2014J,0.05,0.125,0.07142857142857144
683346,FFF,2014J,0.15,0.09375,0.11538461538461538
683352,FFF,2014J,0.15,0.04918032786885246,0.07407407407407407
683353,FFF,2014J,0.25,0.08333333333333333,0.125
683373,CCC,2014J,0.0,0.0,0.0
683375,FFF,2014J,0.1,0.05128205128205128,0.06779661016949151
683396,DDD,2014J,0.05,0.05555555555555555,0.052631578947368425
683403,FFF,2014J,0.2,0.07142857142857142,0.10526315789473682
683420,BBB,2014J,0.05,0.07692307692307693,0.060606060606060615
683423,GGG,2014J,0.3,0.3333333333333333,0.3157894736842105
683467,FFF,2014J,0.3,0.1,0.15
683492,EEE,2014J,0.1,1.0,0.18181818181818182
683503,CCC,2014J,0.0,0.0,0.0
683530,FFF,2014J,0.2,0.07272727272727272,0.10666666666666667
683548,BBB,2014J,0.0,0.0,0.0
683550,FFF,2014J,0.1,0.07692307692307693,0.08695652173913043
683592,BBB,2014J,0.1,0.2222222222222222,0.13793103448275865
683604,FFF,2014J,0.2,0.06349206349206349,0.09638554216867469
683618,BBB,2014J,0.05,0.09090909090909091,0.06451612903225806
683624,FFF,2014J,0.1,0.05128205128205128,0.06779661016949151
683625,CCC,2014J,0.05,0.047619047619047616,0.04878048780487805
683630,BBB,2014J,0.1,0.13333333333333333,0.1142857142857143
683633,GGG,2014J,0.1,0.18181818181818182,0.12903225806451613
683648,DDD,2014J,0.05,0.038461538461538464,0.043478260869565216
683653,DDD,2014J,0.0,0.0,0.0
683664,BBB,2014J,0.05,0.07142857142857142,0.058823529411764705
683668,CCC,2014J,0.15,0.1111111111111111,0.12765957446808512
683705,BBB,2014J,0.1,0.06060606060606061,0.07547169811320756
683713,DDD,2014J,0.05,0.023255813953488372,0.031746031746031744
683718,DDD,2014J,0.25,0.23809523809523808,0.24390243902439024
683728,EEE,2014J,0.3,0.375,0.33333333333333326
683742,BBB,2014J,0.1,0.08333333333333333,0.0909090909090909
683777,CCC,2014J,0.05,0.125,0.07142857142857144
683779,BBB,2014J,0.1,0.13333333333333333,0.1142857142857143
683783,BBB,2014J,0.35,0.3333333333333333,0.3414634146341463
683817,BBB,2014J,0.05,0.07692307692307693,0.060606060606060615
683820,FFF,2014J,0.15,0.10344827586206896,0.12244897959183673
683838,BBB,2014J,0.0,0.0,0.0
683841,GGG,2014J,0.0,0.0,0.0
683902,FFF,2014J,0.05,0.058823529411764705,0.05405405405405405
683934,FFF,2014J,0.15,0.075,0.1
683935,BBB,2014J,0.05,0.05555555555555555,0.052631578947368425
683974,GGG,2014J,0.1,0.13333333333333333,0.1142857142857143
683987,BBB,2014J,0.15,0.1111111111111111,0.12765957446808512
684013,FFF,2014J,0.0,0.0,0.0
684050,EEE,2014J,0.15,0.25,0.18749999999999997
684055,BBB,2014J,0.05,0.25,0.08333333333333334
684064,EEE,2014J,0.15,0.21428571428571427,0.1764705882352941
684072,BBB,2014J,0.15,0.13636363636363635,0.14285714285714282
684095,DDD,2014J,0.05,0.030303030303030304,0.03773584905660378
684111,CCC,2014J,0.05,0.09090909090909091,0.06451612903225806
684116,GGG,2014J,0.2,0.26666666666666666,0.2285714285714286
684141,DDD,2014J,0.05,0.06666666666666667,0.05714285714285715
684146,GGG,2014J,0.35,0.3888888888888889,0.36842105263157887
684169,GGG,2014J,0.0,0.0,0.0
684183,FFF,2014J,0.1,0.03636363636363636,0.05333333333333334
684184,BBB,2014J,0.15,0.16666666666666666,0.15789473684210525
684217,DDD,2014J,0.05,0.07142857142857142,0.058823529411764705
684225,EEE,2014J,0.1,0.09523809523809523,0.0975609756097561
684233,DDD,2014J,0.05,0.04,0.044444444444444446
684241,DDD,2014J,0.05,0.027777777777777776,0.03571428571428571
684250,BBB,2014J,0.05,0.07692307692307693,0.060606060606060615
684270,CCC,2014J,0.05,0.058823529411764705,0.05405405405405405
684273,BBB,2014J,0.05,0.047619047619047616,0.04878048780487805
684305,DDD,2014J,0.0,0.0,0.0
684311,FFF,2014J,0.05,0.03333333333333333,0.04
684319,BBB,2014J,0.15,0.13043478260869565,0.13953488372093023
684329,BBB,2014J,0.1,0.10526315789473684,0.10256410256410256
684341,GGG,2014J,0.05,0.125,0.07142857142857144
684357,EEE,2014J,0.3,0.4,0.34285714285714286
684375,BBB,2014J,0.0,0.0,0.0
684383,FFF,2014J,0.1,0.09090909090909091,0.09523809523809525
684386,FFF,2014J,0.1,0.044444444444444446,0.061538461538461535
684393,GGG,2014J,0.2,0.18181818181818182,0.1904761904761905
684407,DDD,2014J,0.05,0.038461538461538464,0.043478260869565216
684441,DDD,2014J,0.1,0.08333333333333333,0.0909090909090909
684444,CCC,2014J,0.25,0.5,0.3333333333333333
684456,GGG,2014J,0.15,0.13636363636363635,0.14285714285714282
684480,DDD,2014J,0.2,0.125,0.15384615384615385
684498,CCC,2014J,0.05,0.16666666666666666,0.07692307692307691
684504,EEE,2014J,0.1,0.25,0.14285714285714288
684511,EEE,2014J,0.05,0.08333333333333333,0.0625
684514,CCC,2014J,0.15,0.2,0.17142857142857143
684526,FFF,2014J,0.05,0.5,0.09090909090909091
684532,EEE,2014J,0.35,0.28,0.3111111111111111
684567,EEE,2014J,0.25,0.29411764705882354,0.27027027027027023
684592,FFF,2014J,0.05,0.05555555555555555,0.052631578947368425
684610,EEE,2014J,0.2,0.2857142857142857,0.23529411764705882
684615,BBB,2014J,0.1,0.06666666666666667,0.08
684632,DDD,2014J,0.0,0.0,0.0
684669,CCC,2014J,0.25,0.17857142857142858,0.20833333333333331
684669,EEE,2014J,0.3,0.6666666666666666,0.41379310344827586
684671,FFF,2014J,0.0,0.0,0.0
684675,FFF,2014J,0.0,0.0,0.0
684676,FFF,2014J,0.0,0.0,0.0
684687,BBB,2014J,0.05,0.06666666666666667,0.05714285714285715
684704,BBB,2014J,0.05,0.09090909090909091,0.06451612903225806
684709,CCC,2014J,0.15,0.2,0.17142857142857143
684802,GGG,2014J,0.2,0.25,0.22222222222222224
684811,GGG,2014J,0.15,0.23076923076923078,0.18181818181818185
684825,EEE,2014J,0.05,0.3333333333333333,0.08695652173913045
684833,BBB,2014J,0.1,0.09523809523809523,0.0975609756097561
684854,DDD,2014J,0.1,0.07142857142857142,0.08333333333333333
684882,FFF,2014J,0.05,0.1,0.06666666666666667
684905,CCC,2014J,0.1,0.11764705882352941,0.1081081081081081
684905,EEE,2014J,0.1,0.18181818181818182,0.12903225806451613
684907,EEE,2014J,0.1,0.15384615384615385,0.12121212121212123
684931,BBB,2014J,0.05,0.08333333333333333,0.0625
684971,BBB,2014J,0.0,0.0,0.0
684981,FFF,2014J,0.0,0.0,0.0
684987,GGG,2014J,0.0,0.0,0.0
685004,FFF,2014J,0.0,0.0,0.0
685009,BBB,2014J,0.05,0.058823529411764705,0.05405405405405405
685015,DDD,2014J,0.05,0.02857142857142857,0.03636363636363636
685060,EEE,2014J,0.25,0.29411764705882354,0.27027027027027023
685069,DDD,2014J,0.0,0.0,0.0
685079,BBB,2014J,0.1,0.2222222222222222,0.13793103448275865
685085,DDD,2014J,0.0,0.0,0.0
685098,CCC,2014J,0.05,0.05263157894736842,0.05128205128205128
685105,FFF,2014J,0.2,0.10256410256410256,0.13559322033898302
685128,FFF,2014J,0.1,0.07142857142857142,0.08333333333333333
685140,FFF,2014J,0.05,0.1111111111111111,0.06896551724137932
685152,EEE,2014J,0.05,0.1,0.06666666666666667
685155,FFF,2014J,0.0,0.0,0.0
685191,DDD,2014J,0.0,0.0,0.0
685199,EEE,2014J,0.25,0.4166666666666667,0.3125
685201,BBB,2014J,0.2,0.14814814814814814,0.1702127659574468
685206,CCC,2014J,0.1,0.14285714285714285,0.11764705882352941
685212,CCC,2014J,0.15,0.16666666666666666,0.15789473684210525
685212,FFF,2014J,0.35,0.0660377358490566,0.11111111111111112
685224,DDD,2014J,0.15,0.07894736842105263,0.10344827586206896
685228,BBB,2014J,0.0,0.0,0.0
685267,BBB,2014J,0.1,0.2222222222222222,0.13793103448275865
685272,GGG,2014J,0.05,0.125,0.07142857142857144
685276,FFF,2014J,0.05,0.045454545454545456,0.04761904761904762
685284,EEE,2014J,0.0,0.0,0.0
685285,GGG,2014J,0.05,0.14285714285714285,0.07407407407407408
685287,CCC,2014J,0.0,0.0,0.0
685287,EEE,2014J,0.35,0.5833333333333334,0.4375
685292,EEE,2014J,0.3,0.2727272727272727,0.28571428571428564
685294,DDD,2014J,0.1,0.09090909090909091,0.09523809523809525
685318,BBB,2014J,0.1,0.3333333333333333,0.15384615384615383
685330,FFF,2014J,0.0,0.0,0.0
685338,GGG,2014J,0.2,0.23529411764705882,0.2162162162162162
685339,FFF,2014J,0.05,0.030303030303030304,0.03773584905660378
685370,EEE,2014J,0.45,0.47368421052631576,0.46153846153846156
685373,FFF,2014J,0.2,0.12903225806451613,0.1568627450980392
685378,FFF,2014J,0.15,0.08823529411764706,0.11111111111111112
685391,BBB,2014J,0.05,0.05,0.05000000000000001
685410,FFF,2014J,0.1,0.08,0.08888888888888889
685412,CCC,2014J,0.25,0.1724137931034483,0.20408163265306123
685412,DDD,2014J,0.0,0.0,0.0
685436,GGG,2014J,0.2,0.18181818181818182,0.1904761904761905
685453,BBB,2014J,0.0,0.0,0.0
685458,CCC,2014J,0.25,0.17857142857142858,0.20833333333333331
685458,DDD,2014J,0.2,0.13793103448275862,0.16326530612244897
685487,CCC,2014J,0.15,0.08571428571428572,0.10909090909090909
685487,EEE,2014J,0.25,0.2777777777777778,0.2631578947368421
685499,EEE,2014J,0.2,0.3333333333333333,0.25
685514,CCC,2014J,0.25,0.17857142857142858,0.20833333333333331
685517,EEE,2014J,0.1,0.25,0.14285714285714288
685535,GGG,2014J,0.05,0.1111111111111111,0.06896551724137932
685545,GGG,2014J,0.2,0.5714285714285714,0.29629629629629634
685572,CCC,2014J,0.0,0.0,0.0
685575,GGG,2014J,0.2,0.26666666666666666,0.2285714285714286
685592,BBB,2014J,0.1,0.07692307692307693,0.08695652173913043
685597,CCC,2014J,0.1,0.1,0.10000000000000002
685611,DDD,2014J,0.1,0.07142857142857142,0.08333333333333333
685615,DDD,2014J,0.15,0.1111111111111111,0.12765957446808512
685619,CCC,2014J,0.0,0.0,0.0
685619,FFF,2014J,0.1,0.05555555555555555,0.07142857142857142
685623,DDD,2014J,0.0,0.0,0.0
685627,GGG,2014J,0.1,0.18181818181818182,0.12903225806451613
685668,EEE,2014J,0.15,0.42857142857142855,0.2222222222222222
685676,GGG,2014J,0.1,0.14285714285714285,0.11764705882352941
685697,DDD,2014J,0.1,0.11764705882352941,0.1081081081081081
685702,BBB,2014J,0.05,0.045454545454545456,0.04761904761904762
685705,FFF,2014J,0.0,0.0,0.0
685708,FFF,2014J,0.15,0.15789473684210525,0.15384615384615385
685772,FFF,2014J,0.1,0.08695652173913043,0.09302325581395349
685779,BBB,2014J,0.05,0.07142857142857142,0.058823529411764705
685804,EEE,2014J,0.05,0.14285714285714285,0.07407407407407408
685812,BBB,2014J,0.05,0.05263157894736842,0.05128205128205128
685829,BBB,2014J,0.05,0.06666666666666667,0.05714285714285715
685830,BBB,2014J,0.15,0.125,0.13636363636363635
685831,FFF,2014J,0.0,0.0,0.0
685842,BBB,2014J,0.15,0.2727272727272727,0.19354838709677416
685843,DDD,2014J,0.1,0.06896551724137931,0.08163265306122448
685849,CCC,2014J,0.1,0.25,0.14285714285714288
685871,CCC,2014J,0.2,0.16666666666666666,0.1818181818181818
685910,DDD,2014J,0.0,0.0,0.0
685950,CCC,2014J,0.3,0.17142857142857143,0.21818181818181817
685950,EEE,2014J,0.1,0.1111111111111111,0.10526315789473685
685964,CCC,2014J,0.2,0.17391304347826086,0.18604651162790697
685964,DDD,2014J,0.05,0.05,0.05000000000000001
686001,CCC,2014J,0.05,0.08333333333333333,0.0625
686018,CCC,2014J,0.15,0.125,0.13636363636363635
686018,DDD,2014J,0.05,0.047619047619047616,0.04878048780487805
686038,DDD,2014J,0.1,0.058823529411764705,0.07407407407407408
686051,EEE,2014J,0.2,0.3076923076923077,0.24242424242424246
686058,CCC,2014J,0.2,0.11764705882352941,0.14814814814814817
686058,EEE,2014J,0.25,0.29411764705882354,0.27027027027027023
686065,FFF,2014J,0.1,0.046511627906976744,0.06349206349206349
686074,BBB,2014J,0.1,0.09090909090909091,0.09523809523809525
686110,CCC,2014J,0.2,0.14814814814814814,0.1702127659574468
686110,EEE,2014J,0.05,0.16666666666666666,0.07692307692307691
686112,GGG,2014J,0.25,0.22727272727272727,0.23809523809523808
686128,BBB,2014J,0.05,0.08333333333333333,0.0625
686182,BBB,2014J,0.05,0.0625,0.05555555555555556
686194,GGG,2014J,0.35,0.35,0.35
686200,BBB,2014J,0.2,0.17391304347826086,0.18604651162790697
686207,GGG,2014J,0.15,0.25,0.18749999999999997
686267,GGG,2014J,0.05,0.07142857142857142,0.058823529411764705
686268,CCC,2014J,0.35,0.175,0.23333333333333334
686268,DDD,2014J,0.15,0.06382978723404255,0.08955223880597013
686287,EEE,2014J,0.0,0.0,0.0
686312,DDD,2014J,0.2,0.10526315789473684,0.13793103448275862
686314,FFF,2014J,0.1,0.1,0.10000000000000002
686317,FFF,2014J,0.2,0.09523809523809523,0.12903225806451613
686344,FFF,2014J,0.05,0.047619047619047616,0.04878048780487805
686348,FFF,2014J,0.0,0.0,0.0
686370,DDD,2014J,0.05,0.043478260869565216,0.046511627906976744
686378,BBB,2014J,0.05,0.09090909090909091,0.06451612903225806
686399,DDD,2014J,0.0,0.0,0.0
686402,BBB,2014J,0.0,0.0,0.0
686411,CCC,2014J,0.0,0.0,0.0
686447,EEE,2014J,0.05,0.09090909090909091,0.06451612903225806
686476,EEE,2014J,0.05,0.3333333333333333,0.08695652173913045
686498,FFF,2014J,0.0,0.0,0.0
686515,CCC,2014J,0.1,0.15384615384615385,0.12121212121212123
686522,FFF,2014J,0.1,0.031746031746031744,0.048192771084337345
686525,EEE,2014J,0.35,0.3888888888888889,0.36842105263157887
686558,CCC,2014J,0.1,0.2222222222222222,0.13793103448275865
686558,FFF,2014J,0.05,0.03571428571428571,0.041666666666666664
686564,EEE,2014J,0.15,0.21428571428571427,0.1764705882352941
686584,CCC,2014J,0.3,0.2,0.24
686584,DDD,2014J,0.0,0.0,0.0
686593,EEE,2014J,0.15,0.23076923076923078,0.18181818181818185
686596,BBB,2014J,0.1,0.4,0.16000000000000003
686598,GGG,2014J,0.15,0.2,0.17142857142857143
686645,CCC,2014J,0.2,0.12121212121212122,0.15094339622641512
686650,GGG,2014J,0.05,0.16666666666666666,0.07692307692307691
686667,BBB,2014J,0.15,0.125,0.13636363636363635
686670,BBB,2014J,0.15,0.13043478260869565,0.13953488372093023
686700,FFF,2014J,0.1,0.0625,0.07692307692307693
686705,FFF,2014J,0.05,0.041666666666666664,0.04545454545454545
686708,EEE,2014J,0.1,0.2222222222222222,0.13793103448275865
686725,BBB,2014J,0.1,0.25,0.14285714285714288
686753,EEE,2014J,0.2,0.26666666666666666,0.2285714285714286
686762,BBB,2014J,0.0,0.0,0.0
686766,DDD,2014J,0.1,0.06896551724137931,0.08163265306122448
686786,FFF,2014J,0.0,0.0,0.0
686791,BBB,2014J,0.05,0.047619047619047616,0.04878048780487805
686822,BBB,2014J,0.1,0.10526315789473684,0.10256410256410256
686837,BBB,2014J,0.0,0.0,0.0
686854,DDD,2014J,0.0,0.0,0.0
686871,DDD,2014J,0.0,0.0,0.0
686872,EEE,2014J,0.25,0.45454545454545453,0.3225806451612903
686907,CCC,2014J,0.1,0.14285714285714285,0.11764705882352941
686913,EEE,2014J,0.1,0.2,0.13333333333333333
686918,GGG,2014J,0.35,0.30434782608695654,0.3255813953488372
686921,GGG,2014J,0.1,0.125,0.11111111111111112
686938,BBB,2014J,0.0,0.0,0.0
686940,BBB,2014J,0.2,0.16666666666666666,0.1818181818181818
686946,FFF,2014J,0.05,0.02857142857142857,0.03636363636363636
686957,CCC,2014J,0.1,0.08,0.08888888888888889
686987,BBB,2014J,0.05,0.07142857142857142,0.058823529411764705
687023,CCC,2014J,0.1,0.2857142857142857,0.14814814814814817
687023,EEE,2014J,0.0,0.0,0.0
687037,BBB,2014J,0.2,0.17391304347826086,0.18604651162790697
687050,DDD,2014J,0.0,0.0,0.0
687060,BBB,2014J,0.05,0.08333333333333333,0.0625
687112,FFF,2014J,0.15,0.2,0.17142857142857143
687115,FFF,2014J,0.15,0.11538461538461539,0.13043478260869565
687122,BBB,2014J,0.1,0.09523809523809523,0.0975609756097561
687157,BBB,2014J,0.05,0.045454545454545456,0.04761904761904762
687160,CCC,2014J,0.05,0.05555555555555555,0.052631578947368425
687173,BBB,2014J,0.1,0.09523809523809523,0.0975609756097561
687185,BBB,2014J,0.05,0.5,0.09090909090909091
687190,CCC,2014J,0.1,0.08695652173913043,0.09302325581395349
687194,EEE,2014J,0.05,0.16666666666666666,0.07692307692307691
687206,CCC,2014J,0.05,0.043478260869565216,0.046511627906976744
687216,CCC,2014J,0.05,0.037037037037037035,0.0425531914893617
687217,BBB,2014J,0.0,0.0,0.0
687242,EEE,2014J,0.3,0.6666666666666666,0.41379310344827586
687244,DDD,2014J,0.0,0.0,0.0
687301,BBB,2014J,0.0,0.0,0.0
687302,GGG,2014J,0.1,0.14285714285714285,0.11764705882352941
687326,BBB,2014J,0.05,0.03125,0.038461538461538464
687345,FFF,2014J,0.0,0.0,0.0
687351,FFF,2014J,0.1,0.08333333333333333,0.0909090909090909
687370,EEE,2014J,0.15,0.2727272727272727,0.19354838709677416
687378,BBB,2014J,0.2,0.18181818181818182,0.1904761904761905
687379,BBB,2014J,0.15,0.1,0.12
687384,DDD,2014J,0.0,0.0,0.0
687402,BBB,2014J,0.0,0.0,0.0
687406,BBB,2014J,0.15,0.1875,0.16666666666666663
687410,FFF,2014J,0.2,0.14814814814814814,0.1702127659574468
687411,DDD,2014J,0.1,0.07142857142857142,0.08333333333333333
687421,BBB,2014J,0.15,0.15789473684210525,0.15384615384615385
687434,FFF,2014J,0.1,0.06060606060606061,0.07547169811320756
687446,DDD,2014J,0.1,0.058823529411764705,0.07407407407407408
687468,FFF,2014J,0.15,0.10344827586206896,0.12244897959183673
687485,FFF,2014J,0.05,0.05263157894736842,0.05128205128205128
687503,FFF,2014J,0.05,0.03571428571428571,0.041666666666666664
687523,GGG,2014J,0.25,0.3333333333333333,0.28571428571428575
687533,BBB,2014J,0.1,0.09523809523809523,0.0975609756097561
687563,EEE,2014J,0.1,0.2,0.13333333333333333
687566,BBB,2014J,0.1,0.1,0.10000000000000002
687574,EEE,2014J,0.15,0.21428571428571427,0.1764705882352941
687575,BBB,2014J,0.05,0.08333333333333333,0.0625
687600,DDD,2014J,0.05,0.05555555555555555,0.052631578947368425
687620,GGG,2014J,0.35,0.30434782608695654,0.3255813953488372
687653,GGG,2014J,0.15,0.5,0.23076923076923075
687683,BBB,2014J,0.0,0.0,0.0
687686,CCC,2014J,0.1,0.25,0.14285714285714288
687686,FFF,2014J,0.0,0.0,0.0
687688,BBB,2014J,0.0,0.0,0.0
687698,AAA,2014J,0.0,0.0,0.0
687720,DDD,2014J,0.0,0.0,0.0
687722,GGG,2014J,0.2,0.26666666666666666,0.2285714285714286
687757,EEE,2014J,0.25,0.3333333333333333,0.28571428571428575
687766,EEE,2014J,0.1,0.18181818181818182,0.12903225806451613
687769,BBB,2014J,0.0,0.0,0.0
687772,CCC,2014J,0.05,0.08333333333333333,0.0625
687772,EEE,2014J,0.25,0.38461538461538464,0.30303030303030304
687780,GGG,2014J,0.2,0.2,0.20000000000000004
687781,DDD,2014J,0.15,0.05357142857142857,0.07894736842105263
687792,DDD,2014J,0.0,0.0,0.0
687821,GGG,2014J,0.15,0.2,0.17142857142857143
687823,DDD,2014J,0.15,0.05555555555555555,0.08108108108108109
687835,DDD,2014J,0.05,0.05555555555555555,0.052631578947368425
687844,EEE,2014J,0.05,0.07692307692307693,0.060606060606060615
687846,FFF,2014J,0.0,0.0,0.0
687861,DDD,2014J,0.05,0.045454545454545456,0.04761904761904762
687877,CCC,2014J,0.2,0.0851063829787234,0.11940298507462686
687910,FFF,2014J,0.2,0.0851063829787234,0.11940298507462686
687930,FFF,2014J,0.15,0.0967741935483871,0.11764705882352941
687931,FFF,2014J,0.05,0.05263157894736842,0.05128205128205128
687945,EEE,2014J,0.15,0.2727272727272727,0.19354838709677416
687975,DDD,2014J,0.05,0.029411764705882353,0.03703703703703704
687981,CCC,2014J,0.05,0.0625,0.05555555555555556
687981,DDD,2014J,0.15,0.14285714285714285,0.14634146341463414
687988,FFF,2014J,0.1,0.06451612903225806,0.0784313725490196
688008,FFF,2014J,0.15,0.06666666666666667,0.09230769230769231
688011,BBB,2014J,0.05,0.05263157894736842,0.05128205128205128
688033,CCC,2014J,0.0,0.0,0.0
688038,GGG,2014J,0.1,0.15384615384615385,0.12121212121212123
688118,EEE,2014J,0.1,0.3333333333333333,0.15384615384615383
688127,FFF,2014J,0.05,0.05,0.05000000000000001
688130,BBB,2014J,0.05,0.16666666666666666,0.07692307692307691
688133,EEE,2014J,0.2,0.4444444444444444,0.2758620689655173
688135,BBB,2014J,0.05,0.14285714285714285,0.07407407407407408
688136,FFF,2014J,0.05,0.037037037037037035,0.0425531914893617
688167,BBB,2014J,0.15,0.17647058823529413,0.16216216216216214
688175,DDD,2014J,0.05,0.06666666666666667,0.05714285714285715
688192,FFF,2014J,0.1,0.05,0.06666666666666667
688199,GGG,2014J,0.3,0.35294117647058826,0.3243243243243243
688208,BBB,2014J,0.0,0.0,0.0
688265,FFF,2014J,0.05,0.2,0.08000000000000002
688281,CCC,2014J,0.05,0.03571428571428571,0.041666666666666664
688284,DDD,2014J,0.0,0.0,0.0
688287,EEE,2014J,0.25,0.5,0.3333333333333333
688310,EEE,2014J,0.35,0.3181818181818182,0.3333333333333333
688337,CCC,2014J,0.05,0.07142857142857142,0.058823529411764705
688337,FFF,2014J,0.0,0.0,0.0
688356,CCC,2014J,0.1,0.11764705882352941,0.1081081081081081
688376,BBB,2014J,0.0,0.0,0.0
688379,GGG,2014J,0.15,0.16666666666666666,0.15789473684210525
688388,GGG,2014J,0.2,0.3076923076923077,0.24242424242424246
688401,GGG,2014J,0.2,0.36363636363636365,0.25806451612903225
688437,DDD,2014J,0.0,0.0,0.0
688451,EEE,2014J,0.15,0.23076923076923078,0.18181818181818185
688470,FFF,2014J,0.0,0.0,0.0
688513,BBB,2014J,0.0,0.0,0.0
688519,BBB,2014J,0.15,0.13636363636363635,0.14285714285714282
688521,CCC,2014J,0.05,0.07142857142857142,0.058823529411764705
688525,DDD,2014J,0.1,0.06451612903225806,0.0784313725490196
688543,FFF,2014J,0.2,0.13333333333333333,0.16
688571,DDD,2014J,0.05,0.037037037037037035,0.0425531914893617
688592,DDD,2014J,0.05,0.09090909090909091,0.06451612903225806
688608,DDD,2014J,0.0,0.0,0.0
688638,BBB,2014J,0.2,0.21052631578947367,0.20512820512820512
688662,EEE,2014J,0.3,0.375,0.33333333333333326
688667,FFF,2014J,0.0,0.0,0.0
688685,FFF,2014J,0.1,0.04081632653061224,0.05797101449275362
688707,CCC,2014J,0.05,0.5,0.09090909090909091
688722,DDD,2014J,0.0,0.0,0.0
688727,FFF,2014J,0.1,0.06060606060606061,0.07547169811320756
688742,EEE,2014J,0.1,0.1111111111111111,0.10526315789473685
688763,EEE,2014J,0.05,0.1111111111111111,0.06896551724137932
688770,CCC,2014J,0.0,0.0,0.0
688811,GGG,2014J,0.2,0.5,0.28571428571428575
688819,GGG,2014J,0.35,0.5384615384615384,0.4242424242424242
688843,DDD,2014J,0.0,0.0,0.0
688870,EEE,2014J,0.15,0.5,0.23076923076923075
688891,FFF,2014J,0.0,0.0,0.0
688895,FFF,2014J,0.25,0.11627906976744186,0.15873015873015872
688911,DDD,2014J,0.15,0.10344827586206896,0.12244897959183673
688924,EEE,2014J,0.4,0.3333333333333333,0.3636363636363636
688954,BBB,2014J,0.0,0.0,0.0
689004,CCC,2014J,0.05,0.08333333333333333,0.0625
689005,FFF,2014J,0.2,0.13333333333333333,0.16
689017,DDD,2014J,0.1,0.058823529411764705,0.07407407407407408
689038,DDD,2014J,0.0,0.0,0.0
689050,CCC,2014J,0.15,0.15789473684210525,0.15384615384615385
689050,DDD,2014J,0.0,0.0,0.0
689056,FFF,2014J,0.05,0.0625,0.05555555555555556
689065,GGG,2014J,0.4,0.38095238095238093,0.3902439024390244
689089,BBB,2014J,0.0,0.0,0.0
689094,BBB,2014J,0.05,0.06666666666666667,0.05714285714285715
689095,BBB,2014J,0.05,0.05263157894736842,0.05128205128205128
689097,BBB,2014J,0.05,0.09090909090909091,0.06451612903225806
689101,CCC,2014J,0.1,0.14285714285714285,0.11764705882352941
689113,BBB,2014J,0.05,0.08333333333333333,0.0625
689124,BBB,2014J,0.0,0.0,0.0
689129,BBB,2014J,0.0,0.0,0.0
689131,BBB,2014J,0.05,0.06666666666666667,0.05714285714285715
689132,BBB,2014J,0.0,0.0,0.0
689135,DDD,2014J,0.35,0.14583333333333334,0.20588235294117646
689139,BBB,2014J,0.05,0.07142857142857142,0.058823529411764705
689141,BBB,2014J,0.0,0.0,0.0
689147,BBB,2014J,0.05,0.1,0.06666666666666667
689148,BBB,2014J,0.1,0.11764705882352941,0.1081081081081081
689157,BBB,2014J,0.05,0.045454545454545456,0.04761904761904762
689161,EEE,2014J,0.2,0.5,0.28571428571428575
689164,CCC,2014J,0.1,0.1,0.10000000000000002
689187,BBB,2014J,0.0,0.0,0.0
689190,CCC,2014J,0.2,0.2,0.20000000000000004
689190,DDD,2014J,0.0,0.0,0.0
689217,CCC,2014J,0.25,0.15151515151515152,0.18867924528301888
689217,EEE,2014J,0.15,0.3333333333333333,0.20689655172413793
689230,BBB,2014J,0.0,0.0,0.0
689231,DDD,2014J,0.25,0.058823529411764705,0.09523809523809523
689246,CCC,2014J,0.0,0.0,0.0
689250,EEE,2014J,0.5,0.5882352941176471,0.5405405405405405
689260,FFF,2014J,0.05,0.05,0.05000000000000001
689265,BBB,2014J,0.0,0.0,0.0
689267,BBB,2014J,0.05,0.08333333333333333,0.0625
689274,BBB,2014J,0.1,0.09523809523809523,0.0975609756097561
689280,FFF,2014J,0.2,0.06451612903225806,0.0975609756097561
689287,BBB,2014J,0.15,0.16666666666666666,0.15789473684210525
689288,EEE,2014J,0.05,0.08333333333333333,0.0625
689329,BBB,2014J,0.05,1.0,0.09523809523809523
689333,BBB,2014J,0.1,0.16666666666666666,0.125
689335,GGG,2014J,0.15,0.1875,0.16666666666666663
689347,FFF,2014J,0.1,0.04878048780487805,0.06557377049180328
689370,EEE,2014J,0.2,0.4,0.26666666666666666
689371,GGG,2014J,0.25,0.38461538461538464,0.30303030303030304
689389,EEE,2014J,0.15,0.42857142857142855,0.2222222222222222
689397,BBB,2014J,0.0,0.0,0.0
689399,CCC,2014J,0.2,0.15384615384615385,0.17391304347826086
689406,BBB,2014J,0.0,0.0,0.0
689418,DDD,2014J,0.05,0.045454545454545456,0.04761904761904762
689433,GGG,2014J,0.35,0.3888888888888889,0.36842105263157887
689444,FFF,2014J,0.0,0.0,0.0
689485,GGG,2014J,0.15,0.17647058823529413,0.16216216216216214
689493,BBB,2014J,0.05,0.5,0.09090909090909091
689503,GGG,2014J,0.05,0.07142857142857142,0.058823529411764705
689563,BBB,2014J,0.15,0.15789473684210525,0.15384615384615385
689574,DDD,2014J,0.15,0.1111111111111111,0.12765957446808512
689594,GGG,2014J,0.25,0.35714285714285715,0.2941176470588235
689636,GGG,2014J,0.4,0.42105263157894735,0.41025641025641024
689637,CCC,2014J,0.2,0.16,0.17777777777777778
689650,DDD,2014J,0.05,0.058823529411764705,0.05405405405405405
689662,BBB,2014J,0.1,0.08695652173913043,0.09302325581395349
689665,BBB,2014J,0.2,0.14814814814814814,0.1702127659574468
689727,BBB,2014J,0.0,0.0,0.0
689754,GGG,2014J,0.2,0.2,0.20000000000000004
689759,CCC,2014J,0.1,0.1,0.10000000000000002
689759,DDD,2014J,0.1,0.07407407407407407,0.0851063829787234
689763,EEE,2014J,0.25,0.4166666666666667,0.3125
689768,BBB,2014J,0.05,0.07142857142857142,0.058823529411764705
689786,EEE,2014J,0.0,0.0,0.0
689792,CCC,2014J,0.0,0.0,0.0
689796,FFF,2014J,0.2,0.1,0.13333333333333333
689828,BBB,2014J,0.0,0.0,0.0
689832,FFF,2014J,0.0,0.0,0.0
689838,GGG,2014J,0.3,0.375,0.33333333333333326
689839,GGG,2014J,0.15,0.23076923076923078,0.18181818181818185
689840,EEE,2014J,0.35,0.7777777777777778,0.48275862068965514
689855,CCC,2014J,0.35,0.21212121212121213,0.26415094339622636
689855,FFF,2014J,0.15,0.07894736842105263,0.10344827586206896
689878,GGG,2014J,0.15,0.17647058823529413,0.16216216216216214
689921,DDD,2014J,0.05,0.05,0.05000000000000001
689924,FFF,2014J,0.1,0.11764705882352941,0.1081081081081081
689936,BBB,2014J,0.0,0.0,0.0
689956,DDD,2014J,0.05,0.2,0.08000000000000002
689975,BBB,2014J,0.05,0.14285714285714285,0.07407407407407408
689983,EEE,2014J,0.15,0.3,0.2
689990,DDD,2014J,0.05,0.018867924528301886,0.027397260273972605
690003,BBB,2014J,0.0,0.0,0.0
690016,EEE,2014J,0.15,0.3,0.2
690029,GGG,2014J,0.15,0.15789473684210525,0.15384615384615385
690044,GGG,2014J,0.25,0.3333333333333333,0.28571428571428575
690046,CCC,2014J,0.0,0.0,0.0
690057,GGG,2014J,0.1,0.2222222222222222,0.13793103448275865
690062,CCC,2014J,0.25,0.1,0.14285714285714288
690075,FFF,2014J,0.1,0.0625,0.07692307692307693
690089,BBB,2014J,0.2,0.16,0.17777777777777778
690095,EEE,2014J,0.15,0.3,0.2
690116,BBB,2014J,0.15,0.17647058823529413,0.16216216216216214
690133,DDD,2014J,0.0,0.0,0.0
690168,DDD,2014J,0.05,0.037037037037037035,0.0425531914893617
690192,DDD,2014J,0.05,0.034482758620689655,0.04081632653061224
690198,FFF,2014J,0.1,0.06060606060606061,0.07547169811320756
690211,BBB,2014J,0.0,0.0,0.0
690225,DDD,2014J,0.0,0.0,0.0
690241,EEE,2014J,0.05,0.09090909090909091,0.06451612903225806
690318,BBB,2014J,0.05,0.05555555555555555,0.052631578947368425
690319,BBB,2014J,0.1,0.10526315789473684,0.10256410256410256
690359,BBB,2014J,0.05,0.04,0.044444444444444446
690365,CCC,2014J,0.3,0.15,0.2
690365,DDD,2014J,0.1,0.09090909090909091,0.09523809523809525
690366,BBB,2014J,0.0,0.0,0.0
690370,EEE,2014J,0.1,0.2,0.13333333333333333
690382,FFF,2014J,0.1,0.043478260869565216,0.06060606060606061
690384,BBB,2014J,0.0,0.0,0.0
690404,CCC,2014J,0.1,0.06060606060606061,0.07547169811320756
690469,BBB,2014J,0.15,0.125,0.13636363636363635
690471,GGG,2014J,0.0,0.0,0.0
690507,CCC,2014J,0.2,0.125,0.15384615384615385
690507,EEE,2014J,0.15,0.1875,0.16666666666666663
690525,EEE,2014J,0.2,0.4,0.26666666666666666
690553,EEE,2014J,0.4,0.47058823529411764,0.4324324324324324
690579,GGG,2014J,0.15,0.13636363636363635,0.14285714285714282
690586,EEE,2014J,0.25,0.5,0.3333333333333333
690589,CCC,2014J,0.1,0.05,0.06666666666666667
690628,FFF,2014J,0.1,0.05555555555555555,0.07142857142857142
690635,FFF,2014J,0.0,0.0,0.0
690644,CCC,2014J,0.1,0.10526315789473684,0.10256410256410256
690695,CCC,2014J,0.0,0.0,0.0
690711,DDD,2014J,0.2,0.09523809523809523,0.12903225806451613
690724,EEE,2014J,0.05,0.5,0.09090909090909091
690733,CCC,2014J,0.2,0.23529411764705882,0.2162162162162162
690733,DDD,2014J,0.05,0.06666666666666667,0.05714285714285715
690746,FFF,2014J,0.3,0.08333333333333333,0.13043478260869565
690766,BBB,2014J,0.0,0.0,0.0
690767,BBB,2014J,0.0,0.0,0.0
690832,FFF,2014J,0.0,0.0,0.0
690872,FFF,2014J,0.0,0.0,0.0
690882,DDD,2014J,0.15,0.1111111111111111,0.12765957446808512
690884,DDD,2014J,0.0,0.0,0.0
690902,BBB,2014J,0.2,0.17391304347826086,0.18604651162790697
690917,EEE,2014J,0.1,0.2222222222222222,0.13793103448275865
690948,CCC,2014J,0.1,0.125,0.11111111111111112
690967,BBB,2014J,0.3,0.3333333333333333,0.3157894736842105
691026,BBB,2014J,0.05,0.05555555555555555,0.052631578947368425
691069,CCC,2014J,0.05,0.06666666666666667,0.05714285714285715
691069,DDD,2014J,0.0,0.0,0.0
691078,EEE,2014J,0.0,0.0,0.0
691088,DDD,2014J,0.0,0.0,0.0
691094,BBB,2014J,0.1,0.18181818181818182,0.12903225806451613
691122,BBB,2014J,0.05,0.125,0.07142857142857144
691127,GGG,2014J,0.4,0.38095238095238093,0.3902439024390244
691189,EEE,2014J,0.3,0.5,0.37499999999999994
691195,CCC,2014J,0.1,0.5,0.16666666666666669
691202,DDD,2014J,0.05,0.038461538461538464,0.043478260869565216
691207,DDD,2014J,0.15,0.2727272727272727,0.19354838709677416
691218,CCC,2014J,0.0,0.0,0.0
691218,EEE,2014J,0.1,0.25,0.14285714285714288
691229,GGG,2014J,0.2,0.21052631578947367,0.20512820512820512
691248,EEE,2014J,0.0,0.0,0.0
691269,FFF,2014J,0.05,0.037037037037037035,0.0425531914893617
691280,FFF,2014J,0.05,0.09090909090909091,0.06451612903225806
691281,GGG,2014J,0.05,0.07692307692307693,0.060606060606060615
691312,BBB,2014J,0.25,0.2631578947368421,0.25641025641025644
691326,FFF,2014J,0.05,0.045454545454545456,0.04761904761904762
691371,GGG,2014J,0.25,0.2631578947368421,0.25641025641025644
691413,BBB,2014J,0.15,0.15,0.15
691428,DDD,2014J,0.0,0.0,0.0
691444,DDD,2014J,0.2,0.23529411764705882,0.2162162162162162
691465,FFF,2014J,0.05,0.038461538461538464,0.043478260869565216
691501,GGG,2014J,0.2,0.2857142857142857,0.23529411764705882
691514,BBB,2014J,0.0,0.0,0.0
691519,GGG,2014J,0.25,0.35714285714285715,0.2941176470588235
691536,EEE,2014J,0.25,0.35714285714285715,0.2941176470588235
691550,CCC,2014J,0.05,0.05263157894736842,0.05128205128205128
691556,GGG,2014J,0.45,0.36,0.39999999999999997
691683,BBB,2014J,0.0,0.0,0.0
691699,FFF,2014J,0.1,0.06060606060606061,0.07547169811320756
691701,EEE,2014J,0.1,0.2,0.13333333333333333
691717,BBB,2014J,0.05,0.05,0.05000000000000001
691722,FFF,2014J,0.2,0.08,0.11428571428571428
691761,DDD,2014J,0.1,0.07142857142857142,0.08333333333333333
691782,DDD,2014J,0.2,0.14814814814814814,0.1702127659574468
691790,EEE,2014J,0.15,0.2727272727272727,0.19354838709677416
691834,DDD,2014J,0.0,0.0,0.0
691835,BBB,2014J,0.05,0.5,0.09090909090909091
691843,CCC,2014J,0.1,0.13333333333333333,0.1142857142857143
691851,BBB,2014J,0.05,0.06666666666666667,0.05714285714285715
691856,BBB,2014J,0.05,0.25,0.08333333333333334
691869,BBB,2014J,0.05,0.09090909090909091,0.06451612903225806
691873,FFF,2014J,0.0,0.0,0.0
691875,EEE,2014J,0.2,0.2222222222222222,0.2105263157894737
691907,BBB,2014J,0.1,0.125,0.11111111111111112
691926,CCC,2014J,0.1,0.11764705882352941,0.1081081081081081
691931,CCC,2014J,0.05,0.05555555555555555,0.052631578947368425
691932,FFF,2014J,0.25,0.12195121951219512,0.16393442622950818
691997,BBB,2014J,0.0,0.0,0.0
692010,FFF,2014J,0.2,0.07407407407407407,0.10810810810810811
692018,GGG,2014J,0.1,0.1111111111111111,0.10526315789473685
692097,FFF,2014J,0.05,0.04,0.044444444444444446
692105,CCC,2014J,0.15,0.12,0.1333333333333333
692164,BBB,2014J,0.2,0.19047619047619047,0.1951219512195122
692171,GGG,2014J,0.3,0.375,0.33333333333333326
692175,BBB,2014J,0.1,0.11764705882352941,0.1081081081081081
692181,BBB,2014J,0.0,0.0,0.0
692196,BBB,2014J,0.1,0.11764705882352941,0.1081081081081081
692206,GGG,2014J,0.2,0.4,0.26666666666666666
692207,BBB,2014J,0.0,0.0,0.0
692215,BBB,2014J,0.1,0.08333333333333333,0.0909090909090909
692220,FFF,2014J,0.05,0.041666666666666664,0.04545454545454545
692256,GGG,2014J,0.2,0.2857142857142857,0.23529411764705882
692301,FFF,2014J,0.1,0.05555555555555555,0.07142857142857142
692334,FFF,2014J,0.05,0.034482758620689655,0.04081632653061224
692354,EEE,2014J,0.05,0.3333333333333333,0.08695652173913045
692355,BBB,2014J,0.2,0.21052631578947367,0.20512820512820512
692426,DDD,2014J,0.0,0.0,0.0
692454,FFF,2014J,0.05,0.05555555555555555,0.052631578947368425
692473,BBB,2014J,0.0,0.0,0.0
692474,BBB,2014J,0.0,0.0,0.0
692477,DDD,2014J,0.15,0.09375,0.11538461538461538
692484,BBB,2014J,0.1,0.1111111111111111,0.10526315789473685
692490,CCC,2014J,0.0,0.0,0.0
692502,BBB,2014J,0.05,0.043478260869565216,0.046511627906976744
692518,BBB,2014J,0.1,0.1,0.10000000000000002
692521,BBB,2014J,0.05,0.25,0.08333333333333334
692522,BBB,2014J,0.0,0.0,0.0
692525,BBB,2014J,0.0,0.0,0.0
692534,EEE,2014J,0.15,0.3,0.2
692544,BBB,2014J,0.0,0.0,0.0
692572,BBB,2014J,0.05,0.043478260869565216,0.046511627906976744
692603,CCC,2014J,0.1,0.125,0.11111111111111112
692603,DDD,2014J,0.05,0.06666666666666667,0.05714285714285715
692609,BBB,2014J,0.15,0.13636363636363635,0.14285714285714282
692612,FFF,2014J,0.45,0.09782608695652174,0.1607142857142857
692646,EEE,2014J,0.25,0.45454545454545453,0.3225806451612903
692652,DDD,2014J,0.0,0.0,0.0
692654,CCC,2014J,0.25,0.29411764705882354,0.27027027027027023
692805,BBB,2014J,0.2,0.19047619047619047,0.1951219512195122
692827,BBB,2014J,0.15,0.10344827586206896,0.12244897959183673
692828,GGG,2014J,0.2,0.25,0.22222222222222224
692893,FFF,2014J,0.2,0.10526315789473684,0.13793103448275862
692907,BBB,2014J,0.15,0.13043478260869565,0.13953488372093023
692908,BBB,2014J,0.05,0.1111111111111111,0.06896551724137932
692918,BBB,2014J,0.15,0.1875,0.16666666666666663
692920,BBB,2014J,0.05,0.14285714285714285,0.07407407407407408
692924,EEE,2014J,0.3,0.4,0.34285714285714286
692928,CCC,2014J,0.05,0.05,0.05000000000000001
692928,EEE,2014J,0.35,0.5384615384615384,0.4242424242424242
692943,BBB,2014J,0.25,0.20833333333333334,0.22727272727272727
692946,FFF,2014J,0.0,0.0,0.0
692962,FFF,2014J,0.2,0.13333333333333333,0.16
692968,FFF,2014J,0.05,0.025,0.03333333333333333
692972,GGG,2014J,0.15,0.2727272727272727,0.19354838709677416
692991,EEE,2014J,0.1,0.25,0.14285714285714288
693053,GGG,2014J,0.05,0.1111111111111111,0.06896551724137932
693058,CCC,2014J,0.2,0.125,0.15384615384615385
693058,DDD,2014J,0.2,0.09090909090909091,0.12500000000000003
693069,EEE,2014J,0.25,0.3125,0.2777777777777778
693085,DDD,2014J,0.05,0.038461538461538464,0.043478260869565216
693091,BBB,2014J,0.1,0.2222222222222222,0.13793103448275865
693098,BBB,2014J,0.0,0.0,0.0
693141,CCC,2014J,0.0,0.0,0.0
693145,DDD,2014J,0.1,0.16666666666666666,0.125
693160,FFF,2014J,0.1,0.08333333333333333,0.0909090909090909
693161,DDD,2014J,0.0,0.0,0.0
693162,FFF,2014J,0.25,0.08064516129032258,0.12195121951219512
693182,CCC,2014J,0.0,0.0,0.0
693197,FFF,2014J,0.1,0.05,0.06666666666666667
693204,CCC,2014J,0.05,0.1111111111111111,0.06896551724137932
693213,BBB,2014J,0.05,0.14285714285714285,0.07407407407407408
693221,EEE,2014J,0.25,0.25,0.25
693230,BBB,2014J,0.0,0.0,0.0
693235,EEE,2014J,0.1,0.25,0.14285714285714288
693236,FFF,2014J,0.15,0.07692307692307693,0.1016949152542373
693294,DDD,2014J,0.0,0.0,0.0
693297,BBB,2014J,0.0,0.0,0.0
693302,CCC,2014J,0.35,0.20588235294117646,0.25925925925925924
693308,EEE,2014J,0.1,0.14285714285714285,0.11764705882352941
693345,FFF,2014J,0.25,0.09803921568627451,0.14084507042253522
693364,GGG,2014J,0.2,0.2222222222222222,0.2105263157894737
693373,FFF,2014J,0.1,0.08333333333333333,0.0909090909090909
693387,GGG,2014J,0.05,0.14285714285714285,0.07407407407407408
693416,EEE,2014J,0.05,0.1111111111111111,0.06896551724137932
693421,GGG,2014J,0.35,0.3888888888888889,0.36842105263157887
693441,DDD,2014J,0.05,0.03333333333333333,0.04
693452,DDD,2014J,0.1,0.07142857142857142,0.08333333333333333
693478,EEE,2014J,0.2,0.2857142857142857,0.23529411764705882
693488,DDD,2014J,0.1,0.0392156862745098,0.05633802816901408
693497,FFF,2014J,0.0,0.0,0.0
693501,DDD,2014J,0.05,0.029411764705882353,0.03703703703703704
693514,BBB,2014J,0.0,0.0,0.0
693519,FFF,2014J,0.0,0.0,0.0
693569,DDD,2014J,0.15,0.06976744186046512,0.09523809523809525
693606,DDD,2014J,0.05,0.03225806451612903,0.0392156862745098
693616,GGG,2014J,0.2,0.36363636363636365,0.25806451612903225
693628,FFF,2014J,0.2,0.11764705882352941,0.14814814814814817
693635,BBB,2014J,0.0,0.0,0.0
693640,EEE,2014J,0.3,0.46153846153846156,0.3636363636363637
693682,BBB,2014J,0.05,0.03571428571428571,0.041666666666666664
693747,CCC,2014J,0.1,0.06666666666666667,0.08
693752,BBB,2014J,0.0,0.0,0.0
693763,GGG,2014J,0.25,0.25,0.25
693764,FFF,2014J,0.05,0.034482758620689655,0.04081632653061224
693788,GGG,2014J,0.35,0.4666666666666667,0.4
693793,BBB,2014J,0.0,0.0,0.0
693806,FFF,2014J,0.25,0.10638297872340426,0.1492537313432836
693843,GGG,2014J,0.4,0.38095238095238093,0.3902439024390244
693873,FFF,2014J,0.0,0.0,0.0
693902,DDD,2014J,0.05,0.05263157894736842,0.05128205128205128
693903,FFF,2014J,0.0,0.0,0.0
693907,FFF,2014J,0.0,0.0,0.0
693910,EEE,2014J,0.05,0.16666666666666666,0.07692307692307691
693938,CCC,2014J,0.1,0.125,0.11111111111111112
693959,EEE,2014J,0.15,0.42857142857142855,0.2222222222222222
694006,DDD,2014J,0.0,0.0,0.0
694009,GGG,2014J,0.2,0.26666666666666666,0.2285714285714286
694010,DDD,2014J,0.15,0.06521739130434782,0.09090909090909091
694070,GGG,2014J,0.2,0.5714285714285714,0.29629629629629634
694078,BBB,2014J,0.15,0.125,0.13636363636363635
694082,GGG,2014J,0.25,0.3125,0.2777777777777778
694103,CCC,2014J,0.3,0.15,0.2
694128,FFF,2014J,0.1,0.06060606060606061,0.07547169811320756
694132,EEE,2014J,0.05,0.25,0.08333333333333334
694144,FFF,2014J,0.3,0.09230769230769231,0.1411764705882353
694152,EEE,2014J,0.1,0.4,0.16000000000000003
694155,BBB,2014J,0.0,0.0,0.0
694190,BBB,2014J,0.05,0.25,0.08333333333333334
694218,EEE,2014J,0.2,0.3333333333333333,0.25
694221,FFF,2014J,0.0,0.0,0.0
694246,EEE,2014J,0.1,0.2222222222222222,0.13793103448275865
694292,GGG,2014J,0.1,0.16666666666666666,0.125
694338,BBB,2014J,0.05,0.14285714285714285,0.07407407407407408
694341,BBB,2014J,0.05,0.041666666666666664,0.04545454545454545
694342,BBB,2014J,0.0,0.0,0.0
694349,BBB,2014J,0.0,0.0,0.0
694359,GGG,2014J,0.2,0.26666666666666666,0.2285714285714286
694361,EEE,2014J,0.15,0.42857142857142855,0.2222222222222222
694362,CCC,2014J,0.15,0.23076923076923078,0.18181818181818185
694384,DDD,2014J,0.0,0.0,0.0
694428,FFF,2014J,0.3,0.16666666666666666,0.21428571428571427
694456,FFF,2014J,0.0,0.0,0.0
694457,EEE,2014J,0.15,0.3,0.2
694470,GGG,2014J,0.25,0.29411764705882354,0.27027027027027023
694472,CCC,2014J,0.0,0.0,0.0
694473,BBB,2014J,0.0,0.0,0.0
694490,BBB,2014J,0.1,0.125,0.11111111111111112
694510,CCC,2014J,0.0,0.0,0.0
694523,CCC,2014J,0.05,0.1,0.06666666666666667
694526,BBB,2014J,0.0,0.0,0.0
694561,BBB,2014J,0.0,0.0,0.0
694563,CCC,2014J,0.05,1.0,0.09523809523809523
694571,EEE,2014J,0.25,0.5,0.3333333333333333
694576,BBB,2014J,0.0,0.0,0.0
694579,CCC,2014J,0.15,0.13636363636363635,0.14285714285714282
694579,EEE,2014J,0.2,0.4444444444444444,0.2758620689655173
694589,EEE,2014J,0.05,0.2,0.08000000000000002
694622,FFF,2014J,0.0,0.0,0.0
694634,DDD,2014J,0.0,0.0,0.0
694673,DDD,2014J,0.0,0.0,0.0
694677,DDD,2014J,0.1,0.16666666666666666,0.125
694680,CCC,2014J,0.35,0.1590909090909091,0.21875
694680,EEE,2014J,0.3,0.46153846153846156,0.3636363636363637
694698,DDD,2014J,0.1,0.05,0.06666666666666667
694706,BBB,2014J,0.05,1.0,0.09523809523809523
694716,FFF,2014J,0.15,0.06818181818181818,0.09374999999999999
694723,GGG,2014J,0.0,0.0,0.0
694726,CCC,2014J,0.1,0.18181818181818182,0.12903225806451613
694729,GGG,2014J,0.2,0.3333333333333333,0.25
694779,EEE,2014J,0.4,0.6153846153846154,0.4848484848484849
694782,GGG,2014J,0.2,0.36363636363636365,0.25806451612903225
694792,BBB,2014J,0.1,0.16666666666666666,0.125
694823,BBB,2014J,0.05,0.05555555555555555,0.052631578947368425
694827,FFF,2014J,0.05,0.047619047619047616,0.04878048780487805
694836,FFF,2014J,0.15,0.10714285714285714,0.125
694848,FFF,2014J,0.05,0.034482758620689655,0.04081632653061224
694854,EEE,2014J,0.1,0.2222222222222222,0.13793103448275865
694860,CCC,2014J,0.1,0.07142857142857142,0.08333333333333333
694871,CCC,2014J,0.0,0.0,0.0
694871,DDD,2014J,0.05,0.03571428571428571,0.041666666666666664
694872,DDD,2014J,0.2,0.08888888888888889,0.12307692307692307
694974,BBB,2014J,0.0,0.0,0.0
694976,DDD,2014J,0.15,0.08333333333333333,0.10714285714285714
694981,BBB,2014J,0.0,0.0,0.0
694983,BBB,2014J,0.05,0.05555555555555555,0.052631578947368425
695001,BBB,2014J,0.05,0.125,0.07142857142857144
695014,BBB,2014J,0.2,0.13793103448275862,0.16326530612244897
695021,BBB,2014J,0.0,0.0,0.0
695027,BBB,2014J,0.05,0.0625,0.05555555555555556
695031,BBB,2014J,0.05,0.1111111111111111,0.06896551724137932
695044,BBB,2014J,0.05,0.07142857142857142,0.058823529411764705
695047,BBB,2014J,0.05,0.06666666666666667,0.05714285714285715
695054,BBB,2014J,0.1,0.09523809523809523,0.0975609756097561
695070,BBB,2014J,0.1,0.09523809523809523,0.0975609756097561
695075,BBB,2014J,0.05,0.05,0.05000000000000001
695084,BBB,2014J,0.0,0.0,0.0
695090,FFF,2014J,0.05,0.030303030303030304,0.03773584905660378
695122,EEE,2014J,0.15,0.23076923076923078,0.18181818181818185
695144,BBB,2014J,0.05,0.1,0.06666666666666667
695148,BBB,2014J,0.2,0.25,0.22222222222222224
695169,FFF,2014J,0.1,0.05555555555555555,0.07142857142857142
695183,DDD,2014J,0.0,0.0,0.0
695201,DDD,2014J,0.05,0.047619047619047616,0.04878048780487805
695205,BBB,2014J,0.2,0.2,0.20000000000000004
695232,CCC,2014J,0.1,0.2857142857142857,0.14814814814814817
695235,BBB,2014J,0.1,0.09523809523809523,0.0975609756097561
695247,BBB,2014J,0.25,0.2,0.22222222222222224
695256,BBB,2014J,0.0,0.0,0.0
695259,BBB,2014J,0.0,0.0,0.0
695270,CCC,2014J,0.15,0.13043478260869565,0.13953488372093023
695270,DDD,2014J,0.0,0.0,0.0
695278,BBB,2014J,0.05,0.07142857142857142,0.058823529411764705
695354,CCC,2014J,0.05,0.06666666666666667,0.05714285714285715
695432,DDD,2014J,0.0,0.0,0.0
695434,BBB,2014J,0.0,0.0,0.0
695435,EEE,2014J,0.15,0.3,0.2
695471,FFF,2014J,0.2,0.1111111111111111,0.14285714285714285
695475,BBB,2014J,0.15,0.08823529411764706,0.11111111111111112
695484,BBB,2014J,0.1,0.18181818181818182,0.12903225806451613
695485,FFF,2014J,0.05,0.030303030303030304,0.03773584905660378
695503,DDD,2014J,0.0,0.0,0.0
695509,GGG,2014J,0.1,0.4,0.16000000000000003
695510,BBB,2014J,0.05,0.2,0.08000000000000002
695518,CCC,2014J,0.05,0.125,0.07142857142857144
695535,BBB,2014J,0.0,0.0,0.0
695613,BBB,2014J,0.0,0.0,0.0
695631,BBB,2014J,0.15,0.16666666666666666,0.15789473684210525
695637,FFF,2014J,0.05,0.03571428571428571,0.041666666666666664
695644,EEE,2014J,0.25,0.2631578947368421,0.25641025641025644
695651,DDD,2014J,0.3,0.14285714285714285,0.19354838709677416
695653,CCC,2014J,0.05,1.0,0.09523809523809523
695653,EEE,2014J,0.0,0.0,0.0
695654,BBB,2014J,0.0,0.0,0.0
695655,GGG,2014J,0.3,0.375,0.33333333333333326
695668,EEE,2014J,0.15,0.5,0.23076923076923075
695673,CCC,2014J,0.0,0.0,0.0
695729,FFF,2014J,0.3,0.061224489795918366,0.10169491525423728
695732,CCC,2014J,0.1,0.06896551724137931,0.08163265306122448
695735,DDD,2014J,0.0,0.0,0.0
695739,DDD,2014J,0.0,0.0,0.0
695759,DDD,2014J,0.15,0.11538461538461539,0.13043478260869565
695803,FFF,2014J,0.2,0.0975609756097561,0.13114754098360656
695855,EEE,2014J,0.35,0.5384615384615384,0.4242424242424242
695869,FFF,2014J,0.0,0.0,0.0
695913,GGG,2014J,0.25,0.35714285714285715,0.2941176470588235
695916,DDD,2014J,0.1,0.07692307692307693,0.08695652173913043
695919,EEE,2014J,0.15,0.25,0.18749999999999997
695932,EEE,2014J,0.05,0.2,0.08000000000000002
695944,EEE,2014J,0.1,0.3333333333333333,0.15384615384615383
695946,CCC,2014J,0.05,0.038461538461538464,0.043478260869565216
695951,GGG,2014J,0.35,0.4375,0.38888888888888884
695972,BBB,2014J,0.15,0.25,0.18749999999999997
696007,BBB,2014J,0.0,0.0,0.0
696039,FFF,2014J,0.1,0.06060606060606061,0.07547169811320756
696043,FFF,2014J,0.1,0.06896551724137931,0.08163265306122448
696072,DDD,2014J,0.0,0.0,0.0
696073,AAA,2014J,0.0,0.0,0.0
696082,FFF,2014J,0.1,0.07142857142857142,0.08333333333333333
696128,EEE,2014J,0.15,0.23076923076923078,0.18181818181818185
696132,DDD,2014J,0.05,0.027777777777777776,0.03571428571428571
696152,BBB,2014J,0.25,0.22727272727272727,0.23809523809523808
696157,GGG,2014J,0.15,0.16666666666666666,0.15789473684210525
696188,FFF,2014J,0.05,0.022727272727272728,0.03125000000000001
696192,EEE,2014J,0.15,0.21428571428571427,0.1764705882352941
696203,BBB,2014J,0.05,0.08333333333333333,0.0625
696271,CCC,2014J,0.2,0.1,0.13333333333333333
696275,FFF,2014J,0.3,0.13953488372093023,0.1904761904761905
696301,BBB,2014J,0.1,0.16666666666666666,0.125
696318,FFF,2014J,0.05,0.038461538461538464,0.043478260869565216
696324,DDD,2014J,0.0,0.0,0.0
696329,FFF,2014J,0.05,0.038461538461538464,0.043478260869565216
696347,FFF,2014J,0.3,0.21428571428571427,0.25
696357,CCC,2014J,0.1,0.10526315789473684,0.10256410256410256
696361,EEE,2014J,0.3,0.46153846153846156,0.3636363636363637
696364,FFF,2014J,0.05,0.058823529411764705,0.05405405405405405
696415,DDD,2014J,0.0,0.0,0.0
696440,BBB,2014J,0.0,0.0,0.0
696469,CCC,2014J,0.05,0.0625,0.05555555555555556
696485,EEE,2014J,0.25,0.38461538461538464,0.30303030303030304
696501,CCC,2014J,0.0,0.0,0.0
696514,GGG,2014J,0.2,0.36363636363636365,0.25806451612903225
696515,CCC,2014J,0.05,0.07142857142857142,0.058823529411764705
696577,EEE,2014J,0.15,0.3333333333333333,0.20689655172413793
696583,FFF,2014J,0.05,0.1111111111111111,0.06896551724137932
696616,BBB,2014J,0.2,0.2222222222222222,0.2105263157894737
696659,FFF,2014J,0.0,0.0,0.0
696662,FFF,2014J,0.25,0.10416666666666667,0.14705882352941177
696666,FFF,2014J,0.05,0.045454545454545456,0.04761904761904762
696671,FFF,2014J,0.0,0.0,0.0
696672,FFF,2014J,0.0,0.0,0.0
696674,FFF,2014J,0.15,0.13043478260869565,0.13953488372093023
696678,FFF,2014J,0.25,0.08064516129032258,0.12195121951219512
696684,BBB,2014J,0.05,0.058823529411764705,0.05405405405405405
696696,CCC,2014J,0.05,0.05,0.05000000000000001
696706,GGG,2014J,0.2,0.3333333333333333,0.25
696712,GGG,2014J,0.1,0.25,0.14285714285714288
696713,GGG,2014J,0.35,0.3684210526315789,0.358974358974359
696724,BBB,2014J,0.15,0.16666666666666666,0.15789473684210525
696729,FFF,2014J,0.1,0.1,0.10000000000000002
696789,DDD,2014J,0.0,0.0,0.0
696804,BBB,2014J,0.1,0.09090909090909091,0.09523809523809525
696833,CCC,2014J,0.1,0.07692307692307693,0.08695652173913043
696844,BBB,2014J,0.0,0.0,0.0
696850,BBB,2014J,0.1,0.125,0.11111111111111112
696869,CCC,2014J,0.05,0.041666666666666664,0.04545454545454545
696876,GGG,2014J,0.35,0.3888888888888889,0.36842105263157887
697027,FFF,2014J,0.0,0.0,0.0
697041,EEE,2014J,0.0,0.0,0.0
697045,DDD,2014J,0.0,0.0,0.0
697101,DDD,2014J,0.05,0.041666666666666664,0.04545454545454545
697113,EEE,2014J,0.05,0.06666666666666667,0.05714285714285715
697114,FFF,2014J,0.0,0.0,0.0
697253,CCC,2014J,0.0,0.0,0.0
697253,EEE,2014J,0.1,0.16666666666666666,0.125
697255,FFF,2014J,0.05,0.0625,0.05555555555555556
697314,GGG,2014J,0.2,0.2222222222222222,0.2105263157894737
697325,GGG,2014J,0.35,0.5,0.4117647058823529
697328,GGG,2014J,0.1,0.2222222222222222,0.13793103448275865
697417,BBB,2014J,0.15,0.1111111111111111,0.12765957446808512
697438,FFF,2014J,0.0,0.0,0.0
697461,EEE,2014J,0.15,0.21428571428571427,0.1764705882352941
697474,DDD,2014J,0.0,0.0,0.0
697478,FFF,2014J,0.05,0.04,0.044444444444444446
697492,GGG,2014J,0.05,0.2,0.08000000000000002
697561,BBB,2014J,0.05,0.1111111111111111,0.06896551724137932
697562,BBB,2014J,0.0,0.0,0.0
697567,CCC,2014J,0.3,0.13333333333333333,0.18461538461538463
697574,BBB,2014J,0.5,0.1694915254237288,0.25316455696202533
697578,BBB,2014J,0.25,0.13513513513513514,0.1754385964912281
697649,BBB,2014J,0.2,0.15384615384615385,0.17391304347826086
697653,BBB,2014J,0.1,0.3333333333333333,0.15384615384615383
697658,EEE,2014J,0.2,0.5714285714285714,0.29629629629629634
697674,DDD,2014J,0.1,0.07142857142857142,0.08333333333333333
697754,BBB,2014J,0.1,0.18181818181818182,0.12903225806451613
697781,EEE,2014J,0.15,0.25,0.18749999999999997
697857,BBB,2014J,0.15,0.14285714285714285,0.14634146341463414
697878,FFF,2014J,0.05,0.03125,0.038461538461538464
697948,DDD,2014J,0.0,0.0,0.0
697959,BBB,2014J,0.0,0.0,0.0
697960,BBB,2014J,0.0,0.0,0.0
697964,BBB,2014J,0.1,0.18181818181818182,0.12903225806451613
697998,CCC,2014J,0.0,0.0,0.0
697998,FFF,2014J,0.0,0.0,0.0
698002,CCC,2014J,0.35,0.20588235294117646,0.25925925925925924
698010,BBB,2014J,0.05,0.3333333333333333,0.08695652173913045
698011,EEE,2014J,0.2,0.2,0.20000000000000004
698015,FFF,2014J,0.1,0.05555555555555555,0.07142857142857142
698016,DDD,2014J,0.0,0.0,0.0
698092,EEE,2014J,0.0,0.0,0.0
698163,GGG,2014J,0.1,0.13333333333333333,0.1142857142857143
698170,BBB,2014J,0.0,0.0,0.0
698180,BBB,2014J,0.0,0.0,0.0
698199,BBB,2014J,0.0,0.0,0.0
698201,BBB,2014J,0.2,0.18181818181818182,0.1904761904761905
698203,BBB,2014J,0.0,0.0,0.0
698206,BBB,2014J,0.0,0.0,0.0
698207,BBB,2014J,0.15,0.12,0.1333333333333333
698208,BBB,2014J,0.0,0.0,0.0
698256,BBB,2014J,0.15,0.11538461538461539,0.13043478260869565
698299,CCC,2014J,0.1,0.06666666666666667,0.08
698300,EEE,2014J,0.15,0.1875,0.16666666666666663
698345,BBB,2014J,0.15,0.13043478260869565,0.13953488372093023
698347,DDD,2014J,0.0,0.0,0.0
698355,CCC,2014J,0.2,0.17391304347826086,0.18604651162790697
698355,EEE,2014J,0.1,0.15384615384615385,0.12121212121212123
698357,BBB,2014J,0.0,0.0,0.0
698359,CCC,2014J,0.1,0.09090909090909091,0.09523809523809525
698362,BBB,2014J,0.0,0.0,0.0
698369,BBB,2014J,0.05,0.041666666666666664,0.04545454545454545
698384,FFF,2014J,0.1,0.06666666666666667,0.08
698407,FFF,2014J,0.0,0.0,0.0
698413,EEE,2014J,0.2,0.3333333333333333,0.25
698417,EEE,2014J,0.3,0.8571428571428571,0.4444444444444444
698420,BBB,2014J,0.2,0.4444444444444444,0.2758620689655173
698460,GGG,2014J,0.25,0.2777777777777778,0.2631578947368421
698463,BBB,2014J,0.0,0.0,0.0
698471,BBB,2014J,0.1,0.09523809523809523,0.0975609756097561
698485,FFF,2014J,0.1,0.08,0.08888888888888889
698494,BBB,2014J,0.0,0.0,0.0
698507,BBB,2014J,0.1,0.10526315789473684,0.10256410256410256
698509,BBB,2014J,0.1,0.08695652173913043,0.09302325581395349
698548,GGG,2014J,0.15,0.21428571428571427,0.1764705882352941
698598,EEE,2014J,0.0,0.0,0.0
698656,FFF,2014J,0.15,0.1111111111111111,0.12765957446808512
699007,BBB,2014J,0.2,0.12903225806451613,0.1568627450980392
699126,FFF,2014J,0.05,0.043478260869565216,0.046511627906976744
699127,FFF,2014J,0.1,0.08333333333333333,0.0909090909090909
699128,FFF,2014J,0.15,0.15789473684210525,0.15384615384615385
699134,EEE,2014J,0.4,0.4,0.4000000000000001
699153,BBB,2014J,0.0,0.0,0.0
699170,EEE,2014J,0.15,0.375,0.21428571428571425
699417,DDD,2014J,0.05,0.045454545454545456,0.04761904761904762
699435,BBB,2014J,0.05,0.07142857142857142,0.058823529411764705
699436,BBB,2014J,0.15,0.17647058823529413,0.16216216216216214
699437,BBB,2014J,0.0,0.0,0.0
699440,EEE,2014J,0.15,0.375,0.21428571428571425
699461,GGG,2014J,0.3,0.2727272727272727,0.28571428571428564
699488,BBB,2014J,0.05,0.05555555555555555,0.052631578947368425
699498,BBB,2014J,0.3,0.21428571428571427,0.25
699503,BBB,2014J,0.0,0.0,0.0
699628,GGG,2014J,0.0,0.0,0.0
699651,BBB,2014J,0.1,0.09090909090909091,0.09523809523809525
699656,BBB,2014J,0.2,0.16,0.17777777777777778
700079,BBB,2014J,0.1,0.15384615384615385,0.12121212121212123
700086,BBB,2014J,0.0,0.0,0.0
700441,BBB,2014J,0.2,0.17391304347826086,0.18604651162790697
700815,BBB,2014J,0.0,0.0,0.0
700820,BBB,2014J,0.1,0.09523809523809523,0.0975609756097561
704156,AAA,2013J,0.2,0.18181818181818182,0.1904761904761905
705379,AAA,2013J,0.15,0.09375,0.11538461538461538
749412,AAA,2013J,0.2,0.2222222222222222,0.2105263157894737
760729,AAA,2013J,0.05,0.07692307692307693,0.060606060606060615
879295,DDD,2014B,0.0,0.0,0.0
895524,FFF,2014J,0.25,0.125,0.16666666666666666
898594,FFF,2013J,0.15,0.05454545454545454,0.08
905042,AAA,2013J,0.25,0.22727272727272727,0.23809523809523808
907261,DDD,2013B,0.2,0.07692307692307693,0.1111111111111111
909056,DDD,2014B,0.1,0.06060606060606061,0.07547169811320756
917586,CCC,2014B,0.0,0.0,0.0
925553,CCC,2014B,0.1,0.07692307692307693,0.08695652173913043
928248,FFF,2013B,0.1,0.05555555555555555,0.07142857142857142
941282,CCC,2014J,0.35,0.1891891891891892,0.24561403508771934
943374,CCC,2014J,0.1,0.1,0.10000000000000002
943374,EEE,2013J,0.05,0.1,0.06666666666666667
949548,CCC,2014B,0.2,0.14285714285714285,0.16666666666666666
949618,AAA,2013J,0.0,0.0,0.0
957467,DDD,2013B,0.0,0.0,0.0
958987,AAA,2013J,0.15,0.16666666666666666,0.15789473684210525
965763,EEE,2013J,0.1,0.16666666666666666,0.125
968578,AAA,2013J,0.05,0.06666666666666667,0.05714285714285715
969076,AAA,2013J,0.0,0.0,0.0
971027,AAA,2013J,0.0,0.0,0.0
973526,CCC,2014J,0.0,0.0,0.0
978739,AAA,2013J,0.05,0.05263157894736842,0.05128205128205128
983970,DDD,2013J,0.0,0.0,0.0
984347,FFF,2013J,0.15,0.11538461538461539,0.13043478260869565
984619,CCC,2014B,0.15,0.13636363636363635,0.14285714285714282
985062,FFF,2013J,0.05,0.027777777777777776,0.03571428571428571
986561,CCC,2014J,0.05,0.047619047619047616,0.04878048780487805
988019,FFF,2013J,0.05,0.041666666666666664,0.04545454545454545
990155,FFF,2013J,0.15,0.10714285714285714,0.125
991843,EEE,2013J,0.15,0.3,0.2
992544,CCC,2014B,0.0,0.0,0.0
996047,EEE,2014B,0.05,0.2,0.08000000000000002
998493,AAA,2014J,0.25,0.29411764705882354,0.27027027027027023
999174,FFF,2013B,0.2,0.08,0.11428571428571428
1008675,BBB,2013B,0.1,0.08695652173913043,0.09302325581395349
1021350,FFF,2014J,0.0,0.0,0.0
1023623,CCC,2014J,0.1,0.08333333333333333,0.0909090909090909
1031884,CCC,2014J,0.15,0.10714285714285714,0.125
1031884,DDD,2014B,0.1,0.06451612903225806,0.0784313725490196
1034674,FFF,2013B,0.25,0.07575757575757576,0.11627906976744187
1035023,AAA,2013J,0.15,0.2,0.17142857142857143
1038161,CCC,2014B,0.0,0.0,0.0
1042726,FFF,2014J,0.0,0.0,0.0
1044992,DDD,2013B,0.0,0.0,0.0
1045203,AAA,2014J,0.0,0.0,0.0
1049036,DDD,2014B,0.15,0.12,0.1333333333333333
1053702,EEE,2013J,0.2,0.36363636363636365,0.25806451612903225
1057883,CCC,2014B,0.05,0.16666666666666666,0.07692307692307691
1064492,FFF,2013J,0.2,0.14285714285714285,0.16666666666666666
1065824,FFF,2013J,0.0,0.0,0.0
1068316,CCC,2014J,0.05,0.058823529411764705,0.05405405405405405
1068316,DDD,2013B,0.05,0.037037037037037035,0.0425531914893617
1072259,FFF,2014B,0.0,0.0,0.0
1073766,CCC,2014B,0.3,0.23076923076923078,0.2608695652173913
1073766,EEE,2013J,0.3,0.375,0.33333333333333326
1073767,FFF,2013B,0.0,0.0,0.0
1076015,CCC,2014J,0.05,0.125,0.07142857142857144
1078701,CCC,2014J,0.2,0.16,0.17777777777777778
1078701,DDD,2014J,0.1,0.08695652173913043,0.09302325581395349
1080206,DDD,2013J,0.2,0.11764705882352941,0.14814814814814817
1082062,DDD,2014J,0.1,0.1111111111111111,0.10526315789473685
1090738,FFF,2013B,0.0,0.0,0.0
1091274,CCC,2014J,0.15,0.07692307692307693,0.1016949152542373
1095916,CCC,2014B,0.05,0.1,0.06666666666666667
1095916,DDD,2013B,0.05,0.043478260869565216,0.046511627906976744
1097354,FFF,2013B,0.05,0.025,0.03333333333333333
1098728,BBB,2013B,0.0,0.0,0.0
1100143,FFF,2013J,0.2,0.056338028169014086,0.08791208791208792
1100639,CCC,2014B,0.0,0.0,0.0
1101190,CCC,2014J,0.3,0.1935483870967742,0.23529411764705882
1103608,DDD,2013J,0.15,0.1,0.12
1105438,BBB,2013J,0.0,0.0,0.0
1105478,AAA,2013J,0.05,0.09090909090909091,0.06451612903225806
1112555,AAA,2014J,0.25,0.17857142857142858,0.20833333333333331
1115623,CCC,2014B,0.3,0.21428571428571427,0.25
1118284,FFF,2013B,0.1,0.03773584905660377,0.05479452054794521
1118432,BBB,2014J,0.1,0.10526315789473684,0.10256410256410256
1127413,BBB,2014B,0.0,0.0,0.0
1170618,BBB,2013J,0.15,0.10714285714285714,0.125
1173473,DDD,2014J,0.2,0.0851063829787234,0.11940298507462686
1183831,AAA,2014J,0.2,0.3333333333333333,0.25
1187586,CCC,2014B,0.35,0.22580645161290322,0.2745098039215686
1187586,DDD,2013J,0.15,0.05454545454545454,0.08
1268696,AAA,2014J,0.05,0.3333333333333333,0.08695652173913045
1268772,EEE,2014B,0.3,0.4,0.34285714285714286
1270832,CCC,2014B,0.3,0.3333333333333333,0.3157894736842105
1282596,DDD,2013J,0.0,0.0,0.0
1301103,CCC,2014J,0.25,0.2,0.22222222222222224
1311171,CCC,2014B,0.25,0.11904761904761904,0.16129032258064516
1311171,DDD,2013B,0.05,0.018518518518518517,0.02702702702702703
1318759,FFF,2014J,0.1,0.058823529411764705,0.07407407407407408
1319732,GGG,2013J,0.15,0.16666666666666666,0.15789473684210525
1319999,FFF,2013J,0.15,0.0625,0.08823529411764706
1332356,CCC,2014J,0.15,0.1,0.12
1332356,DDD,2014B,0.0,0.0,0.0
1332999,BBB,2014B,0.05,0.125,0.07142857142857144
1334225,EEE,2014J,0.3,0.3333333333333333,0.3157894736842105
1336190,AAA,2014J,0.0,0.0,0.0
1337055,FFF,2013B,0.1,0.05128205128205128,0.06779661016949151
1340760,CCC,2014J,0.0,0.0,0.0
1340760,FFF,2014B,0.15,0.06976744186046512,0.09523809523809525
1340766,BBB,2013J,0.05,0.125,0.07142857142857144
1341096,GGG,2013J,0.15,0.25,0.18749999999999997
1341507,BBB,2014B,0.0,0.0,0.0
1345808,CCC,2014J,0.0,0.0,0.0
1345808,DDD,2013J,0.2,0.06666666666666667,0.1
1347198,FFF,2013B,0.05,0.02127659574468085,0.029850746268656716
1347253,GGG,2013J,0.1,0.13333333333333333,0.1142857142857143
1347447,DDD,2013B,0.05,0.047619047619047616,0.04878048780487805
1348205,FFF,2014J,0.25,0.08064516129032258,0.12195121951219512
1351739,DDD,2013B,0.15,0.09375,0.11538461538461538
1352733,CCC,2014J,0.25,0.16129032258064516,0.19607843137254902
1352868,AAA,2013J,0.0,0.0,0.0
1352868,AAA,2014J,0.05,0.05,0.05000000000000001
1354095,EEE,2014J,0.2,0.4,0.26666666666666666
1355699,DDD,2013J,0.0,0.0,0.0
1359554,FFF,2013J,0.0,0.0,0.0
1360878,DDD,2014J,0.0,0.0,0.0
1360953,CCC,2014J,0.15,0.15,0.15
1375851,DDD,2013J,0.15,0.05357142857142857,0.07894736842105263
1380308,DDD,2014J,0.0,0.0,0.0
1382719,DDD,2014J,0.05,0.047619047619047616,0.04878048780487805
1391717,FFF,2014J,0.15,0.11538461538461539,0.13043478260869565
1392016,DDD,2013B,0.0,0.0,0.0
1393589,BBB,2014B,0.0,0.0,0.0
1397617,FFF,2013J,0.2,0.16,0.17777777777777778
1397662,FFF,2013B,0.25,0.07352941176470588,0.11363636363636363
1398489,FFF,2014B,0.15,0.07317073170731707,0.09836065573770492
1398979,AAA,2014J,0.1,0.125,0.11111111111111112
1399285,BBB,2013J,0.0,0.0,0.0
1402638,AAA,2013J,0.15,0.2,0.17142857142857143
1405453,GGG,2014J,0.1,0.16666666666666666,0.125
1405594,BBB,2013J,0.1,0.16666666666666666,0.125
1406920,BBB,2014B,0.0,0.0,0.0
1409532,FFF,2014J,0.0,0.0,0.0
1410398,EEE,2014B,0.05,0.14285714285714285,0.07407407407407408
1411627,BBB,2013J,0.05,0.05555555555555555,0.052631578947368425
1413027,GGG,2014B,0.15,0.3,0.2
1413902,FFF,2014J,0.05,0.02857142857142857,0.03636363636363636
1414443,AAA,2013J,0.0,0.0,0.0
1416784,CCC,2014B,0.15,0.3,0.2
1417707,FFF,2013J,0.0,0.0,0.0
1420537,FFF,2013J,0.15,0.07894736842105263,0.10344827586206896
1420575,GGG,2014J,0.3,0.4,0.34285714285714286
1421720,BBB,2013J,0.05,0.125,0.07142857142857144
1422737,GGG,2014B,0.15,0.25,0.18749999999999997
1425806,FFF,2014B,0.1,0.05405405405405406,0.07017543859649122
1429504,EEE,2014J,0.35,0.35,0.35
1432518,BBB,2014J,0.0,0.0,0.0
1436558,FFF,2013B,0.05,0.058823529411764705,0.05405405405405405
1436591,BBB,2013B,0.05,0.07692307692307693,0.060606060606060615
1440072,FFF,2013B,0.0,0.0,0.0
1440341,BBB,2013J,0.15,0.06976744186046512,0.09523809523809525
1440467,CCC,2014B,0.15,0.2,0.17142857142857143
1440467,DDD,2013J,0.2,0.13333333333333333,0.16
1442215,DDD,2014J,0.0,0.0,0.0
1442981,CCC,2014J,0.0,0.0,0.0
1442991,CCC,2014B,0.05,0.06666666666666667,0.05714285714285715
1442991,DDD,2013J,0.05,0.047619047619047616,0.04878048780487805
1444134,DDD,2013B,0.15,0.075,0.1
1444520,FFF,2013B,0.1,0.05263157894736842,0.06896551724137931
1448966,FFF,2014J,0.2,0.08163265306122448,0.11594202898550723
1449692,DDD,2013J,0.05,0.04,0.044444444444444446
1450604,FFF,2014J,0.15,0.17647058823529413,0.16216216216216214
1453691,BBB,2014B,0.0,0.0,0.0
1457691,EEE,2014B,0.0,0.0,0.0
1461795,CCC,2014J,0.0,0.0,0.0
1464952,FFF,2013B,0.0,0.0,0.0
1465407,FFF,2014B,0.2,0.12121212121212122,0.15094339622641512
1465690,AAA,2013J,0.2,0.2857142857142857,0.23529411764705882
1467014,BBB,2013J,0.1,0.0392156862745098,0.05633802816901408
1470291,CCC,2014B,0.05,0.0625,0.05555555555555556
1470291,DDD,2013B,0.05,0.045454545454545456,0.04761904761904762
1471214,AAA,2014J,0.2,0.16,0.17777777777777778
1472925,AAA,2013J,0.0,0.0,0.0
1472925,AAA,2014J,0.05,0.125,0.07142857142857144
1473878,FFF,2014J,0.05,0.037037037037037035,0.0425531914893617
1474869,CCC,2014B,0.1,0.125,0.11111111111111112
1474903,CCC,2014J,0.3,0.16666666666666666,0.21428571428571427
1478030,CCC,2014J,0.0,0.0,0.0
1478775,CCC,2014J,0.05,0.1111111111111111,0.06896551724137932
1480800,BBB,2013B,0.0,0.0,0.0
1482413,DDD,2014J,0.0,0.0,0.0
1483632,CCC,2014J,0.1,0.125,0.11111111111111112
1483814,EEE,2014J,0.25,0.5,0.3333333333333333
1484804,AAA,2014J,0.05,0.05555555555555555,0.052631578947368425
1485702,CCC,2014J,0.1,0.15384615384615385,0.12121212121212123
1487084,EEE,2013J,0.0,0.0,0.0
1488959,AAA,2013J,0.15,0.14285714285714285,0.14634146341463414
1490624,CCC,2014J,0.15,0.15,0.15
1490624,EEE,2014J,0.2,0.3076923076923077,0.24242424242424246
1492571,FFF,2013J,0.2,0.047058823529411764,0.0761904761904762
1493476,BBB,2013B,0.05,0.1111111111111111,0.06896551724137932
1493739,CCC,2014B,0.05,0.07692307692307693,0.060606060606060615
1494577,FFF,2013J,0.1,0.05714285714285714,0.07272727272727272
1497822,EEE,2014J,0.2,0.36363636363636365,0.25806451612903225
1498979,GGG,2013J,0.05,0.058823529411764705,0.05405405405405405
1500410,FFF,2013B,0.0,0.0,0.0
1500950,EEE,2014B,0.05,0.14285714285714285,0.07407407407407408
1501577,CCC,2014J,0.1,0.1,0.10000000000000002
1501577,FFF,2014J,0.1,0.07692307692307693,0.08695652173913043
1501614,CCC,2014J,0.0,0.0,0.0
1502193,BBB,2014B,0.0,0.0,0.0
1503056,BBB,2013J,0.0,0.0,0.0
1504653,FFF,2013J,0.1,0.038461538461538464,0.05555555555555555
1507503,DDD,2013J,0.1,0.045454545454545456,0.06250000000000001
1509881,DDD,2013J,0.2,0.06896551724137931,0.10256410256410257
1510198,DDD,2013B,0.05,0.045454545454545456,0.04761904761904762
1510285,FFF,2013B,0.1,0.06451612903225806,0.0784313725490196
1511033,AAA,2014J,0.0,0.0,0.0
1513001,FFF,2013J,0.05,0.02040816326530612,0.02898550724637681
1515509,FFF,2013J,0.05,0.02127659574468085,0.029850746268656716
1518989,AAA,2013J,0.05,0.0625,0.05555555555555556
1521540,BBB,2013B,0.05,0.041666666666666664,0.04545454545454545
1522631,DDD,2013J,0.25,0.10204081632653061,0.14492753623188406
1525567,BBB,2014B,0.15,0.5,0.23076923076923075
1526059,FFF,2014B,0.15,0.0967741935483871,0.11764705882352941
1526210,DDD,2014J,0.05,0.05,0.05000000000000001
1526770,BBB,2014J,0.05,0.045454545454545456,0.04761904761904762
1530521,DDD,2013J,0.0,0.0,0.0
1531287,FFF,2013B,0.0,0.0,0.0
1532840,FFF,2013B,0.0,0.0,0.0
1533277,BBB,2014J,0.05,0.058823529411764705,0.05405405405405405
1534494,CCC,2014B,0.15,0.13043478260869565,0.13953488372093023
1534560,FFF,2013B,0.0,0.0,0.0
1534854,DDD,2013B,0.05,0.0625,0.05555555555555556
1536122,BBB,2014J,0.15,0.21428571428571427,0.1764705882352941
1536138,FFF,2013B,0.1,0.05263157894736842,0.06896551724137931
1536774,BBB,2013J,0.1,0.08695652173913043,0.09302325581395349
1540042,BBB,2014B,0.0,0.0,0.0
1541133,BBB,2013J,0.15,0.05084745762711865,0.0759493670886076
1541472,FFF,2013J,0.15,0.15789473684210525,0.15384615384615385
1547646,BBB,2014J,0.2,0.14285714285714285,0.16666666666666666
1549107,DDD,2014B,0.0,0.0,0.0
1552044,CCC,2014J,0.15,0.12,0.1333333333333333
1552044,DDD,2014B,0.1,0.07142857142857142,0.08333333333333333
1554143,FFF,2013B,0.0,0.0,0.0
1559964,FFF,2013J,0.25,0.07142857142857142,0.11111111111111112
1560989,BBB,2014J,0.0,0.0,0.0
1561431,CCC,2014B,0.0,0.0,0.0
1561750,CCC,2014J,0.0,0.0,0.0
1561750,EEE,2013J,0.1,0.2222222222222222,0.13793103448275865
1563696,BBB,2014J,0.1,0.11764705882352941,0.1081081081081081
1564630,CCC,2014J,0.0,0.0,0.0
1564630,DDD,2013J,0.05,0.047619047619047616,0.04878048780487805
1564706,BBB,2014J,0.15,0.16666666666666666,0.15789473684210525
1567505,EEE,2013J,0.1,0.16666666666666666,0.125
1568828,CCC,2014B,0.25,0.20833333333333334,0.22727272727272727
1569426,DDD,2013J,0.1,0.03636363636363636,0.05333333333333334
1573624,EEE,2014B,0.05,0.125,0.07142857142857144
1574398,BBB,2013B,0.05,0.08333333333333333,0.0625
1576513,AAA,2014J,0.15,0.16666666666666666,0.15789473684210525
1577134,DDD,2013B,0.2,0.16,0.17777777777777778
1578222,FFF,2014B,0.1,0.06666666666666667,0.08
1581243,DDD,2013J,0.0,0.0,0.0
1585671,FFF,2014J,0.2,0.07272727272727272,0.10666666666666667
1589066,DDD,2014J,0.05,0.03571428571428571,0.041666666666666664
1591864,DDD,2014B,0.2,0.14814814814814814,0.1702127659574468
1591864,DDD,2014J,0.0,0.0,0.0
1592048,CCC,2014J,0.6,0.19047619047619047,0.2891566265060241
1592048,DDD,2014B,0.15,0.05660377358490566,0.0821917808219178
1593442,CCC,2014J,0.35,0.22580645161290322,0.2745098039215686
1593730,DDD,2014J,0.2,0.07017543859649122,0.10389610389610389
1594621,BBB,2013J,0.2,0.13333333333333333,0.16
1603549,FFF,2014J,0.15,0.05172413793103448,0.07692307692307693
1609002,AAA,2014J,0.05,0.07692307692307693,0.060606060606060615
1611842,DDD,2013B,0.05,0.038461538461538464,0.043478260869565216
1611973,BBB,2014B,0.05,0.16666666666666666,0.07692307692307691
1612600,DDD,2014B,0.05,0.022727272727272728,0.03125000000000001
1614181,FFF,2013B,0.05,0.038461538461538464,0.043478260869565216
1615392,FFF,2014B,0.05,0.034482758620689655,0.04081632653061224
1618172,EEE,2014B,0.1,0.2,0.13333333333333333
1618738,AAA,2013J,0.0,0.0,0.0
1622020,DDD,2013B,0.4,0.07407407407407407,0.125
1623795,BBB,2014J,0.15,0.10714285714285714,0.125
1624025,DDD,2014J,0.25,0.07352941176470588,0.11363636363636363
1624443,BBB,2014B,0.0,0.0,0.0
1624707,BBB,2013J,0.1,0.13333333333333333,0.1142857142857143
1625718,BBB,2014B,0.05,0.05555555555555555,0.052631578947368425
1626021,BBB,2014B,0.1,0.13333333333333333,0.1142857142857143
1626418,DDD,2013B,0.0,0.0,0.0
1626710,AAA,2013J,0.1,0.09523809523809523,0.0975609756097561
1627017,BBB,2013J,0.0,0.0,0.0
1627052,FFF,2014B,0.0,0.0,0.0
1629771,AAA,2014J,0.1,0.2857142857142857,0.14814814814814817
1631797,FFF,2014J,0.1,0.08333333333333333,0.0909090909090909
1632487,CCC,2014B,0.3,0.4,0.34285714285714286
1633695,BBB,2014B,0.0,0.0,0.0
1634278,CCC,2014J,0.0,0.0,0.0
1634278,FFF,2013J,0.1,0.028985507246376812,0.0449438202247191
1636725,FFF,2013J,0.0,0.0,0.0
1638119,DDD,2013B,0.25,0.10638297872340426,0.1492537313432836
1638548,EEE,2013J,0.05,0.14285714285714285,0.07407407407407408
1639699,FFF,2014J,0.1,0.044444444444444446,0.061538461538461535
1640609,AAA,2013J,0.1,0.1111111111111111,0.10526315789473685
1640680,FFF,2014J,0.1,0.05555555555555555,0.07142857142857142
1640773,DDD,2013B,0.05,0.047619047619047616,0.04878048780487805
1641117,FFF,2014B,0.0,0.0,0.0
1641344,FFF,2013J,0.15,0.04411764705882353,0.06818181818181818
1644647,FFF,2013J,0.15,0.08571428571428572,0.10909090909090909
1646172,CCC,2014J,0.1,0.15384615384615385,0.12121212121212123
1651198,DDD,2013B,0.05,0.047619047619047616,0.04878048780487805
1656486,CCC,2014J,0.0,0.0,0.0
1656979,BBB,2014J,0.0,0.0,0.0
1658963,CCC,2014J,0.1,0.15384615384615385,0.12121212121212123
1658963,FFF,2014J,0.15,0.09090909090909091,0.11320754716981132
1659662,BBB,2013B,0.15,0.13636363636363635,0.14285714285714282
1661490,DDD,2014J,0.1,0.05555555555555555,0.07142857142857142
1661805,EEE,2014B,0.15,0.3333333333333333,0.20689655172413793
1664280,BBB,2014J,0.05,0.5,0.09090909090909091
1664920,DDD,2013B,0.1,0.08333333333333333,0.0909090909090909
1667087,DDD,2014J,0.25,0.1282051282051282,0.1694915254237288
1667346,EEE,2013J,0.05,0.1,0.06666666666666667
1668372,DDD,2014B,0.0,0.0,0.0
1668504,FFF,2013B,0.1,0.045454545454545456,0.06250000000000001
1671022,CCC,2014J,0.05,0.1,0.06666666666666667
1671811,CCC,2014B,0.2,0.3333333333333333,0.25
1671811,DDD,2014B,0.0,0.0,0.0
1674799,CCC,2014J,0.45,0.2,0.27692307692307694
1674799,EEE,2014J,0.55,0.4230769230769231,0.47826086956521735
1674804,GGG,2013J,0.1,0.09090909090909091,0.09523809523809525
1677677,FFF,2014J,0.1,0.06666666666666667,0.08
1678401,BBB,2013B,0.0,0.0,0.0
1678445,GGG,2013J,0.1,0.125,0.11111111111111112
1678800,CCC,2014B,0.2,0.12121212121212122,0.15094339622641512
1678800,DDD,2013J,0.0,0.0,0.0
1679610,EEE,2014J,0.25,0.3333333333333333,0.28571428571428575
1679727,DDD,2013J,0.0,0.0,0.0
1679862,DDD,2013J,0.0,0.0,0.0
1683803,FFF,2014B,0.5,0.07936507936507936,0.13698630136986303
1684787,DDD,2014J,0.15,0.09090909090909091,0.11320754716981132
1687996,DDD,2013J,0.0,0.0,0.0
1687996,DDD,2014J,0.05,0.1111111111111111,0.06896551724137932
1689069,DDD,2013J,0.2,0.07272727272727272,0.10666666666666667
1689081,GGG,2014J,0.05,0.07142857142857142,0.058823529411764705
1689730,FFF,2013B,0.05,0.041666666666666664,0.04545454545454545
1690836,DDD,2013B,0.2,0.0851063829787234,0.11940298507462686
1692156,CCC,2014J,0.2,0.14814814814814814,0.1702127659574468
1694120,FFF,2013J,0.05,0.037037037037037035,0.0425531914893617
1695710,BBB,2013J,0.0,0.0,0.0
1696174,DDD,2013B,0.25,0.12195121951219512,0.16393442622950818
1699264,GGG,2013J,0.1,0.125,0.11111111111111112
1699445,FFF,2013B,0.0,0.0,0.0
1700371,EEE,2014B,0.05,0.1111111111111111,0.06896551724137932
1713615,DDD,2013J,0.0,0.0,0.0
1715237,CCC,2014B,0.2,0.16,0.17777777777777778
1715896,AAA,2014J,0.1,0.18181818181818182,0.12903225806451613
1716492,DDD,2013J,0.1,0.06451612903225806,0.0784313725490196
1719114,BBB,2014B,0.0,0.0,0.0
1719566,DDD,2013B,0.25,0.13157894736842105,0.1724137931034483
1720448,GGG,2013J,0.1,0.125,0.11111111111111112
1720712,FFF,2013B,0.05,0.041666666666666664,0.04545454545454545
1721270,AAA,2014J,0.05,0.1111111111111111,0.06896551724137932
1721462,BBB,2013B,0.1,0.1111111111111111,0.10526315789473685
1721891,DDD,2013J,0.1,0.125,0.11111111111111112
1722493,FFF,2014J,0.25,0.18518518518518517,0.2127659574468085
1723019,DDD,2013J,0.0,0.0,0.0
1723564,DDD,2014J,0.2,0.10526315789473684,0.13793103448275862
1723749,BBB,2014J,0.1,0.1111111111111111,0.10526315789473685
1725109,EEE,2013J,0.1,0.2,0.13333333333333333
1726951,BBB,2013J,0.15,0.13043478260869565,0.13953488372093023
1728437,BBB,2013B,0.05,0.25,0.08333333333333334
1729319,AAA,2013J,0.1,0.1,0.10000000000000002
1729833,GGG,2013J,0.1,0.1111111111111111,0.10526315789473685
1731564,BBB,2013J,0.0,0.0,0.0
1732219,BBB,2014B,0.1,0.1111111111111111,0.10526315789473685
1732956,BBB,2014J,0.25,0.18518518518518517,0.2127659574468085
1733023,BBB,2014J,0.15,0.1111111111111111,0.12765957446808512
1733160,DDD,2014J,0.1,0.3333333333333333,0.15384615384615383
1734156,GGG,2014J,0.15,0.23076923076923078,0.18181818181818185
1735651,DDD,2014B,0.0,0.0,0.0
1735653,DDD,2014B,0.1,0.16666666666666666,0.125
1738364,FFF,2014B,0.05,0.023809523809523808,0.03225806451612903
1738582,CCC,2014J,0.05,0.06666666666666667,0.05714285714285715
1739026,CCC,2014B,0.15,0.2,0.17142857142857143
1742834,FFF,2013B,0.15,0.06521739130434782,0.09090909090909091
1744817,FFF,2014B,0.05,0.058823529411764705,0.05405405405405405
1746134,AAA,2013J,0.1,0.125,0.11111111111111112
1747824,DDD,2014J,0.0,0.0,0.0
1747892,BBB,2013B,0.1,0.06060606060606061,0.07547169811320756
1752098,CCC,2014J,0.0,0.0,0.0
1752813,CCC,2014J,0.25,0.15151515151515152,0.18867924528301888
1752834,BBB,2014J,0.05,0.05,0.05000000000000001
1752994,FFF,2014J,0.25,0.11904761904761904,0.16129032258064516
1753458,CCC,2014B,0.1,0.14285714285714285,0.11764705882352941
1753965,BBB,2013B,0.05,0.03125,0.038461538461538464
1755594,FFF,2014J,0.1,0.10526315789473684,0.10256410256410256
1756165,DDD,2013J,0.25,0.08333333333333333,0.125
1756915,GGG,2013J,0.1,0.10526315789473684,0.10256410256410256
1757548,DDD,2014J,0.1,0.09090909090909091,0.09523809523809525
1757662,FFF,2014B,0.2,0.10526315789473684,0.13793103448275862
1757766,AAA,2014J,0.05,0.0625,0.05555555555555556
1759799,FFF,2013J,0.15,0.05084745762711865,0.0759493670886076
1759851,BBB,2014B,0.0,0.0,0.0
1761013,FFF,2013B,0.0,0.0,0.0
1762336,EEE,2013J,0.0,0.0,0.0
1763186,DDD,2014B,0.0,0.0,0.0
1763653,BBB,2014B,0.0,0.0,0.0
1763786,EEE,2014B,0.15,0.3333333333333333,0.20689655172413793
1765788,AAA,2013J,0.2,0.2222222222222222,0.2105263157894737
1766513,DDD,2013J,0.05,0.024390243902439025,0.03278688524590164
1768223,FFF,2014B,0.05,0.043478260869565216,0.046511627906976744
1770733,BBB,2013B,0.05,0.25,0.08333333333333334
1771775,FFF,2014J,0.1,0.05405405405405406,0.07017543859649122
1772429,FFF,2013B,0.05,0.043478260869565216,0.046511627906976744
1773377,AAA,2014J,0.1,0.15384615384615385,0.12121212121212123
1773925,CCC,2014J,0.3,0.3333333333333333,0.3157894736842105
1774297,DDD,2014J,0.1,0.2222222222222222,0.13793103448275865
1777511,DDD,2013J,0.2,0.06451612903225806,0.0975609756097561
1777563,GGG,2014J,0.25,0.45454545454545453,0.3225806451612903
1778145,BBB,2013J,0.0,0.0,0.0
1780949,BBB,2014B,0.0,0.0,0.0
1781834,CCC,2014B,0.25,0.17857142857142858,0.20833333333333331
1781834,EEE,2013J,0.25,0.35714285714285715,0.2941176470588235
1782236,GGG,2014J,0.1,0.14285714285714285,0.11764705882352941
1784775,FFF,2013B,0.1,0.034482758620689655,0.05128205128205129
1784816,BBB,2014J,0.05,0.5,0.09090909090909091
1786380,BBB,2014B,0.0,0.0,0.0
1789199,BBB,2013B,0.15,0.06382978723404255,0.08955223880597013
1789319,EEE,2014B,0.2,0.4444444444444444,0.2758620689655173
1796402,FFF,2014J,0.15,0.16666666666666666,0.15789473684210525
1797068,EEE,2014J,0.25,0.35714285714285715,0.2941176470588235
1797168,BBB,2013J,0.0,0.0,0.0
1797614,BBB,2013B,0.1,0.1111111111111111,0.10526315789473685
1799111,AAA,2014J,0.15,0.2,0.17142857142857143
1801229,AAA,2013J,0.15,0.09090909090909091,0.11320754716981132
1801641,AAA,2013J,0.0,0.0,0.0
1804143,DDD,2014B,0.05,1.0,0.09523809523809523
1804143,DDD,2014J,0.0,0.0,0.0
1808622,CCC,2014J,0.15,0.15,0.15
1809578,FFF,2013B,0.0,0.0,0.0
1810414,CCC,2014J,0.0,0.0,0.0
1810414,EEE,2014B,0.05,0.1,0.06666666666666667
1810759,FFF,2014J,0.2,0.08,0.11428571428571428
1813493,BBB,2014J,0.15,0.15,0.15
1813731,GGG,2013J,0.05,0.06666666666666667,0.05714285714285715
1816458,FFF,2014J,0.1,0.07142857142857142,0.08333333333333333
1817515,CCC,2014J,0.1,0.10526315789473684,0.10256410256410256
1817710,FFF,2014J,0.2,0.07017543859649122,0.10389610389610389
1818385,FFF,2014J,0.05,0.058823529411764705,0.05405405405405405
1818677,DDD,2013J,0.05,0.1111111111111111,0.06896551724137932
1819994,DDD,2013J,0.0,0.0,0.0
1822731,DDD,2014J,0.05,0.041666666666666664,0.04545454545454545
1826729,DDD,2014B,0.0,0.0,0.0
1826819,CCC,2014J,0.0,0.0,0.0
1827650,GGG,2014J,0.2,0.26666666666666666,0.2285714285714286
1828078,GGG,2013J,0.0,0.0,0.0
1828753,CCC,2014J,0.1,0.0625,0.07692307692307693
1829654,BBB,2014B,0.05,0.045454545454545456,0.04761904761904762
1832218,BBB,2014J,0.15,0.10714285714285714,0.125
1832492,DDD,2014J,0.05,0.1111111111111111,0.06896551724137932
1835389,BBB,2014J,0.05,0.03225806451612903,0.0392156862745098
1835411,DDD,2013J,0.25,0.11904761904761904,0.16129032258064516
1836241,FFF,2014J,0.25,0.1,0.14285714285714288
1837138,FFF,2014J,0.1,0.09090909090909091,0.09523809523809525
1839012,FFF,2013B,0.15,0.07317073170731707,0.09836065573770492
1839181,EEE,2014B,0.15,0.25,0.18749999999999997
1840034,BBB,2014B,0.1,0.18181818181818182,0.12903225806451613
1843026,DDD,2013B,0.15,0.16666666666666666,0.15789473684210525
1843123,BBB,2014J,0.05,0.058823529411764705,0.05405405405405405
1844150,FFF,2013B,0.1,0.08,0.08888888888888889
1846751,FFF,2013B,0.15,0.061224489795918366,0.08695652173913043
1847146,BBB,2013B,0.0,0.0,0.0
1847481,DDD,2013J,0.05,0.038461538461538464,0.043478260869565216
1847830,AAA,2013J,0.25,0.22727272727272727,0.23809523809523808
1850818,EEE,2013J,0.1,1.0,0.18181818181818182
1851108,CCC,2014J,0.1,0.07407407407407407,0.0851063829787234
1852968,FFF,2013J,0.0,0.0,0.0
1855583,CCC,2014B,0.05,0.16666666666666666,0.07692307692307691
1855583,DDD,2014J,0.0,0.0,0.0
1858523,BBB,2013B,0.0,0.0,0.0
1859038,FFF,2013J,0.0,0.0,0.0
1860171,GGG,2014B,0.05,0.0625,0.05555555555555556
1860318,AAA,2013J,0.05,0.0625,0.05555555555555556
1861793,EEE,2013J,0.2,0.36363636363636365,0.25806451612903225
1861830,EEE,2014B,0.3,0.5454545454545454,0.3870967741935483
1864086,FFF,2013J,0.2,0.08888888888888889,0.12307692307692307
1864697,BBB,2014B,0.0,0.0,0.0
1866742,BBB,2014B,0.0,0.0,0.0
1870830,FFF,2013B,0.05,0.03571428571428571,0.041666666666666664
1871598,FFF,2014J,0.1,0.047619047619047616,0.06451612903225806
1871684,FFF,2014J,0.05,0.05263157894736842,0.05128205128205128
1873505,GGG,2013J,0.1,0.10526315789473684,0.10256410256410256
1874160,CCC,2014J,0.2,0.13333333333333333,0.16
1874160,DDD,2014B,0.2,0.10526315789473684,0.13793103448275862
1874363,DDD,2013J,0.0,0.0,0.0
1874935,BBB,2014J,0.05,0.07142857142857142,0.058823529411764705
1875728,FFF,2014B,0.2,0.125,0.15384615384615385
1876636,CCC,2014B,0.0,0.0,0.0
1876636,FFF,2013J,0.1,0.06060606060606061,0.07547169811320756
1877634,BBB,2014B,0.0,0.0,0.0
1877902,FFF,2014J,0.15,0.16666666666666666,0.15789473684210525
1878648,EEE,2014J,0.1,0.14285714285714285,0.11764705882352941
1878918,FFF,2013B,0.1,0.02631578947368421,0.041666666666666664
1879321,FFF,2014J,0.2,0.07017543859649122,0.10389610389610389
1879751,DDD,2014J,0.1,0.08,0.08888888888888889
1881062,DDD,2014J,0.05,0.047619047619047616,0.04878048780487805
1881231,FFF,2014J,0.15,0.13636363636363635,0.14285714285714282
1882021,GGG,2014B,0.1,0.125,0.11111111111111112
1882255,FFF,2013B,0.1,0.07407407407407407,0.0851063829787234
1886295,BBB,2013J,0.0,0.0,0.0
1887108,FFF,2014J,0.2,0.06666666666666667,0.1
1887928,DDD,2013J,0.1,0.0425531914893617,0.05970149253731343
1888343,CCC,2014B,0.25,0.16666666666666666,0.2
1889511,AAA,2013J,0.0,0.0,0.0
1889565,BBB,2013J,0.0,0.0,0.0
1889577,AAA,2013J,0.05,0.07692307692307693,0.060606060606060615
1889752,FFF,2014J,0.2,0.08888888888888889,0.12307692307692307
1891323,CCC,2014B,0.1,0.13333333333333333,0.1142857142857143
1894188,AAA,2013J,0.0,0.0,0.0
1894419,CCC,2014B,0.0,0.0,0.0
1894419,EEE,2014B,0.25,0.5,0.3333333333333333
1894634,DDD,2013J,0.1,0.037037037037037035,0.05405405405405406
1895288,EEE,2014J,0.25,0.5555555555555556,0.3448275862068966
1897054,CCC,2014J,0.3,0.1875,0.23076923076923075
1897611,GGG,2014B,0.15,0.21428571428571427,0.1764705882352941
1901764,DDD,2014J,0.05,0.08333333333333333,0.0625
1902240,CCC,2014J,0.15,0.09090909090909091,0.11320754716981132
1902240,EEE,2013J,0.1,0.2857142857142857,0.14814814814814817
1903095,BBB,2014J,0.1,0.09090909090909091,0.09523809523809525
1903477,DDD,2013J,0.1,0.13333333333333333,0.1142857142857143
1903527,BBB,2013B,0.1,0.2857142857142857,0.14814814814814817
1903677,BBB,2013J,0.0,0.0,0.0
1904916,FFF,2013B,0.1,0.09090909090909091,0.09523809523809525
1905259,FFF,2013B,0.15,0.08823529411764706,0.11111111111111112
1906003,CCC,2014J,0.05,0.08333333333333333,0.0625
1906919,CCC,2014B,0.0,0.0,0.0
1906919,DDD,2013B,0.0,0.0,0.0
1907755,FFF,2013B,0.1,0.03508771929824561,0.051948051948051945
1910049,FFF,2013J,0.05,0.08333333333333333,0.0625
1910175,BBB,2013J,0.05,0.05,0.05000000000000001
1910737,EEE,2014J,0.1,0.2,0.13333333333333333
1911513,CCC,2014B,0.05,0.125,0.07142857142857144
1912438,BBB,2013B,0.0,0.0,0.0
1913166,FFF,2013J,0.1,0.06451612903225806,0.0784313725490196
1913435,FFF,2013B,0.0,0.0,0.0
1913872,DDD,2013J,0.05,0.09090909090909091,0.06451612903225806
1915408,EEE,2013J,0.2,0.3333333333333333,0.25
1915795,GGG,2014J,0.25,0.38461538461538464,0.30303030303030304
1915824,CCC,2014J,0.15,0.06976744186046512,0.09523809523809525
1916140,DDD,2014B,0.05,0.03571428571428571,0.041666666666666664
1917311,DDD,2014J,0.0,0.0,0.0
1917335,FFF,2013J,0.15,0.06666666666666667,0.09230769230769231
1917796,FFF,2013B,0.1,0.09090909090909091,0.09523809523809525
1919240,FFF,2014B,0.05,0.2,0.08000000000000002
1919940,FFF,2013B,0.25,0.125,0.16666666666666666
1923618,BBB,2013B,0.0,0.0,0.0
1924641,CCC,2014B,0.05,0.125,0.07142857142857144
1924641,EEE,2013J,0.3,0.3,0.3
1925789,DDD,2014J,0.05,0.09090909090909091,0.06451612903225806
1926542,BBB,2014J,0.0,0.0,0.0
1926668,AAA,2014J,0.15,0.16666666666666666,0.15789473684210525
1928947,FFF,2014B,0.2,0.1111111111111111,0.14285714285714285
1930019,GGG,2013J,0.2,0.16,0.17777777777777778
1930146,CCC,2014B,0.15,0.15789473684210525,0.15384615384615385
1930367,BBB,2013B,0.0,0.0,0.0
1930644,EEE,2013J,0.15,0.375,0.21428571428571425
1931810,GGG,2014J,0.0,0.0,0.0
1932474,BBB,2014B,0.05,0.05,0.05000000000000001
1933534,FFF,2014B,0.0,0.0,0.0
1934810,FFF,2013B,0.1,0.08333333333333333,0.0909090909090909
1935155,DDD,2014J,0.1,0.04878048780487805,0.06557377049180328
1935735,FFF,2013J,0.1,0.03773584905660377,0.05479452054794521
1935774,DDD,2014J,0.0,0.0,0.0
1936285,CCC,2014J,0.35,0.2,0.2545454545454545
1936679,FFF,2013B,0.25,0.1388888888888889,0.17857142857142858
1937822,BBB,2014J,0.2,0.15384615384615385,0.17391304347826086
1937864,BBB,2013B,0.0,0.0,0.0
1938355,AAA,2013J,0.2,0.26666666666666666,0.2285714285714286
1939179,DDD,2014B,0.1,0.058823529411764705,0.07407407407407408
1939193,FFF,2014B,0.3,0.18181818181818182,0.22641509433962265
1939695,BBB,2013J,0.1,0.07142857142857142,0.08333333333333333
1941248,BBB,2013J,0.15,0.15,0.15
1942396,AAA,2013J,0.05,0.09090909090909091,0.06451612903225806
1942491,CCC,2014J,0.2,0.21052631578947367,0.20512820512820512
1942870,CCC,2014J,0.2,0.17391304347826086,0.18604651162790697
1943214,EEE,2014J,0.0,0.0,0.0
1944130,DDD,2013B,0.15,0.08571428571428572,0.10909090909090909
1945240,DDD,2013B,0.2,0.13793103448275862,0.16326530612244897
1945434,DDD,2014B,0.15,0.09090909090909091,0.11320754716981132
1945945,FFF,2013J,0.35,0.1891891891891892,0.24561403508771934
1946308,BBB,2013J,0.15,0.15789473684210525,0.15384615384615385
1947156,AAA,2014J,0.0,0.0,0.0
1947911,CCC,2014B,0.1,0.2222222222222222,0.13793103448275865
1948159,FFF,2014J,0.15,0.075,0.1
1950911,GGG,2014J,0.35,0.3684210526315789,0.358974358974359
1950923,FFF,2013J,0.0,0.0,0.0
1951080,CCC,2014B,0.1,0.15384615384615385,0.12121212121212123
1951127,FFF,2013J,0.05,0.07692307692307693,0.060606060606060615
1951139,CCC,2014B,0.2,0.125,0.15384615384615385
1951727,DDD,2014B,0.0,0.0,0.0
1954147,FFF,2013J,0.0,0.0,0.0
1954230,EEE,2013J,0.0,0.0,0.0
1955634,BBB,2014B,0.1,0.1,0.10000000000000002
1957682,BBB,2014B,0.0,0.0,0.0
1958121,CCC,2014J,0.05,0.058823529411764705,0.05405405405405405
1960479,CCC,2014J,0.15,0.1111111111111111,0.12765957446808512
1961938,CCC,2014J,0.0,0.0,0.0
1962049,FFF,2014J,0.15,0.05172413793103448,0.07692307692307693
1962062,FFF,2014J,0.0,0.0,0.0
1962854,DDD,2014B,0.1,0.03125,0.047619047619047616
1963677,DDD,2013J,0.05,0.1,0.06666666666666667
1966591,FFF,2013B,0.1,0.125,0.11111111111111112
1966597,CCC,2014J,0.1,0.6666666666666666,0.1739130434782609
1967783,AAA,2014J,0.2,0.3333333333333333,0.25
1968757,DDD,2013B,0.1,0.06896551724137931,0.08163265306122448
1969407,CCC,2014B,0.05,0.3333333333333333,0.08695652173913045
1969985,GGG,2013J,0.05,0.058823529411764705,0.05405405405405405
1970390,AAA,2013J,0.0,0.0,0.0
1970390,AAA,2014J,0.15,0.15,0.15
1971393,BBB,2013B,0.05,0.08333333333333333,0.0625
1972092,FFF,2014J,0.1,0.05263157894736842,0.06896551724137931
1972832,BBB,2014J,0.1,0.06060606060606061,0.07547169811320756
1974271,FFF,2013B,0.1,0.058823529411764705,0.07407407407407408
1975209,AAA,2014J,0.05,0.07142857142857142,0.058823529411764705
1976139,AAA,2013J,0.25,0.35714285714285715,0.2941176470588235
1976350,DDD,2013B,0.15,0.07142857142857142,0.09677419354838708
1976350,EEE,2013J,0.1,0.11764705882352941,0.1081081081081081
1977701,GGG,2014J,0.15,0.2,0.17142857142857143
1980822,FFF,2013J,0.05,0.02702702702702703,0.03508771929824561
1981053,FFF,2013J,0.0,0.0,0.0
1982166,CCC,2014J,0.0,0.0,0.0
1982166,FFF,2013J,0.1,0.038461538461538464,0.05555555555555555
1982833,DDD,2013J,0.1,0.4,0.16000000000000003
1982845,DDD,2013B,0.1,0.046511627906976744,0.06349206349206349
1983921,FFF,2013J,0.25,0.11627906976744186,0.15873015873015872
1986180,DDD,2014J,0.05,0.06666666666666667,0.05714285714285715
1989014,BBB,2014J,0.15,0.15789473684210525,0.15384615384615385
1990127,FFF,2013B,0.15,0.06976744186046512,0.09523809523809525
1990650,BBB,2013J,0.0,0.0,0.0
1991399,CCC,2014J,0.15,0.08823529411764706,0.11111111111111112
1991399,DDD,2014J,0.25,0.13157894736842105,0.1724137931034483
1991903,EEE,2013J,0.15,0.2727272727272727,0.19354838709677416
1992145,FFF,2013J,0.0,0.0,0.0
1993672,BBB,2013J,0.05,0.3333333333333333,0.08695652173913045
1993905,GGG,2013J,0.25,0.20833333333333334,0.22727272727272727
1993955,EEE,2013J,0.25,0.7142857142857143,0.37037037037037035
1994632,GGG,2014B,0.35,0.30434782608695654,0.3255813953488372
1995177,FFF,2014J,0.15,0.07894736842105263,0.10344827586206896
1995239,EEE,2013J,0.05,1.0,0.09523809523809523
1995532,EEE,2013J,0.2,0.5714285714285714,0.29629629629629634
1997164,CCC,2014B,0.05,0.16666666666666666,0.07692307692307691
1997164,FFF,2013B,0.1,0.047619047619047616,0.06451612903225806
1997796,BBB,2013B,0.0,0.0,0.0
1998790,BBB,2013J,0.0,0.0,0.0
1998834,FFF,2014J,0.2,0.10256410256410256,0.13559322033898302
1999952,FFF,2014B,0.15,0.10714285714285714,0.125
2000491,FFF,2013B,0.1,0.05405405405405406,0.07017543859649122
2001461,DDD,2014J,0.05,0.03125,0.038461538461538464
2001665,FFF,2013B,0.25,0.08928571428571429,0.13157894736842105
2001687,BBB,2013J,0.0,0.0,0.0
2002046,BBB,2013J,0.0,0.0,0.0
2002415,BBB,2014B,0.05,0.02564102564102564,0.033898305084745756
2002664,EEE,2014B,0.15,0.21428571428571427,0.1764705882352941
2004143,GGG,2014J,0.15,0.42857142857142855,0.2222222222222222
2006283,BBB,2013J,0.1,0.25,0.14285714285714288
2006894,DDD,2013B,0.1,0.08333333333333333,0.0909090909090909
2008795,DDD,2014J,0.1,0.25,0.14285714285714288
2009239,BBB,2014J,0.05,0.08333333333333333,0.0625
2009279,DDD,2014J,0.0,0.0,0.0
2010232,AAA,2014J,0.2,0.13333333333333333,0.16
2010245,FFF,2014B,0.1,0.1111111111111111,0.10526315789473685
2011876,AAA,2013J,0.15,0.17647058823529413,0.16216216216216214
2012966,AAA,2013J,0.0,0.0,0.0
2013403,CCC,2014J,0.3,0.13636363636363635,0.18749999999999997
2014252,DDD,2013J,0.0,0.0,0.0
2016517,CCC,2014B,0.0,0.0,0.0
2017487,FFF,2014J,0.45,0.11538461538461539,0.1836734693877551
2019921,GGG,2013J,0.0,0.0,0.0
2020628,FFF,2014J,0.1,0.07407407407407407,0.0851063829787234
2020916,CCC,2014J,0.1,0.15384615384615385,0.12121212121212123
2020916,DDD,2013B,0.0,0.0,0.0
2022801,BBB,2014B,0.05,0.07142857142857142,0.058823529411764705
2023366,BBB,2013B,0.05,0.043478260869565216,0.046511627906976744
2025233,FFF,2014B,0.05,0.06666666666666667,0.05714285714285715
2025354,DDD,2014J,0.0,0.0,0.0
2026075,FFF,2014J,0.05,0.07692307692307693,0.060606060606060615
2026585,CCC,2014J,0.2,0.12903225806451613,0.1568627450980392
2026585,EEE,2014B,0.15,0.375,0.21428571428571425
2028388,DDD,2013B,0.05,0.058823529411764705,0.05405405405405405
2029037,BBB,2013J,0.05,0.04,0.044444444444444446
2029571,FFF,2014J,0.0,0.0,0.0
2030117,CCC,2014J,0.05,0.16666666666666666,0.07692307692307691
2031252,FFF,2013B,0.25,0.16129032258064516,0.19607843137254902
2032057,DDD,2013J,0.1,0.10526315789473684,0.10256410256410256
2032882,DDD,2013J,0.05,0.05555555555555555,0.052631578947368425
2032882,DDD,2014J,0.1,0.05,0.06666666666666667
2033951,EEE,2013J,0.3,0.42857142857142855,0.3529411764705882
2034300,BBB,2013J,0.1,0.1,0.10000000000000002
2034802,DDD,2013J,0.05,0.07692307692307693,0.060606060606060615
2035022,BBB,2013B,0.05,0.08333333333333333,0.0625
2035574,BBB,2014J,0.1,0.1111111111111111,0.10526315789473685
2035700,FFF,2014J,0.05,0.03225806451612903,0.0392156862745098
2035700,GGG,2013J,0.2,0.21052631578947367,0.20512820512820512
2039190,DDD,2013J,0.0,0.0,0.0
2039810,DDD,2014J,0.05,0.034482758620689655,0.04081632653061224
2043939,DDD,2014J,0.3,0.14285714285714285,0.19354838709677416
2045440,FFF,2013B,0.05,0.03125,0.038461538461538464
2045818,FFF,2013B,0.05,0.047619047619047616,0.04878048780487805
2047421,CCC,2014B,0.05,0.16666666666666666,0.07692307692307691
2047575,FFF,2014J,0.3,0.1935483870967742,0.23529411764705882
2049668,CCC,2014B,0.15,0.12,0.1333333333333333
2050179,CCC,2014J,0.05,0.034482758620689655,0.04081632653061224
2051035,FFF,2013B,0.05,0.03571428571428571,0.041666666666666664
2051699,AAA,2013J,0.05,0.05263157894736842,0.05128205128205128
2052942,GGG,2014J,0.05,0.08333333333333333,0.0625
2053381,FFF,2013J,0.0,0.0,0.0
2053521,GGG,2014J,0.2,0.3076923076923077,0.24242424242424246
2054019,FFF,2013B,0.0,0.0,0.0
2056416,FFF,2013J,0.0,0.0,0.0
2056486,FFF,2013J,0.2,0.07272727272727272,0.10666666666666667
2056643,CCC,2014B,0.15,0.17647058823529413,0.16216216216216214
2056643,EEE,2013J,0.25,0.38461538461538464,0.30303030303030304
2057105,FFF,2013B,0.1,0.03571428571428571,0.05263157894736841
2057803,AAA,2014J,0.0,0.0,0.0
2057959,DDD,2014J,0.1,0.046511627906976744,0.06349206349206349
2060467,FFF,2013B,0.1,0.08695652173913043,0.09302325581395349
2061889,BBB,2013J,0.0,0.0,0.0
2062879,AAA,2013J,0.1,0.13333333333333333,0.1142857142857143
2062995,BBB,2013J,0.15,0.13043478260869565,0.13953488372093023
2063578,CCC,2014B,0.15,0.23076923076923078,0.18181818181818185
2063578,DDD,2013B,0.15,0.08333333333333333,0.10714285714285714
2064873,CCC,2014B,0.25,0.17857142857142858,0.20833333333333331
2064873,EEE,2014B,0.2,0.5,0.28571428571428575
2065756,EEE,2014J,0.25,0.625,0.35714285714285715
2065972,FFF,2014J,0.1,0.08,0.08888888888888889
2067377,CCC,2014J,0.1,0.07692307692307693,0.08695652173913043
2067555,GGG,2014B,0.2,0.3333333333333333,0.25
2067799,FFF,2014J,0.05,0.125,0.07142857142857144
2067969,EEE,2014J,0.1,0.18181818181818182,0.12903225806451613
2070517,CCC,2014J,0.05,0.037037037037037035,0.0425531914893617
2072166,BBB,2013J,0.0,0.0,0.0
2072671,EEE,2014J,0.05,0.125,0.07142857142857144
2073016,AAA,2014J,0.1,0.1111111111111111,0.10526315789473685
2074627,FFF,2014B,0.0,0.0,0.0
2075945,DDD,2014J,0.15,0.07317073170731707,0.09836065573770492
2077023,DDD,2014B,0.0,0.0,0.0
2078353,CCC,2014J,0.2,0.4,0.26666666666666666
2078479,BBB,2013J,0.0,0.0,0.0
2078768,BBB,2013J,0.0,0.0,0.0
2080474,AAA,2013J,0.1,0.14285714285714285,0.11764705882352941
2080539,DDD,2013B,0.0,0.0,0.0
2080885,BBB,2014B,0.0,0.0,0.0
2081123,FFF,2014J,0.1,0.05714285714285714,0.07272727272727272
2081937,GGG,2014B,0.05,0.0625,0.05555555555555556
2081955,BBB,2014B,0.15,0.1875,0.16666666666666663
2082180,DDD,2013J,0.0,0.0,0.0
2082180,DDD,2014J,0.0,0.0,0.0
2082318,BBB,2014B,0.0,0.0,0.0
2082945,GGG,2014B,0.25,0.23809523809523808,0.24390243902439024
2083576,BBB,2013J,0.0,0.0,0.0
2083701,CCC,2014J,0.35,0.30434782608695654,0.3255813953488372
2083877,AAA,2013J,0.05,0.2,0.08000000000000002
2084066,AAA,2013J,0.05,0.09090909090909091,0.06451612903225806
2084711,CCC,2014J,0.25,0.15625,0.19230769230769232
2085209,AAA,2014J,0.2,0.15384615384615385,0.17391304347826086
2086400,AAA,2014J,0.05,0.08333333333333333,0.0625
2087100,FFF,2013B,0.1,0.07407407407407407,0.0851063829787234
2087182,CCC,2014B,0.0,0.0,0.0
2087698,DDD,2014B,0.05,0.027777777777777776,0.03571428571428571
2087747,BBB,2014B,0.0,0.0,0.0
2088765,CCC,2014B,0.2,0.18181818181818182,0.1904761904761905
2088765,DDD,2013B,0.5,0.13513513513513514,0.21276595744680854
2088982,FFF,2014J,0.0,0.0,0.0
2089582,DDD,2013J,0.0,0.0,0.0
2090053,FFF,2013B,0.1,0.058823529411764705,0.07407407407407408
2091096,BBB,2014J,0.2,0.2,0.20000000000000004
2091193,BBB,2014J,0.1,0.1,0.10000000000000002
2091230,CCC,2014J,0.15,0.125,0.13636363636363635
2091387,DDD,2014B,0.1,0.08695652173913043,0.09302325581395349
2093150,CCC,2014J,0.3,0.15789473684210525,0.20689655172413793
2094350,BBB,2014B,0.0,0.0,0.0
2094849,EEE,2013J,0.0,0.0,0.0
2095379,BBB,2013J,0.0,0.0,0.0
2095576,FFF,2014B,0.2,0.26666666666666666,0.2285714285714286
2096251,FFF,2014J,0.1,0.06451612903225806,0.0784313725490196
2096918,CCC,2014J,0.05,0.0625,0.05555555555555556
2097046,FFF,2014B,0.05,0.041666666666666664,0.04545454545454545
2097916,BBB,2013B,0.1,0.16666666666666666,0.125
2098108,DDD,2014J,0.0,0.0,0.0
2098405,DDD,2013J,0.1,0.08333333333333333,0.0909090909090909
2103552,FFF,2014J,0.05,0.06666666666666667,0.05714285714285715
2104123,FFF,2013J,0.05,0.047619047619047616,0.04878048780487805
2104426,BBB,2014B,0.05,0.08333333333333333,0.0625
2104505,AAA,2013J,0.1,0.13333333333333333,0.1142857142857143
2105230,FFF,2013J,0.15,0.09375,0.11538461538461538
2106955,FFF,2014J,0.4,0.11428571428571428,0.17777777777777776
2108614,BBB,2014B,0.0,0.0,0.0
2108821,FFF,2013B,0.15,0.06818181818181818,0.09374999999999999
2109119,CCC,2014B,0.05,0.058823529411764705,0.05405405405405405
2109119,EEE,2013J,0.25,0.4166666666666667,0.3125
2111015,BBB,2013J,0.05,0.05555555555555555,0.052631578947368425
2111313,DDD,2014J,0.05,0.02631578947368421,0.034482758620689655
2112088,DDD,2013J,0.1,0.045454545454545456,0.06250000000000001
2112670,CCC,2014J,0.0,0.0,0.0
2114529,FFF,2014B,0.1,0.05714285714285714,0.07272727272727272
2115250,BBB,2014J,0.15,0.14285714285714285,0.14634146341463414
2115711,BBB,2013J,0.05,0.08333333333333333,0.0625
2122180,AAA,2013J,0.05,0.047619047619047616,0.04878048780487805
2127889,CCC,2014J,0.1,0.18181818181818182,0.12903225806451613
2128283,FFF,2014J,0.1,0.06896551724137931,0.08163265306122448
2128304,BBB,2013J,0.0,0.0,0.0
2131008,FFF,2014B,0.2,0.1111111111111111,0.14285714285714285
2131908,CCC,2014B,0.15,0.1111111111111111,0.12765957446808512
2132811,BBB,2013B,0.05,0.06666666666666667,0.05714285714285715
2132966,BBB,2013J,0.0,0.0,0.0
2133207,BBB,2014B,0.0,0.0,0.0
2133242,DDD,2013B,0.1,0.08,0.08888888888888889
2134237,EEE,2013J,0.15,0.3,0.2
2134304,EEE,2013J,0.0,0.0,0.0
2135315,GGG,2014B,0.05,0.07142857142857142,0.058823529411764705
2137171,CCC,2014J,0.1,0.08695652173913043,0.09302325581395349
2137171,FFF,2013J,0.05,0.024390243902439025,0.03278688524590164
2137785,EEE,2014J,0.1,0.16666666666666666,0.125
2138146,EEE,2013J,0.1,0.4,0.16000000000000003
2138970,FFF,2014J,0.0,0.0,0.0
2139037,CCC,2014B,0.1,0.125,0.11111111111111112
2139037,FFF,2013B,0.3,0.15,0.2
2139273,EEE,2014B,0.1,0.2857142857142857,0.14814814814814817
2139353,AAA,2013J,0.0,0.0,0.0
2139353,AAA,2014J,0.35,0.2916666666666667,0.31818181818181823
2140087,FFF,2013B,0.1,0.1,0.10000000000000002
2140300,FFF,2014J,0.15,0.07894736842105263,0.10344827586206896
2140311,DDD,2013B,0.1,0.08695652173913043,0.09302325581395349
2140444,BBB,2013J,0.05,0.3333333333333333,0.08695652173913045
2141085,FFF,2013B,0.05,0.02564102564102564,0.033898305084745756
2142055,CCC,2014J,0.0,0.0,0.0
2142243,DDD,2014J,0.1,0.06451612903225806,0.0784313725490196
2142516,CCC,2014J,0.15,0.09090909090909091,0.11320754716981132
2143065,FFF,2013B,0.05,0.02631578947368421,0.034482758620689655
2143312,FFF,2014J,0.2,0.06666666666666667,0.1
2143440,FFF,2014J,0.15,0.075,0.1
2143739,FFF,2013J,0.1,0.03508771929824561,0.051948051948051945
2143752,AAA,2013J,0.1,0.11764705882352941,0.1081081081081081
2143922,DDD,2014J,0.05,0.041666666666666664,0.04545454545454545
2145940,FFF,2013J,0.05,0.030303030303030304,0.03773584905660378
2146277,CCC,2014B,0.1,0.06666666666666667,0.08
2146277,FFF,2013J,0.15,0.03614457831325301,0.05825242718446602
2146792,AAA,2013J,0.2,0.17391304347826086,0.18604651162790697
2146936,DDD,2013B,0.25,0.08928571428571429,0.13157894736842105
2147620,CCC,2014B,0.1,0.125,0.11111111111111112
2147713,CCC,2014B,0.1,0.2222222222222222,0.13793103448275865
2147929,BBB,2013J,0.0,0.0,0.0
2148540,FFF,2013J,0.1,0.06451612903225806,0.0784313725490196
2148681,AAA,2014J,0.1,0.16666666666666666,0.125
2148859,BBB,2014B,0.0,0.0,0.0
2149487,BBB,2014J,0.25,0.23809523809523808,0.24390243902439024
2149735,FFF,2013J,0.0,0.0,0.0
2153153,AAA,2013J,0.1,0.1111111111111111,0.10526315789473685
2154361,DDD,2013B,0.05,0.2,0.08000000000000002
2154361,FFF,2014J,0.05,0.034482758620689655,0.04081632653061224
2155014,AAA,2013J,0.25,0.29411764705882354,0.27027027027027023
2156058,CCC,2014B,0.05,0.1,0.06666666666666667
2156514,DDD,2013B,0.1,0.10526315789473684,0.10256410256410256
2157412,DDD,2013J,0.1,0.046511627906976744,0.06349206349206349
2158399,FFF,2013B,0.1,0.041666666666666664,0.058823529411764705
2159868,CCC,2014J,0.0,0.0,0.0
2160316,FFF,2014J,0.35,0.08333333333333333,0.1346153846153846
2160453,BBB,2013J,0.05,0.07142857142857142,0.058823529411764705
2161710,FFF,2014B,0.0,0.0,0.0
2161710,FFF,2014J,0.1,0.11764705882352941,0.1081081081081081
2162410,FFF,2013J,0.15,0.05555555555555555,0.08108108108108109
2164251,BBB,2014B,0.0,0.0,0.0
2164266,FFF,2014B,0.0,0.0,0.0
2164944,BBB,2013J,0.0,0.0,0.0
2165164,AAA,2014J,0.05,0.058823529411764705,0.05405405405405405
2171627,AAA,2013J,0.05,0.05555555555555555,0.052631578947368425
2171834,CCC,2014B,0.1,0.10526315789473684,0.10256410256410256
2171834,EEE,2013J,0.2,0.4,0.26666666666666666
2172136,CCC,2014J,0.05,0.07692307692307693,0.060606060606060615
2172136,DDD,2014B,0.0,0.0,0.0
2172163,BBB,2014J,0.0,0.0,0.0
2172709,DDD,2014J,0.05,0.09090909090909091,0.06451612903225806
2173572,BBB,2013B,0.05,0.125,0.07142857142857144
2173643,EEE,2014J,0.15,0.16666666666666666,0.15789473684210525
2173721,FFF,2013J,0.0,0.0,0.0
2174129,GGG,2013J,0.05,0.0625,0.05555555555555556
2174835,BBB,2013J,0.0,0.0,0.0
2176759,FFF,2014B,0.0,0.0,0.0
2177871,DDD,2013B,0.05,0.04,0.044444444444444446
2178466,FFF,2013J,0.05,0.125,0.07142857142857144
2178686,CCC,2014J,0.2,0.2,0.20000000000000004
2178837,FFF,2014J,0.1,0.06060606060606061,0.07547169811320756
2178929,CCC,2014B,0.3,0.1875,0.23076923076923075
2180090,FFF,2014J,0.05,0.023809523809523808,0.03225806451612903
2180710,FFF,2013J,0.05,0.07142857142857142,0.058823529411764705
2180994,GGG,2013J,0.05,0.043478260869565216,0.046511627906976744
2181205,BBB,2014B,0.0,0.0,0.0
2181700,GGG,2013J,0.05,0.047619047619047616,0.04878048780487805
2182255,FFF,2013B,0.0,0.0,0.0
2182333,FFF,2013J,0.0,0.0,0.0
2182846,AAA,2013J,0.25,0.25,0.25
2185729,FFF,2014J,0.2,0.07407407407407407,0.10810810810810811
2186992,FFF,2014B,0.1,0.0625,0.07692307692307693
2187146,BBB,2013J,0.05,0.05263157894736842,0.05128205128205128
2187308,BBB,2014J,0.05,0.3333333333333333,0.08695652173913045
2187422,CCC,2014B,0.25,0.22727272727272727,0.23809523809523808
2187588,EEE,2014B,0.1,0.3333333333333333,0.15384615384615383
2189002,FFF,2013B,0.1,0.06896551724137931,0.08163265306122448
2189620,DDD,2014J,0.0,0.0,0.0
2192061,EEE,2014J,0.2,0.2857142857142857,0.23529411764705882
2193185,FFF,2013J,0.05,0.034482758620689655,0.04081632653061224
2194100,AAA,2013J,0.05,0.07692307692307693,0.060606060606060615
2195318,FFF,2013B,0.0,0.0,0.0
2195445,DDD,2013B,0.0,0.0,0.0
2196054,BBB,2013J,0.05,0.08333333333333333,0.0625
2196923,DDD,2014J,0.15,0.25,0.18749999999999997
2197016,AAA,2013J,0.25,0.29411764705882354,0.27027027027027023
2197175,FFF,2013J,0.25,0.07575757575757576,0.11627906976744187
2197511,FFF,2013B,0.05,0.03333333333333333,0.04
2197766,FFF,2014J,0.1,0.05555555555555555,0.07142857142857142
2198914,EEE,2014B,0.1,0.2222222222222222,0.13793103448275865
2198952,DDD,2013J,0.25,0.07462686567164178,0.11494252873563218
2199455,EEE,2013J,0.1,0.3333333333333333,0.15384615384615383
2201235,DDD,2014J,0.0,0.0,0.0
2202076,DDD,2013J,0.05,0.06666666666666667,0.05714285714285715
2204293,DDD,2013J,0.25,0.17857142857142858,0.20833333333333331
2204389,EEE,2014J,0.15,0.1875,0.16666666666666663
2205383,BBB,2013B,0.0,0.0,0.0
2207474,BBB,2014J,0.05,0.058823529411764705,0.05405405405405405
2207874,AAA,2014J,0.0,0.0,0.0
2208424,AAA,2013J,0.05,0.08333333333333333,0.0625
2209728,DDD,2013B,0.15,0.10714285714285714,0.125
2210318,BBB,2013B,0.0,0.0,0.0
2210989,DDD,2014B,0.1,0.07407407407407407,0.0851063829787234
2211797,CCC,2014B,0.15,0.15789473684210525,0.15384615384615385
2211797,EEE,2014J,0.0,0.0,0.0
2213424,BBB,2014B,0.1,0.13333333333333333,0.1142857142857143
2214631,BBB,2013J,0.1,0.18181818181818182,0.12903225806451613
2214722,GGG,2014J,0.05,1.0,0.09523809523809523
2215898,DDD,2013J,0.05,0.021739130434782608,0.030303030303030304
2216442,DDD,2014J,0.0,0.0,0.0
2216682,BBB,2014J,0.2,0.14285714285714285,0.16666666666666666
2216778,BBB,2014J,0.05,0.045454545454545456,0.04761904761904762
2218693,FFF,2013J,0.05,0.04,0.044444444444444446
2221654,EEE,2014J,0.3,0.6,0.4
2221869,BBB,2014B,0.0,0.0,0.0
2222615,FFF,2014B,0.15,0.08108108108108109,0.10526315789473685
2224174,DDD,2014J,0.05,0.023809523809523808,0.03225806451612903
2226202,DDD,2014J,0.0,0.0,0.0
2226301,BBB,2013J,0.0,0.0,0.0
2227568,BBB,2014J,0.15,0.0967741935483871,0.11764705882352941
2227786,DDD,2013B,0.0,0.0,0.0
2228010,BBB,2014J,0.05,0.08333333333333333,0.0625
2228601,BBB,2014J,0.05,0.05,0.05000000000000001
2229389,EEE,2014J,0.4,0.4,0.4000000000000001
2229783,BBB,2013J,0.1,0.4,0.16000000000000003
2229783,BBB,2014J,0.3,0.2,0.24
2229865,AAA,2013J,0.15,0.10714285714285714,0.125
2230251,EEE,2014J,0.2,0.4444444444444444,0.2758620689655173
2231018,DDD,2014B,0.4,0.1702127659574468,0.23880597014925373
2231512,DDD,2014J,0.0,0.0,0.0
2231614,BBB,2013B,0.05,0.07142857142857142,0.058823529411764705
2231810,FFF,2013B,0.1,0.08,0.08888888888888889
2231961,DDD,2013B,0.15,0.1,0.12
2232218,DDD,2013B,0.0,0.0,0.0
2232218,DDD,2013J,0.2,0.14285714285714285,0.16666666666666666
2232340,DDD,2014J,0.2,0.08163265306122448,0.11594202898550723
2236738,BBB,2013B,0.0,0.0,0.0
2237567,BBB,2014J,0.0,0.0,0.0
2238148,FFF,2013J,0.15,0.06382978723404255,0.08955223880597013
2239650,DDD,2013J,0.2,0.11428571428571428,0.14545454545454545
2239746,FFF,2013J,0.0,0.0,0.0
2239848,CCC,2014B,0.25,0.3125,0.2777777777777778
2240349,AAA,2014J,0.15,0.21428571428571427,0.1764705882352941
2242067,BBB,2014J,0.15,0.15,0.15
2242595,FFF,2014B,0.0,0.0,0.0
2242732,FFF,2014B,0.15,0.075,0.1
2243505,FFF,2013J,0.1,0.13333333333333333,0.1142857142857143
2243551,BBB,2013B,0.0,0.0,0.0
2243703,BBB,2014B,0.0,0.0,0.0
2244285,FFF,2014B,0.0,0.0,0.0
2244332,AAA,2014J,0.3,0.3333333333333333,0.3157894736842105
2244724,BBB,2013B,0.0,0.0,0.0
2246073,GGG,2013J,0.1,0.15384615384615385,0.12121212121212123
2247222,CCC,2014B,0.0,0.0,0.0
2248072,GGG,2013J,0.1,0.09090909090909091,0.09523809523809525
2248122,BBB,2014B,0.0,0.0,0.0
2248243,BBB,2014J,0.05,0.05555555555555555,0.052631578947368425
2248715,DDD,2013B,0.0,0.0,0.0
2248789,GGG,2013J,0.2,0.2222222222222222,0.2105263157894737
2249143,EEE,2014B,0.2,0.3076923076923077,0.24242424242424246
2249372,BBB,2013B,0.0,0.0,0.0
2250842,FFF,2013J,0.1,0.06060606060606061,0.07547169811320756
2251500,BBB,2014J,0.05,0.03125,0.038461538461538464
2252437,EEE,2013J,0.3,0.375,0.33333333333333326
2252750,DDD,2013J,0.15,0.07142857142857142,0.09677419354838708
2252765,FFF,2013J,0.0,0.0,0.0
2252963,GGG,2014B,0.1,0.14285714285714285,0.11764705882352941
2254252,FFF,2013B,0.05,0.038461538461538464,0.043478260869565216
2254271,GGG,2013J,0.1,0.07407407407407407,0.0851063829787234
2254619,BBB,2013B,0.05,0.09090909090909091,0.06451612903225806
2254637,FFF,2014J,0.05,0.025,0.03333333333333333
2255516,EEE,2013J,0.0,0.0,0.0
2255601,AAA,2013J,0.05,0.09090909090909091,0.06451612903225806
2256318,FFF,2014B,0.0,0.0,0.0
2257112,CCC,2014J,0.05,0.09090909090909091,0.06451612903225806
2257112,FFF,2014B,0.0,0.0,0.0
2257400,EEE,2014J,0.1,0.18181818181818182,0.12903225806451613
2257740,CCC,2014J,0.3,0.2,0.24
2257853,DDD,2014J,0.1,0.14285714285714285,0.11764705882352941
2258124,EEE,2014J,0.5,0.3125,0.38461538461538464
2259662,EEE,2014J,0.0,0.0,0.0
2260861,DDD,2014J,0.2,0.08333333333333333,0.11764705882352941
2261142,DDD,2014B,0.0,0.0,0.0
2262510,GGG,2014B,0.05,0.07142857142857142,0.058823529411764705
2264054,FFF,2014B,0.1,0.06666666666666667,0.08
2265935,DDD,2014B,0.0,0.0,0.0
2266889,DDD,2014B,0.0,0.0,0.0
2268379,AAA,2013J,0.05,0.058823529411764705,0.05405405405405405
2268380,GGG,2014J,0.1,0.15384615384615385,0.12121212121212123
2269480,BBB,2013B,0.0,0.0,0.0
2270562,GGG,2014J,0.15,0.16666666666666666,0.15789473684210525
2270880,FFF,2014B,0.0,0.0,0.0
2271264,GGG,2013J,0.05,0.07692307692307693,0.060606060606060615
2271644,BBB,2013J,0.0,0.0,0.0
2271766,GGG,2014J,0.35,0.3888888888888889,0.36842105263157887
2272474,GGG,2014B,0.15,0.15789473684210525,0.15384615384615385
2273828,BBB,2013B,0.0,0.0,0.0
2273828,BBB,2014B,0.55,0.10091743119266056,0.17054263565891473
2274542,FFF,2014J,0.15,0.09090909090909091,0.11320754716981132
2277009,CCC,2014J,0.3,0.125,0.17647058823529413
2277857,AAA,2014J,0.05,0.09090909090909091,0.06451612903225806
2278095,DDD,2014J,0.05,0.037037037037037035,0.0425531914893617
2278101,FFF,2014J,0.1,0.06451612903225806,0.0784313725490196
2278390,BBB,2014J,0.05,0.07142857142857142,0.058823529411764705
2278464,AAA,2013J,0.0,0.0,0.0
2279403,DDD,2014J,0.15,0.07894736842105263,0.10344827586206896
2279449,DDD,2013B,0.15,0.1111111111111111,0.12765957446808512
2280038,BBB,2013B,0.0,0.0,0.0
2280314,BBB,2013J,0.05,0.25,0.08333333333333334
2280643,GGG,2013J,0.05,0.05,0.05000000000000001
2281286,BBB,2014J,0.0,0.0,0.0
2281292,DDD,2013B,0.0,0.0,0.0
2281441,EEE,2014J,0.4,0.47058823529411764,0.4324324324324324
2281483,FFF,2013B,0.15,0.08108108108108109,0.10526315789473685
2282040,DDD,2013J,0.05,0.08333333333333333,0.0625
2284294,DDD,2013J,0.2,0.08,0.11428571428571428
2284583,BBB,2013J,0.05,0.045454545454545456,0.04761904761904762
2285156,GGG,2013J,0.1,0.11764705882352941,0.1081081081081081
2285405,DDD,2014J,0.0,0.0,0.0
2285527,CCC,2014J,0.05,0.09090909090909091,0.06451612903225806
2285527,DDD,2014J,0.1,0.08695652173913043,0.09302325581395349
2286312,FFF,2013J,0.25,0.09615384615384616,0.1388888888888889
2286544,EEE,2014J,0.1,0.16666666666666666,0.125
2286574,FFF,2013J,0.0,0.0,0.0
2288454,FFF,2013B,0.15,0.07317073170731707,0.09836065573770492
2288607,BBB,2013B,0.0,0.0,0.0
2289071,EEE,2014J,0.1,0.09523809523809523,0.0975609756097561
2289145,CCC,2014J,0.15,0.125,0.13636363636363635
2289847,DDD,2013J,0.1,0.08695652173913043,0.09302325581395349
2290090,BBB,2013B,0.0,0.0,0.0
2290267,FFF,2013J,0.05,0.034482758620689655,0.04081632653061224
2290604,DDD,2014J,0.05,0.029411764705882353,0.03703703703703704
2290883,FFF,2013J,0.05,0.014925373134328358,0.022988505747126436
2290886,EEE,2014J,0.25,0.38461538461538464,0.30303030303030304
2291598,BBB,2013B,0.2,0.15384615384615385,0.17391304347826086
2291760,BBB,2014B,0.0,0.0,0.0
2292724,DDD,2013J,0.15,0.10344827586206896,0.12244897959183673
2293443,BBB,2013B,0.05,0.047619047619047616,0.04878048780487805
2293511,FFF,2014J,0.05,0.0625,0.05555555555555556
2293923,AAA,2013J,0.05,0.2,0.08000000000000002
2296163,DDD,2013J,0.0,0.0,0.0
2296749,BBB,2013B,0.05,0.058823529411764705,0.05405405405405405
2297016,EEE,2014J,0.3,0.375,0.33333333333333326
2297896,AAA,2014J,0.05,0.16666666666666666,0.07692307692307691
2298106,FFF,2014J,0.1,0.05405405405405406,0.07017543859649122
2298895,CCC,2014B,0.15,0.23076923076923078,0.18181818181818185
2298895,FFF,2014J,0.15,0.061224489795918366,0.08695652173913043
2299338,BBB,2013J,0.0,0.0,0.0
2299808,FFF,2014B,0.05,0.030303030303030304,0.03773584905660378
2301511,DDD,2014B,0.0,0.0,0.0
2301830,FFF,2014J,0.05,0.03225806451612903,0.0392156862745098
2303413,FFF,2014B,0.1,0.06060606060606061,0.07547169811320756
2304417,FFF,2013J,0.1,0.09090909090909091,0.09523809523809525
2306016,FFF,2014B,0.15,0.16666666666666666,0.15789473684210525
2306410,FFF,2014J,0.05,0.03571428571428571,0.041666666666666664
2306519,DDD,2014B,0.1,0.05714285714285714,0.07272727272727272
2308026,BBB,2014B,0.0,0.0,0.0
2308528,BBB,2013B,0.1,0.18181818181818182,0.12903225806451613
2308564,BBB,2014B,0.0,0.0,0.0
2310615,DDD,2014J,0.1,0.058823529411764705,0.07407407407407408
2311714,GGG,2014J,0.4,0.36363636363636365,0.380952380952381
2312279,FFF,2013J,0.15,0.08571428571428572,0.10909090909090909
2312620,AAA,2013J,0.1,0.16666666666666666,0.125
2312809,DDD,2014B,0.1,0.11764705882352941,0.1081081081081081
2314761,DDD,2014J,0.0,0.0,0.0
2316201,CCC,2014J,0.15,0.0967741935483871,0.11764705882352941
2317273,BBB,2014B,0.0,0.0,0.0
2318055,AAA,2014J,0.0,0.0,0.0
2318161,BBB,2014J,0.0,0.0,0.0
2318763,BBB,2013J,0.0,0.0,0.0
2320306,BBB,2013J,0.05,0.043478260869565216,0.046511627906976744
2321660,BBB,2014J,0.0,0.0,0.0
2322342,BBB,2013B,0.05,0.09090909090909091,0.06451612903225806
2323944,FFF,2013J,0.15,0.06521739130434782,0.09090909090909091
2326041,CCC,2014J,0.95,0.11949685534591195,0.21229050279329612
2326475,FFF,2013J,0.15,0.1875,0.16666666666666663
2326597,EEE,2013J,0.15,0.23076923076923078,0.18181818181818185
2327045,DDD,2013J,0.1,0.044444444444444446,0.061538461538461535
2327072,BBB,2013B,0.0,0.0,0.0
2327472,CCC,2014J,0.35,0.12962962962962962,0.18918918918918917
2327472,DDD,2013J,0.15,0.1111111111111111,0.12765957446808512
2327494,FFF,2013B,0.1,0.15384615384615385,0.12121212121212123
2327494,FFF,2014B,0.15,0.08333333333333333,0.10714285714285714
2329342,AAA,2013J,0.05,0.07142857142857142,0.058823529411764705
2330254,AAA,2014J,0.0,0.0,0.0
2330534,DDD,2013B,0.0,0.0,0.0
2331750,EEE,2013J,0.15,0.25,0.18749999999999997
2332060,DDD,2013B,0.1,0.06060606060606061,0.07547169811320756
2332934,FFF,2014J,0.05,0.0625,0.05555555555555556
2333156,CCC,2014J,0.2,0.13793103448275862,0.16326530612244897
2333244,DDD,2014J,0.15,0.14285714285714285,0.14634146341463414
2333415,BBB,2014J,0.05,0.043478260869565216,0.046511627906976744
2334319,BBB,2013J,0.0,0.0,0.0
2334930,BBB,2014B,0.15,0.25,0.18749999999999997
2336550,BBB,2013B,0.0,0.0,0.0
2336922,DDD,2014B,0.25,0.1,0.14285714285714288
2337362,FFF,2014B,0.05,0.034482758620689655,0.04081632653061224
2337889,FFF,2013J,0.15,0.1,0.12
2338255,FFF,2013B,0.05,0.037037037037037035,0.0425531914893617
2338290,DDD,2014J,0.4,0.09195402298850575,0.14953271028037382
2338422,FFF,2013B,0.35,0.1044776119402985,0.16091954022988506
2338586,BBB,2013J,0.05,0.06666666666666667,0.05714285714285715
2339267,FFF,2014J,0.05,0.03225806451612903,0.0392156862745098
2339333,CCC,2014J,0.0,0.0,0.0
2339528,AAA,2013J,0.05,0.0625,0.05555555555555556
2339789,DDD,2014J,0.15,0.14285714285714285,0.14634146341463414
2340165,BBB,2014B,0.0,0.0,0.0
2340230,DDD,2013J,0.1,0.05128205128205128,0.06779661016949151
2340746,FFF,2013J,0.05,0.08333333333333333,0.0625
2340786,CCC,2014J,0.35,0.16279069767441862,0.22222222222222227
2340786,DDD,2013J,0.25,0.08771929824561403,0.12987012987012986
2341415,FFF,2013B,0.05,0.043478260869565216,0.046511627906976744
2341420,FFF,2014J,0.05,0.058823529411764705,0.05405405405405405
2341830,DDD,2014J,0.1,0.06060606060606061,0.07547169811320756
2342399,DDD,2013J,0.0,0.0,0.0
2342426,AAA,2013J,0.0,0.0,0.0
2343293,FFF,2013B,0.0,0.0,0.0
2343337,FFF,2013J,0.1,0.09090909090909091,0.09523809523809525
2343354,GGG,2013J,0.1,0.2222222222222222,0.13793103448275865
2343413,BBB,2014B,0.0,0.0,0.0
2343785,FFF,2014J,0.15,0.0967741935483871,0.11764705882352941
2343809,DDD,2014B,0.05,0.07142857142857142,0.058823529411764705
2344901,AAA,2013J,0.05,0.2,0.08000000000000002
2344957,FFF,2013J,0.35,0.0875,0.13999999999999999
2345438,FFF,2014B,0.05,0.03571428571428571,0.041666666666666664
2345751,CCC,2014J,0.15,0.0967741935483871,0.11764705882352941
2345900,FFF,2013J,0.2,0.09090909090909091,0.12500000000000003
2346145,BBB,2014J,0.05,0.045454545454545456,0.04761904761904762
2346679,FFF,2013B,0.05,0.02857142857142857,0.03636363636363636
2347802,CCC,2014B,0.05,0.045454545454545456,0.04761904761904762
2348111,DDD,2013B,0.05,0.058823529411764705,0.05405405405405405
2348961,DDD,2014B,0.05,0.037037037037037035,0.0425531914893617
2350300,DDD,2013B,0.0,0.0,0.0
2351589,GGG,2014B,0.2,0.23529411764705882,0.2162162162162162
2351969,FFF,2014J,0.1,0.03389830508474576,0.05063291139240507
2352280,FFF,2013B,0.15,0.07894736842105263,0.10344827586206896
2352407,EEE,2014J,0.3,0.42857142857142855,0.3529411764705882
2353764,BBB,2014J,0.0,0.0,0.0
2354732,FFF,2013B,0.0,0.0,0.0
2355274,EEE,2014J,0.45,0.375,0.4090909090909091
2355470,AAA,2014J,0.05,0.09090909090909091,0.06451612903225806
2356318,DDD,2014B,0.05,0.16666666666666666,0.07692307692307691
2356801,DDD,2013J,0.15,0.047619047619047616,0.07228915662650602
2356809,BBB,2013J,0.15,0.125,0.13636363636363635
2357019,DDD,2014J,0.05,0.047619047619047616,0.04878048780487805
2357629,FFF,2013J,0.1,0.05128205128205128,0.06779661016949151
2358056,AAA,2013J,0.35,0.19444444444444445,0.25
2358258,CCC,2014J,0.05,0.07692307692307693,0.060606060606060615
2358423,DDD,2013B,0.05,0.043478260869565216,0.046511627906976744
2358707,DDD,2013J,0.05,0.03125,0.038461538461538464
2358969,AAA,2014J,0.0,0.0,0.0
2359191,DDD,2013J,0.05,0.058823529411764705,0.05405405405405405
2360322,FFF,2013J,0.05,0.03333333333333333,0.04
2360559,FFF,2014J,0.05,0.05,0.05000000000000001
2361633,CCC,2014J,0.2,0.0975609756097561,0.13114754098360656
2362169,FFF,2013B,0.05,0.058823529411764705,0.05405405405405405
2363168,BBB,2014J,0.2,0.18181818181818182,0.1904761904761905
2363863,AAA,2014J,0.25,0.12195121951219512,0.16393442622950818
2363875,BBB,2013J,0.0,0.0,0.0
2364160,FFF,2013J,0.0,0.0,0.0
2364471,AAA,2013J,0.1,0.08,0.08888888888888889
2364565,FFF,2013B,0.2,0.13333333333333333,0.16
2364637,EEE,2014B,0.05,0.2,0.08000000000000002
2364905,FFF,2013J,0.15,0.07894736842105263,0.10344827586206896
2365602,GGG,2013J,0.15,0.0967741935483871,0.11764705882352941
2366024,DDD,2013J,0.0,0.0,0.0
2366117,CCC,2014J,0.25,0.15625,0.19230769230769232
2366656,FFF,2014J,0.2,0.14285714285714285,0.16666666666666666
2367155,AAA,2013J,0.05,0.05263157894736842,0.05128205128205128
2369187,GGG,2013J,0.0,0.0,0.0
2369266,AAA,2013J,0.1,0.1111111111111111,0.10526315789473685
2369415,AAA,2014J,0.05,0.14285714285714285,0.07407407407407408
2372788,FFF,2013J,0.05,0.01818181818181818,0.02666666666666667
2373245,GGG,2014J,0.05,0.09090909090909091,0.06451612903225806
2374002,FFF,2013J,0.25,0.078125,0.11904761904761904
2374404,DDD,2013B,0.05,0.08333333333333333,0.0625
2375123,DDD,2013B,0.0,0.0,0.0
2375123,DDD,2013J,0.0,0.0,0.0
2375627,DDD,2013J,0.1,0.06060606060606061,0.07547169811320756
2375759,BBB,2014J,0.25,0.1388888888888889,0.17857142857142858
2375975,AAA,2014J,0.1,0.25,0.14285714285714288
2376496,AAA,2013J,0.1,0.15384615384615385,0.12121212121212123
2376512,CCC,2014J,0.05,0.08333333333333333,0.0625
2376512,EEE,2014B,0.15,0.42857142857142855,0.2222222222222222
2376628,BBB,2013B,0.0,0.0,0.0
2377567,BBB,2013B,0.2,0.16666666666666666,0.1818181818181818
2377623,DDD,2013B,0.2,0.1111111111111111,0.14285714285714285
2377769,DDD,2013J,0.2,0.09523809523809523,0.12903225806451613
2378208,FFF,2014J,0.2,0.07142857142857142,0.10526315789473682
2378591,GGG,2014J,0.0,0.0,0.0
2379431,GGG,2013J,0.0,0.0,0.0
2379512,FFF,2013J,0.15,0.07894736842105263,0.10344827586206896
2380539,BBB,2013B,0.05,0.03125,0.038461538461538464
2381845,DDD,2013B,0.0,0.0,0.0
2382048,DDD,2013J,0.05,0.047619047619047616,0.04878048780487805
2382253,BBB,2013J,0.0,0.0,0.0
2383036,DDD,2013J,0.2,0.09523809523809523,0.12903225806451613
2383307,FFF,2014B,0.2,0.06557377049180328,0.09876543209876544
2383780,FFF,2013J,0.05,0.04,0.044444444444444446
2383921,FFF,2013B,0.0,0.0,0.0
2383983,CCC,2014J,0.15,0.07692307692307693,0.1016949152542373
2384819,BBB,2013B,0.0,0.0,0.0
2385665,BBB,2014J,0.15,0.23076923076923078,0.18181818181818185
2386281,GGG,2013J,0.05,0.1,0.06666666666666667
2386732,FFF,2014J,0.2,0.07142857142857142,0.10526315789473682
2387054,FFF,2013B,0.1,0.08,0.08888888888888889
2388623,CCC,2014J,0.1,0.2,0.13333333333333333
2388623,DDD,2013B,0.0,0.0,0.0
2389267,FFF,2013B,0.15,0.06818181818181818,0.09374999999999999
2389754,EEE,2013J,0.1,0.2222222222222222,0.13793103448275865
2390117,BBB,2013J,0.05,0.05555555555555555,0.052631578947368425
2391004,CCC,2014B,0.3,0.1875,0.23076923076923075
2391004,EEE,2014B,0.3,0.5,0.37499999999999994
2391689,DDD,2014J,0.05,0.0625,0.05555555555555556
2391984,AAA,2013J,0.05,0.1,0.06666666666666667
2392327,FFF,2013B,0.0,0.0,0.0
2392554,GGG,2014B,0.1,0.2222222222222222,0.13793103448275865
2392789,BBB,2014B,0.0,0.0,0.0
2392824,BBB,2013J,0.1,0.1111111111111111,0.10526315789473685
2393230,FFF,2013J,0.0,0.0,0.0
2393261,FFF,2013J,0.0,0.0,0.0
2393945,CCC,2014J,0.25,0.14705882352941177,0.18518518518518517
2394090,CCC,2014J,0.15,0.07894736842105263,0.10344827586206896
2394090,DDD,2014B,0.1,0.03333333333333333,0.05
2395804,FFF,2013B,0.05,0.027777777777777776,0.03571428571428571
2396381,FFF,2013J,0.0,0.0,0.0
2396471,DDD,2014J,0.25,0.1724137931034483,0.20408163265306123
2396643,DDD,2014J,0.0,0.0,0.0
2396985,CCC,2014J,0.2,0.09523809523809523,0.12903225806451613
2397661,AAA,2014J,0.3,0.16216216216216217,0.2105263157894737
2398313,AAA,2014J,0.15,0.23076923076923078,0.18181818181818185
2399758,FFF,2014J,0.1,0.06451612903225806,0.0784313725490196
2400764,DDD,2013B,0.0,0.0,0.0
2400764,DDD,2014J,0.0,0.0,0.0
2400851,BBB,2013J,0.05,0.038461538461538464,0.043478260869565216
2401304,BBB,2014J,0.1,0.07407407407407407,0.0851063829787234
2403701,FFF,2014J,0.05,0.014492753623188406,0.02247191011235955
2405934,CCC,2014J,0.2,0.19047619047619047,0.1951219512195122
2406709,DDD,2013B,0.15,0.16666666666666666,0.15789473684210525
2407594,BBB,2014J,0.1,0.11764705882352941,0.1081081081081081
2408307,EEE,2013J,0.15,0.2727272727272727,0.19354838709677416
2410519,CCC,2014B,0.05,0.07142857142857142,0.058823529411764705
2410519,FFF,2014B,0.1,0.038461538461538464,0.05555555555555555
2410544,BBB,2014J,0.1,0.15384615384615385,0.12121212121212123
2410609,CCC,2014J,0.0,0.0,0.0
2410632,EEE,2014J,0.05,0.16666666666666666,0.07692307692307691
2411595,BBB,2013J,0.1,0.13333333333333333,0.1142857142857143
2411661,AAA,2013J,0.0,0.0,0.0
2411773,FFF,2013J,0.1,0.06666666666666667,0.08
2412002,AAA,2013J,0.15,0.2,0.17142857142857143
2412152,FFF,2013J,0.4,0.06896551724137931,0.1176470588235294
2412967,AAA,2013J,0.0,0.0,0.0
2413037,CCC,2014J,0.1,0.6666666666666666,0.1739130434782609
2413191,FFF,2013B,0.1,0.04878048780487805,0.06557377049180328
2414973,DDD,2014B,0.05,0.0625,0.05555555555555556
2415414,BBB,2013J,0.25,0.19230769230769232,0.2173913043478261
2415436,FFF,2013J,0.1,0.08,0.08888888888888889
2415480,DDD,2014B,0.15,0.07317073170731707,0.09836065573770492
2415526,CCC,2014J,0.1,0.08333333333333333,0.0909090909090909
2416024,DDD,2013J,0.1,0.08,0.08888888888888889
2416424,DDD,2014B,0.0,0.0,0.0
2416501,DDD,2014B,0.35,0.12962962962962962,0.18918918918918917
2416774,BBB,2013J,0.05,0.09090909090909091,0.06451612903225806
2417433,FFF,2014J,0.0,0.0,0.0
2417702,GGG,2013J,0.15,0.1875,0.16666666666666663
2417975,FFF,2014J,0.05,0.030303030303030304,0.03773584905660378
2418045,DDD,2013B,0.1,0.07692307692307693,0.08695652173913043
2418277,DDD,2014J,0.0,0.0,0.0
2418580,DDD,2013B,0.1,0.09090909090909091,0.09523809523809525
2418732,CCC,2014B,0.1,0.1,0.10000000000000002
2418732,EEE,2013J,0.25,0.38461538461538464,0.30303030303030304
2419115,CCC,2014B,0.05,0.034482758620689655,0.04081632653061224
2419926,FFF,2013B,0.05,0.034482758620689655,0.04081632653061224
2420364,GGG,2013J,0.05,0.125,0.07142857142857144
2420725,BBB,2014B,0.0,0.0,0.0
2420909,BBB,2013J,0.15,0.21428571428571427,0.1764705882352941
2421961,CCC,2014B,0.05,0.2,0.08000000000000002
2421961,CCC,2014J,0.0,0.0,0.0
2421961,DDD,2013J,0.05,0.047619047619047616,0.04878048780487805
2423002,FFF,2013J,0.05,0.021739130434782608,0.030303030303030304
2423655,DDD,2014J,0.0,0.0,0.0
2424257,FFF,2014J,0.0,0.0,0.0
2424750,FFF,2013B,0.0,0.0,0.0
2425156,BBB,2013J,0.05,0.0625,0.05555555555555556
2425993,AAA,2014J,0.15,0.1875,0.16666666666666663
2426332,FFF,2014B,0.05,0.041666666666666664,0.04545454545454545
2426864,BBB,2014J,0.0,0.0,0.0
2427845,FFF,2014J,0.2,0.08695652173913043,0.12121212121212122
2428341,BBB,2014J,0.0,0.0,0.0
2430070,DDD,2013J,0.1,0.0625,0.07692307692307693
2430405,DDD,2013J,0.0,0.0,0.0
2432551,BBB,2014J,0.0,0.0,0.0
2432655,DDD,2014J,0.0,0.0,0.0
2432796,AAA,2014J,0.1,0.2222222222222222,0.13793103448275865
2433069,CCC,2014B,0.2,0.15384615384615385,0.17391304347826086
2433221,CCC,2014B,0.35,0.25925925925925924,0.29787234042553196
2434159,AAA,2014J,0.0,0.0,0.0
2434339,EEE,2014B,0.15,0.3,0.2
2434369,DDD,2013J,0.25,0.07692307692307693,0.11764705882352941
2434666,CCC,2014J,0.15,0.375,0.21428571428571425
2435726,EEE,2013J,0.1,0.18181818181818182,0.12903225806451613
2435795,FFF,2013J,0.2,0.12903225806451613,0.1568627450980392
2436400,DDD,2014B,0.15,0.06,0.08571428571428572
2436711,BBB,2014J,0.15,0.11538461538461539,0.13043478260869565
2436812,AAA,2014J,0.05,0.3333333333333333,0.08695652173913045
2437065,DDD,2013J,0.0,0.0,0.0
2437591,EEE,2014J,0.15,0.25,0.18749999999999997
2437837,AAA,2013J,0.1,0.1,0.10000000000000002
2437930,FFF,2014B,0.0,0.0,0.0
2438784,FFF,2014J,0.1,0.07407407407407407,0.0851063829787234
2439201,BBB,2013B,0.05,0.2,0.08000000000000002
2439239,FFF,2013B,0.15,0.21428571428571427,0.1764705882352941
2440301,FFF,2013J,0.05,0.034482758620689655,0.04081632653061224
2440756,BBB,2014B,0.05,0.16666666666666666,0.07692307692307691
2441910,FFF,2013B,0.05,0.07692307692307693,0.060606060606060615
2442423,EEE,2014J,0.15,0.375,0.21428571428571425
2442685,BBB,2013B,0.0,0.0,0.0
2444088,BBB,2013B,0.05,0.05,0.05000000000000001
2444501,BBB,2014B,0.05,0.5,0.09090909090909091
2444632,DDD,2013B,0.05,0.041666666666666664,0.04545454545454545
2444641,BBB,2013J,0.1,0.16666666666666666,0.125
2444705,BBB,2014J,0.1,0.09090909090909091,0.09523809523809525
2445085,FFF,2013J,0.0,0.0,0.0
2445410,FFF,2013B,0.2,0.09523809523809523,0.12903225806451613
2445562,GGG,2014B,0.15,0.12,0.1333333333333333
2446109,DDD,2013J,0.05,0.030303030303030304,0.03773584905660378
2446144,BBB,2013B,0.0,0.0,0.0
2446599,BBB,2014B,0.0,0.0,0.0
2446694,BBB,2014J,0.05,0.3333333333333333,0.08695652173913045
2449399,BBB,2014J,0.1,0.1,0.10000000000000002
2449819,FFF,2013J,0.05,0.047619047619047616,0.04878048780487805
2449878,AAA,2013J,0.1,0.0625,0.07692307692307693
2450600,DDD,2014B,0.2,0.08888888888888889,0.12307692307692307
2450650,DDD,2014B,0.0,0.0,0.0
2451003,DDD,2014B,0.05,0.09090909090909091,0.06451612903225806
2451269,BBB,2013J,0.05,0.08333333333333333,0.0625
2451523,CCC,2014J,0.15,0.12,0.1333333333333333
2451672,DDD,2013B,0.05,0.1111111111111111,0.06896551724137932
2451726,EEE,2013J,0.05,0.16666666666666666,0.07692307692307691
2452045,GGG,2014B,0.05,0.3333333333333333,0.08695652173913045
2452289,BBB,2013J,0.0,0.0,0.0
2452606,FFF,2013J,0.05,0.1111111111111111,0.06896551724137932
2452902,DDD,2014B,0.0,0.0,0.0
2453691,EEE,2014J,0.35,0.5384615384615384,0.4242424242424242
2454653,FFF,2013J,0.1,0.07407407407407407,0.0851063829787234
2454878,FFF,2013J,0.05,0.018518518518518517,0.02702702702702703
2454933,DDD,2013B,0.0,0.0,0.0
2455066,BBB,2013J,0.05,0.038461538461538464,0.043478260869565216
2455578,BBB,2013J,0.15,0.125,0.13636363636363635
2455893,EEE,2014B,0.15,0.25,0.18749999999999997
2456431,GGG,2014J,0.15,0.42857142857142855,0.2222222222222222
2456480,AAA,2013J,0.0,0.0,0.0
2456612,DDD,2013B,0.25,0.10204081632653061,0.14492753623188406
2457147,FFF,2013B,0.2,0.0975609756097561,0.13114754098360656
2457256,AAA,2013J,0.05,0.05555555555555555,0.052631578947368425
2457440,FFF,2014J,0.2,0.21052631578947367,0.20512820512820512
2457907,DDD,2013J,0.0,0.0,0.0
2458203,GGG,2013J,0.05,0.07142857142857142,0.058823529411764705
2458355,AAA,2013J,0.05,0.05,0.05000000000000001
2458925,CCC,2014J,0.2,0.15384615384615385,0.17391304347826086
2458984,BBB,2013B,0.0,0.0,0.0
2459292,FFF,2014J,0.05,0.05263157894736842,0.05128205128205128
2459418,DDD,2014J,0.0,0.0,0.0
2459878,DDD,2013B,0.05,0.125,0.07142857142857144
2460080,AAA,2013J,0.2,0.14285714285714285,0.16666666666666666
2460752,DDD,2013B,0.1,0.05405405405405406,0.07017543859649122
2460775,DDD,2014B,0.05,0.07142857142857142,0.058823529411764705
2461936,DDD,2013J,0.15,0.08823529411764706,0.11111111111111112
2462576,BBB,2014J,0.0,0.0,0.0
2462584,GGG,2013J,0.1,0.1111111111111111,0.10526315789473685
2462607,CCC,2014J,0.05,0.037037037037037035,0.0425531914893617
2462628,CCC,2014J,0.0,0.0,0.0
2462628,DDD,2013J,0.05,0.04,0.044444444444444446
2462862,CCC,2014J,0.0,0.0,0.0
2463213,BBB,2013J,0.2,0.09523809523809523,0.12903225806451613
2463950,BBB,2013J,0.0,0.0,0.0
2464118,CCC,2014J,0.1,0.16666666666666666,0.125
2464118,EEE,2014J,0.2,0.4,0.26666666666666666
2464386,CCC,2014J,0.1,0.13333333333333333,0.1142857142857143
2464683,BBB,2013J,0.15,0.21428571428571427,0.1764705882352941
2464963,BBB,2013B,0.0,0.0,0.0
2465105,FFF,2013J,0.0,0.0,0.0
2465589,FFF,2013J,0.1,0.2,0.13333333333333333
2465876,DDD,2013B,0.15,0.06976744186046512,0.09523809523809525
2467267,AAA,2014J,0.0,0.0,0.0
2468232,FFF,2013J,0.0,0.0,0.0
2468280,BBB,2013J,0.0,0.0,0.0
2468706,BBB,2013J,0.1,0.125,0.11111111111111112
2469321,FFF,2013J,0.2,0.058823529411764705,0.0909090909090909
2469673,AAA,2013J,0.0,0.0,0.0
2469688,CCC,2014J,0.15,0.15,0.15
2469688,FFF,2013J,0.05,0.03571428571428571,0.041666666666666664
2470326,FFF,2014J,0.0,0.0,0.0
2470672,BBB,2013B,0.0,0.0,0.0
2470694,AAA,2013J,0.0,0.0,0.0
2470694,AAA,2014J,0.0,0.0,0.0
2471283,CCC,2014B,0.2,0.16666666666666666,0.1818181818181818
2471673,DDD,2014J,0.15,0.1875,0.16666666666666663
2472033,FFF,2013J,0.05,0.030303030303030304,0.03773584905660378
2472132,FFF,2013J,0.1,0.046511627906976744,0.06349206349206349
2472145,DDD,2013J,0.1,0.2,0.13333333333333333
2472178,EEE,2014B,0.15,0.3333333333333333,0.20689655172413793
2473025,DDD,2014B,0.15,0.09375,0.11538461538461538
2473456,DDD,2013J,0.2,0.0851063829787234,0.11940298507462686
2473538,AAA,2014J,0.25,0.14285714285714285,0.18181818181818182
2473780,BBB,2013J,0.05,0.043478260869565216,0.046511627906976744
2474006,EEE,2013J,0.05,0.5,0.09090909090909091
2474995,EEE,2013J,0.0,0.0,0.0
2475591,BBB,2014J,0.15,0.0967741935483871,0.11764705882352941
2475780,BBB,2013B,0.0,0.0,0.0
2476144,BBB,2014B,0.1,0.1111111111111111,0.10526315789473685
2476409,DDD,2014J,0.0,0.0,0.0
2476649,BBB,2013B,0.0,0.0,0.0
2476998,DDD,2013B,0.1,0.125,0.11111111111111112
2477052,DDD,2013J,0.1,0.046511627906976744,0.06349206349206349
2477792,DDD,2013J,0.0,0.0,0.0
2479413,FFF,2013B,0.15,0.075,0.1
2479954,AAA,2013J,0.05,0.16666666666666666,0.07692307692307691
2480886,FFF,2014J,0.0,0.0,0.0
2481224,BBB,2013B,0.0,0.0,0.0
2481482,FFF,2014B,0.05,0.0625,0.05555555555555556
2481629,DDD,2014J,0.05,0.045454545454545456,0.04761904761904762
2481646,FFF,2013B,0.05,0.034482758620689655,0.04081632653061224
2481765,BBB,2013B,0.05,0.07692307692307693,0.060606060606060615
2481901,AAA,2013J,0.15,0.21428571428571427,0.1764705882352941
2482700,AAA,2013J,0.15,0.21428571428571427,0.1764705882352941
2482710,FFF,2014J,0.15,0.05263157894736842,0.0779220779220779
2482885,GGG,2013J,0.05,0.1,0.06666666666666667
2482994,BBB,2014B,0.0,0.0,0.0
2483179,BBB,2013B,0.0,0.0,0.0
2483568,BBB,2013B,0.0,0.0,0.0
2484726,DDD,2014J,0.25,0.14285714285714285,0.18181818181818182
2485582,DDD,2013J,0.0,0.0,0.0
2485655,EEE,2013J,0.4,0.5,0.4444444444444445
2486127,AAA,2013J,0.05,0.06666666666666667,0.05714285714285715
2486159,BBB,2014J,0.05,0.08333333333333333,0.0625
2486769,DDD,2013J,0.05,0.02702702702702703,0.03508771929824561
2486930,FFF,2014J,0.05,0.0625,0.05555555555555556
2487430,BBB,2014J,0.0,0.0,0.0
2487541,BBB,2013B,0.05,0.25,0.08333333333333334
2487573,BBB,2014J,0.1,0.10526315789473684,0.10256410256410256
2487785,BBB,2014B,0.0,0.0,0.0
2487982,FFF,2013J,0.35,0.11666666666666667,0.175
2487990,EEE,2013J,0.15,0.6,0.24
2488251,FFF,2013B,0.1,0.06896551724137931,0.08163265306122448
2488382,CCC,2014B,0.0,0.0,0.0
2492219,FFF,2014B,0.1,0.07692307692307693,0.08695652173913043
2492787,FFF,2014B,0.0,0.0,0.0
2492827,EEE,2014B,0.1,0.2222222222222222,0.13793103448275865
2494258,BBB,2014J,0.05,0.05555555555555555,0.052631578947368425
2494306,DDD,2014J,0.0,0.0,0.0
2494507,CCC,2014B,0.15,0.2727272727272727,0.19354838709677416
2494700,AAA,2014J,0.15,0.15789473684210525,0.15384615384615385
2494999,DDD,2013J,0.1,0.09090909090909091,0.09523809523809525
2496748,FFF,2013B,0.05,0.0625,0.05555555555555556
2497624,BBB,2014J,0.15,0.17647058823529413,0.16216216216216214
2498139,GGG,2013J,0.15,0.25,0.18749999999999997
2498299,BBB,2013B,0.05,0.058823529411764705,0.05405405405405405
2498388,CCC,2014B,0.35,0.28,0.3111111111111111
2498388,DDD,2013B,0.15,0.125,0.13636363636363635
2498614,EEE,2014J,0.0,0.0,0.0
2498700,AAA,2013J,0.1,0.07142857142857142,0.08333333333333333
2499307,DDD,2013B,0.05,0.1111111111111111,0.06896551724137932
2499307,FFF,2014J,0.1,0.05128205128205128,0.06779661016949151
2499525,DDD,2014J,0.1,0.05263157894736842,0.06896551724137931
2499779,CCC,2014J,0.05,0.045454545454545456,0.04761904761904762
2500064,CCC,2014J,0.05,0.16666666666666666,0.07692307692307691
2500149,FFF,2013J,0.05,0.02631578947368421,0.034482758620689655
2500258,AAA,2014J,0.2,0.2857142857142857,0.23529411764705882
2501768,DDD,2013B,0.1,0.07407407407407407,0.0851063829787234
2502127,BBB,2014B,0.05,0.08333333333333333,0.0625
2502504,DDD,2013B,0.0,0.0,0.0
2502516,DDD,2014B,0.1,0.0625,0.07692307692307693
2502707,DDD,2014B,0.0,0.0,0.0
2503063,CCC,2014B,0.0,0.0,0.0
2503063,FFF,2013J,0.0,0.0,0.0
2503273,DDD,2014B,0.1,0.05,0.06666666666666667
2503799,FFF,2014B,0.1,0.06060606060606061,0.07547169811320756
2505299,EEE,2013J,0.1,0.2222222222222222,0.13793103448275865
2505501,DDD,2013B,0.1,0.18181818181818182,0.12903225806451613
2505859,DDD,2013J,0.15,0.10344827586206896,0.12244897959183673
2507993,DDD,2014J,0.05,0.07142857142857142,0.058823529411764705
2508153,GGG,2014J,0.2,0.2857142857142857,0.23529411764705882
2508785,DDD,2013B,0.05,0.041666666666666664,0.04545454545454545
2509321,DDD,2014J,0.05,0.045454545454545456,0.04761904761904762
2509639,AAA,2014J,0.25,0.11904761904761904,0.16129032258064516
2510414,BBB,2013J,0.05,0.16666666666666666,0.07692307692307691
2510667,FFF,2013B,0.2,0.1,0.13333333333333333
2511519,BBB,2014J,0.0,0.0,0.0
2511859,GGG,2013J,0.15,0.25,0.18749999999999997
2512392,BBB,2013B,0.0,0.0,0.0
2512392,BBB,2013J,0.1,0.06451612903225806,0.0784313725490196
2513245,DDD,2013B,0.0,0.0,0.0
2513954,BBB,2014B,0.0,0.0,0.0
2513997,CCC,2014B,0.1,0.13333333333333333,0.1142857142857143
2514044,BBB,2014B,0.0,0.0,0.0
2514368,AAA,2014J,0.0,0.0,0.0
2514379,BBB,2013J,0.0,0.0,0.0
2514431,FFF,2013B,0.05,0.02857142857142857,0.03636363636363636
2514898,AAA,2014J,0.5,0.3225806451612903,0.39215686274509803
2514949,FFF,2013B,0.05,0.02631578947368421,0.034482758620689655
2516163,FFF,2014B,0.15,0.061224489795918366,0.08695652173913043
2516503,AAA,2013J,0.1,0.1111111111111111,0.10526315789473685
2516931,GGG,2013J,0.0,0.0,0.0
2516939,DDD,2014J,0.1,0.11764705882352941,0.1081081081081081
2517389,CCC,2014J,0.0,0.0,0.0
2517864,BBB,2013B,0.05,0.08333333333333333,0.0625
2518069,AAA,2013J,0.3,0.375,0.33333333333333326
2518653,BBB,2013B,0.05,0.058823529411764705,0.05405405405405405
2519138,FFF,2014J,0.05,0.024390243902439025,0.03278688524590164
2519972,GGG,2013J,0.3,0.25,0.2727272727272727
2520290,BBB,2014J,0.05,0.037037037037037035,0.0425531914893617
2520539,CCC,2014J,0.25,0.20833333333333334,0.22727272727272727
2520649,BBB,2014J,0.0,0.0,0.0
2520868,DDD,2013J,0.0,0.0,0.0
2521459,AAA,2013J,0.2,0.16,0.17777777777777778
2521655,FFF,2013B,0.1,0.07692307692307693,0.08695652173913043
2521745,BBB,2013B,0.05,0.058823529411764705,0.05405405405405405
2521865,AAA,2014J,0.05,0.0625,0.05555555555555556
2522093,BBB,2013B,0.15,0.14285714285714285,0.14634146341463414
2522335,FFF,2013B,0.05,0.02857142857142857,0.03636363636363636
2522927,AAA,2014J,0.1,0.18181818181818182,0.12903225806451613
2522932,CCC,2014B,0.0,0.0,0.0
2522932,CCC,2014J,0.0,0.0,0.0
2522932,DDD,2013J,0.05,0.05263157894736842,0.05128205128205128
2523035,FFF,2013J,0.05,0.03571428571428571,0.041666666666666664
2523350,BBB,2014B,0.0,0.0,0.0
2523736,AAA,2013J,0.05,0.09090909090909091,0.06451612903225806
2523915,FFF,2014B,0.1,0.09523809523809523,0.0975609756097561
2523989,BBB,2014B,0.05,0.05555555555555555,0.052631578947368425
2524127,BBB,2013B,0.1,0.16666666666666666,0.125
2524295,BBB,2014B,0.0,0.0,0.0
2525062,FFF,2013B,0.05,0.038461538461538464,0.043478260869565216
2525964,DDD,2014J,0.0,0.0,0.0
2526485,GGG,2014B,0.1,0.14285714285714285,0.11764705882352941
2526493,CCC,2014B,0.15,0.1875,0.16666666666666663
2526537,FFF,2013J,0.0,0.0,0.0
2526784,BBB,2014B,0.0,0.0,0.0
2527066,DDD,2014J,0.2,0.08695652173913043,0.12121212121212122
2528966,BBB,2013B,0.05,0.05,0.05000000000000001
2529279,AAA,2013J,0.05,0.07692307692307693,0.060606060606060615
2529306,BBB,2013J,0.0,0.0,0.0
2529419,FFF,2014J,0.2,0.14285714285714285,0.16666666666666666
2529663,CCC,2014B,0.05,0.06666666666666667,0.05714285714285715
2530976,FFF,2014J,0.0,0.0,0.0
2531031,BBB,2013B,0.1,0.06896551724137931,0.08163265306122448
2532302,AAA,2013J,0.1,0.09090909090909091,0.09523809523809525
2532320,FFF,2013B,0.0,0.0,0.0
2532322,DDD,2013B,0.05,0.05555555555555555,0.052631578947368425
2532323,FFF,2013B,0.0,0.0,0.0
2532647,BBB,2013J,0.0,0.0,0.0
2532785,FFF,2014B,0.1,0.04878048780487805,0.06557377049180328
2533195,GGG,2014J,0.1,0.25,0.14285714285714288
2533383,EEE,2014J,0.15,0.3333333333333333,0.20689655172413793
2533391,BBB,2014B,0.05,0.08333333333333333,0.0625
2533407,GGG,2014B,0.2,0.26666666666666666,0.2285714285714286
2533504,FFF,2013B,0.2,0.10810810810810811,0.14035087719298245
2534165,FFF,2013J,0.05,0.02,0.02857142857142857
2534954,BBB,2014B,0.1,0.25,0.14285714285714288
2535666,EEE,2014J,0.15,0.21428571428571427,0.1764705882352941
2536991,AAA,2013J,0.05,0.1111111111111111,0.06896551724137932
2537695,DDD,2013B,0.0,0.0,0.0
2537777,FFF,2014J,0.25,0.1388888888888889,0.17857142857142858
2537898,EEE,2013J,0.1,0.3333333333333333,0.15384615384615383
2538792,EEE,2014J,0.15,0.42857142857142855,0.2222222222222222
2539641,BBB,2014B,0.0,0.0,0.0
2539858,BBB,2013J,0.15,0.1,0.12
2540168,AAA,2014J,0.0,0.0,0.0
2540195,DDD,2013J,0.0,0.0,0.0
2540362,BBB,2013B,0.0,0.0,0.0
2540724,BBB,2013J,0.0,0.0,0.0
2540871,FFF,2014J,0.0,0.0,0.0
2540922,DDD,2013B,0.05,0.02631578947368421,0.034482758620689655
2541120,BBB,2013B,0.05,0.07692307692307693,0.060606060606060615
2541388,BBB,2014B,0.1,0.09090909090909091,0.09523809523809525
2542116,DDD,2014J,0.0,0.0,0.0
2542182,EEE,2014J,0.2,0.36363636363636365,0.25806451612903225
2542209,FFF,2014J,0.15,0.07692307692307693,0.1016949152542373
2542291,GGG,2013J,0.05,0.07142857142857142,0.058823529411764705
2542431,FFF,2013J,0.0,0.0,0.0
2542803,DDD,2013J,0.0,0.0,0.0
2542803,DDD,2014J,0.0,0.0,0.0
2543208,FFF,2013J,0.05,0.03125,0.038461538461538464
2543600,DDD,2013B,0.1,0.043478260869565216,0.06060606060606061
2544448,BBB,2013J,0.05,1.0,0.09523809523809523
2544643,FFF,2014J,0.15,0.075,0.1
2544766,FFF,2014J,0.15,0.06382978723404255,0.08955223880597013
2545047,BBB,2014J,0.0,0.0,0.0
2545113,CCC,2014B,0.15,0.17647058823529413,0.16216216216216214
2545629,FFF,2014B,0.1,0.07142857142857142,0.08333333333333333
2545923,FFF,2013J,0.05,0.03571428571428571,0.041666666666666664
2546095,FFF,2013B,0.05,0.045454545454545456,0.04761904761904762
2546315,FFF,2014J,0.25,0.16666666666666666,0.2
2547321,DDD,2013B,0.05,0.037037037037037035,0.0425531914893617
2547402,DDD,2013B,0.1,0.06896551724137931,0.08163265306122448
2548055,FFF,2013J,0.15,0.04838709677419355,0.07317073170731707
2548877,CCC,2014B,0.25,0.29411764705882354,0.27027027027027023
2549875,DDD,2013B,0.05,0.043478260869565216,0.046511627906976744
2549939,DDD,2013B,0.2,0.10810810810810811,0.14035087719298245
2550054,DDD,2013J,0.05,0.08333333333333333,0.0625
2550279,AAA,2013J,0.0,0.0,0.0
2550946,DDD,2014B,0.0,0.0,0.0
2550960,EEE,2014J,0.05,0.2,0.08000000000000002
2551220,AAA,2013J,0.1,0.13333333333333333,0.1142857142857143
2551797,AAA,2014J,0.0,0.0,0.0
2551932,AAA,2014J,0.0,0.0,0.0
2552412,CCC,2014J,0.15,0.15789473684210525,0.15384615384615385
2552472,AAA,2013J,0.0,0.0,0.0
2552672,DDD,2013J,0.05,0.02631578947368421,0.034482758620689655
2552708,BBB,2014J,0.05,0.047619047619047616,0.04878048780487805
2553363,FFF,2013B,0.0,0.0,0.0
2553890,BBB,2013J,0.0,0.0,0.0
2554552,FFF,2014B,0.05,0.023809523809523808,0.03225806451612903
2554973,DDD,2013J,0.0,0.0,0.0
2555225,FFF,2013J,0.05,0.03225806451612903,0.0392156862745098
2555340,AAA,2013J,0.1,0.13333333333333333,0.1142857142857143
2555596,DDD,2013J,0.15,0.11538461538461539,0.13043478260869565
2556060,CCC,2014B,0.3,0.2,0.24
2556345,DDD,2013J,0.05,0.2,0.08000000000000002
2557008,FFF,2014J,0.05,0.03125,0.038461538461538464
2557283,AAA,2013J,0.05,0.05,0.05000000000000001
2557563,CCC,2014J,0.0,0.0,0.0
2558071,CCC,2014J,0.25,0.13513513513513514,0.1754385964912281
2558365,FFF,2014J,0.05,0.3333333333333333,0.08695652173913045
2558463,DDD,2014B,0.2,0.0784313725490196,0.11267605633802816
2559144,CCC,2014J,0.1,0.06060606060606061,0.07547169811320756
2559144,FFF,2014J,0.25,0.07142857142857142,0.11111111111111112
2559575,AAA,2013J,0.1,0.15384615384615385,0.12121212121212123
2560520,DDD,2014J,0.05,0.03125,0.038461538461538464
2560595,FFF,2013B,0.05,0.03125,0.038461538461538464
2560868,DDD,2013J,0.0,0.0,0.0
2561313,FFF,2014B,0.0,0.0,0.0
2561811,DDD,2013J,0.05,0.08333333333333333,0.0625
2561811,DDD,2014J,0.05,0.037037037037037035,0.0425531914893617
2561862,FFF,2014B,0.1,0.0392156862745098,0.05633802816901408
2561971,GGG,2013J,0.0,0.0,0.0
2562034,AAA,2013J,0.1,0.4,0.16000000000000003
2563095,FFF,2014J,0.35,0.12280701754385964,0.1818181818181818
2563715,GGG,2014B,0.2,0.17391304347826086,0.18604651162790697
2564333,EEE,2013J,0.15,0.2727272727272727,0.19354838709677416
2564619,FFF,2014B,0.05,0.045454545454545456,0.04761904761904762
2564711,CCC,2014B,0.05,0.058823529411764705,0.05405405405405405
2564744,BBB,2013J,0.05,0.3333333333333333,0.08695652173913045
2566163,AAA,2013J,0.0,0.0,0.0
2566592,AAA,2013J,0.05,0.05555555555555555,0.052631578947368425
2567038,CCC,2014B,0.0,0.0,0.0
2567038,EEE,2014B,0.0,0.0,0.0
2567054,FFF,2013B,0.1,0.05555555555555555,0.07142857142857142
2567158,BBB,2013J,0.05,0.16666666666666666,0.07692307692307691
2567561,FFF,2013B,0.05,0.05555555555555555,0.052631578947368425
2567571,FFF,2013J,0.3,0.1111111111111111,0.16216216216216217
2567715,BBB,2014J,0.05,0.1111111111111111,0.06896551724137932
2568059,BBB,2014B,0.0,0.0,0.0
2569051,DDD,2013J,0.05,0.1,0.06666666666666667
2569163,BBB,2013B,0.05,0.2,0.08000000000000002
2569324,AAA,2014J,0.1,0.2,0.13333333333333333
2569416,DDD,2013J,0.1,0.08,0.08888888888888889
2569834,EEE,2013J,0.05,0.2,0.08000000000000002
2569942,FFF,2014B,0.1,0.06451612903225806,0.0784313725490196
2570092,BBB,2014B,0.0,0.0,0.0
2570253,DDD,2013J,0.15,0.08333333333333333,0.10714285714285714
2570274,DDD,2014J,0.05,0.030303030303030304,0.03773584905660378
2570396,BBB,2014J,0.1,0.11764705882352941,0.1081081081081081
2570929,FFF,2014B,0.15,0.06976744186046512,0.09523809523809525
2571054,BBB,2014B,0.05,0.08333333333333333,0.0625
2571497,DDD,2013B,0.1,0.07692307692307693,0.08695652173913043
2572441,FFF,2013J,0.05,0.043478260869565216,0.046511627906976744
2574365,BBB,2014B,0.05,0.125,0.07142857142857144
2574528,AAA,2013J,0.05,0.043478260869565216,0.046511627906976744
2574583,AAA,2013J,0.1,0.2222222222222222,0.13793103448275865
2574909,EEE,2013J,0.2,0.3076923076923077,0.24242424242424246
2574990,AAA,2014J,0.1,0.2,0.13333333333333333
2575119,FFF,2014B,0.05,0.2,0.08000000000000002
2575914,BBB,2013B,0.0,0.0,0.0
2575914,BBB,2014B,0.05,0.125,0.07142857142857144
2575994,BBB,2013J,0.05,0.08333333333333333,0.0625
2576637,BBB,2014J,0.1,0.1,0.10000000000000002
2577893,EEE,2014B,0.05,0.07142857142857142,0.058823529411764705
2578532,BBB,2014J,0.0,0.0,0.0
2578676,AAA,2014J,0.05,0.09090909090909091,0.06451612903225806
2578802,BBB,2013J,0.1,0.14285714285714285,0.11764705882352941
2578992,FFF,2013B,0.05,0.045454545454545456,0.04761904761904762
2578995,AAA,2013J,0.1,0.2222222222222222,0.13793103448275865
2578996,FFF,2013B,0.05,0.05,0.05000000000000001
2579401,FFF,2013J,0.3,0.18181818181818182,0.22641509433962265
2579459,BBB,2013B,0.05,0.07692307692307693,0.060606060606060615
2579673,BBB,2013J,0.0,0.0,0.0
2579891,FFF,2014J,0.1,0.045454545454545456,0.06250000000000001
2580196,FFF,2013J,0.0,0.0,0.0
2580439,BBB,2013B,0.1,0.15384615384615385,0.12121212121212123
2580545,FFF,2013J,0.05,0.023255813953488372,0.031746031746031744
2580626,BBB,2014J,0.05,0.05263157894736842,0.05128205128205128
2581477,AAA,2014J,0.25,0.18518518518518517,0.2127659574468085
2581528,BBB,2013B,0.0,0.0,0.0
2581536,FFF,2014B,0.15,0.0967741935483871,0.11764705882352941
2581603,CCC,2014B,0.15,0.375,0.21428571428571425
2581654,FFF,2014B,0.05,0.045454545454545456,0.04761904761904762
2581779,DDD,2013J,0.05,0.02127659574468085,0.029850746268656716
2581822,DDD,2013B,0.0,0.0,0.0
2581822,DDD,2013J,0.2,0.14814814814814814,0.1702127659574468
2583791,BBB,2013J,0.15,0.12,0.1333333333333333
2584244,FFF,2014J,0.15,0.09090909090909091,0.11320754716981132
2584834,BBB,2013J,0.0,0.0,0.0
2584873,AAA,2014J,0.2,0.23529411764705882,0.2162162162162162
2585270,DDD,2013J,0.1,0.045454545454545456,0.06250000000000001
2585285,DDD,2013B,0.25,0.14705882352941177,0.18518518518518517
2585330,FFF,2014B,0.05,0.03125,0.038461538461538464
2585937,BBB,2013J,0.0,0.0,0.0
2586560,AAA,2013J,0.05,0.07692307692307693,0.060606060606060615
2587329,BBB,2013J,0.0,0.0,0.0
2588201,CCC,2014B,0.05,0.09090909090909091,0.06451612903225806
2588201,EEE,2013J,0.05,0.09090909090909091,0.06451612903225806
2588215,DDD,2014B,0.0,0.0,0.0
2588543,DDD,2014B,0.2,0.14814814814814814,0.1702127659574468
2588655,DDD,2014J,0.0,0.0,0.0
2588742,BBB,2013J,0.05,0.14285714285714285,0.07407407407407408
2589352,FFF,2014B,0.1,0.044444444444444446,0.061538461538461535
2590189,EEE,2013J,0.15,0.375,0.21428571428571425
2590564,BBB,2014B,0.0,0.0,0.0
2590864,DDD,2014J,0.05,0.05,0.05000000000000001
2590999,FFF,2013B,0.1,0.15384615384615385,0.12121212121212123
2591421,BBB,2013B,0.0,0.0,0.0
2591421,BBB,2013J,0.1,0.09090909090909091,0.09523809523809525
2591974,BBB,2014B,0.0,0.0,0.0
2592923,BBB,2014B,0.0,0.0,0.0
2592973,EEE,2014J,0.35,0.7,0.4666666666666667
2593689,CCC,2014J,0.0,0.0,0.0
2593755,CCC,2014J,0.1,0.14285714285714285,0.11764705882352941
2593920,CCC,2014J,0.05,0.1111111111111111,0.06896551724137932
2594139,AAA,2013J,0.05,0.09090909090909091,0.06451612903225806
2594368,BBB,2014J,0.0,0.0,0.0
2594888,DDD,2013B,0.0,0.0,0.0
2595204,CCC,2014J,0.0,0.0,0.0
2595457,DDD,2014J,0.0,0.0,0.0
2595641,FFF,2013J,0.15,0.2,0.17142857142857143
2595665,EEE,2014B,0.05,0.25,0.08333333333333334
2595730,DDD,2014J,0.1,0.05405405405405406,0.07017543859649122
2595841,AAA,2014J,0.0,0.0,0.0
2596553,CCC,2014J,0.1,0.4,0.16000000000000003
2596621,AAA,2014J,0.15,0.2,0.17142857142857143
2596621,FFF,2013J,0.0,0.0,0.0
2597117,FFF,2014J,0.25,0.08196721311475409,0.12345679012345678
2597543,BBB,2014B,0.0,0.0,0.0
2598509,EEE,2013J,0.1,0.5,0.16666666666666669
2598871,AAA,2013J,0.0,0.0,0.0
2598961,CCC,2014J,0.15,0.08823529411764706,0.11111111111111112
2598961,EEE,2013J,0.4,0.47058823529411764,0.4324324324324324
2599179,EEE,2014J,0.35,0.5,0.4117647058823529
2599352,AAA,2013J,0.05,0.04,0.044444444444444446
2599784,BBB,2014J,0.15,0.11538461538461539,0.13043478260869565
2599817,GGG,2013J,0.2,0.21052631578947367,0.20512820512820512
2599883,CCC,2014J,0.15,0.125,0.13636363636363635
2599883,FFF,2014J,0.15,0.15789473684210525,0.15384615384615385
2600688,AAA,2013J,0.0,0.0,0.0
2600862,EEE,2014B,0.1,0.4,0.16000000000000003
2600887,FFF,2013B,0.2,0.06779661016949153,0.10126582278481014
2601889,AAA,2014J,0.0,0.0,0.0
2602235,DDD,2013J,0.0,0.0,0.0
2602264,CCC,2014B,0.1,0.08,0.08888888888888889
2602264,FFF,2013J,0.1,0.05128205128205128,0.06779661016949151
2602338,AAA,2014J,0.05,0.25,0.08333333333333334
2602486,DDD,2013B,0.0,0.0,0.0
2602542,FFF,2014J,0.1,0.06666666666666667,0.08
2602679,BBB,2014B,0.0,0.0,0.0
2602809,BBB,2013B,0.05,0.08333333333333333,0.0625
2603027,FFF,2014J,0.1,0.05,0.06666666666666667
2603195,CCC,2014B,0.0,0.0,0.0
2603195,EEE,2014B,0.0,0.0,0.0
2604212,FFF,2013B,0.2,0.08,0.11428571428571428
2604856,EEE,2013J,0.2,0.4444444444444444,0.2758620689655173
2604975,FFF,2014B,0.05,0.03333333333333333,0.04
2605337,DDD,2014J,0.0,0.0,0.0
2606098,AAA,2013J,0.05,0.05,0.05000000000000001
2606636,FFF,2014B,0.2,0.10256410256410256,0.13559322033898302
2606765,GGG,2014J,0.15,0.25,0.18749999999999997
2606802,AAA,2014J,0.05,0.1,0.06666666666666667
2606871,DDD,2013J,0.0,0.0,0.0
2606890,FFF,2014B,0.15,0.05660377358490566,0.0821917808219178
2607641,BBB,2013J,0.1,0.18181818181818182,0.12903225806451613
2607824,EEE,2013J,0.35,0.5,0.4117647058823529
2607849,CCC,2014B,0.25,0.14285714285714285,0.18181818181818182
2608235,BBB,2013B,0.1,0.09523809523809523,0.0975609756097561
2608453,BBB,2013B,0.1,0.14285714285714285,0.11764705882352941
2608626,DDD,2014B,0.1,0.047619047619047616,0.06451612903225806
2608828,EEE,2013J,0.15,0.21428571428571427,0.1764705882352941
2609069,CCC,2014J,0.0,0.0,0.0
2609908,CCC,2014B,0.1,0.2,0.13333333333333333
2609908,DDD,2014B,0.0,0.0,0.0
2610745,BBB,2014J,0.1,0.2222222222222222,0.13793103448275865
2611371,DDD,2014B,0.0,0.0,0.0
2611512,BBB,2014J,0.1,0.4,0.16000000000000003
2611779,DDD,2013B,0.1,0.25,0.14285714285714288
2612069,DDD,2014J,0.1,0.25,0.14285714285714288
2612102,FFF,2014J,0.3,0.1016949152542373,0.1518987341772152
2612342,DDD,2014J,0.05,0.07692307692307693,0.060606060606060615
2612483,BBB,2013B,0.1,0.11764705882352941,0.1081081081081081
2612561,DDD,2013J,0.15,0.07317073170731707,0.09836065573770492
2613116,AAA,2013J,0.05,0.0625,0.05555555555555556
2613219,EEE,2014B,0.05,1.0,0.09523809523809523
2613296,DDD,2013J,0.1,0.09090909090909091,0.09523809523809525
2613331,CCC,2014B,0.3,0.3157894736842105,0.3076923076923077
2613746,FFF,2013J,0.05,0.02857142857142857,0.03636363636363636
2613930,FFF,2013B,0.25,0.12195121951219512,0.16393442622950818
2614093,CCC,2014J,0.05,0.09090909090909091,0.06451612903225806
2614277,FFF,2013J,0.0,0.0,0.0
2614777,BBB,2014J,0.05,0.05555555555555555,0.052631578947368425
2615169,DDD,2014J,0.0,0.0,0.0
2615849,EEE,2013J,0.05,0.1111111111111111,0.06896551724137932
2615892,DDD,2013B,0.45,0.12,0.1894736842105263
2615956,DDD,2014J,0.05,0.09090909090909091,0.06451612903225806
2616787,BBB,2013B,0.05,0.047619047619047616,0.04878048780487805
2616950,CCC,2014B,0.1,0.1,0.10000000000000002
2616950,EEE,2013J,0.05,0.1,0.06666666666666667
2616978,FFF,2014B,0.2,0.10810810810810811,0.14035087719298245
2617002,AAA,2013J,0.05,0.038461538461538464,0.043478260869565216
2617541,FFF,2013B,0.1,0.05,0.06666666666666667
2617596,BBB,2013B,0.15,0.08823529411764706,0.11111111111111112
2617635,EEE,2013J,0.3,0.75,0.4285714285714285
2617839,BBB,2013J,0.0,0.0,0.0
2617999,BBB,2013B,0.05,0.08333333333333333,0.0625
2619025,CCC,2014J,0.2,0.08163265306122448,0.11594202898550723
2619025,EEE,2013J,0.05,0.125,0.07142857142857144
2619107,BBB,2013J,0.05,0.05,0.05000000000000001
2619496,DDD,2014B,0.0,0.0,0.0
2620178,BBB,2013B,0.0,0.0,0.0
2620661,CCC,2014J,0.1,0.16666666666666666,0.125
2620661,EEE,2014B,0.25,0.45454545454545453,0.3225806451612903
2620930,FFF,2014B,0.15,0.07692307692307693,0.1016949152542373
2620947,GGG,2014J,0.3,0.24,0.2666666666666666
2621695,GGG,2013J,0.1,0.16666666666666666,0.125
2621734,FFF,2013J,0.05,0.03125,0.038461538461538464
2622441,CCC,2014J,0.2,0.09302325581395349,0.12698412698412698
2622441,DDD,2014J,0.0,0.0,0.0
2622465,BBB,2013B,0.0,0.0,0.0
2622627,EEE,2014J,0.05,0.16666666666666666,0.07692307692307691
2622652,BBB,2014J,0.15,0.10344827586206896,0.12244897959183673
2623196,FFF,2013B,0.15,0.05263157894736842,0.0779220779220779
2623263,CCC,2014B,0.1,0.10526315789473684,0.10256410256410256
2623263,EEE,2013J,0.0,0.0,0.0
2623427,FFF,2013B,0.15,0.057692307692307696,0.08333333333333334
2623496,FFF,2013J,0.15,0.15,0.15
2623656,BBB,2014J,0.1,0.08695652173913043,0.09302325581395349
2624028,FFF,2014J,0.1,0.07407407407407407,0.0851063829787234
2624040,DDD,2013J,0.05,0.045454545454545456,0.04761904761904762
2624720,DDD,2013B,0.05,0.1111111111111111,0.06896551724137932
2624961,AAA,2014J,0.05,0.16666666666666666,0.07692307692307691
2625693,EEE,2013J,0.15,0.25,0.18749999999999997
2626179,DDD,2013B,0.05,0.06666666666666667,0.05714285714285715
2626779,EEE,2014J,0.2,0.4444444444444444,0.2758620689655173
2627449,DDD,2013J,0.05,0.025,0.03333333333333333
2627992,EEE,2014J,0.4,0.4,0.4000000000000001
2631298,BBB,2014J,0.05,1.0,0.09523809523809523
2631703,CCC,2014B,0.05,0.07692307692307693,0.060606060606060615
2632165,EEE,2014B,0.15,0.3333333333333333,0.20689655172413793
2633226,AAA,2014J,0.15,0.14285714285714285,0.14634146341463414
2633235,DDD,2013B,0.1,0.05555555555555555,0.07142857142857142
2634319,BBB,2014J,0.1,0.1,0.10000000000000002
2634868,FFF,2013J,0.15,0.057692307692307696,0.08333333333333334
2635163,DDD,2013J,0.0,0.0,0.0
2635505,BBB,2013B,0.0,0.0,0.0
2635829,BBB,2013B,0.0,0.0,0.0
2636225,DDD,2013B,0.1,0.1111111111111111,0.10526315789473685
2636696,BBB,2014B,0.0,0.0,0.0
2636885,DDD,2013J,0.0,0.0,0.0
2637000,EEE,2014J,0.05,0.5,0.09090909090909091
2637219,DDD,2014B,0.1,0.08333333333333333,0.0909090909090909
2637912,CCC,2014J,0.0,0.0,0.0
2638377,BBB,2013J,0.0,0.0,0.0
2638403,BBB,2014J,0.05,0.06666666666666667,0.05714285714285715
2638532,GGG,2013J,0.15,0.23076923076923078,0.18181818181818185
2638818,BBB,2013J,0.0,0.0,0.0
2639115,EEE,2014J,0.25,0.4166666666666667,0.3125
2639310,CCC,2014B,0.25,0.2,0.22222222222222224
2639310,DDD,2013J,0.1,0.05555555555555555,0.07142857142857142
2639319,FFF,2013J,0.15,0.09090909090909091,0.11320754716981132
2639449,AAA,2013J,0.1,0.1,0.10000000000000002
2639451,DDD,2013B,0.15,0.15789473684210525,0.15384615384615385
2639540,AAA,2013J,0.15,0.15,0.15
2639611,BBB,2013B,0.1,0.09090909090909091,0.09523809523809525
2639641,AAA,2013J,0.05,0.08333333333333333,0.0625
2640992,DDD,2013B,0.1,0.2857142857142857,0.14814814814814817
2641155,AAA,2013J,0.05,0.06666666666666667,0.05714285714285715
2641156,FFF,2014J,0.2,0.12903225806451613,0.1568627450980392
2641254,EEE,2013J,0.1,0.25,0.14285714285714288
2641364,EEE,2013J,0.2,0.3076923076923077,0.24242424242424246
2641393,BBB,2013B,0.15,0.14285714285714285,0.14634146341463414
2641486,CCC,2014B,0.0,0.0,0.0
2641657,BBB,2014B,0.0,0.0,0.0
2641682,BBB,2014B,0.0,0.0,0.0
2641935,DDD,2014J,0.1,0.06896551724137931,0.08163265306122448
2642029,BBB,2013B,0.05,0.05,0.05000000000000001
2642532,FFF,2014J,0.0,0.0,0.0
2642616,AAA,2014J,0.15,0.2,0.17142857142857143
2642697,EEE,2014B,0.1,0.2222222222222222,0.13793103448275865
2642717,BBB,2013J,0.05,0.125,0.07142857142857144
2642830,DDD,2013B,0.15,0.1111111111111111,0.12765957446808512
2642935,AAA,2014J,0.15,0.16666666666666666,0.15789473684210525
2643002,AAA,2013J,0.05,0.03571428571428571,0.041666666666666664
2643007,BBB,2014B,0.15,0.05357142857142857,0.07894736842105263
2643028,DDD,2014B,0.05,0.03333333333333333,0.04
2643122,GGG,2013J,0.15,0.21428571428571427,0.1764705882352941
2643472,FFF,2014J,0.2,0.1111111111111111,0.14285714285714285
2643555,DDD,2013J,0.05,0.03225806451612903,0.0392156862745098
2643574,FFF,2013B,0.05,0.023809523809523808,0.03225806451612903
2643777,DDD,2013B,0.15,0.15789473684210525,0.15384615384615385
2644404,CCC,2014B,0.1,0.125,0.11111111111111112
2644404,EEE,2014J,0.15,0.3333333333333333,0.20689655172413793
2645061,BBB,2013B,0.0,0.0,0.0
2645731,GGG,2014J,0.25,0.2,0.22222222222222224
2645733,AAA,2013J,0.2,0.14814814814814814,0.1702127659574468
2646291,DDD,2013J,0.15,0.1,0.12
2646317,FFF,2013B,0.45,0.06976744186046512,0.1208053691275168
2646737,DDD,2014J,0.05,0.07692307692307693,0.060606060606060615
2647043,FFF,2013B,0.0,0.0,0.0
2647226,DDD,2013B,0.05,0.021739130434782608,0.030303030303030304
2647314,EEE,2014B,0.25,0.38461538461538464,0.30303030303030304
2647893,CCC,2014J,0.3,0.13953488372093023,0.1904761904761905
2648035,DDD,2014B,0.0,0.0,0.0
2648187,GGG,2014J,0.1,0.16666666666666666,0.125
2648611,AAA,2014J,0.1,0.2,0.13333333333333333
2649800,AAA,2014J,0.1,0.13333333333333333,0.1142857142857143
2649826,AAA,2013J,0.0,0.0,0.0
2649914,GGG,2014B,0.1,0.125,0.11111111111111112
2649947,BBB,2013B,0.1,0.13333333333333333,0.1142857142857143
2649948,FFF,2014J,0.15,0.07894736842105263,0.10344827586206896
2650282,AAA,2013J,0.1,0.15384615384615385,0.12121212121212123
2650337,DDD,2014J,0.05,0.07692307692307693,0.060606060606060615
2650555,FFF,2013J,0.0,0.0,0.0
2650741,CCC,2014J,0.1,0.14285714285714285,0.11764705882352941
2650741,DDD,2013J,0.1,0.10526315789473684,0.10256410256410256
2652209,BBB,2014B,0.05,0.07142857142857142,0.058823529411764705
2654302,BBB,2013B,0.1,0.2,0.13333333333333333
2654409,FFF,2013B,0.0,0.0,0.0
2654628,AAA,2014J,0.05,0.1111111111111111,0.06896551724137932
2654928,EEE,2014J,0.1,0.16666666666666666,0.125
2655370,FFF,2013J,0.1,0.05714285714285714,0.07272727272727272
2655683,DDD,2013B,0.15,0.17647058823529413,0.16216216216216214
2655763,CCC,2014J,0.05,0.1,0.06666666666666667
2656100,GGG,2013J,0.15,0.17647058823529413,0.16216216216216214
2657781,FFF,2013B,0.05,0.014925373134328358,0.022988505747126436
2657913,FFF,2014J,0.0,0.0,0.0
2657915,EEE,2013J,0.1,0.2,0.13333333333333333
2658277,GGG,2014B,0.15,0.42857142857142855,0.2222222222222222
2658314,CCC,2014J,0.15,0.15789473684210525,0.15384615384615385
2658856,FFF,2014J,0.05,0.030303030303030304,0.03773584905660378
2658898,DDD,2013J,0.15,0.09375,0.11538461538461538
2659042,BBB,2014B,0.05,0.06666666666666667,0.05714285714285715
2659530,DDD,2014B,0.0,0.0,0.0
2659556,CCC,2014B,0.0,0.0,0.0
2659650,FFF,2014B,0.05,0.14285714285714285,0.07407407407407408
2660408,DDD,2014B,0.0,0.0,0.0
2660510,BBB,2014J,0.1,0.15384615384615385,0.12121212121212123
2661162,DDD,2014B,0.1,0.07407407407407407,0.0851063829787234
2661827,FFF,2014B,0.1,0.07407407407407407,0.0851063829787234
2661870,DDD,2013B,0.0,0.0,0.0
2662152,DDD,2014J,0.1,0.06666666666666667,0.08
2662178,DDD,2013J,0.15,0.08571428571428572,0.10909090909090909
2663010,DDD,2013J,0.0,0.0,0.0
2663131,FFF,2013J,0.05,0.05,0.05000000000000001
2663195,EEE,2014J,0.0,0.0,0.0
2664024,AAA,2013J,0.0,0.0,0.0
2665399,CCC,2014B,0.1,0.14285714285714285,0.11764705882352941
2666213,FFF,2014B,0.05,0.03225806451612903,0.0392156862745098
2666246,AAA,2013J,0.05,0.0625,0.05555555555555556
2666577,DDD,2013B,0.05,0.034482758620689655,0.04081632653061224
2666831,FFF,2014B,0.05,0.029411764705882353,0.03703703703703704
2667478,FFF,2014J,0.05,0.07142857142857142,0.058823529411764705
2668106,CCC,2014J,0.1,0.08,0.08888888888888889
2668945,DDD,2013J,0.0,0.0,0.0
2668945,DDD,2014J,0.1,0.15384615384615385,0.12121212121212123
2669206,DDD,2013B,0.15,0.0967741935483871,0.11764705882352941
2669736,DDD,2014B,0.05,0.023809523809523808,0.03225806451612903
2669816,AAA,2013J,0.0,0.0,0.0
2669995,DDD,2014B,0.05,0.03225806451612903,0.0392156862745098
2670300,BBB,2014J,0.1,0.13333333333333333,0.1142857142857143
2670570,GGG,2013J,0.25,0.29411764705882354,0.27027027027027023
2671132,AAA,2013J,0.1,0.18181818181818182,0.12903225806451613
2671469,DDD,2013J,0.05,0.06666666666666667,0.05714285714285715
2672138,GGG,2014B,0.3,0.3157894736842105,0.3076923076923077
2672686,DDD,2013B,0.35,0.1590909090909091,0.21875
2674773,FFF,2014B,0.05,0.025,0.03333333333333333
2675343,DDD,2014B,0.0,0.0,0.0
2676920,FFF,2013B,0.15,0.08571428571428572,0.10909090909090909
2677097,DDD,2013J,0.0,0.0,0.0
2677135,GGG,2014B,0.0,0.0,0.0
2677210,DDD,2014J,0.1,0.05714285714285714,0.07272727272727272
2677541,BBB,2014B,0.0,0.0,0.0
2677541,BBB,2014J,0.05,0.05,0.05000000000000001
2677624,AAA,2014J,0.15,0.1875,0.16666666666666663
2677955,DDD,2013B,0.05,0.0625,0.05555555555555556
2678380,DDD,2014J,0.05,0.0625,0.05555555555555556
2678429,FFF,2013B,0.15,0.13636363636363635,0.14285714285714282
2678643,AAA,2013J,0.05,0.05,0.05000000000000001
2679386,GGG,2013J,0.2,0.23529411764705882,0.2162162162162162
2680312,AAA,2014J,0.15,0.2,0.17142857142857143
2680344,BBB,2013J,0.1,0.10526315789473684,0.10256410256410256
2680380,FFF,2013J,0.05,0.03571428571428571,0.041666666666666664
2680742,CCC,2014B,0.05,0.08333333333333333,0.0625
2680885,BBB,2013J,0.0,0.0,0.0
2680988,DDD,2014J,0.0,0.0,0.0
2681198,DDD,2013J,0.05,1.0,0.09523809523809523
2681198,FFF,2014J,0.2,0.13793103448275862,0.16326530612244897
2681270,FFF,2014B,0.15,0.06666666666666667,0.09230769230769231
2681471,DDD,2013J,0.0,0.0,0.0
2681783,BBB,2014B,0.1,0.13333333333333333,0.1142857142857143
2681940,BBB,2014J,0.15,0.21428571428571427,0.1764705882352941
2682002,GGG,2014B,0.1,0.09523809523809523,0.0975609756097561
2682682,FFF,2014J,0.05,0.027777777777777776,0.03571428571428571
2683836,DDD,2013B,0.1,0.09090909090909091,0.09523809523809525
2683857,FFF,2014J,0.15,0.08108108108108109,0.10526315789473685
2684003,GGG,2014J,0.15,0.3333333333333333,0.20689655172413793
2684043,DDD,2014J,0.0,0.0,0.0
2684847,DDD,2014B,0.0,0.0,0.0
2684993,FFF,2013B,0.0,0.0,0.0
2685247,BBB,2014J,0.1,0.2857142857142857,0.14814814814814817
2685827,DDD,2014B,0.2,0.125,0.15384615384615385
2685831,BBB,2013B,0.15,0.21428571428571427,0.1764705882352941
2685863,DDD,2014J,0.1,0.04,0.05714285714285714
2685865,AAA,2013J,0.0,0.0,0.0
2686035,FFF,2014J,0.0,0.0,0.0
2686053,EEE,2014J,0.15,0.3,0.2
2686074,FFF,2013B,0.15,0.08571428571428572,0.10909090909090909
2686536,FFF,2013J,0.05,0.043478260869565216,0.046511627906976744
2686578,CCC,2014B,0.25,0.18518518518518517,0.2127659574468085
2686578,DDD,2013J,0.1,0.045454545454545456,0.06250000000000001
2686609,FFF,2013J,0.1,0.06666666666666667,0.08
2686712,CCC,2014J,0.0,0.0,0.0
2686712,EEE,2014J,0.05,1.0,0.09523809523809523
2686865,DDD,2014B,0.0,0.0,0.0
2686875,FFF,2013B,0.05,0.037037037037037035,0.0425531914893617
2687378,BBB,2014B,0.15,0.15789473684210525,0.15384615384615385
2687858,BBB,2014J,0.05,0.05263157894736842,0.05128205128205128
2687989,FFF,2013J,0.05,0.043478260869565216,0.046511627906976744
2688067,AAA,2013J,0.1,0.125,0.11111111111111112
2688166,AAA,2014J,0.0,0.0,0.0
2688495,BBB,2014J,0.15,0.125,0.13636363636363635
2688692,DDD,2014B,0.1,0.10526315789473684,0.10256410256410256
2688945,BBB,2014J,0.05,0.07692307692307693,0.060606060606060615
2689210,FFF,2014B,0.15,0.09375,0.11538461538461538
2689480,GGG,2014B,0.15,0.15789473684210525,0.15384615384615385
2689536,DDD,2013B,0.0,0.0,0.0
2689863,DDD,2014J,0.0,0.0,0.0
2689958,AAA,2013J,0.1,0.08,0.08888888888888889
2691100,BBB,2013J,0.05,0.05,0.05000000000000001
2691206,AAA,2013J,0.1,0.1111111111111111,0.10526315789473685
2691244,AAA,2013J,0.05,0.125,0.07142857142857144
2691267,CCC,2014J,0.15,0.1,0.12
2691566,BBB,2013J,0.0,0.0,0.0
2691740,FFF,2013B,0.1,0.125,0.11111111111111112
2691861,CCC,2014J,0.05,0.07692307692307693,0.060606060606060615
2692186,DDD,2013J,0.0,0.0,0.0
2692327,CCC,2014B,0.1,0.10526315789473684,0.10256410256410256
2692384,BBB,2013B,0.0,0.0,0.0
2692514,AAA,2014J,0.0,0.0,0.0
2692577,DDD,2014B,0.0,0.0,0.0
2692948,DDD,2014B,0.1,0.05405405405405406,0.07017543859649122
2692969,BBB,2014J,0.1,0.10526315789473684,0.10256410256410256
2693243,DDD,2013B,0.45,0.16981132075471697,0.2465753424657534
2693932,FFF,2014J,0.05,0.0625,0.05555555555555556
2694424,AAA,2013J,0.05,0.07692307692307693,0.060606060606060615
2694886,DDD,2014B,0.15,0.08571428571428572,0.10909090909090909
2694919,BBB,2014J,0.0,0.0,0.0
2694933,DDD,2013B,0.15,0.07894736842105263,0.10344827586206896
2695362,GGG,2014B,0.1,0.2,0.13333333333333333
2695608,DDD,2013J,0.1,0.0425531914893617,0.05970149253731343
2696376,DDD,2014B,0.05,0.125,0.07142857142857144
2697181,CCC,2014B,0.05,0.25,0.08333333333333334
2697630,FFF,2014B,0.05,0.041666666666666664,0.04545454545454545
2697885,FFF,2014B,0.15,0.125,0.13636363636363635
2697921,FFF,2013J,0.1,0.08,0.08888888888888889
2697921,FFF,2014J,0.0,0.0,0.0
2698125,FFF,2013J,0.0,0.0,0.0
2698251,DDD,2014B,0.0,0.0,0.0
2698257,AAA,2013J,0.0,0.0,0.0
2698535,EEE,2013J,0.05,1.0,0.09523809523809523
2698577,BBB,2014J,0.2,0.3333333333333333,0.25
2698588,BBB,2014J,0.1,0.125,0.11111111111111112
